01:57:53.559  dlss5-bridge 1.4.13-pre8-vk-fgrelay-20261002 (built Oct  2 2026 00:27:10) attached.
01:57:53.559    host: C:\Program Files\Hypergryph Launcher\games\Endfield Game\Endfield.exe
01:57:53.559    d3d11.dll: C:\Program Files\Hypergryph Launcher\games\Endfield Game\Endfield.exe
01:57:53.559    reshade: C:\ProgramData\ReShade\ReShade64.dll
01:57:53.559    windows: Windows 11, 10.0 build 26200
01:57:53.560    files next to this add-on:
01:57:53.582      nvngx_dlssnr.dll           present  version 310.8.0.0, 165840496 bytes, 2026-09-11 22:41
01:57:53.583      nvngx_dlss.dll             present  version 310.5.2.0, 54779504 bytes, 2026-07-11 10:59
01:57:53.584    add-ons present:
01:57:53.584      dlss5-bridge.addon64         version 1.4.13.20, 706560 bytes, 2026-10-01 16:31
01:57:53.584          loaded at 00007FFA2ADC0000
01:57:53.585      renodx-dlss5.addon64         version 0.2026.926.210, 3141632 bytes, 2026-09-27 13:21
01:57:53.587          sha256 DCD93881E976AD033D83C2BB01F4BC3E4DDC59C15FE0DD4CA165BC5FC7D1AC68 -- not on this add-on's measured list, which is one machine's experience and not a compatibility statement. If its panel says active while the picture does not change, unwrap=0 in dlss5-bridge.cfg is the first thing to try.
01:57:53.588      renodx-endfield-enhancer.addon64   version 0.2026.927.2054, 4484608 bytes, 2026-10-01 13:36
01:57:53.590          sha256 3B552B839FE578DD6F1DF2ADE57FAE5086938B978C3C896C6DEAD1AAA4E2D22A -- not on this add-on's measured list, which is one machine's experience and not a compatibility statement. If its panel says active while the picture does not change, unwrap=0 in dlss5-bridge.cfg is the first thing to try.
01:57:53.591    DLSS 5 add-on settings, read from ReShade.ini [RenoDX.DLSS5]:
01:57:53.591      ConfigVersion=7
01:57:53.591      EnableHooks=1
01:57:53.591      NeuralUplift=1
01:57:53.591      NRAdaptiveExposure=1
01:57:53.591      NRAutoMask=1
01:57:53.591      NRChainedHistory=1
01:57:53.591      NRChromaClamp=1
01:57:53.592      NRCodecMode=2
01:57:53.592      NRColorStrength=1
01:57:53.592      NRCostMeter=1
01:57:53.592      NRDepthMode=0
01:57:53.592      NRDetailStability=0
01:57:53.592      NRDiffuseWhiteNits=203
01:57:53.593      NRDisableRelease=0
01:57:53.593      NRDisplayPedestal=0
01:57:53.593      NREditTrace=0
01:57:53.593      NREnableUpscaling=0
01:57:53.593      NRFeedMode=2
01:57:53.593      NRFollowInputRes=0
01:57:53.593      NRGlobalTone=2
01:57:53.594      NRGpuTimers=0
01:57:53.594      NRHookPoint=2
01:57:53.594      NRIntensity=2
01:57:53.594      NRLinearUnitNits=0
01:57:53.594      NRLocalStructure=2
01:57:53.594      NRLocalTone=1
01:57:53.594      NRLookBrighten=0.75
01:57:53.594      NRLookColour=0.5
01:57:53.595      NRLookDarken=0.75
01:57:53.595      NRLookDetail=2
01:57:53.595      NRLookDetailRadius=1
01:57:53.595      NRLookHalo=0
01:57:53.595      NRLookHaloBrightSide=0
01:57:53.595      NRLookHighlights=0.5
01:57:53.595      NRLookHue=1
01:57:53.595      NRLookMaxBrighten=0
01:57:53.596      NRLookMaxColour=0
01:57:53.596      NRLookMaxDarken=0
01:57:53.596      NRLookMidtones=1
01:57:53.596      NRLookMode=1
01:57:53.596      NRLookShadows=0.5
01:57:53.596      NRLookStabilize=0
01:57:53.596      NRLookStabilizeDetail=0
01:57:53.596      NRLookStabilizeMs=60
01:57:53.596      NRLookStrength=1.1
01:57:53.597      NRLookTone=2
01:57:53.597      NRLookUpsample=0
01:57:53.597      NRMaxWorksets=4
01:57:53.597      NRMVecScaleX=1
01:57:53.597      NRMVecScaleY=1
01:57:53.597      NRNeuralFloorGuard=1
01:57:53.597      NRNormAttackStops=4
01:57:53.597      NRNormCutAware=1
01:57:53.597      NRNormGovernor=0
01:57:53.597      NRNormReleaseStops=0.5
01:57:53.598      NRNormSlewStops=0.02
01:57:53.598      NRPaperWhiteScale=2.5375
01:57:53.598      NRPass2AutoMask=1
01:57:53.598      NRPass2Color=1
01:57:53.598      NRPass2FollowPass1=1
01:57:53.598      NRPass2Intensity=2
01:57:53.598      NRPass2LocalTone=1.5
01:57:53.598      NRPass2Skin=0
01:57:53.598      NRPass2Structure=1.25
01:57:53.599      NRPass2Style=2
01:57:53.599      NRPass2Transfer=1
01:57:53.599      NRPass2UICorrection=1
01:57:53.599      NRPass3AutoMask=0
01:57:53.599      NRPass3Color=1
01:57:53.599      NRPass3FollowPass1=0
01:57:53.599      NRPass3Intensity=2
01:57:53.599      NRPass3LocalTone=1
01:57:53.599      NRPass3Skin=-1
01:57:53.600      NRPass3Structure=1
01:57:53.600      NRPass3Style=0
01:57:53.600      NRPass3Transfer=1
01:57:53.600      NRPass3UICorrection=0
01:57:53.600      NRPass4AutoMask=0
01:57:53.600      NRPass4Color=1
01:57:53.600      NRPass4FollowPass1=0
01:57:53.600      NRPass4Intensity=2
01:57:53.600      NRPass4LocalTone=1
01:57:53.601      NRPass4Skin=-1
01:57:53.601      NRPass4Structure=1
01:57:53.601      NRPass4Style=0
01:57:53.601      NRPass4Transfer=0
01:57:53.601      NRPass4UICorrection=0
01:57:53.601      NRPasses=2
01:57:53.602      NRPQCalibration=1
01:57:53.602      NRPresentEncoding=0
01:57:53.602      NRPresentFgSource=0
01:57:53.602      NRPresentFrames=0
01:57:53.602      NRPresentGuides=0
01:57:53.602      NRPresentUICorrection=1
01:57:53.602      NRPresentWhiteNits=0
01:57:53.602      NRPreset=2
01:57:53.603      NRPreUpscale=0
01:57:53.603      NRProxyAnchor=4
01:57:53.603      NRResolutionScale=1
01:57:53.603      NRScreenshotFormat=0
01:57:53.603      NRScreenshotJpegQuality=95
01:57:53.603      NRScreenshotKey=116
01:57:53.603      NRScreenshotLayout=0
01:57:53.603      NRScreenshotMaxMB=10
01:57:53.604      NRScreenshotSource=0
01:57:53.604      NRShutdownQuiesce=1
01:57:53.604      NRSkinIndependent=1
01:57:53.604      NRSkinStructure=0
01:57:53.604      NRSourceEncoding=0
01:57:53.604      NRSourcePrimaries=0
01:57:53.604      NRStyle=2
01:57:53.604      NRStyleHighlightGuard=0
01:57:53.604      NRToggleKey=106
01:57:53.605      NRTransferMode=1
01:57:53.605      NRTransferStrength=1
01:57:53.605      NRUICorrection=1
01:57:53.605      NRWorksetFreePolicy=0
01:57:53.605      UiIssueNotice=1
01:57:53.605      UiLanguage=zh-Hans
01:57:53.605      UiMode=modern
01:57:53.606      UiWelcomed=1
01:57:53.606  [bridge] config: stage=3 mode=2 flags=-1 subrects=1 reset_every=0 pixels=0 skip_game=1 dred=1 skip_exe=1 unwrap=1 source=auto synth=0 hash_out=1 synth_after=0 mv_sign_x=0 mv_sign_y=0 ofa_grid=2 ofa_perf=20 vk_present=1 vk_sync=0
01:57:53.606  [bridge] settings read from C:\Program Files\Hypergryph Launcher\games\Endfield Game\dlss5-bridge.cfg
01:57:53.614  [bridge] the driver's route to neural rendering is closed for this process: entry 18 of the loader's feature table at 00007FFA2AD143E0 named "dlssnr" and now names nothing, which is what the previous driver had there. The DLSS 5 add-on drives that feature itself, as it did before the driver update. Nothing on disk is changed and no other feature is touched. Set ngx_loader=1 in dlss5-bridge.cfg to leave the driver's route alone.
01:57:53.614  [synth] registered for ReShade effect events at add-on API 18 (synth floor 10).
01:57:53.615  [vkmirror] colour format tables agree on 7 of 7 entries.
01:57:53.615  [vkmirror] vk_mirror=1: the Vulkan NGX entry points will be hooked and a Vulkan game's own DLSS contract mirrored onto the private D3D12 session.
01:57:53.615  [panel] status panel registered in ReShade's overlay. Asked for the ImGui 19000 function table; ReShade reports its own ImGui as 1.92.5.
01:57:53.616  NGX layer 0: C:\WINDOWS\System32\DriverStore\FileRepository\nv_dispsi.inf_amd64_b8459fc8f905f657\_nvngx.dll (base=00007FFA2AC40000)
01:57:53.617    version 32.0.16.1692
01:57:53.617    NVSDK_NGX_D3D11_CreateFeature     = 00007FFA2ACA5C60
01:57:53.617    NVSDK_NGX_D3D11_EvaluateFeature   = 00007FFA2ACA5E30
01:57:53.617    NVSDK_NGX_D3D11_EvaluateFeature_C = 0000000000000000
01:57:53.617    NVSDK_NGX_D3D11_ReleaseFeature    = 00007FFA2ACA5D30
01:57:53.617    CreateFeature    prologue: 48 89 6C 24 18 56 57 41 56 48 83 EC 40 48 
01:57:53.617    EvaluateFeature  prologue: 48 89 5C 24 08 48 89 6C 24 10 48 89 74 24 
01:57:53.955    hooked: CreateFeature=yes EvaluateFeature=yes EvaluateFeature_C=absent
01:57:53.955    hooked: D3D11 ReleaseFeature=yes
01:57:53.955    NVSDK_NGX_VULKAN_CreateFeature     = 00007FFA2AC4D230
01:57:53.955    NVSDK_NGX_VULKAN_CreateFeature1    = 00007FFA2AC4D340
01:57:53.955    NVSDK_NGX_VULKAN_EvaluateFeature   = 00007FFA2AC4D4E0
01:57:53.956    NVSDK_NGX_VULKAN_EvaluateFeature_C = 0000000000000000
01:57:53.956    NVSDK_NGX_VULKAN_ReleaseFeature    = 00007FFA2AC4D3E0
01:57:53.956    VK CreateFeature prologue: 48 89 5C 24 10 48 89 6C 24 18 48 89 74 24 
01:57:53.956    VK CreateFeature1 prologue: 48 89 6C 24 10 48 89 74 24 18 48 89 7C 24 
01:57:53.956    VK EvaluateFeature prologue: 48 89 5C 24 08 48 89 6C 24 10 48 89 74 24 
01:57:54.409    hooked: VULKAN CreateFeature=yes CreateFeature1=yes EvaluateFeature=yes EvaluateFeature_C=absent
01:57:54.409    hooked: VULKAN ReleaseFeature=yes
01:57:54.410  [nr-compat] processing unavailable: Generic add-on is not loaded (renodx-dlss5.addon64). Generic builds confirmed to work with this bridge: 8.5.0-rc10 / 已经确定可以正常使用该版本插件的Generic插件：8.5.0-rc10
01:57:54.669  [fg-relay] Import=1: the ReShade layer's vkCreateDevice at 00007FFA2B0E07A0 is hooked. Every device created from here on gets VK_KHR_external_semaphore_win32 appended to its extension list, and a driver that refuses the name gets the caller's own list retried unchanged.
01:57:54.670  qpc=4513702378137 [focus-fg] state: enabled=1 hooked=0 foreground=0 minimized=0 hwnd=0000000000000000 scope_calls=0 original_false=0 kept=0 presents=0 FG_evaluates=0
01:57:54.680  [composition-guard] capture exclusion requested: applied
01:57:55.121  qpc=4513703841893 [fg-relay] interposer hook: present=hooked
01:57:55.121  qpc=4513706882582 [fg-trace] queue discovery exports: get_queue=hooked get_queue2=hooked
01:57:55.629  NGX layer 1: C:\Program Files\Hypergryph Launcher\games\Endfield Game\nvngx_dlss.dll (base=00007FF93BB90000)
01:57:55.630    version 310.5.2.0
01:57:55.630    NVSDK_NGX_D3D11_CreateFeature     = 00007FF93BBD5160
01:57:55.630    NVSDK_NGX_D3D11_EvaluateFeature   = 00007FF93BBD52C0
01:57:55.630    NVSDK_NGX_D3D11_EvaluateFeature_C = 0000000000000000
01:57:55.630    NVSDK_NGX_D3D11_ReleaseFeature    = 00007FF93BBD5720
01:57:55.630    CreateFeature    prologue: 48 89 5C 24 08 48 89 6C 24 10 56 57 41 56 
01:57:55.631    EvaluateFeature  prologue: 48 89 5C 24 08 48 89 6C 24 10 48 89 74 24 
01:57:55.875      00007FF93BBD5720 is a thunk table entry; the hook goes to its destination 00007FF93BBD3440 so the patch does not overwrite the entries beside it.
01:57:55.994    hooked: CreateFeature=yes EvaluateFeature=yes EvaluateFeature_C=absent
01:57:55.994    hooked: D3D11 ReleaseFeature=yes
01:57:55.994    NVSDK_NGX_VULKAN_CreateFeature     = 00007FF93BC579C0
01:57:55.994    NVSDK_NGX_VULKAN_CreateFeature1    = 00007FF93BC579E0
01:57:55.994    NVSDK_NGX_VULKAN_EvaluateFeature   = 00007FF93BC579F0
01:57:55.994    NVSDK_NGX_VULKAN_EvaluateFeature_C = 0000000000000000
01:57:55.994    NVSDK_NGX_VULKAN_ReleaseFeature    = 00007FF93BC58020
01:57:55.995    VK CreateFeature prologue: 48 83 EC 38 4C 89 4C 24 20 4D 8B C8 44 8B 
01:57:55.995    VK CreateFeature1 prologue: E9 4B F1 FF FF CC CC CC CC CC CC CC CC CC  <== a thunk into its own module, not a hook
01:57:55.995        the hook jumps into C:\Program Files\Hypergryph Launcher\games\Endfield Game\nvngx_dlss.dll +0xC6B30
01:57:55.995    VK EvaluateFeature prologue: 48 89 5C 24 08 48 89 6C 24 10 48 89 74 24 
01:57:56.109      00007FF93BC579E0 is a thunk table entry; the hook goes to its destination 00007FF93BC56B30 so the patch does not overwrite the entries beside it.
01:57:56.359      00007FF93BC58020 is a thunk table entry; the hook goes to its destination 00007FF93BC56F90 so the patch does not overwrite the entries beside it.
01:57:56.489    hooked: VULKAN CreateFeature=yes CreateFeature1=yes EvaluateFeature=yes EvaluateFeature_C=absent
01:57:56.490    hooked: VULKAN ReleaseFeature=yes
01:57:56.493  [nr-compat] Generic build identified; SHA256=DCD93881E976AD033D83C2BB01F4BC3E4DDC59C15FE0DD4CA165BC5FC7D1AC68. No version/hash gate. Generic builds confirmed to work with this bridge: 8.5.0-rc10 / 已经确定可以正常使用该版本插件的Generic插件：8.5.0-rc10
01:57:56.494  [nr-compat] configuration condition recovered; normal processing may resume.
01:57:56.508  NGX layer 1 retirement finalized.
01:57:56.509    leaving nvngx_dlssg.dll untouched: Frame Generation is not an SR entry point.
01:57:56.509  NGX layer 1: C:\Program Files\Hypergryph Launcher\games\Endfield Game\nvngx_deepdvc.dll (base=00007FF9AB470000)
01:57:56.509    version 310.5.2.0
01:57:56.510    NVSDK_NGX_D3D11_CreateFeature     = 00007FF9AB490140
01:57:56.510    NVSDK_NGX_D3D11_EvaluateFeature   = 00007FF9AB490260
01:57:56.510    NVSDK_NGX_D3D11_EvaluateFeature_C = 0000000000000000
01:57:56.510    NVSDK_NGX_D3D11_ReleaseFeature    = 00007FF9AB490550
01:57:56.510    CreateFeature    prologue: 48 89 5C 24 10 48 89 6C 24 18 57 48 83 EC 
01:57:56.510    EvaluateFeature  prologue: 48 89 5C 24 08 48 89 6C 24 10 48 89 74 24 
01:57:56.765      00007FF9AB490550 is a thunk table entry; the hook goes to its destination 00007FF9AB48E9F0 so the patch does not overwrite the entries beside it.
01:57:56.889    hooked: CreateFeature=yes EvaluateFeature=yes EvaluateFeature_C=absent
01:57:56.889    hooked: D3D11 ReleaseFeature=yes
01:57:56.890    NVSDK_NGX_VULKAN_CreateFeature     = 00007FF9AB4944E0
01:57:56.890    NVSDK_NGX_VULKAN_CreateFeature1    = 00007FF9AB494500
01:57:56.890    NVSDK_NGX_VULKAN_EvaluateFeature   = 00007FF9AB494510
01:57:56.890    NVSDK_NGX_VULKAN_EvaluateFeature_C = 0000000000000000
01:57:56.890    NVSDK_NGX_VULKAN_ReleaseFeature    = 00007FF9AB494A90
01:57:56.890    VK CreateFeature prologue: 48 83 EC 38 4C 89 4C 24 20 4D 8B C8 44 8B 
01:57:56.890    VK CreateFeature1 prologue: E9 8B F2 FF FF CC CC CC CC CC CC CC CC CC  <== a thunk into its own module, not a hook
01:57:56.890        the hook jumps into C:\Program Files\Hypergryph Launcher\games\Endfield Game\nvngx_deepdvc.dll +0x23790
01:57:56.891    VK EvaluateFeature prologue: 48 89 5C 24 08 48 89 6C 24 10 48 89 74 24 
01:57:57.014      00007FF9AB494500 is a thunk table entry; the hook goes to its destination 00007FF9AB493790 so the patch does not overwrite the entries beside it.
01:57:57.253      00007FF9AB494A90 is a thunk table entry; the hook goes to its destination 00007FF9AB493B80 so the patch does not overwrite the entries beside it.
01:57:57.369    hooked: VULKAN CreateFeature=yes CreateFeature1=yes EvaluateFeature=yes EvaluateFeature_C=absent
01:57:57.370    hooked: VULKAN ReleaseFeature=yes
01:57:57.370  NGX layer 2: C:\Program Files\Hypergryph Launcher\games\Endfield Game\nvngx_dlssd.dll (base=00007FF935940000)
01:57:57.370    version 310.5.2.0
01:57:57.370    NVSDK_NGX_D3D11_CreateFeature     = 00007FF93597A930
01:57:57.370    NVSDK_NGX_D3D11_EvaluateFeature   = 00007FF93597AA90
01:57:57.371    NVSDK_NGX_D3D11_EvaluateFeature_C = 0000000000000000
01:57:57.371    NVSDK_NGX_D3D11_ReleaseFeature    = 00007FF93597AEF0
01:57:57.371    CreateFeature    prologue: 48 89 5C 24 08 48 89 6C 24 10 56 57 41 56 
01:57:57.371    EvaluateFeature  prologue: 48 89 5C 24 08 48 89 6C 24 10 48 89 74 24 
01:57:57.610      00007FF93597AEF0 is a thunk table entry; the hook goes to its destination 00007FF935978C10 so the patch does not overwrite the entries beside it.
01:57:57.729    hooked: CreateFeature=yes EvaluateFeature=yes EvaluateFeature_C=absent
01:57:57.729    hooked: D3D11 ReleaseFeature=yes
01:57:57.730    NVSDK_NGX_VULKAN_CreateFeature     = 00007FF9359FB4C0
01:57:57.730    NVSDK_NGX_VULKAN_CreateFeature1    = 00007FF9359FB4E0
01:57:57.730    NVSDK_NGX_VULKAN_EvaluateFeature   = 00007FF9359FB4F0
01:57:57.730    NVSDK_NGX_VULKAN_EvaluateFeature_C = 0000000000000000
01:57:57.730    NVSDK_NGX_VULKAN_ReleaseFeature    = 00007FF9359FBB20
01:57:57.730    VK CreateFeature prologue: 48 83 EC 38 4C 89 4C 24 20 4D 8B C8 44 8B 
01:57:57.731    VK CreateFeature1 prologue: E9 4B F1 FF FF CC CC CC CC CC CC CC CC CC  <== a thunk into its own module, not a hook
01:57:57.731        the hook jumps into C:\Program Files\Hypergryph Launcher\games\Endfield Game\nvngx_dlssd.dll +0xBA630
01:57:57.731    VK EvaluateFeature prologue: 48 89 5C 24 08 48 89 6C 24 10 48 89 74 24 
01:57:57.850      00007FF9359FB4E0 is a thunk table entry; the hook goes to its destination 00007FF9359FA630 so the patch does not overwrite the entries beside it.
01:57:58.084      00007FF9359FBB20 is a thunk table entry; the hook goes to its destination 00007FF9359FAA90 so the patch does not overwrite the entries beside it.
01:57:58.202    hooked: VULKAN CreateFeature=yes CreateFeature1=yes EvaluateFeature=yes EvaluateFeature_C=absent
01:57:58.203    hooked: VULKAN ReleaseFeature=yes
01:57:58.694  qpc=4513738962808 [fg-relay] Reflex sleep hook: slGetPluginFunction=00007FFA90C0E0E0 slReflexSleep=00007FFA90C0DE60 hooked
01:57:58.694  qpc=4513740162351 [focus-fg] SetOptions diagnostic hook ready (arguments unchanged)
01:57:58.694  qpc=4513741317171 [focus-fg] FreeResources diagnostic hook ready (arguments unchanged)
01:57:58.695  qpc=4513742611418 [focus-fg] scoped focus gate ready: return_rva=0x4c0a7 interface=00007FFA3E967FD0 method=00007FFA3E8966B0; explicit FG Off and all resource release remain native
01:57:58.740  [fg-guides] Vulkan capability device=000000002FEB00D0 instance=00000001229B5670 physical=0000000124B40680 queries=1 blit-formats=1 graphics-families=0x1. compute-families=0x5 local-types=0x12.
01:57:58.740  [fg-relay] Import=1: the device created at 000000002FEB00D0 already carried VK_KHR_external_semaphore_win32; it is recorded for the import.
01:57:58.998  NGX layer 3: C:\Program Files\Hypergryph Launcher\games\Endfield Game\nvngx_dlss.dll (base=00007FF93BB90000)
01:57:58.998    version 310.5.2.0
01:57:58.998    NVSDK_NGX_D3D11_CreateFeature     = 00007FF93BBD5160
01:57:58.999    NVSDK_NGX_D3D11_EvaluateFeature   = 00007FF93BBD52C0
01:57:58.999    NVSDK_NGX_D3D11_EvaluateFeature_C = 0000000000000000
01:57:58.999    NVSDK_NGX_D3D11_ReleaseFeature    = 00007FF93BBD5720
01:57:58.999    CreateFeature    prologue: 48 89 5C 24 08 48 89 6C 24 10 56 57 41 56 
01:57:58.999    EvaluateFeature  prologue: 48 89 5C 24 08 48 89 6C 24 10 48 89 74 24 
01:57:59.236      00007FF93BBD5720 is a thunk table entry; the hook goes to its destination 00007FF93BBD3440 so the patch does not overwrite the entries beside it.
01:57:59.358    hooked: CreateFeature=yes EvaluateFeature=yes EvaluateFeature_C=absent
01:57:59.358    hooked: D3D11 ReleaseFeature=yes
01:57:59.359    NVSDK_NGX_VULKAN_CreateFeature     = 00007FF93BC579C0
01:57:59.359    NVSDK_NGX_VULKAN_CreateFeature1    = 00007FF93BC579E0
01:57:59.359    NVSDK_NGX_VULKAN_EvaluateFeature   = 00007FF93BC579F0
01:57:59.359    NVSDK_NGX_VULKAN_EvaluateFeature_C = 0000000000000000
01:57:59.360    NVSDK_NGX_VULKAN_ReleaseFeature    = 00007FF93BC58020
01:57:59.360    VK CreateFeature prologue: 48 83 EC 38 4C 89 4C 24 20 4D 8B C8 44 8B 
01:57:59.360    VK CreateFeature1 prologue: E9 4B F1 FF FF CC CC CC CC CC CC CC CC CC  <== a thunk into its own module, not a hook
01:57:59.361        the hook jumps into C:\Program Files\Hypergryph Launcher\games\Endfield Game\nvngx_dlss.dll +0xC6B30
01:57:59.361    VK EvaluateFeature prologue: 48 89 5C 24 08 48 89 6C 24 10 48 89 74 24 
01:57:59.475      00007FF93BC579E0 is a thunk table entry; the hook goes to its destination 00007FF93BC56B30 so the patch does not overwrite the entries beside it.
01:57:59.713      00007FF93BC58020 is a thunk table entry; the hook goes to its destination 00007FF93BC56F90 so the patch does not overwrite the entries beside it.
01:57:59.831    hooked: VULKAN CreateFeature=yes CreateFeature1=yes EvaluateFeature=yes EvaluateFeature_C=absent
01:57:59.831    hooked: VULKAN ReleaseFeature=yes
01:57:59.857  NGX layer 3 retirement finalized.
01:58:01.445  [vkmirror] ReShade created an effect runtime on Vulkan. The mirror takes it.
01:58:01.570  qpc=4513771372474 [fg-trace] layer queue discovery: 00007FF9D9316D70 hooked
01:58:01.720  [fg-relay] shutdown has no relay session or GPU objects; the next runtime can open its first relay.
01:58:01.728  [vkmirror] ReShade created an effect runtime on Vulkan. The mirror takes it.
01:58:01.728  [vkmirror] a new ReShade effect runtime exists, so the mirror is armed again and rebuilds on the next evaluate.
01:58:02.010  [fg-relay] shutdown has no relay session or GPU objects; the next runtime can open its first relay.
01:58:02.018  [vkmirror] ReShade created an effect runtime on Vulkan. The mirror takes it.
01:58:02.019  [vkmirror] a new ReShade effect runtime exists, so the mirror is armed again and rebuilds on the next evaluate.
01:58:02.023  qpc=4513775908622 [focus-fg] state: enabled=1 hooked=1 foreground=1 minimized=0 hwnd=000000000AD52FA0 scope_calls=0 original_false=0 kept=0 presents=0 FG_evaluates=0
01:58:03.283  [fg-relay] shutdown has no relay session or GPU objects; the next runtime can open its first relay.
01:58:03.295  [vkmirror] ReShade created an effect runtime on Vulkan. The mirror takes it.
01:58:03.295  [vkmirror] a new ReShade effect runtime exists, so the mirror is armed again and rebuilds on the next evaluate.
01:58:03.401  NGX layer 3: C:\Program Files\Hypergryph Launcher\games\Endfield Game\nvngx_dlssnr.dll (base=00007FF8C6790000)
01:58:03.402    version 310.8.0.0
01:58:03.402    NVSDK_NGX_D3D11_CreateFeature     = 00007FF8C67A38B0
01:58:03.402    NVSDK_NGX_D3D11_EvaluateFeature   = 00007FF8C67A3B20
01:58:03.402    NVSDK_NGX_D3D11_EvaluateFeature_C = 0000000000000000
01:58:03.402    NVSDK_NGX_D3D11_ReleaseFeature    = 00007FF8C67A4190
01:58:03.402    CreateFeature    prologue: 40 53 55 56 48 81 EC 80 02 00 00 48 8B 05 
01:58:03.402    EvaluateFeature  prologue: 40 53 55 56 57 41 56 48 81 EC 60 02 00 00 
01:58:03.785    hooked: CreateFeature=yes EvaluateFeature=yes EvaluateFeature_C=absent
01:58:03.785    hooked: D3D11 ReleaseFeature=yes
01:58:03.785    NVSDK_NGX_VULKAN_CreateFeature     = 00007FF8C67B4A20
01:58:03.785    NVSDK_NGX_VULKAN_CreateFeature1    = 00007FF8C67B4B70
01:58:03.785    NVSDK_NGX_VULKAN_EvaluateFeature   = 00007FF8C67B4C80
01:58:03.785    NVSDK_NGX_VULKAN_EvaluateFeature_C = 0000000000000000
01:58:03.785    NVSDK_NGX_VULKAN_ReleaseFeature    = 00007FF8C67B5410
01:58:03.785    VK CreateFeature prologue: 40 53 55 56 57 41 56 48 81 EC 60 02 00 00 
01:58:03.785    VK CreateFeature1 prologue: 40 53 55 56 57 41 56 48 81 EC 60 02 00 00 
01:58:03.785    VK EvaluateFeature prologue: 48 89 5C 24 08 48 89 6C 24 10 48 89 74 24 
01:58:04.222    hooked: VULKAN CreateFeature=yes CreateFeature1=yes EvaluateFeature=yes EvaluateFeature_C=absent
01:58:04.222    hooked: VULKAN ReleaseFeature=yes
01:58:17.872  qpc=4513934377936 [fg-trace] vkGetDeviceQueue(layer) family=0 index=1 -> queue=000000002EBC28D0 thread=103440
01:58:17.872  qpc=4513934380438 [fg-trace] vkGetDeviceQueue(layer) family=2 index=1 -> queue=000000002EBC50D0 thread=103440
01:58:17.885  [fg-relay] shutdown has no relay session or GPU objects; the next runtime can open its first relay.
01:58:17.894  [vkmirror] ReShade created an effect runtime on Vulkan. The mirror takes it.
01:58:17.894  [vkmirror] a new ReShade effect runtime exists, so the mirror is armed again and rebuilds on the next evaluate.
01:58:17.899  === Vulkan CreateFeature1 #1  feature_id=1  VkDevice=000000002FEB00D0  thread 97876 ===
01:58:17.922  [feature-lifecycle] Vulkan created feature=1 handle=00000004FF2DEF50 generation=1 live=1
01:58:17.922  === Vulkan CreateFeature1 #1 returned 1, handle=00000004FF2DEF50 ===
01:58:17.922  [vkmirror] the game's create states 5120x2160 -> 5120x2160. That is the shape the mirror will use, in preference to the four scalars its evaluates carry.
01:58:17.922  [fg-history] native game SR Reset=1; foreground=1.
01:58:17.922  [fg-input] native Vulkan DLSS is forwarded without a mirror; the real frame is processed once at the frame-generation input.
01:58:18.044  === Vulkan CreateFeature1 #2  feature_id=18  VkDevice=000000002FEB00D0  thread 97876 ===
01:58:18.044  === Vulkan CreateFeature1 #2 returned -1160773630, handle=0000000000000000 ===
01:58:18.046  qpc=4513936120218 [fg-trace] vkGetDeviceQueue(layer) family=0 index=0 -> queue=000000002EBC14D0 thread=97876
01:58:18.046  qpc=4513936120304 [fg-trace] vkGetDeviceQueue(layer) family=2 index=0 -> queue=000000002EBC3CD0 thread=97876
01:58:18.097  [fg-relay] shutdown has no relay session or GPU objects; the next runtime can open its first relay.
01:58:18.107  [vkmirror] ReShade created an effect runtime on Vulkan. The mirror takes it.
01:58:18.107  [vkmirror] a new ReShade effect runtime exists, so the mirror is armed again and rebuilds on the next evaluate.
01:58:18.140  [fg-relay] shutdown has no relay session or GPU objects; the next runtime can open its first relay.
01:58:18.148  [vkmirror] ReShade created an effect runtime on Vulkan. The mirror takes it.
01:58:18.148  [vkmirror] a new ReShade effect runtime exists, so the mirror is armed again and rebuilds on the next evaluate.
01:58:18.208  [fg-history] native game SR Reset=0; foreground=1.
01:58:18.208  === Vulkan CreateFeature1 #3  feature_id=18  VkDevice=000000002FEB00D0  thread 97876 ===
01:58:18.208  === Vulkan CreateFeature1 #3 returned -1160773630, handle=0000000000000000 ===
01:58:18.263  [fg-relay] shutdown has no relay session or GPU objects; the next runtime can open its first relay.
01:58:18.270  [vkmirror] ReShade created an effect runtime on Vulkan. The mirror takes it.
01:58:18.271  [vkmirror] a new ReShade effect runtime exists, so the mirror is armed again and rebuilds on the next evaluate.
01:58:18.950  [fg-relay] shutdown has no relay session or GPU objects; the next runtime can open its first relay.
01:58:18.958  [vkmirror] ReShade created an effect runtime on Vulkan. The mirror takes it.
01:58:18.958  [vkmirror] a new ReShade effect runtime exists, so the mirror is armed again and rebuilds on the next evaluate.
01:58:19.212  === Vulkan CreateFeature1 #4  feature_id=18  VkDevice=000000002FEB00D0  thread 97876 ===
01:58:19.213  === Vulkan CreateFeature1 #4 returned -1160773630, handle=0000000000000000 ===
01:58:21.220  === Vulkan CreateFeature1 #5  feature_id=18  VkDevice=000000002FEB00D0  thread 97876 ===
01:58:21.220  === Vulkan CreateFeature1 #5 returned -1160773630, handle=0000000000000000 ===
01:58:22.985  qpc=4513985499936 [focus-fg] game SetOptions unchanged: readable=1 version=4 mode=0 generated=1 flags=0x8 retain_when_off=1 guides=0x0 colour=0x0 result=0x0 foreground=1 minimized=0
01:58:24.016  [feature-lifecycle] Vulkan release handle=00000004FF2DEF50 feature=1 generation=1 result=1 removed=1
01:58:30.012  qpc=4514055792997 [focus-fg] state: enabled=1 hooked=1 foreground=1 minimized=0 hwnd=000000000AD52FA0 scope_calls=0 original_false=0 kept=0 presents=492 FG_evaluates=0
01:58:33.049  [fg-relay] rate/15.0s p2 import_opt=1: presents=43.8/s present-gate[point=43.8 ready=0.0 fallback=0.0 inactive=0.0]/s noinfo=0.0/s stale=0.0/s unlearned=0.0/s attempts=0.0/s armed=0.0/s skipped=0.0/s busy=0.0/s arm-reject[state=0.0 request=0.0 refused=0.0 stopping=0.0 res=0.0 size=0.0]/s pool[cap=0.0 family=0.0 create=0.0 alloc=0.0]/s copy-drop[fence=0.0 reset=0.0 begin=0.0 end=0.0 submit=0.0]/s cf[seq=0.0/s idle=0.0/s nrfence=0.0/s] slotbusy=0.0/s copyfence-busy=0.0/s nr-gpuwait=0.0/s flips=0.0/s
01:58:33.050  [fg-relay] rate2: fginput eval=0.0/s index!=1=0.0/s eval-gate[off=0.0 fallback=0.0 notready=0.0 noinput=0.0 noqueue=0.0]/s relay eval=0.0/s consume=0.0/s inplace=0.0/s(ok 0.0/s) unarmed=0.0/s mismatch=0.0/s relbusy=0.0/s relok=0.0/s relfail=0.0/s release-stage[queue=0.0 pool=0.0 fence=0.0 reset=0.0 begin=0.0 end=0.0 submit=0.0]/s watchdog=0.0/s | worker plays=0.0/s ok=0.0/s fail=0.0/s nr_absent=0.0/s copyfail=0.0/s
01:58:33.050  [fg-relay] rate3: arm->arm avg=0.00ms max=0.00ms n=0 | arm->work avg=0.00ms max=0.00ms | arm->eval avg=0.00ms max=0.00ms | copywait avg=0.000ms max=0.000ms | copy-land<= avg=0.00ms max=0.00ms | work avg=0.00ms max=0.00ms | totals armed=0 unarmed=0 skipped=0 busy=0 mismatch=0 copies_failed=0 writes=0 conflicts=0
01:58:33.050  [fg-relay] rate4: throttle depth=1 off=0 | sleep calls=43.8/s waits=0.0/s clear=0.0/s timeouts=0.0/s avg=0.00ms | present calls=43.8/s waits=0.0/s clear=0.0/s timeouts=0.0/s avg=0.00ms | max=0.00ms (process)
01:58:35.346  === Vulkan CreateFeature1 #6  feature_id=1  VkDevice=000000002FEB00D0  thread 97876 ===
01:58:35.365  [feature-lifecycle] Vulkan created feature=1 handle=0000002625648E50 generation=2 live=1
01:58:35.365  === Vulkan CreateFeature1 #6 returned 1, handle=0000002625648E50 ===
01:58:35.366  [fg-history] native game SR Reset=1; foreground=1.
01:58:35.367  === Vulkan CreateFeature1 #7  feature_id=18  VkDevice=000000002FEB00D0  thread 97876 ===
01:58:35.367  === Vulkan CreateFeature1 #7 returned -1160773630, handle=0000000000000000 ===
01:58:35.369  === Vulkan CreateFeature1 #8  feature_id=11  VkDevice=000000002FEB00D0  thread 97876 ===
01:58:35.370  qpc=4514109354213 [focus-fg] game SetOptions unchanged: readable=1 version=4 mode=1 generated=3 flags=0x0 retain_when_off=0 guides=0x0 colour=0x0 result=0x0 foreground=1 minimized=0
01:58:35.523  [feature-lifecycle] Vulkan created feature=11 handle=0000002708632F40 generation=3 live=2
01:58:35.523  === Vulkan CreateFeature1 #8 returned 1, handle=0000002708632F40 ===
01:58:35.544  [fg-history] native game SR Reset=0; foreground=1.
01:58:35.545  === Vulkan CreateFeature1 #9  feature_id=18  VkDevice=000000002FEB00D0  thread 97876 ===
01:58:35.545  === Vulkan CreateFeature1 #9 returned -1160773630, handle=0000000000000000 ===
01:58:35.779  [present-adapter] enabled, idle. Awaiting a new request token; existing requests are ignored.
01:58:35.779  [fg-input] AutoRun: continuous NR at the frame-generation input; a request with frames=0 stops it. pipeline=serial park
01:58:35.780  
01:58:35.780  ################ synth: opening on this add-on's own D3D12 device ################
01:58:35.786  [bridge] D3D12 device created at feature level 12_1.
01:58:35.786  [bridge] the D3D12 device came back wrapped by ReShade: 00000004F1DF8470 over 0000000161EC5F90. NGX is given the unwrapped one, so no other add-on is handed D3D12 objects it never asked for.
01:58:35.786  [bridge] add-ons loaded at this point, with their bases:
01:58:35.787  [bridge]   dlss5-bridge.addon64 at 00007FFA2ADC0000
01:58:35.787  [bridge]   renodx-dlss5.addon64 at 00007FFA2A750000
01:58:35.787  [bridge]   renodx-endfield-enhancer.addon64 at 00007FFA16AB0000
01:58:35.818  [synth] this add-on's own D3D12 device is 0000000161EC5F90 and its graphics queue is 0000002691160370
01:58:35.819  [bridge] NGX D3D12 entry points taken from C:\WINDOWS\System32\DriverStore\FileRepository\nv_dispsi.inf_amd64_b8459fc8f905f657\_nvngx.dll
01:58:35.819  [synth] NGX data path: C:\Program Files\Hypergryph Launcher\games\Endfield Game\
01:58:35.960  [composition-guard] shown at 3840,0 alpha=1
01:58:36.029  NGX layer 4: C:\Program Files\Hypergryph Launcher\games\Endfield Game\nvngx_dlss.dll (base=00007FF8F7500000)
01:58:36.029    version 310.5.2.0
01:58:36.029    NVSDK_NGX_D3D11_CreateFeature     = 00007FF8F7545160
01:58:36.029    NVSDK_NGX_D3D11_EvaluateFeature   = 00007FF8F75452C0
01:58:36.029    NVSDK_NGX_D3D11_EvaluateFeature_C = 0000000000000000
01:58:36.030    NVSDK_NGX_D3D11_ReleaseFeature    = 00007FF8F7545720
01:58:36.030    CreateFeature    prologue: 48 89 5C 24 08 48 89 6C 24 10 56 57 41 56 
01:58:36.030    EvaluateFeature  prologue: 48 89 5C 24 08 48 89 6C 24 10 48 89 74 24 
01:58:36.279      00007FF8F7545720 is a thunk table entry; the hook goes to its destination 00007FF8F7543440 so the patch does not overwrite the entries beside it.
01:58:36.401    hooked: CreateFeature=yes EvaluateFeature=yes EvaluateFeature_C=absent
01:58:36.401    hooked: D3D11 ReleaseFeature=yes
01:58:36.402    NVSDK_NGX_VULKAN_CreateFeature     = 00007FF8F75C79C0
01:58:36.402    NVSDK_NGX_VULKAN_CreateFeature1    = 00007FF8F75C79E0
01:58:36.402    NVSDK_NGX_VULKAN_EvaluateFeature   = 00007FF8F75C79F0
01:58:36.402    NVSDK_NGX_VULKAN_EvaluateFeature_C = 0000000000000000
01:58:36.402    NVSDK_NGX_VULKAN_ReleaseFeature    = 00007FF8F75C8020
01:58:36.402    VK CreateFeature prologue: 48 83 EC 38 4C 89 4C 24 20 4D 8B C8 44 8B 
01:58:36.402    VK CreateFeature1 prologue: E9 4B F1 FF FF CC CC CC CC CC CC CC CC CC  <== a thunk into its own module, not a hook
01:58:36.402        the hook jumps into C:\Program Files\Hypergryph Launcher\games\Endfield Game\nvngx_dlss.dll +0xC6B30
01:58:36.403    VK EvaluateFeature prologue: 48 89 5C 24 08 48 89 6C 24 10 48 89 74 24 
01:58:36.525      00007FF8F75C79E0 is a thunk table entry; the hook goes to its destination 00007FF8F75C6B30 so the patch does not overwrite the entries beside it.
01:58:36.808      00007FF8F75C8020 is a thunk table entry; the hook goes to its destination 00007FF8F75C6F90 so the patch does not overwrite the entries beside it.
01:58:36.847  [synth] Init_Ext(version=0x13) -> ok
01:58:36.847  [synth] D3D12 session ready on this add-on's own D3D12 device. The frame does not start on this device, so every texture NGX reads is created shareable here and imported by the API the game renders with.
01:58:36.848  [synth] Vulkan side ready: VkDevice 000000002FEB00D0, VK_KHR_external_memory_win32 enabled, VK_KHR_push_descriptor enabled, 23 entry points resolved out of vulkan-1.dll with no import of it.
01:58:36.848  [fg-colour] active=5120x2160 HUD-less texture=5120x2160 origin=0,0 backbuffer texture=5120x2160 origin=0,0; outside pixels preserved.
01:58:36.848  [fg-input] building the private feature and its Vulkan import for 5120x2160 R8G8B8A8_UNORM
01:58:36.856  [bridge] shader compiler: C:\Program Files\Hypergryph Launcher\games\Endfield Game\d3dcompiler_47.dll
01:58:36.864  [bridge] sRGB conversion ready: R8G8B8A8_UNORM -> linear BT.709 (normalized SDR) -> original encoding.
01:58:36.865  [synth] colour in R8G8B8A8_UNORM, output R8G8B8A8_UNORM -- the frame is copied into the first and the result is copied back out of the second, because NGX reads one as a shader resource and writes the other through a UAV in the same call.
01:58:36.865  [synth]   Color  fmt 28 5120x2160 flags=0x20: sample yes, typed UAV yes, UAV load yes, UAV store yes
01:58:36.865  [synth]   Output fmt 28 5120x2160 flags=0x24: sample yes, typed UAV yes, UAV load yes, UAV store yes
01:58:36.865  [synth]   Depth  fmt 41 5120x2160 flags=0x20: sample yes, typed UAV yes, UAV load yes, UAV store yes
01:58:36.865  [synth]   MV     fmt 34 5120x2160 flags=0x20: sample yes, typed UAV yes, UAV load yes, UAV store yes
01:58:36.865  [bridge] the synthetic contract's create flags 8: DepthInverted
01:58:36.938    hooked: VULKAN CreateFeature=yes CreateFeature1=yes EvaluateFeature=yes EvaluateFeature_C=absent
01:58:36.939    hooked: VULKAN ReleaseFeature=yes
01:58:36.968  [synth] feature ready on this add-on's own D3D12 device: 5120x2160 -> 5120x2160 handle=00000028D865D690
01:58:36.969  [synth] imported memory: the image allows types 0x00000003, the imported handle allows 0x00000002 (query returned 0), and the lowest of the two together is taken, index 1. UNVERIFIED on AMD and on Intel -- if the import fails or the picture is wrong on one of those, this line is the first thing to compare.
01:58:36.969  [synth] 5 D3D12 textures imported into the game's VkDevice -- the four slots, and the pipeline's second Output -- and a 44236800-byte buffer made for the depth aspect to travel through.
01:58:36.970  [present-adapter] NGX evaluate module: _nvngx.dll internal=nvngx.dll product=NGX.
01:58:36.970  [present-adapter] NGX evaluate module: 160_E658700.bin internal=DLSS product=NVIDIA Deep Learning SuperSampling.
01:58:36.971  [present-adapter] NGX evaluate module: nvngx_dlssg.dll internal=DLSS-G product=NVIDIA DLSS-G MFGLW.
01:58:36.971  [present-adapter] NGX evaluate module: nvngx_deepdvc.dll internal=DEEPDVC product=NVIDIA DEEPDVC.
01:58:36.971  [present-adapter] NGX evaluate module: nvngx_dlssd.dll internal=DLSS product=NVIDIA DLSS Ray Reconstruction.
01:58:36.972  [present-adapter] NGX evaluate module: nvngx_dlssnr.dll internal=DLSSNR product=NVIDIA DLSSNR.
01:58:37.082  [present-adapter] private SR carrier copy ready on 160_E658700.bin; external SR calls remain tail-forwarded.
01:58:37.196  [present-adapter] NR entry witness ready (tail-forward, CPU observation only).
01:58:37.201  [fg-input] ready: HUD-less -> linear sRGB carrier -> Generic NR -> UI-preserving composite; FG interpolates processed frames. guides: mv=game (scale 5120.000,2160.000) depth=game inverted=1
01:58:37.201  [fg-history] FG Reset burst starts; contract_changed=1 bridge_pending=1 foreground=1.
01:58:37.202  [fg-guides] output=5120x2160 depth=5120x2160 rect=0,0+5120x2160 mv=5120x2160 rect=0,0+5120x2160 mv-scale=5120,2160 carrier-scale=5120,2160 jitter=0.4375,-0.388889 jittered=0 inverted=1 reset=1 gpu-nearest=0/0.
01:58:37.206  === Vulkan CreateFeature1 #10  feature_id=18  VkDevice=000000002FEB00D0  thread 97876 ===
01:58:37.206  === Vulkan CreateFeature1 #10 returned -1160773630, handle=0000000000000000 ===
01:58:37.206  [fg-census] evaluate observed: MultiFrameIndex=2 thread=17844
01:58:37.207  [fg-census] pass 1 begins: 131 keys, types tried u/i/f/d/ull/ptr.
01:58:37.207  [fg-census] DLSSG.AutomodeOverrideReset u=0 i=0 f=0 d=0 ull=0
01:58:37.207  [fg-census] DLSSG.Backbuffer ptr=0000002708B38968
01:58:37.207  [fg-census] DLSSG.BackbufferFormat u=37 i=37 f=37 d=37 ull=37
01:58:37.207  [fg-census] DLSSG.BackbufferFrameID ptr=00000000000002CA
01:58:37.207  [fg-census] DLSSG.BackbufferSubrectBaseX u=0 i=0 f=0 d=0 ull=0
01:58:37.208  [fg-census] DLSSG.BackbufferSubrectBaseY u=0 i=0 f=0 d=0 ull=0
01:58:37.208  [fg-census] DLSSG.BackbufferSubrectHeight u=2160 i=2160 f=2160 d=2160 ull=2160
01:58:37.208  [fg-census] DLSSG.BackbufferSubrectWidth u=5120 i=5120 f=5120 d=5120 ull=5120
01:58:37.208  [fg-census] DLSSG.BidirectionalDistortionField ptr=0000000000000000
01:58:37.208  [fg-census] DLSSG.BidirectionalDistortionFieldLowPrecision.Bias u=0 i=0 f=0 d=0 ull=0
01:58:37.208  [fg-census] DLSSG.BidirectionalDistortionFieldLowPrecision.IsLowPrecision u=0 i=0 f=0 d=0 ull=0
01:58:37.208  [fg-census] DLSSG.BidirectionalDistortionFieldLowPrecision.Scale u=1 i=1 f=1 d=1 ull=1
01:58:37.208  [fg-census] DLSSG.BidirectionalDistortionFieldSubrectBaseX u=0 i=0 f=0 d=0 ull=0
01:58:37.209  [fg-census] DLSSG.BidirectionalDistortionFieldSubrectBaseY u=0 i=0 f=0 d=0 ull=0
01:58:37.209  [fg-census] DLSSG.BidirectionalDistortionFieldSubrectHeight u=0 i=0 f=0 d=0 ull=0
01:58:37.209  [fg-census] DLSSG.BidirectionalDistortionFieldSubrectWidth u=0 i=0 f=0 d=0 ull=0
01:58:37.209  [fg-census] DLSSG.CameraAspectRatio u=2 i=2 f=2.37037 d=2.37037039 ull=2
01:58:37.209  [fg-census] DLSSG.CameraFOV u=1 i=1 f=1.0472 d=1.04719758 ull=1
01:58:37.209  [fg-census] DLSSG.CameraFar u=10000 i=10000 f=10000 d=10000 ull=10000
01:58:37.210  [fg-census] DLSSG.CameraFwdX u=0 i=0 f=-0.91961 d=-0.919610202 ull=0
01:58:37.210  [fg-census] DLSSG.CameraFwdY u=0 i=0 f=-0.0685419 d=-0.0685418993 ull=0
01:58:37.210  [fg-census] DLSSG.CameraFwdZ u=0 i=0 f=0.386806 d=0.386806428 ull=0
01:58:37.210  [fg-census] DLSSG.CameraMotionIncluded u=1 i=1 f=1 d=1 ull=1
01:58:37.210  [fg-census] DLSSG.CameraNear u=0 i=0 f=0.1 d=0.100000001 ull=0
01:58:37.210  [fg-census] DLSSG.CameraPinholeOffsetX u=0 i=0 f=0 d=0 ull=0
01:58:37.210  [fg-census] DLSSG.CameraPinholeOffsetY u=0 i=0 f=0 d=0 ull=0
01:58:37.211  [fg-census] DLSSG.CameraPosX u=0 i=0 f=4.76837e-07 d=4.76837158e-07 ull=0
01:58:37.211  [fg-census] DLSSG.CameraPosY u=4294967295 i=-1 f=-1.37852 d=-1.37852454 ull=18446744073709551615
01:58:37.211  [fg-census] DLSSG.CameraPosZ u=4294967293 i=-3 f=-3.86705 d=-3.86705446 ull=18446744073709551613
01:58:37.211  [fg-census] DLSSG.CameraRightX u=0 i=0 f=0.392832 d=0.392832279 ull=0
01:58:37.211  [fg-census] DLSSG.CameraRightY u=0 i=0 f=-0.160455 d=-0.160454705 ull=0
01:58:37.211  [fg-census] DLSSG.CameraRightZ u=0 i=0 f=0.905504 d=0.905503809 ull=0
01:58:37.211  [fg-census] DLSSG.CameraUpX u=0 i=0 f=-1.49012e-08 d=-1.49011612e-08 ull=0
01:58:37.211  [fg-input] frame=1 5120x2160 vkfmt=37 mode=NR pipeline=serial nr_entries=0 sr_entries=1 sr_copies=1 ok=1 busy_skips=0 token=1.
01:58:37.211  [fg-census] DLSSG.CameraUpY u=0 i=0 f=0.984661 d=0.984660506 ull=0
01:58:37.212  [fg-census] DLSSG.CameraUpZ u=0 i=0 f=0.174481 d=0.174481243 ull=0
01:58:37.212  [fg-census] DLSSG.CameraViewToClip ptr=0000002708B38BB8 m=[0.7307 0 0 0 | 0 1.732 0 0 | 0 0 9.954e-06 -1 | 0 0 0.1 0]
01:58:37.212  [fg-census] DLSSG.ClipToCameraView ptr=0000002708B38BF8 m=[1.369 -0 -0 0 | 0 -0.5774 -0 0 | 0 -0 -0 10 | 0 -0 -1 9.954e-05]
01:58:37.212  [fg-census] DLSSG.ClipToLensClip ptr=0000002708B38C38 m=[1 0 0 0 | 0 1 0 0 | 0 0 1 0 | 0 0 0 1]
01:58:37.212  [fg-census] DLSSG.ClipToPrevClip ptr=0000002708B38C78 m=[1 4.47e-08 0 0 | -3.725e-09 1 1.847e-13 -1.583e-08 | 1.577e-06 1.907e-06 1 0 | 3.468e-11 1.164e-10 -9.095e-13 1]
01:58:37.212  [fg-census] DLSSG.CmdAlloc ptr=00000000423037D0
01:58:37.213  [fg-census] DLSSG.CmdQueue ptr=000000002EBC3CD0
01:58:37.213  [fg-census] DLSSG.ColorBuffersHDR u=0 i=0 f=0 d=0 ull=0
01:58:37.213  [fg-census] DLSSG.Depth ptr=0000002708B38848
01:58:37.213  [fg-census] DLSSG.DepthInverted u=1 i=1 f=1 d=1 ull=1
01:58:37.213  [fg-census] DLSSG.DepthSubrectBaseX u=0 i=0 f=0 d=0 ull=0
01:58:37.213  [fg-census] DLSSG.DepthSubrectBaseY u=0 i=0 f=0 d=0 ull=0
01:58:37.213  [fg-census] DLSSG.DepthSubrectHeight u=2160 i=2160 f=2160 d=2160 ull=2160
01:58:37.214  [fg-census] DLSSG.DepthSubrectWidth u=5120 i=5120 f=5120 d=5120 ull=5120
01:58:37.214  [fg-census] DLSSG.Dynamic.ReflexDriven u=0 i=0 f=0 d=0 ull=0
01:58:37.214  [fg-census] DLSSG.DynamicMaxFrameCount u=3 i=3 f=3 d=3 ull=3
01:58:37.214  [fg-census] DLSSG.DynamicResolution u=0 i=0 f=0 d=0 ull=0
01:58:37.214  [fg-census] DLSSG.EnableInterp u=1 i=1 f=1 d=1 ull=1
01:58:37.214  [fg-census] DLSSG.EstimateVRAMCallback ptr=00007FF94A0E8E60
01:58:37.214  [fg-census] DLSSG.EvalFlags u=0 i=0 f=0 d=0 ull=0
01:58:37.214  [fg-census] DLSSG.FenceEvent ptr=0000000000000000
01:58:37.214  [fg-census] DLSSG.FlipMetering u=0 i=0 f=0 d=0 ull=0
01:58:37.215  [fg-census] DLSSG.HUDLess ptr=0000002708B389C8
01:58:37.215  [fg-census] DLSSG.HUDLessSubrectBaseX u=0 i=0 f=0 d=0 ull=0
01:58:37.215  [fg-census] DLSSG.HUDLessSubrectBaseY u=0 i=0 f=0 d=0 ull=0
01:58:37.216  [fg-census] DLSSG.HUDLessSubrectHeight u=2160 i=2160 f=2160 d=2160 ull=2160
01:58:37.216  [fg-census] DLSSG.HUDLessSubrectWidth u=5120 i=5120 f=5120 d=5120 ull=5120
01:58:37.216  [fg-census] DLSSG.Height u=2160 i=2160 f=2160 d=2160 ull=2160
01:58:37.216  [fg-census] DLSSG.InternalHeight u=0 i=0 f=0 d=0 ull=0
01:58:37.216  [fg-census] DLSSG.InternalWidth u=0 i=0 f=0 d=0 ull=0
01:58:37.216  [fg-census] DLSSG.IsRecording u=1 i=1 f=1 d=1 ull=1
01:58:37.216  [fg-census] DLSSG.JitterOffsetX u=0 i=0 f=0.4375 d=0.4375 ull=0
01:58:37.216  [fg-census] DLSSG.JitterOffsetY u=0 i=0 f=-0.388889 d=-0.388888896 ull=0
01:58:37.216  [fg-census] DLSSG.MVecs ptr=0000002708B388A8
01:58:37.217  [fg-census] DLSSG.MVecsSubrectBaseX u=0 i=0 f=0 d=0 ull=0
01:58:37.217  [fg-census] DLSSG.MVecsSubrectBaseY u=0 i=0 f=0 d=0 ull=0
01:58:37.217  [fg-census] DLSSG.MVecsSubrectHeight u=2160 i=2160 f=2160 d=2160 ull=2160
01:58:37.217  [fg-census] DLSSG.MVecsSubrectWidth u=5120 i=5120 f=5120 d=5120 ull=5120
01:58:37.217  [fg-census] DLSSG.MenuDetectionEnabled u=0 i=0 f=0 d=0 ull=0
01:58:37.217  [fg-census] DLSSG.MinRelativeLinearDepthObjectSeparation u=40 i=40 f=40 d=40 ull=40
01:58:37.217  [fg-census] DLSSG.MultiFrameCount u=3 i=3 f=3 d=3 ull=3
01:58:37.218  [fg-census] DLSSG.MultiFrameCountMax u=3 i=3 f=3 d=3 ull=3
01:58:37.218  [fg-census] DLSSG.MultiFrameIndex u=2 i=2 f=2 d=2 ull=2
01:58:37.218  [fg-census] DLSSG.MvecDilated u=0 i=0 f=0 d=0 ull=0
01:58:37.218  [fg-census] DLSSG.MvecInvalidValue u=0 i=-2147483648 f=3.40282e+38 d=3.40282347e+38 ull=9223372036854775808
01:58:37.218  [fg-census] DLSSG.MvecJittered u=0 i=0 f=0 d=0 ull=0
01:58:37.218  [fg-census] DLSSG.MvecScaleX u=5120 i=5120 f=5120 d=5120 ull=5120
01:58:37.218  [fg-census] DLSSG.MvecScaleY u=2160 i=2160 f=2160 d=2160 ull=2160
01:58:37.218  [fg-census] DLSSG.NoWarp ptr=0000000000000000
01:58:37.218  [fg-census] DLSSG.NoWarpSubrectBaseX u=0 i=0 f=0 d=0 ull=0
01:58:37.219  [fg-census] DLSSG.NoWarpSubrectBaseY u=0 i=0 f=0 d=0 ull=0
01:58:37.219  [fg-census] DLSSG.NoWarpSubrectHeight u=0 i=0 f=0 d=0 ull=0
01:58:37.219  [fg-census] DLSSG.NoWarpSubrectWidth u=0 i=0 f=0 d=0 ull=0
01:58:37.219  [fg-census] DLSSG.NotRenderingGameFrames u=0 i=0 f=0 d=0 ull=0
01:58:37.219  [fg-census] DLSSG.NvAppOvrAppliedVal.MultiFrameCount u=3 i=3 f=3 d=3 ull=3
01:58:37.219  [fg-census] DLSSG.NvAppOvrAppliedVal.StreamlineMode u=1 i=1 f=1 d=1 ull=1
01:58:37.219  [fg-census] DLSSG.OrthoProjection u=0 i=0 f=0 d=0 ull=0
01:58:37.219  [fg-census] DLSSG.OutputDisableInterpolation ptr=0000002708B38B48
01:58:37.220  [fg-census] DLSSG.OutputInterpolated ptr=000000262553DA48
01:58:37.220  [fg-census] DLSSG.OutputReal ptr=0000000000000000
01:58:37.220  [fg-census] DLSSG.PrevClipToClip ptr=0000002708B38CB8 m=[1 -4.47e-08 8.259e-21 -7.078e-16 | 3.725e-09 1 -1.847e-13 1.583e-08 | -1.577e-06 -1.907e-06 1 -3.02e-14 | -3.468e-11 -1.164e-10 9.095e-13 1]
01:58:37.220  [fg-census] DLSSG.QueueSubmitCallback ptr=0000000000000000
01:58:37.220  [fg-census] DLSSG.QueueSubmitCallbackData ptr=0000000000000000
01:58:37.220  [fg-census] DLSSG.RefreshRate u=119 i=119 f=119.996 d=119.996002 ull=119
01:58:37.220  [fg-census] DLSSG.Reset u=1 i=1 f=1 d=1 ull=1
01:58:37.220  [fg-census] DLSSG.StreamlineMode u=1 i=1 f=1 d=1 ull=1
01:58:37.220  [fg-census] DLSSG.StreamlineVersionTag ptr=00007FFA9095CB50
01:58:37.220  [fg-census] DLSSG.SyncFlushCallback ptr=0000000000000000
01:58:37.221  [fg-census] DLSSG.SyncFlushCallbackData ptr=0000000000000000
01:58:37.221  [fg-census] DLSSG.SyncSignalCallback ptr=0000000000000000
01:58:37.221  [fg-census] DLSSG.SyncSignalCallbackData ptr=0000000000000000
01:58:37.221  [fg-census] DLSSG.SyncSignalOnlyCallback ptr=0000000000000000
01:58:37.221  [fg-census] DLSSG.SyncSignalOnlyCallbackData ptr=0000000000000000
01:58:37.221  [fg-census] DLSSG.SyncWaitCallback ptr=0000000000000000
01:58:37.221  [fg-census] DLSSG.SyncWaitCallbackData ptr=0000000000000000
01:58:37.221  [fg-census] DLSSG.SyncWaitOnlyCallback ptr=0000000000000000
01:58:37.222  [fg-census] DLSSG.SyncWaitOnlyCallbackData ptr=0000000000000000
01:58:37.222  [fg-census] DLSSG.TargetFrameRate u=119 i=119 f=119.996 d=119.996002 ull=119
01:58:37.222  [fg-census] DLSSG.UI ptr=0000000000000000
01:58:37.222  [fg-census] DLSSG.UIAlpha ptr=0000000000000000
01:58:37.222  [fg-census] DLSSG.UIAlphaSubrectBaseX u=0 i=0 f=0 d=0 ull=0
01:58:37.222  [fg-census] DLSSG.UIAlphaSubrectBaseY u=0 i=0 f=0 d=0 ull=0
01:58:37.222  [fg-census] DLSSG.UIAlphaSubrectHeight u=0 i=0 f=0 d=0 ull=0
01:58:37.222  [fg-census] DLSSG.UIAlphaSubrectWidth u=0 i=0 f=0 d=0 ull=0
01:58:37.222  [fg-census] DLSSG.UISubrectBaseX u=0 i=0 f=0 d=0 ull=0
01:58:37.222  [fg-census] DLSSG.UISubrectBaseY u=0 i=0 f=0 d=0 ull=0
01:58:37.222  [fg-census] DLSSG.UISubrectHeight u=0 i=0 f=0 d=0 ull=0
01:58:37.222  [fg-census] DLSSG.UISubrectWidth u=0 i=0 f=0 d=0 ull=0
01:58:37.222  [fg-census] DLSSG.UserInterfaceRecompositionEnabled u=0 i=0 f=0 d=0 ull=0
01:58:37.223  [fg-census] DLSSG.VSyncDriverRequested u=1 i=1 f=1 d=1 ull=1
01:58:37.223  [fg-census] DLSSG.VSyncOn u=0 i=0 f=0 d=0 ull=0
01:58:37.223  [fg-census] DLSSG.VSyncSupported u=0 i=0 f=0 d=0 ull=0
01:58:37.223  [fg-census] DLSSG.VkOFAModeRequest u=1 i=1 f=1 d=1 ull=1
01:58:37.224  [fg-census] DLSSG.Width u=5120 i=5120 f=5120 d=5120 ull=5120
01:58:37.224  [fg-census] DLSSG.run_lowres_mvec_pass u=1 i=1 f=1 d=1 ull=1
01:58:37.224  [fg-census] pass 1 ends.
01:58:37.224  [fg-census] evaluate observed: MultiFrameIndex=3 thread=17844
01:58:37.224  [fg-census] pass 2 begins: 131 keys, types tried u/i/f/d/ull/ptr.
01:58:37.225  [fg-census] DLSSG.AutomodeOverrideReset u=0 i=0 f=0 d=0 ull=0
01:58:37.225  [fg-census] DLSSG.Backbuffer ptr=0000002708B38968
01:58:37.225  [fg-census] DLSSG.BackbufferFormat u=37 i=37 f=37 d=37 ull=37
01:58:37.225  [fg-census] DLSSG.BackbufferFrameID ptr=00000000000002CA
01:58:37.225  [fg-census] DLSSG.BackbufferSubrectBaseX u=0 i=0 f=0 d=0 ull=0
01:58:37.225  [fg-census] DLSSG.BackbufferSubrectBaseY u=0 i=0 f=0 d=0 ull=0
01:58:37.226  [fg-census] DLSSG.BackbufferSubrectHeight u=2160 i=2160 f=2160 d=2160 ull=2160
01:58:37.226  [fg-census] DLSSG.BackbufferSubrectWidth u=5120 i=5120 f=5120 d=5120 ull=5120
01:58:37.226  [fg-census] DLSSG.BidirectionalDistortionField ptr=0000000000000000
01:58:37.226  [fg-census] DLSSG.BidirectionalDistortionFieldLowPrecision.Bias u=0 i=0 f=0 d=0 ull=0
01:58:37.226  [fg-census] DLSSG.BidirectionalDistortionFieldLowPrecision.IsLowPrecision u=0 i=0 f=0 d=0 ull=0
01:58:37.226  [fg-census] DLSSG.BidirectionalDistortionFieldLowPrecision.Scale u=1 i=1 f=1 d=1 ull=1
01:58:37.227  [fg-census] DLSSG.BidirectionalDistortionFieldSubrectBaseX u=0 i=0 f=0 d=0 ull=0
01:58:37.227  [fg-census] DLSSG.BidirectionalDistortionFieldSubrectBaseY u=0 i=0 f=0 d=0 ull=0
01:58:37.227  [fg-census] DLSSG.BidirectionalDistortionFieldSubrectHeight u=0 i=0 f=0 d=0 ull=0
01:58:37.227  [fg-census] DLSSG.BidirectionalDistortionFieldSubrectWidth u=0 i=0 f=0 d=0 ull=0
01:58:37.227  [fg-census] DLSSG.CameraAspectRatio u=2 i=2 f=2.37037 d=2.37037039 ull=2
01:58:37.227  [fg-census] DLSSG.CameraFOV u=1 i=1 f=1.0472 d=1.04719758 ull=1
01:58:37.227  [fg-census] DLSSG.CameraFar u=10000 i=10000 f=10000 d=10000 ull=10000
01:58:37.227  [fg-census] DLSSG.CameraFwdX u=0 i=0 f=-0.91961 d=-0.919610202 ull=0
01:58:37.227  [fg-census] DLSSG.CameraFwdY u=0 i=0 f=-0.0685419 d=-0.0685418993 ull=0
01:58:37.228  [fg-census] DLSSG.CameraFwdZ u=0 i=0 f=0.386806 d=0.386806428 ull=0
01:58:37.228  [fg-census] DLSSG.CameraMotionIncluded u=1 i=1 f=1 d=1 ull=1
01:58:37.228  [fg-census] DLSSG.CameraNear u=0 i=0 f=0.1 d=0.100000001 ull=0
01:58:37.228  [fg-census] DLSSG.CameraPinholeOffsetX u=0 i=0 f=0 d=0 ull=0
01:58:37.228  [fg-census] DLSSG.CameraPinholeOffsetY u=0 i=0 f=0 d=0 ull=0
01:58:37.228  [fg-census] DLSSG.CameraPosX u=0 i=0 f=4.76837e-07 d=4.76837158e-07 ull=0
01:58:37.228  [fg-census] DLSSG.CameraPosY u=4294967295 i=-1 f=-1.37852 d=-1.37852454 ull=18446744073709551615
01:58:37.228  [fg-census] DLSSG.CameraPosZ u=4294967293 i=-3 f=-3.86705 d=-3.86705446 ull=18446744073709551613
01:58:37.229  [fg-census] DLSSG.CameraRightX u=0 i=0 f=0.392832 d=0.392832279 ull=0
01:58:37.229  [fg-census] DLSSG.CameraRightY u=0 i=0 f=-0.160455 d=-0.160454705 ull=0
01:58:37.229  [fg-census] DLSSG.CameraRightZ u=0 i=0 f=0.905504 d=0.905503809 ull=0
01:58:37.229  [fg-census] DLSSG.CameraUpX u=0 i=0 f=-1.49012e-08 d=-1.49011612e-08 ull=0
01:58:37.229  [fg-census] DLSSG.CameraUpY u=0 i=0 f=0.984661 d=0.984660506 ull=0
01:58:37.229  [fg-census] DLSSG.CameraUpZ u=0 i=0 f=0.174481 d=0.174481243 ull=0
01:58:37.229  [fg-census] DLSSG.CameraViewToClip ptr=0000002708B38BB8 m=[0.7307 0 0 0 | 0 1.732 0 0 | 0 0 9.954e-06 -1 | 0 0 0.1 0]
01:58:37.229  [fg-census] DLSSG.ClipToCameraView ptr=0000002708B38BF8 m=[1.369 -0 -0 0 | 0 -0.5774 -0 0 | 0 -0 -0 10 | 0 -0 -1 9.954e-05]
01:58:37.229  [fg-census] DLSSG.ClipToLensClip ptr=0000002708B38C38 m=[1 0 0 0 | 0 1 0 0 | 0 0 1 0 | 0 0 0 1]
01:58:37.230  [fg-census] DLSSG.ClipToPrevClip ptr=0000002708B38C78 m=[1 4.47e-08 0 0 | -3.725e-09 1 1.847e-13 -1.583e-08 | 1.577e-06 1.907e-06 1 0 | 3.468e-11 1.164e-10 -9.095e-13 1]
01:58:37.230  [fg-census] DLSSG.CmdAlloc ptr=0000000042303CD0
01:58:37.230  [fg-census] DLSSG.CmdQueue ptr=000000002EBC3CD0
01:58:37.230  [fg-census] DLSSG.ColorBuffersHDR u=0 i=0 f=0 d=0 ull=0
01:58:37.230  [fg-census] DLSSG.Depth ptr=0000002708B38848
01:58:37.230  [fg-census] DLSSG.DepthInverted u=1 i=1 f=1 d=1 ull=1
01:58:37.230  [fg-census] DLSSG.DepthSubrectBaseX u=0 i=0 f=0 d=0 ull=0
01:58:37.230  [fg-census] DLSSG.DepthSubrectBaseY u=0 i=0 f=0 d=0 ull=0
01:58:37.230  [fg-census] DLSSG.DepthSubrectHeight u=2160 i=2160 f=2160 d=2160 ull=2160
01:58:37.231  [fg-census] DLSSG.DepthSubrectWidth u=5120 i=5120 f=5120 d=5120 ull=5120
01:58:37.231  [fg-census] DLSSG.Dynamic.ReflexDriven u=0 i=0 f=0 d=0 ull=0
01:58:37.231  [fg-census] DLSSG.DynamicMaxFrameCount u=3 i=3 f=3 d=3 ull=3
01:58:37.231  [fg-census] DLSSG.DynamicResolution u=0 i=0 f=0 d=0 ull=0
01:58:37.231  [fg-census] DLSSG.EnableInterp u=1 i=1 f=1 d=1 ull=1
01:58:37.231  [fg-census] DLSSG.EstimateVRAMCallback ptr=00007FF94A0E8E60
01:58:37.231  [fg-census] DLSSG.EvalFlags u=0 i=0 f=0 d=0 ull=0
01:58:37.231  [fg-census] DLSSG.FenceEvent ptr=0000000000000000
01:58:37.231  [fg-census] DLSSG.FlipMetering u=0 i=0 f=0 d=0 ull=0
01:58:37.232  [fg-census] DLSSG.HUDLess ptr=0000002708B389C8
01:58:37.232  [fg-census] DLSSG.HUDLessSubrectBaseX u=0 i=0 f=0 d=0 ull=0
01:58:37.232  [fg-census] DLSSG.HUDLessSubrectBaseY u=0 i=0 f=0 d=0 ull=0
01:58:37.232  [fg-census] DLSSG.HUDLessSubrectHeight u=2160 i=2160 f=2160 d=2160 ull=2160
01:58:37.232  [fg-census] DLSSG.HUDLessSubrectWidth u=5120 i=5120 f=5120 d=5120 ull=5120
01:58:37.232  [fg-census] DLSSG.Height u=2160 i=2160 f=2160 d=2160 ull=2160
01:58:37.232  [fg-census] DLSSG.InternalHeight u=0 i=0 f=0 d=0 ull=0
01:58:37.232  [fg-census] DLSSG.InternalWidth u=0 i=0 f=0 d=0 ull=0
01:58:37.232  [fg-census] DLSSG.IsRecording u=1 i=1 f=1 d=1 ull=1
01:58:37.233  [fg-census] DLSSG.JitterOffsetX u=0 i=0 f=0.4375 d=0.4375 ull=0
01:58:37.233  [fg-census] DLSSG.JitterOffsetY u=0 i=0 f=-0.388889 d=-0.388888896 ull=0
01:58:37.233  [fg-census] DLSSG.MVecs ptr=0000002708B388A8
01:58:37.233  [fg-census] DLSSG.MVecsSubrectBaseX u=0 i=0 f=0 d=0 ull=0
01:58:37.233  [fg-census] DLSSG.MVecsSubrectBaseY u=0 i=0 f=0 d=0 ull=0
01:58:37.233  [fg-census] DLSSG.MVecsSubrectHeight u=2160 i=2160 f=2160 d=2160 ull=2160
01:58:37.233  [fg-census] DLSSG.MVecsSubrectWidth u=5120 i=5120 f=5120 d=5120 ull=5120
01:58:37.233  [fg-census] DLSSG.MenuDetectionEnabled u=0 i=0 f=0 d=0 ull=0
01:58:37.234  [fg-census] DLSSG.MinRelativeLinearDepthObjectSeparation u=40 i=40 f=40 d=40 ull=40
01:58:37.234  [fg-census] DLSSG.MultiFrameCount u=3 i=3 f=3 d=3 ull=3
01:58:37.234  [fg-census] DLSSG.MultiFrameCountMax u=3 i=3 f=3 d=3 ull=3
01:58:37.234  [fg-census] DLSSG.MultiFrameIndex u=3 i=3 f=3 d=3 ull=3
01:58:37.234  [fg-census] DLSSG.MvecDilated u=0 i=0 f=0 d=0 ull=0
01:58:37.234  [fg-census] DLSSG.MvecInvalidValue u=0 i=-2147483648 f=3.40282e+38 d=3.40282347e+38 ull=9223372036854775808
01:58:37.235  [fg-census] DLSSG.MvecJittered u=0 i=0 f=0 d=0 ull=0
01:58:37.235  [fg-census] DLSSG.MvecScaleX u=5120 i=5120 f=5120 d=5120 ull=5120
01:58:37.235  [fg-census] DLSSG.MvecScaleY u=2160 i=2160 f=2160 d=2160 ull=2160
01:58:37.235  [fg-census] DLSSG.NoWarp ptr=0000000000000000
01:58:37.235  [fg-census] DLSSG.NoWarpSubrectBaseX u=0 i=0 f=0 d=0 ull=0
01:58:37.235  [fg-census] DLSSG.NoWarpSubrectBaseY u=0 i=0 f=0 d=0 ull=0
01:58:37.235  [fg-census] DLSSG.NoWarpSubrectHeight u=0 i=0 f=0 d=0 ull=0
01:58:37.235  [fg-census] DLSSG.NoWarpSubrectWidth u=0 i=0 f=0 d=0 ull=0
01:58:37.236  [fg-census] DLSSG.NotRenderingGameFrames u=0 i=0 f=0 d=0 ull=0
01:58:37.236  [fg-census] DLSSG.NvAppOvrAppliedVal.MultiFrameCount u=3 i=3 f=3 d=3 ull=3
01:58:37.236  [fg-census] DLSSG.NvAppOvrAppliedVal.StreamlineMode u=1 i=1 f=1 d=1 ull=1
01:58:37.236  [fg-census] DLSSG.OrthoProjection u=0 i=0 f=0 d=0 ull=0
01:58:37.236  [fg-census] DLSSG.OutputDisableInterpolation ptr=0000002708B38B48
01:58:37.236  [fg-census] DLSSG.OutputInterpolated ptr=000000262553DB08
01:58:37.236  [fg-census] DLSSG.OutputReal ptr=0000000000000000
01:58:37.236  [fg-census] DLSSG.PrevClipToClip ptr=0000002708B38CB8 m=[1 -4.47e-08 8.259e-21 -7.078e-16 | 3.725e-09 1 -1.847e-13 1.583e-08 | -1.577e-06 -1.907e-06 1 -3.02e-14 | -3.468e-11 -1.164e-10 9.095e-13 1]
01:58:37.237  [fg-census] DLSSG.QueueSubmitCallback ptr=0000000000000000
01:58:37.237  [fg-census] DLSSG.QueueSubmitCallbackData ptr=0000000000000000
01:58:37.237  [fg-census] DLSSG.RefreshRate u=119 i=119 f=119.996 d=119.996002 ull=119
01:58:37.237  [fg-census] DLSSG.Reset u=1 i=1 f=1 d=1 ull=1
01:58:37.237  [fg-census] DLSSG.StreamlineMode u=1 i=1 f=1 d=1 ull=1
01:58:37.237  [fg-census] DLSSG.StreamlineVersionTag ptr=00007FFA9095CB50
01:58:37.237  [fg-census] DLSSG.SyncFlushCallback ptr=0000000000000000
01:58:37.237  [fg-census] DLSSG.SyncFlushCallbackData ptr=0000000000000000
01:58:37.238  [fg-census] DLSSG.SyncSignalCallback ptr=0000000000000000
01:58:37.238  [fg-census] DLSSG.SyncSignalCallbackData ptr=0000000000000000
01:58:37.238  [fg-census] DLSSG.SyncSignalOnlyCallback ptr=0000000000000000
01:58:37.238  [fg-census] DLSSG.SyncSignalOnlyCallbackData ptr=0000000000000000
01:58:37.238  [fg-census] DLSSG.SyncWaitCallback ptr=0000000000000000
01:58:37.238  [fg-census] DLSSG.SyncWaitCallbackData ptr=0000000000000000
01:58:37.238  [fg-census] DLSSG.SyncWaitOnlyCallback ptr=0000000000000000
01:58:37.238  [fg-census] DLSSG.SyncWaitOnlyCallbackData ptr=0000000000000000
01:58:37.239  [fg-census] DLSSG.TargetFrameRate u=119 i=119 f=119.996 d=119.996002 ull=119
01:58:37.239  [fg-census] DLSSG.UI ptr=0000000000000000
01:58:37.239  [fg-census] DLSSG.UIAlpha ptr=0000000000000000
01:58:37.239  [fg-census] DLSSG.UIAlphaSubrectBaseX u=0 i=0 f=0 d=0 ull=0
01:58:37.239  [fg-census] DLSSG.UIAlphaSubrectBaseY u=0 i=0 f=0 d=0 ull=0
01:58:37.239  [fg-census] DLSSG.UIAlphaSubrectHeight u=0 i=0 f=0 d=0 ull=0
01:58:37.239  [fg-census] DLSSG.UIAlphaSubrectWidth u=0 i=0 f=0 d=0 ull=0
01:58:37.239  [fg-census] DLSSG.UISubrectBaseX u=0 i=0 f=0 d=0 ull=0
01:58:37.239  [fg-census] DLSSG.UISubrectBaseY u=0 i=0 f=0 d=0 ull=0
01:58:37.239  [fg-census] DLSSG.UISubrectHeight u=0 i=0 f=0 d=0 ull=0
01:58:37.239  [fg-census] DLSSG.UISubrectWidth u=0 i=0 f=0 d=0 ull=0
01:58:37.239  [fg-census] DLSSG.UserInterfaceRecompositionEnabled u=0 i=0 f=0 d=0 ull=0
01:58:37.239  [fg-census] DLSSG.VSyncDriverRequested u=1 i=1 f=1 d=1 ull=1
01:58:37.240  [fg-census] DLSSG.VSyncOn u=0 i=0 f=0 d=0 ull=0
01:58:37.240  [fg-census] DLSSG.VSyncSupported u=0 i=0 f=0 d=0 ull=0
01:58:37.240  [fg-census] DLSSG.VkOFAModeRequest u=1 i=1 f=1 d=1 ull=1
01:58:37.240  [fg-census] DLSSG.Width u=5120 i=5120 f=5120 d=5120 ull=5120
01:58:37.241  [fg-census] DLSSG.run_lowres_mvec_pass u=1 i=1 f=1 d=1 ull=1
01:58:37.241  [fg-census] pass 2 ends.
01:58:37.241  [fg-census] evaluate observed: MultiFrameIndex=1 thread=17844
01:58:37.241  [fg-census] pass 3 begins: 131 keys, types tried u/i/f/d/ull/ptr.
01:58:37.241  [fg-census] DLSSG.AutomodeOverrideReset u=0 i=0 f=0 d=0 ull=0
01:58:37.241  [fg-census] DLSSG.Backbuffer ptr=0000002708B36238
01:58:37.241  [fg-census] DLSSG.BackbufferFormat u=37 i=37 f=37 d=37 ull=37
01:58:37.241  [fg-census] DLSSG.BackbufferFrameID ptr=00000000000002CB
01:58:37.241  [fg-census] DLSSG.BackbufferSubrectBaseX u=0 i=0 f=0 d=0 ull=0
01:58:37.242  [fg-census] DLSSG.BackbufferSubrectBaseY u=0 i=0 f=0 d=0 ull=0
01:58:37.242  [fg-census] DLSSG.BackbufferSubrectHeight u=2160 i=2160 f=2160 d=2160 ull=2160
01:58:37.242  [fg-census] DLSSG.BackbufferSubrectWidth u=5120 i=5120 f=5120 d=5120 ull=5120
01:58:37.242  [fg-census] DLSSG.BidirectionalDistortionField ptr=0000000000000000
01:58:37.242  [fg-census] DLSSG.BidirectionalDistortionFieldLowPrecision.Bias u=0 i=0 f=0 d=0 ull=0
01:58:37.242  [fg-census] DLSSG.BidirectionalDistortionFieldLowPrecision.IsLowPrecision u=0 i=0 f=0 d=0 ull=0
01:58:37.243  [fg-census] DLSSG.BidirectionalDistortionFieldLowPrecision.Scale u=1 i=1 f=1 d=1 ull=1
01:58:37.243  [fg-census] DLSSG.BidirectionalDistortionFieldSubrectBaseX u=0 i=0 f=0 d=0 ull=0
01:58:37.243  [fg-census] DLSSG.BidirectionalDistortionFieldSubrectBaseY u=0 i=0 f=0 d=0 ull=0
01:58:37.243  [fg-census] DLSSG.BidirectionalDistortionFieldSubrectHeight u=0 i=0 f=0 d=0 ull=0
01:58:37.243  [fg-census] DLSSG.BidirectionalDistortionFieldSubrectWidth u=0 i=0 f=0 d=0 ull=0
01:58:37.243  [fg-census] DLSSG.CameraAspectRatio u=2 i=2 f=2.37037 d=2.37037039 ull=2
01:58:37.243  [fg-census] DLSSG.CameraFOV u=1 i=1 f=1.0472 d=1.04719758 ull=1
01:58:37.243  [fg-census] DLSSG.CameraFar u=10000 i=10000 f=10000 d=10000 ull=10000
01:58:37.243  [fg-census] DLSSG.CameraFwdX u=0 i=0 f=-0.91961 d=-0.919610202 ull=0
01:58:37.243  [fg-census] DLSSG.CameraFwdY u=0 i=0 f=-0.0685419 d=-0.0685418844 ull=0
01:58:37.243  [fg-census] DLSSG.CameraFwdZ u=0 i=0 f=0.386806 d=0.386806428 ull=0
01:58:37.244  [fg-census] DLSSG.CameraMotionIncluded u=1 i=1 f=1 d=1 ull=1
01:58:37.244  [fg-census] DLSSG.CameraNear u=0 i=0 f=0.1 d=0.100000001 ull=0
01:58:37.244  [fg-census] DLSSG.CameraPinholeOffsetX u=0 i=0 f=0 d=0 ull=0
01:58:37.244  [fg-census] DLSSG.CameraPinholeOffsetY u=0 i=0 f=0 d=0 ull=0
01:58:37.244  [fg-census] DLSSG.CameraPosX u=0 i=0 f=4.76837e-07 d=4.76837158e-07 ull=0
01:58:37.244  [fg-census] DLSSG.CameraPosY u=4294967295 i=-1 f=-1.37852 d=-1.37852454 ull=18446744073709551615
01:58:37.244  [fg-census] DLSSG.CameraPosZ u=4294967293 i=-3 f=-3.86705 d=-3.86705446 ull=18446744073709551613
01:58:37.244  [fg-census] DLSSG.CameraRightX u=0 i=0 f=0.392832 d=0.392832279 ull=0
01:58:37.244  [fg-census] DLSSG.CameraRightY u=0 i=0 f=-0.160455 d=-0.16045469 ull=0
01:58:37.245  [fg-census] DLSSG.CameraRightZ u=0 i=0 f=0.905504 d=0.905503809 ull=0
01:58:37.245  [fg-census] DLSSG.CameraUpX u=0 i=0 f=-1.49012e-08 d=-1.49011612e-08 ull=0
01:58:37.245  [fg-census] DLSSG.CameraUpY u=0 i=0 f=0.984661 d=0.984660506 ull=0
01:58:37.245  [fg-census] DLSSG.CameraUpZ u=0 i=0 f=0.174481 d=0.174481228 ull=0
01:58:37.245  [fg-census] DLSSG.CameraViewToClip ptr=0000002708B36488 m=[0.7307 0 0 0 | 0 1.732 0 0 | 0 0 9.954e-06 -1 | 0 0 0.1 0]
01:58:37.245  [fg-census] DLSSG.ClipToCameraView ptr=0000002708B364C8 m=[1.369 -0 -0 0 | 0 -0.5774 -0 0 | 0 -0 -0 10 | 0 -0 -1 9.954e-05]
01:58:37.245  [fg-census] DLSSG.ClipToLensClip ptr=0000002708B36508 m=[1 0 0 0 | 0 1 0 0 | 0 0 1 0 | 0 0 0 1]
01:58:37.245  [fg-census] DLSSG.ClipToPrevClip ptr=0000002708B36548 m=[1 -1.49e-08 0 0 | -3.725e-09 1 -1.137e-13 1.583e-08 | 1.577e-06 1.907e-06 1 0 | 3.468e-11 -4.086e-08 -9.095e-13 1]
01:58:37.245  [fg-census] DLSSG.CmdAlloc ptr=00000000423041D0
01:58:37.245  [fg-census] DLSSG.CmdQueue ptr=000000002EBC3CD0
01:58:37.245  [fg-census] DLSSG.ColorBuffersHDR u=0 i=0 f=0 d=0 ull=0
01:58:37.246  [fg-census] DLSSG.Depth ptr=0000002708B36118
01:58:37.246  [fg-census] DLSSG.DepthInverted u=1 i=1 f=1 d=1 ull=1
01:58:37.246  [fg-census] DLSSG.DepthSubrectBaseX u=0 i=0 f=0 d=0 ull=0
01:58:37.246  [fg-census] DLSSG.DepthSubrectBaseY u=0 i=0 f=0 d=0 ull=0
01:58:37.246  [fg-census] DLSSG.DepthSubrectHeight u=2160 i=2160 f=2160 d=2160 ull=2160
01:58:37.246  [fg-census] DLSSG.DepthSubrectWidth u=5120 i=5120 f=5120 d=5120 ull=5120
01:58:37.246  [fg-census] DLSSG.Dynamic.ReflexDriven u=0 i=0 f=0 d=0 ull=0
01:58:37.246  [fg-census] DLSSG.DynamicMaxFrameCount u=3 i=3 f=3 d=3 ull=3
01:58:37.247  [fg-census] DLSSG.DynamicResolution u=0 i=0 f=0 d=0 ull=0
01:58:37.247  [fg-census] DLSSG.EnableInterp u=1 i=1 f=1 d=1 ull=1
01:58:37.247  [fg-census] DLSSG.EstimateVRAMCallback ptr=00007FF94A0E8E60
01:58:37.247  [fg-census] DLSSG.EvalFlags u=0 i=0 f=0 d=0 ull=0
01:58:37.247  [fg-census] DLSSG.FenceEvent ptr=0000000000000000
01:58:37.247  [fg-census] DLSSG.FlipMetering u=0 i=0 f=0 d=0 ull=0
01:58:37.247  [fg-census] DLSSG.HUDLess ptr=0000002708B36298
01:58:37.247  [fg-census] DLSSG.HUDLessSubrectBaseX u=0 i=0 f=0 d=0 ull=0
01:58:37.247  [fg-census] DLSSG.HUDLessSubrectBaseY u=0 i=0 f=0 d=0 ull=0
01:58:37.247  [fg-census] DLSSG.HUDLessSubrectHeight u=2160 i=2160 f=2160 d=2160 ull=2160
01:58:37.247  [fg-census] DLSSG.HUDLessSubrectWidth u=5120 i=5120 f=5120 d=5120 ull=5120
01:58:37.247  [fg-census] DLSSG.Height u=2160 i=2160 f=2160 d=2160 ull=2160
01:58:37.247  [fg-census] DLSSG.InternalHeight u=0 i=0 f=0 d=0 ull=0
01:58:37.248  [fg-census] DLSSG.InternalWidth u=0 i=0 f=0 d=0 ull=0
01:58:37.248  [fg-census] DLSSG.IsRecording u=1 i=1 f=1 d=1 ull=1
01:58:37.248  [fg-census] DLSSG.JitterOffsetX u=0 i=0 f=-0 d=-0 ull=0
01:58:37.248  [fg-census] DLSSG.JitterOffsetY u=0 i=0 f=0.166667 d=0.166666657 ull=0
01:58:37.248  [fg-census] DLSSG.MVecs ptr=0000002708B36178
01:58:37.249  [fg-census] DLSSG.MVecsSubrectBaseX u=0 i=0 f=0 d=0 ull=0
01:58:37.249  [fg-census] DLSSG.MVecsSubrectBaseY u=0 i=0 f=0 d=0 ull=0
01:58:37.249  [fg-census] DLSSG.MVecsSubrectHeight u=2160 i=2160 f=2160 d=2160 ull=2160
01:58:37.249  [fg-census] DLSSG.MVecsSubrectWidth u=5120 i=5120 f=5120 d=5120 ull=5120
01:58:37.249  [fg-census] DLSSG.MenuDetectionEnabled u=0 i=0 f=0 d=0 ull=0
01:58:37.249  [fg-census] DLSSG.MinRelativeLinearDepthObjectSeparation u=40 i=40 f=40 d=40 ull=40
01:58:37.249  [fg-census] DLSSG.MultiFrameCount u=3 i=3 f=3 d=3 ull=3
01:58:37.249  [fg-census] DLSSG.MultiFrameCountMax u=3 i=3 f=3 d=3 ull=3
01:58:37.249  [fg-census] DLSSG.MultiFrameIndex u=1 i=1 f=1 d=1 ull=1
01:58:37.250  [fg-census] DLSSG.MvecDilated u=0 i=0 f=0 d=0 ull=0
01:58:37.250  [fg-census] DLSSG.MvecInvalidValue u=0 i=-2147483648 f=3.40282e+38 d=3.40282347e+38 ull=9223372036854775808
01:58:37.250  [fg-census] DLSSG.MvecJittered u=0 i=0 f=0 d=0 ull=0
01:58:37.250  [fg-census] DLSSG.MvecScaleX u=5120 i=5120 f=5120 d=5120 ull=5120
01:58:37.250  [fg-census] DLSSG.MvecScaleY u=2160 i=2160 f=2160 d=2160 ull=2160
01:58:37.250  [fg-census] DLSSG.NoWarp ptr=0000000000000000
01:58:37.250  [fg-census] DLSSG.NoWarpSubrectBaseX u=0 i=0 f=0 d=0 ull=0
01:58:37.251  [fg-census] DLSSG.NoWarpSubrectBaseY u=0 i=0 f=0 d=0 ull=0
01:58:37.251  [fg-census] DLSSG.NoWarpSubrectHeight u=0 i=0 f=0 d=0 ull=0
01:58:37.251  [fg-census] DLSSG.NoWarpSubrectWidth u=0 i=0 f=0 d=0 ull=0
01:58:37.251  [fg-census] DLSSG.NotRenderingGameFrames u=0 i=0 f=0 d=0 ull=0
01:58:37.251  [fg-census] DLSSG.NvAppOvrAppliedVal.MultiFrameCount u=3 i=3 f=3 d=3 ull=3
01:58:37.251  [fg-census] DLSSG.NvAppOvrAppliedVal.StreamlineMode u=1 i=1 f=1 d=1 ull=1
01:58:37.251  [fg-census] DLSSG.OrthoProjection u=0 i=0 f=0 d=0 ull=0
01:58:37.251  [fg-census] DLSSG.OutputDisableInterpolation ptr=0000002708B36418
01:58:37.251  [fg-census] DLSSG.OutputInterpolated ptr=000000292708EAA8
01:58:37.252  [fg-census] DLSSG.OutputReal ptr=000000292708ECE8
01:58:37.252  [fg-census] DLSSG.PrevClipToClip ptr=0000002708B36588 m=[1 1.49e-08 1.694e-21 -2.359e-16 | 3.725e-09 1 1.137e-13 -1.583e-08 | -1.577e-06 -1.907e-06 1 3.02e-14 | -3.468e-11 4.086e-08 9.095e-13 1]
01:58:37.252  [fg-census] DLSSG.QueueSubmitCallback ptr=0000000000000000
01:58:37.252  [fg-census] DLSSG.QueueSubmitCallbackData ptr=0000000000000000
01:58:37.252  [fg-census] DLSSG.RefreshRate u=119 i=119 f=119.996 d=119.996002 ull=119
01:58:37.252  [fg-census] DLSSG.Reset u=0 i=0 f=0 d=0 ull=0
01:58:37.252  [fg-census] DLSSG.StreamlineMode u=1 i=1 f=1 d=1 ull=1
01:58:37.252  [fg-census] DLSSG.StreamlineVersionTag ptr=00007FFA9095CB50
01:58:37.252  [fg-census] DLSSG.SyncFlushCallback ptr=0000000000000000
01:58:37.253  [fg-census] DLSSG.SyncFlushCallbackData ptr=0000000000000000
01:58:37.253  [fg-census] DLSSG.SyncSignalCallback ptr=0000000000000000
01:58:37.253  [fg-census] DLSSG.SyncSignalCallbackData ptr=0000000000000000
01:58:37.253  [fg-census] DLSSG.SyncSignalOnlyCallback ptr=0000000000000000
01:58:37.253  [fg-census] DLSSG.SyncSignalOnlyCallbackData ptr=0000000000000000
01:58:37.253  [fg-census] DLSSG.SyncWaitCallback ptr=0000000000000000
01:58:37.253  [fg-census] DLSSG.SyncWaitCallbackData ptr=0000000000000000
01:58:37.253  [fg-census] DLSSG.SyncWaitOnlyCallback ptr=0000000000000000
01:58:37.253  [fg-census] DLSSG.SyncWaitOnlyCallbackData ptr=0000000000000000
01:58:37.254  [fg-census] DLSSG.TargetFrameRate u=119 i=119 f=119.996 d=119.996002 ull=119
01:58:37.254  [fg-census] DLSSG.UI ptr=0000000000000000
01:58:37.254  [fg-census] DLSSG.UIAlpha ptr=0000000000000000
01:58:37.254  [fg-census] DLSSG.UIAlphaSubrectBaseX u=0 i=0 f=0 d=0 ull=0
01:58:37.254  [fg-census] DLSSG.UIAlphaSubrectBaseY u=0 i=0 f=0 d=0 ull=0
01:58:37.254  [fg-census] DLSSG.UIAlphaSubrectHeight u=0 i=0 f=0 d=0 ull=0
01:58:37.254  [fg-census] DLSSG.UIAlphaSubrectWidth u=0 i=0 f=0 d=0 ull=0
01:58:37.254  [fg-census] DLSSG.UISubrectBaseX u=0 i=0 f=0 d=0 ull=0
01:58:37.254  [fg-census] DLSSG.UISubrectBaseY u=0 i=0 f=0 d=0 ull=0
01:58:37.254  [fg-census] DLSSG.UISubrectHeight u=0 i=0 f=0 d=0 ull=0
01:58:37.255  [fg-census] DLSSG.UISubrectWidth u=0 i=0 f=0 d=0 ull=0
01:58:37.255  [fg-census] DLSSG.UserInterfaceRecompositionEnabled u=0 i=0 f=0 d=0 ull=0
01:58:37.255  [fg-census] DLSSG.VSyncDriverRequested u=1 i=1 f=1 d=1 ull=1
01:58:37.255  [fg-census] DLSSG.VSyncOn u=0 i=0 f=0 d=0 ull=0
01:58:37.255  [fg-census] DLSSG.VSyncSupported u=0 i=0 f=0 d=0 ull=0
01:58:37.255  [fg-census] DLSSG.VkOFAModeRequest u=1 i=1 f=1 d=1 ull=1
01:58:37.255  [fg-census] DLSSG.Width u=5120 i=5120 f=5120 d=5120 ull=5120
01:58:37.255  [fg-census] DLSSG.run_lowres_mvec_pass u=1 i=1 f=1 d=1 ull=1
01:58:37.255  [fg-census] pass 3 ends.
01:58:37.256  [fg-relay] open. Copy completion is signalled to the private queue on the GPU (exported timeline semaphore); the park release is set on the GPU (imported D3D12 fence). Pipeline=2 Import=1.
01:58:37.257  [fg-relay] command pool for queue 000000002EBC3CD0: family=2.
01:58:37.257  [fg-history] FG Reset burst ends: 1 real frames, 62 ms.
01:58:37.257  [fg-guides] output=5120x2160 depth=5120x2160 rect=0,0+5120x2160 mv=5120x2160 rect=0,0+5120x2160 mv-scale=5120,2160 carrier-scale=5120,2160 jitter=-0,0.166667 jittered=0 inverted=1 reset=1 gpu-nearest=0/0.
01:58:37.257  [fg-relay] armed by evaluate: hud=4408b4d0 back=40af06d0 depth=4408aed0 mv=4408a8d0 5120x2160 copy=1 nr=1 import=1 slot=1 arm=1 gpu-wait-nr=0 pending=0.
01:58:37.257  [fg-relay] evaluate: slot=1 nr=1 import=1 stage=3.
01:58:37.513  [fg-relay] frame=1 slot=1 nr=1 ok=1 wrote=1 nr_entries=0 import=1 armed=1 skipped=0 busy=0 mismatch=0 conflicts=0.
01:58:37.523  NGX layer 4 retirement finalized.
01:58:37.523  qpc=4514127736151 [fg-transition] start=4514113457414 frame=00000000000002CA idx=1/3 queue=000000002EBC3CD0 reset=1 enable=1 recording=1 not-rendering=0 metering=0 fullscreen=0 slmode=1 known=0x17f hud=4408b4d0 back=40af00d0 real=470890d0 interp=4708a2d0 bridge-lock=1 arm=0->0 result=1 disable-interp=0(known=0) foreground=1 monitors=0000000003DB2751/0000000003DB2751 cpu=1427.873ms
01:58:37.523  qpc=4514127916795 [fg-transition] start=4514127738450 frame=00000000000002CA idx=2/3 queue=000000002EBC3CD0 reset=1 enable=1 recording=1 not-rendering=0 metering=0 fullscreen=0 slmode=1 known=0x17f hud=4408b4d0 back=40af00d0 real=0 interp=47089cd0 bridge-lock=1 arm=0->0 result=1 disable-interp=0(known=0) foreground=1 monitors=0000000003DB2751/0000000003DB2751 cpu=17.834ms
01:58:37.523  qpc=4514128083021 [fg-transition] start=4514127918081 frame=00000000000002CA idx=3/3 queue=000000002EBC3CD0 reset=1 enable=1 recording=1 not-rendering=0 metering=0 fullscreen=0 slmode=1 known=0x17f hud=4408b4d0 back=40af00d0 real=0 interp=470896d0 bridge-lock=1 arm=0->0 result=1 disable-interp=0(known=0) foreground=1 monitors=0000000003DB2751/0000000003DB2751 cpu=16.494ms
01:58:37.523  qpc=4514130809666 [fg-transition] start=4514128084177 frame=00000000000002CB idx=1/3 queue=000000002EBC3CD0 reset=0 enable=1 recording=1 not-rendering=0 metering=0 fullscreen=0 slmode=1 known=0x17f hud=4408b4d0 back=40af06d0 real=4708a2d0 interp=470890d0 bridge-lock=1 arm=0->1 result=1 disable-interp=0(known=0) foreground=1 monitors=0000000003DB2751/0000000003DB2751 cpu=272.548ms
01:58:37.524  qpc=4514130814440 [fg-transition] start=4514130811719 frame=00000000000002CB idx=2/3 queue=000000002EBC3CD0 reset=0 enable=1 recording=1 not-rendering=0 metering=0 fullscreen=0 slmode=1 known=0x17f hud=4408b4d0 back=40af06d0 real=0 interp=470896d0 bridge-lock=1 arm=1->1 result=1 disable-interp=0(known=0) foreground=1 monitors=0000000003DB2751/0000000003DB2751 cpu=0.272ms
01:58:37.524  qpc=4514130816028 [fg-transition] start=4514130815335 frame=00000000000002CB idx=3/3 queue=000000002EBC3CD0 reset=0 enable=1 recording=1 not-rendering=0 metering=0 fullscreen=0 slmode=1 known=0x17f hud=4408b4d0 back=40af06d0 real=0 interp=47089cd0 bridge-lock=1 arm=1->1 result=1 disable-interp=0(known=0) foreground=1 monitors=0000000003DB2751/0000000003DB2751 cpu=0.069ms
01:58:39.069  [fg-guides] output=5120x2160 depth=5120x2160 rect=0,0+5120x2160 mv=5120x2160 rect=0,0+5120x2160 mv-scale=5120,2160 carrier-scale=5120,2160 jitter=0.25,-0.166667 jittered=0 inverted=1 reset=1 gpu-nearest=0/0.
01:58:39.069  [fg-relay] armed by evaluate: hud=4408b4d0 back=40af12d0 depth=4408aed0 mv=4408a8d0 5120x2160 copy=2 nr=2 import=1 slot=2 arm=2 gpu-wait-nr=1 pending=0.
01:58:39.070  [fg-relay] evaluate: slot=2 nr=2 import=1 stage=3.
01:58:39.210  [fg-relay] frame=2 slot=2 nr=2 ok=1 wrote=1 nr_entries=1 import=1 armed=2 skipped=0 busy=0 mismatch=0 conflicts=0.
01:58:39.212  [fg-relay] armed by evaluate: hud=4408b4d0 back=40af00d0 depth=4408aed0 mv=4408a8d0 5120x2160 copy=3 nr=3 import=1 slot=3 arm=3 gpu-wait-nr=2 pending=1.
01:58:39.213  [fg-relay] evaluate: slot=3 nr=3 import=1 stage=3.
01:58:39.213  qpc=4514147779648 [fg-transition] start=4514146355251 frame=00000000000002CC idx=1/3 queue=000000002EBC3CD0 reset=0 enable=1 recording=1 not-rendering=0 metering=0 fullscreen=0 slmode=1 known=0x17f hud=4408b4d0 back=40af12d0 real=470890d0 interp=4708a2d0 bridge-lock=1 arm=1->2 result=1 disable-interp=0(known=0) foreground=1 monitors=0000000003DB2751/0000000003DB2751 cpu=142.439ms
01:58:39.213  qpc=4514147782729 [fg-transition] start=4514147781999 frame=00000000000002CC idx=2/3 queue=000000002EBC3CD0 reset=0 enable=1 recording=1 not-rendering=0 metering=0 fullscreen=0 slmode=1 known=0x17f hud=4408b4d0 back=40af12d0 real=0 interp=47089cd0 bridge-lock=1 arm=2->2 result=1 disable-interp=0(known=0) foreground=1 monitors=0000000003DB2751/0000000003DB2751 cpu=0.073ms
01:58:39.213  qpc=4514147783808 [fg-transition] start=4514147783269 frame=00000000000002CC idx=3/3 queue=000000002EBC3CD0 reset=0 enable=1 recording=1 not-rendering=0 metering=0 fullscreen=0 slmode=1 known=0x17f hud=4408b4d0 back=40af12d0 real=0 interp=470896d0 bridge-lock=1 arm=2->2 result=1 disable-interp=0(known=0) foreground=1 monitors=0000000003DB2751/0000000003DB2751 cpu=0.054ms
01:58:39.224  [fg-relay] frame=3 slot=3 nr=3 ok=1 wrote=1 nr_entries=2 import=1 armed=3 skipped=0 busy=0 mismatch=0 conflicts=0.
01:58:39.227  qpc=4514147926943 [fg-transition] start=4514147793935 frame=00000000000002CD idx=1/3 queue=000000002EBC3CD0 reset=0 enable=1 recording=1 not-rendering=0 metering=0 fullscreen=0 slmode=1 known=0x17f hud=4408b4d0 back=40af00d0 real=4708a2d0 interp=470890d0 bridge-lock=1 arm=2->3 result=1 disable-interp=0(known=0) foreground=1 monitors=0000000003DB2751/0000000003DB2751 cpu=13.300ms
01:58:39.274  qpc=4514148394459 [fg-transition] start=4514148392787 frame=00000000000002CD idx=2/3 queue=000000002EBC3CD0 reset=0 enable=1 recording=1 not-rendering=0 metering=0 fullscreen=0 slmode=1 known=0x17f hud=4408b4d0 back=40af00d0 real=0 interp=470896d0 bridge-lock=1 arm=3->3 result=1 disable-interp=0(known=0) foreground=1 monitors=0000000003DB2751/0000000003DB2751 cpu=0.167ms
01:58:39.274  qpc=4514148397591 [fg-transition] start=4514148396459 frame=00000000000002CD idx=3/3 queue=000000002EBC3CD0 reset=0 enable=1 recording=1 not-rendering=0 metering=0 fullscreen=0 slmode=1 known=0x17f hud=4408b4d0 back=40af00d0 real=0 interp=47089cd0 bridge-lock=1 arm=3->3 result=1 disable-interp=0(known=0) foreground=1 monitors=0000000003DB2751/0000000003DB2751 cpu=0.113ms
01:58:48.071  [fg-relay] rate/15.0s p2 import_opt=1: presents=15.5/s present-gate[point=15.5 ready=0.0 fallback=0.0 inactive=0.0]/s noinfo=0.0/s stale=0.0/s unlearned=0.0/s attempts=11.7/s armed=11.7/s skipped=0.0/s busy=0.0/s arm-reject[state=0.0 request=0.0 refused=0.0 stopping=0.0 res=0.0 size=0.0]/s pool[cap=0.0 family=0.0 create=0.0 alloc=0.0]/s copy-drop[fence=0.0 reset=0.0 begin=0.0 end=0.0 submit=0.0]/s cf[seq=0.0/s idle=0.0/s nrfence=0.0/s] slotbusy=0.0/s copyfence-busy=0.0/s nr-gpuwait=10.1/s flips=0.0/s
01:58:48.071  [fg-relay] rate2: fginput eval=35.0/s index!=1=23.3/s eval-gate[off=0.0 fallback=0.0 notready=0.1 noinput=0.0 noqueue=0.0]/s relay eval=11.7/s consume=0.0/s inplace=11.7/s(ok 11.7/s) unarmed=0.0/s mismatch=0.0/s relbusy=0.0/s relok=11.7/s relfail=0.0/s release-stage[queue=0.0 pool=0.0 fence=0.0 reset=0.0 begin=0.0 end=0.0 submit=0.0]/s watchdog=0.0/s | worker plays=11.7/s ok=11.7/s fail=0.0/s nr_absent=0.1/s copyfail=0.0/s
01:58:48.071  [fg-relay] rate3: arm->arm avg=62.01ms max=1811.94ms n=174 | arm->work avg=0.01ms max=0.08ms | arm->eval avg=0.00ms max=0.00ms | copywait avg=0.008ms max=0.021ms | copy-land<= avg=61.94ms max=1811.62ms | work avg=10.36ms max=256.02ms | totals armed=175 unarmed=0 skipped=0 busy=0 mismatch=0 copies_failed=0 writes=175 conflicts=0
01:58:48.071  [fg-relay] rate4: throttle depth=1 off=0 | sleep calls=15.5/s waits=10.7/s clear=0.9/s timeouts=0.1/s avg=35.09ms | present calls=15.5/s waits=0.0/s clear=0.0/s timeouts=0.0/s avg=0.00ms | max=100.16ms (process)
01:58:48.370  qpc=4514239376189 [focus-fg] state: enabled=1 hooked=1 foreground=1 minimized=0 hwnd=000000000AD52FA0 scope_calls=183 original_false=0 kept=0 presents=896 FG_evaluates=544
01:58:48.869  qpc=4514244339665 [focus-fg] game SetOptions unchanged: readable=1 version=4 mode=0 generated=1 flags=0x8 retain_when_off=1 guides=0x0 colour=0x0 result=0x0 foreground=1 minimized=0
01:58:50.404  [composition-guard] hidden: config=1 nr_at_fg=1 fg_running=0 window_shown=1
01:58:53.096  [fg-history] FG Reset burst starts; contract_changed=0 bridge_pending=1 foreground=1.
01:58:53.096  [fg-guides] output=5120x2160 depth=5120x2160 rect=0,0+5120x2160 mv=5120x2160 rect=0,0+5120x2160 mv-scale=5120,2160 carrier-scale=5120,2160 jitter=-0,0.166667 jittered=0 inverted=1 reset=1 gpu-nearest=0/0.
01:58:53.097  qpc=4514286621062 [focus-fg] game SetOptions unchanged: readable=1 version=4 mode=1 generated=3 flags=0x0 retain_when_off=0 guides=0x0 colour=0x0 result=0x0 foreground=1 minimized=0
01:58:53.097  qpc=4514286639902 [fg-transition] start=4514286627759 frame=00000000000005AB idx=1/3 queue=000000002EBC3CD0 reset=1 enable=1 recording=1 not-rendering=0 metering=0 fullscreen=0 slmode=1 known=0x17f hud=4408b4d0 back=40af12d0 real=470890d0 interp=4708a2d0 bridge-lock=1 arm=189->190 result=1 disable-interp=0(known=0) foreground=1 monitors=0000000003DB2751/0000000003DB2751 cpu=1.214ms
01:58:53.129  qpc=4514286951073 [fg-transition] start=4514286640757 frame=00000000000005AB idx=2/3 queue=000000002EBC3CD0 reset=1 enable=1 recording=1 not-rendering=0 metering=0 fullscreen=0 slmode=1 known=0x17f hud=4408b4d0 back=40af12d0 real=0 interp=47089cd0 bridge-lock=1 arm=190->190 result=1 disable-interp=0(known=0) foreground=1 monitors=0000000003DB2751/0000000003DB2751 cpu=31.031ms
01:58:53.129  qpc=4514286953669 [fg-transition] start=4514286953407 frame=00000000000005AB idx=3/3 queue=000000002EBC3CD0 reset=1 enable=1 recording=1 not-rendering=0 metering=0 fullscreen=0 slmode=1 known=0x17f hud=4408b4d0 back=40af12d0 real=0 interp=470896d0 bridge-lock=1 arm=190->190 result=1 disable-interp=0(known=0) foreground=1 monitors=0000000003DB2751/0000000003DB2751 cpu=0.026ms
01:58:53.143  [fg-history] FG Reset burst ends: 1 real frames, 47 ms.
01:58:53.163  [composition-guard] shown at 3840,0 alpha=1
01:58:53.173  qpc=4514287389538 [fg-transition] start=4514287099915 frame=00000000000005AC idx=1/3 queue=000000002EBC3CD0 reset=0 enable=1 recording=1 not-rendering=0 metering=0 fullscreen=0 slmode=1 known=0x17f hud=4408b4d0 back=40af00d0 real=4708a2d0 interp=470890d0 bridge-lock=1 arm=190->191 result=1 disable-interp=0(known=0) foreground=1 monitors=0000000003DB2751/0000000003DB2751 cpu=28.962ms
01:58:53.211  qpc=4514287758681 [fg-transition] start=4514287757458 frame=00000000000005AC idx=2/3 queue=000000002EBC3CD0 reset=0 enable=1 recording=1 not-rendering=0 metering=0 fullscreen=0 slmode=1 known=0x17f hud=4408b4d0 back=40af00d0 real=0 interp=470896d0 bridge-lock=1 arm=191->191 result=1 disable-interp=0(known=0) foreground=1 monitors=0000000003DB2751/0000000003DB2751 cpu=0.122ms
01:58:53.211  qpc=4514287761527 [fg-transition] start=4514287760485 frame=00000000000005AC idx=3/3 queue=000000002EBC3CD0 reset=0 enable=1 recording=1 not-rendering=0 metering=0 fullscreen=0 slmode=1 known=0x17f hud=4408b4d0 back=40af00d0 real=0 interp=47089cd0 bridge-lock=1 arm=191->191 result=1 disable-interp=0(known=0) foreground=1 monitors=0000000003DB2751/0000000003DB2751 cpu=0.104ms
01:58:53.211  qpc=4514287769759 [fg-transition] start=4514287762208 frame=00000000000005AD idx=1/3 queue=000000002EBC3CD0 reset=0 enable=1 recording=1 not-rendering=0 metering=0 fullscreen=0 slmode=1 known=0x17f hud=4408b4d0 back=40af06d0 real=470890d0 interp=4708a2d0 bridge-lock=1 arm=191->192 result=1 disable-interp=0(known=0) foreground=1 monitors=0000000003DB2751/0000000003DB2751 cpu=0.755ms
01:58:53.256  qpc=4514288212125 [fg-transition] start=4514288210999 frame=00000000000005AD idx=2/3 queue=000000002EBC3CD0 reset=0 enable=1 recording=1 not-rendering=0 metering=0 fullscreen=0 slmode=1 known=0x17f hud=4408b4d0 back=40af06d0 real=0 interp=47089cd0 bridge-lock=1 arm=192->192 result=1 disable-interp=0(known=0) foreground=1 monitors=0000000003DB2751/0000000003DB2751 cpu=0.112ms
01:58:53.256  qpc=4514288214153 [fg-transition] start=4514288213565 frame=00000000000005AD idx=3/3 queue=000000002EBC3CD0 reset=0 enable=1 recording=1 not-rendering=0 metering=0 fullscreen=0 slmode=1 known=0x17f hud=4408b4d0 back=40af06d0 real=0 interp=470896d0 bridge-lock=1 arm=192->192 result=1 disable-interp=0(known=0) foreground=1 monitors=0000000003DB2751/0000000003DB2751 cpu=0.059ms
01:58:53.266  qpc=4514288314831 [fg-transition] start=4514288214633 frame=00000000000005AE idx=1/3 queue=000000002EBC3CD0 reset=0 enable=1 recording=1 not-rendering=0 metering=0 fullscreen=0 slmode=1 known=0x17f hud=4408b4d0 back=40af12d0 real=4708a2d0 interp=470890d0 bridge-lock=1 arm=192->193 result=1 disable-interp=0(known=0) foreground=1 monitors=0000000003DB2751/0000000003DB2751 cpu=10.020ms
01:58:53.305  qpc=4514288699403 [fg-transition] start=4514288698225 frame=00000000000005AE idx=2/3 queue=000000002EBC3CD0 reset=0 enable=1 recording=1 not-rendering=0 metering=0 fullscreen=0 slmode=1 known=0x17f hud=4408b4d0 back=40af12d0 real=0 interp=470896d0 bridge-lock=1 arm=193->193 result=1 disable-interp=0(known=0) foreground=1 monitors=0000000003DB2751/0000000003DB2751 cpu=0.117ms
01:58:53.305  qpc=4514288701464 [fg-transition] start=4514288700877 frame=00000000000005AE idx=3/3 queue=000000002EBC3CD0 reset=0 enable=1 recording=1 not-rendering=0 metering=0 fullscreen=0 slmode=1 known=0x17f hud=4408b4d0 back=40af12d0 real=0 interp=47089cd0 bridge-lock=1 arm=193->193 result=1 disable-interp=0(known=0) foreground=1 monitors=0000000003DB2751/0000000003DB2751 cpu=0.059ms
01:58:58.268  qpc=4514338336294 [fg-transition] start=4514338335056 frame=0000000000000616 idx=2/3 queue=000000002EBC3CD0 reset=0 enable=1 recording=1 not-rendering=0 metering=0 fullscreen=0 slmode=1 known=0x17f hud=4408b4d0 back=40af06d0 real=0 interp=470896d0 bridge-lock=1 arm=297->297 result=1 disable-interp=0(known=0) foreground=0 monitors=0000000003DB2751/0000000067FB33F1 cpu=0.123ms
01:58:58.268  qpc=4514338338399 [fg-transition] start=4514338337801 frame=0000000000000616 idx=3/3 queue=000000002EBC3CD0 reset=0 enable=1 recording=1 not-rendering=0 metering=0 fullscreen=0 slmode=1 known=0x17f hud=4408b4d0 back=40af06d0 real=0 interp=47089cd0 bridge-lock=1 arm=297->297 result=1 disable-interp=0(known=0) foreground=0 monitors=0000000003DB2751/0000000067FB33F1 cpu=0.060ms
01:58:58.276  qpc=4514338423874 [fg-transition] start=4514338338923 frame=0000000000000617 idx=1/3 queue=000000002EBC3CD0 reset=0 enable=1 recording=1 not-rendering=0 metering=0 fullscreen=0 slmode=1 known=0x17f hud=4408b4d0 back=40af12d0 real=470890d0 interp=4708a2d0 bridge-lock=1 arm=297->298 result=1 disable-interp=0(known=0) foreground=0 monitors=0000000003DB2751/0000000067FB33F1 cpu=8.495ms
01:58:58.315  qpc=4514338809220 [fg-transition] start=4514338807713 frame=0000000000000617 idx=2/3 queue=000000002EBC3CD0 reset=0 enable=1 recording=1 not-rendering=0 metering=0 fullscreen=0 slmode=1 known=0x17f hud=4408b4d0 back=40af12d0 real=0 interp=47089cd0 bridge-lock=1 arm=298->298 result=1 disable-interp=0(known=0) foreground=0 monitors=0000000003DB2751/0000000067FB33F1 cpu=0.150ms
01:58:58.316  qpc=4514338811788 [fg-transition] start=4514338810910 frame=0000000000000617 idx=3/3 queue=000000002EBC3CD0 reset=0 enable=1 recording=1 not-rendering=0 metering=0 fullscreen=0 slmode=1 known=0x17f hud=4408b4d0 back=40af12d0 real=0 interp=470896d0 bridge-lock=1 arm=298->298 result=1 disable-interp=0(known=0) foreground=0 monitors=0000000003DB2751/0000000067FB33F1 cpu=0.088ms
01:58:58.324  qpc=4514338899725 [fg-transition] start=4514338874547 frame=0000000000000618 idx=1/3 queue=000000002EBC3CD0 reset=0 enable=1 recording=1 not-rendering=0 metering=0 fullscreen=0 slmode=1 known=0x17f hud=4408b4d0 back=40af00d0 real=4708a2d0 interp=470890d0 bridge-lock=1 arm=298->299 result=1 disable-interp=0(known=0) foreground=0 monitors=0000000003DB2751/0000000067FB33F1 cpu=2.518ms
01:58:58.362  qpc=4514339279202 [fg-transition] start=4514339277421 frame=0000000000000618 idx=2/3 queue=000000002EBC3CD0 reset=0 enable=1 recording=1 not-rendering=0 metering=0 fullscreen=0 slmode=1 known=0x17f hud=4408b4d0 back=40af00d0 real=0 interp=470896d0 bridge-lock=1 arm=299->299 result=1 disable-interp=0(known=0) foreground=0 monitors=0000000003DB2751/0000000067FB33F1 cpu=0.178ms
01:58:58.363  qpc=4514339281275 [fg-transition] start=4514339280662 frame=0000000000000618 idx=3/3 queue=000000002EBC3CD0 reset=0 enable=1 recording=1 not-rendering=0 metering=0 fullscreen=0 slmode=1 known=0x17f hud=4408b4d0 back=40af00d0 real=0 interp=47089cd0 bridge-lock=1 arm=299->299 result=1 disable-interp=0(known=0) foreground=0 monitors=0000000003DB2751/0000000067FB33F1 cpu=0.061ms
01:58:58.372  qpc=4514339375669 [fg-transition] start=4514339281754 frame=0000000000000619 idx=1/3 queue=000000002EBC3CD0 reset=0 enable=1 recording=1 not-rendering=0 metering=0 fullscreen=0 slmode=1 known=0x17f hud=4408b4d0 back=40af06d0 real=470890d0 interp=4708a2d0 bridge-lock=1 arm=299->300 result=1 disable-interp=0(known=0) foreground=0 monitors=0000000003DB2751/0000000067FB33F1 cpu=9.391ms
01:58:58.387  qpc=4514339544747 [focus-fg] state: enabled=1 hooked=1 foreground=0 minimized=0 hwnd=000000000AD52FA0 scope_calls=302 original_false=3 kept=3 presents=1562 FG_evaluates=901
01:58:58.411  qpc=4514339768310 [fg-transition] start=4514339766642 frame=0000000000000619 idx=2/3 queue=000000002EBC3CD0 reset=0 enable=1 recording=1 not-rendering=0 metering=0 fullscreen=0 slmode=1 known=0x17f hud=4408b4d0 back=40af06d0 real=0 interp=47089cd0 bridge-lock=1 arm=300->300 result=1 disable-interp=0(known=0) foreground=0 monitors=0000000003DB2751/0000000067FB33F1 cpu=0.167ms
01:58:58.411  qpc=4514339771242 [fg-transition] start=4514339770191 frame=0000000000000619 idx=3/3 queue=000000002EBC3CD0 reset=0 enable=1 recording=1 not-rendering=0 metering=0 fullscreen=0 slmode=1 known=0x17f hud=4408b4d0 back=40af06d0 real=0 interp=470896d0 bridge-lock=1 arm=300->300 result=1 disable-interp=0(known=0) foreground=0 monitors=0000000003DB2751/0000000067FB33F1 cpu=0.105ms
01:58:58.420  qpc=4514339853208 [fg-transition] start=4514339772018 frame=000000000000061A idx=1/3 queue=000000002EBC3CD0 reset=0 enable=1 recording=1 not-rendering=0 metering=0 fullscreen=0 slmode=1 known=0x17f hud=4408b4d0 back=40af12d0 real=4708a2d0 interp=470890d0 bridge-lock=1 arm=300->301 result=1 disable-interp=0(known=0) foreground=0 monitors=0000000003DB2751/0000000067FB33F1 cpu=8.119ms
01:59:03.107  [fg-relay] rate/15.0s p2 import_opt=1: presents=51.2/s present-gate[point=51.2 ready=0.0 fallback=0.0 inactive=0.0]/s noinfo=0.0/s stale=0.0/s unlearned=0.0/s attempts=14.8/s armed=14.8/s skipped=0.0/s busy=0.0/s arm-reject[state=0.0 request=0.0 refused=0.0 stopping=0.0 res=0.0 size=0.0]/s pool[cap=0.0 family=0.0 create=0.0 alloc=0.0]/s copy-drop[fence=0.0 reset=0.0 begin=0.0 end=0.0 submit=0.0]/s cf[seq=0.0/s idle=0.0/s nrfence=0.0/s] slotbusy=0.0/s copyfence-busy=0.0/s nr-gpuwait=14.6/s flips=0.0/s
01:59:03.108  [fg-relay] rate2: fginput eval=44.5/s index!=1=29.7/s eval-gate[off=0.0 fallback=0.0 notready=0.0 noinput=0.0 noqueue=0.0]/s relay eval=14.8/s consume=0.0/s inplace=14.8/s(ok 14.8/s) unarmed=0.0/s mismatch=0.0/s relbusy=0.0/s relok=14.8/s relfail=0.0/s release-stage[queue=0.0 pool=0.0 fence=0.0 reset=0.0 begin=0.0 end=0.0 submit=0.0]/s watchdog=0.0/s | worker plays=14.8/s ok=14.8/s fail=0.0/s nr_absent=0.0/s copyfail=0.0/s
01:59:03.108  [fg-relay] rate3: arm->arm avg=65.06ms max=4247.48ms n=397 | arm->work avg=0.01ms max=0.09ms | arm->eval avg=0.00ms max=0.00ms | copywait avg=0.008ms max=0.091ms | copy-land<= avg=65.17ms max=4246.95ms | work avg=9.46ms max=256.02ms | totals armed=398 unarmed=0 skipped=0 busy=0 mismatch=0 copies_failed=0 writes=398 conflicts=0
01:59:03.108  [fg-relay] rate4: throttle depth=1 off=0 | sleep calls=51.2/s waits=14.7/s clear=36.5/s timeouts=0.0/s avg=37.38ms | present calls=51.2/s waits=0.0/s clear=0.0/s timeouts=0.0/s avg=0.00ms | max=100.16ms (process)
01:59:12.639  [bridge] 600 frames delivered so far.
01:59:13.952  qpc=4514495169155 [fg-transition] start=4514495167979 frame=000000000000075C idx=2/3 queue=000000002EBC3CD0 reset=0 enable=1 recording=1 not-rendering=0 metering=0 fullscreen=0 slmode=1 known=0x17f hud=4408b4d0 back=40af00d0 real=0 interp=470896d0 bridge-lock=1 arm=623->623 result=1 disable-interp=0(known=0) foreground=1 monitors=0000000003DB2751/0000000003DB2751 cpu=0.117ms
01:59:13.952  qpc=4514495171246 [fg-transition] start=4514495170638 frame=000000000000075C idx=3/3 queue=000000002EBC3CD0 reset=0 enable=1 recording=1 not-rendering=0 metering=0 fullscreen=0 slmode=1 known=0x17f hud=4408b4d0 back=40af00d0 real=0 interp=47089cd0 bridge-lock=1 arm=623->623 result=1 disable-interp=0(known=0) foreground=1 monitors=0000000003DB2751/0000000003DB2751 cpu=0.061ms
01:59:14.061  qpc=4514496254495 [fg-transition] start=4514496236890 frame=000000000000075D idx=1/3 queue=000000002EBC3CD0 reset=0 enable=1 recording=1 not-rendering=0 metering=0 fullscreen=0 slmode=1 known=0x17f hud=4408b4d0 back=40af06d0 real=470890d0 interp=4708a2d0 bridge-lock=1 arm=623->624 result=1 disable-interp=0(known=0) foreground=1 monitors=0000000003DB2751/0000000003DB2751 cpu=1.760ms
01:59:14.061  qpc=4514496257501 [fg-transition] start=4514496256526 frame=000000000000075D idx=2/3 queue=000000002EBC3CD0 reset=0 enable=1 recording=1 not-rendering=0 metering=0 fullscreen=0 slmode=1 known=0x17f hud=4408b4d0 back=40af06d0 real=0 interp=47089cd0 bridge-lock=1 arm=624->624 result=1 disable-interp=0(known=0) foreground=1 monitors=0000000003DB2751/0000000003DB2751 cpu=0.097ms
01:59:14.062  qpc=4514496258767 [fg-transition] start=4514496258004 frame=000000000000075D idx=3/3 queue=000000002EBC3CD0 reset=0 enable=1 recording=1 not-rendering=0 metering=0 fullscreen=0 slmode=1 known=0x17f hud=4408b4d0 back=40af06d0 real=0 interp=470896d0 bridge-lock=1 arm=624->624 result=1 disable-interp=0(known=0) foreground=1 monitors=0000000003DB2751/0000000003DB2751 cpu=0.076ms
01:59:14.103  qpc=4514496685209 [fg-transition] start=4514496395694 frame=000000000000075E idx=1/3 queue=000000002EBC3CD0 reset=0 enable=1 recording=1 not-rendering=0 metering=0 fullscreen=0 slmode=1 known=0x17f hud=4408b4d0 back=40af12d0 real=4708a2d0 interp=470890d0 bridge-lock=1 arm=624->625 result=1 disable-interp=0(known=0) foreground=1 monitors=0000000003DB2751/0000000003DB2751 cpu=28.951ms
01:59:14.143  qpc=4514497082486 [fg-transition] start=4514497081251 frame=000000000000075E idx=2/3 queue=000000002EBC3CD0 reset=0 enable=1 recording=1 not-rendering=0 metering=0 fullscreen=0 slmode=1 known=0x17f hud=4408b4d0 back=40af12d0 real=0 interp=470896d0 bridge-lock=1 arm=625->625 result=1 disable-interp=0(known=0) foreground=1 monitors=0000000003DB2751/0000000003DB2751 cpu=0.123ms
01:59:14.143  qpc=4514497084617 [fg-transition] start=4514497084004 frame=000000000000075E idx=3/3 queue=000000002EBC3CD0 reset=0 enable=1 recording=1 not-rendering=0 metering=0 fullscreen=0 slmode=1 known=0x17f hud=4408b4d0 back=40af12d0 real=0 interp=47089cd0 bridge-lock=1 arm=625->625 result=1 disable-interp=0(known=0) foreground=1 monitors=0000000003DB2751/0000000003DB2751 cpu=0.061ms
01:59:14.152  qpc=4514497179470 [fg-transition] start=4514497085100 frame=000000000000075F idx=1/3 queue=000000002EBC3CD0 reset=0 enable=1 recording=1 not-rendering=0 metering=0 fullscreen=0 slmode=1 known=0x17f hud=4408b4d0 back=40af00d0 real=470890d0 interp=4708a2d0 bridge-lock=1 arm=625->626 result=1 disable-interp=0(known=0) foreground=1 monitors=0000000003DB2751/0000000003DB2751 cpu=9.437ms
01:59:14.192  qpc=4514497575753 [fg-transition] start=4514497574564 frame=000000000000075F idx=2/3 queue=000000002EBC3CD0 reset=0 enable=1 recording=1 not-rendering=0 metering=0 fullscreen=0 slmode=1 known=0x17f hud=4408b4d0 back=40af00d0 real=0 interp=47089cd0 bridge-lock=1 arm=626->626 result=1 disable-interp=0(known=0) foreground=1 monitors=0000000003DB2751/0000000003DB2751 cpu=0.119ms
01:59:14.192  qpc=4514497578063 [fg-transition] start=4514497577414 frame=000000000000075F idx=3/3 queue=000000002EBC3CD0 reset=0 enable=1 recording=1 not-rendering=0 metering=0 fullscreen=0 slmode=1 known=0x17f hud=4408b4d0 back=40af00d0 real=0 interp=470896d0 bridge-lock=1 arm=626->626 result=1 disable-interp=0(known=0) foreground=1 monitors=0000000003DB2751/0000000003DB2751 cpu=0.065ms
01:59:14.202  qpc=4514497678780 [fg-transition] start=4514497578532 frame=0000000000000760 idx=1/3 queue=000000002EBC3CD0 reset=0 enable=1 recording=1 not-rendering=0 metering=0 fullscreen=0 slmode=1 known=0x17f hud=4408b4d0 back=40af06d0 real=4708a2d0 interp=470890d0 bridge-lock=1 arm=626->627 result=1 disable-interp=0(known=0) foreground=1 monitors=0000000003DB2751/0000000003DB2751 cpu=10.024ms
01:59:14.559  qpc=4514501262676 [focus-fg] state: enabled=1 hooked=1 foreground=1 minimized=0 hwnd=000000000AD52FA0 scope_calls=636 original_false=325 kept=325 presents=1896 FG_evaluates=1903
01:59:16.445  qpc=4514520101844 [fg-transition] start=4514520100663 frame=000000000000078B idx=2/3 queue=000000002EBC3CD0 reset=0 enable=1 recording=1 not-rendering=0 metering=0 fullscreen=0 slmode=1 known=0x17f hud=4408b4d0 back=40af12d0 real=0 interp=47089cd0 bridge-lock=1 arm=670->670 result=1 disable-interp=0(known=0) foreground=0 monitors=0000000003DB2751/0000000067FB33F1 cpu=0.118ms
01:59:16.445  qpc=4514520103972 [fg-transition] start=4514520103330 frame=000000000000078B idx=3/3 queue=000000002EBC3CD0 reset=0 enable=1 recording=1 not-rendering=0 metering=0 fullscreen=0 slmode=1 known=0x17f hud=4408b4d0 back=40af12d0 real=0 interp=470896d0 bridge-lock=1 arm=670->670 result=1 disable-interp=0(known=0) foreground=0 monitors=0000000003DB2751/0000000067FB33F1 cpu=0.064ms
01:59:16.454  qpc=4514520197852 [fg-transition] start=4514520104432 frame=000000000000078C idx=1/3 queue=000000002EBC3CD0 reset=0 enable=1 recording=1 not-rendering=0 metering=0 fullscreen=0 slmode=1 known=0x17f hud=4408b4d0 back=40af00d0 real=4708a2d0 interp=470890d0 bridge-lock=1 arm=670->671 result=1 disable-interp=0(known=0) foreground=0 monitors=0000000003DB2751/0000000067FB33F1 cpu=9.342ms
01:59:16.493  qpc=4514520585428 [fg-transition] start=4514520584054 frame=000000000000078C idx=2/3 queue=000000002EBC3CD0 reset=0 enable=1 recording=1 not-rendering=0 metering=0 fullscreen=0 slmode=1 known=0x17f hud=4408b4d0 back=40af00d0 real=0 interp=470896d0 bridge-lock=1 arm=671->671 result=1 disable-interp=0(known=0) foreground=0 monitors=0000000003DB2751/0000000067FB33F1 cpu=0.137ms
01:59:16.494  qpc=4514520587753 [fg-transition] start=4514520587110 frame=000000000000078C idx=3/3 queue=000000002EBC3CD0 reset=0 enable=1 recording=1 not-rendering=0 metering=0 fullscreen=0 slmode=1 known=0x17f hud=4408b4d0 back=40af00d0 real=0 interp=47089cd0 bridge-lock=1 arm=671->671 result=1 disable-interp=0(known=0) foreground=0 monitors=0000000003DB2751/0000000067FB33F1 cpu=0.064ms
01:59:16.501  qpc=4514520666814 [fg-transition] start=4514520588224 frame=000000000000078D idx=1/3 queue=000000002EBC3CD0 reset=0 enable=1 recording=1 not-rendering=0 metering=0 fullscreen=0 slmode=1 known=0x17f hud=4408b4d0 back=40af06d0 real=470890d0 interp=4708a2d0 bridge-lock=1 arm=671->672 result=1 disable-interp=0(known=0) foreground=0 monitors=0000000003DB2751/0000000067FB33F1 cpu=7.859ms
01:59:16.539  qpc=4514521051255 [fg-transition] start=4514521050113 frame=000000000000078D idx=2/3 queue=000000002EBC3CD0 reset=0 enable=1 recording=1 not-rendering=0 metering=0 fullscreen=0 slmode=1 known=0x17f hud=4408b4d0 back=40af06d0 real=0 interp=47089cd0 bridge-lock=1 arm=672->672 result=1 disable-interp=0(known=0) foreground=0 monitors=0000000003DB2751/0000000067FB33F1 cpu=0.114ms
01:59:16.540  qpc=4514521053332 [fg-transition] start=4514521052726 frame=000000000000078D idx=3/3 queue=000000002EBC3CD0 reset=0 enable=1 recording=1 not-rendering=0 metering=0 fullscreen=0 slmode=1 known=0x17f hud=4408b4d0 back=40af06d0 real=0 interp=470896d0 bridge-lock=1 arm=672->672 result=1 disable-interp=0(known=0) foreground=0 monitors=0000000003DB2751/0000000067FB33F1 cpu=0.060ms
01:59:16.551  qpc=4514521151443 [fg-transition] start=4514521053804 frame=000000000000078E idx=1/3 queue=000000002EBC3CD0 reset=0 enable=1 recording=1 not-rendering=0 metering=0 fullscreen=0 slmode=1 known=0x17f hud=4408b4d0 back=40af12d0 real=4708a2d0 interp=470890d0 bridge-lock=1 arm=672->673 result=1 disable-interp=0(known=0) foreground=0 monitors=0000000003DB2751/0000000067FB33F1 cpu=9.764ms
01:59:16.551  qpc=4514521184932 [focus-fg] state: enabled=1 hooked=1 foreground=0 minimized=0 hwnd=000000000AD52FA0 scope_calls=674 original_false=327 kept=327 presents=1934 FG_evaluates=2020
01:59:16.587  qpc=4514521528167 [fg-transition] start=4514521526741 frame=000000000000078E idx=2/3 queue=000000002EBC3CD0 reset=0 enable=1 recording=1 not-rendering=0 metering=0 fullscreen=0 slmode=1 known=0x17f hud=4408b4d0 back=40af12d0 real=0 interp=470896d0 bridge-lock=1 arm=673->673 result=1 disable-interp=0(known=0) foreground=0 monitors=0000000003DB2751/0000000067FB33F1 cpu=0.142ms
01:59:16.587  qpc=4514521530507 [fg-transition] start=4514521529689 frame=000000000000078E idx=3/3 queue=000000002EBC3CD0 reset=0 enable=1 recording=1 not-rendering=0 metering=0 fullscreen=0 slmode=1 known=0x17f hud=4408b4d0 back=40af12d0 real=0 interp=47089cd0 bridge-lock=1 arm=673->673 result=1 disable-interp=0(known=0) foreground=0 monitors=0000000003DB2751/0000000067FB33F1 cpu=0.082ms
01:59:16.597  qpc=4514521625712 [fg-transition] start=4514521531062 frame=000000000000078F idx=1/3 queue=000000002EBC3CD0 reset=0 enable=1 recording=1 not-rendering=0 metering=0 fullscreen=0 slmode=1 known=0x17f hud=4408b4d0 back=40af00d0 real=470890d0 interp=4708a2d0 bridge-lock=1 arm=673->674 result=1 disable-interp=0(known=0) foreground=0 monitors=0000000003DB2751/0000000067FB33F1 cpu=9.465ms
01:59:18.131  [fg-relay] rate/15.0s p2 import_opt=1: presents=20.5/s present-gate[point=20.5 ready=0.0 fallback=0.0 inactive=0.0]/s noinfo=0.0/s stale=0.0/s unlearned=0.0/s attempts=20.5/s armed=20.5/s skipped=0.0/s busy=0.0/s arm-reject[state=0.0 request=0.0 refused=0.0 stopping=0.0 res=0.0 size=0.0]/s pool[cap=0.0 family=0.0 create=0.0 alloc=0.0]/s copy-drop[fence=0.0 reset=0.0 begin=0.0 end=0.0 submit=0.0]/s cf[seq=0.0/s idle=0.0/s nrfence=0.0/s] slotbusy=0.0/s copyfence-busy=0.0/s nr-gpuwait=20.2/s flips=0.0/s
01:59:18.132  [fg-relay] rate2: fginput eval=61.5/s index!=1=41.0/s eval-gate[off=0.0 fallback=0.0 notready=0.0 noinput=0.0 noqueue=0.0]/s relay eval=20.5/s consume=0.0/s inplace=20.5/s(ok 20.5/s) unarmed=0.0/s mismatch=0.0/s relbusy=0.0/s relok=20.5/s relfail=0.0/s release-stage[queue=0.0 pool=0.0 fence=0.0 reset=0.0 begin=0.0 end=0.0 submit=0.0]/s watchdog=0.0/s | worker plays=20.5/s ok=20.5/s fail=0.0/s nr_absent=0.0/s copyfail=0.0/s
01:59:18.132  [fg-relay] rate3: arm->arm avg=57.94ms max=4247.48ms n=705 | arm->work avg=0.01ms max=0.09ms | arm->eval avg=0.00ms max=0.00ms | copywait avg=0.008ms max=0.091ms | copy-land<= avg=58.23ms max=4246.95ms | work avg=9.10ms max=256.02ms | totals armed=706 unarmed=0 skipped=0 busy=0 mismatch=0 copies_failed=0 writes=706 conflicts=0
01:59:18.132  [fg-relay] rate4: throttle depth=1 off=0 | sleep calls=20.5/s waits=20.2/s clear=0.3/s timeouts=0.0/s avg=37.24ms | present calls=20.5/s waits=0.0/s clear=0.0/s timeouts=0.0/s avg=0.00ms | max=100.16ms (process)
01:59:19.830  qpc=4514553952991 [fg-transition] start=4514553951671 frame=00000000000007D2 idx=2/3 queue=000000002EBC3CD0 reset=0 enable=1 recording=1 not-rendering=0 metering=0 fullscreen=0 slmode=1 known=0x17f hud=4408b4d0 back=40af06d0 real=0 interp=470896d0 bridge-lock=1 arm=741->741 result=1 disable-interp=0(known=0) foreground=1 monitors=0000000003DB2751/0000000003DB2751 cpu=0.132ms
01:59:19.830  qpc=4514553955296 [fg-transition] start=4514553954663 frame=00000000000007D2 idx=3/3 queue=000000002EBC3CD0 reset=0 enable=1 recording=1 not-rendering=0 metering=0 fullscreen=0 slmode=1 known=0x17f hud=4408b4d0 back=40af06d0 real=0 interp=47089cd0 bridge-lock=1 arm=741->741 result=1 disable-interp=0(known=0) foreground=1 monitors=0000000003DB2751/0000000003DB2751 cpu=0.063ms
01:59:19.840  qpc=4514554060884 [fg-transition] start=4514553955803 frame=00000000000007D3 idx=1/3 queue=000000002EBC3CD0 reset=0 enable=1 recording=1 not-rendering=0 metering=0 fullscreen=0 slmode=1 known=0x17f hud=4408b4d0 back=40af12d0 real=470890d0 interp=4708a2d0 bridge-lock=1 arm=741->742 result=1 disable-interp=0(known=0) foreground=1 monitors=0000000003DB2751/0000000003DB2751 cpu=10.508ms
01:59:19.878  qpc=4514554437739 [fg-transition] start=4514554436540 frame=00000000000007D3 idx=2/3 queue=000000002EBC3CD0 reset=0 enable=1 recording=1 not-rendering=0 metering=0 fullscreen=0 slmode=1 known=0x17f hud=4408b4d0 back=40af12d0 real=0 interp=47089cd0 bridge-lock=1 arm=742->742 result=1 disable-interp=0(known=0) foreground=1 monitors=0000000003DB2751/0000000003DB2751 cpu=0.120ms
01:59:19.879  qpc=4514554439802 [fg-transition] start=4514554439193 frame=00000000000007D3 idx=3/3 queue=000000002EBC3CD0 reset=0 enable=1 recording=1 not-rendering=0 metering=0 fullscreen=0 slmode=1 known=0x17f hud=4408b4d0 back=40af12d0 real=0 interp=470896d0 bridge-lock=1 arm=742->742 result=1 disable-interp=0(known=0) foreground=1 monitors=0000000003DB2751/0000000003DB2751 cpu=0.061ms
01:59:19.889  qpc=4514554540502 [fg-transition] start=4514554440288 frame=00000000000007D4 idx=1/3 queue=000000002EBC3CD0 reset=0 enable=1 recording=1 not-rendering=0 metering=0 fullscreen=0 slmode=1 known=0x17f hud=4408b4d0 back=40af00d0 real=4708a2d0 interp=470890d0 bridge-lock=1 arm=742->743 result=1 disable-interp=0(known=0) foreground=1 monitors=0000000003DB2751/0000000003DB2751 cpu=10.021ms
01:59:19.927  qpc=4514554922625 [fg-transition] start=4514554919955 frame=00000000000007D4 idx=2/3 queue=000000002EBC3CD0 reset=0 enable=1 recording=1 not-rendering=0 metering=0 fullscreen=0 slmode=1 known=0x17f hud=4408b4d0 back=40af00d0 real=0 interp=470896d0 bridge-lock=1 arm=743->743 result=1 disable-interp=0(known=0) foreground=1 monitors=0000000003DB2751/0000000003DB2751 cpu=0.267ms
01:59:19.927  qpc=4514554924814 [fg-transition] start=4514554924167 frame=00000000000007D4 idx=3/3 queue=000000002EBC3CD0 reset=0 enable=1 recording=1 not-rendering=0 metering=0 fullscreen=0 slmode=1 known=0x17f hud=4408b4d0 back=40af00d0 real=0 interp=47089cd0 bridge-lock=1 arm=743->743 result=1 disable-interp=0(known=0) foreground=1 monitors=0000000003DB2751/0000000003DB2751 cpu=0.065ms
01:59:19.937  qpc=4514555026340 [fg-transition] start=4514554925444 frame=00000000000007D5 idx=1/3 queue=000000002EBC3CD0 reset=0 enable=1 recording=1 not-rendering=0 metering=0 fullscreen=0 slmode=1 known=0x17f hud=4408b4d0 back=40af06d0 real=470890d0 interp=4708a2d0 bridge-lock=1 arm=743->744 result=1 disable-interp=0(known=0) foreground=1 monitors=0000000003DB2751/0000000003DB2751 cpu=10.089ms
01:59:19.976  qpc=4514555414853 [fg-transition] start=4514555413745 frame=00000000000007D5 idx=2/3 queue=000000002EBC3CD0 reset=0 enable=1 recording=1 not-rendering=0 metering=0 fullscreen=0 slmode=1 known=0x17f hud=4408b4d0 back=40af06d0 real=0 interp=47089cd0 bridge-lock=1 arm=744->744 result=1 disable-interp=0(known=0) foreground=1 monitors=0000000003DB2751/0000000003DB2751 cpu=0.111ms
01:59:19.977  qpc=4514555416841 [fg-transition] start=4514555416244 frame=00000000000007D5 idx=3/3 queue=000000002EBC3CD0 reset=0 enable=1 recording=1 not-rendering=0 metering=0 fullscreen=0 slmode=1 known=0x17f hud=4408b4d0 back=40af06d0 real=0 interp=470896d0 bridge-lock=1 arm=744->744 result=1 disable-interp=0(known=0) foreground=1 monitors=0000000003DB2751/0000000003DB2751 cpu=0.060ms
01:59:19.985  qpc=4514555502690 [fg-transition] start=4514555417304 frame=00000000000007D6 idx=1/3 queue=000000002EBC3CD0 reset=0 enable=1 recording=1 not-rendering=0 metering=0 fullscreen=0 slmode=1 known=0x17f hud=4408b4d0 back=40af12d0 real=4708a2d0 interp=470890d0 bridge-lock=1 arm=744->745 result=1 disable-interp=0(known=0) foreground=1 monitors=0000000003DB2751/0000000003DB2751 cpu=8.538ms
01:59:20.619  qpc=4514561861085 [focus-fg] state: enabled=1 hooked=1 foreground=1 minimized=0 hwnd=000000000AD52FA0 scope_calls=760 original_false=395 kept=395 presents=2020 FG_evaluates=2275
01:59:33.156  [fg-relay] rate/15.0s p2 import_opt=1: presents=20.8/s present-gate[point=20.8 ready=0.0 fallback=0.0 inactive=0.0]/s noinfo=0.0/s stale=0.0/s unlearned=0.0/s attempts=20.8/s armed=20.8/s skipped=0.0/s busy=0.0/s arm-reject[state=0.0 request=0.0 refused=0.0 stopping=0.0 res=0.0 size=0.0]/s pool[cap=0.0 family=0.0 create=0.0 alloc=0.0]/s copy-drop[fence=0.0 reset=0.0 begin=0.0 end=0.0 submit=0.0]/s cf[seq=0.0/s idle=0.0/s nrfence=0.0/s] slotbusy=0.0/s copyfence-busy=0.0/s nr-gpuwait=20.8/s flips=0.0/s
01:59:33.156  [fg-relay] rate2: fginput eval=62.5/s index!=1=41.6/s eval-gate[off=0.0 fallback=0.0 notready=0.0 noinput=0.0 noqueue=0.0]/s relay eval=20.8/s consume=0.0/s inplace=20.8/s(ok 20.8/s) unarmed=0.0/s mismatch=0.0/s relbusy=0.0/s relok=20.8/s relfail=0.0/s release-stage[queue=0.0 pool=0.0 fence=0.0 reset=0.0 begin=0.0 end=0.0 submit=0.0]/s watchdog=0.0/s | worker plays=20.8/s ok=20.8/s fail=0.0/s nr_absent=0.0/s copyfail=0.0/s
01:59:33.157  [fg-relay] rate3: arm->arm avg=54.88ms max=4247.48ms n=1018 | arm->work avg=0.01ms max=0.19ms | arm->eval avg=0.00ms max=0.00ms | copywait avg=0.008ms max=0.091ms | copy-land<= avg=55.07ms max=4246.95ms | work avg=8.95ms max=256.02ms | totals armed=1019 unarmed=0 skipped=0 busy=0 mismatch=0 copies_failed=0 writes=1019 conflicts=0
01:59:33.157  [fg-relay] rate4: throttle depth=1 off=0 | sleep calls=20.8/s waits=20.8/s clear=0.0/s timeouts=0.0/s avg=36.88ms | present calls=20.8/s waits=0.0/s clear=0.0/s timeouts=0.0/s avg=0.00ms | max=100.16ms (process)
01:59:34.613  qpc=4514701779306 [fg-transition] start=4514701777610 frame=0000000000000906 idx=2/3 queue=000000002EBC3CD0 reset=0 enable=1 recording=1 not-rendering=0 metering=0 fullscreen=0 slmode=1 known=0x17f hud=4408b4d0 back=40af00d0 real=0 interp=470896d0 bridge-lock=1 arm=1049->1049 result=1 disable-interp=0(known=0) foreground=0 monitors=0000000003DB2751/0000000067FB33F1 cpu=0.169ms
01:59:34.613  qpc=4514701783277 [fg-transition] start=4514701781961 frame=0000000000000906 idx=3/3 queue=000000002EBC3CD0 reset=0 enable=1 recording=1 not-rendering=0 metering=0 fullscreen=0 slmode=1 known=0x17f hud=4408b4d0 back=40af00d0 real=0 interp=47089cd0 bridge-lock=1 arm=1049->1049 result=1 disable-interp=0(known=0) foreground=0 monitors=0000000003DB2751/0000000067FB33F1 cpu=0.131ms
01:59:34.621  qpc=4514701864634 [fg-transition] start=4514701784309 frame=0000000000000907 idx=1/3 queue=000000002EBC3CD0 reset=0 enable=1 recording=1 not-rendering=0 metering=0 fullscreen=0 slmode=1 known=0x17f hud=4408b4d0 back=40af06d0 real=470890d0 interp=4708a2d0 bridge-lock=1 arm=1049->1050 result=1 disable-interp=0(known=0) foreground=0 monitors=0000000003DB2751/0000000067FB33F1 cpu=8.032ms
01:59:34.660  qpc=4514702248207 [fg-transition] start=4514702246590 frame=0000000000000907 idx=2/3 queue=000000002EBC3CD0 reset=0 enable=1 recording=1 not-rendering=0 metering=0 fullscreen=0 slmode=1 known=0x17f hud=4408b4d0 back=40af06d0 real=0 interp=47089cd0 bridge-lock=1 arm=1050->1050 result=1 disable-interp=0(known=0) foreground=0 monitors=0000000003DB2751/0000000067FB33F1 cpu=0.161ms
01:59:34.660  qpc=4514702250604 [fg-transition] start=4514702249930 frame=0000000000000907 idx=3/3 queue=000000002EBC3CD0 reset=0 enable=1 recording=1 not-rendering=0 metering=0 fullscreen=0 slmode=1 known=0x17f hud=4408b4d0 back=40af06d0 real=0 interp=470896d0 bridge-lock=1 arm=1050->1050 result=1 disable-interp=0(known=0) foreground=0 monitors=0000000003DB2751/0000000067FB33F1 cpu=0.067ms
01:59:34.670  qpc=4514702350330 [fg-transition] start=4514702251093 frame=0000000000000908 idx=1/3 queue=000000002EBC3CD0 reset=0 enable=1 recording=1 not-rendering=0 metering=0 fullscreen=0 slmode=1 known=0x17f hud=4408b4d0 back=40af12d0 real=4708a2d0 interp=470890d0 bridge-lock=1 arm=1050->1051 result=1 disable-interp=0(known=0) foreground=0 monitors=0000000003DB2751/0000000067FB33F1 cpu=9.923ms
01:59:34.708  qpc=4514702734526 [fg-transition] start=4514702733445 frame=0000000000000908 idx=2/3 queue=000000002EBC3CD0 reset=0 enable=1 recording=1 not-rendering=0 metering=0 fullscreen=0 slmode=1 known=0x17f hud=4408b4d0 back=40af12d0 real=0 interp=470896d0 bridge-lock=1 arm=1051->1051 result=1 disable-interp=0(known=0) foreground=0 monitors=0000000003DB2751/0000000067FB33F1 cpu=0.108ms
01:59:34.708  qpc=4514702736573 [fg-transition] start=4514702735972 frame=0000000000000908 idx=3/3 queue=000000002EBC3CD0 reset=0 enable=1 recording=1 not-rendering=0 metering=0 fullscreen=0 slmode=1 known=0x17f hud=4408b4d0 back=40af12d0 real=0 interp=47089cd0 bridge-lock=1 arm=1051->1051 result=1 disable-interp=0(known=0) foreground=0 monitors=0000000003DB2751/0000000067FB33F1 cpu=0.060ms
01:59:34.837  qpc=4514704024401 [fg-transition] start=4514704002199 frame=0000000000000909 idx=1/3 queue=000000002EBC3CD0 reset=0 enable=1 recording=1 not-rendering=0 metering=0 fullscreen=0 slmode=1 known=0x17f hud=4408b4d0 back=40af00d0 real=470890d0 interp=4708a2d0 bridge-lock=1 arm=1051->1052 result=1 disable-interp=0(known=0) foreground=0 monitors=0000000003DB2751/0000000067FB33F1 cpu=2.220ms
01:59:34.837  qpc=4514704026560 [fg-transition] start=4514704025619 frame=0000000000000909 idx=2/3 queue=000000002EBC3CD0 reset=0 enable=1 recording=1 not-rendering=0 metering=0 fullscreen=0 slmode=1 known=0x17f hud=4408b4d0 back=40af00d0 real=0 interp=47089cd0 bridge-lock=1 arm=1052->1052 result=1 disable-interp=0(known=0) foreground=0 monitors=0000000003DB2751/0000000067FB33F1 cpu=0.094ms
01:59:34.837  qpc=4514704027981 [fg-transition] start=4514704027156 frame=0000000000000909 idx=3/3 queue=000000002EBC3CD0 reset=0 enable=1 recording=1 not-rendering=0 metering=0 fullscreen=0 slmode=1 known=0x17f hud=4408b4d0 back=40af00d0 real=0 interp=470896d0 bridge-lock=1 arm=1052->1052 result=1 disable-interp=0(known=0) foreground=0 monitors=0000000003DB2751/0000000067FB33F1 cpu=0.082ms
01:59:34.838  qpc=4514704041240 [focus-fg] state: enabled=1 hooked=1 foreground=0 minimized=0 hwnd=000000000AD52FA0 scope_calls=1053 original_false=398 kept=398 presents=2313 FG_evaluates=3159
01:59:34.877  qpc=4514704415383 [fg-transition] start=4514704105403 frame=000000000000090A idx=1/3 queue=000000002EBC3CD0 reset=0 enable=1 recording=1 not-rendering=0 metering=0 fullscreen=0 slmode=1 known=0x17f hud=4408b4d0 back=40af06d0 real=4708a2d0 interp=470890d0 bridge-lock=1 arm=1052->1053 result=1 disable-interp=0(known=0) foreground=0 monitors=0000000003DB2751/0000000067FB33F1 cpu=30.997ms
01:59:41.720  [bridge] 1200 frames delivered so far.
01:59:48.179  [fg-relay] rate/15.0s p2 import_opt=1: presents=21.1/s present-gate[point=21.1 ready=0.0 fallback=0.0 inactive=0.0]/s noinfo=0.0/s stale=0.0/s unlearned=0.0/s attempts=21.1/s armed=21.1/s skipped=0.0/s busy=0.0/s arm-reject[state=0.0 request=0.0 refused=0.0 stopping=0.0 res=0.0 size=0.0]/s pool[cap=0.0 family=0.0 create=0.0 alloc=0.0]/s copy-drop[fence=0.0 reset=0.0 begin=0.0 end=0.0 submit=0.0]/s cf[seq=0.0/s idle=0.0/s nrfence=0.0/s] slotbusy=0.0/s copyfence-busy=0.0/s nr-gpuwait=21.0/s flips=0.0/s
01:59:48.179  [fg-relay] rate2: fginput eval=63.3/s index!=1=42.2/s eval-gate[off=0.0 fallback=0.0 notready=0.0 noinput=0.0 noqueue=0.0]/s relay eval=21.1/s consume=0.0/s inplace=21.1/s(ok 21.1/s) unarmed=0.0/s mismatch=0.0/s relbusy=0.0/s relok=21.1/s relfail=0.0/s release-stage[queue=0.0 pool=0.0 fence=0.0 reset=0.0 begin=0.0 end=0.0 submit=0.0]/s watchdog=0.0/s | worker plays=21.1/s ok=21.1/s fail=0.0/s nr_absent=0.0/s copyfail=0.0/s
01:59:48.179  [fg-relay] rate3: arm->arm avg=53.11ms max=4247.48ms n=1335 | arm->work avg=0.01ms max=0.19ms | arm->eval avg=0.00ms max=0.00ms | copywait avg=0.008ms max=0.129ms | copy-land<= avg=53.29ms max=4246.95ms | work avg=8.84ms max=256.02ms | totals armed=1336 unarmed=0 skipped=0 busy=0 mismatch=0 copies_failed=0 writes=1336 conflicts=0
01:59:48.179  [fg-relay] rate4: throttle depth=1 off=0 | sleep calls=21.1/s waits=21.0/s clear=0.1/s timeouts=0.0/s avg=38.07ms | present calls=21.1/s waits=0.0/s clear=0.0/s timeouts=0.0/s avg=0.00ms | max=100.16ms (process)
01:59:51.183  qpc=4514867508646 [focus-fg] state: enabled=1 hooked=1 foreground=0 minimized=0 hwnd=000000000AD52FA0 scope_calls=1402 original_false=747 kept=747 presents=2662 FG_evaluates=4201
02:00:03.195  [fg-relay] rate/15.0s p2 import_opt=1: presents=21.0/s present-gate[point=21.0 ready=0.0 fallback=0.0 inactive=0.0]/s noinfo=0.0/s stale=0.0/s unlearned=0.0/s attempts=21.0/s armed=21.0/s skipped=0.0/s busy=0.0/s arm-reject[state=0.0 request=0.0 refused=0.0 stopping=0.0 res=0.0 size=0.0]/s pool[cap=0.0 family=0.0 create=0.0 alloc=0.0]/s copy-drop[fence=0.0 reset=0.0 begin=0.0 end=0.0 submit=0.0]/s cf[seq=0.0/s idle=0.0/s nrfence=0.0/s] slotbusy=0.0/s copyfence-busy=0.0/s nr-gpuwait=21.0/s flips=0.0/s
02:00:03.195  [fg-relay] rate2: fginput eval=63.1/s index!=1=42.1/s eval-gate[off=0.0 fallback=0.0 notready=0.0 noinput=0.0 noqueue=0.0]/s relay eval=21.0/s consume=0.0/s inplace=21.0/s(ok 21.0/s) unarmed=0.0/s mismatch=0.0/s relbusy=0.0/s relok=21.0/s relfail=0.0/s release-stage[queue=0.0 pool=0.0 fence=0.0 reset=0.0 begin=0.0 end=0.0 submit=0.0]/s watchdog=0.0/s | worker plays=21.0/s ok=21.0/s fail=0.0/s nr_absent=0.0/s copyfail=0.0/s
02:00:03.195  [fg-relay] rate3: arm->arm avg=52.04ms max=4247.48ms n=1651 | arm->work avg=0.01ms max=0.19ms | arm->eval avg=0.00ms max=0.00ms | copywait avg=0.008ms max=0.129ms | copy-land<= avg=52.17ms max=4246.95ms | work avg=8.79ms max=256.02ms | totals armed=1652 unarmed=0 skipped=0 busy=0 mismatch=0 copies_failed=0 writes=1652 conflicts=0
02:00:03.195  [fg-relay] rate4: throttle depth=1 off=0 | sleep calls=21.0/s waits=21.0/s clear=0.0/s timeouts=0.0/s avg=38.81ms | present calls=21.0/s waits=0.0/s clear=0.0/s timeouts=0.0/s avg=0.00ms | max=100.16ms (process)
02:00:08.346  qpc=4515039133590 [focus-fg] state: enabled=1 hooked=1 foreground=0 minimized=0 hwnd=000000000AD52FA0 scope_calls=1763 original_false=1108 kept=1108 presents=3023 FG_evaluates=5284
02:00:10.130  [bridge] 1800 frames delivered so far.
02:00:10.168  [fg-relay] armed by evaluate: hud=4408b4d0 back=40af06d0 depth=4408aed0 mv=4408a8d0 5120x2160 copy=1800 nr=1800 import=1 slot=0 arm=1800 gpu-wait-nr=1799 pending=1.
02:00:10.168  [fg-relay] evaluate: slot=0 nr=1800 import=1 stage=3.
02:00:10.176  [fg-relay] frame=1800 slot=0 nr=1800 ok=1 wrote=1 nr_entries=2 import=1 armed=1800 skipped=0 busy=0 mismatch=0 conflicts=0.
02:00:13.302  qpc=4515088666722 [fg-transition] start=4515088664637 frame=0000000000000C35 idx=2/3 queue=000000002EBC3CD0 reset=0 enable=1 recording=1 not-rendering=0 metering=0 fullscreen=0 slmode=1 known=0x17f hud=4408b4d0 back=40af12d0 real=0 interp=47089cd0 bridge-lock=1 arm=1864->1864 result=1 disable-interp=0(known=0) foreground=1 monitors=0000000003DB2751/0000000003DB2751 cpu=0.208ms
02:00:13.302  qpc=4515088669784 [fg-transition] start=4515088668942 frame=0000000000000C35 idx=3/3 queue=000000002EBC3CD0 reset=0 enable=1 recording=1 not-rendering=0 metering=0 fullscreen=0 slmode=1 known=0x17f hud=4408b4d0 back=40af12d0 real=0 interp=470896d0 bridge-lock=1 arm=1864->1864 result=1 disable-interp=0(known=0) foreground=1 monitors=0000000003DB2751/0000000003DB2751 cpu=0.084ms
02:00:13.327  qpc=4515088913436 [fg-transition] start=4515088890360 frame=0000000000000C36 idx=1/3 queue=000000002EBC3CD0 reset=0 enable=1 recording=1 not-rendering=0 metering=0 fullscreen=0 slmode=1 known=0x17f hud=4408b4d0 back=40af00d0 real=4708a2d0 interp=470890d0 bridge-lock=1 arm=1864->1865 result=1 disable-interp=0(known=0) foreground=1 monitors=0000000003DB2751/0000000003DB2751 cpu=2.307ms
02:00:13.352  qpc=4515089175063 [fg-transition] start=4515089173355 frame=0000000000000C36 idx=2/3 queue=000000002EBC3CD0 reset=0 enable=1 recording=1 not-rendering=0 metering=0 fullscreen=0 slmode=1 known=0x17f hud=4408b4d0 back=40af00d0 real=0 interp=470896d0 bridge-lock=1 arm=1865->1865 result=1 disable-interp=0(known=0) foreground=1 monitors=0000000003DB2751/0000000003DB2751 cpu=0.171ms
02:00:13.352  qpc=4515089178107 [fg-transition] start=4515089177026 frame=0000000000000C36 idx=3/3 queue=000000002EBC3CD0 reset=0 enable=1 recording=1 not-rendering=0 metering=0 fullscreen=0 slmode=1 known=0x17f hud=4408b4d0 back=40af00d0 real=0 interp=47089cd0 bridge-lock=1 arm=1865->1865 result=1 disable-interp=0(known=0) foreground=1 monitors=0000000003DB2751/0000000003DB2751 cpu=0.108ms
02:00:13.369  qpc=4515089348797 [fg-transition] start=4515089178868 frame=0000000000000C37 idx=1/3 queue=000000002EBC3CD0 reset=0 enable=1 recording=1 not-rendering=0 metering=0 fullscreen=0 slmode=1 known=0x17f hud=4408b4d0 back=40af06d0 real=470890d0 interp=4708a2d0 bridge-lock=1 arm=1865->1866 result=1 disable-interp=0(known=0) foreground=1 monitors=0000000003DB2751/0000000003DB2751 cpu=16.992ms
02:00:13.410  qpc=4515089751027 [fg-transition] start=4515089749308 frame=0000000000000C37 idx=2/3 queue=000000002EBC3CD0 reset=0 enable=1 recording=1 not-rendering=0 metering=0 fullscreen=0 slmode=1 known=0x17f hud=4408b4d0 back=40af06d0 real=0 interp=47089cd0 bridge-lock=1 arm=1866->1866 result=1 disable-interp=0(known=0) foreground=1 monitors=0000000003DB2751/0000000003DB2751 cpu=0.172ms
02:00:13.410  qpc=4515089753848 [fg-transition] start=4515089752857 frame=0000000000000C37 idx=3/3 queue=000000002EBC3CD0 reset=0 enable=1 recording=1 not-rendering=0 metering=0 fullscreen=0 slmode=1 known=0x17f hud=4408b4d0 back=40af06d0 real=0 interp=470896d0 bridge-lock=1 arm=1866->1866 result=1 disable-interp=0(known=0) foreground=1 monitors=0000000003DB2751/0000000003DB2751 cpu=0.099ms
02:00:13.421  qpc=4515089862929 [fg-transition] start=4515089754570 frame=0000000000000C38 idx=1/3 queue=000000002EBC3CD0 reset=0 enable=1 recording=1 not-rendering=0 metering=0 fullscreen=0 slmode=1 known=0x17f hud=4408b4d0 back=40af12d0 real=4708a2d0 interp=470890d0 bridge-lock=1 arm=1866->1867 result=1 disable-interp=0(known=0) foreground=1 monitors=0000000003DB2751/0000000003DB2751 cpu=10.835ms
02:00:13.436  qpc=4515090031711 [focus-fg] state: enabled=1 hooked=1 foreground=1 minimized=0 hwnd=000000000AD52FA0 scope_calls=1869 original_false=1210 kept=1210 presents=3129 FG_evaluates=5602
02:00:13.461  qpc=4515090268118 [fg-transition] start=4515090266767 frame=0000000000000C38 idx=2/3 queue=000000002EBC3CD0 reset=0 enable=1 recording=1 not-rendering=0 metering=0 fullscreen=0 slmode=1 known=0x17f hud=4408b4d0 back=40af12d0 real=0 interp=470896d0 bridge-lock=1 arm=1867->1867 result=1 disable-interp=0(known=0) foreground=1 monitors=0000000003DB2751/0000000003DB2751 cpu=0.135ms
02:00:13.462  qpc=4515090270331 [fg-transition] start=4515090269696 frame=0000000000000C38 idx=3/3 queue=000000002EBC3CD0 reset=0 enable=1 recording=1 not-rendering=0 metering=0 fullscreen=0 slmode=1 known=0x17f hud=4408b4d0 back=40af12d0 real=0 interp=47089cd0 bridge-lock=1 arm=1867->1867 result=1 disable-interp=0(known=0) foreground=1 monitors=0000000003DB2751/0000000003DB2751 cpu=0.063ms
02:00:13.471  qpc=4515090363988 [fg-transition] start=4515090270822 frame=0000000000000C39 idx=1/3 queue=000000002EBC3CD0 reset=0 enable=1 recording=1 not-rendering=0 metering=0 fullscreen=0 slmode=1 known=0x17f hud=4408b4d0 back=40af00d0 real=470890d0 interp=4708a2d0 bridge-lock=1 arm=1867->1868 result=1 disable-interp=0(known=0) foreground=1 monitors=0000000003DB2751/0000000003DB2751 cpu=9.316ms
02:00:18.213  [fg-relay] rate/15.0s p2 import_opt=1: presents=20.4/s present-gate[point=20.4 ready=0.0 fallback=0.0 inactive=0.0]/s noinfo=0.0/s stale=0.0/s unlearned=0.0/s attempts=20.4/s armed=20.4/s skipped=0.0/s busy=0.0/s arm-reject[state=0.0 request=0.0 refused=0.0 stopping=0.0 res=0.0 size=0.0]/s pool[cap=0.0 family=0.0 create=0.0 alloc=0.0]/s copy-drop[fence=0.0 reset=0.0 begin=0.0 end=0.0 submit=0.0]/s cf[seq=0.0/s idle=0.0/s nrfence=0.0/s] slotbusy=0.0/s copyfence-busy=0.0/s nr-gpuwait=20.4/s flips=0.0/s
02:00:18.213  [fg-relay] rate2: fginput eval=61.3/s index!=1=40.9/s eval-gate[off=0.0 fallback=0.0 notready=0.0 noinput=0.0 noqueue=0.0]/s relay eval=20.4/s consume=0.0/s inplace=20.4/s(ok 20.4/s) unarmed=0.0/s mismatch=0.0/s relbusy=0.0/s relok=20.4/s relfail=0.0/s release-stage[queue=0.0 pool=0.0 fence=0.0 reset=0.0 begin=0.0 end=0.0 submit=0.0]/s watchdog=0.0/s | worker plays=20.4/s ok=20.4/s fail=0.0/s nr_absent=0.0/s copyfail=0.0/s
02:00:18.213  [fg-relay] rate3: arm->arm avg=51.55ms max=4247.48ms n=1958 | arm->work avg=0.01ms max=0.19ms | arm->eval avg=0.00ms max=0.00ms | copywait avg=0.009ms max=0.144ms | copy-land<= avg=51.65ms max=4246.95ms | work avg=8.79ms max=256.02ms | totals armed=1959 unarmed=0 skipped=0 busy=0 mismatch=0 copies_failed=0 writes=1959 conflicts=0
02:00:18.213  [fg-relay] rate4: throttle depth=1 off=0 | sleep calls=20.4/s waits=20.4/s clear=0.1/s timeouts=0.0/s avg=38.10ms | present calls=20.4/s waits=0.0/s clear=0.0/s timeouts=0.0/s avg=0.00ms | max=100.16ms (process)
02:00:28.923  qpc=4515244899572 [focus-fg] state: enabled=1 hooked=1 foreground=1 minimized=0 hwnd=000000000AD52FA0 scope_calls=2168 original_false=1210 kept=1210 presents=3428 FG_evaluates=6499
02:00:33.249  [fg-relay] rate/15.0s p2 import_opt=1: presents=19.4/s present-gate[point=19.4 ready=0.0 fallback=0.0 inactive=0.0]/s noinfo=0.0/s stale=0.0/s unlearned=0.0/s attempts=19.4/s armed=19.4/s skipped=0.0/s busy=0.0/s arm-reject[state=0.0 request=0.0 refused=0.0 stopping=0.0 res=0.0 size=0.0]/s pool[cap=0.0 family=0.0 create=0.0 alloc=0.0]/s copy-drop[fence=0.0 reset=0.0 begin=0.0 end=0.0 submit=0.0]/s cf[seq=0.0/s idle=0.0/s nrfence=0.0/s] slotbusy=0.0/s copyfence-busy=0.0/s nr-gpuwait=19.4/s flips=0.0/s
02:00:33.250  [fg-relay] rate2: fginput eval=58.1/s index!=1=38.7/s eval-gate[off=0.0 fallback=0.0 notready=0.0 noinput=0.0 noqueue=0.0]/s relay eval=19.4/s consume=0.0/s inplace=19.4/s(ok 19.4/s) unarmed=0.0/s mismatch=0.0/s relbusy=0.0/s relok=19.4/s relfail=0.0/s release-stage[queue=0.0 pool=0.0 fence=0.0 reset=0.0 begin=0.0 end=0.0 submit=0.0]/s watchdog=0.0/s | worker plays=19.4/s ok=19.4/s fail=0.0/s nr_absent=0.0/s copyfail=0.0/s
02:00:33.250  [fg-relay] rate3: arm->arm avg=51.56ms max=4247.48ms n=2249 | arm->work avg=0.01ms max=0.19ms | arm->eval avg=0.00ms max=0.00ms | copywait avg=0.009ms max=0.144ms | copy-land<= avg=51.64ms max=4246.95ms | work avg=8.85ms max=256.02ms | totals armed=2250 unarmed=0 skipped=0 busy=0 mismatch=0 copies_failed=0 writes=2250 conflicts=0
02:00:33.250  [fg-relay] rate4: throttle depth=1 off=0 | sleep calls=19.4/s waits=19.4/s clear=0.0/s timeouts=0.0/s avg=38.97ms | present calls=19.4/s waits=0.0/s clear=0.0/s timeouts=0.0/s avg=0.00ms | max=100.16ms (process)
02:00:40.872  [bridge] 2400 frames delivered so far.
02:00:44.305  qpc=4515398728529 [focus-fg] state: enabled=1 hooked=1 foreground=1 minimized=0 hwnd=000000000AD52FA0 scope_calls=2468 original_false=1210 kept=1210 presents=3728 FG_evaluates=7399
02:00:48.242  [fg-relay] rate/15.0s p2 import_opt=1: presents=19.5/s present-gate[point=19.5 ready=0.0 fallback=0.0 inactive=0.0]/s noinfo=0.0/s stale=0.0/s unlearned=0.0/s attempts=19.5/s armed=19.5/s skipped=0.0/s busy=0.0/s arm-reject[state=0.0 request=0.0 refused=0.0 stopping=0.0 res=0.0 size=0.0]/s pool[cap=0.0 family=0.0 create=0.0 alloc=0.0]/s copy-drop[fence=0.0 reset=0.0 begin=0.0 end=0.0 submit=0.0]/s cf[seq=0.0/s idle=0.0/s nrfence=0.0/s] slotbusy=0.0/s copyfence-busy=0.0/s nr-gpuwait=19.5/s flips=0.0/s
02:00:48.243  [fg-relay] rate2: fginput eval=58.5/s index!=1=39.1/s eval-gate[off=0.0 fallback=0.0 notready=0.0 noinput=0.0 noqueue=0.0]/s relay eval=19.5/s consume=0.0/s inplace=19.5/s(ok 19.5/s) unarmed=0.0/s mismatch=0.0/s relbusy=0.0/s relok=19.5/s relfail=0.0/s release-stage[queue=0.0 pool=0.0 fence=0.0 reset=0.0 begin=0.0 end=0.0 submit=0.0]/s watchdog=0.0/s | worker plays=19.5/s ok=19.5/s fail=0.0/s nr_absent=0.0/s copyfail=0.0/s
02:00:48.243  [fg-relay] rate3: arm->arm avg=51.51ms max=4247.48ms n=2541 | arm->work avg=0.01ms max=0.19ms | arm->eval avg=0.00ms max=0.00ms | copywait avg=0.009ms max=0.144ms | copy-land<= avg=51.58ms max=4246.95ms | work avg=8.90ms max=256.02ms | totals armed=2542 unarmed=0 skipped=0 busy=0 mismatch=0 copies_failed=0 writes=2542 conflicts=0
02:00:48.243  [fg-relay] rate4: throttle depth=1 off=0 | sleep calls=19.5/s waits=19.5/s clear=0.1/s timeouts=0.0/s avg=40.34ms | present calls=19.5/s waits=0.0/s clear=0.0/s timeouts=0.0/s avg=0.00ms | max=100.16ms (process)
02:00:59.579  qpc=4515551459408 [focus-fg] state: enabled=1 hooked=1 foreground=1 minimized=0 hwnd=000000000AD52FA0 scope_calls=2767 original_false=1210 kept=1210 presents=4027 FG_evaluates=8296
02:01:03.258  [fg-relay] rate/15.0s p2 import_opt=1: presents=19.4/s present-gate[point=19.4 ready=0.0 fallback=0.0 inactive=0.0]/s noinfo=0.0/s stale=0.0/s unlearned=0.0/s attempts=19.4/s armed=19.4/s skipped=0.0/s busy=0.0/s arm-reject[state=0.0 request=0.0 refused=0.0 stopping=0.0 res=0.0 size=0.0]/s pool[cap=0.0 family=0.0 create=0.0 alloc=0.0]/s copy-drop[fence=0.0 reset=0.0 begin=0.0 end=0.0 submit=0.0]/s cf[seq=0.0/s idle=0.0/s nrfence=0.0/s] slotbusy=0.0/s copyfence-busy=0.0/s nr-gpuwait=19.4/s flips=0.0/s
02:01:03.259  [fg-relay] rate2: fginput eval=58.2/s index!=1=38.8/s eval-gate[off=0.0 fallback=0.0 notready=0.0 noinput=0.0 noqueue=0.0]/s relay eval=19.4/s consume=0.0/s inplace=19.4/s(ok 19.4/s) unarmed=0.0/s mismatch=0.0/s relbusy=0.0/s relok=19.4/s relfail=0.0/s release-stage[queue=0.0 pool=0.0 fence=0.0 reset=0.0 begin=0.0 end=0.0 submit=0.0]/s watchdog=0.0/s | worker plays=19.4/s ok=19.4/s fail=0.0/s nr_absent=0.0/s copyfail=0.0/s
02:01:03.259  [fg-relay] rate3: arm->arm avg=51.53ms max=4247.48ms n=2833 | arm->work avg=0.01ms max=0.19ms | arm->eval avg=0.00ms max=0.00ms | copywait avg=0.009ms max=0.144ms | copy-land<= avg=51.58ms max=4246.95ms | work avg=8.95ms max=256.02ms | totals armed=2834 unarmed=0 skipped=0 busy=0 mismatch=0 copies_failed=0 writes=2834 conflicts=0
02:01:03.259  [fg-relay] rate4: throttle depth=1 off=0 | sleep calls=19.4/s waits=19.4/s clear=0.0/s timeouts=0.0/s avg=40.48ms | present calls=19.4/s waits=0.0/s clear=0.0/s timeouts=0.0/s avg=0.00ms | max=100.16ms (process)
02:01:12.045  [bridge] 3000 frames delivered so far.
02:01:14.808  qpc=4515703755334 [focus-fg] state: enabled=1 hooked=1 foreground=1 minimized=0 hwnd=000000000AD52FA0 scope_calls=3053 original_false=1210 kept=1210 presents=4313 FG_evaluates=9154
02:01:18.280  [fg-relay] rate/15.0s p2 import_opt=1: presents=18.8/s present-gate[point=18.8 ready=0.0 fallback=0.0 inactive=0.0]/s noinfo=0.0/s stale=0.0/s unlearned=0.0/s attempts=18.8/s armed=18.8/s skipped=0.0/s busy=0.0/s arm-reject[state=0.0 request=0.0 refused=0.0 stopping=0.0 res=0.0 size=0.0]/s pool[cap=0.0 family=0.0 create=0.0 alloc=0.0]/s copy-drop[fence=0.0 reset=0.0 begin=0.0 end=0.0 submit=0.0]/s cf[seq=0.0/s idle=0.0/s nrfence=0.0/s] slotbusy=0.0/s copyfence-busy=0.0/s nr-gpuwait=18.8/s flips=0.0/s
02:01:18.280  [fg-relay] rate2: fginput eval=56.3/s index!=1=37.6/s eval-gate[off=0.0 fallback=0.0 notready=0.0 noinput=0.0 noqueue=0.0]/s relay eval=18.8/s consume=0.0/s inplace=18.8/s(ok 18.8/s) unarmed=0.0/s mismatch=0.0/s relbusy=0.0/s relok=18.8/s relfail=0.0/s release-stage[queue=0.0 pool=0.0 fence=0.0 reset=0.0 begin=0.0 end=0.0 submit=0.0]/s watchdog=0.0/s | worker plays=18.8/s ok=18.8/s fail=0.0/s nr_absent=0.0/s copyfail=0.0/s
02:01:18.280  [fg-relay] rate3: arm->arm avg=51.68ms max=4247.48ms n=3115 | arm->work avg=0.01ms max=0.19ms | arm->eval avg=0.00ms max=0.00ms | copywait avg=0.009ms max=0.144ms | copy-land<= avg=51.72ms max=4246.95ms | work avg=9.00ms max=256.02ms | totals armed=3116 unarmed=0 skipped=0 busy=0 mismatch=0 copies_failed=0 writes=3116 conflicts=0
02:01:18.280  [fg-relay] rate4: throttle depth=1 off=0 | sleep calls=18.8/s waits=18.8/s clear=0.0/s timeouts=0.0/s avg=41.57ms | present calls=18.8/s waits=0.0/s clear=0.0/s timeouts=0.0/s avg=0.00ms | max=100.16ms (process)
02:01:23.460  qpc=4515790246504 [focus-fg] game SetOptions unchanged: readable=1 version=4 mode=0 generated=1 flags=0x8 retain_when_off=1 guides=0x0 colour=0x0 result=0x0 foreground=1 minimized=0
02:01:25.213  [composition-guard] hidden: config=1 nr_at_fg=1 fg_running=0 window_shown=1
02:01:25.213  [fg-history] FG Reset burst starts; contract_changed=0 bridge_pending=1 foreground=1.
02:01:25.214  [fg-guides] output=5120x2160 depth=5120x2160 rect=0,0+5120x2160 mv=5120x2160 rect=0,0+5120x2160 mv-scale=5120,2160 carrier-scale=5120,2160 jitter=-0,0.166667 jittered=0 inverted=1 reset=1 gpu-nearest=0/0.
02:01:25.215  qpc=4515807792786 [focus-fg] game SetOptions unchanged: readable=1 version=4 mode=1 generated=3 flags=0x0 retain_when_off=0 guides=0x0 colour=0x0 result=0x0 foreground=1 minimized=0
02:01:25.219  qpc=4515807840403 [fg-transition] start=4515807800594 frame=000000000000125B idx=1/3 queue=000000002EBC3CD0 reset=1 enable=1 recording=1 not-rendering=0 metering=0 fullscreen=0 slmode=1 known=0x17f hud=4408b4d0 back=40af06d0 real=4708a2d0 interp=470890d0 bridge-lock=1 arm=3212->3213 result=1 disable-interp=0(known=0) foreground=1 monitors=0000000003DB2751/0000000003DB2751 cpu=3.981ms
02:01:25.219  qpc=4515807847970 [fg-transition] start=4515807847568 frame=000000000000125B idx=2/3 queue=000000002EBC3CD0 reset=1 enable=1 recording=1 not-rendering=0 metering=0 fullscreen=0 slmode=1 known=0x17f hud=4408b4d0 back=40af06d0 real=0 interp=470896d0 bridge-lock=1 arm=3213->3213 result=1 disable-interp=0(known=0) foreground=1 monitors=0000000003DB2751/0000000003DB2751 cpu=0.040ms
02:01:25.219  qpc=4515807851409 [fg-transition] start=4515807851158 frame=000000000000125B idx=3/3 queue=000000002EBC3CD0 reset=1 enable=1 recording=1 not-rendering=0 metering=0 fullscreen=0 slmode=1 known=0x17f hud=4408b4d0 back=40af06d0 real=0 interp=47089cd0 bridge-lock=1 arm=3213->3213 result=1 disable-interp=0(known=0) foreground=1 monitors=0000000003DB2751/0000000003DB2751 cpu=0.025ms
02:01:25.234  [fg-history] FG Reset burst ends: 1 real frames, 31 ms.
02:01:25.268  qpc=4515808328436 [fg-transition] start=4515808014196 frame=000000000000125C idx=1/3 queue=000000002EBC3CD0 reset=0 enable=1 recording=1 not-rendering=0 metering=0 fullscreen=0 slmode=1 known=0x17f hud=4408b4d0 back=40af12d0 real=470890d0 interp=4708a2d0 bridge-lock=1 arm=3213->3214 result=1 disable-interp=0(known=0) foreground=1 monitors=0000000003DB2751/0000000003DB2751 cpu=31.424ms
02:01:25.311  qpc=4515808760413 [fg-transition] start=4515808758012 frame=000000000000125C idx=2/3 queue=000000002EBC3CD0 reset=0 enable=1 recording=1 not-rendering=0 metering=0 fullscreen=0 slmode=1 known=0x17f hud=4408b4d0 back=40af12d0 real=0 interp=47089cd0 bridge-lock=1 arm=3214->3214 result=1 disable-interp=0(known=0) foreground=1 monitors=0000000003DB2751/0000000003DB2751 cpu=0.240ms
02:01:25.311  qpc=4515808762906 [fg-transition] start=4515808762198 frame=000000000000125C idx=3/3 queue=000000002EBC3CD0 reset=0 enable=1 recording=1 not-rendering=0 metering=0 fullscreen=0 slmode=1 known=0x17f hud=4408b4d0 back=40af12d0 real=0 interp=470896d0 bridge-lock=1 arm=3214->3214 result=1 disable-interp=0(known=0) foreground=1 monitors=0000000003DB2751/0000000003DB2751 cpu=0.071ms
02:01:25.315  qpc=4515808801283 [fg-transition] start=4515808763433 frame=000000000000125D idx=1/3 queue=000000002EBC3CD0 reset=0 enable=1 recording=1 not-rendering=0 metering=0 fullscreen=0 slmode=1 known=0x17f hud=4408b4d0 back=40af00d0 real=4708a2d0 interp=470890d0 bridge-lock=1 arm=3214->3215 result=1 disable-interp=0(known=0) foreground=1 monitors=0000000003DB2751/0000000003DB2751 cpu=3.785ms
02:01:25.360  qpc=4515809238146 [fg-transition] start=4515809236781 frame=000000000000125D idx=2/3 queue=000000002EBC3CD0 reset=0 enable=1 recording=1 not-rendering=0 metering=0 fullscreen=0 slmode=1 known=0x17f hud=4408b4d0 back=40af00d0 real=0 interp=470896d0 bridge-lock=1 arm=3215->3215 result=1 disable-interp=0(known=0) foreground=1 monitors=0000000003DB2751/0000000003DB2751 cpu=0.136ms
02:01:25.360  qpc=4515809240465 [fg-transition] start=4515809239807 frame=000000000000125D idx=3/3 queue=000000002EBC3CD0 reset=0 enable=1 recording=1 not-rendering=0 metering=0 fullscreen=0 slmode=1 known=0x17f hud=4408b4d0 back=40af00d0 real=0 interp=47089cd0 bridge-lock=1 arm=3215->3215 result=1 disable-interp=0(known=0) foreground=1 monitors=0000000003DB2751/0000000003DB2751 cpu=0.066ms
02:01:25.370  qpc=4515809359312 [fg-transition] start=4515809240922 frame=000000000000125E idx=1/3 queue=000000002EBC3CD0 reset=0 enable=1 recording=1 not-rendering=0 metering=0 fullscreen=0 slmode=1 known=0x17f hud=4408b4d0 back=40af06d0 real=470890d0 interp=4708a2d0 bridge-lock=1 arm=3215->3216 result=1 disable-interp=0(known=0) foreground=1 monitors=0000000003DB2751/0000000003DB2751 cpu=11.839ms
02:01:25.414  qpc=4515809796318 [fg-transition] start=4515809795030 frame=000000000000125E idx=2/3 queue=000000002EBC3CD0 reset=0 enable=1 recording=1 not-rendering=0 metering=0 fullscreen=0 slmode=1 known=0x17f hud=4408b4d0 back=40af06d0 real=0 interp=47089cd0 bridge-lock=1 arm=3216->3216 result=1 disable-interp=0(known=0) foreground=1 monitors=0000000003DB2751/0000000003DB2751 cpu=0.129ms
02:01:25.415  qpc=4515809798410 [fg-transition] start=4515809797796 frame=000000000000125E idx=3/3 queue=000000002EBC3CD0 reset=0 enable=1 recording=1 not-rendering=0 metering=0 fullscreen=0 slmode=1 known=0x17f hud=4408b4d0 back=40af06d0 real=0 interp=470896d0 bridge-lock=1 arm=3216->3216 result=1 disable-interp=0(known=0) foreground=1 monitors=0000000003DB2751/0000000003DB2751 cpu=0.061ms
02:01:25.434  qpc=4515809985501 [focus-fg] game SetOptions unchanged: readable=1 version=4 mode=0 generated=1 flags=0x8 retain_when_off=1 guides=0x0 colour=0x0 result=0x0 foreground=1 minimized=0
02:01:25.468  [composition-guard] shown at 3840,0 alpha=1
02:01:26.973  [composition-guard] hidden: config=1 nr_at_fg=1 fg_running=0 window_shown=1
02:01:30.094  qpc=4515856608569 [focus-fg] state: enabled=1 hooked=1 foreground=1 minimized=0 hwnd=000000000AD52FA0 scope_calls=3218 original_false=1210 kept=1210 presents=4939 FG_evaluates=9654
02:01:30.224  [fg-history] FG Reset burst starts; contract_changed=0 bridge_pending=1 foreground=1.
02:01:30.224  [fg-guides] output=5120x2160 depth=5120x2160 rect=0,0+5120x2160 mv=5120x2160 rect=0,0+5120x2160 mv-scale=5120,2160 carrier-scale=5120,2160 jitter=0.25,-0.166667 jittered=0 inverted=1 reset=1 gpu-nearest=0/0.
02:01:30.225  qpc=4515857898282 [focus-fg] game SetOptions unchanged: readable=1 version=4 mode=1 generated=3 flags=0x0 retain_when_off=0 guides=0x0 colour=0x0 result=0x0 foreground=1 minimized=0
02:01:30.228  qpc=4515857934218 [fg-transition] start=4515857906107 frame=000000000000134C idx=1/3 queue=000000002EBC3CD0 reset=1 enable=1 recording=1 not-rendering=0 metering=0 fullscreen=0 slmode=1 known=0x17f hud=4408b4d0 back=40af12d0 real=470890d0 interp=4708a2d0 bridge-lock=1 arm=3217->3218 result=1 disable-interp=0(known=0) foreground=1 monitors=0000000003DB2751/0000000003DB2751 cpu=2.811ms
02:01:30.228  qpc=4515857936599 [fg-transition] start=4515857936355 frame=000000000000134C idx=2/3 queue=000000002EBC3CD0 reset=1 enable=1 recording=1 not-rendering=0 metering=0 fullscreen=0 slmode=1 known=0x17f hud=4408b4d0 back=40af12d0 real=0 interp=47089cd0 bridge-lock=1 arm=3218->3218 result=1 disable-interp=0(known=0) foreground=1 monitors=0000000003DB2751/0000000003DB2751 cpu=0.024ms
02:01:30.228  qpc=4515857937111 [fg-transition] start=4515857937000 frame=000000000000134C idx=3/3 queue=000000002EBC3CD0 reset=1 enable=1 recording=1 not-rendering=0 metering=0 fullscreen=0 slmode=1 known=0x17f hud=4408b4d0 back=40af12d0 real=0 interp=470896d0 bridge-lock=1 arm=3218->3218 result=1 disable-interp=0(known=0) foreground=1 monitors=0000000003DB2751/0000000003DB2751 cpu=0.011ms
02:01:30.230  [composition-guard] shown at 3840,0 alpha=1
02:01:30.263  [fg-history] FG Reset burst ends: 1 real frames, 31 ms.
02:01:30.274  qpc=4515858389808 [fg-transition] start=4515858303554 frame=000000000000134D idx=1/3 queue=000000002EBC3CD0 reset=0 enable=1 recording=1 not-rendering=0 metering=0 fullscreen=0 slmode=1 known=0x17f hud=4408b4d0 back=40af00d0 real=4708a2d0 interp=470890d0 bridge-lock=1 arm=3218->3219 result=1 disable-interp=0(known=0) foreground=1 monitors=0000000003DB2751/0000000003DB2751 cpu=8.625ms
02:01:30.316  qpc=4515858815535 [fg-transition] start=4515858813721 frame=000000000000134D idx=2/3 queue=000000002EBC3CD0 reset=0 enable=1 recording=1 not-rendering=0 metering=0 fullscreen=0 slmode=1 known=0x17f hud=4408b4d0 back=40af00d0 real=0 interp=470896d0 bridge-lock=1 arm=3219->3219 result=1 disable-interp=0(known=0) foreground=1 monitors=0000000003DB2751/0000000003DB2751 cpu=0.181ms
02:01:30.317  qpc=4515858818390 [fg-transition] start=4515858817655 frame=000000000000134D idx=3/3 queue=000000002EBC3CD0 reset=0 enable=1 recording=1 not-rendering=0 metering=0 fullscreen=0 slmode=1 known=0x17f hud=4408b4d0 back=40af00d0 real=0 interp=47089cd0 bridge-lock=1 arm=3219->3219 result=1 disable-interp=0(known=0) foreground=1 monitors=0000000003DB2751/0000000003DB2751 cpu=0.073ms
02:01:30.338  qpc=4515859034133 [fg-transition] start=4515859011913 frame=000000000000134E idx=1/3 queue=000000002EBC3CD0 reset=0 enable=1 recording=1 not-rendering=0 metering=0 fullscreen=0 slmode=1 known=0x17f hud=4408b4d0 back=40af06d0 real=470890d0 interp=4708a2d0 bridge-lock=1 arm=3219->3220 result=1 disable-interp=0(known=0) foreground=1 monitors=0000000003DB2751/0000000003DB2751 cpu=2.221ms
02:01:30.367  qpc=4515859312381 [fg-transition] start=4515859310695 frame=000000000000134E idx=2/3 queue=000000002EBC3CD0 reset=0 enable=1 recording=1 not-rendering=0 metering=0 fullscreen=0 slmode=1 known=0x17f hud=4408b4d0 back=40af06d0 real=0 interp=47089cd0 bridge-lock=1 arm=3220->3220 result=1 disable-interp=0(known=0) foreground=1 monitors=0000000003DB2751/0000000003DB2751 cpu=0.168ms
02:01:30.367  qpc=4515859315427 [fg-transition] start=4515859314397 frame=000000000000134E idx=3/3 queue=000000002EBC3CD0 reset=0 enable=1 recording=1 not-rendering=0 metering=0 fullscreen=0 slmode=1 known=0x17f hud=4408b4d0 back=40af06d0 real=0 interp=470896d0 bridge-lock=1 arm=3220->3220 result=1 disable-interp=0(known=0) foreground=1 monitors=0000000003DB2751/0000000003DB2751 cpu=0.103ms
02:01:30.383  qpc=4515859476189 [fg-transition] start=4515859353425 frame=000000000000134F idx=1/3 queue=000000002EBC3CD0 reset=0 enable=1 recording=1 not-rendering=0 metering=0 fullscreen=0 slmode=1 known=0x17f hud=4408b4d0 back=40af12d0 real=4708a2d0 interp=470890d0 bridge-lock=1 arm=3220->3221 result=1 disable-interp=0(known=0) foreground=1 monitors=0000000003DB2751/0000000003DB2751 cpu=12.276ms
02:01:30.428  qpc=4515859925919 [fg-transition] start=4515859924142 frame=000000000000134F idx=2/3 queue=000000002EBC3CD0 reset=0 enable=1 recording=1 not-rendering=0 metering=0 fullscreen=0 slmode=1 known=0x17f hud=4408b4d0 back=40af12d0 real=0 interp=470896d0 bridge-lock=1 arm=3221->3221 result=1 disable-interp=0(known=0) foreground=1 monitors=0000000003DB2751/0000000003DB2751 cpu=0.177ms
02:01:30.428  qpc=4515859930475 [fg-transition] start=4515859929339 frame=000000000000134F idx=3/3 queue=000000002EBC3CD0 reset=0 enable=1 recording=1 not-rendering=0 metering=0 fullscreen=0 slmode=1 known=0x17f hud=4408b4d0 back=40af12d0 real=0 interp=47089cd0 bridge-lock=1 arm=3221->3221 result=1 disable-interp=0(known=0) foreground=1 monitors=0000000003DB2751/0000000003DB2751 cpu=0.113ms
02:01:33.313  [fg-relay] rate/15.0s p2 import_opt=1: presents=41.2/s present-gate[point=41.2 ready=0.0 fallback=0.0 inactive=0.0]/s noinfo=0.0/s stale=0.0/s unlearned=0.0/s attempts=10.6/s armed=10.6/s skipped=0.0/s busy=0.0/s arm-reject[state=0.0 request=0.0 refused=0.0 stopping=0.0 res=0.0 size=0.0]/s pool[cap=0.0 family=0.0 create=0.0 alloc=0.0]/s copy-drop[fence=0.0 reset=0.0 begin=0.0 end=0.0 submit=0.0]/s cf[seq=0.0/s idle=0.0/s nrfence=0.0/s] slotbusy=0.0/s copyfence-busy=0.0/s nr-gpuwait=10.2/s flips=0.0/s
02:01:33.313  [fg-relay] rate2: fginput eval=31.7/s index!=1=21.1/s eval-gate[off=0.0 fallback=0.0 notready=0.0 noinput=0.0 noqueue=0.0]/s relay eval=10.6/s consume=0.0/s inplace=10.6/s(ok 10.6/s) unarmed=0.0/s mismatch=0.0/s relbusy=0.0/s relok=10.6/s relfail=0.0/s release-stage[queue=0.0 pool=0.0 fence=0.0 reset=0.0 begin=0.0 end=0.0 submit=0.0]/s watchdog=0.0/s | worker plays=10.6/s ok=10.6/s fail=0.0/s nr_absent=0.0/s copyfail=0.0/s
02:01:33.314  [fg-relay] rate3: arm->arm avg=53.77ms max=4811.23ms n=3274 | arm->work avg=0.01ms max=0.19ms | arm->eval avg=0.00ms max=0.00ms | copywait avg=0.009ms max=0.144ms | copy-land<= avg=53.82ms max=4810.77ms | work avg=9.02ms max=256.02ms | totals armed=3275 unarmed=0 skipped=0 busy=0 mismatch=0 copies_failed=0 writes=3275 conflicts=0
02:01:33.314  [fg-relay] rate4: throttle depth=1 off=0 | sleep calls=41.2/s waits=10.5/s clear=30.7/s timeouts=0.0/s avg=35.02ms | present calls=41.2/s waits=0.0/s clear=0.0/s timeouts=0.0/s avg=0.00ms | max=100.16ms (process)
02:01:38.515  [fg-guides] output=5120x2160 depth=5120x2160 rect=0,0+5120x2160 mv=5120x2160 rect=0,0+5120x2160 mv-scale=5120,2160 carrier-scale=5120,2160 jitter=-0.375,-0.0555556 jittered=0 inverted=1 reset=1 gpu-nearest=0/0.
02:01:45.651  qpc=4516012185305 [focus-fg] state: enabled=1 hooked=1 foreground=1 minimized=0 hwnd=000000000AD52FA0 scope_calls=3498 original_false=1210 kept=1210 presents=5219 FG_evaluates=10489
02:01:48.323  [fg-relay] rate/15.0s p2 import_opt=1: presents=18.0/s present-gate[point=18.0 ready=0.0 fallback=0.0 inactive=0.0]/s noinfo=0.0/s stale=0.0/s unlearned=0.0/s attempts=18.0/s armed=18.0/s skipped=0.0/s busy=0.0/s arm-reject[state=0.0 request=0.0 refused=0.0 stopping=0.0 res=0.0 size=0.0]/s pool[cap=0.0 family=0.0 create=0.0 alloc=0.0]/s copy-drop[fence=0.0 reset=0.0 begin=0.0 end=0.0 submit=0.0]/s cf[seq=0.0/s idle=0.0/s nrfence=0.0/s] slotbusy=0.0/s copyfence-busy=0.0/s nr-gpuwait=17.7/s flips=0.0/s
02:01:48.323  [fg-relay] rate2: fginput eval=54.0/s index!=1=36.0/s eval-gate[off=0.0 fallback=0.0 notready=0.0 noinput=0.0 noqueue=0.0]/s relay eval=18.0/s consume=0.0/s inplace=18.0/s(ok 18.0/s) unarmed=0.0/s mismatch=0.0/s relbusy=0.0/s relok=18.0/s relfail=0.0/s release-stage[queue=0.0 pool=0.0 fence=0.0 reset=0.0 begin=0.0 end=0.0 submit=0.0]/s watchdog=0.0/s | worker plays=18.0/s ok=18.0/s fail=0.0/s nr_absent=0.0/s copyfail=0.0/s
02:01:48.323  [fg-relay] rate3: arm->arm avg=53.90ms max=4811.23ms n=3544 | arm->work avg=0.01ms max=0.19ms | arm->eval avg=0.00ms max=0.00ms | copywait avg=0.009ms max=0.144ms | copy-land<= avg=53.97ms max=4810.77ms | work avg=9.07ms max=256.02ms | totals armed=3545 unarmed=0 skipped=0 busy=0 mismatch=0 copies_failed=0 writes=3545 conflicts=0
02:01:48.323  [fg-relay] rate4: throttle depth=1 off=0 | sleep calls=18.0/s waits=17.8/s clear=0.2/s timeouts=0.0/s avg=40.22ms | present calls=18.0/s waits=0.0/s clear=0.0/s timeouts=0.0/s avg=0.00ms | max=100.16ms (process)
02:01:49.457  qpc=4516050223659 [fg-transition] start=4516050222417 frame=00000000000014A8 idx=2/3 queue=000000002EBC3CD0 reset=0 enable=1 recording=1 not-rendering=0 metering=0 fullscreen=0 slmode=1 known=0x17f hud=4408b4d0 back=40af12d0 real=0 interp=47089cd0 bridge-lock=1 arm=3566->3566 result=1 disable-interp=0(known=0) foreground=0 monitors=0000000003DB2751/0000000067FB33F1 cpu=0.124ms
02:01:49.457  qpc=4516050225722 [fg-transition] start=4516050225108 frame=00000000000014A8 idx=3/3 queue=000000002EBC3CD0 reset=0 enable=1 recording=1 not-rendering=0 metering=0 fullscreen=0 slmode=1 known=0x17f hud=4408b4d0 back=40af12d0 real=0 interp=470896d0 bridge-lock=1 arm=3566->3566 result=1 disable-interp=0(known=0) foreground=0 monitors=0000000003DB2751/0000000067FB33F1 cpu=0.061ms
02:01:49.465  qpc=4516050300447 [fg-transition] start=4516050226186 frame=00000000000014A9 idx=1/3 queue=000000002EBC3CD0 reset=0 enable=1 recording=1 not-rendering=0 metering=0 fullscreen=0 slmode=1 known=0x17f hud=4408b4d0 back=40af00d0 real=4708a2d0 interp=470890d0 bridge-lock=1 arm=3566->3567 result=1 disable-interp=0(known=0) foreground=0 monitors=0000000003DB2751/0000000067FB33F1 cpu=7.426ms
02:01:49.506  qpc=4516050714010 [fg-transition] start=4516050712760 frame=00000000000014A9 idx=2/3 queue=000000002EBC3CD0 reset=0 enable=1 recording=1 not-rendering=0 metering=0 fullscreen=0 slmode=1 known=0x17f hud=4408b4d0 back=40af00d0 real=0 interp=470896d0 bridge-lock=1 arm=3567->3567 result=1 disable-interp=0(known=0) foreground=0 monitors=0000000003DB2751/0000000067FB33F1 cpu=0.125ms
02:01:49.506  qpc=4516050716210 [fg-transition] start=4516050715571 frame=00000000000014A9 idx=3/3 queue=000000002EBC3CD0 reset=0 enable=1 recording=1 not-rendering=0 metering=0 fullscreen=0 slmode=1 known=0x17f hud=4408b4d0 back=40af00d0 real=0 interp=47089cd0 bridge-lock=1 arm=3567->3567 result=1 disable-interp=0(known=0) foreground=0 monitors=0000000003DB2751/0000000067FB33F1 cpu=0.064ms
02:01:49.514  qpc=4516050794350 [fg-transition] start=4516050716696 frame=00000000000014AA idx=1/3 queue=000000002EBC3CD0 reset=0 enable=1 recording=1 not-rendering=0 metering=0 fullscreen=0 slmode=1 known=0x17f hud=4408b4d0 back=40af06d0 real=470890d0 interp=4708a2d0 bridge-lock=1 arm=3567->3568 result=1 disable-interp=0(known=0) foreground=0 monitors=0000000003DB2751/0000000067FB33F1 cpu=7.765ms
02:01:49.556  qpc=4516051211518 [fg-transition] start=4516051210263 frame=00000000000014AA idx=2/3 queue=000000002EBC3CD0 reset=0 enable=1 recording=1 not-rendering=0 metering=0 fullscreen=0 slmode=1 known=0x17f hud=4408b4d0 back=40af06d0 real=0 interp=47089cd0 bridge-lock=1 arm=3568->3568 result=1 disable-interp=0(known=0) foreground=0 monitors=0000000003DB2751/0000000067FB33F1 cpu=0.125ms
02:01:49.556  qpc=4516051213941 [fg-transition] start=4516051213100 frame=00000000000014AA idx=3/3 queue=000000002EBC3CD0 reset=0 enable=1 recording=1 not-rendering=0 metering=0 fullscreen=0 slmode=1 known=0x17f hud=4408b4d0 back=40af06d0 real=0 interp=470896d0 bridge-lock=1 arm=3568->3568 result=1 disable-interp=0(known=0) foreground=0 monitors=0000000003DB2751/0000000067FB33F1 cpu=0.084ms
02:01:49.567  qpc=4516051314723 [fg-transition] start=4516051214485 frame=00000000000014AB idx=1/3 queue=000000002EBC3CD0 reset=0 enable=1 recording=1 not-rendering=0 metering=0 fullscreen=0 slmode=1 known=0x17f hud=4408b4d0 back=40af12d0 real=4708a2d0 interp=470890d0 bridge-lock=1 arm=3568->3569 result=1 disable-interp=0(known=0) foreground=0 monitors=0000000003DB2751/0000000067FB33F1 cpu=10.023ms
02:01:49.607  qpc=4516051725448 [fg-transition] start=4516051723576 frame=00000000000014AB idx=2/3 queue=000000002EBC3CD0 reset=0 enable=1 recording=1 not-rendering=0 metering=0 fullscreen=0 slmode=1 known=0x17f hud=4408b4d0 back=40af12d0 real=0 interp=470896d0 bridge-lock=1 arm=3569->3569 result=1 disable-interp=0(known=0) foreground=0 monitors=0000000003DB2751/0000000067FB33F1 cpu=0.187ms
02:01:49.607  qpc=4516051727722 [fg-transition] start=4516051727062 frame=00000000000014AB idx=3/3 queue=000000002EBC3CD0 reset=0 enable=1 recording=1 not-rendering=0 metering=0 fullscreen=0 slmode=1 known=0x17f hud=4408b4d0 back=40af12d0 real=0 interp=47089cd0 bridge-lock=1 arm=3569->3569 result=1 disable-interp=0(known=0) foreground=0 monitors=0000000003DB2751/0000000067FB33F1 cpu=0.066ms
02:01:49.693  qpc=4516052587938 [fg-transition] start=4516052562080 frame=00000000000014AC idx=1/3 queue=000000002EBC3CD0 reset=0 enable=1 recording=1 not-rendering=0 metering=0 fullscreen=0 slmode=1 known=0x17f hud=4408b4d0 back=40af00d0 real=470890d0 interp=4708a2d0 bridge-lock=1 arm=3569->3570 result=1 disable-interp=0(known=0) foreground=0 monitors=0000000003DB2751/0000000067FB33F1 cpu=2.585ms
02:01:49.694  qpc=4516052607430 [focus-fg] state: enabled=1 hooked=1 foreground=0 minimized=0 hwnd=000000000AD52FA0 scope_calls=3571 original_false=1213 kept=1213 presents=5292 FG_evaluates=10713
02:01:51.139  [bridge] 3600 frames delivered so far.
02:01:51.179  [fg-relay] armed by evaluate: hud=4408b4d0 back=40af00d0 depth=4408aed0 mv=4408a8d0 5120x2160 copy=3600 nr=3600 import=1 slot=0 arm=3600 gpu-wait-nr=3599 pending=1.
02:01:51.179  [fg-relay] evaluate: slot=0 nr=3600 import=1 stage=3.
02:01:51.189  [fg-relay] frame=3600 slot=0 nr=3600 ok=1 wrote=1 nr_entries=2 import=1 armed=3600 skipped=0 busy=0 mismatch=0 conflicts=0.
02:01:58.097  qpc=4516136622909 [fg-transition] start=4516136621545 frame=0000000000001555 idx=2/3 queue=000000002EBC3CD0 reset=0 enable=1 recording=1 not-rendering=0 metering=0 fullscreen=0 slmode=1 known=0x17f hud=4408b4d0 back=40af06d0 real=0 interp=470896d0 bridge-lock=1 arm=3739->3739 result=1 disable-interp=0(known=0) foreground=1 monitors=0000000003DB2751/0000000003DB2751 cpu=0.136ms
02:01:58.098  qpc=4516136625210 [fg-transition] start=4516136624568 frame=0000000000001555 idx=3/3 queue=000000002EBC3CD0 reset=0 enable=1 recording=1 not-rendering=0 metering=0 fullscreen=0 slmode=1 known=0x17f hud=4408b4d0 back=40af06d0 real=0 interp=47089cd0 bridge-lock=1 arm=3739->3739 result=1 disable-interp=0(known=0) foreground=1 monitors=0000000003DB2751/0000000003DB2751 cpu=0.064ms
02:01:58.110  qpc=4516136750362 [fg-transition] start=4516136637437 frame=0000000000001556 idx=1/3 queue=000000002EBC3CD0 reset=0 enable=1 recording=1 not-rendering=0 metering=0 fullscreen=0 slmode=1 known=0x17f hud=4408b4d0 back=40af12d0 real=470890d0 interp=4708a2d0 bridge-lock=1 arm=3739->3740 result=1 disable-interp=0(known=0) foreground=1 monitors=0000000003DB2751/0000000003DB2751 cpu=11.292ms
02:01:58.151  qpc=4516137158464 [fg-transition] start=4516137156811 frame=0000000000001556 idx=2/3 queue=000000002EBC3CD0 reset=0 enable=1 recording=1 not-rendering=0 metering=0 fullscreen=0 slmode=1 known=0x17f hud=4408b4d0 back=40af12d0 real=0 interp=47089cd0 bridge-lock=1 arm=3740->3740 result=1 disable-interp=0(known=0) foreground=1 monitors=0000000003DB2751/0000000003DB2751 cpu=0.165ms
02:01:58.151  qpc=4516137161162 [fg-transition] start=4516137160420 frame=0000000000001556 idx=3/3 queue=000000002EBC3CD0 reset=0 enable=1 recording=1 not-rendering=0 metering=0 fullscreen=0 slmode=1 known=0x17f hud=4408b4d0 back=40af12d0 real=0 interp=470896d0 bridge-lock=1 arm=3740->3740 result=1 disable-interp=0(known=0) foreground=1 monitors=0000000003DB2751/0000000003DB2751 cpu=0.074ms
02:01:58.165  qpc=4516137306286 [fg-transition] start=4516137161723 frame=0000000000001557 idx=1/3 queue=000000002EBC3CD0 reset=0 enable=1 recording=1 not-rendering=0 metering=0 fullscreen=0 slmode=1 known=0x17f hud=4408b4d0 back=40af00d0 real=4708a2d0 interp=470890d0 bridge-lock=1 arm=3740->3741 result=1 disable-interp=0(known=0) foreground=1 monitors=0000000003DB2751/0000000003DB2751 cpu=14.456ms
02:01:58.205  qpc=4516137702908 [fg-transition] start=4516137701554 frame=0000000000001557 idx=2/3 queue=000000002EBC3CD0 reset=0 enable=1 recording=1 not-rendering=0 metering=0 fullscreen=0 slmode=1 known=0x17f hud=4408b4d0 back=40af00d0 real=0 interp=470896d0 bridge-lock=1 arm=3741->3741 result=1 disable-interp=0(known=0) foreground=1 monitors=0000000003DB2751/0000000003DB2751 cpu=0.135ms
02:01:58.205  qpc=4516137705245 [fg-transition] start=4516137704626 frame=0000000000001557 idx=3/3 queue=000000002EBC3CD0 reset=0 enable=1 recording=1 not-rendering=0 metering=0 fullscreen=0 slmode=1 known=0x17f hud=4408b4d0 back=40af00d0 real=0 interp=47089cd0 bridge-lock=1 arm=3741->3741 result=1 disable-interp=0(known=0) foreground=1 monitors=0000000003DB2751/0000000003DB2751 cpu=0.062ms
02:01:58.222  qpc=4516137875503 [fg-transition] start=4516137705729 frame=0000000000001558 idx=1/3 queue=000000002EBC3CD0 reset=0 enable=1 recording=1 not-rendering=0 metering=0 fullscreen=0 slmode=1 known=0x17f hud=4408b4d0 back=40af06d0 real=470890d0 interp=4708a2d0 bridge-lock=1 arm=3741->3742 result=1 disable-interp=0(known=0) foreground=1 monitors=0000000003DB2751/0000000003DB2751 cpu=16.977ms
02:01:58.263  qpc=4516138282607 [fg-transition] start=4516138281262 frame=0000000000001558 idx=2/3 queue=000000002EBC3CD0 reset=0 enable=1 recording=1 not-rendering=0 metering=0 fullscreen=0 slmode=1 known=0x17f hud=4408b4d0 back=40af06d0 real=0 interp=47089cd0 bridge-lock=1 arm=3742->3742 result=1 disable-interp=0(known=0) foreground=1 monitors=0000000003DB2751/0000000003DB2751 cpu=0.134ms
02:01:58.263  qpc=4516138285092 [fg-transition] start=4516138284483 frame=0000000000001558 idx=3/3 queue=000000002EBC3CD0 reset=0 enable=1 recording=1 not-rendering=0 metering=0 fullscreen=0 slmode=1 known=0x17f hud=4408b4d0 back=40af06d0 real=0 interp=470896d0 bridge-lock=1 arm=3742->3742 result=1 disable-interp=0(known=0) foreground=1 monitors=0000000003DB2751/0000000003DB2751 cpu=0.061ms
02:01:58.273  qpc=4516138389662 [fg-transition] start=4516138285600 frame=0000000000001559 idx=1/3 queue=000000002EBC3CD0 reset=0 enable=1 recording=1 not-rendering=0 metering=0 fullscreen=0 slmode=1 known=0x17f hud=4408b4d0 back=40af12d0 real=4708a2d0 interp=470890d0 bridge-lock=1 arm=3742->3743 result=1 disable-interp=0(known=0) foreground=1 monitors=0000000003DB2751/0000000003DB2751 cpu=10.406ms
02:01:58.951  qpc=4516145185257 [focus-fg] state: enabled=1 hooked=1 foreground=1 minimized=0 hwnd=000000000AD52FA0 scope_calls=3758 original_false=1382 kept=1382 presents=5479 FG_evaluates=11269
02:02:03.334  [fg-relay] rate/15.0s p2 import_opt=1: presents=19.8/s present-gate[point=19.8 ready=0.0 fallback=0.0 inactive=0.0]/s noinfo=0.0/s stale=0.0/s unlearned=0.0/s attempts=19.8/s armed=19.8/s skipped=0.0/s busy=0.0/s arm-reject[state=0.0 request=0.0 refused=0.0 stopping=0.0 res=0.0 size=0.0]/s pool[cap=0.0 family=0.0 create=0.0 alloc=0.0]/s copy-drop[fence=0.0 reset=0.0 begin=0.0 end=0.0 submit=0.0]/s cf[seq=0.0/s idle=0.0/s nrfence=0.0/s] slotbusy=0.0/s copyfence-busy=0.0/s nr-gpuwait=19.7/s flips=0.0/s
02:02:03.334  [fg-relay] rate2: fginput eval=59.3/s index!=1=39.6/s eval-gate[off=0.0 fallback=0.0 notready=0.0 noinput=0.0 noqueue=0.0]/s relay eval=19.8/s consume=0.0/s inplace=19.8/s(ok 19.8/s) unarmed=0.0/s mismatch=0.0/s relbusy=0.0/s relok=19.8/s relfail=0.0/s release-stage[queue=0.0 pool=0.0 fence=0.0 reset=0.0 begin=0.0 end=0.0 submit=0.0]/s watchdog=0.0/s | worker plays=19.8/s ok=19.8/s fail=0.0/s nr_absent=0.0/s copyfail=0.0/s
02:02:03.334  [fg-relay] rate3: arm->arm avg=53.64ms max=4811.23ms n=3841 | arm->work avg=0.01ms max=0.19ms | arm->eval avg=0.00ms max=0.00ms | copywait avg=0.009ms max=0.144ms | copy-land<= avg=53.72ms max=4810.77ms | work avg=9.09ms max=256.02ms | totals armed=3842 unarmed=0 skipped=0 busy=0 mismatch=0 copies_failed=0 writes=3842 conflicts=0
02:02:03.334  [fg-relay] rate4: throttle depth=1 off=0 | sleep calls=19.8/s waits=19.7/s clear=0.1/s timeouts=0.0/s avg=41.20ms | present calls=19.8/s waits=0.0/s clear=0.0/s timeouts=0.0/s avg=0.00ms | max=100.16ms (process)
02:02:14.227  qpc=4516297942879 [focus-fg] state: enabled=1 hooked=1 foreground=1 minimized=0 hwnd=000000000AD52FA0 scope_calls=4059 original_false=1382 kept=1382 presents=5780 FG_evaluates=12172
02:02:18.342  [fg-relay] rate/15.0s p2 import_opt=1: presents=19.8/s present-gate[point=19.8 ready=0.0 fallback=0.0 inactive=0.0]/s noinfo=0.0/s stale=0.0/s unlearned=0.0/s attempts=19.8/s armed=19.8/s skipped=0.0/s busy=0.0/s arm-reject[state=0.0 request=0.0 refused=0.0 stopping=0.0 res=0.0 size=0.0]/s pool[cap=0.0 family=0.0 create=0.0 alloc=0.0]/s copy-drop[fence=0.0 reset=0.0 begin=0.0 end=0.0 submit=0.0]/s cf[seq=0.0/s idle=0.0/s nrfence=0.0/s] slotbusy=0.0/s copyfence-busy=0.0/s nr-gpuwait=19.7/s flips=0.0/s
02:02:18.343  [fg-relay] rate2: fginput eval=59.4/s index!=1=39.6/s eval-gate[off=0.0 fallback=0.0 notready=0.0 noinput=0.0 noqueue=0.0]/s relay eval=19.8/s consume=0.0/s inplace=19.8/s(ok 19.8/s) unarmed=0.0/s mismatch=0.0/s relbusy=0.0/s relok=19.8/s relfail=0.0/s release-stage[queue=0.0 pool=0.0 fence=0.0 reset=0.0 begin=0.0 end=0.0 submit=0.0]/s watchdog=0.0/s | worker plays=19.8/s ok=19.8/s fail=0.0/s nr_absent=0.0/s copyfail=0.0/s
02:02:18.343  [fg-relay] rate3: arm->arm avg=53.42ms max=4811.23ms n=4138 | arm->work avg=0.01ms max=0.19ms | arm->eval avg=0.00ms max=0.00ms | copywait avg=0.009ms max=0.144ms | copy-land<= avg=53.49ms max=4810.77ms | work avg=9.10ms max=256.02ms | totals armed=4139 unarmed=0 skipped=0 busy=0 mismatch=0 copies_failed=0 writes=4139 conflicts=0
02:02:18.343  [fg-relay] rate4: throttle depth=1 off=0 | sleep calls=19.8/s waits=19.8/s clear=0.0/s timeouts=0.0/s avg=39.94ms | present calls=19.8/s waits=0.0/s clear=0.0/s timeouts=0.0/s avg=0.00ms | max=100.16ms (process)
02:02:21.324  [bridge] 4200 frames delivered so far.
02:02:31.408  qpc=4516469757124 [focus-fg] state: enabled=1 hooked=1 foreground=1 minimized=0 hwnd=000000000AD52FA0 scope_calls=4402 original_false=1382 kept=1382 presents=6123 FG_evaluates=13201
02:02:33.360  [fg-relay] rate/15.0s p2 import_opt=1: presents=20.0/s present-gate[point=20.0 ready=0.0 fallback=0.0 inactive=0.0]/s noinfo=0.0/s stale=0.0/s unlearned=0.0/s attempts=20.0/s armed=20.0/s skipped=0.0/s busy=0.0/s arm-reject[state=0.0 request=0.0 refused=0.0 stopping=0.0 res=0.0 size=0.0]/s pool[cap=0.0 family=0.0 create=0.0 alloc=0.0]/s copy-drop[fence=0.0 reset=0.0 begin=0.0 end=0.0 submit=0.0]/s cf[seq=0.0/s idle=0.0/s nrfence=0.0/s] slotbusy=0.0/s copyfence-busy=0.0/s nr-gpuwait=20.0/s flips=0.0/s
02:02:33.361  [fg-relay] rate2: fginput eval=59.9/s index!=1=39.9/s eval-gate[off=0.0 fallback=0.0 notready=0.0 noinput=0.0 noqueue=0.0]/s relay eval=20.0/s consume=0.0/s inplace=20.0/s(ok 20.0/s) unarmed=0.0/s mismatch=0.0/s relbusy=0.0/s relok=20.0/s relfail=0.0/s release-stage[queue=0.0 pool=0.0 fence=0.0 reset=0.0 begin=0.0 end=0.0 submit=0.0]/s watchdog=0.0/s | worker plays=20.0/s ok=20.0/s fail=0.0/s nr_absent=0.0/s copyfail=0.0/s
02:02:33.361  [fg-relay] rate3: arm->arm avg=53.20ms max=4811.23ms n=4438 | arm->work avg=0.01ms max=0.19ms | arm->eval avg=0.00ms max=0.00ms | copywait avg=0.009ms max=0.144ms | copy-land<= avg=53.25ms max=4810.77ms | work avg=9.11ms max=256.02ms | totals armed=4439 unarmed=0 skipped=0 busy=0 mismatch=0 copies_failed=0 writes=4439 conflicts=0
02:02:33.361  [fg-relay] rate4: throttle depth=1 off=0 | sleep calls=20.0/s waits=20.0/s clear=0.0/s timeouts=0.0/s avg=39.81ms | present calls=20.0/s waits=0.0/s clear=0.0/s timeouts=0.0/s avg=0.00ms | max=100.16ms (process)
02:02:46.745  qpc=4516623123933 [focus-fg] state: enabled=1 hooked=1 foreground=1 minimized=0 hwnd=000000000AD52FA0 scope_calls=4702 original_false=1382 kept=1382 presents=6423 FG_evaluates=14101
02:02:48.408  [fg-relay] rate/15.0s p2 import_opt=1: presents=19.5/s present-gate[point=19.5 ready=0.0 fallback=0.0 inactive=0.0]/s noinfo=0.0/s stale=0.0/s unlearned=0.0/s attempts=19.5/s armed=19.5/s skipped=0.0/s busy=0.0/s arm-reject[state=0.0 request=0.0 refused=0.0 stopping=0.0 res=0.0 size=0.0]/s pool[cap=0.0 family=0.0 create=0.0 alloc=0.0]/s copy-drop[fence=0.0 reset=0.0 begin=0.0 end=0.0 submit=0.0]/s cf[seq=0.0/s idle=0.0/s nrfence=0.0/s] slotbusy=0.0/s copyfence-busy=0.0/s nr-gpuwait=19.5/s flips=0.0/s
02:02:48.408  [fg-relay] rate2: fginput eval=58.4/s index!=1=38.9/s eval-gate[off=0.0 fallback=0.0 notready=0.0 noinput=0.0 noqueue=0.0]/s relay eval=19.5/s consume=0.0/s inplace=19.5/s(ok 19.5/s) unarmed=0.0/s mismatch=0.0/s relbusy=0.0/s relok=19.5/s relfail=0.0/s release-stage[queue=0.0 pool=0.0 fence=0.0 reset=0.0 begin=0.0 end=0.0 submit=0.0]/s watchdog=0.0/s | worker plays=19.5/s ok=19.5/s fail=0.0/s nr_absent=0.0/s copyfail=0.0/s
02:02:48.408  [fg-relay] rate3: arm->arm avg=53.08ms max=4811.23ms n=4731 | arm->work avg=0.01ms max=0.19ms | arm->eval avg=0.00ms max=0.00ms | copywait avg=0.009ms max=0.144ms | copy-land<= avg=53.13ms max=4810.77ms | work avg=9.13ms max=256.02ms | totals armed=4732 unarmed=0 skipped=0 busy=0 mismatch=0 copies_failed=0 writes=4732 conflicts=0
02:02:48.408  [fg-relay] rate4: throttle depth=1 off=0 | sleep calls=19.5/s waits=19.5/s clear=0.0/s timeouts=0.0/s avg=40.75ms | present calls=19.5/s waits=0.0/s clear=0.0/s timeouts=0.0/s avg=0.00ms | max=100.16ms (process)
02:02:51.755  [bridge] 4800 frames delivered so far.
02:03:02.095  qpc=4516776629038 [focus-fg] state: enabled=1 hooked=1 foreground=1 minimized=0 hwnd=000000000AD52FA0 scope_calls=5003 original_false=1382 kept=1382 presents=6724 FG_evaluates=15004
02:03:03.420  [fg-relay] rate/15.0s p2 import_opt=1: presents=19.7/s present-gate[point=19.7 ready=0.0 fallback=0.0 inactive=0.0]/s noinfo=0.0/s stale=0.0/s unlearned=0.0/s attempts=19.7/s armed=19.7/s skipped=0.0/s busy=0.0/s arm-reject[state=0.0 request=0.0 refused=0.0 stopping=0.0 res=0.0 size=0.0]/s pool[cap=0.0 family=0.0 create=0.0 alloc=0.0]/s copy-drop[fence=0.0 reset=0.0 begin=0.0 end=0.0 submit=0.0]/s cf[seq=0.0/s idle=0.0/s nrfence=0.0/s] slotbusy=0.0/s copyfence-busy=0.0/s nr-gpuwait=19.7/s flips=0.0/s
02:03:03.421  [fg-relay] rate2: fginput eval=59.0/s index!=1=39.3/s eval-gate[off=0.0 fallback=0.0 notready=0.0 noinput=0.0 noqueue=0.0]/s relay eval=19.7/s consume=0.0/s inplace=19.7/s(ok 19.7/s) unarmed=0.0/s mismatch=0.0/s relbusy=0.0/s relok=19.7/s relfail=0.0/s release-stage[queue=0.0 pool=0.0 fence=0.0 reset=0.0 begin=0.0 end=0.0 submit=0.0]/s watchdog=0.0/s | worker plays=19.7/s ok=19.7/s fail=0.0/s nr_absent=0.0/s copyfail=0.0/s
02:03:03.421  [fg-relay] rate3: arm->arm avg=52.95ms max=4811.23ms n=5026 | arm->work avg=0.01ms max=0.19ms | arm->eval avg=0.00ms max=0.00ms | copywait avg=0.009ms max=0.144ms | copy-land<= avg=53.00ms max=4810.77ms | work avg=9.15ms max=256.02ms | totals armed=5027 unarmed=0 skipped=0 busy=0 mismatch=0 copies_failed=0 writes=5027 conflicts=0
02:03:03.421  [fg-relay] rate4: throttle depth=1 off=0 | sleep calls=19.7/s waits=19.7/s clear=0.0/s timeouts=0.0/s avg=40.52ms | present calls=19.7/s waits=0.0/s clear=0.0/s timeouts=0.0/s avg=0.00ms | max=100.16ms (process)
02:03:17.351  qpc=4516929193200 [focus-fg] state: enabled=1 hooked=1 foreground=1 minimized=0 hwnd=000000000AD52FA0 scope_calls=5303 original_false=1382 kept=1382 presents=7024 FG_evaluates=15904
02:03:18.444  [fg-relay] rate/15.0s p2 import_opt=1: presents=19.7/s present-gate[point=19.7 ready=0.0 fallback=0.0 inactive=0.0]/s noinfo=0.0/s stale=0.0/s unlearned=0.0/s attempts=19.7/s armed=19.7/s skipped=0.0/s busy=0.0/s arm-reject[state=0.0 request=0.0 refused=0.0 stopping=0.0 res=0.0 size=0.0]/s pool[cap=0.0 family=0.0 create=0.0 alloc=0.0]/s copy-drop[fence=0.0 reset=0.0 begin=0.0 end=0.0 submit=0.0]/s cf[seq=0.0/s idle=0.0/s nrfence=0.0/s] slotbusy=0.0/s copyfence-busy=0.0/s nr-gpuwait=19.7/s flips=0.0/s
02:03:18.444  [fg-relay] rate2: fginput eval=59.1/s index!=1=39.4/s eval-gate[off=0.0 fallback=0.0 notready=0.0 noinput=0.0 noqueue=0.0]/s relay eval=19.7/s consume=0.0/s inplace=19.7/s(ok 19.7/s) unarmed=0.0/s mismatch=0.0/s relbusy=0.0/s relok=19.7/s relfail=0.0/s release-stage[queue=0.0 pool=0.0 fence=0.0 reset=0.0 begin=0.0 end=0.0 submit=0.0]/s watchdog=0.0/s | worker plays=19.7/s ok=19.7/s fail=0.0/s nr_absent=0.0/s copyfail=0.0/s
02:03:18.444  [fg-relay] rate3: arm->arm avg=52.83ms max=4811.23ms n=5322 | arm->work avg=0.01ms max=0.19ms | arm->eval avg=0.00ms max=0.00ms | copywait avg=0.009ms max=0.144ms | copy-land<= avg=52.87ms max=4810.77ms | work avg=9.17ms max=256.02ms | totals armed=5323 unarmed=0 skipped=0 busy=0 mismatch=0 copies_failed=0 writes=5323 conflicts=0
02:03:18.444  [fg-relay] rate4: throttle depth=1 off=0 | sleep calls=19.7/s waits=19.7/s clear=0.0/s timeouts=0.0/s avg=41.99ms | present calls=19.7/s waits=0.0/s clear=0.0/s timeouts=0.0/s avg=0.00ms | max=100.16ms (process)
02:03:22.240  [bridge] 5400 frames delivered so far.
02:03:22.282  [fg-relay] armed by evaluate: hud=4408b4d0 back=40af00d0 depth=4408aed0 mv=4408a8d0 5120x2160 copy=5400 nr=5400 import=1 slot=0 arm=5400 gpu-wait-nr=5399 pending=1.
02:03:22.283  [fg-relay] evaluate: slot=0 nr=5400 import=1 stage=3.
02:03:22.291  [fg-relay] frame=5400 slot=0 nr=5400 ok=1 wrote=1 nr_entries=2 import=1 armed=5400 skipped=0 busy=0 mismatch=0 conflicts=0.
02:03:30.468  qpc=4517060330064 [fg-transition] start=4517060328799 frame=0000000000001C74 idx=2/3 queue=000000002EBC3CD0 reset=0 enable=1 recording=1 not-rendering=0 metering=0 fullscreen=0 slmode=1 known=0x17f hud=4408b4d0 back=40af00d0 real=0 interp=47089cd0 bridge-lock=1 arm=5562->5562 result=1 disable-interp=0(known=0) foreground=0 monitors=0000000003DB2751/0000000067FB33F1 cpu=0.126ms
02:03:30.469  qpc=4517060333307 [fg-transition] start=4517060332122 frame=0000000000001C74 idx=3/3 queue=000000002EBC3CD0 reset=0 enable=1 recording=1 not-rendering=0 metering=0 fullscreen=0 slmode=1 known=0x17f hud=4408b4d0 back=40af00d0 real=0 interp=470896d0 bridge-lock=1 arm=5562->5562 result=1 disable-interp=0(known=0) foreground=0 monitors=0000000003DB2751/0000000067FB33F1 cpu=0.118ms
02:03:30.477  qpc=4517060418477 [fg-transition] start=4517060334227 frame=0000000000001C75 idx=1/3 queue=000000002EBC3CD0 reset=0 enable=1 recording=1 not-rendering=0 metering=0 fullscreen=0 slmode=1 known=0x17f hud=4408b4d0 back=40af06d0 real=4708a2d0 interp=470890d0 bridge-lock=1 arm=5562->5563 result=1 disable-interp=0(known=0) foreground=0 monitors=0000000003DB2751/0000000067FB33F1 cpu=8.425ms
02:03:30.517  qpc=4517060822280 [fg-transition] start=4517060821054 frame=0000000000001C75 idx=2/3 queue=000000002EBC3CD0 reset=0 enable=1 recording=1 not-rendering=0 metering=0 fullscreen=0 slmode=1 known=0x17f hud=4408b4d0 back=40af06d0 real=0 interp=470896d0 bridge-lock=1 arm=5563->5563 result=1 disable-interp=0(known=0) foreground=0 monitors=0000000003DB2751/0000000067FB33F1 cpu=0.122ms
02:03:30.517  qpc=4517060824436 [fg-transition] start=4517060823827 frame=0000000000001C75 idx=3/3 queue=000000002EBC3CD0 reset=0 enable=1 recording=1 not-rendering=0 metering=0 fullscreen=0 slmode=1 known=0x17f hud=4408b4d0 back=40af06d0 real=0 interp=47089cd0 bridge-lock=1 arm=5563->5563 result=1 disable-interp=0(known=0) foreground=0 monitors=0000000003DB2751/0000000067FB33F1 cpu=0.061ms
02:03:30.525  qpc=4517060911344 [fg-transition] start=4517060824914 frame=0000000000001C76 idx=1/3 queue=000000002EBC3CD0 reset=0 enable=1 recording=1 not-rendering=0 metering=0 fullscreen=0 slmode=1 known=0x17f hud=4408b4d0 back=40af12d0 real=470890d0 interp=4708a2d0 bridge-lock=1 arm=5563->5564 result=1 disable-interp=0(known=0) foreground=0 monitors=0000000003DB2751/0000000067FB33F1 cpu=8.643ms
02:03:30.566  qpc=4517061310423 [fg-transition] start=4517061308822 frame=0000000000001C76 idx=2/3 queue=000000002EBC3CD0 reset=0 enable=1 recording=1 not-rendering=0 metering=0 fullscreen=0 slmode=1 known=0x17f hud=4408b4d0 back=40af12d0 real=0 interp=47089cd0 bridge-lock=1 arm=5564->5564 result=1 disable-interp=0(known=0) foreground=0 monitors=0000000003DB2751/0000000067FB33F1 cpu=0.160ms
02:03:30.566  qpc=4517061313162 [fg-transition] start=4517061312198 frame=0000000000001C76 idx=3/3 queue=000000002EBC3CD0 reset=0 enable=1 recording=1 not-rendering=0 metering=0 fullscreen=0 slmode=1 known=0x17f hud=4408b4d0 back=40af12d0 real=0 interp=470896d0 bridge-lock=1 arm=5564->5564 result=1 disable-interp=0(known=0) foreground=0 monitors=0000000003DB2751/0000000067FB33F1 cpu=0.096ms
02:03:30.575  qpc=4517061406972 [fg-transition] start=4517061313770 frame=0000000000001C77 idx=1/3 queue=000000002EBC3CD0 reset=0 enable=1 recording=1 not-rendering=0 metering=0 fullscreen=0 slmode=1 known=0x17f hud=4408b4d0 back=40af00d0 real=4708a2d0 interp=470890d0 bridge-lock=1 arm=5564->5565 result=1 disable-interp=0(known=0) foreground=0 monitors=0000000003DB2751/0000000067FB33F1 cpu=9.320ms
02:03:30.617  qpc=4517061808513 [fg-transition] start=4517061806097 frame=0000000000001C77 idx=2/3 queue=000000002EBC3CD0 reset=0 enable=1 recording=1 not-rendering=0 metering=0 fullscreen=0 slmode=1 known=0x17f hud=4408b4d0 back=40af00d0 real=0 interp=470896d0 bridge-lock=1 arm=5565->5565 result=1 disable-interp=0(known=0) foreground=0 monitors=0000000003DB2751/0000000067FB33F1 cpu=0.241ms
02:03:30.617  qpc=4517061811776 [fg-transition] start=4517061810660 frame=0000000000001C77 idx=3/3 queue=000000002EBC3CD0 reset=0 enable=1 recording=1 not-rendering=0 metering=0 fullscreen=0 slmode=1 known=0x17f hud=4408b4d0 back=40af00d0 real=0 interp=47089cd0 bridge-lock=1 arm=5565->5565 result=1 disable-interp=0(known=0) foreground=0 monitors=0000000003DB2751/0000000067FB33F1 cpu=0.111ms
02:03:30.624  qpc=4517061895985 [fg-transition] start=4517061867282 frame=0000000000001C78 idx=1/3 queue=000000002EBC3CD0 reset=0 enable=1 recording=1 not-rendering=0 metering=0 fullscreen=0 slmode=1 known=0x17f hud=4408b4d0 back=40af06d0 real=470890d0 interp=4708a2d0 bridge-lock=1 arm=5565->5566 result=1 disable-interp=0(known=0) foreground=0 monitors=0000000003DB2751/0000000067FB33F1 cpu=2.870ms
02:03:31.405  qpc=4517069695349 [fg-transition] start=4517069693779 frame=0000000000001C87 idx=2/3 queue=000000002EBC3CD0 reset=0 enable=1 recording=1 not-rendering=0 metering=0 fullscreen=0 slmode=1 known=0x17f hud=4408b4d0 back=40af06d0 real=0 interp=470896d0 bridge-lock=1 arm=5581->5581 result=1 disable-interp=0(known=0) foreground=1 monitors=0000000003DB2751/0000000003DB2751 cpu=0.157ms
02:03:31.405  qpc=4517069698081 [fg-transition] start=4517069697144 frame=0000000000001C87 idx=3/3 queue=000000002EBC3CD0 reset=0 enable=1 recording=1 not-rendering=0 metering=0 fullscreen=0 slmode=1 known=0x17f hud=4408b4d0 back=40af06d0 real=0 interp=47089cd0 bridge-lock=1 arm=5581->5581 result=1 disable-interp=0(known=0) foreground=1 monitors=0000000003DB2751/0000000003DB2751 cpu=0.094ms
02:03:31.457  qpc=4517070217682 [fg-transition] start=4517070216397 frame=0000000000001C88 idx=2/3 queue=000000002EBC3CD0 reset=0 enable=1 recording=1 not-rendering=0 metering=0 fullscreen=0 slmode=1 known=0x17f hud=4408b4d0 back=40af12d0 real=0 interp=47089cd0 bridge-lock=1 arm=5582->5582 result=1 disable-interp=0(known=0) foreground=1 monitors=0000000003DB2751/0000000003DB2751 cpu=0.128ms
02:03:31.457  qpc=4517070219882 [fg-transition] start=4517070219255 frame=0000000000001C88 idx=3/3 queue=000000002EBC3CD0 reset=0 enable=1 recording=1 not-rendering=0 metering=0 fullscreen=0 slmode=1 known=0x17f hud=4408b4d0 back=40af12d0 real=0 interp=470896d0 bridge-lock=1 arm=5582->5582 result=1 disable-interp=0(known=0) foreground=1 monitors=0000000003DB2751/0000000003DB2751 cpu=0.063ms
02:03:31.470  qpc=4517070356458 [fg-transition] start=4517070220324 frame=0000000000001C89 idx=1/3 queue=000000002EBC3CD0 reset=0 enable=1 recording=1 not-rendering=0 metering=0 fullscreen=0 slmode=1 known=0x17f hud=4408b4d0 back=40af00d0 real=4708a2d0 interp=470890d0 bridge-lock=1 arm=5582->5583 result=1 disable-interp=0(known=0) foreground=1 monitors=0000000003DB2751/0000000003DB2751 cpu=13.613ms
02:03:31.511  qpc=4517070764527 [fg-transition] start=4517070763410 frame=0000000000001C89 idx=2/3 queue=000000002EBC3CD0 reset=0 enable=1 recording=1 not-rendering=0 metering=0 fullscreen=0 slmode=1 known=0x17f hud=4408b4d0 back=40af00d0 real=0 interp=470896d0 bridge-lock=1 arm=5583->5583 result=1 disable-interp=0(known=0) foreground=1 monitors=0000000003DB2751/0000000003DB2751 cpu=0.111ms
02:03:31.511  qpc=4517070766604 [fg-transition] start=4517070765996 frame=0000000000001C89 idx=3/3 queue=000000002EBC3CD0 reset=0 enable=1 recording=1 not-rendering=0 metering=0 fullscreen=0 slmode=1 known=0x17f hud=4408b4d0 back=40af00d0 real=0 interp=47089cd0 bridge-lock=1 arm=5583->5583 result=1 disable-interp=0(known=0) foreground=1 monitors=0000000003DB2751/0000000003DB2751 cpu=0.061ms
02:03:31.521  qpc=4517070864785 [fg-transition] start=4517070767057 frame=0000000000001C8A idx=1/3 queue=000000002EBC3CD0 reset=0 enable=1 recording=1 not-rendering=0 metering=0 fullscreen=0 slmode=1 known=0x17f hud=4408b4d0 back=40af06d0 real=470890d0 interp=4708a2d0 bridge-lock=1 arm=5583->5584 result=1 disable-interp=0(known=0) foreground=1 monitors=0000000003DB2751/0000000003DB2751 cpu=9.773ms
02:03:31.562  qpc=4517071274096 [fg-transition] start=4517071273001 frame=0000000000001C8A idx=2/3 queue=000000002EBC3CD0 reset=0 enable=1 recording=1 not-rendering=0 metering=0 fullscreen=0 slmode=1 known=0x17f hud=4408b4d0 back=40af06d0 real=0 interp=47089cd0 bridge-lock=1 arm=5584->5584 result=1 disable-interp=0(known=0) foreground=1 monitors=0000000003DB2751/0000000003DB2751 cpu=0.109ms
02:03:31.562  qpc=4517071276131 [fg-transition] start=4517071275541 frame=0000000000001C8A idx=3/3 queue=000000002EBC3CD0 reset=0 enable=1 recording=1 not-rendering=0 metering=0 fullscreen=0 slmode=1 known=0x17f hud=4408b4d0 back=40af06d0 real=0 interp=470896d0 bridge-lock=1 arm=5584->5584 result=1 disable-interp=0(known=0) foreground=1 monitors=0000000003DB2751/0000000003DB2751 cpu=0.059ms
02:03:31.571  qpc=4517071360405 [fg-transition] start=4517071276590 frame=0000000000001C8B idx=1/3 queue=000000002EBC3CD0 reset=0 enable=1 recording=1 not-rendering=0 metering=0 fullscreen=0 slmode=1 known=0x17f hud=4408b4d0 back=40af12d0 real=4708a2d0 interp=470890d0 bridge-lock=1 arm=5584->5585 result=1 disable-interp=0(known=0) foreground=1 monitors=0000000003DB2751/0000000003DB2751 cpu=8.381ms
02:03:32.431  qpc=4517079979149 [focus-fg] state: enabled=1 hooked=1 foreground=1 minimized=0 hwnd=000000000AD52FA0 scope_calls=5604 original_false=1401 kept=1401 presents=7325 FG_evaluates=16807
02:03:33.466  [fg-relay] rate/15.0s p2 import_opt=1: presents=20.0/s present-gate[point=20.0 ready=0.0 fallback=0.0 inactive=0.0]/s noinfo=0.0/s stale=0.0/s unlearned=0.0/s attempts=20.0/s armed=20.0/s skipped=0.0/s busy=0.0/s arm-reject[state=0.0 request=0.0 refused=0.0 stopping=0.0 res=0.0 size=0.0]/s pool[cap=0.0 family=0.0 create=0.0 alloc=0.0]/s copy-drop[fence=0.0 reset=0.0 begin=0.0 end=0.0 submit=0.0]/s cf[seq=0.0/s idle=0.0/s nrfence=0.0/s] slotbusy=0.0/s copyfence-busy=0.0/s nr-gpuwait=19.9/s flips=0.0/s
02:03:33.466  [fg-relay] rate2: fginput eval=59.9/s index!=1=40.0/s eval-gate[off=0.0 fallback=0.0 notready=0.0 noinput=0.0 noqueue=0.0]/s relay eval=20.0/s consume=0.0/s inplace=20.0/s(ok 20.0/s) unarmed=0.0/s mismatch=0.0/s relbusy=0.0/s relok=20.0/s relfail=0.0/s release-stage[queue=0.0 pool=0.0 fence=0.0 reset=0.0 begin=0.0 end=0.0 submit=0.0]/s watchdog=0.0/s | worker plays=20.0/s ok=20.0/s fail=0.0/s nr_absent=0.0/s copyfail=0.0/s
02:03:33.466  [fg-relay] rate3: arm->arm avg=52.68ms max=4811.23ms n=5622 | arm->work avg=0.01ms max=0.19ms | arm->eval avg=0.00ms max=0.00ms | copywait avg=0.009ms max=0.144ms | copy-land<= avg=52.72ms max=4810.77ms | work avg=9.18ms max=256.02ms | totals armed=5623 unarmed=0 skipped=0 busy=0 mismatch=0 copies_failed=0 writes=5623 conflicts=0
02:03:33.467  [fg-relay] rate4: throttle depth=1 off=0 | sleep calls=20.0/s waits=19.9/s clear=0.1/s timeouts=0.0/s avg=41.29ms | present calls=20.0/s waits=0.0/s clear=0.0/s timeouts=0.0/s avg=0.00ms | max=100.16ms (process)
02:03:48.497  [fg-relay] rate/15.0s p2 import_opt=1: presents=20.2/s present-gate[point=20.2 ready=0.0 fallback=0.0 inactive=0.0]/s noinfo=0.0/s stale=0.0/s unlearned=0.0/s attempts=20.2/s armed=20.2/s skipped=0.0/s busy=0.0/s arm-reject[state=0.0 request=0.0 refused=0.0 stopping=0.0 res=0.0 size=0.0]/s pool[cap=0.0 family=0.0 create=0.0 alloc=0.0]/s copy-drop[fence=0.0 reset=0.0 begin=0.0 end=0.0 submit=0.0]/s cf[seq=0.0/s idle=0.0/s nrfence=0.0/s] slotbusy=0.0/s copyfence-busy=0.0/s nr-gpuwait=20.0/s flips=0.0/s
02:03:48.497  [fg-relay] rate2: fginput eval=60.5/s index!=1=40.3/s eval-gate[off=0.0 fallback=0.0 notready=0.0 noinput=0.0 noqueue=0.0]/s relay eval=20.2/s consume=0.0/s inplace=20.2/s(ok 20.2/s) unarmed=0.0/s mismatch=0.0/s relbusy=0.0/s relok=20.2/s relfail=0.0/s release-stage[queue=0.0 pool=0.0 fence=0.0 reset=0.0 begin=0.0 end=0.0 submit=0.0]/s watchdog=0.0/s | worker plays=20.2/s ok=20.2/s fail=0.0/s nr_absent=0.0/s copyfail=0.0/s
02:03:48.497  [fg-relay] rate3: arm->arm avg=52.53ms max=4811.23ms n=5925 | arm->work avg=0.01ms max=0.19ms | arm->eval avg=0.00ms max=0.00ms | copywait avg=0.009ms max=0.144ms | copy-land<= avg=52.56ms max=4810.77ms | work avg=9.15ms max=256.02ms | totals armed=5926 unarmed=0 skipped=0 busy=0 mismatch=0 copies_failed=0 writes=5926 conflicts=0
02:03:48.497  [fg-relay] rate4: throttle depth=1 off=0 | sleep calls=20.2/s waits=20.2/s clear=0.0/s timeouts=0.0/s avg=41.46ms | present calls=20.2/s waits=0.0/s clear=0.0/s timeouts=0.0/s avg=0.00ms | max=100.16ms (process)
02:03:48.753  qpc=4517243200260 [focus-fg] state: enabled=1 hooked=1 foreground=1 minimized=0 hwnd=000000000AD52FA0 scope_calls=5933 original_false=1401 kept=1401 presents=7654 FG_evaluates=17794
02:03:52.112  [bridge] 6000 frames delivered so far.
02:04:03.488  [fg-relay] rate/15.0s p2 import_opt=1: presents=20.1/s present-gate[point=20.1 ready=0.0 fallback=0.0 inactive=0.0]/s noinfo=0.0/s stale=0.0/s unlearned=0.0/s attempts=20.1/s armed=20.1/s skipped=0.0/s busy=0.0/s arm-reject[state=0.0 request=0.0 refused=0.0 stopping=0.0 res=0.0 size=0.0]/s pool[cap=0.0 family=0.0 create=0.0 alloc=0.0]/s copy-drop[fence=0.0 reset=0.0 begin=0.0 end=0.0 submit=0.0]/s cf[seq=0.0/s idle=0.0/s nrfence=0.0/s] slotbusy=0.0/s copyfence-busy=0.0/s nr-gpuwait=19.9/s flips=0.0/s
02:04:03.488  [fg-relay] rate2: fginput eval=60.2/s index!=1=40.1/s eval-gate[off=0.0 fallback=0.0 notready=0.0 noinput=0.0 noqueue=0.0]/s relay eval=20.1/s consume=0.0/s inplace=20.1/s(ok 20.1/s) unarmed=0.0/s mismatch=0.0/s relbusy=0.0/s relok=20.1/s relfail=0.0/s release-stage[queue=0.0 pool=0.0 fence=0.0 reset=0.0 begin=0.0 end=0.0 submit=0.0]/s watchdog=0.0/s | worker plays=20.1/s ok=20.1/s fail=0.0/s nr_absent=0.0/s copyfail=0.0/s
02:04:03.488  [fg-relay] rate3: arm->arm avg=52.39ms max=4811.23ms n=6226 | arm->work avg=0.01ms max=0.19ms | arm->eval avg=0.00ms max=0.00ms | copywait avg=0.009ms max=0.144ms | copy-land<= avg=52.42ms max=4810.77ms | work avg=9.11ms max=256.02ms | totals armed=6227 unarmed=0 skipped=0 busy=0 mismatch=0 copies_failed=0 writes=6227 conflicts=0
02:04:03.488  [fg-relay] rate4: throttle depth=1 off=0 | sleep calls=20.1/s waits=20.0/s clear=0.1/s timeouts=0.0/s avg=39.45ms | present calls=20.1/s waits=0.0/s clear=0.0/s timeouts=0.0/s avg=0.00ms | max=100.16ms (process)
02:04:05.972  qpc=4517415397439 [focus-fg] state: enabled=1 hooked=1 foreground=1 minimized=0 hwnd=000000000AD52FA0 scope_calls=6279 original_false=1401 kept=1401 presents=8000 FG_evaluates=18832
02:04:16.924  qpc=4517524885528 [fg-transition] start=4517524884274 frame=000000000000201A idx=2/3 queue=000000002EBC3CD0 reset=0 enable=1 recording=1 not-rendering=0 metering=0 fullscreen=0 slmode=1 known=0x17f hud=4408b4d0 back=40af06d0 real=0 interp=47089cd0 bridge-lock=1 arm=6496->6496 result=1 disable-interp=0(known=0) foreground=0 monitors=0000000003DB2751/0000000067FB33F1 cpu=0.125ms
02:04:16.924  qpc=4517524888171 [fg-transition] start=4517524887543 frame=000000000000201A idx=3/3 queue=000000002EBC3CD0 reset=0 enable=1 recording=1 not-rendering=0 metering=0 fullscreen=0 slmode=1 known=0x17f hud=4408b4d0 back=40af06d0 real=0 interp=470896d0 bridge-lock=1 arm=6496->6496 result=1 disable-interp=0(known=0) foreground=0 monitors=0000000003DB2751/0000000067FB33F1 cpu=0.063ms
02:04:16.933  qpc=4517524978294 [fg-transition] start=4517524888666 frame=000000000000201B idx=1/3 queue=000000002EBC3CD0 reset=0 enable=1 recording=1 not-rendering=0 metering=0 fullscreen=0 slmode=1 known=0x17f hud=4408b4d0 back=40af12d0 real=4708a2d0 interp=470890d0 bridge-lock=1 arm=6496->6497 result=1 disable-interp=0(known=0) foreground=0 monitors=0000000003DB2751/0000000067FB33F1 cpu=8.963ms
02:04:16.973  qpc=4517525383716 [fg-transition] start=4517525381886 frame=000000000000201B idx=2/3 queue=000000002EBC3CD0 reset=0 enable=1 recording=1 not-rendering=0 metering=0 fullscreen=0 slmode=1 known=0x17f hud=4408b4d0 back=40af12d0 real=0 interp=470896d0 bridge-lock=1 arm=6497->6497 result=1 disable-interp=0(known=0) foreground=0 monitors=0000000003DB2751/0000000067FB33F1 cpu=0.182ms
02:04:16.974  qpc=4517525386397 [fg-transition] start=4517525385752 frame=000000000000201B idx=3/3 queue=000000002EBC3CD0 reset=0 enable=1 recording=1 not-rendering=0 metering=0 fullscreen=0 slmode=1 known=0x17f hud=4408b4d0 back=40af12d0 real=0 interp=47089cd0 bridge-lock=1 arm=6497->6497 result=1 disable-interp=0(known=0) foreground=0 monitors=0000000003DB2751/0000000067FB33F1 cpu=0.064ms
02:04:16.983  qpc=4517525477975 [fg-transition] start=4517525386925 frame=000000000000201C idx=1/3 queue=000000002EBC3CD0 reset=0 enable=1 recording=1 not-rendering=0 metering=0 fullscreen=0 slmode=1 known=0x17f hud=4408b4d0 back=40af00d0 real=470890d0 interp=4708a2d0 bridge-lock=1 arm=6497->6498 result=1 disable-interp=0(known=0) foreground=0 monitors=0000000003DB2751/0000000067FB33F1 cpu=9.105ms
02:04:17.023  qpc=4517525882068 [fg-transition] start=4517525880835 frame=000000000000201C idx=2/3 queue=000000002EBC3CD0 reset=0 enable=1 recording=1 not-rendering=0 metering=0 fullscreen=0 slmode=1 known=0x17f hud=4408b4d0 back=40af00d0 real=0 interp=47089cd0 bridge-lock=1 arm=6498->6498 result=1 disable-interp=0(known=0) foreground=0 monitors=0000000003DB2751/0000000067FB33F1 cpu=0.123ms
02:04:17.023  qpc=4517525884304 [fg-transition] start=4517525883628 frame=000000000000201C idx=3/3 queue=000000002EBC3CD0 reset=0 enable=1 recording=1 not-rendering=0 metering=0 fullscreen=0 slmode=1 known=0x17f hud=4408b4d0 back=40af00d0 real=0 interp=470896d0 bridge-lock=1 arm=6498->6498 result=1 disable-interp=0(known=0) foreground=0 monitors=0000000003DB2751/0000000067FB33F1 cpu=0.068ms
02:04:17.034  qpc=4517525992535 [fg-transition] start=4517525885279 frame=000000000000201D idx=1/3 queue=000000002EBC3CD0 reset=0 enable=1 recording=1 not-rendering=0 metering=0 fullscreen=0 slmode=1 known=0x17f hud=4408b4d0 back=40af06d0 real=4708a2d0 interp=470890d0 bridge-lock=1 arm=6498->6499 result=1 disable-interp=0(known=0) foreground=0 monitors=0000000003DB2751/0000000067FB33F1 cpu=10.725ms
02:04:17.075  qpc=4517526395042 [fg-transition] start=4517526393762 frame=000000000000201D idx=2/3 queue=000000002EBC3CD0 reset=0 enable=1 recording=1 not-rendering=0 metering=0 fullscreen=0 slmode=1 known=0x17f hud=4408b4d0 back=40af06d0 real=0 interp=470896d0 bridge-lock=1 arm=6499->6499 result=1 disable-interp=0(known=0) foreground=0 monitors=0000000003DB2751/0000000067FB33F1 cpu=0.128ms
02:04:17.075  qpc=4517526397241 [fg-transition] start=4517526396601 frame=000000000000201D idx=3/3 queue=000000002EBC3CD0 reset=0 enable=1 recording=1 not-rendering=0 metering=0 fullscreen=0 slmode=1 known=0x17f hud=4408b4d0 back=40af06d0 real=0 interp=47089cd0 bridge-lock=1 arm=6499->6499 result=1 disable-interp=0(known=0) foreground=0 monitors=0000000003DB2751/0000000067FB33F1 cpu=0.064ms
02:04:17.084  qpc=4517526491819 [fg-transition] start=4517526397749 frame=000000000000201E idx=1/3 queue=000000002EBC3CD0 reset=0 enable=1 recording=1 not-rendering=0 metering=0 fullscreen=0 slmode=1 known=0x17f hud=4408b4d0 back=40af12d0 real=470890d0 interp=4708a2d0 bridge-lock=1 arm=6499->6500 result=1 disable-interp=0(known=0) foreground=0 monitors=0000000003DB2751/0000000067FB33F1 cpu=9.407ms
02:04:17.150  qpc=4517527179196 [focus-fg] state: enabled=1 hooked=1 foreground=0 minimized=0 hwnd=000000000AD52FA0 scope_calls=6503 original_false=1407 kept=1407 presents=8224 FG_evaluates=19504
02:04:18.500  [fg-relay] rate/15.0s p2 import_opt=1: presents=20.0/s present-gate[point=20.0 ready=0.0 fallback=0.0 inactive=0.0]/s noinfo=0.0/s stale=0.0/s unlearned=0.0/s attempts=20.0/s armed=20.0/s skipped=0.0/s busy=0.0/s arm-reject[state=0.0 request=0.0 refused=0.0 stopping=0.0 res=0.0 size=0.0]/s pool[cap=0.0 family=0.0 create=0.0 alloc=0.0]/s copy-drop[fence=0.0 reset=0.0 begin=0.0 end=0.0 submit=0.0]/s cf[seq=0.0/s idle=0.0/s nrfence=0.0/s] slotbusy=0.0/s copyfence-busy=0.0/s nr-gpuwait=20.0/s flips=0.0/s
02:04:18.501  [fg-relay] rate2: fginput eval=60.1/s index!=1=40.1/s eval-gate[off=0.0 fallback=0.0 notready=0.0 noinput=0.0 noqueue=0.0]/s relay eval=20.0/s consume=0.0/s inplace=20.0/s(ok 20.0/s) unarmed=0.0/s mismatch=0.0/s relbusy=0.0/s relok=20.0/s relfail=0.0/s release-stage[queue=0.0 pool=0.0 fence=0.0 reset=0.0 begin=0.0 end=0.0 submit=0.0]/s watchdog=0.0/s | worker plays=20.0/s ok=20.0/s fail=0.0/s nr_absent=0.0/s copyfail=0.0/s
02:04:18.501  [fg-relay] rate3: arm->arm avg=52.28ms max=4811.23ms n=6527 | arm->work avg=0.01ms max=0.19ms | arm->eval avg=0.00ms max=0.00ms | copywait avg=0.009ms max=0.144ms | copy-land<= avg=52.30ms max=4810.77ms | work avg=9.10ms max=256.02ms | totals armed=6528 unarmed=0 skipped=0 busy=0 mismatch=0 copies_failed=0 writes=6528 conflicts=0
02:04:18.501  [fg-relay] rate4: throttle depth=1 off=0 | sleep calls=20.0/s waits=20.0/s clear=0.1/s timeouts=0.0/s avg=39.77ms | present calls=20.0/s waits=0.0/s clear=0.0/s timeouts=0.0/s avg=0.00ms | max=100.16ms (process)
02:04:21.986  [bridge] 6600 frames delivered so far.
02:04:32.593  qpc=4517681602401 [focus-fg] state: enabled=1 hooked=1 foreground=0 minimized=0 hwnd=000000000AD52FA0 scope_calls=6816 original_false=1720 kept=1720 presents=8537 FG_evaluates=20443
02:04:33.516  [fg-relay] rate/15.0s p2 import_opt=1: presents=20.3/s present-gate[point=20.3 ready=0.0 fallback=0.0 inactive=0.0]/s noinfo=0.0/s stale=0.0/s unlearned=0.0/s attempts=20.3/s armed=20.3/s skipped=0.0/s busy=0.0/s arm-reject[state=0.0 request=0.0 refused=0.0 stopping=0.0 res=0.0 size=0.0]/s pool[cap=0.0 family=0.0 create=0.0 alloc=0.0]/s copy-drop[fence=0.0 reset=0.0 begin=0.0 end=0.0 submit=0.0]/s cf[seq=0.0/s idle=0.0/s nrfence=0.0/s] slotbusy=0.0/s copyfence-busy=0.0/s nr-gpuwait=20.3/s flips=0.0/s
02:04:33.516  [fg-relay] rate2: fginput eval=60.9/s index!=1=40.6/s eval-gate[off=0.0 fallback=0.0 notready=0.0 noinput=0.0 noqueue=0.0]/s relay eval=20.3/s consume=0.0/s inplace=20.3/s(ok 20.3/s) unarmed=0.0/s mismatch=0.0/s relbusy=0.0/s relok=20.3/s relfail=0.0/s release-stage[queue=0.0 pool=0.0 fence=0.0 reset=0.0 begin=0.0 end=0.0 submit=0.0]/s watchdog=0.0/s | worker plays=20.3/s ok=20.3/s fail=0.0/s nr_absent=0.0/s copyfail=0.0/s
02:04:33.516  [fg-relay] rate3: arm->arm avg=52.14ms max=4811.23ms n=6832 | arm->work avg=0.01ms max=0.19ms | arm->eval avg=0.00ms max=0.00ms | copywait avg=0.009ms max=0.144ms | copy-land<= avg=52.16ms max=4810.77ms | work avg=9.09ms max=256.02ms | totals armed=6833 unarmed=0 skipped=0 busy=0 mismatch=0 copies_failed=0 writes=6833 conflicts=0
02:04:33.516  [fg-relay] rate4: throttle depth=1 off=0 | sleep calls=20.3/s waits=20.3/s clear=0.0/s timeouts=0.0/s avg=42.16ms | present calls=20.3/s waits=0.0/s clear=0.0/s timeouts=0.0/s avg=0.00ms | max=100.16ms (process)
02:04:47.960  qpc=4517835266589 [focus-fg] state: enabled=1 hooked=1 foreground=0 minimized=0 hwnd=000000000AD52FA0 scope_calls=7131 original_false=2035 kept=2035 presents=8852 FG_evaluates=21388
02:04:48.541  [fg-relay] rate/15.0s p2 import_opt=1: presents=20.5/s present-gate[point=20.5 ready=0.0 fallback=0.0 inactive=0.0]/s noinfo=0.0/s stale=0.0/s unlearned=0.0/s attempts=20.5/s armed=20.5/s skipped=0.0/s busy=0.0/s arm-reject[state=0.0 request=0.0 refused=0.0 stopping=0.0 res=0.0 size=0.0]/s pool[cap=0.0 family=0.0 create=0.0 alloc=0.0]/s copy-drop[fence=0.0 reset=0.0 begin=0.0 end=0.0 submit=0.0]/s cf[seq=0.0/s idle=0.0/s nrfence=0.0/s] slotbusy=0.0/s copyfence-busy=0.0/s nr-gpuwait=20.5/s flips=0.0/s
02:04:48.541  [fg-relay] rate2: fginput eval=61.5/s index!=1=41.0/s eval-gate[off=0.0 fallback=0.0 notready=0.0 noinput=0.0 noqueue=0.0]/s relay eval=20.5/s consume=0.0/s inplace=20.5/s(ok 20.5/s) unarmed=0.0/s mismatch=0.0/s relbusy=0.0/s relok=20.5/s relfail=0.0/s release-stage[queue=0.0 pool=0.0 fence=0.0 reset=0.0 begin=0.0 end=0.0 submit=0.0]/s watchdog=0.0/s | worker plays=20.5/s ok=20.5/s fail=0.0/s nr_absent=0.0/s copyfail=0.0/s
02:04:48.541  [fg-relay] rate3: arm->arm avg=52.00ms max=4811.23ms n=7140 | arm->work avg=0.01ms max=0.19ms | arm->eval avg=0.00ms max=0.00ms | copywait avg=0.009ms max=0.144ms | copy-land<= avg=52.01ms max=4810.77ms | work avg=9.09ms max=256.02ms | totals armed=7141 unarmed=0 skipped=0 busy=0 mismatch=0 copies_failed=0 writes=7141 conflicts=0
02:04:48.541  [fg-relay] rate4: throttle depth=1 off=0 | sleep calls=20.5/s waits=20.5/s clear=0.0/s timeouts=0.0/s avg=41.95ms | present calls=20.5/s waits=0.0/s clear=0.0/s timeouts=0.0/s avg=0.00ms | max=100.16ms (process)
02:04:51.388  [bridge] 7200 frames delivered so far.
02:04:51.429  [fg-relay] armed by evaluate: hud=4408b4d0 back=40af00d0 depth=4408aed0 mv=4408a8d0 5120x2160 copy=7200 nr=7200 import=1 slot=0 arm=7200 gpu-wait-nr=7199 pending=1.
02:04:51.430  [fg-relay] evaluate: slot=0 nr=7200 import=1 stage=3.
02:04:51.437  [fg-relay] frame=7200 slot=0 nr=7200 ok=1 wrote=1 nr_entries=2 import=1 armed=7200 skipped=0 busy=0 mismatch=0 conflicts=0.
02:05:03.536  [fg-relay] rate/15.0s p2 import_opt=1: presents=20.4/s present-gate[point=20.4 ready=0.0 fallback=0.0 inactive=0.0]/s noinfo=0.0/s stale=0.0/s unlearned=0.0/s attempts=20.4/s armed=20.4/s skipped=0.0/s busy=0.0/s arm-reject[state=0.0 request=0.0 refused=0.0 stopping=0.0 res=0.0 size=0.0]/s pool[cap=0.0 family=0.0 create=0.0 alloc=0.0]/s copy-drop[fence=0.0 reset=0.0 begin=0.0 end=0.0 submit=0.0]/s cf[seq=0.0/s idle=0.0/s nrfence=0.0/s] slotbusy=0.0/s copyfence-busy=0.0/s nr-gpuwait=20.4/s flips=0.0/s
02:05:03.537  [fg-relay] rate2: fginput eval=61.2/s index!=1=40.8/s eval-gate[off=0.0 fallback=0.0 notready=0.0 noinput=0.0 noqueue=0.0]/s relay eval=20.4/s consume=0.0/s inplace=20.4/s(ok 20.4/s) unarmed=0.0/s mismatch=0.0/s relbusy=0.0/s relok=20.4/s relfail=0.0/s release-stage[queue=0.0 pool=0.0 fence=0.0 reset=0.0 begin=0.0 end=0.0 submit=0.0]/s watchdog=0.0/s | worker plays=20.4/s ok=20.4/s fail=0.0/s nr_absent=0.0/s copyfail=0.0/s
02:05:03.537  [fg-relay] rate3: arm->arm avg=51.87ms max=4811.23ms n=7446 | arm->work avg=0.01ms max=0.22ms | arm->eval avg=0.00ms max=0.00ms | copywait avg=0.009ms max=0.144ms | copy-land<= avg=51.89ms max=4810.77ms | work avg=9.08ms max=256.02ms | totals armed=7447 unarmed=0 skipped=0 busy=0 mismatch=0 copies_failed=0 writes=7447 conflicts=0
02:05:03.537  [fg-relay] rate4: throttle depth=1 off=0 | sleep calls=20.4/s waits=20.4/s clear=0.0/s timeouts=0.0/s avg=42.19ms | present calls=20.4/s waits=0.0/s clear=0.0/s timeouts=0.0/s avg=0.00ms | max=100.16ms (process)
02:05:04.367  qpc=4517999345003 [focus-fg] state: enabled=1 hooked=1 foreground=0 minimized=0 hwnd=000000000AD52FA0 scope_calls=7466 original_false=2370 kept=2370 presents=9187 FG_evaluates=22393
02:05:18.539  [fg-relay] rate/15.0s p2 import_opt=1: presents=20.4/s present-gate[point=20.4 ready=0.0 fallback=0.0 inactive=0.0]/s noinfo=0.0/s stale=0.0/s unlearned=0.0/s attempts=20.4/s armed=20.4/s skipped=0.0/s busy=0.0/s arm-reject[state=0.0 request=0.0 refused=0.0 stopping=0.0 res=0.0 size=0.0]/s pool[cap=0.0 family=0.0 create=0.0 alloc=0.0]/s copy-drop[fence=0.0 reset=0.0 begin=0.0 end=0.0 submit=0.0]/s cf[seq=0.0/s idle=0.0/s nrfence=0.0/s] slotbusy=0.0/s copyfence-busy=0.0/s nr-gpuwait=20.4/s flips=0.0/s
02:05:18.540  [fg-relay] rate2: fginput eval=61.2/s index!=1=40.8/s eval-gate[off=0.0 fallback=0.0 notready=0.0 noinput=0.0 noqueue=0.0]/s relay eval=20.4/s consume=0.0/s inplace=20.4/s(ok 20.4/s) unarmed=0.0/s mismatch=0.0/s relbusy=0.0/s relok=20.4/s relfail=0.0/s release-stage[queue=0.0 pool=0.0 fence=0.0 reset=0.0 begin=0.0 end=0.0 submit=0.0]/s watchdog=0.0/s | worker plays=20.4/s ok=20.4/s fail=0.0/s nr_absent=0.0/s copyfail=0.0/s
02:05:18.540  [fg-relay] rate3: arm->arm avg=51.76ms max=4811.23ms n=7752 | arm->work avg=0.01ms max=0.22ms | arm->eval avg=0.00ms max=0.00ms | copywait avg=0.009ms max=0.144ms | copy-land<= avg=51.77ms max=4810.77ms | work avg=9.08ms max=256.02ms | totals armed=7753 unarmed=0 skipped=0 busy=0 mismatch=0 copies_failed=0 writes=7753 conflicts=0
02:05:18.540  [fg-relay] rate4: throttle depth=1 off=0 | sleep calls=20.4/s waits=20.4/s clear=0.0/s timeouts=0.0/s avg=42.20ms | present calls=20.4/s waits=0.0/s clear=0.0/s timeouts=0.0/s avg=0.00ms | max=100.16ms (process)
02:05:20.753  qpc=4518163201662 [focus-fg] state: enabled=1 hooked=1 foreground=0 minimized=0 hwnd=000000000AD52FA0 scope_calls=7800 original_false=2704 kept=2704 presents=9521 FG_evaluates=23395
02:05:20.790  [bridge] 7800 frames delivered so far.
02:05:33.550  [fg-relay] rate/15.0s p2 import_opt=1: presents=20.4/s present-gate[point=20.4 ready=0.0 fallback=0.0 inactive=0.0]/s noinfo=0.0/s stale=0.0/s unlearned=0.0/s attempts=20.4/s armed=20.4/s skipped=0.0/s busy=0.0/s arm-reject[state=0.0 request=0.0 refused=0.0 stopping=0.0 res=0.0 size=0.0]/s pool[cap=0.0 family=0.0 create=0.0 alloc=0.0]/s copy-drop[fence=0.0 reset=0.0 begin=0.0 end=0.0 submit=0.0]/s cf[seq=0.0/s idle=0.0/s nrfence=0.0/s] slotbusy=0.0/s copyfence-busy=0.0/s nr-gpuwait=20.4/s flips=0.0/s
02:05:33.550  [fg-relay] rate2: fginput eval=61.1/s index!=1=40.8/s eval-gate[off=0.0 fallback=0.0 notready=0.0 noinput=0.0 noqueue=0.0]/s relay eval=20.4/s consume=0.0/s inplace=20.4/s(ok 20.4/s) unarmed=0.0/s mismatch=0.0/s relbusy=0.0/s relok=20.4/s relfail=0.0/s release-stage[queue=0.0 pool=0.0 fence=0.0 reset=0.0 begin=0.0 end=0.0 submit=0.0]/s watchdog=0.0/s | worker plays=20.4/s ok=20.4/s fail=0.0/s nr_absent=0.0/s copyfail=0.0/s
02:05:33.550  [fg-relay] rate3: arm->arm avg=51.66ms max=4811.23ms n=8058 | arm->work avg=0.01ms max=0.22ms | arm->eval avg=0.00ms max=0.00ms | copywait avg=0.009ms max=0.144ms | copy-land<= avg=51.67ms max=4810.77ms | work avg=9.08ms max=256.02ms | totals armed=8059 unarmed=0 skipped=0 busy=0 mismatch=0 copies_failed=0 writes=8059 conflicts=0
02:05:33.551  [fg-relay] rate4: throttle depth=1 off=0 | sleep calls=20.4/s waits=20.4/s clear=0.0/s timeouts=0.0/s avg=42.20ms | present calls=20.4/s waits=0.0/s clear=0.0/s timeouts=0.0/s avg=0.00ms | max=100.16ms (process)
02:05:36.198  qpc=4518317648709 [focus-fg] state: enabled=1 hooked=1 foreground=0 minimized=0 hwnd=000000000AD52FA0 scope_calls=8115 original_false=3019 kept=3019 presents=9836 FG_evaluates=24340
02:05:48.595  [fg-relay] rate/15.0s p2 import_opt=1: presents=20.3/s present-gate[point=20.3 ready=0.0 fallback=0.0 inactive=0.0]/s noinfo=0.0/s stale=0.0/s unlearned=0.0/s attempts=20.3/s armed=20.3/s skipped=0.0/s busy=0.0/s arm-reject[state=0.0 request=0.0 refused=0.0 stopping=0.0 res=0.0 size=0.0]/s pool[cap=0.0 family=0.0 create=0.0 alloc=0.0]/s copy-drop[fence=0.0 reset=0.0 begin=0.0 end=0.0 submit=0.0]/s cf[seq=0.0/s idle=0.0/s nrfence=0.0/s] slotbusy=0.0/s copyfence-busy=0.0/s nr-gpuwait=20.3/s flips=0.0/s
02:05:48.595  [fg-relay] rate2: fginput eval=60.8/s index!=1=40.5/s eval-gate[off=0.0 fallback=0.0 notready=0.0 noinput=0.0 noqueue=0.0]/s relay eval=20.3/s consume=0.0/s inplace=20.3/s(ok 20.3/s) unarmed=0.0/s mismatch=0.0/s relbusy=0.0/s relok=20.3/s relfail=0.0/s release-stage[queue=0.0 pool=0.0 fence=0.0 reset=0.0 begin=0.0 end=0.0 submit=0.0]/s watchdog=0.0/s | worker plays=20.3/s ok=20.3/s fail=0.0/s nr_absent=0.0/s copyfail=0.0/s
02:05:48.595  [fg-relay] rate3: arm->arm avg=51.57ms max=4811.23ms n=8363 | arm->work avg=0.01ms max=0.22ms | arm->eval avg=0.00ms max=0.00ms | copywait avg=0.009ms max=0.219ms | copy-land<= avg=51.58ms max=4810.77ms | work avg=9.08ms max=256.02ms | totals armed=8364 unarmed=0 skipped=0 busy=0 mismatch=0 copies_failed=0 writes=8364 conflicts=0
02:05:48.595  [fg-relay] rate4: throttle depth=1 off=0 | sleep calls=20.3/s waits=20.3/s clear=0.0/s timeouts=0.0/s avg=42.41ms | present calls=20.3/s waits=0.0/s clear=0.0/s timeouts=0.0/s avg=0.00ms | max=100.16ms (process)
02:05:50.318  [bridge] 8400 frames delivered so far.
02:05:52.560  qpc=4518481271506 [focus-fg] state: enabled=1 hooked=1 foreground=0 minimized=0 hwnd=000000000AD52FA0 scope_calls=8446 original_false=3350 kept=3350 presents=10167 FG_evaluates=25333
02:06:03.636  [fg-relay] rate/15.0s p2 import_opt=1: presents=20.2/s present-gate[point=20.2 ready=0.0 fallback=0.0 inactive=0.0]/s noinfo=0.0/s stale=0.0/s unlearned=0.0/s attempts=20.2/s armed=20.2/s skipped=0.0/s busy=0.0/s arm-reject[state=0.0 request=0.0 refused=0.0 stopping=0.0 res=0.0 size=0.0]/s pool[cap=0.0 family=0.0 create=0.0 alloc=0.0]/s copy-drop[fence=0.0 reset=0.0 begin=0.0 end=0.0 submit=0.0]/s cf[seq=0.0/s idle=0.0/s nrfence=0.0/s] slotbusy=0.0/s copyfence-busy=0.0/s nr-gpuwait=20.2/s flips=0.0/s
02:06:03.636  [fg-relay] rate2: fginput eval=60.7/s index!=1=40.4/s eval-gate[off=0.0 fallback=0.0 notready=0.0 noinput=0.0 noqueue=0.0]/s relay eval=20.2/s consume=0.0/s inplace=20.2/s(ok 20.2/s) unarmed=0.0/s mismatch=0.0/s relbusy=0.0/s relok=20.2/s relfail=0.0/s release-stage[queue=0.0 pool=0.0 fence=0.0 reset=0.0 begin=0.0 end=0.0 submit=0.0]/s watchdog=0.0/s | worker plays=20.2/s ok=20.2/s fail=0.0/s nr_absent=0.0/s copyfail=0.0/s
02:06:03.636  [fg-relay] rate3: arm->arm avg=51.50ms max=4811.23ms n=8667 | arm->work avg=0.01ms max=0.22ms | arm->eval avg=0.00ms max=0.00ms | copywait avg=0.009ms max=0.219ms | copy-land<= avg=51.50ms max=4810.77ms | work avg=9.08ms max=256.02ms | totals armed=8668 unarmed=0 skipped=0 busy=0 mismatch=0 copies_failed=0 writes=8668 conflicts=0
02:06:03.636  [fg-relay] rate4: throttle depth=1 off=0 | sleep calls=20.2/s waits=20.2/s clear=0.0/s timeouts=0.0/s avg=42.55ms | present calls=20.2/s waits=0.0/s clear=0.0/s timeouts=0.0/s avg=0.00ms | max=100.16ms (process)
02:06:07.266  qpc=4518628311758 [fg-transition] start=4518628310389 frame=00000000000028DE idx=2/3 queue=000000002EBC3CD0 reset=0 enable=1 recording=1 not-rendering=0 metering=0 fullscreen=0 slmode=1 known=0x17f hud=4408b4d0 back=40af06d0 real=0 interp=47089cd0 bridge-lock=1 arm=8740->8740 result=1 disable-interp=0(known=0) foreground=1 monitors=0000000003DB2751/0000000003DB2751 cpu=0.137ms
02:06:07.266  qpc=4518628313917 [fg-transition] start=4518628313287 frame=00000000000028DE idx=3/3 queue=000000002EBC3CD0 reset=0 enable=1 recording=1 not-rendering=0 metering=0 fullscreen=0 slmode=1 known=0x17f hud=4408b4d0 back=40af06d0 real=0 interp=470896d0 bridge-lock=1 arm=8740->8740 result=1 disable-interp=0(known=0) foreground=1 monitors=0000000003DB2751/0000000003DB2751 cpu=0.063ms
02:06:07.278  qpc=4518628442521 [fg-transition] start=4518628314425 frame=00000000000028DF idx=1/3 queue=000000002EBC3CD0 reset=0 enable=1 recording=1 not-rendering=0 metering=0 fullscreen=0 slmode=1 known=0x17f hud=4408b4d0 back=40af12d0 real=4708a2d0 interp=470890d0 bridge-lock=1 arm=8740->8741 result=1 disable-interp=0(known=0) foreground=1 monitors=0000000003DB2751/0000000003DB2751 cpu=12.809ms
02:06:07.320  qpc=4518628848327 [fg-transition] start=4518628846477 frame=00000000000028DF idx=2/3 queue=000000002EBC3CD0 reset=0 enable=1 recording=1 not-rendering=0 metering=0 fullscreen=0 slmode=1 known=0x17f hud=4408b4d0 back=40af12d0 real=0 interp=470896d0 bridge-lock=1 arm=8741->8741 result=1 disable-interp=0(known=0) foreground=1 monitors=0000000003DB2751/0000000003DB2751 cpu=0.185ms
02:06:07.320  qpc=4518628850562 [fg-transition] start=4518628849902 frame=00000000000028DF idx=3/3 queue=000000002EBC3CD0 reset=0 enable=1 recording=1 not-rendering=0 metering=0 fullscreen=0 slmode=1 known=0x17f hud=4408b4d0 back=40af12d0 real=0 interp=47089cd0 bridge-lock=1 arm=8741->8741 result=1 disable-interp=0(known=0) foreground=1 monitors=0000000003DB2751/0000000003DB2751 cpu=0.066ms
02:06:07.335  qpc=4518628996692 [fg-transition] start=4518628851090 frame=00000000000028E0 idx=1/3 queue=000000002EBC3CD0 reset=0 enable=1 recording=1 not-rendering=0 metering=0 fullscreen=0 slmode=1 known=0x17f hud=4408b4d0 back=40af00d0 real=470890d0 interp=4708a2d0 bridge-lock=1 arm=8741->8742 result=1 disable-interp=0(known=0) foreground=1 monitors=0000000003DB2751/0000000003DB2751 cpu=14.560ms
02:06:07.375  qpc=4518629401541 [fg-transition] start=4518629400236 frame=00000000000028E0 idx=2/3 queue=000000002EBC3CD0 reset=0 enable=1 recording=1 not-rendering=0 metering=0 fullscreen=0 slmode=1 known=0x17f hud=4408b4d0 back=40af00d0 real=0 interp=47089cd0 bridge-lock=1 arm=8742->8742 result=1 disable-interp=0(known=0) foreground=1 monitors=0000000003DB2751/0000000003DB2751 cpu=0.130ms
02:06:07.376  qpc=4518629403917 [fg-transition] start=4518629403260 frame=00000000000028E0 idx=3/3 queue=000000002EBC3CD0 reset=0 enable=1 recording=1 not-rendering=0 metering=0 fullscreen=0 slmode=1 known=0x17f hud=4408b4d0 back=40af00d0 real=0 interp=470896d0 bridge-lock=1 arm=8742->8742 result=1 disable-interp=0(known=0) foreground=1 monitors=0000000003DB2751/0000000003DB2751 cpu=0.065ms
02:06:07.388  qpc=4518629533984 [fg-transition] start=4518629404444 frame=00000000000028E1 idx=1/3 queue=000000002EBC3CD0 reset=0 enable=1 recording=1 not-rendering=0 metering=0 fullscreen=0 slmode=1 known=0x17f hud=4408b4d0 back=40af06d0 real=4708a2d0 interp=470890d0 bridge-lock=1 arm=8742->8743 result=1 disable-interp=0(known=0) foreground=1 monitors=0000000003DB2751/0000000003DB2751 cpu=12.954ms
02:06:07.430  qpc=4518629955217 [fg-transition] start=4518629954113 frame=00000000000028E1 idx=2/3 queue=000000002EBC3CD0 reset=0 enable=1 recording=1 not-rendering=0 metering=0 fullscreen=0 slmode=1 known=0x17f hud=4408b4d0 back=40af06d0 real=0 interp=470896d0 bridge-lock=1 arm=8743->8743 result=1 disable-interp=0(known=0) foreground=1 monitors=0000000003DB2751/0000000003DB2751 cpu=0.110ms
02:06:07.430  qpc=4518629957688 [fg-transition] start=4518629956869 frame=00000000000028E1 idx=3/3 queue=000000002EBC3CD0 reset=0 enable=1 recording=1 not-rendering=0 metering=0 fullscreen=0 slmode=1 known=0x17f hud=4408b4d0 back=40af06d0 real=0 interp=47089cd0 bridge-lock=1 arm=8743->8743 result=1 disable-interp=0(known=0) foreground=1 monitors=0000000003DB2751/0000000003DB2751 cpu=0.082ms
02:06:07.440  qpc=4518630047926 [fg-transition] start=4518629958334 frame=00000000000028E2 idx=1/3 queue=000000002EBC3CD0 reset=0 enable=1 recording=1 not-rendering=0 metering=0 fullscreen=0 slmode=1 known=0x17f hud=4408b4d0 back=40af12d0 real=470890d0 interp=4708a2d0 bridge-lock=1 arm=8743->8744 result=1 disable-interp=0(known=0) foreground=1 monitors=0000000003DB2751/0000000003DB2751 cpu=8.959ms
02:06:07.856  qpc=4518634236132 [focus-fg] state: enabled=1 hooked=1 foreground=1 minimized=0 hwnd=000000000AD52FA0 scope_calls=8754 original_false=3645 kept=3645 presents=10475 FG_evaluates=26257
02:06:13.077  [composition-guard] hidden: config=1 nr_at_fg=1 fg_running=0 window_shown=1
02:06:13.260  [feature-lifecycle] Vulkan release handle=0000002708632F40 feature=11 generation=3 result=1 removed=1
02:06:13.343  [feature-lifecycle] Vulkan release handle=0000002625648E50 feature=1 generation=2 result=1 removed=1
