10:13:41.344  dlss5-bridge 1.4.13-pre8-vk-fgrelay (built Sep 29 2026 12:31:11) attached.
10:13:41.344    host: C:\Program Files\Hypergryph Launcher\games\Endfield Game\Endfield.exe
10:13:41.344    d3d11.dll: C:\Program Files\Hypergryph Launcher\games\Endfield Game\Endfield.exe
10:13:41.344    reshade: C:\ProgramData\ReShade\ReShade64.dll
10:13:41.344    windows: Windows 11, 10.0 build 26200
10:13:41.344    files next to this add-on:
10:13:41.366      nvngx_dlssnr.dll           present  version 310.8.0.0, 165840496 bytes, 2026-09-11 22:41
10:13:41.367      nvngx_dlss.dll             present  version 310.5.2.0, 54779504 bytes, 2026-07-11 10:59
10:13:41.367    add-ons present:
10:13:41.367      dlss5-bridge.addon64         version 1.4.13.10, 646656 bytes, 2026-09-29 05:40
10:13:41.367          loaded at 00007FFA8D240000
10:13:41.367      renodx-dlss5.addon64         version 0.2026.926.210, 3141632 bytes, 2026-09-27 13:21
10:13:41.369          sha256 DCD93881E976AD033D83C2BB01F4BC3E4DDC59C15FE0DD4CA165BC5FC7D1AC68 -- not on this add-on's measured list, which is one machine's experience and not a compatibility statement. If its panel says active while the picture does not change, unwrap=0 in dlss5-bridge.cfg is the first thing to try.
10:13:41.369    DLSS 5 add-on settings, read from ReShade.ini [RenoDX.DLSS5]:
10:13:41.369      ConfigVersion=7
10:13:41.370      EnableHooks=1
10:13:41.370      NeuralUplift=1
10:13:41.370      NRAdaptiveExposure=1
10:13:41.370      NRAutoMask=1
10:13:41.370      NRChainedHistory=1
10:13:41.370      NRChromaClamp=1
10:13:41.370      NRCodecMode=2
10:13:41.370      NRColorStrength=1
10:13:41.370      NRCostMeter=1
10:13:41.370      NRDepthMode=0
10:13:41.370      NRDetailStability=0
10:13:41.370      NRDiffuseWhiteNits=203
10:13:41.371      NRDisableRelease=0
10:13:41.371      NRDisplayPedestal=0
10:13:41.371      NREditTrace=0
10:13:41.371      NREnableUpscaling=0
10:13:41.371      NRFeedMode=2
10:13:41.371      NRFollowInputRes=0
10:13:41.371      NRGlobalTone=2
10:13:41.371      NRGpuTimers=0
10:13:41.371      NRHookPoint=2
10:13:41.371      NRIntensity=2
10:13:41.371      NRLinearUnitNits=0
10:13:41.371      NRLocalStructure=1
10:13:41.371      NRLocalTone=2
10:13:41.372      NRLookBrighten=1
10:13:41.372      NRLookColour=1
10:13:41.372      NRLookDarken=1
10:13:41.372      NRLookDetail=1
10:13:41.372      NRLookDetailRadius=1
10:13:41.372      NRLookHalo=0
10:13:41.372      NRLookHaloBrightSide=0
10:13:41.372      NRLookHighlights=1
10:13:41.372      NRLookHue=1
10:13:41.372      NRLookMaxBrighten=0
10:13:41.372      NRLookMaxColour=0
10:13:41.372      NRLookMaxDarken=0
10:13:41.373      NRLookMidtones=1
10:13:41.373      NRLookMode=1
10:13:41.373      NRLookShadows=1
10:13:41.373      NRLookStabilize=0
10:13:41.373      NRLookStabilizeDetail=0
10:13:41.373      NRLookStabilizeMs=60
10:13:41.373      NRLookStrength=1
10:13:41.373      NRLookTone=1
10:13:41.373      NRLookUpsample=0
10:13:41.373      NRMaxWorksets=4
10:13:41.373      NRMVecScaleX=1
10:13:41.373      NRMVecScaleY=1
10:13:41.373      NRNeuralFloorGuard=1
10:13:41.374      NRNormAttackStops=4
10:13:41.374      NRNormCutAware=1
10:13:41.374      NRNormGovernor=0
10:13:41.374      NRNormReleaseStops=0.5
10:13:41.374      NRNormSlewStops=0.02
10:13:41.374      NRPaperWhiteScale=2.5375
10:13:41.374      NRPass2AutoMask=1
10:13:41.374      NRPass2Color=1
10:13:41.374      NRPass2FollowPass1=0
10:13:41.374      NRPass2Intensity=2
10:13:41.374      NRPass2LocalTone=1.5
10:13:41.374      NRPass2Skin=0
10:13:41.374      NRPass2Structure=1.25
10:13:41.374      NRPass2Style=2
10:13:41.375      NRPass2Transfer=1
10:13:41.375      NRPass2UICorrection=1
10:13:41.375      NRPass3AutoMask=0
10:13:41.375      NRPass3Color=1
10:13:41.375      NRPass3FollowPass1=0
10:13:41.375      NRPass3Intensity=2
10:13:41.375      NRPass3LocalTone=1
10:13:41.375      NRPass3Skin=-1
10:13:41.375      NRPass3Structure=1
10:13:41.375      NRPass3Style=0
10:13:41.375      NRPass3Transfer=1
10:13:41.375      NRPass3UICorrection=0
10:13:41.376      NRPass4AutoMask=0
10:13:41.376      NRPass4Color=1
10:13:41.376      NRPass4FollowPass1=0
10:13:41.376      NRPass4Intensity=2
10:13:41.376      NRPass4LocalTone=1
10:13:41.376      NRPass4Skin=-1
10:13:41.376      NRPass4Structure=1
10:13:41.376      NRPass4Style=0
10:13:41.376      NRPass4Transfer=0
10:13:41.376      NRPass4UICorrection=0
10:13:41.376      NRPasses=2
10:13:41.376      NRPQCalibration=1
10:13:41.376      NRPresentEncoding=0
10:13:41.377      NRPresentFgSource=1
10:13:41.377      NRPresentFrames=0
10:13:41.377      NRPresentGuides=0
10:13:41.377      NRPresentUICorrection=1
10:13:41.377      NRPresentWhiteNits=0
10:13:41.377      NRPreset=2
10:13:41.377      NRPreUpscale=0
10:13:41.377      NRProxyAnchor=4
10:13:41.377      NRResolutionScale=0.67
10:13:41.377      NRScreenshotFormat=0
10:13:41.377      NRScreenshotJpegQuality=95
10:13:41.377      NRScreenshotKey=116
10:13:41.377      NRScreenshotLayout=0
10:13:41.378      NRScreenshotMaxMB=10
10:13:41.378      NRScreenshotSource=0
10:13:41.378      NRShutdownQuiesce=1
10:13:41.378      NRSkinIndependent=1
10:13:41.378      NRSkinStructure=0
10:13:41.378      NRSourceEncoding=0
10:13:41.378      NRSourcePrimaries=0
10:13:41.378      NRStyle=2
10:13:41.378      NRStyleHighlightGuard=0
10:13:41.378      NRToggleKey=106
10:13:41.378      NRTransferMode=1
10:13:41.378      NRTransferStrength=1
10:13:41.378      NRUICorrection=1
10:13:41.378      NRWorksetFreePolicy=0
10:13:41.378      UiIssueNotice=1
10:13:41.378      UiLanguage=zh-Hans
10:13:41.378      UiMode=modern
10:13:41.378      UiWelcomed=1
10:13:41.379  [bridge] config: stage=3 mode=2 flags=-1 subrects=1 reset_every=0 pixels=0 skip_game=1 dred=1 skip_exe=1 unwrap=1 source=auto synth=0 hash_out=1 synth_after=0 mv_sign_x=0 mv_sign_y=0 ofa_grid=2 ofa_perf=20 vk_present=1 vk_sync=0
10:13:41.379  [bridge] settings read from C:\Program Files\Hypergryph Launcher\games\Endfield Game\dlss5-bridge.cfg
10:13:41.387  [bridge] the driver's route to neural rendering is closed for this process: entry 18 of the loader's feature table at 00007FF9B12443E0 named "dlssnr" and now names nothing, which is what the previous driver had there. The DLSS 5 add-on drives that feature itself, as it did before the driver update. Nothing on disk is changed and no other feature is touched. Set ngx_loader=1 in dlss5-bridge.cfg to leave the driver's route alone.
10:13:41.388  [synth] registered for ReShade effect events at add-on API 18 (synth floor 10).
10:13:41.388  [vkmirror] colour format tables agree on 7 of 7 entries.
10:13:41.388  [vkmirror] vk_mirror=1: the Vulkan NGX entry points will be hooked and a Vulkan game's own DLSS contract mirrored onto the private D3D12 session.
10:13:41.388  [panel] status panel registered in ReShade's overlay. Asked for the ImGui 19000 function table; ReShade reports its own ImGui as 1.92.5.
10:13:41.389  NGX layer 0: C:\WINDOWS\System32\DriverStore\FileRepository\nv_dispsi.inf_amd64_b8459fc8f905f657\_nvngx.dll (base=00007FF9B1170000)
10:13:41.389    version 32.0.16.1692
10:13:41.389    NVSDK_NGX_D3D11_CreateFeature     = 00007FF9B11D5C60
10:13:41.390    NVSDK_NGX_D3D11_EvaluateFeature   = 00007FF9B11D5E30
10:13:41.390    NVSDK_NGX_D3D11_EvaluateFeature_C = 0000000000000000
10:13:41.390    CreateFeature    prologue: 48 89 6C 24 18 56 57 41 56 48 83 EC 40 48 
10:13:41.390    EvaluateFeature  prologue: 48 89 5C 24 08 48 89 6C 24 10 48 89 74 24 
10:13:41.562    hooked: CreateFeature=yes EvaluateFeature=yes EvaluateFeature_C=absent
10:13:41.562    NVSDK_NGX_VULKAN_CreateFeature     = 00007FF9B117D230
10:13:41.562    NVSDK_NGX_VULKAN_CreateFeature1    = 00007FF9B117D340
10:13:41.562    NVSDK_NGX_VULKAN_EvaluateFeature   = 00007FF9B117D4E0
10:13:41.562    NVSDK_NGX_VULKAN_EvaluateFeature_C = 0000000000000000
10:13:41.562    VK CreateFeature prologue: 48 89 5C 24 10 48 89 6C 24 18 48 89 74 24 
10:13:41.562    VK CreateFeature1 prologue: 48 89 6C 24 10 48 89 74 24 18 48 89 7C 24 
10:13:41.563    VK EvaluateFeature prologue: 48 89 5C 24 08 48 89 6C 24 10 48 89 74 24 
10:13:41.838    hooked: VULKAN CreateFeature=yes CreateFeature1=yes EvaluateFeature=yes EvaluateFeature_C=absent
10:13:41.919  [fg-relay] Import=1: the ReShade layer's vkCreateDevice at 00007FF956B507A0 is hooked. Every device created from here on gets VK_KHR_external_semaphore_win32 appended to its extension list, and a driver that refuses the name gets the caller's own list retried unchanged.
10:13:42.633  qpc=3083190079385 [fg-relay] interposer hook: present=hooked
10:13:42.633  qpc=3083192802797 [fg-trace] queue discovery exports: get_queue=hooked get_queue2=hooked
10:13:43.102  NGX layer 1: C:\Program Files\Hypergryph Launcher\games\Endfield Game\nvngx_dlss.dll (base=00007FF936140000)
10:13:43.103    version 310.5.2.0
10:13:43.103    NVSDK_NGX_D3D11_CreateFeature     = 00007FF936185160
10:13:43.103    NVSDK_NGX_D3D11_EvaluateFeature   = 00007FF9361852C0
10:13:43.103    NVSDK_NGX_D3D11_EvaluateFeature_C = 0000000000000000
10:13:43.103    CreateFeature    prologue: 48 89 5C 24 08 48 89 6C 24 10 56 57 41 56 
10:13:43.103    EvaluateFeature  prologue: 48 89 5C 24 08 48 89 6C 24 10 48 89 74 24 
10:13:43.313    hooked: CreateFeature=yes EvaluateFeature=yes EvaluateFeature_C=absent
10:13:43.313    NVSDK_NGX_VULKAN_CreateFeature     = 00007FF9362079C0
10:13:43.313    NVSDK_NGX_VULKAN_CreateFeature1    = 00007FF9362079E0
10:13:43.313    NVSDK_NGX_VULKAN_EvaluateFeature   = 00007FF9362079F0
10:13:43.313    NVSDK_NGX_VULKAN_EvaluateFeature_C = 0000000000000000
10:13:43.314    VK CreateFeature prologue: 48 83 EC 38 4C 89 4C 24 20 4D 8B C8 44 8B 
10:13:43.314    VK CreateFeature1 prologue: E9 4B F1 FF FF CC CC CC CC CC CC CC CC CC  <== a thunk into its own module, not a hook
10:13:43.314        the hook jumps into C:\Program Files\Hypergryph Launcher\games\Endfield Game\nvngx_dlss.dll +0xC6B30
10:13:43.314    VK EvaluateFeature prologue: 48 89 5C 24 08 48 89 6C 24 10 48 89 74 24 
10:13:43.425      00007FF9362079E0 is a thunk table entry; the hook goes to its destination 00007FF936206B30 so the patch does not overwrite the entries beside it.
10:13:43.636    hooked: VULKAN CreateFeature=yes CreateFeature1=yes EvaluateFeature=yes EvaluateFeature_C=absent
10:13:43.650  NGX layer 1 retirement finalized.
10:13:43.651    leaving nvngx_dlssg.dll untouched: Frame Generation is not an SR entry point.
10:13:43.759  NGX layer 1: C:\Program Files\Hypergryph Launcher\games\Endfield Game\nvngx_deepdvc.dll (base=00007FF9A63E0000)
10:13:43.759    version 310.5.2.0
10:13:43.759    NVSDK_NGX_D3D11_CreateFeature     = 00007FF9A6400140
10:13:43.759    NVSDK_NGX_D3D11_EvaluateFeature   = 00007FF9A6400260
10:13:43.759    NVSDK_NGX_D3D11_EvaluateFeature_C = 0000000000000000
10:13:43.760    CreateFeature    prologue: 48 89 5C 24 10 48 89 6C 24 18 57 48 83 EC 
10:13:43.760    EvaluateFeature  prologue: 48 89 5C 24 08 48 89 6C 24 10 48 89 74 24 
10:13:43.951    hooked: CreateFeature=yes EvaluateFeature=yes EvaluateFeature_C=absent
10:13:43.952    NVSDK_NGX_VULKAN_CreateFeature     = 00007FF9A64044E0
10:13:43.952    NVSDK_NGX_VULKAN_CreateFeature1    = 00007FF9A6404500
10:13:43.952    NVSDK_NGX_VULKAN_EvaluateFeature   = 00007FF9A6404510
10:13:43.952    NVSDK_NGX_VULKAN_EvaluateFeature_C = 0000000000000000
10:13:43.952    VK CreateFeature prologue: 48 83 EC 38 4C 89 4C 24 20 4D 8B C8 44 8B 
10:13:43.953    VK CreateFeature1 prologue: E9 8B F2 FF FF CC CC CC CC CC CC CC CC CC  <== a thunk into its own module, not a hook
10:13:43.953        the hook jumps into C:\Program Files\Hypergryph Launcher\games\Endfield Game\nvngx_deepdvc.dll +0x23790
10:13:43.953    VK EvaluateFeature prologue: 48 89 5C 24 08 48 89 6C 24 10 48 89 74 24 
10:13:44.040      00007FF9A6404500 is a thunk table entry; the hook goes to its destination 00007FF9A6403790 so the patch does not overwrite the entries beside it.
10:13:44.225    hooked: VULKAN CreateFeature=yes CreateFeature1=yes EvaluateFeature=yes EvaluateFeature_C=absent
10:13:44.239  NGX layer 2: C:\Program Files\Hypergryph Launcher\games\Endfield Game\nvngx_dlssd.dll (base=00007FF937A40000)
10:13:44.240    version 310.5.2.0
10:13:44.240    NVSDK_NGX_D3D11_CreateFeature     = 00007FF937A7A930
10:13:44.240    NVSDK_NGX_D3D11_EvaluateFeature   = 00007FF937A7AA90
10:13:44.240    NVSDK_NGX_D3D11_EvaluateFeature_C = 0000000000000000
10:13:44.240    CreateFeature    prologue: 48 89 5C 24 08 48 89 6C 24 10 56 57 41 56 
10:13:44.240    EvaluateFeature  prologue: 48 89 5C 24 08 48 89 6C 24 10 48 89 74 24 
10:13:44.424    hooked: CreateFeature=yes EvaluateFeature=yes EvaluateFeature_C=absent
10:13:44.424    NVSDK_NGX_VULKAN_CreateFeature     = 00007FF937AFB4C0
10:13:44.425    NVSDK_NGX_VULKAN_CreateFeature1    = 00007FF937AFB4E0
10:13:44.425    NVSDK_NGX_VULKAN_EvaluateFeature   = 00007FF937AFB4F0
10:13:44.425    NVSDK_NGX_VULKAN_EvaluateFeature_C = 0000000000000000
10:13:44.425    VK CreateFeature prologue: 48 83 EC 38 4C 89 4C 24 20 4D 8B C8 44 8B 
10:13:44.425    VK CreateFeature1 prologue: E9 4B F1 FF FF CC CC CC CC CC CC CC CC CC  <== a thunk into its own module, not a hook
10:13:44.425        the hook jumps into C:\Program Files\Hypergryph Launcher\games\Endfield Game\nvngx_dlssd.dll +0xBA630
10:13:44.425    VK EvaluateFeature prologue: 48 89 5C 24 08 48 89 6C 24 10 48 89 74 24 
10:13:44.514      00007FF937AFB4E0 is a thunk table entry; the hook goes to its destination 00007FF937AFA630 so the patch does not overwrite the entries beside it.
10:13:44.696    hooked: VULKAN CreateFeature=yes CreateFeature1=yes EvaluateFeature=yes EvaluateFeature_C=absent
10:13:44.793  qpc=3083214412379 [fg-relay] Reflex sleep hook: slGetPluginFunction=00007FFA3F61E0E0 slReflexSleep=00007FFA3F61DE60 hooked
10:13:45.813  [fg-relay] Import=1: the device created at 000000002FCE00D0 already carried VK_KHR_external_semaphore_win32; it is recorded for the import.
10:13:46.037  NGX layer 3: C:\Program Files\Hypergryph Launcher\games\Endfield Game\nvngx_dlss.dll (base=00007FF927CC0000)
10:13:46.037    version 310.5.2.0
10:13:46.037    NVSDK_NGX_D3D11_CreateFeature     = 00007FF927D05160
10:13:46.037    NVSDK_NGX_D3D11_EvaluateFeature   = 00007FF927D052C0
10:13:46.037    NVSDK_NGX_D3D11_EvaluateFeature_C = 0000000000000000
10:13:46.037    CreateFeature    prologue: 48 89 5C 24 08 48 89 6C 24 10 56 57 41 56 
10:13:46.038    EvaluateFeature  prologue: 48 89 5C 24 08 48 89 6C 24 10 48 89 74 24 
10:13:46.258    hooked: CreateFeature=yes EvaluateFeature=yes EvaluateFeature_C=absent
10:13:46.258    NVSDK_NGX_VULKAN_CreateFeature     = 00007FF927D879C0
10:13:46.258    NVSDK_NGX_VULKAN_CreateFeature1    = 00007FF927D879E0
10:13:46.259    NVSDK_NGX_VULKAN_EvaluateFeature   = 00007FF927D879F0
10:13:46.259    NVSDK_NGX_VULKAN_EvaluateFeature_C = 0000000000000000
10:13:46.259    VK CreateFeature prologue: 48 83 EC 38 4C 89 4C 24 20 4D 8B C8 44 8B 
10:13:46.259    VK CreateFeature1 prologue: E9 4B F1 FF FF CC CC CC CC CC CC CC CC CC  <== a thunk into its own module, not a hook
10:13:46.259        the hook jumps into C:\Program Files\Hypergryph Launcher\games\Endfield Game\nvngx_dlss.dll +0xC6B30
10:13:46.259    VK EvaluateFeature prologue: 48 89 5C 24 08 48 89 6C 24 10 48 89 74 24 
10:13:46.354      00007FF927D879E0 is a thunk table entry; the hook goes to its destination 00007FF927D86B30 so the patch does not overwrite the entries beside it.
10:13:46.547    hooked: VULKAN CreateFeature=yes CreateFeature1=yes EvaluateFeature=yes EvaluateFeature_C=absent
10:13:46.565  NGX layer 3 retirement finalized.
10:13:48.656  [vkmirror] ReShade created an effect runtime on Vulkan. The mirror takes it.
10:13:48.749  qpc=3083253970834 [fg-trace] layer queue discovery: 00007FF9D9316D70 hooked
10:13:48.914  [vkmirror] ReShade created an effect runtime on Vulkan. The mirror takes it.
10:13:49.050  [vkmirror] ReShade created an effect runtime on Vulkan. The mirror takes it.
10:13:50.356  NGX layer 3: C:\Program Files\Hypergryph Launcher\games\Endfield Game\nvngx_dlssnr.dll (base=00007FF8F6A70000)
10:13:50.356    version 310.8.0.0
10:13:50.356    NVSDK_NGX_D3D11_CreateFeature     = 00007FF8F6A838B0
10:13:50.356    NVSDK_NGX_D3D11_EvaluateFeature   = 00007FF8F6A83B20
10:13:50.356    NVSDK_NGX_D3D11_EvaluateFeature_C = 0000000000000000
10:13:50.356    CreateFeature    prologue: 40 53 55 56 48 81 EC 80 02 00 00 48 8B 05 
10:13:50.356    EvaluateFeature  prologue: 40 53 55 56 57 41 56 48 81 EC 60 02 00 00 
10:13:50.529    hooked: CreateFeature=yes EvaluateFeature=yes EvaluateFeature_C=absent
10:13:50.529    NVSDK_NGX_VULKAN_CreateFeature     = 00007FF8F6A94A20
10:13:50.529    NVSDK_NGX_VULKAN_CreateFeature1    = 00007FF8F6A94B70
10:13:50.529    NVSDK_NGX_VULKAN_EvaluateFeature   = 00007FF8F6A94C80
10:13:50.530    NVSDK_NGX_VULKAN_EvaluateFeature_C = 0000000000000000
10:13:50.530    VK CreateFeature prologue: 40 53 55 56 57 41 56 48 81 EC 60 02 00 00 
10:13:50.530    VK CreateFeature1 prologue: 40 53 55 56 57 41 56 48 81 EC 60 02 00 00 
10:13:50.530    VK EvaluateFeature prologue: 48 89 5C 24 08 48 89 6C 24 10 48 89 74 24 
10:13:50.793    hooked: VULKAN CreateFeature=yes CreateFeature1=yes EvaluateFeature=yes EvaluateFeature_C=absent
10:14:03.671  qpc=3083403168015 [fg-trace] vkGetDeviceQueue(layer) family=0 index=1 -> queue=000000002EB728D0 thread=34540
10:14:03.671  qpc=3083403171536 [fg-trace] vkGetDeviceQueue(layer) family=2 index=1 -> queue=000000002EB750D0 thread=34540
10:14:03.696  [vkmirror] ReShade created an effect runtime on Vulkan. The mirror takes it.
10:14:03.703  === Vulkan CreateFeature1 #1  feature_id=1  VkDevice=000000002FCE00D0  thread 75496 ===
10:14:03.735  === Vulkan CreateFeature1 #1 returned 1, handle=000000013EF510F0 ===
10:14:03.736  [vkmirror] the game's create states 5120x2160 -> 5120x2160. That is the shape the mirror will use, in preference to the four scalars its evaluates carry.
10:14:03.738  [fg-input] native Vulkan DLSS is forwarded without a mirror; the real frame is processed once at the frame-generation input.
10:14:03.853  === Vulkan CreateFeature1 #2  feature_id=18  VkDevice=000000002FCE00D0  thread 75496 ===
10:14:03.853  === Vulkan CreateFeature1 #2 returned -1160773630, handle=0000000000000000 ===
10:14:03.855  qpc=3083405011615 [fg-trace] vkGetDeviceQueue(layer) family=0 index=0 -> queue=000000002EB714D0 thread=75496
10:14:03.855  qpc=3083405012430 [fg-trace] vkGetDeviceQueue(layer) family=2 index=0 -> queue=000000002EB73CD0 thread=75496
10:14:03.908  [vkmirror] ReShade created an effect runtime on Vulkan. The mirror takes it.
10:14:03.936  [vkmirror] ReShade created an effect runtime on Vulkan. The mirror takes it.
10:14:03.990  === Vulkan CreateFeature1 #3  feature_id=18  VkDevice=000000002FCE00D0  thread 75496 ===
10:14:03.990  === Vulkan CreateFeature1 #3 returned -1160773630, handle=0000000000000000 ===
10:14:04.047  [vkmirror] ReShade created an effect runtime on Vulkan. The mirror takes it.
10:14:04.999  === Vulkan CreateFeature1 #4  feature_id=18  VkDevice=000000002FCE00D0  thread 75496 ===
10:14:05.000  === Vulkan CreateFeature1 #4 returned -1160773630, handle=0000000000000000 ===
10:14:07.008  === Vulkan CreateFeature1 #5  feature_id=18  VkDevice=000000002FCE00D0  thread 75496 ===
10:14:07.008  === Vulkan CreateFeature1 #5 returned -1160773630, handle=0000000000000000 ===
10:14:18.849  [fg-relay] rate/15.0s p2 import_opt=1: presents=38.3/s present-gate[point=38.3 ready=0.0 fallback=0.0 inactive=0.0]/s noinfo=0.0/s stale=0.0/s unlearned=0.0/s attempts=0.0/s armed=0.0/s skipped=0.0/s busy=0.0/s arm-reject[state=0.0 request=0.0 refused=0.0 stopping=0.0 res=0.0 size=0.0]/s pool[cap=0.0 family=0.0 create=0.0 alloc=0.0]/s copy-drop[fence=0.0 reset=0.0 begin=0.0 end=0.0 submit=0.0]/s cf[seq=0.0/s idle=0.0/s nrfence=0.0/s] slotbusy=0.0/s copyfence-busy=0.0/s nr-gpuwait=0.0/s flips=0.0/s
10:14:18.849  [fg-relay] rate2: fginput eval=0.0/s index!=1=0.0/s eval-gate[off=0.0 fallback=0.0 notready=0.0 noinput=0.0 noqueue=0.0]/s relay eval=0.0/s consume=0.0/s inplace=0.0/s(ok 0.0/s) unarmed=0.0/s mismatch=0.0/s relbusy=0.0/s relok=0.0/s relfail=0.0/s release-stage[queue=0.0 pool=0.0 fence=0.0 reset=0.0 begin=0.0 end=0.0 submit=0.0]/s watchdog=0.0/s | worker plays=0.0/s ok=0.0/s fail=0.0/s nr_absent=0.0/s copyfail=0.0/s
10:14:18.850  [fg-relay] rate3: arm->arm avg=0.00ms max=0.00ms n=0 | arm->work avg=0.00ms max=0.00ms | arm->eval avg=0.00ms max=0.00ms | copywait avg=0.000ms max=0.000ms | copy-land<= avg=0.00ms max=0.00ms | work avg=0.00ms max=0.00ms | totals armed=0 unarmed=0 skipped=0 busy=0 mismatch=0 copies_failed=0 writes=0 conflicts=0
10:14:18.850  [fg-relay] rate4: throttle depth=1 off=0 | sleep calls=38.3/s waits=0.0/s clear=0.0/s timeouts=0.0/s avg=0.00ms | present calls=38.3/s waits=0.0/s clear=0.0/s timeouts=0.0/s avg=0.00ms | max=0.00ms (process)
10:14:19.477  === Vulkan CreateFeature1 #6  feature_id=1  VkDevice=000000002FCE00D0  thread 75496 ===
10:14:19.496  === Vulkan CreateFeature1 #6 returned 1, handle=000000280235B990 ===
10:14:19.498  === Vulkan CreateFeature1 #7  feature_id=18  VkDevice=000000002FCE00D0  thread 75496 ===
10:14:19.498  === Vulkan CreateFeature1 #7 returned -1160773630, handle=0000000000000000 ===
10:14:19.500  === Vulkan CreateFeature1 #8  feature_id=11  VkDevice=000000002FCE00D0  thread 75496 ===
10:14:19.527  === Vulkan CreateFeature1 #8 returned 1, handle=000000270F309940 ===
10:14:19.528    feature 11 is not super resolution; evaluates on this handle will be forwarded and otherwise ignored.
10:14:19.583  === Vulkan CreateFeature1 #9  feature_id=18  VkDevice=000000002FCE00D0  thread 75496 ===
10:14:19.583  === Vulkan CreateFeature1 #9 returned -1160773630, handle=0000000000000000 ===
10:14:19.623  [present-adapter] enabled, idle. Awaiting a new request token; existing requests are ignored.
10:14:19.626  [fg-input] AutoRun: continuous NR at the frame-generation input; a request with frames=0 stops it. pipeline=serial park
10:14:19.626  
10:14:19.626  ################ synth: opening on this add-on's own D3D12 device ################
10:14:19.631  [bridge] D3D12 device created at feature level 12_1.
10:14:19.631  [bridge] the D3D12 device came back wrapped by ReShade: 00000028026D6A00 over 000000013E7F2950. NGX is given the unwrapped one, so no other add-on is handed D3D12 objects it never asked for.
10:14:19.631  [bridge] add-ons loaded at this point, with their bases:
10:14:19.631  [bridge]   dlss5-bridge.addon64 at 00007FFA8D240000
10:14:19.631  [bridge]   renodx-dlss5.addon64 at 00007FF9A69D0000
10:14:19.658  [synth] this add-on's own D3D12 device is 000000013E7F2950 and its graphics queue is 0000002719EFD4F0
10:14:19.659  [bridge] NGX D3D12 entry points taken from C:\WINDOWS\System32\DriverStore\FileRepository\nv_dispsi.inf_amd64_b8459fc8f905f657\_nvngx.dll
10:14:19.659  [synth] NGX data path: C:\Program Files\Hypergryph Launcher\games\Endfield Game\
10:14:19.846  NGX layer 4: C:\Program Files\Hypergryph Launcher\games\Endfield Game\nvngx_dlss.dll (base=00007FF8CD170000)
10:14:19.847    version 310.5.2.0
10:14:19.847    NVSDK_NGX_D3D11_CreateFeature     = 00007FF8CD1B5160
10:14:19.847    NVSDK_NGX_D3D11_EvaluateFeature   = 00007FF8CD1B52C0
10:14:19.847    NVSDK_NGX_D3D11_EvaluateFeature_C = 0000000000000000
10:14:19.847    CreateFeature    prologue: 48 89 5C 24 08 48 89 6C 24 10 56 57 41 56 
10:14:19.847    EvaluateFeature  prologue: 48 89 5C 24 08 48 89 6C 24 10 48 89 74 24 
10:14:20.015    hooked: CreateFeature=yes EvaluateFeature=yes EvaluateFeature_C=absent
10:14:20.015    NVSDK_NGX_VULKAN_CreateFeature     = 00007FF8CD2379C0
10:14:20.015    NVSDK_NGX_VULKAN_CreateFeature1    = 00007FF8CD2379E0
10:14:20.015    NVSDK_NGX_VULKAN_EvaluateFeature   = 00007FF8CD2379F0
10:14:20.015    NVSDK_NGX_VULKAN_EvaluateFeature_C = 0000000000000000
10:14:20.016    VK CreateFeature prologue: 48 83 EC 38 4C 89 4C 24 20 4D 8B C8 44 8B 
10:14:20.016    VK CreateFeature1 prologue: E9 4B F1 FF FF CC CC CC CC CC CC CC CC CC  <== a thunk into its own module, not a hook
10:14:20.016        the hook jumps into C:\Program Files\Hypergryph Launcher\games\Endfield Game\nvngx_dlss.dll +0xC6B30
10:14:20.016    VK EvaluateFeature prologue: 48 89 5C 24 08 48 89 6C 24 10 48 89 74 24 
10:14:20.100      00007FF8CD2379E0 is a thunk table entry; the hook goes to its destination 00007FF8CD236B30 so the patch does not overwrite the entries beside it.
10:14:20.270    hooked: VULKAN CreateFeature=yes CreateFeature1=yes EvaluateFeature=yes EvaluateFeature_C=absent
10:14:20.565  [synth] Init_Ext(version=0x13) -> ok
10:14:20.566  [synth] D3D12 session ready on this add-on's own D3D12 device. The frame does not start on this device, so every texture NGX reads is created shareable here and imported by the API the game renders with.
10:14:20.566  [synth] Vulkan side ready: VkDevice 000000002FCE00D0, VK_KHR_external_memory_win32 enabled, VK_KHR_push_descriptor enabled, 22 entry points resolved out of vulkan-1.dll with no import of it.
10:14:20.566  [fg-input] building the private feature and its Vulkan import for 5120x2160 R8G8B8A8_UNORM
10:14:20.573  [bridge] shader compiler: C:\Program Files\Hypergryph Launcher\games\Endfield Game\d3dcompiler_47.dll
10:14:20.580  [bridge] sRGB conversion ready: R8G8B8A8_UNORM -> linear BT.709 (normalized SDR) -> original encoding.
10:14:20.580  [synth] colour in R8G8B8A8_UNORM, output R8G8B8A8_UNORM -- the frame is copied into the first and the result is copied back out of the second, because NGX reads one as a shader resource and writes the other through a UAV in the same call.
10:14:20.580  [synth]   Color  fmt 28 5120x2160 flags=0x20: sample yes, typed UAV yes, UAV load yes, UAV store yes
10:14:20.581  [synth]   Output fmt 28 5120x2160 flags=0x24: sample yes, typed UAV yes, UAV load yes, UAV store yes
10:14:20.581  [synth]   Depth  fmt 41 5120x2160 flags=0x20: sample yes, typed UAV yes, UAV load yes, UAV store yes
10:14:20.581  [synth]   MV     fmt 34 5120x2160 flags=0x20: sample yes, typed UAV yes, UAV load yes, UAV store yes
10:14:20.581  [bridge] the synthetic contract's create flags 8: DepthInverted
10:14:20.660  [synth] feature ready on this add-on's own D3D12 device: 5120x2160 -> 5120x2160 handle=00000028E8ACC470
10:14:20.660  [synth] imported memory: the image allows types 0x00000003, the imported handle allows 0x00000002 (query returned 0), and the lowest of the two together is taken, index 1. UNVERIFIED on AMD and on Intel -- if the import fails or the picture is wrong on one of those, this line is the first thing to compare.
10:14:20.660  [synth] 5 D3D12 textures imported into the game's VkDevice -- the four slots, and the pipeline's second Output -- and a 44236800-byte buffer made for the depth aspect to travel through.
10:14:20.661  [present-adapter] NGX evaluate module: _nvngx.dll internal=nvngx.dll product=NGX.
10:14:20.661  [present-adapter] NGX evaluate module: 160_E658700.bin internal=DLSS product=NVIDIA Deep Learning SuperSampling.
10:14:20.661  [present-adapter] NGX evaluate module: 160_E658700.bin internal=DLSS-G product=NVIDIA DLSS-G MFGLW.
10:14:20.661  [present-adapter] NGX evaluate module: nvngx_deepdvc.dll internal=DEEPDVC product=NVIDIA DEEPDVC.
10:14:20.662  [present-adapter] NGX evaluate module: nvngx_dlssd.dll internal=DLSS product=NVIDIA DLSS Ray Reconstruction.
10:14:20.662  [present-adapter] NGX evaluate module: nvngx_dlssnr.dll internal=DLSSNR product=NVIDIA DLSSNR.
10:14:20.743  [present-adapter] private SR carrier copy ready; external SR calls remain tail-forwarded.
10:14:20.823  [present-adapter] NR entry witness ready (tail-forward, CPU observation only).
10:14:20.826  [fg-input] ready: HUD-less -> linear sRGB carrier -> Generic NR -> UI-preserving composite; FG interpolates processed frames. guides: mv=game (scale 5120.000,2160.000) depth=game inverted=1
10:14:20.828  === Vulkan CreateFeature1 #10  feature_id=18  VkDevice=000000002FCE00D0  thread 75496 ===
10:14:20.828  === Vulkan CreateFeature1 #10 returned -1160773630, handle=0000000000000000 ===
10:14:20.828  [fg-census] evaluate observed: MultiFrameIndex=2 thread=48400
10:14:20.828  [fg-census] pass 1 begins: 131 keys, types tried u/i/f/d/ull/ptr.
10:14:20.829  [fg-census] DLSSG.AutomodeOverrideReset u=0 i=0 f=0 d=0 ull=0
10:14:20.829  [fg-census] DLSSG.Backbuffer ptr=000000269840A1A8
10:14:20.829  [fg-census] DLSSG.BackbufferFormat u=37 i=37 f=37 d=37 ull=37
10:14:20.829  [fg-census] DLSSG.BackbufferFrameID ptr=0000000000000247
10:14:20.829  [fg-census] DLSSG.BackbufferSubrectBaseX u=0 i=0 f=0 d=0 ull=0
10:14:20.829  [fg-census] DLSSG.BackbufferSubrectBaseY u=0 i=0 f=0 d=0 ull=0
10:14:20.829  [fg-census] DLSSG.BackbufferSubrectHeight u=2160 i=2160 f=2160 d=2160 ull=2160
10:14:20.830  [fg-census] DLSSG.BackbufferSubrectWidth u=5120 i=5120 f=5120 d=5120 ull=5120
10:14:20.830  [fg-census] DLSSG.BidirectionalDistortionField ptr=0000000000000000
10:14:20.830  [fg-census] DLSSG.BidirectionalDistortionFieldLowPrecision.Bias u=0 i=0 f=0 d=0 ull=0
10:14:20.830  [fg-census] DLSSG.BidirectionalDistortionFieldLowPrecision.IsLowPrecision u=0 i=0 f=0 d=0 ull=0
10:14:20.830  [fg-census] DLSSG.BidirectionalDistortionFieldLowPrecision.Scale u=1 i=1 f=1 d=1 ull=1
10:14:20.830  [fg-census] DLSSG.BidirectionalDistortionFieldSubrectBaseX u=0 i=0 f=0 d=0 ull=0
10:14:20.830  [fg-census] DLSSG.BidirectionalDistortionFieldSubrectBaseY u=0 i=0 f=0 d=0 ull=0
10:14:20.830  [fg-census] DLSSG.BidirectionalDistortionFieldSubrectHeight u=0 i=0 f=0 d=0 ull=0
10:14:20.830  [fg-census] DLSSG.BidirectionalDistortionFieldSubrectWidth u=0 i=0 f=0 d=0 ull=0
10:14:20.830  [fg-census] DLSSG.CameraAspectRatio u=2 i=2 f=2.37037 d=2.37037039 ull=2
10:14:20.830  [fg-census] DLSSG.CameraFOV u=1 i=1 f=1.01229 d=1.01229095 ull=1
10:14:20.830  [fg-census] DLSSG.CameraFar u=10000 i=10000 f=10000 d=10000 ull=10000
10:14:20.830  [fg-census] DLSSG.CameraFwdX u=0 i=0 f=0.180656 d=0.180656493 ull=0
10:14:20.831  [fg-census] DLSSG.CameraFwdY u=0 i=0 f=0.17161 d=0.171610311 ull=0
10:14:20.831  [fg-census] DLSSG.CameraFwdZ u=0 i=0 f=-0.968459 d=-0.968459249 ull=0
10:14:20.831  [fg-census] DLSSG.CameraMotionIncluded u=1 i=1 f=1 d=1 ull=1
10:14:20.831  [fg-census] DLSSG.CameraNear u=0 i=0 f=0.1 d=0.100000001 ull=0
10:14:20.831  [fg-census] DLSSG.CameraPinholeOffsetX u=0 i=0 f=0 d=0 ull=0
10:14:20.831  [fg-census] DLSSG.CameraPinholeOffsetY u=0 i=0 f=0 d=0 ull=0
10:14:20.831  [fg-census] DLSSG.CameraPosX u=0 i=0 f=0 d=0 ull=0
10:14:20.831  [fg-census] DLSSG.CameraPosY u=4294967295 i=-1 f=-1.37852 d=-1.37852454 ull=18446744073709551615
10:14:20.831  [fg-census] DLSSG.CameraPosZ u=4294967293 i=-3 f=-3.86706 d=-3.86705518 ull=18446744073709551613
10:14:20.831  [fg-census] DLSSG.CameraRightX u=0 i=0 f=-0.983546 d=-0.983546257 ull=0
10:14:20.831  [fg-input] frame=1 5120x2160 vkfmt=37 mode=NR pipeline=serial nr_entries=0 sr_entries=1 sr_copies=1 ok=1 busy_skips=0 token=1.
10:14:20.831  [fg-census] DLSSG.CameraRightY u=0 i=0 f=0.0315212 d=0.0315211564 ull=0
10:14:20.832  [fg-census] DLSSG.CameraRightZ u=0 i=0 f=-0.177885 d=-0.177885324 ull=0
10:14:20.832  [fg-census] DLSSG.CameraUpX u=0 i=0 f=1.86265e-09 d=1.86264515e-09 ull=0
10:14:20.832  [fg-census] DLSSG.CameraUpY u=0 i=0 f=0.984661 d=0.984660506 ull=0
10:14:20.832  [fg-census] DLSSG.CameraUpZ u=0 i=0 f=0.174481 d=0.174481168 ull=0
10:14:20.832  [fg-census] DLSSG.CameraViewToClip ptr=000000269840A3F8 m=[0.7611 0 0 0 | 0 1.804 0 0 | 0 0 9.954e-06 -1 | 0 0 0.1 0]
10:14:20.832  [fg-census] DLSSG.ClipToCameraView ptr=000000269840A438 m=[1.314 -0 -0 0 | 0 -0.5543 -0 0 | 0 -0 -0 10 | 0 -0 -1 9.954e-05]
10:14:20.832  [fg-census] DLSSG.ClipToLensClip ptr=000000269840A478 m=[1 0 0 0 | 0 1 0 0 | 0 0 1 0 | 0 0 0 1]
10:14:20.832  [fg-census] DLSSG.ClipToPrevClip ptr=000000269840A4B8 m=[1 -7.445e-09 -8.751e-17 1.491e-08 | -9.313e-10 1 -5.684e-14 7.451e-09 | 0 1.907e-06 1 3.815e-06 | 0 -2.253e-08 9.095e-13 1]
10:14:20.832  [fg-census] DLSSG.CmdAlloc ptr=00000000408214D0
10:14:20.833  [fg-census] DLSSG.CmdQueue ptr=000000002EB73CD0
10:14:20.833  [fg-census] DLSSG.ColorBuffersHDR u=0 i=0 f=0 d=0 ull=0
10:14:20.833  [fg-census] DLSSG.Depth ptr=000000269840A088
10:14:20.833  [fg-census] DLSSG.DepthInverted u=1 i=1 f=1 d=1 ull=1
10:14:20.833  [fg-census] DLSSG.DepthSubrectBaseX u=0 i=0 f=0 d=0 ull=0
10:14:20.833  [fg-census] DLSSG.DepthSubrectBaseY u=0 i=0 f=0 d=0 ull=0
10:14:20.833  [fg-census] DLSSG.DepthSubrectHeight u=2160 i=2160 f=2160 d=2160 ull=2160
10:14:20.833  [fg-census] DLSSG.DepthSubrectWidth u=5120 i=5120 f=5120 d=5120 ull=5120
10:14:20.833  [fg-census] DLSSG.Dynamic.ReflexDriven u=0 i=0 f=0 d=0 ull=0
10:14:20.833  [fg-census] DLSSG.DynamicMaxFrameCount u=5 i=5 f=5 d=5 ull=5
10:14:20.834  [fg-census] DLSSG.DynamicResolution u=0 i=0 f=0 d=0 ull=0
10:14:20.834  [fg-census] DLSSG.EnableInterp u=1 i=1 f=1 d=1 ull=1
10:14:20.834  [fg-census] DLSSG.EstimateVRAMCallback ptr=00007FF94F7C7A90
10:14:20.834  [fg-census] DLSSG.EvalFlags u=0 i=0 f=0 d=0 ull=0
10:14:20.834  [fg-census] DLSSG.FenceEvent ptr=0000000000000000
10:14:20.834  [fg-census] DLSSG.FlipMetering u=0 i=0 f=0 d=0 ull=0
10:14:20.834  [fg-census] DLSSG.HUDLess ptr=000000269840A208
10:14:20.834  [fg-census] DLSSG.HUDLessSubrectBaseX u=0 i=0 f=0 d=0 ull=0
10:14:20.834  [fg-census] DLSSG.HUDLessSubrectBaseY u=0 i=0 f=0 d=0 ull=0
10:14:20.834  [fg-census] DLSSG.HUDLessSubrectHeight u=2160 i=2160 f=2160 d=2160 ull=2160
10:14:20.834  [fg-census] DLSSG.HUDLessSubrectWidth u=5120 i=5120 f=5120 d=5120 ull=5120
10:14:20.835  [fg-census] DLSSG.Height u=2160 i=2160 f=2160 d=2160 ull=2160
10:14:20.835  [fg-census] DLSSG.InternalHeight u=0 i=0 f=0 d=0 ull=0
10:14:20.835  [fg-census] DLSSG.InternalWidth u=0 i=0 f=0 d=0 ull=0
10:14:20.835  [fg-census] DLSSG.IsRecording u=1 i=1 f=1 d=1 ull=1
10:14:20.835  [fg-census] DLSSG.JitterOffsetX u=0 i=0 f=-0 d=-0 ull=0
10:14:20.835  [fg-census] DLSSG.JitterOffsetY u=0 i=0 f=0.166667 d=0.166666657 ull=0
10:14:20.835  [fg-census] DLSSG.MVecs ptr=000000269840A0E8
10:14:20.835  [fg-census] DLSSG.MVecsSubrectBaseX u=0 i=0 f=0 d=0 ull=0
10:14:20.835  [fg-census] DLSSG.MVecsSubrectBaseY u=0 i=0 f=0 d=0 ull=0
10:14:20.835  [fg-census] DLSSG.MVecsSubrectHeight u=2160 i=2160 f=2160 d=2160 ull=2160
10:14:20.835  [fg-census] DLSSG.MVecsSubrectWidth u=5120 i=5120 f=5120 d=5120 ull=5120
10:14:20.835  [fg-census] DLSSG.MenuDetectionEnabled u=0 i=0 f=0 d=0 ull=0
10:14:20.836  [fg-census] DLSSG.MinRelativeLinearDepthObjectSeparation u=40 i=40 f=40 d=40 ull=40
10:14:20.836  [fg-census] DLSSG.ModelVersion u=512 i=512 f=512 d=512 ull=512
10:14:20.836  [fg-census] DLSSG.MultiFrameCount u=3 i=3 f=3 d=3 ull=3
10:14:20.836  [fg-census] DLSSG.MultiFrameCountMax u=5 i=5 f=5 d=5 ull=5
10:14:20.836  [fg-census] DLSSG.MultiFrameIndex u=2 i=2 f=2 d=2 ull=2
10:14:20.836  [fg-census] DLSSG.MvecDilated u=0 i=0 f=0 d=0 ull=0
10:14:20.836  [fg-census] DLSSG.MvecInvalidValue u=0 i=-2147483648 f=3.40282e+38 d=3.40282347e+38 ull=9223372036854775808
10:14:20.836  [fg-census] DLSSG.MvecJittered u=0 i=0 f=0 d=0 ull=0
10:14:20.836  [fg-census] DLSSG.MvecScaleX u=5120 i=5120 f=5120 d=5120 ull=5120
10:14:20.836  [fg-census] DLSSG.MvecScaleY u=2160 i=2160 f=2160 d=2160 ull=2160
10:14:20.836  [fg-census] DLSSG.NoWarp ptr=0000000000000000
10:14:20.836  [fg-census] DLSSG.NoWarpSubrectBaseX u=0 i=0 f=0 d=0 ull=0
10:14:20.836  [fg-census] DLSSG.NoWarpSubrectBaseY u=0 i=0 f=0 d=0 ull=0
10:14:20.837  [fg-census] DLSSG.NoWarpSubrectHeight u=0 i=0 f=0 d=0 ull=0
10:14:20.837  [fg-census] DLSSG.NoWarpSubrectWidth u=0 i=0 f=0 d=0 ull=0
10:14:20.837  [fg-census] DLSSG.NotRenderingGameFrames u=0 i=0 f=0 d=0 ull=0
10:14:20.837  [fg-census] DLSSG.OrthoProjection u=0 i=0 f=0 d=0 ull=0
10:14:20.837  [fg-census] DLSSG.OutputDisableInterpolation ptr=000000269840A388
10:14:20.837  [fg-census] DLSSG.OutputInterpolated ptr=00000028024EB6F8
10:14:20.837  [fg-census] DLSSG.OutputReal ptr=0000000000000000
10:14:20.837  [fg-census] DLSSG.PrevClipToClip ptr=000000269840A4F8 m=[1 7.445e-09 8.752e-17 -1.491e-08 | 9.313e-10 1 5.684e-14 -7.451e-09 | -1.776e-15 -1.907e-06 1 -3.815e-06 | 2.098e-17 2.253e-08 -9.095e-13 1]
10:14:20.837  [fg-census] DLSSG.QueueSubmitCallback ptr=0000000000000000
10:14:20.837  [fg-census] DLSSG.QueueSubmitCallbackData ptr=0000000000000000
10:14:20.837  [fg-census] DLSSG.RefreshRate u=119 i=119 f=119.996 d=119.996002 ull=119
10:14:20.837  [fg-census] DLSSG.Reset u=1 i=1 f=1 d=1 ull=1
10:14:20.837  [fg-census] DLSSG.StreamlineMode u=1 i=1 f=1 d=1 ull=1
10:14:20.838  [fg-census] DLSSG.StreamlineVersionTag ptr=00007FFA3DC5CB50
10:14:20.838  [fg-census] DLSSG.SyncFlushCallback ptr=0000000000000000
10:14:20.838  [fg-census] DLSSG.SyncFlushCallbackData ptr=0000000000000000
10:14:20.838  [fg-census] DLSSG.SyncSignalCallback ptr=0000000000000000
10:14:20.838  [fg-census] DLSSG.SyncSignalCallbackData ptr=0000000000000000
10:14:20.838  [fg-census] DLSSG.SyncSignalOnlyCallback ptr=0000000000000000
10:14:20.838  [fg-census] DLSSG.SyncSignalOnlyCallbackData ptr=0000000000000000
10:14:20.838  [fg-census] DLSSG.SyncWaitCallback ptr=0000000000000000
10:14:20.838  [fg-census] DLSSG.SyncWaitCallbackData ptr=0000000000000000
10:14:20.838  [fg-census] DLSSG.SyncWaitOnlyCallback ptr=0000000000000000
10:14:20.838  [fg-census] DLSSG.SyncWaitOnlyCallbackData ptr=0000000000000000
10:14:20.838  [fg-census] DLSSG.TargetFrameRate u=119 i=119 f=119.996 d=119.996002 ull=119
10:14:20.838  [fg-census] DLSSG.UI ptr=0000000000000000
10:14:20.838  [fg-census] DLSSG.UIAlpha ptr=0000000000000000
10:14:20.838  [fg-census] DLSSG.UIAlphaSubrectBaseX u=0 i=0 f=0 d=0 ull=0
10:14:20.838  [fg-census] DLSSG.UIAlphaSubrectBaseY u=0 i=0 f=0 d=0 ull=0
10:14:20.838  [fg-census] DLSSG.UIAlphaSubrectHeight u=0 i=0 f=0 d=0 ull=0
10:14:20.838  [fg-census] DLSSG.UIAlphaSubrectWidth u=0 i=0 f=0 d=0 ull=0
10:14:20.838  [fg-census] DLSSG.UISubrectBaseX u=0 i=0 f=0 d=0 ull=0
10:14:20.839  [fg-census] DLSSG.UISubrectBaseY u=0 i=0 f=0 d=0 ull=0
10:14:20.839  [fg-census] DLSSG.UISubrectHeight u=0 i=0 f=0 d=0 ull=0
10:14:20.839  [fg-census] DLSSG.UISubrectWidth u=0 i=0 f=0 d=0 ull=0
10:14:20.840  [fg-census] DLSSG.UserInterfaceRecompositionEnabled u=0 i=0 f=0 d=0 ull=0
10:14:20.840  [fg-census] DLSSG.VSyncDriverRequested u=1 i=1 f=1 d=1 ull=1
10:14:20.840  [fg-census] DLSSG.VSyncOn u=0 i=0 f=0 d=0 ull=0
10:14:20.840  [fg-census] DLSSG.VSyncSupported u=0 i=0 f=0 d=0 ull=0
10:14:20.840  [fg-census] DLSSG.VkOFAModeRequest u=1 i=1 f=1 d=1 ull=1
10:14:20.840  [fg-census] DLSSG.Width u=5120 i=5120 f=5120 d=5120 ull=5120
10:14:20.840  [fg-census] DLSSG.run_lowres_mvec_pass u=1 i=1 f=1 d=1 ull=1
10:14:20.840  [fg-census] pass 1 ends.
10:14:20.841  [fg-census] evaluate observed: MultiFrameIndex=3 thread=48400
10:14:20.841  [fg-census] pass 2 begins: 131 keys, types tried u/i/f/d/ull/ptr.
10:14:20.841  [fg-census] DLSSG.AutomodeOverrideReset u=0 i=0 f=0 d=0 ull=0
10:14:20.841  [fg-census] DLSSG.Backbuffer ptr=000000269840A1A8
10:14:20.841  [fg-census] DLSSG.BackbufferFormat u=37 i=37 f=37 d=37 ull=37
10:14:20.841  [fg-census] DLSSG.BackbufferFrameID ptr=0000000000000247
10:14:20.841  [fg-census] DLSSG.BackbufferSubrectBaseX u=0 i=0 f=0 d=0 ull=0
10:14:20.841  [fg-census] DLSSG.BackbufferSubrectBaseY u=0 i=0 f=0 d=0 ull=0
10:14:20.841  [fg-census] DLSSG.BackbufferSubrectHeight u=2160 i=2160 f=2160 d=2160 ull=2160
10:14:20.842  [fg-census] DLSSG.BackbufferSubrectWidth u=5120 i=5120 f=5120 d=5120 ull=5120
10:14:20.842  [fg-census] DLSSG.BidirectionalDistortionField ptr=0000000000000000
10:14:20.842  [fg-census] DLSSG.BidirectionalDistortionFieldLowPrecision.Bias u=0 i=0 f=0 d=0 ull=0
10:14:20.842  [fg-census] DLSSG.BidirectionalDistortionFieldLowPrecision.IsLowPrecision u=0 i=0 f=0 d=0 ull=0
10:14:20.842  [fg-census] DLSSG.BidirectionalDistortionFieldLowPrecision.Scale u=1 i=1 f=1 d=1 ull=1
10:14:20.842  [fg-census] DLSSG.BidirectionalDistortionFieldSubrectBaseX u=0 i=0 f=0 d=0 ull=0
10:14:20.842  [fg-census] DLSSG.BidirectionalDistortionFieldSubrectBaseY u=0 i=0 f=0 d=0 ull=0
10:14:20.842  [fg-census] DLSSG.BidirectionalDistortionFieldSubrectHeight u=0 i=0 f=0 d=0 ull=0
10:14:20.842  [fg-census] DLSSG.BidirectionalDistortionFieldSubrectWidth u=0 i=0 f=0 d=0 ull=0
10:14:20.842  [fg-census] DLSSG.CameraAspectRatio u=2 i=2 f=2.37037 d=2.37037039 ull=2
10:14:20.842  [fg-census] DLSSG.CameraFOV u=1 i=1 f=1.01229 d=1.01229095 ull=1
10:14:20.842  [fg-census] DLSSG.CameraFar u=10000 i=10000 f=10000 d=10000 ull=10000
10:14:20.842  [fg-census] DLSSG.CameraFwdX u=0 i=0 f=0.180656 d=0.180656493 ull=0
10:14:20.843  [fg-census] DLSSG.CameraFwdY u=0 i=0 f=0.17161 d=0.171610311 ull=0
10:14:20.843  [fg-census] DLSSG.CameraFwdZ u=0 i=0 f=-0.968459 d=-0.968459249 ull=0
10:14:20.843  [fg-census] DLSSG.CameraMotionIncluded u=1 i=1 f=1 d=1 ull=1
10:14:20.843  [fg-census] DLSSG.CameraNear u=0 i=0 f=0.1 d=0.100000001 ull=0
10:14:20.843  [fg-census] DLSSG.CameraPinholeOffsetX u=0 i=0 f=0 d=0 ull=0
10:14:20.843  [fg-census] DLSSG.CameraPinholeOffsetY u=0 i=0 f=0 d=0 ull=0
10:14:20.843  [fg-census] DLSSG.CameraPosX u=0 i=0 f=0 d=0 ull=0
10:14:20.843  [fg-census] DLSSG.CameraPosY u=4294967295 i=-1 f=-1.37852 d=-1.37852454 ull=18446744073709551615
10:14:20.843  [fg-census] DLSSG.CameraPosZ u=4294967293 i=-3 f=-3.86706 d=-3.86705518 ull=18446744073709551613
10:14:20.843  [fg-census] DLSSG.CameraRightX u=0 i=0 f=-0.983546 d=-0.983546257 ull=0
10:14:20.843  [fg-census] DLSSG.CameraRightY u=0 i=0 f=0.0315212 d=0.0315211564 ull=0
10:14:20.843  [fg-census] DLSSG.CameraRightZ u=0 i=0 f=-0.177885 d=-0.177885324 ull=0
10:14:20.843  [fg-census] DLSSG.CameraUpX u=0 i=0 f=1.86265e-09 d=1.86264515e-09 ull=0
10:14:20.843  [fg-census] DLSSG.CameraUpY u=0 i=0 f=0.984661 d=0.984660506 ull=0
10:14:20.843  [fg-census] DLSSG.CameraUpZ u=0 i=0 f=0.174481 d=0.174481168 ull=0
10:14:20.843  [fg-census] DLSSG.CameraViewToClip ptr=000000269840A3F8 m=[0.7611 0 0 0 | 0 1.804 0 0 | 0 0 9.954e-06 -1 | 0 0 0.1 0]
10:14:20.843  [fg-census] DLSSG.ClipToCameraView ptr=000000269840A438 m=[1.314 -0 -0 0 | 0 -0.5543 -0 0 | 0 -0 -0 10 | 0 -0 -1 9.954e-05]
10:14:20.844  [fg-census] DLSSG.ClipToLensClip ptr=000000269840A478 m=[1 0 0 0 | 0 1 0 0 | 0 0 1 0 | 0 0 0 1]
10:14:20.844  [fg-census] DLSSG.ClipToPrevClip ptr=000000269840A4B8 m=[1 -7.445e-09 -8.751e-17 1.491e-08 | -9.313e-10 1 -5.684e-14 7.451e-09 | 0 1.907e-06 1 3.815e-06 | 0 -2.253e-08 9.095e-13 1]
10:14:20.844  [fg-census] DLSSG.CmdAlloc ptr=00000000408219D0
10:14:20.844  [fg-census] DLSSG.CmdQueue ptr=000000002EB73CD0
10:14:20.844  [fg-census] DLSSG.ColorBuffersHDR u=0 i=0 f=0 d=0 ull=0
10:14:20.844  [fg-census] DLSSG.Depth ptr=000000269840A088
10:14:20.844  [fg-census] DLSSG.DepthInverted u=1 i=1 f=1 d=1 ull=1
10:14:20.844  [fg-census] DLSSG.DepthSubrectBaseX u=0 i=0 f=0 d=0 ull=0
10:14:20.844  [fg-census] DLSSG.DepthSubrectBaseY u=0 i=0 f=0 d=0 ull=0
10:14:20.844  [fg-census] DLSSG.DepthSubrectHeight u=2160 i=2160 f=2160 d=2160 ull=2160
10:14:20.844  [fg-census] DLSSG.DepthSubrectWidth u=5120 i=5120 f=5120 d=5120 ull=5120
10:14:20.845  [fg-census] DLSSG.Dynamic.ReflexDriven u=0 i=0 f=0 d=0 ull=0
10:14:20.845  [fg-census] DLSSG.DynamicMaxFrameCount u=5 i=5 f=5 d=5 ull=5
10:14:20.845  [fg-census] DLSSG.DynamicResolution u=0 i=0 f=0 d=0 ull=0
10:14:20.845  [fg-census] DLSSG.EnableInterp u=1 i=1 f=1 d=1 ull=1
10:14:20.845  [fg-census] DLSSG.EstimateVRAMCallback ptr=00007FF94F7C7A90
10:14:20.845  [fg-census] DLSSG.EvalFlags u=0 i=0 f=0 d=0 ull=0
10:14:20.845  [fg-census] DLSSG.FenceEvent ptr=0000000000000000
10:14:20.845  [fg-census] DLSSG.FlipMetering u=0 i=0 f=0 d=0 ull=0
10:14:20.845  [fg-census] DLSSG.HUDLess ptr=000000269840A208
10:14:20.845  [fg-census] DLSSG.HUDLessSubrectBaseX u=0 i=0 f=0 d=0 ull=0
10:14:20.845  [fg-census] DLSSG.HUDLessSubrectBaseY u=0 i=0 f=0 d=0 ull=0
10:14:20.845  [fg-census] DLSSG.HUDLessSubrectHeight u=2160 i=2160 f=2160 d=2160 ull=2160
10:14:20.845  [fg-census] DLSSG.HUDLessSubrectWidth u=5120 i=5120 f=5120 d=5120 ull=5120
10:14:20.845  [fg-census] DLSSG.Height u=2160 i=2160 f=2160 d=2160 ull=2160
10:14:20.845  [fg-census] DLSSG.InternalHeight u=0 i=0 f=0 d=0 ull=0
10:14:20.845  [fg-census] DLSSG.InternalWidth u=0 i=0 f=0 d=0 ull=0
10:14:20.846  [fg-census] DLSSG.IsRecording u=1 i=1 f=1 d=1 ull=1
10:14:20.846  [fg-census] DLSSG.JitterOffsetX u=0 i=0 f=-0 d=-0 ull=0
10:14:20.846  [fg-census] DLSSG.JitterOffsetY u=0 i=0 f=0.166667 d=0.166666657 ull=0
10:14:20.846  [fg-census] DLSSG.MVecs ptr=000000269840A0E8
10:14:20.846  [fg-census] DLSSG.MVecsSubrectBaseX u=0 i=0 f=0 d=0 ull=0
10:14:20.846  [fg-census] DLSSG.MVecsSubrectBaseY u=0 i=0 f=0 d=0 ull=0
10:14:20.846  [fg-census] DLSSG.MVecsSubrectHeight u=2160 i=2160 f=2160 d=2160 ull=2160
10:14:20.846  [fg-census] DLSSG.MVecsSubrectWidth u=5120 i=5120 f=5120 d=5120 ull=5120
10:14:20.846  [fg-census] DLSSG.MenuDetectionEnabled u=0 i=0 f=0 d=0 ull=0
10:14:20.846  [fg-census] DLSSG.MinRelativeLinearDepthObjectSeparation u=40 i=40 f=40 d=40 ull=40
10:14:20.846  [fg-census] DLSSG.ModelVersion u=512 i=512 f=512 d=512 ull=512
10:14:20.846  [fg-census] DLSSG.MultiFrameCount u=3 i=3 f=3 d=3 ull=3
10:14:20.846  [fg-census] DLSSG.MultiFrameCountMax u=5 i=5 f=5 d=5 ull=5
10:14:20.846  [fg-census] DLSSG.MultiFrameIndex u=3 i=3 f=3 d=3 ull=3
10:14:20.846  [fg-census] DLSSG.MvecDilated u=0 i=0 f=0 d=0 ull=0
10:14:20.847  [fg-census] DLSSG.MvecInvalidValue u=0 i=-2147483648 f=3.40282e+38 d=3.40282347e+38 ull=9223372036854775808
10:14:20.847  [fg-census] DLSSG.MvecJittered u=0 i=0 f=0 d=0 ull=0
10:14:20.847  [fg-census] DLSSG.MvecScaleX u=5120 i=5120 f=5120 d=5120 ull=5120
10:14:20.847  [fg-census] DLSSG.MvecScaleY u=2160 i=2160 f=2160 d=2160 ull=2160
10:14:20.847  [fg-census] DLSSG.NoWarp ptr=0000000000000000
10:14:20.847  [fg-census] DLSSG.NoWarpSubrectBaseX u=0 i=0 f=0 d=0 ull=0
10:14:20.847  [fg-census] DLSSG.NoWarpSubrectBaseY u=0 i=0 f=0 d=0 ull=0
10:14:20.847  [fg-census] DLSSG.NoWarpSubrectHeight u=0 i=0 f=0 d=0 ull=0
10:14:20.847  [fg-census] DLSSG.NoWarpSubrectWidth u=0 i=0 f=0 d=0 ull=0
10:14:20.847  [fg-census] DLSSG.NotRenderingGameFrames u=0 i=0 f=0 d=0 ull=0
10:14:20.847  [fg-census] DLSSG.OrthoProjection u=0 i=0 f=0 d=0 ull=0
10:14:20.847  [fg-census] DLSSG.OutputDisableInterpolation ptr=000000269840A388
10:14:20.847  [fg-census] DLSSG.OutputInterpolated ptr=00000028024EB7B8
10:14:20.847  [fg-census] DLSSG.OutputReal ptr=0000000000000000
10:14:20.847  [fg-census] DLSSG.PrevClipToClip ptr=000000269840A4F8 m=[1 7.445e-09 8.752e-17 -1.491e-08 | 9.313e-10 1 5.684e-14 -7.451e-09 | -1.776e-15 -1.907e-06 1 -3.815e-06 | 2.098e-17 2.253e-08 -9.095e-13 1]
10:14:20.847  [fg-census] DLSSG.QueueSubmitCallback ptr=0000000000000000
10:14:20.847  [fg-census] DLSSG.QueueSubmitCallbackData ptr=0000000000000000
10:14:20.848  [fg-census] DLSSG.RefreshRate u=119 i=119 f=119.996 d=119.996002 ull=119
10:14:20.848  [fg-census] DLSSG.Reset u=1 i=1 f=1 d=1 ull=1
10:14:20.848  [fg-census] DLSSG.StreamlineMode u=1 i=1 f=1 d=1 ull=1
10:14:20.848  [fg-census] DLSSG.StreamlineVersionTag ptr=00007FFA3DC5CB50
10:14:20.848  [fg-census] DLSSG.SyncFlushCallback ptr=0000000000000000
10:14:20.848  [fg-census] DLSSG.SyncFlushCallbackData ptr=0000000000000000
10:14:20.848  [fg-census] DLSSG.SyncSignalCallback ptr=0000000000000000
10:14:20.848  [fg-census] DLSSG.SyncSignalCallbackData ptr=0000000000000000
10:14:20.848  [fg-census] DLSSG.SyncSignalOnlyCallback ptr=0000000000000000
10:14:20.848  [fg-census] DLSSG.SyncSignalOnlyCallbackData ptr=0000000000000000
10:14:20.848  [fg-census] DLSSG.SyncWaitCallback ptr=0000000000000000
10:14:20.848  [fg-census] DLSSG.SyncWaitCallbackData ptr=0000000000000000
10:14:20.848  [fg-census] DLSSG.SyncWaitOnlyCallback ptr=0000000000000000
10:14:20.848  [fg-census] DLSSG.SyncWaitOnlyCallbackData ptr=0000000000000000
10:14:20.848  [fg-census] DLSSG.TargetFrameRate u=119 i=119 f=119.996 d=119.996002 ull=119
10:14:20.849  [fg-census] DLSSG.UI ptr=0000000000000000
10:14:20.849  [fg-census] DLSSG.UIAlpha ptr=0000000000000000
10:14:20.849  [fg-census] DLSSG.UIAlphaSubrectBaseX u=0 i=0 f=0 d=0 ull=0
10:14:20.849  [fg-census] DLSSG.UIAlphaSubrectBaseY u=0 i=0 f=0 d=0 ull=0
10:14:20.849  [fg-census] DLSSG.UIAlphaSubrectHeight u=0 i=0 f=0 d=0 ull=0
10:14:20.849  [fg-census] DLSSG.UIAlphaSubrectWidth u=0 i=0 f=0 d=0 ull=0
10:14:20.849  [fg-census] DLSSG.UISubrectBaseX u=0 i=0 f=0 d=0 ull=0
10:14:20.849  [fg-census] DLSSG.UISubrectBaseY u=0 i=0 f=0 d=0 ull=0
10:14:20.849  [fg-census] DLSSG.UISubrectHeight u=0 i=0 f=0 d=0 ull=0
10:14:20.849  [fg-census] DLSSG.UISubrectWidth u=0 i=0 f=0 d=0 ull=0
10:14:20.849  [fg-census] DLSSG.UserInterfaceRecompositionEnabled u=0 i=0 f=0 d=0 ull=0
10:14:20.849  [fg-census] DLSSG.VSyncDriverRequested u=1 i=1 f=1 d=1 ull=1
10:14:20.849  [fg-census] DLSSG.VSyncOn u=0 i=0 f=0 d=0 ull=0
10:14:20.849  [fg-census] DLSSG.VSyncSupported u=0 i=0 f=0 d=0 ull=0
10:14:20.849  [fg-census] DLSSG.VkOFAModeRequest u=1 i=1 f=1 d=1 ull=1
10:14:20.849  [fg-census] DLSSG.Width u=5120 i=5120 f=5120 d=5120 ull=5120
10:14:20.849  [fg-census] DLSSG.run_lowres_mvec_pass u=1 i=1 f=1 d=1 ull=1
10:14:20.850  [fg-census] pass 2 ends.
10:14:20.850  [fg-census] evaluate observed: MultiFrameIndex=1 thread=48400
10:14:20.850  [fg-census] pass 3 begins: 131 keys, types tried u/i/f/d/ull/ptr.
10:14:20.850  [fg-census] DLSSG.AutomodeOverrideReset u=0 i=0 f=0 d=0 ull=0
10:14:20.850  [fg-census] DLSSG.Backbuffer ptr=00000026978473E8
10:14:20.850  [fg-census] DLSSG.BackbufferFormat u=37 i=37 f=37 d=37 ull=37
10:14:20.850  [fg-census] DLSSG.BackbufferFrameID ptr=0000000000000248
10:14:20.850  [fg-census] DLSSG.BackbufferSubrectBaseX u=0 i=0 f=0 d=0 ull=0
10:14:20.850  [fg-census] DLSSG.BackbufferSubrectBaseY u=0 i=0 f=0 d=0 ull=0
10:14:20.850  [fg-census] DLSSG.BackbufferSubrectHeight u=2160 i=2160 f=2160 d=2160 ull=2160
10:14:20.850  [fg-census] DLSSG.BackbufferSubrectWidth u=5120 i=5120 f=5120 d=5120 ull=5120
10:14:20.851  [fg-census] DLSSG.BidirectionalDistortionField ptr=0000000000000000
10:14:20.851  [fg-census] DLSSG.BidirectionalDistortionFieldLowPrecision.Bias u=0 i=0 f=0 d=0 ull=0
10:14:20.851  [fg-census] DLSSG.BidirectionalDistortionFieldLowPrecision.IsLowPrecision u=0 i=0 f=0 d=0 ull=0
10:14:20.851  [fg-census] DLSSG.BidirectionalDistortionFieldLowPrecision.Scale u=1 i=1 f=1 d=1 ull=1
10:14:20.851  [fg-census] DLSSG.BidirectionalDistortionFieldSubrectBaseX u=0 i=0 f=0 d=0 ull=0
10:14:20.851  [fg-census] DLSSG.BidirectionalDistortionFieldSubrectBaseY u=0 i=0 f=0 d=0 ull=0
10:14:20.851  [fg-census] DLSSG.BidirectionalDistortionFieldSubrectHeight u=0 i=0 f=0 d=0 ull=0
10:14:20.851  [fg-census] DLSSG.BidirectionalDistortionFieldSubrectWidth u=0 i=0 f=0 d=0 ull=0
10:14:20.851  [fg-census] DLSSG.CameraAspectRatio u=2 i=2 f=2.37037 d=2.37037039 ull=2
10:14:20.851  [fg-census] DLSSG.CameraFOV u=1 i=1 f=1.01229 d=1.01229095 ull=1
10:14:20.851  [fg-census] DLSSG.CameraFar u=10000 i=10000 f=10000 d=10000 ull=10000
10:14:20.851  [fg-census] DLSSG.CameraFwdX u=0 i=0 f=0.180656 d=0.180656493 ull=0
10:14:20.851  [fg-census] DLSSG.CameraFwdY u=0 i=0 f=0.17161 d=0.171610311 ull=0
10:14:20.852  [fg-census] DLSSG.CameraFwdZ u=0 i=0 f=-0.968459 d=-0.968459249 ull=0
10:14:20.852  [fg-census] DLSSG.CameraMotionIncluded u=1 i=1 f=1 d=1 ull=1
10:14:20.852  [fg-census] DLSSG.CameraNear u=0 i=0 f=0.1 d=0.100000001 ull=0
10:14:20.852  [fg-census] DLSSG.CameraPinholeOffsetX u=0 i=0 f=0 d=0 ull=0
10:14:20.852  [fg-census] DLSSG.CameraPinholeOffsetY u=0 i=0 f=0 d=0 ull=0
10:14:20.852  [fg-census] DLSSG.CameraPosX u=0 i=0 f=0 d=0 ull=0
10:14:20.852  [fg-census] DLSSG.CameraPosY u=4294967295 i=-1 f=-1.37852 d=-1.37852454 ull=18446744073709551615
10:14:20.852  [fg-census] DLSSG.CameraPosZ u=4294967293 i=-3 f=-3.86706 d=-3.86705518 ull=18446744073709551613
10:14:20.852  [fg-census] DLSSG.CameraRightX u=0 i=0 f=-0.983546 d=-0.983546257 ull=0
10:14:20.852  [fg-census] DLSSG.CameraRightY u=0 i=0 f=0.0315212 d=0.0315211564 ull=0
10:14:20.852  [fg-census] DLSSG.CameraRightZ u=0 i=0 f=-0.177885 d=-0.177885324 ull=0
10:14:20.852  [fg-census] DLSSG.CameraUpX u=0 i=0 f=1.86265e-09 d=1.86264515e-09 ull=0
10:14:20.852  [fg-census] DLSSG.CameraUpY u=0 i=0 f=0.984661 d=0.984660506 ull=0
10:14:20.853  [fg-census] DLSSG.CameraUpZ u=0 i=0 f=0.174481 d=0.174481168 ull=0
10:14:20.853  [fg-census] DLSSG.CameraViewToClip ptr=0000002697847638 m=[0.7611 0 0 0 | 0 1.804 0 0 | 0 0 9.954e-06 -1 | 0 0 0.1 0]
10:14:20.853  [fg-census] DLSSG.ClipToCameraView ptr=0000002697847678 m=[1.314 -0 -0 0 | 0 -0.5543 -0 0 | 0 -0 -0 10 | 0 -0 -1 9.954e-05]
10:14:20.853  [fg-census] DLSSG.ClipToLensClip ptr=00000026978476B8 m=[1 0 0 0 | 0 1 0 0 | 0 0 1 0 | 0 0 0 1]
10:14:20.853  [fg-census] DLSSG.ClipToPrevClip ptr=00000026978476F8 m=[1 -7.445e-09 -8.751e-17 1.491e-08 | -9.313e-10 1 -5.684e-14 7.451e-09 | 0 1.907e-06 1 3.815e-06 | 0 -2.253e-08 9.095e-13 1]
10:14:20.853  [fg-census] DLSSG.CmdAlloc ptr=0000000040821ED0
10:14:20.853  [fg-census] DLSSG.CmdQueue ptr=000000002EB73CD0
10:14:20.853  [fg-census] DLSSG.ColorBuffersHDR u=0 i=0 f=0 d=0 ull=0
10:14:20.853  [fg-census] DLSSG.Depth ptr=00000026978472C8
10:14:20.853  [fg-census] DLSSG.DepthInverted u=1 i=1 f=1 d=1 ull=1
10:14:20.853  [fg-census] DLSSG.DepthSubrectBaseX u=0 i=0 f=0 d=0 ull=0
10:14:20.853  [fg-census] DLSSG.DepthSubrectBaseY u=0 i=0 f=0 d=0 ull=0
10:14:20.853  [fg-census] DLSSG.DepthSubrectHeight u=2160 i=2160 f=2160 d=2160 ull=2160
10:14:20.853  [fg-census] DLSSG.DepthSubrectWidth u=5120 i=5120 f=5120 d=5120 ull=5120
10:14:20.854  [fg-census] DLSSG.Dynamic.ReflexDriven u=0 i=0 f=0 d=0 ull=0
10:14:20.854  [fg-census] DLSSG.DynamicMaxFrameCount u=5 i=5 f=5 d=5 ull=5
10:14:20.854  [fg-census] DLSSG.DynamicResolution u=0 i=0 f=0 d=0 ull=0
10:14:20.854  [fg-census] DLSSG.EnableInterp u=1 i=1 f=1 d=1 ull=1
10:14:20.854  [fg-census] DLSSG.EstimateVRAMCallback ptr=00007FF94F7C7A90
10:14:20.854  [fg-census] DLSSG.EvalFlags u=0 i=0 f=0 d=0 ull=0
10:14:20.854  [fg-census] DLSSG.FenceEvent ptr=0000000000000000
10:14:20.854  [fg-census] DLSSG.FlipMetering u=0 i=0 f=0 d=0 ull=0
10:14:20.854  [fg-census] DLSSG.HUDLess ptr=0000002697847448
10:14:20.854  [fg-census] DLSSG.HUDLessSubrectBaseX u=0 i=0 f=0 d=0 ull=0
10:14:20.854  [fg-census] DLSSG.HUDLessSubrectBaseY u=0 i=0 f=0 d=0 ull=0
10:14:20.854  [fg-census] DLSSG.HUDLessSubrectHeight u=2160 i=2160 f=2160 d=2160 ull=2160
10:14:20.854  [fg-census] DLSSG.HUDLessSubrectWidth u=5120 i=5120 f=5120 d=5120 ull=5120
10:14:20.854  [fg-census] DLSSG.Height u=2160 i=2160 f=2160 d=2160 ull=2160
10:14:20.854  [fg-census] DLSSG.InternalHeight u=0 i=0 f=0 d=0 ull=0
10:14:20.855  [fg-census] DLSSG.InternalWidth u=0 i=0 f=0 d=0 ull=0
10:14:20.855  [fg-census] DLSSG.IsRecording u=1 i=1 f=1 d=1 ull=1
10:14:20.855  [fg-census] DLSSG.JitterOffsetX u=0 i=0 f=0.25 d=0.25 ull=0
10:14:20.855  [fg-census] DLSSG.JitterOffsetY u=0 i=0 f=-0.166667 d=-0.166666687 ull=0
10:14:20.855  [fg-census] DLSSG.MVecs ptr=0000002697847328
10:14:20.855  [fg-census] DLSSG.MVecsSubrectBaseX u=0 i=0 f=0 d=0 ull=0
10:14:20.855  [fg-census] DLSSG.MVecsSubrectBaseY u=0 i=0 f=0 d=0 ull=0
10:14:20.855  [fg-census] DLSSG.MVecsSubrectHeight u=2160 i=2160 f=2160 d=2160 ull=2160
10:14:20.855  [fg-census] DLSSG.MVecsSubrectWidth u=5120 i=5120 f=5120 d=5120 ull=5120
10:14:20.855  [fg-census] DLSSG.MenuDetectionEnabled u=0 i=0 f=0 d=0 ull=0
10:14:20.855  [fg-census] DLSSG.MinRelativeLinearDepthObjectSeparation u=40 i=40 f=40 d=40 ull=40
10:14:20.855  [fg-census] DLSSG.ModelVersion u=512 i=512 f=512 d=512 ull=512
10:14:20.855  [fg-census] DLSSG.MultiFrameCount u=3 i=3 f=3 d=3 ull=3
10:14:20.855  [fg-census] DLSSG.MultiFrameCountMax u=5 i=5 f=5 d=5 ull=5
10:14:20.855  [fg-census] DLSSG.MultiFrameIndex u=1 i=1 f=1 d=1 ull=1
10:14:20.855  [fg-census] DLSSG.MvecDilated u=0 i=0 f=0 d=0 ull=0
10:14:20.855  [fg-census] DLSSG.MvecInvalidValue u=0 i=-2147483648 f=3.40282e+38 d=3.40282347e+38 ull=9223372036854775808
10:14:20.855  [fg-census] DLSSG.MvecJittered u=0 i=0 f=0 d=0 ull=0
10:14:20.856  [fg-census] DLSSG.MvecScaleX u=5120 i=5120 f=5120 d=5120 ull=5120
10:14:20.856  [fg-census] DLSSG.MvecScaleY u=2160 i=2160 f=2160 d=2160 ull=2160
10:14:20.856  [fg-census] DLSSG.NoWarp ptr=0000000000000000
10:14:20.856  [fg-census] DLSSG.NoWarpSubrectBaseX u=0 i=0 f=0 d=0 ull=0
10:14:20.856  [fg-census] DLSSG.NoWarpSubrectBaseY u=0 i=0 f=0 d=0 ull=0
10:14:20.856  [fg-census] DLSSG.NoWarpSubrectHeight u=0 i=0 f=0 d=0 ull=0
10:14:20.856  [fg-census] DLSSG.NoWarpSubrectWidth u=0 i=0 f=0 d=0 ull=0
10:14:20.856  [fg-census] DLSSG.NotRenderingGameFrames u=0 i=0 f=0 d=0 ull=0
10:14:20.856  [fg-census] DLSSG.OrthoProjection u=0 i=0 f=0 d=0 ull=0
10:14:20.856  [fg-census] DLSSG.OutputDisableInterpolation ptr=00000026978475C8
10:14:20.856  [fg-census] DLSSG.OutputInterpolated ptr=00000028E9B63068
10:14:20.857  [fg-census] DLSSG.OutputReal ptr=00000028E9B632A8
10:14:20.857  [fg-census] DLSSG.PrevClipToClip ptr=0000002697847738 m=[1 7.445e-09 8.752e-17 -1.491e-08 | 9.313e-10 1 5.684e-14 -7.451e-09 | -1.776e-15 -1.907e-06 1 -3.815e-06 | 2.098e-17 2.253e-08 -9.095e-13 1]
10:14:20.857  [fg-census] DLSSG.QueueSubmitCallback ptr=0000000000000000
10:14:20.857  [fg-census] DLSSG.QueueSubmitCallbackData ptr=0000000000000000
10:14:20.857  [fg-census] DLSSG.RefreshRate u=119 i=119 f=119.996 d=119.996002 ull=119
10:14:20.857  [fg-census] DLSSG.Reset u=0 i=0 f=0 d=0 ull=0
10:14:20.857  [fg-census] DLSSG.StreamlineMode u=1 i=1 f=1 d=1 ull=1
10:14:20.857  [fg-census] DLSSG.StreamlineVersionTag ptr=00007FFA3DC5CB50
10:14:20.857  [fg-census] DLSSG.SyncFlushCallback ptr=0000000000000000
10:14:20.857  [fg-census] DLSSG.SyncFlushCallbackData ptr=0000000000000000
10:14:20.858  [fg-census] DLSSG.SyncSignalCallback ptr=0000000000000000
10:14:20.858  [fg-census] DLSSG.SyncSignalCallbackData ptr=0000000000000000
10:14:20.858  [fg-census] DLSSG.SyncSignalOnlyCallback ptr=0000000000000000
10:14:20.858  [fg-census] DLSSG.SyncSignalOnlyCallbackData ptr=0000000000000000
10:14:20.858  [fg-census] DLSSG.SyncWaitCallback ptr=0000000000000000
10:14:20.858  [fg-census] DLSSG.SyncWaitCallbackData ptr=0000000000000000
10:14:20.858  [fg-census] DLSSG.SyncWaitOnlyCallback ptr=0000000000000000
10:14:20.858  [fg-census] DLSSG.SyncWaitOnlyCallbackData ptr=0000000000000000
10:14:20.858  [fg-census] DLSSG.TargetFrameRate u=119 i=119 f=119.996 d=119.996002 ull=119
10:14:20.858  [fg-census] DLSSG.UI ptr=0000000000000000
10:14:20.858  [fg-census] DLSSG.UIAlpha ptr=0000000000000000
10:14:20.858  [fg-census] DLSSG.UIAlphaSubrectBaseX u=0 i=0 f=0 d=0 ull=0
10:14:20.858  [fg-census] DLSSG.UIAlphaSubrectBaseY u=0 i=0 f=0 d=0 ull=0
10:14:20.858  [fg-census] DLSSG.UIAlphaSubrectHeight u=0 i=0 f=0 d=0 ull=0
10:14:20.858  [fg-census] DLSSG.UIAlphaSubrectWidth u=0 i=0 f=0 d=0 ull=0
10:14:20.858  [fg-census] DLSSG.UISubrectBaseX u=0 i=0 f=0 d=0 ull=0
10:14:20.858  [fg-census] DLSSG.UISubrectBaseY u=0 i=0 f=0 d=0 ull=0
10:14:20.858  [fg-census] DLSSG.UISubrectHeight u=0 i=0 f=0 d=0 ull=0
10:14:20.858  [fg-census] DLSSG.UISubrectWidth u=0 i=0 f=0 d=0 ull=0
10:14:20.859  [fg-census] DLSSG.UserInterfaceRecompositionEnabled u=0 i=0 f=0 d=0 ull=0
10:14:20.859  [fg-census] DLSSG.VSyncDriverRequested u=1 i=1 f=1 d=1 ull=1
10:14:20.859  [fg-census] DLSSG.VSyncOn u=0 i=0 f=0 d=0 ull=0
10:14:20.859  [fg-census] DLSSG.VSyncSupported u=0 i=0 f=0 d=0 ull=0
10:14:20.859  [fg-census] DLSSG.VkOFAModeRequest u=1 i=1 f=1 d=1 ull=1
10:14:20.859  [fg-census] DLSSG.Width u=5120 i=5120 f=5120 d=5120 ull=5120
10:14:20.859  [fg-census] DLSSG.run_lowres_mvec_pass u=1 i=1 f=1 d=1 ull=1
10:14:20.859  [fg-census] pass 3 ends.
10:14:20.860  [fg-relay] open. Copy completion is signalled to the private queue on the GPU (exported timeline semaphore); the park release is set on the GPU (imported D3D12 fence). Pipeline=2 Import=1.
10:14:20.860  [fg-relay] command pool for queue 000000002EB73CD0: family=2.
10:14:20.860  [fg-relay] armed by evaluate: hud=44b860d0 back=4198f0d0 depth=44b85ad0 mv=44b854d0 5120x2160 copy=1 nr=1 import=1 slot=1 arm=1 gpu-wait-nr=0 pending=0.
10:14:20.860  [fg-relay] evaluate: slot=1 nr=1 import=1 stage=3.
10:14:21.061  [fg-relay] frame=1 slot=1 nr=1 ok=1 wrote=1 nr_entries=0 import=1 armed=1 skipped=0 busy=0 mismatch=0 conflicts=0.
10:14:21.069  NGX layer 4 retirement finalized.
10:14:22.748  [fg-relay] armed by evaluate: hud=44b860d0 back=419884d0 depth=44b85ad0 mv=44b854d0 5120x2160 copy=2 nr=2 import=1 slot=2 arm=2 gpu-wait-nr=1 pending=0.
10:14:22.749  [fg-relay] evaluate: slot=2 nr=2 import=1 stage=3.
10:14:22.857  [fg-relay] frame=2 slot=2 nr=2 ok=1 wrote=1 nr_entries=1 import=1 armed=2 skipped=0 busy=0 mismatch=0 conflicts=0.
10:14:22.859  [fg-relay] armed by evaluate: hud=44b860d0 back=4198ccd0 depth=44b85ad0 mv=44b854d0 5120x2160 copy=3 nr=3 import=1 slot=3 arm=3 gpu-wait-nr=2 pending=1.
10:14:22.860  [fg-relay] evaluate: slot=3 nr=3 import=1 stage=3.
10:14:22.866  [fg-relay] frame=3 slot=3 nr=3 ok=1 wrote=1 nr_entries=2 import=1 armed=3 skipped=0 busy=0 mismatch=0 conflicts=0.
10:14:33.843  [fg-relay] rate/15.0s p2 import_opt=1: presents=23.0/s present-gate[point=23.0 ready=0.0 fallback=0.0 inactive=0.0]/s noinfo=0.0/s stale=0.0/s unlearned=0.0/s attempts=22.4/s armed=22.4/s skipped=0.0/s busy=0.0/s arm-reject[state=0.0 request=0.0 refused=0.0 stopping=0.0 res=0.0 size=0.0]/s pool[cap=0.0 family=0.0 create=0.0 alloc=0.0]/s copy-drop[fence=0.0 reset=0.0 begin=0.0 end=0.0 submit=0.0]/s cf[seq=0.0/s idle=0.0/s nrfence=0.0/s] slotbusy=0.0/s copyfence-busy=0.0/s nr-gpuwait=19.7/s flips=0.0/s
10:14:33.843  [fg-relay] rate2: fginput eval=67.3/s index!=1=44.8/s eval-gate[off=0.0 fallback=0.0 notready=0.1 noinput=0.0 noqueue=0.0]/s relay eval=22.4/s consume=0.0/s inplace=22.4/s(ok 22.4/s) unarmed=0.0/s mismatch=0.0/s relbusy=0.0/s relok=22.4/s relfail=0.0/s release-stage[queue=0.0 pool=0.0 fence=0.0 reset=0.0 begin=0.0 end=0.0 submit=0.0]/s watchdog=0.0/s | worker plays=22.4/s ok=22.4/s fail=0.0/s nr_absent=0.1/s copyfail=0.0/s
10:14:33.843  [fg-relay] rate3: arm->arm avg=38.69ms max=1888.29ms n=335 | arm->work avg=0.01ms max=0.02ms | arm->eval avg=0.00ms max=0.00ms | copywait avg=0.007ms max=0.020ms | copy-land<= avg=38.76ms max=1887.22ms | work avg=5.12ms max=200.97ms | totals armed=336 unarmed=0 skipped=0 busy=0 mismatch=0 copies_failed=0 writes=336 conflicts=0
10:14:33.843  [fg-relay] rate4: throttle depth=1 off=0 | sleep calls=23.0/s waits=20.8/s clear=1.5/s timeouts=0.1/s avg=20.51ms | present calls=23.0/s waits=0.0/s clear=0.0/s timeouts=0.0/s avg=0.00ms | max=106.88ms (process)
10:14:39.557  === Vulkan CreateFeature1 #11  feature_id=18  VkDevice=000000002FCE00D0  thread 75496 ===
10:14:39.557  === Vulkan CreateFeature1 #11 returned -1160773630, handle=0000000000000000 ===
10:14:43.564  === Vulkan CreateFeature1 #12  feature_id=18  VkDevice=000000002FCE00D0  thread 75496 ===
10:14:43.564  === Vulkan CreateFeature1 #12 returned -1160773630, handle=0000000000000000 ===
10:14:48.847  [fg-relay] rate/15.0s p2 import_opt=1: presents=92.2/s present-gate[point=92.2 ready=0.0 fallback=0.0 inactive=0.0]/s noinfo=0.0/s stale=0.0/s unlearned=0.0/s attempts=1.7/s armed=1.7/s skipped=0.0/s busy=0.0/s arm-reject[state=0.0 request=0.0 refused=0.0 stopping=0.0 res=0.0 size=0.0]/s pool[cap=0.0 family=0.0 create=0.0 alloc=0.0]/s copy-drop[fence=0.0 reset=0.0 begin=0.0 end=0.0 submit=0.0]/s cf[seq=0.0/s idle=0.0/s nrfence=0.0/s] slotbusy=0.0/s copyfence-busy=0.0/s nr-gpuwait=1.7/s flips=0.0/s
10:14:48.847  [fg-relay] rate2: fginput eval=5.1/s index!=1=3.5/s eval-gate[off=0.0 fallback=0.0 notready=0.0 noinput=0.0 noqueue=0.0]/s relay eval=1.7/s consume=0.0/s inplace=1.7/s(ok 1.7/s) unarmed=0.0/s mismatch=0.0/s relbusy=0.0/s relok=1.7/s relfail=0.0/s release-stage[queue=0.0 pool=0.0 fence=0.0 reset=0.0 begin=0.0 end=0.0 submit=0.0]/s watchdog=0.0/s | worker plays=1.7/s ok=1.7/s fail=0.0/s nr_absent=0.0/s copyfail=0.0/s
10:14:48.847  [fg-relay] rate3: arm->arm avg=38.04ms max=1888.29ms n=360 | arm->work avg=0.01ms max=0.02ms | arm->eval avg=0.00ms max=0.00ms | copywait avg=0.006ms max=0.020ms | copy-land<= avg=38.10ms max=1887.22ms | work avg=5.07ms max=200.97ms | totals armed=361 unarmed=0 skipped=0 busy=0 mismatch=0 copies_failed=0 writes=361 conflicts=0
10:14:48.847  [fg-relay] rate4: throttle depth=1 off=0 | sleep calls=92.1/s waits=1.7/s clear=90.5/s timeouts=0.0/s avg=19.09ms | present calls=92.2/s waits=0.0/s clear=0.0/s timeouts=0.0/s avg=0.00ms | max=106.88ms (process)
10:14:51.573  === Vulkan CreateFeature1 #13  feature_id=18  VkDevice=000000002FCE00D0  thread 75496 ===
10:14:51.574  === Vulkan CreateFeature1 #13 returned -1160773630, handle=0000000000000000 ===
10:14:59.736  [fg-relay] command pool for queue 000000002EB728D0: family=0.
10:15:03.842  [fg-relay] rate/15.0s p2 import_opt=1: presents=78.9/s present-gate[point=78.9 ready=0.0 fallback=0.0 inactive=0.0]/s noinfo=0.0/s stale=0.0/s unlearned=0.0/s attempts=9.1/s armed=9.1/s skipped=0.0/s busy=0.0/s arm-reject[state=0.0 request=0.0 refused=0.0 stopping=0.0 res=0.0 size=0.0]/s pool[cap=0.0 family=0.0 create=0.0 alloc=0.0]/s copy-drop[fence=0.0 reset=0.0 begin=0.0 end=0.0 submit=0.0]/s cf[seq=0.0/s idle=0.0/s nrfence=0.0/s] slotbusy=0.0/s copyfence-busy=0.0/s nr-gpuwait=8.5/s flips=0.0/s
10:15:03.843  [fg-relay] rate2: fginput eval=27.3/s index!=1=18.1/s eval-gate[off=0.0 fallback=0.0 notready=0.0 noinput=0.0 noqueue=0.0]/s relay eval=9.1/s consume=0.0/s inplace=9.1/s(ok 9.1/s) unarmed=0.0/s mismatch=0.0/s relbusy=0.0/s relok=9.1/s relfail=0.0/s release-stage[queue=0.0 pool=0.0 fence=0.0 reset=0.0 begin=0.0 end=0.0 submit=0.0]/s watchdog=0.0/s | worker plays=9.1/s ok=9.1/s fail=0.0/s nr_absent=0.0/s copyfail=0.0/s
10:15:03.843  [fg-relay] rate3: arm->arm avg=86.45ms max=25182.14ms n=497 | arm->work avg=0.01ms max=0.02ms | arm->eval avg=0.00ms max=0.00ms | copywait avg=0.006ms max=0.026ms | copy-land<= avg=86.63ms max=25181.82ms | work avg=5.10ms max=200.97ms | totals armed=498 unarmed=0 skipped=0 busy=0 mismatch=0 copies_failed=0 writes=498 conflicts=0
10:15:03.843  [fg-relay] rate4: throttle depth=1 off=0 | sleep calls=79.0/s waits=9.1/s clear=69.9/s timeouts=0.0/s avg=20.08ms | present calls=78.9/s waits=0.0/s clear=0.0/s timeouts=0.0/s avg=0.00ms | max=106.88ms (process)
10:15:06.796  [bridge] 600 frames delivered so far.
10:15:18.859  [fg-relay] rate/15.0s p2 import_opt=1: presents=40.0/s present-gate[point=40.0 ready=0.0 fallback=0.0 inactive=0.0]/s noinfo=0.0/s stale=0.0/s unlearned=0.0/s attempts=40.0/s armed=40.0/s skipped=0.0/s busy=0.0/s arm-reject[state=0.0 request=0.0 refused=0.0 stopping=0.0 res=0.0 size=0.0]/s pool[cap=0.0 family=0.0 create=0.0 alloc=0.0]/s copy-drop[fence=0.0 reset=0.0 begin=0.0 end=0.0 submit=0.0]/s cf[seq=0.0/s idle=0.0/s nrfence=0.0/s] slotbusy=0.0/s copyfence-busy=0.0/s nr-gpuwait=35.6/s flips=0.0/s
10:15:18.860  [fg-relay] rate2: fginput eval=120.1/s index!=1=80.0/s eval-gate[off=0.0 fallback=0.0 notready=0.0 noinput=0.0 noqueue=0.0]/s relay eval=40.0/s consume=0.0/s inplace=40.0/s(ok 40.0/s) unarmed=0.0/s mismatch=0.0/s relbusy=0.0/s relok=40.0/s relfail=0.0/s release-stage[queue=0.0 pool=0.0 fence=0.0 reset=0.0 begin=0.0 end=0.0 submit=0.0]/s watchdog=0.0/s | worker plays=40.0/s ok=40.0/s fail=0.0/s nr_absent=15.1/s copyfail=0.0/s
10:15:18.860  [fg-relay] rate3: arm->arm avg=52.80ms max=25182.14ms n=1098 | arm->work avg=0.01ms max=0.03ms | arm->eval avg=0.00ms max=0.00ms | copywait avg=0.006ms max=0.038ms | copy-land<= avg=54.61ms max=25181.82ms | work avg=4.08ms max=200.97ms | totals armed=1099 unarmed=0 skipped=0 busy=0 mismatch=0 copies_failed=0 writes=1099 conflicts=0
10:15:18.860  [fg-relay] rate4: throttle depth=1 off=0 | sleep calls=40.0/s waits=36.6/s clear=3.5/s timeouts=0.0/s avg=17.96ms | present calls=40.0/s waits=0.0/s clear=0.0/s timeouts=0.0/s avg=0.00ms | max=106.88ms (process)
10:15:21.769  [bridge] 1200 frames delivered so far.
10:15:32.012  === Vulkan CreateFeature1 #14  feature_id=18  VkDevice=000000002FCE00D0  thread 75496 ===
10:15:32.012  === Vulkan CreateFeature1 #14 returned -1160773630, handle=0000000000000000 ===
10:15:32.023  === Vulkan CreateFeature1 #15  feature_id=18  VkDevice=000000002FCE00D0  thread 75496 ===
10:15:32.023  === Vulkan CreateFeature1 #15 returned -1160773630, handle=0000000000000000 ===
10:15:33.023  === Vulkan CreateFeature1 #16  feature_id=18  VkDevice=000000002FCE00D0  thread 75496 ===
10:15:33.024  === Vulkan CreateFeature1 #16 returned -1160773630, handle=0000000000000000 ===
10:15:33.859  [fg-relay] rate/15.0s p2 import_opt=1: presents=64.4/s present-gate[point=64.4 ready=0.0 fallback=0.0 inactive=0.0]/s noinfo=0.0/s stale=0.0/s unlearned=0.0/s attempts=22.2/s armed=22.2/s skipped=0.0/s busy=0.0/s arm-reject[state=0.0 request=0.0 refused=0.0 stopping=0.0 res=0.0 size=0.0]/s pool[cap=0.0 family=0.0 create=0.0 alloc=0.0]/s copy-drop[fence=0.0 reset=0.0 begin=0.0 end=0.0 submit=0.0]/s cf[seq=0.0/s idle=0.0/s nrfence=0.0/s] slotbusy=0.0/s copyfence-busy=0.0/s nr-gpuwait=20.5/s flips=0.0/s
10:15:33.860  [fg-relay] rate2: fginput eval=66.7/s index!=1=44.5/s eval-gate[off=0.0 fallback=0.0 notready=0.0 noinput=0.0 noqueue=0.0]/s relay eval=22.2/s consume=0.0/s inplace=22.2/s(ok 22.2/s) unarmed=0.0/s mismatch=0.0/s relbusy=0.0/s relok=22.2/s relfail=0.0/s release-stage[queue=0.0 pool=0.0 fence=0.0 reset=0.0 begin=0.0 end=0.0 submit=0.0]/s watchdog=0.0/s | worker plays=22.2/s ok=22.2/s fail=0.0/s nr_absent=9.1/s copyfail=0.0/s
10:15:33.860  [fg-relay] rate3: arm->arm avg=46.22ms max=25182.14ms n=1431 | arm->work avg=0.01ms max=0.03ms | arm->eval avg=0.00ms max=0.00ms | copywait avg=0.006ms max=0.038ms | copy-land<= avg=48.61ms max=25181.82ms | work avg=3.92ms max=200.97ms | totals armed=1432 unarmed=0 skipped=0 busy=0 mismatch=0 copies_failed=0 writes=1432 conflicts=0
10:15:33.860  [fg-relay] rate4: throttle depth=1 off=0 | sleep calls=64.3/s waits=21.1/s clear=43.3/s timeouts=0.0/s avg=17.06ms | present calls=64.4/s waits=0.0/s clear=0.0/s timeouts=0.0/s avg=0.00ms | max=106.88ms (process)
10:15:35.026  === Vulkan CreateFeature1 #17  feature_id=18  VkDevice=000000002FCE00D0  thread 75496 ===
10:15:35.026  === Vulkan CreateFeature1 #17 returned -1160773630, handle=0000000000000000 ===
10:15:39.027  === Vulkan CreateFeature1 #18  feature_id=18  VkDevice=000000002FCE00D0  thread 75496 ===
10:15:39.027  === Vulkan CreateFeature1 #18 returned -1160773630, handle=0000000000000000 ===
10:15:48.861  [fg-relay] rate/15.0s p2 import_opt=1: presents=61.3/s present-gate[point=61.3 ready=0.0 fallback=0.0 inactive=0.0]/s noinfo=0.0/s stale=0.0/s unlearned=0.0/s attempts=18.8/s armed=18.8/s skipped=0.0/s busy=0.0/s arm-reject[state=0.0 request=0.0 refused=0.0 stopping=0.0 res=0.0 size=0.0]/s pool[cap=0.0 family=0.0 create=0.0 alloc=0.0]/s copy-drop[fence=0.0 reset=0.0 begin=0.0 end=0.0 submit=0.0]/s cf[seq=0.0/s idle=0.0/s nrfence=0.0/s] slotbusy=0.0/s copyfence-busy=0.0/s nr-gpuwait=18.1/s flips=0.0/s
10:15:48.862  [fg-relay] rate2: fginput eval=56.3/s index!=1=37.5/s eval-gate[off=0.0 fallback=0.0 notready=0.0 noinput=0.0 noqueue=0.0]/s relay eval=18.8/s consume=0.0/s inplace=18.8/s(ok 18.8/s) unarmed=0.0/s mismatch=0.0/s relbusy=0.0/s relok=18.8/s relfail=0.0/s release-stage[queue=0.0 pool=0.0 fence=0.0 reset=0.0 begin=0.0 end=0.0 submit=0.0]/s watchdog=0.0/s | worker plays=18.8/s ok=18.8/s fail=0.0/s nr_absent=0.0/s copyfail=0.0/s
10:15:48.862  [fg-relay] rate3: arm->arm avg=51.36ms max=25182.14ms n=1713 | arm->work avg=0.01ms max=0.03ms | arm->eval avg=0.00ms max=0.00ms | copywait avg=0.006ms max=0.058ms | copy-land<= avg=53.42ms max=25181.82ms | work avg=4.08ms max=200.97ms | totals armed=1714 unarmed=0 skipped=0 busy=0 mismatch=0 copies_failed=0 writes=1714 conflicts=0
10:15:48.862  [fg-relay] rate4: throttle depth=1 off=0 | sleep calls=61.4/s waits=18.7/s clear=42.6/s timeouts=0.0/s avg=19.70ms | present calls=61.3/s waits=0.0/s clear=0.0/s timeouts=0.0/s avg=0.00ms | max=106.88ms (process)
10:15:51.350  [bridge] 1800 frames delivered so far.
10:15:51.376  [fg-relay] armed by evaluate: hud=44b860d0 back=4198f0d0 depth=44b85ad0 mv=44b854d0 5120x2160 copy=1800 nr=1800 import=1 slot=0 arm=1800 gpu-wait-nr=1799 pending=1.
10:15:51.376  [fg-relay] evaluate: slot=0 nr=1800 import=1 stage=3.
10:15:51.380  [fg-relay] frame=1800 slot=0 nr=1800 ok=1 wrote=1 nr_entries=2 import=1 armed=1800 skipped=0 busy=0 mismatch=0 conflicts=0.
10:16:03.874  [fg-relay] rate/15.0s p2 import_opt=1: presents=35.5/s present-gate[point=35.5 ready=0.0 fallback=0.0 inactive=0.0]/s noinfo=0.0/s stale=0.0/s unlearned=0.0/s attempts=35.5/s armed=35.5/s skipped=0.0/s busy=0.0/s arm-reject[state=0.0 request=0.0 refused=0.0 stopping=0.0 res=0.0 size=0.0]/s pool[cap=0.0 family=0.0 create=0.0 alloc=0.0]/s copy-drop[fence=0.0 reset=0.0 begin=0.0 end=0.0 submit=0.0]/s cf[seq=0.0/s idle=0.0/s nrfence=0.0/s] slotbusy=0.0/s copyfence-busy=0.0/s nr-gpuwait=34.8/s flips=0.0/s
10:16:03.874  [fg-relay] rate2: fginput eval=106.5/s index!=1=71.0/s eval-gate[off=0.0 fallback=0.0 notready=0.0 noinput=0.0 noqueue=0.0]/s relay eval=35.5/s consume=0.0/s inplace=35.5/s(ok 35.5/s) unarmed=0.0/s mismatch=0.0/s relbusy=0.0/s relok=35.5/s relfail=0.0/s release-stage[queue=0.0 pool=0.0 fence=0.0 reset=0.0 begin=0.0 end=0.0 submit=0.0]/s watchdog=0.0/s | worker plays=35.5/s ok=35.5/s fail=0.0/s nr_absent=4.5/s copyfail=0.0/s
10:16:03.874  [fg-relay] rate3: arm->arm avg=45.86ms max=25182.14ms n=2246 | arm->work avg=0.01ms max=0.04ms | arm->eval avg=0.00ms max=0.00ms | copywait avg=0.006ms max=0.058ms | copy-land<= avg=47.74ms max=25181.82ms | work avg=4.16ms max=200.97ms | totals armed=2247 unarmed=0 skipped=0 busy=0 mismatch=0 copies_failed=0 writes=2247 conflicts=0
10:16:03.875  [fg-relay] rate4: throttle depth=1 off=0 | sleep calls=35.5/s waits=35.4/s clear=0.1/s timeouts=0.1/s avg=20.21ms | present calls=35.5/s waits=0.0/s clear=0.0/s timeouts=0.0/s avg=0.00ms | max=111.50ms (process)
10:16:08.317  [bridge] 2400 frames delivered so far.
10:16:18.877  [fg-relay] rate/15.0s p2 import_opt=1: presents=29.9/s present-gate[point=29.9 ready=0.0 fallback=0.0 inactive=0.0]/s noinfo=0.0/s stale=0.0/s unlearned=0.0/s attempts=29.9/s armed=29.9/s skipped=0.0/s busy=0.0/s arm-reject[state=0.0 request=0.0 refused=0.0 stopping=0.0 res=0.0 size=0.0]/s pool[cap=0.0 family=0.0 create=0.0 alloc=0.0]/s copy-drop[fence=0.0 reset=0.0 begin=0.0 end=0.0 submit=0.0]/s cf[seq=0.0/s idle=0.0/s nrfence=0.0/s] slotbusy=0.0/s copyfence-busy=0.0/s nr-gpuwait=29.7/s flips=0.0/s
10:16:18.877  [fg-relay] rate2: fginput eval=89.6/s index!=1=59.7/s eval-gate[off=0.0 fallback=0.0 notready=0.0 noinput=0.0 noqueue=0.0]/s relay eval=29.9/s consume=0.0/s inplace=29.9/s(ok 29.9/s) unarmed=0.0/s mismatch=0.0/s relbusy=0.0/s relok=29.9/s relfail=0.0/s release-stage[queue=0.0 pool=0.0 fence=0.0 reset=0.0 begin=0.0 end=0.0 submit=0.0]/s watchdog=0.0/s | worker plays=29.9/s ok=29.9/s fail=0.0/s nr_absent=0.1/s copyfail=0.0/s
10:16:18.877  [fg-relay] rate3: arm->arm avg=43.80ms max=25182.14ms n=2694 | arm->work avg=0.01ms max=0.04ms | arm->eval avg=0.00ms max=0.00ms | copywait avg=0.006ms max=0.072ms | copy-land<= avg=45.36ms max=25181.82ms | work avg=4.44ms max=200.97ms | totals armed=2695 unarmed=0 skipped=0 busy=0 mismatch=0 copies_failed=0 writes=2695 conflicts=0
10:16:18.877  [fg-relay] rate4: throttle depth=1 off=0 | sleep calls=29.9/s waits=29.9/s clear=0.0/s timeouts=0.0/s avg=25.44ms | present calls=29.9/s waits=0.0/s clear=0.0/s timeouts=0.0/s avg=0.00ms | max=111.50ms (process)
10:16:31.033  [bridge] 3000 frames delivered so far.
10:16:33.878  [fg-relay] rate/15.0s p2 import_opt=1: presents=25.0/s present-gate[point=25.0 ready=0.0 fallback=0.0 inactive=0.0]/s noinfo=0.0/s stale=0.0/s unlearned=0.0/s attempts=25.0/s armed=25.0/s skipped=0.0/s busy=0.0/s arm-reject[state=0.0 request=0.0 refused=0.0 stopping=0.0 res=0.0 size=0.0]/s pool[cap=0.0 family=0.0 create=0.0 alloc=0.0]/s copy-drop[fence=0.0 reset=0.0 begin=0.0 end=0.0 submit=0.0]/s cf[seq=0.0/s idle=0.0/s nrfence=0.0/s] slotbusy=0.0/s copyfence-busy=0.0/s nr-gpuwait=25.0/s flips=0.0/s
10:16:33.878  [fg-relay] rate2: fginput eval=75.0/s index!=1=50.0/s eval-gate[off=0.0 fallback=0.0 notready=0.0 noinput=0.0 noqueue=0.0]/s relay eval=25.0/s consume=0.0/s inplace=25.0/s(ok 25.0/s) unarmed=0.0/s mismatch=0.0/s relbusy=0.0/s relok=25.0/s relfail=0.0/s release-stage[queue=0.0 pool=0.0 fence=0.0 reset=0.0 begin=0.0 end=0.0 submit=0.0]/s watchdog=0.0/s | worker plays=25.0/s ok=25.0/s fail=0.0/s nr_absent=0.0/s copyfail=0.0/s
10:16:33.878  [fg-relay] rate3: arm->arm avg=43.34ms max=25182.14ms n=3069 | arm->work avg=0.01ms max=0.04ms | arm->eval avg=0.00ms max=0.00ms | copywait avg=0.006ms max=0.072ms | copy-land<= avg=44.70ms max=25181.82ms | work avg=4.79ms max=200.97ms | totals armed=3070 unarmed=0 skipped=0 busy=0 mismatch=0 copies_failed=0 writes=3070 conflicts=0
10:16:33.879  [fg-relay] rate4: throttle depth=1 off=0 | sleep calls=25.0/s waits=25.0/s clear=0.0/s timeouts=0.0/s avg=31.21ms | present calls=25.0/s waits=0.0/s clear=0.0/s timeouts=0.0/s avg=0.00ms | max=111.50ms (process)
10:16:48.904  [fg-relay] rate/15.0s p2 import_opt=1: presents=25.1/s present-gate[point=25.1 ready=0.0 fallback=0.0 inactive=0.0]/s noinfo=0.0/s stale=0.0/s unlearned=0.0/s attempts=25.1/s armed=25.1/s skipped=0.0/s busy=0.0/s arm-reject[state=0.0 request=0.0 refused=0.0 stopping=0.0 res=0.0 size=0.0]/s pool[cap=0.0 family=0.0 create=0.0 alloc=0.0]/s copy-drop[fence=0.0 reset=0.0 begin=0.0 end=0.0 submit=0.0]/s cf[seq=0.0/s idle=0.0/s nrfence=0.0/s] slotbusy=0.0/s copyfence-busy=0.0/s nr-gpuwait=25.1/s flips=0.0/s
10:16:48.905  [fg-relay] rate2: fginput eval=75.2/s index!=1=50.2/s eval-gate[off=0.0 fallback=0.0 notready=0.0 noinput=0.0 noqueue=0.0]/s relay eval=25.1/s consume=0.0/s inplace=25.1/s(ok 25.1/s) unarmed=0.0/s mismatch=0.0/s relbusy=0.0/s relok=25.1/s relfail=0.0/s release-stage[queue=0.0 pool=0.0 fence=0.0 reset=0.0 begin=0.0 end=0.0 submit=0.0]/s watchdog=0.0/s | worker plays=25.1/s ok=25.1/s fail=0.0/s nr_absent=0.0/s copyfail=0.0/s
10:16:48.905  [fg-relay] rate3: arm->arm avg=42.96ms max=25182.14ms n=3446 | arm->work avg=0.01ms max=0.04ms | arm->eval avg=0.00ms max=0.00ms | copywait avg=0.006ms max=0.072ms | copy-land<= avg=44.17ms max=25181.82ms | work avg=5.06ms max=200.97ms | totals armed=3447 unarmed=0 skipped=0 busy=0 mismatch=0 copies_failed=0 writes=3447 conflicts=0
10:16:48.905  [fg-relay] rate4: throttle depth=1 off=0 | sleep calls=25.1/s waits=25.1/s clear=0.0/s timeouts=0.0/s avg=31.94ms | present calls=25.1/s waits=0.0/s clear=0.0/s timeouts=0.0/s avg=0.00ms | max=111.50ms (process)
10:16:54.977  [bridge] 3600 frames delivered so far.
10:16:55.010  [fg-relay] armed by evaluate: hud=44b860d0 back=4198f0d0 depth=44b85ad0 mv=44b854d0 5120x2160 copy=3600 nr=3600 import=1 slot=0 arm=3600 gpu-wait-nr=3599 pending=1.
10:16:55.010  [fg-relay] evaluate: slot=0 nr=3600 import=1 stage=3.
10:16:55.018  [fg-relay] frame=3600 slot=0 nr=3600 ok=1 wrote=1 nr_entries=2 import=1 armed=3600 skipped=0 busy=0 mismatch=0 conflicts=0.
10:17:03.935  [fg-relay] rate/15.0s p2 import_opt=1: presents=25.0/s present-gate[point=25.0 ready=0.0 fallback=0.0 inactive=0.0]/s noinfo=0.0/s stale=0.0/s unlearned=0.0/s attempts=25.0/s armed=25.0/s skipped=0.0/s busy=0.0/s arm-reject[state=0.0 request=0.0 refused=0.0 stopping=0.0 res=0.0 size=0.0]/s pool[cap=0.0 family=0.0 create=0.0 alloc=0.0]/s copy-drop[fence=0.0 reset=0.0 begin=0.0 end=0.0 submit=0.0]/s cf[seq=0.0/s idle=0.0/s nrfence=0.0/s] slotbusy=0.0/s copyfence-busy=0.0/s nr-gpuwait=25.0/s flips=0.0/s
10:17:03.935  [fg-relay] rate2: fginput eval=75.1/s index!=1=50.1/s eval-gate[off=0.0 fallback=0.0 notready=0.0 noinput=0.0 noqueue=0.0]/s relay eval=25.0/s consume=0.0/s inplace=25.0/s(ok 25.0/s) unarmed=0.0/s mismatch=0.0/s relbusy=0.0/s relok=25.0/s relfail=0.0/s release-stage[queue=0.0 pool=0.0 fence=0.0 reset=0.0 begin=0.0 end=0.0 submit=0.0]/s watchdog=0.0/s | worker plays=25.0/s ok=25.0/s fail=0.0/s nr_absent=0.0/s copyfail=0.0/s
10:17:03.935  [fg-relay] rate3: arm->arm avg=42.66ms max=25182.14ms n=3822 | arm->work avg=0.01ms max=0.06ms | arm->eval avg=0.00ms max=0.00ms | copywait avg=0.006ms max=0.072ms | copy-land<= avg=43.75ms max=25181.82ms | work avg=5.28ms max=200.97ms | totals armed=3823 unarmed=0 skipped=0 busy=0 mismatch=0 copies_failed=0 writes=3823 conflicts=0
10:17:03.935  [fg-relay] rate4: throttle depth=1 off=0 | sleep calls=25.0/s waits=25.0/s clear=0.0/s timeouts=0.0/s avg=32.28ms | present calls=25.0/s waits=0.0/s clear=0.0/s timeouts=0.0/s avg=0.00ms | max=111.50ms (process)
10:17:16.852  [bridge] 4200 frames delivered so far.
10:17:18.931  [fg-relay] rate/15.0s p2 import_opt=1: presents=29.7/s present-gate[point=29.7 ready=0.0 fallback=0.0 inactive=0.0]/s noinfo=0.0/s stale=0.0/s unlearned=0.0/s attempts=29.7/s armed=29.7/s skipped=0.0/s busy=0.0/s arm-reject[state=0.0 request=0.0 refused=0.0 stopping=0.0 res=0.0 size=0.0]/s pool[cap=0.0 family=0.0 create=0.0 alloc=0.0]/s copy-drop[fence=0.0 reset=0.0 begin=0.0 end=0.0 submit=0.0]/s cf[seq=0.0/s idle=0.0/s nrfence=0.0/s] slotbusy=0.0/s copyfence-busy=0.0/s nr-gpuwait=29.5/s flips=0.0/s
10:17:18.931  [fg-relay] rate2: fginput eval=89.2/s index!=1=59.5/s eval-gate[off=0.0 fallback=0.0 notready=0.0 noinput=0.0 noqueue=0.0]/s relay eval=29.7/s consume=0.0/s inplace=29.7/s(ok 29.7/s) unarmed=0.0/s mismatch=0.0/s relbusy=0.0/s relok=29.7/s relfail=0.0/s release-stage[queue=0.0 pool=0.0 fence=0.0 reset=0.0 begin=0.0 end=0.0 submit=0.0]/s watchdog=0.0/s | worker plays=29.7/s ok=29.7/s fail=0.0/s nr_absent=0.1/s copyfail=0.0/s
10:17:18.931  [fg-relay] rate3: arm->arm avg=41.72ms max=25182.14ms n=4268 | arm->work avg=0.01ms max=0.13ms | arm->eval avg=0.00ms max=0.00ms | copywait avg=0.006ms max=0.139ms | copy-land<= avg=42.69ms max=25181.82ms | work avg=5.35ms max=200.97ms | totals armed=4269 unarmed=0 skipped=0 busy=0 mismatch=0 copies_failed=0 writes=4269 conflicts=0
10:17:18.931  [fg-relay] rate4: throttle depth=1 off=0 | sleep calls=29.7/s waits=29.7/s clear=0.0/s timeouts=0.0/s avg=25.75ms | present calls=29.7/s waits=0.0/s clear=0.0/s timeouts=0.0/s avg=0.00ms | max=111.50ms (process)
10:17:33.938  [fg-relay] rate/15.0s p2 import_opt=1: presents=27.3/s present-gate[point=27.3 ready=0.0 fallback=0.0 inactive=0.0]/s noinfo=0.0/s stale=0.0/s unlearned=0.0/s attempts=27.2/s armed=27.2/s skipped=0.0/s busy=0.0/s arm-reject[state=0.0 request=0.0 refused=0.0 stopping=0.0 res=0.0 size=0.0]/s pool[cap=0.0 family=0.0 create=0.0 alloc=0.0]/s copy-drop[fence=0.0 reset=0.0 begin=0.0 end=0.0 submit=0.0]/s cf[seq=0.0/s idle=0.0/s nrfence=0.0/s] slotbusy=0.0/s copyfence-busy=0.0/s nr-gpuwait=27.2/s flips=0.0/s
10:17:33.938  [fg-relay] rate2: fginput eval=81.8/s index!=1=54.6/s eval-gate[off=0.0 fallback=0.0 notready=0.0 noinput=0.0 noqueue=0.0]/s relay eval=27.2/s consume=0.0/s inplace=27.2/s(ok 27.2/s) unarmed=0.0/s mismatch=0.0/s relbusy=0.0/s relok=27.2/s relfail=0.0/s release-stage[queue=0.0 pool=0.0 fence=0.0 reset=0.0 begin=0.0 end=0.0 submit=0.0]/s watchdog=0.0/s | worker plays=27.2/s ok=27.2/s fail=0.0/s nr_absent=0.1/s copyfail=0.0/s
10:17:33.938  [fg-relay] rate3: arm->arm avg=41.28ms max=25182.14ms n=4677 | arm->work avg=0.01ms max=0.13ms | arm->eval avg=0.00ms max=0.00ms | copywait avg=0.006ms max=0.139ms | copy-land<= avg=42.15ms max=25181.82ms | work avg=5.51ms max=200.97ms | totals armed=4678 unarmed=0 skipped=0 busy=0 mismatch=0 copies_failed=0 writes=4678 conflicts=0
10:17:33.938  [fg-relay] rate4: throttle depth=1 off=0 | sleep calls=27.3/s waits=27.2/s clear=0.1/s timeouts=0.1/s avg=28.45ms | present calls=27.3/s waits=0.0/s clear=0.0/s timeouts=0.0/s avg=0.00ms | max=111.50ms (process)
10:17:38.713  [bridge] 4800 frames delivered so far.
10:17:48.941  [fg-relay] rate/15.0s p2 import_opt=1: presents=25.3/s present-gate[point=25.3 ready=0.0 fallback=0.0 inactive=0.0]/s noinfo=0.0/s stale=0.0/s unlearned=0.0/s attempts=25.3/s armed=25.3/s skipped=0.0/s busy=0.0/s arm-reject[state=0.0 request=0.0 refused=0.0 stopping=0.0 res=0.0 size=0.0]/s pool[cap=0.0 family=0.0 create=0.0 alloc=0.0]/s copy-drop[fence=0.0 reset=0.0 begin=0.0 end=0.0 submit=0.0]/s cf[seq=0.0/s idle=0.0/s nrfence=0.0/s] slotbusy=0.0/s copyfence-busy=0.0/s nr-gpuwait=25.3/s flips=0.0/s
10:17:48.941  [fg-relay] rate2: fginput eval=75.8/s index!=1=50.5/s eval-gate[off=0.0 fallback=0.0 notready=0.0 noinput=0.0 noqueue=0.0]/s relay eval=25.3/s consume=0.0/s inplace=25.3/s(ok 25.3/s) unarmed=0.0/s mismatch=0.0/s relbusy=0.0/s relok=25.3/s relfail=0.0/s release-stage[queue=0.0 pool=0.0 fence=0.0 reset=0.0 begin=0.0 end=0.0 submit=0.0]/s watchdog=0.0/s | worker plays=25.3/s ok=25.3/s fail=0.0/s nr_absent=0.0/s copyfail=0.0/s
10:17:48.941  [fg-relay] rate3: arm->arm avg=41.15ms max=25182.14ms n=5056 | arm->work avg=0.01ms max=0.15ms | arm->eval avg=0.00ms max=0.00ms | copywait avg=0.006ms max=0.139ms | copy-land<= avg=41.96ms max=25181.82ms | work avg=5.64ms max=200.97ms | totals armed=5057 unarmed=0 skipped=0 busy=0 mismatch=0 copies_failed=0 writes=5057 conflicts=0
10:17:48.941  [fg-relay] rate4: throttle depth=1 off=0 | sleep calls=25.3/s waits=25.3/s clear=0.0/s timeouts=0.0/s avg=30.63ms | present calls=25.3/s waits=0.0/s clear=0.0/s timeouts=0.0/s avg=0.00ms | max=111.50ms (process)
10:18:02.606  [bridge] 5400 frames delivered so far.
10:18:02.638  [fg-relay] armed by evaluate: hud=44b860d0 back=419884d0 depth=44b85ad0 mv=44b854d0 5120x2160 copy=5400 nr=5400 import=1 slot=0 arm=5400 gpu-wait-nr=5399 pending=1.
10:18:02.638  [fg-relay] evaluate: slot=0 nr=5400 import=1 stage=3.
10:18:02.644  [fg-relay] frame=5400 slot=0 nr=5400 ok=1 wrote=1 nr_entries=2 import=1 armed=5400 skipped=0 busy=0 mismatch=0 conflicts=0.
10:18:03.965  [fg-relay] rate/15.0s p2 import_opt=1: presents=25.0/s present-gate[point=25.0 ready=0.0 fallback=0.0 inactive=0.0]/s noinfo=0.0/s stale=0.0/s unlearned=0.0/s attempts=25.0/s armed=25.0/s skipped=0.0/s busy=0.0/s arm-reject[state=0.0 request=0.0 refused=0.0 stopping=0.0 res=0.0 size=0.0]/s pool[cap=0.0 family=0.0 create=0.0 alloc=0.0]/s copy-drop[fence=0.0 reset=0.0 begin=0.0 end=0.0 submit=0.0]/s cf[seq=0.0/s idle=0.0/s nrfence=0.0/s] slotbusy=0.0/s copyfence-busy=0.0/s nr-gpuwait=22.8/s flips=0.0/s
10:18:03.965  [fg-relay] rate2: fginput eval=75.1/s index!=1=50.1/s eval-gate[off=0.0 fallback=0.0 notready=0.0 noinput=0.0 noqueue=0.0]/s relay eval=25.0/s consume=0.0/s inplace=25.0/s(ok 25.0/s) unarmed=0.0/s mismatch=0.0/s relbusy=0.0/s relok=25.0/s relfail=0.0/s release-stage[queue=0.0 pool=0.0 fence=0.0 reset=0.0 begin=0.0 end=0.0 submit=0.0]/s watchdog=0.0/s | worker plays=25.0/s ok=25.0/s fail=0.0/s nr_absent=0.0/s copyfail=0.0/s
10:18:03.965  [fg-relay] rate3: arm->arm avg=41.07ms max=25182.14ms n=5432 | arm->work avg=0.01ms max=0.20ms | arm->eval avg=0.00ms max=0.00ms | copywait avg=0.006ms max=0.139ms | copy-land<= avg=41.82ms max=25181.82ms | work avg=5.72ms max=200.97ms | totals armed=5433 unarmed=0 skipped=0 busy=0 mismatch=0 copies_failed=0 writes=5433 conflicts=0
10:18:03.965  [fg-relay] rate4: throttle depth=1 off=0 | sleep calls=25.0/s waits=24.6/s clear=0.4/s timeouts=0.0/s avg=29.35ms | present calls=25.0/s waits=0.0/s clear=0.0/s timeouts=0.0/s avg=0.00ms | max=111.50ms (process)
10:18:18.977  [fg-relay] rate/15.0s p2 import_opt=1: presents=28.2/s present-gate[point=28.2 ready=0.0 fallback=0.0 inactive=0.0]/s noinfo=0.0/s stale=0.0/s unlearned=0.0/s attempts=23.7/s armed=23.7/s skipped=0.0/s busy=0.0/s arm-reject[state=0.0 request=0.0 refused=0.0 stopping=0.0 res=0.0 size=0.0]/s pool[cap=0.0 family=0.0 create=0.0 alloc=0.0]/s copy-drop[fence=0.0 reset=0.0 begin=0.0 end=0.0 submit=0.0]/s cf[seq=0.0/s idle=0.0/s nrfence=0.0/s] slotbusy=0.0/s copyfence-busy=0.0/s nr-gpuwait=22.8/s flips=0.0/s
10:18:18.977  [fg-relay] rate2: fginput eval=71.1/s index!=1=47.4/s eval-gate[off=0.0 fallback=0.0 notready=0.0 noinput=0.0 noqueue=0.0]/s relay eval=23.7/s consume=0.0/s inplace=23.7/s(ok 23.7/s) unarmed=0.0/s mismatch=0.0/s relbusy=0.0/s relok=23.7/s relfail=0.0/s release-stage[queue=0.0 pool=0.0 fence=0.0 reset=0.0 begin=0.0 end=0.0 submit=0.0]/s watchdog=0.0/s | worker plays=23.7/s ok=23.7/s fail=0.0/s nr_absent=0.0/s copyfail=0.0/s
10:18:18.977  [fg-relay] rate3: arm->arm avg=41.14ms max=25182.14ms n=5788 | arm->work avg=0.01ms max=0.20ms | arm->eval avg=0.00ms max=0.00ms | copywait avg=0.006ms max=0.139ms | copy-land<= avg=41.86ms max=25181.82ms | work avg=5.83ms max=200.97ms | totals armed=5789 unarmed=0 skipped=0 busy=0 mismatch=0 copies_failed=0 writes=5789 conflicts=0
10:18:18.977  [fg-relay] rate4: throttle depth=1 off=0 | sleep calls=28.2/s waits=23.6/s clear=4.7/s timeouts=0.0/s avg=30.45ms | present calls=28.2/s waits=0.0/s clear=0.0/s timeouts=0.0/s avg=0.00ms | max=111.50ms (process)
10:18:27.402  [bridge] 6000 frames delivered so far.
10:18:33.970  [fg-relay] rate/15.0s p2 import_opt=1: presents=24.9/s present-gate[point=24.9 ready=0.0 fallback=0.0 inactive=0.0]/s noinfo=0.0/s stale=0.0/s unlearned=0.0/s attempts=24.9/s armed=24.9/s skipped=0.0/s busy=0.0/s arm-reject[state=0.0 request=0.0 refused=0.0 stopping=0.0 res=0.0 size=0.0]/s pool[cap=0.0 family=0.0 create=0.0 alloc=0.0]/s copy-drop[fence=0.0 reset=0.0 begin=0.0 end=0.0 submit=0.0]/s cf[seq=0.0/s idle=0.0/s nrfence=0.0/s] slotbusy=0.0/s copyfence-busy=0.0/s nr-gpuwait=24.9/s flips=0.0/s
10:18:33.971  [fg-relay] rate2: fginput eval=74.6/s index!=1=49.7/s eval-gate[off=0.0 fallback=0.0 notready=0.0 noinput=0.0 noqueue=0.0]/s relay eval=24.9/s consume=0.0/s inplace=24.9/s(ok 24.9/s) unarmed=0.0/s mismatch=0.0/s relbusy=0.0/s relok=24.9/s relfail=0.0/s release-stage[queue=0.0 pool=0.0 fence=0.0 reset=0.0 begin=0.0 end=0.0 submit=0.0]/s watchdog=0.0/s | worker plays=24.9/s ok=24.9/s fail=0.0/s nr_absent=0.0/s copyfail=0.0/s
10:18:33.971  [fg-relay] rate3: arm->arm avg=41.08ms max=25182.14ms n=6161 | arm->work avg=0.01ms max=0.20ms | arm->eval avg=0.00ms max=0.00ms | copywait avg=0.006ms max=0.139ms | copy-land<= avg=41.76ms max=25181.82ms | work avg=5.93ms max=200.97ms | totals armed=6162 unarmed=0 skipped=0 busy=0 mismatch=0 copies_failed=0 writes=6162 conflicts=0
10:18:33.971  [fg-relay] rate4: throttle depth=1 off=0 | sleep calls=24.9/s waits=24.9/s clear=0.0/s timeouts=0.0/s avg=30.14ms | present calls=24.9/s waits=0.0/s clear=0.0/s timeouts=0.0/s avg=0.00ms | max=111.50ms (process)
10:18:48.975  [fg-relay] rate/15.0s p2 import_opt=1: presents=25.1/s present-gate[point=25.1 ready=0.0 fallback=0.0 inactive=0.0]/s noinfo=0.0/s stale=0.0/s unlearned=0.0/s attempts=25.1/s armed=25.1/s skipped=0.0/s busy=0.0/s arm-reject[state=0.0 request=0.0 refused=0.0 stopping=0.0 res=0.0 size=0.0]/s pool[cap=0.0 family=0.0 create=0.0 alloc=0.0]/s copy-drop[fence=0.0 reset=0.0 begin=0.0 end=0.0 submit=0.0]/s cf[seq=0.0/s idle=0.0/s nrfence=0.0/s] slotbusy=0.0/s copyfence-busy=0.0/s nr-gpuwait=25.1/s flips=0.0/s
10:18:48.976  [fg-relay] rate2: fginput eval=75.4/s index!=1=50.3/s eval-gate[off=0.0 fallback=0.0 notready=0.0 noinput=0.0 noqueue=0.0]/s relay eval=25.1/s consume=0.0/s inplace=25.1/s(ok 25.1/s) unarmed=0.0/s mismatch=0.0/s relbusy=0.0/s relok=25.1/s relfail=0.0/s release-stage[queue=0.0 pool=0.0 fence=0.0 reset=0.0 begin=0.0 end=0.0 submit=0.0]/s watchdog=0.0/s | worker plays=25.1/s ok=25.1/s fail=0.0/s nr_absent=0.0/s copyfail=0.0/s
10:18:48.976  [fg-relay] rate3: arm->arm avg=41.01ms max=25182.14ms n=6538 | arm->work avg=0.01ms max=0.20ms | arm->eval avg=0.00ms max=0.00ms | copywait avg=0.006ms max=0.139ms | copy-land<= avg=41.64ms max=25181.82ms | work avg=6.00ms max=200.97ms | totals armed=6539 unarmed=0 skipped=0 busy=0 mismatch=0 copies_failed=0 writes=6539 conflicts=0
10:18:48.976  [fg-relay] rate4: throttle depth=1 off=0 | sleep calls=25.1/s waits=25.1/s clear=0.0/s timeouts=0.0/s avg=28.99ms | present calls=25.1/s waits=0.0/s clear=0.0/s timeouts=0.0/s avg=0.00ms | max=111.50ms (process)
10:18:51.379  [bridge] 6600 frames delivered so far.
10:19:03.989  [fg-relay] rate/15.0s p2 import_opt=1: presents=31.0/s present-gate[point=31.0 ready=0.0 fallback=0.0 inactive=0.0]/s noinfo=0.0/s stale=0.0/s unlearned=0.0/s attempts=31.0/s armed=31.0/s skipped=0.0/s busy=0.0/s arm-reject[state=0.0 request=0.0 refused=0.0 stopping=0.0 res=0.0 size=0.0]/s pool[cap=0.0 family=0.0 create=0.0 alloc=0.0]/s copy-drop[fence=0.0 reset=0.0 begin=0.0 end=0.0 submit=0.0]/s cf[seq=0.0/s idle=0.0/s nrfence=0.0/s] slotbusy=0.0/s copyfence-busy=0.0/s nr-gpuwait=30.7/s flips=0.0/s
10:19:03.989  [fg-relay] rate2: fginput eval=93.1/s index!=1=62.1/s eval-gate[off=0.0 fallback=0.0 notready=0.0 noinput=0.0 noqueue=0.0]/s relay eval=31.0/s consume=0.0/s inplace=31.0/s(ok 31.0/s) unarmed=0.0/s mismatch=0.0/s relbusy=0.0/s relok=31.0/s relfail=0.0/s release-stage[queue=0.0 pool=0.0 fence=0.0 reset=0.0 begin=0.0 end=0.0 submit=0.0]/s watchdog=0.0/s | worker plays=31.0/s ok=31.0/s fail=0.0/s nr_absent=0.1/s copyfail=0.0/s
10:19:03.989  [fg-relay] rate3: arm->arm avg=40.42ms max=25182.14ms n=7004 | arm->work avg=0.01ms max=0.20ms | arm->eval avg=0.00ms max=0.00ms | copywait avg=0.006ms max=0.139ms | copy-land<= avg=41.01ms max=25181.82ms | work avg=5.98ms max=200.97ms | totals armed=7005 unarmed=0 skipped=0 busy=0 mismatch=0 copies_failed=0 writes=7005 conflicts=0
10:19:03.990  [fg-relay] rate4: throttle depth=1 off=0 | sleep calls=31.0/s waits=31.0/s clear=0.0/s timeouts=0.0/s avg=23.43ms | present calls=31.0/s waits=0.0/s clear=0.0/s timeouts=0.0/s avg=0.00ms | max=111.50ms (process)
10:19:09.711  [bridge] 7200 frames delivered so far.
10:19:09.736  [fg-relay] armed by evaluate: hud=44b860d0 back=4198f0d0 depth=44b85ad0 mv=44b854d0 5120x2160 copy=7200 nr=7200 import=1 slot=0 arm=7200 gpu-wait-nr=7199 pending=1.
10:19:09.736  [fg-relay] evaluate: slot=0 nr=7200 import=1 stage=3.
10:19:09.740  [fg-relay] frame=7200 slot=0 nr=7200 ok=1 wrote=1 nr_entries=2 import=1 armed=7200 skipped=0 busy=0 mismatch=0 conflicts=0.
10:19:18.983  [fg-relay] rate/15.0s p2 import_opt=1: presents=34.4/s present-gate[point=34.4 ready=0.0 fallback=0.0 inactive=0.0]/s noinfo=0.0/s stale=0.0/s unlearned=0.0/s attempts=33.7/s armed=33.7/s skipped=0.0/s busy=0.0/s arm-reject[state=0.0 request=0.0 refused=0.0 stopping=0.0 res=0.0 size=0.0]/s pool[cap=0.0 family=0.0 create=0.0 alloc=0.0]/s copy-drop[fence=0.0 reset=0.0 begin=0.0 end=0.0 submit=0.0]/s cf[seq=0.0/s idle=0.0/s nrfence=0.0/s] slotbusy=0.0/s copyfence-busy=0.0/s nr-gpuwait=33.7/s flips=0.0/s
10:19:18.984  [fg-relay] rate2: fginput eval=101.3/s index!=1=67.6/s eval-gate[off=0.0 fallback=0.0 notready=0.0 noinput=0.0 noqueue=0.0]/s relay eval=33.7/s consume=0.0/s inplace=33.7/s(ok 33.7/s) unarmed=0.0/s mismatch=0.0/s relbusy=0.0/s relok=33.7/s relfail=0.0/s release-stage[queue=0.0 pool=0.0 fence=0.0 reset=0.0 begin=0.0 end=0.0 submit=0.0]/s watchdog=0.0/s | worker plays=33.7/s ok=33.7/s fail=0.0/s nr_absent=0.0/s copyfail=0.0/s
10:19:18.984  [fg-relay] rate3: arm->arm avg=39.68ms max=25182.14ms n=7510 | arm->work avg=0.01ms max=0.20ms | arm->eval avg=0.00ms max=0.00ms | copywait avg=0.006ms max=0.139ms | copy-land<= avg=40.23ms max=25181.82ms | work avg=5.89ms max=200.97ms | totals armed=7511 unarmed=0 skipped=0 busy=0 mismatch=0 copies_failed=0 writes=7511 conflicts=0
10:19:18.984  [fg-relay] rate4: throttle depth=1 off=0 | sleep calls=34.3/s waits=33.8/s clear=0.6/s timeouts=0.0/s avg=20.98ms | present calls=34.4/s waits=0.0/s clear=0.0/s timeouts=0.0/s avg=0.00ms | max=111.50ms (process)
10:19:23.840  === Vulkan CreateFeature1 #19  feature_id=18  VkDevice=000000002FCE00D0  thread 75496 ===
10:19:23.840  === Vulkan CreateFeature1 #19 returned -1160773630, handle=0000000000000000 ===
10:19:23.850  === Vulkan CreateFeature1 #20  feature_id=18  VkDevice=000000002FCE00D0  thread 75496 ===
10:19:23.850  === Vulkan CreateFeature1 #20 returned -1160773630, handle=0000000000000000 ===
10:19:24.853  === Vulkan CreateFeature1 #21  feature_id=18  VkDevice=000000002FCE00D0  thread 75496 ===
10:19:24.853  === Vulkan CreateFeature1 #21 returned -1160773630, handle=0000000000000000 ===
10:19:26.856  === Vulkan CreateFeature1 #22  feature_id=18  VkDevice=000000002FCE00D0  thread 75496 ===
10:19:26.857  === Vulkan CreateFeature1 #22 returned -1160773630, handle=0000000000000000 ===
10:19:30.857  === Vulkan CreateFeature1 #23  feature_id=18  VkDevice=000000002FCE00D0  thread 75496 ===
10:19:30.857  === Vulkan CreateFeature1 #23 returned -1160773630, handle=0000000000000000 ===
10:19:33.989  [fg-relay] rate/15.0s p2 import_opt=1: presents=99.6/s present-gate[point=99.6 ready=0.0 fallback=0.0 inactive=0.0]/s noinfo=0.0/s stale=0.0/s unlearned=0.0/s attempts=0.0/s armed=0.0/s skipped=0.0/s busy=0.0/s arm-reject[state=0.0 request=0.0 refused=0.0 stopping=0.0 res=0.0 size=0.0]/s pool[cap=0.0 family=0.0 create=0.0 alloc=0.0]/s copy-drop[fence=0.0 reset=0.0 begin=0.0 end=0.0 submit=0.0]/s cf[seq=0.0/s idle=0.0/s nrfence=0.0/s] slotbusy=0.0/s copyfence-busy=0.0/s nr-gpuwait=0.0/s flips=0.0/s
10:19:33.990  [fg-relay] rate2: fginput eval=0.0/s index!=1=0.0/s eval-gate[off=0.0 fallback=0.0 notready=0.0 noinput=0.0 noqueue=0.0]/s relay eval=0.0/s consume=0.0/s inplace=0.0/s(ok 0.0/s) unarmed=0.0/s mismatch=0.0/s relbusy=0.0/s relok=0.0/s relfail=0.0/s release-stage[queue=0.0 pool=0.0 fence=0.0 reset=0.0 begin=0.0 end=0.0 submit=0.0]/s watchdog=0.0/s | worker plays=0.0/s ok=0.0/s fail=0.0/s nr_absent=0.0/s copyfail=0.0/s
10:19:33.990  [fg-relay] rate3: arm->arm avg=39.68ms max=25182.14ms n=7510 | arm->work avg=0.01ms max=0.20ms | arm->eval avg=0.00ms max=0.00ms | copywait avg=0.006ms max=0.139ms | copy-land<= avg=40.23ms max=25181.82ms | work avg=5.89ms max=200.97ms | totals armed=7511 unarmed=0 skipped=0 busy=0 mismatch=0 copies_failed=0 writes=7511 conflicts=0
10:19:33.990  [fg-relay] rate4: throttle depth=1 off=0 | sleep calls=99.6/s waits=0.0/s clear=99.6/s timeouts=0.0/s avg=0.00ms | present calls=99.6/s waits=0.0/s clear=0.0/s timeouts=0.0/s avg=0.00ms | max=111.50ms (process)
10:19:38.863  === Vulkan CreateFeature1 #24  feature_id=18  VkDevice=000000002FCE00D0  thread 75496 ===
10:19:38.864  === Vulkan CreateFeature1 #24 returned -1160773630, handle=0000000000000000 ===
10:19:48.984  [fg-relay] rate/15.0s p2 import_opt=1: presents=97.9/s present-gate[point=97.9 ready=0.0 fallback=0.0 inactive=0.0]/s noinfo=0.0/s stale=0.0/s unlearned=0.0/s attempts=0.0/s armed=0.0/s skipped=0.0/s busy=0.0/s arm-reject[state=0.0 request=0.0 refused=0.0 stopping=0.0 res=0.0 size=0.0]/s pool[cap=0.0 family=0.0 create=0.0 alloc=0.0]/s copy-drop[fence=0.0 reset=0.0 begin=0.0 end=0.0 submit=0.0]/s cf[seq=0.0/s idle=0.0/s nrfence=0.0/s] slotbusy=0.0/s copyfence-busy=0.0/s nr-gpuwait=0.0/s flips=0.0/s
10:19:48.985  [fg-relay] rate2: fginput eval=0.0/s index!=1=0.0/s eval-gate[off=0.0 fallback=0.0 notready=0.0 noinput=0.0 noqueue=0.0]/s relay eval=0.0/s consume=0.0/s inplace=0.0/s(ok 0.0/s) unarmed=0.0/s mismatch=0.0/s relbusy=0.0/s relok=0.0/s relfail=0.0/s release-stage[queue=0.0 pool=0.0 fence=0.0 reset=0.0 begin=0.0 end=0.0 submit=0.0]/s watchdog=0.0/s | worker plays=0.0/s ok=0.0/s fail=0.0/s nr_absent=0.0/s copyfail=0.0/s
10:19:48.985  [fg-relay] rate3: arm->arm avg=39.68ms max=25182.14ms n=7510 | arm->work avg=0.01ms max=0.20ms | arm->eval avg=0.00ms max=0.00ms | copywait avg=0.006ms max=0.139ms | copy-land<= avg=40.23ms max=25181.82ms | work avg=5.89ms max=200.97ms | totals armed=7511 unarmed=0 skipped=0 busy=0 mismatch=0 copies_failed=0 writes=7511 conflicts=0
10:19:48.985  [fg-relay] rate4: throttle depth=1 off=0 | sleep calls=97.9/s waits=0.0/s clear=97.9/s timeouts=0.0/s avg=0.00ms | present calls=97.9/s waits=0.0/s clear=0.0/s timeouts=0.0/s avg=0.00ms | max=111.50ms (process)
10:19:54.870  === Vulkan CreateFeature1 #25  feature_id=18  VkDevice=000000002FCE00D0  thread 75496 ===
10:19:54.870  === Vulkan CreateFeature1 #25 returned -1160773630, handle=0000000000000000 ===
10:20:03.990  [fg-relay] rate/15.0s p2 import_opt=1: presents=99.9/s present-gate[point=99.9 ready=0.0 fallback=0.0 inactive=0.0]/s noinfo=0.0/s stale=0.0/s unlearned=0.0/s attempts=0.0/s armed=0.0/s skipped=0.0/s busy=0.0/s arm-reject[state=0.0 request=0.0 refused=0.0 stopping=0.0 res=0.0 size=0.0]/s pool[cap=0.0 family=0.0 create=0.0 alloc=0.0]/s copy-drop[fence=0.0 reset=0.0 begin=0.0 end=0.0 submit=0.0]/s cf[seq=0.0/s idle=0.0/s nrfence=0.0/s] slotbusy=0.0/s copyfence-busy=0.0/s nr-gpuwait=0.0/s flips=0.0/s
10:20:03.990  [fg-relay] rate2: fginput eval=0.0/s index!=1=0.0/s eval-gate[off=0.0 fallback=0.0 notready=0.0 noinput=0.0 noqueue=0.0]/s relay eval=0.0/s consume=0.0/s inplace=0.0/s(ok 0.0/s) unarmed=0.0/s mismatch=0.0/s relbusy=0.0/s relok=0.0/s relfail=0.0/s release-stage[queue=0.0 pool=0.0 fence=0.0 reset=0.0 begin=0.0 end=0.0 submit=0.0]/s watchdog=0.0/s | worker plays=0.0/s ok=0.0/s fail=0.0/s nr_absent=0.0/s copyfail=0.0/s
10:20:03.991  [fg-relay] rate3: arm->arm avg=39.68ms max=25182.14ms n=7510 | arm->work avg=0.01ms max=0.20ms | arm->eval avg=0.00ms max=0.00ms | copywait avg=0.006ms max=0.139ms | copy-land<= avg=40.23ms max=25181.82ms | work avg=5.89ms max=200.97ms | totals armed=7511 unarmed=0 skipped=0 busy=0 mismatch=0 copies_failed=0 writes=7511 conflicts=0
10:20:03.991  [fg-relay] rate4: throttle depth=1 off=0 | sleep calls=99.9/s waits=0.0/s clear=99.9/s timeouts=0.0/s avg=0.00ms | present calls=99.9/s waits=0.0/s clear=0.0/s timeouts=0.0/s avg=0.00ms | max=111.50ms (process)
10:20:18.988  [fg-relay] rate/15.0s p2 import_opt=1: presents=99.9/s present-gate[point=99.9 ready=0.0 fallback=0.0 inactive=0.0]/s noinfo=0.0/s stale=0.0/s unlearned=0.0/s attempts=0.0/s armed=0.0/s skipped=0.0/s busy=0.0/s arm-reject[state=0.0 request=0.0 refused=0.0 stopping=0.0 res=0.0 size=0.0]/s pool[cap=0.0 family=0.0 create=0.0 alloc=0.0]/s copy-drop[fence=0.0 reset=0.0 begin=0.0 end=0.0 submit=0.0]/s cf[seq=0.0/s idle=0.0/s nrfence=0.0/s] slotbusy=0.0/s copyfence-busy=0.0/s nr-gpuwait=0.0/s flips=0.0/s
10:20:18.988  [fg-relay] rate2: fginput eval=0.0/s index!=1=0.0/s eval-gate[off=0.0 fallback=0.0 notready=0.0 noinput=0.0 noqueue=0.0]/s relay eval=0.0/s consume=0.0/s inplace=0.0/s(ok 0.0/s) unarmed=0.0/s mismatch=0.0/s relbusy=0.0/s relok=0.0/s relfail=0.0/s release-stage[queue=0.0 pool=0.0 fence=0.0 reset=0.0 begin=0.0 end=0.0 submit=0.0]/s watchdog=0.0/s | worker plays=0.0/s ok=0.0/s fail=0.0/s nr_absent=0.0/s copyfail=0.0/s
10:20:18.988  [fg-relay] rate3: arm->arm avg=39.68ms max=25182.14ms n=7510 | arm->work avg=0.01ms max=0.20ms | arm->eval avg=0.00ms max=0.00ms | copywait avg=0.006ms max=0.139ms | copy-land<= avg=40.23ms max=25181.82ms | work avg=5.89ms max=200.97ms | totals armed=7511 unarmed=0 skipped=0 busy=0 mismatch=0 copies_failed=0 writes=7511 conflicts=0
10:20:18.988  [fg-relay] rate4: throttle depth=1 off=0 | sleep calls=99.9/s waits=0.0/s clear=99.9/s timeouts=0.0/s avg=0.00ms | present calls=99.9/s waits=0.0/s clear=0.0/s timeouts=0.0/s avg=0.00ms | max=111.50ms (process)
10:20:24.878  === Vulkan CreateFeature1 #26  feature_id=18  VkDevice=000000002FCE00D0  thread 75496 ===
10:20:24.878  === Vulkan CreateFeature1 #26 returned -1160773630, handle=0000000000000000 ===
10:20:33.990  [fg-relay] rate/15.0s p2 import_opt=1: presents=99.8/s present-gate[point=99.8 ready=0.0 fallback=0.0 inactive=0.0]/s noinfo=0.0/s stale=0.0/s unlearned=0.0/s attempts=0.0/s armed=0.0/s skipped=0.0/s busy=0.0/s arm-reject[state=0.0 request=0.0 refused=0.0 stopping=0.0 res=0.0 size=0.0]/s pool[cap=0.0 family=0.0 create=0.0 alloc=0.0]/s copy-drop[fence=0.0 reset=0.0 begin=0.0 end=0.0 submit=0.0]/s cf[seq=0.0/s idle=0.0/s nrfence=0.0/s] slotbusy=0.0/s copyfence-busy=0.0/s nr-gpuwait=0.0/s flips=0.0/s
10:20:33.990  [fg-relay] rate2: fginput eval=0.0/s index!=1=0.0/s eval-gate[off=0.0 fallback=0.0 notready=0.0 noinput=0.0 noqueue=0.0]/s relay eval=0.0/s consume=0.0/s inplace=0.0/s(ok 0.0/s) unarmed=0.0/s mismatch=0.0/s relbusy=0.0/s relok=0.0/s relfail=0.0/s release-stage[queue=0.0 pool=0.0 fence=0.0 reset=0.0 begin=0.0 end=0.0 submit=0.0]/s watchdog=0.0/s | worker plays=0.0/s ok=0.0/s fail=0.0/s nr_absent=0.0/s copyfail=0.0/s
10:20:33.990  [fg-relay] rate3: arm->arm avg=39.68ms max=25182.14ms n=7510 | arm->work avg=0.01ms max=0.20ms | arm->eval avg=0.00ms max=0.00ms | copywait avg=0.006ms max=0.139ms | copy-land<= avg=40.23ms max=25181.82ms | work avg=5.89ms max=200.97ms | totals armed=7511 unarmed=0 skipped=0 busy=0 mismatch=0 copies_failed=0 writes=7511 conflicts=0
10:20:33.990  [fg-relay] rate4: throttle depth=1 off=0 | sleep calls=99.8/s waits=0.0/s clear=99.8/s timeouts=0.0/s avg=0.00ms | present calls=99.8/s waits=0.0/s clear=0.0/s timeouts=0.0/s avg=0.00ms | max=111.50ms (process)
10:20:48.990  [fg-relay] rate/15.0s p2 import_opt=1: presents=99.7/s present-gate[point=99.7 ready=0.0 fallback=0.0 inactive=0.0]/s noinfo=0.0/s stale=0.0/s unlearned=0.0/s attempts=0.0/s armed=0.0/s skipped=0.0/s busy=0.0/s arm-reject[state=0.0 request=0.0 refused=0.0 stopping=0.0 res=0.0 size=0.0]/s pool[cap=0.0 family=0.0 create=0.0 alloc=0.0]/s copy-drop[fence=0.0 reset=0.0 begin=0.0 end=0.0 submit=0.0]/s cf[seq=0.0/s idle=0.0/s nrfence=0.0/s] slotbusy=0.0/s copyfence-busy=0.0/s nr-gpuwait=0.0/s flips=0.0/s
10:20:48.990  [fg-relay] rate2: fginput eval=0.0/s index!=1=0.0/s eval-gate[off=0.0 fallback=0.0 notready=0.0 noinput=0.0 noqueue=0.0]/s relay eval=0.0/s consume=0.0/s inplace=0.0/s(ok 0.0/s) unarmed=0.0/s mismatch=0.0/s relbusy=0.0/s relok=0.0/s relfail=0.0/s release-stage[queue=0.0 pool=0.0 fence=0.0 reset=0.0 begin=0.0 end=0.0 submit=0.0]/s watchdog=0.0/s | worker plays=0.0/s ok=0.0/s fail=0.0/s nr_absent=0.0/s copyfail=0.0/s
10:20:48.990  [fg-relay] rate3: arm->arm avg=39.68ms max=25182.14ms n=7510 | arm->work avg=0.01ms max=0.20ms | arm->eval avg=0.00ms max=0.00ms | copywait avg=0.006ms max=0.139ms | copy-land<= avg=40.23ms max=25181.82ms | work avg=5.89ms max=200.97ms | totals armed=7511 unarmed=0 skipped=0 busy=0 mismatch=0 copies_failed=0 writes=7511 conflicts=0
10:20:48.990  [fg-relay] rate4: throttle depth=1 off=0 | sleep calls=99.7/s waits=0.0/s clear=99.7/s timeouts=0.0/s avg=0.00ms | present calls=99.7/s waits=0.0/s clear=0.0/s timeouts=0.0/s avg=0.00ms | max=111.50ms (process)
10:20:54.884  === Vulkan CreateFeature1 #27  feature_id=18  VkDevice=000000002FCE00D0  thread 75496 ===
10:20:54.884  === Vulkan CreateFeature1 #27 returned -1160773630, handle=0000000000000000 ===
10:21:03.987  [fg-relay] rate/15.0s p2 import_opt=1: presents=99.8/s present-gate[point=99.8 ready=0.0 fallback=0.0 inactive=0.0]/s noinfo=0.0/s stale=0.0/s unlearned=0.0/s attempts=0.0/s armed=0.0/s skipped=0.0/s busy=0.0/s arm-reject[state=0.0 request=0.0 refused=0.0 stopping=0.0 res=0.0 size=0.0]/s pool[cap=0.0 family=0.0 create=0.0 alloc=0.0]/s copy-drop[fence=0.0 reset=0.0 begin=0.0 end=0.0 submit=0.0]/s cf[seq=0.0/s idle=0.0/s nrfence=0.0/s] slotbusy=0.0/s copyfence-busy=0.0/s nr-gpuwait=0.0/s flips=0.0/s
10:21:03.987  [fg-relay] rate2: fginput eval=0.0/s index!=1=0.0/s eval-gate[off=0.0 fallback=0.0 notready=0.0 noinput=0.0 noqueue=0.0]/s relay eval=0.0/s consume=0.0/s inplace=0.0/s(ok 0.0/s) unarmed=0.0/s mismatch=0.0/s relbusy=0.0/s relok=0.0/s relfail=0.0/s release-stage[queue=0.0 pool=0.0 fence=0.0 reset=0.0 begin=0.0 end=0.0 submit=0.0]/s watchdog=0.0/s | worker plays=0.0/s ok=0.0/s fail=0.0/s nr_absent=0.0/s copyfail=0.0/s
10:21:03.987  [fg-relay] rate3: arm->arm avg=39.68ms max=25182.14ms n=7510 | arm->work avg=0.01ms max=0.20ms | arm->eval avg=0.00ms max=0.00ms | copywait avg=0.006ms max=0.139ms | copy-land<= avg=40.23ms max=25181.82ms | work avg=5.89ms max=200.97ms | totals armed=7511 unarmed=0 skipped=0 busy=0 mismatch=0 copies_failed=0 writes=7511 conflicts=0
10:21:03.987  [fg-relay] rate4: throttle depth=1 off=0 | sleep calls=99.8/s waits=0.0/s clear=99.8/s timeouts=0.0/s avg=0.00ms | present calls=99.8/s waits=0.0/s clear=0.0/s timeouts=0.0/s avg=0.00ms | max=111.50ms (process)
10:21:18.986  [fg-relay] rate/15.0s p2 import_opt=1: presents=99.7/s present-gate[point=99.7 ready=0.0 fallback=0.0 inactive=0.0]/s noinfo=0.0/s stale=0.0/s unlearned=0.0/s attempts=0.0/s armed=0.0/s skipped=0.0/s busy=0.0/s arm-reject[state=0.0 request=0.0 refused=0.0 stopping=0.0 res=0.0 size=0.0]/s pool[cap=0.0 family=0.0 create=0.0 alloc=0.0]/s copy-drop[fence=0.0 reset=0.0 begin=0.0 end=0.0 submit=0.0]/s cf[seq=0.0/s idle=0.0/s nrfence=0.0/s] slotbusy=0.0/s copyfence-busy=0.0/s nr-gpuwait=0.0/s flips=0.0/s
10:21:18.986  [fg-relay] rate2: fginput eval=0.0/s index!=1=0.0/s eval-gate[off=0.0 fallback=0.0 notready=0.0 noinput=0.0 noqueue=0.0]/s relay eval=0.0/s consume=0.0/s inplace=0.0/s(ok 0.0/s) unarmed=0.0/s mismatch=0.0/s relbusy=0.0/s relok=0.0/s relfail=0.0/s release-stage[queue=0.0 pool=0.0 fence=0.0 reset=0.0 begin=0.0 end=0.0 submit=0.0]/s watchdog=0.0/s | worker plays=0.0/s ok=0.0/s fail=0.0/s nr_absent=0.0/s copyfail=0.0/s
10:21:18.986  [fg-relay] rate3: arm->arm avg=39.68ms max=25182.14ms n=7510 | arm->work avg=0.01ms max=0.20ms | arm->eval avg=0.00ms max=0.00ms | copywait avg=0.006ms max=0.139ms | copy-land<= avg=40.23ms max=25181.82ms | work avg=5.89ms max=200.97ms | totals armed=7511 unarmed=0 skipped=0 busy=0 mismatch=0 copies_failed=0 writes=7511 conflicts=0
10:21:18.986  [fg-relay] rate4: throttle depth=1 off=0 | sleep calls=99.7/s waits=0.0/s clear=99.7/s timeouts=0.0/s avg=0.00ms | present calls=99.7/s waits=0.0/s clear=0.0/s timeouts=0.0/s avg=0.00ms | max=111.50ms (process)
10:21:24.893  === Vulkan CreateFeature1 #28  feature_id=18  VkDevice=000000002FCE00D0  thread 75496 ===
10:21:24.893  === Vulkan CreateFeature1 #28 returned -1160773630, handle=0000000000000000 ===
10:21:33.988  [fg-relay] rate/15.0s p2 import_opt=1: presents=99.9/s present-gate[point=99.9 ready=0.0 fallback=0.0 inactive=0.0]/s noinfo=0.0/s stale=0.0/s unlearned=0.0/s attempts=0.0/s armed=0.0/s skipped=0.0/s busy=0.0/s arm-reject[state=0.0 request=0.0 refused=0.0 stopping=0.0 res=0.0 size=0.0]/s pool[cap=0.0 family=0.0 create=0.0 alloc=0.0]/s copy-drop[fence=0.0 reset=0.0 begin=0.0 end=0.0 submit=0.0]/s cf[seq=0.0/s idle=0.0/s nrfence=0.0/s] slotbusy=0.0/s copyfence-busy=0.0/s nr-gpuwait=0.0/s flips=0.0/s
10:21:33.988  [fg-relay] rate2: fginput eval=0.0/s index!=1=0.0/s eval-gate[off=0.0 fallback=0.0 notready=0.0 noinput=0.0 noqueue=0.0]/s relay eval=0.0/s consume=0.0/s inplace=0.0/s(ok 0.0/s) unarmed=0.0/s mismatch=0.0/s relbusy=0.0/s relok=0.0/s relfail=0.0/s release-stage[queue=0.0 pool=0.0 fence=0.0 reset=0.0 begin=0.0 end=0.0 submit=0.0]/s watchdog=0.0/s | worker plays=0.0/s ok=0.0/s fail=0.0/s nr_absent=0.0/s copyfail=0.0/s
10:21:33.988  [fg-relay] rate3: arm->arm avg=39.68ms max=25182.14ms n=7510 | arm->work avg=0.01ms max=0.20ms | arm->eval avg=0.00ms max=0.00ms | copywait avg=0.006ms max=0.139ms | copy-land<= avg=40.23ms max=25181.82ms | work avg=5.89ms max=200.97ms | totals armed=7511 unarmed=0 skipped=0 busy=0 mismatch=0 copies_failed=0 writes=7511 conflicts=0
10:21:33.988  [fg-relay] rate4: throttle depth=1 off=0 | sleep calls=99.9/s waits=0.0/s clear=99.9/s timeouts=0.0/s avg=0.00ms | present calls=99.9/s waits=0.0/s clear=0.0/s timeouts=0.0/s avg=0.00ms | max=111.50ms (process)
10:21:48.983  [fg-relay] rate/15.0s p2 import_opt=1: presents=99.9/s present-gate[point=99.9 ready=0.0 fallback=0.0 inactive=0.0]/s noinfo=0.0/s stale=0.0/s unlearned=0.0/s attempts=0.0/s armed=0.0/s skipped=0.0/s busy=0.0/s arm-reject[state=0.0 request=0.0 refused=0.0 stopping=0.0 res=0.0 size=0.0]/s pool[cap=0.0 family=0.0 create=0.0 alloc=0.0]/s copy-drop[fence=0.0 reset=0.0 begin=0.0 end=0.0 submit=0.0]/s cf[seq=0.0/s idle=0.0/s nrfence=0.0/s] slotbusy=0.0/s copyfence-busy=0.0/s nr-gpuwait=0.0/s flips=0.0/s
10:21:48.983  [fg-relay] rate2: fginput eval=0.0/s index!=1=0.0/s eval-gate[off=0.0 fallback=0.0 notready=0.0 noinput=0.0 noqueue=0.0]/s relay eval=0.0/s consume=0.0/s inplace=0.0/s(ok 0.0/s) unarmed=0.0/s mismatch=0.0/s relbusy=0.0/s relok=0.0/s relfail=0.0/s release-stage[queue=0.0 pool=0.0 fence=0.0 reset=0.0 begin=0.0 end=0.0 submit=0.0]/s watchdog=0.0/s | worker plays=0.0/s ok=0.0/s fail=0.0/s nr_absent=0.0/s copyfail=0.0/s
10:21:48.983  [fg-relay] rate3: arm->arm avg=39.68ms max=25182.14ms n=7510 | arm->work avg=0.01ms max=0.20ms | arm->eval avg=0.00ms max=0.00ms | copywait avg=0.006ms max=0.139ms | copy-land<= avg=40.23ms max=25181.82ms | work avg=5.89ms max=200.97ms | totals armed=7511 unarmed=0 skipped=0 busy=0 mismatch=0 copies_failed=0 writes=7511 conflicts=0
10:21:48.983  [fg-relay] rate4: throttle depth=1 off=0 | sleep calls=99.9/s waits=0.0/s clear=99.9/s timeouts=0.0/s avg=0.00ms | present calls=99.9/s waits=0.0/s clear=0.0/s timeouts=0.0/s avg=0.00ms | max=111.50ms (process)
10:21:54.902  === Vulkan CreateFeature1 #29  feature_id=18  VkDevice=000000002FCE00D0  thread 75496 ===
10:21:54.902  === Vulkan CreateFeature1 #29 returned -1160773630, handle=0000000000000000 ===
10:22:03.984  [fg-relay] rate/15.0s p2 import_opt=1: presents=99.6/s present-gate[point=99.6 ready=0.0 fallback=0.0 inactive=0.0]/s noinfo=0.0/s stale=0.0/s unlearned=0.0/s attempts=0.0/s armed=0.0/s skipped=0.0/s busy=0.0/s arm-reject[state=0.0 request=0.0 refused=0.0 stopping=0.0 res=0.0 size=0.0]/s pool[cap=0.0 family=0.0 create=0.0 alloc=0.0]/s copy-drop[fence=0.0 reset=0.0 begin=0.0 end=0.0 submit=0.0]/s cf[seq=0.0/s idle=0.0/s nrfence=0.0/s] slotbusy=0.0/s copyfence-busy=0.0/s nr-gpuwait=0.0/s flips=0.0/s
10:22:03.984  [fg-relay] rate2: fginput eval=0.0/s index!=1=0.0/s eval-gate[off=0.0 fallback=0.0 notready=0.0 noinput=0.0 noqueue=0.0]/s relay eval=0.0/s consume=0.0/s inplace=0.0/s(ok 0.0/s) unarmed=0.0/s mismatch=0.0/s relbusy=0.0/s relok=0.0/s relfail=0.0/s release-stage[queue=0.0 pool=0.0 fence=0.0 reset=0.0 begin=0.0 end=0.0 submit=0.0]/s watchdog=0.0/s | worker plays=0.0/s ok=0.0/s fail=0.0/s nr_absent=0.0/s copyfail=0.0/s
10:22:03.984  [fg-relay] rate3: arm->arm avg=39.68ms max=25182.14ms n=7510 | arm->work avg=0.01ms max=0.20ms | arm->eval avg=0.00ms max=0.00ms | copywait avg=0.006ms max=0.139ms | copy-land<= avg=40.23ms max=25181.82ms | work avg=5.89ms max=200.97ms | totals armed=7511 unarmed=0 skipped=0 busy=0 mismatch=0 copies_failed=0 writes=7511 conflicts=0
10:22:03.984  [fg-relay] rate4: throttle depth=1 off=0 | sleep calls=99.6/s waits=0.0/s clear=99.6/s timeouts=0.0/s avg=0.00ms | present calls=99.6/s waits=0.0/s clear=0.0/s timeouts=0.0/s avg=0.00ms | max=111.50ms (process)
10:22:18.986  [fg-relay] rate/15.0s p2 import_opt=1: presents=99.7/s present-gate[point=99.7 ready=0.0 fallback=0.0 inactive=0.0]/s noinfo=0.0/s stale=0.0/s unlearned=0.0/s attempts=0.0/s armed=0.0/s skipped=0.0/s busy=0.0/s arm-reject[state=0.0 request=0.0 refused=0.0 stopping=0.0 res=0.0 size=0.0]/s pool[cap=0.0 family=0.0 create=0.0 alloc=0.0]/s copy-drop[fence=0.0 reset=0.0 begin=0.0 end=0.0 submit=0.0]/s cf[seq=0.0/s idle=0.0/s nrfence=0.0/s] slotbusy=0.0/s copyfence-busy=0.0/s nr-gpuwait=0.0/s flips=0.0/s
10:22:18.986  [fg-relay] rate2: fginput eval=0.0/s index!=1=0.0/s eval-gate[off=0.0 fallback=0.0 notready=0.0 noinput=0.0 noqueue=0.0]/s relay eval=0.0/s consume=0.0/s inplace=0.0/s(ok 0.0/s) unarmed=0.0/s mismatch=0.0/s relbusy=0.0/s relok=0.0/s relfail=0.0/s release-stage[queue=0.0 pool=0.0 fence=0.0 reset=0.0 begin=0.0 end=0.0 submit=0.0]/s watchdog=0.0/s | worker plays=0.0/s ok=0.0/s fail=0.0/s nr_absent=0.0/s copyfail=0.0/s
10:22:18.987  [fg-relay] rate3: arm->arm avg=39.68ms max=25182.14ms n=7510 | arm->work avg=0.01ms max=0.20ms | arm->eval avg=0.00ms max=0.00ms | copywait avg=0.006ms max=0.139ms | copy-land<= avg=40.23ms max=25181.82ms | work avg=5.89ms max=200.97ms | totals armed=7511 unarmed=0 skipped=0 busy=0 mismatch=0 copies_failed=0 writes=7511 conflicts=0
10:22:18.987  [fg-relay] rate4: throttle depth=1 off=0 | sleep calls=99.7/s waits=0.0/s clear=99.7/s timeouts=0.0/s avg=0.00ms | present calls=99.7/s waits=0.0/s clear=0.0/s timeouts=0.0/s avg=0.00ms | max=111.50ms (process)
10:22:24.908  === Vulkan CreateFeature1 #30  feature_id=18  VkDevice=000000002FCE00D0  thread 75496 ===
10:22:24.908  === Vulkan CreateFeature1 #30 returned -1160773630, handle=0000000000000000 ===
10:22:33.990  [fg-relay] rate/15.0s p2 import_opt=1: presents=99.7/s present-gate[point=99.7 ready=0.0 fallback=0.0 inactive=0.0]/s noinfo=0.0/s stale=0.0/s unlearned=0.0/s attempts=0.0/s armed=0.0/s skipped=0.0/s busy=0.0/s arm-reject[state=0.0 request=0.0 refused=0.0 stopping=0.0 res=0.0 size=0.0]/s pool[cap=0.0 family=0.0 create=0.0 alloc=0.0]/s copy-drop[fence=0.0 reset=0.0 begin=0.0 end=0.0 submit=0.0]/s cf[seq=0.0/s idle=0.0/s nrfence=0.0/s] slotbusy=0.0/s copyfence-busy=0.0/s nr-gpuwait=0.0/s flips=0.0/s
10:22:33.991  [fg-relay] rate2: fginput eval=0.0/s index!=1=0.0/s eval-gate[off=0.0 fallback=0.0 notready=0.0 noinput=0.0 noqueue=0.0]/s relay eval=0.0/s consume=0.0/s inplace=0.0/s(ok 0.0/s) unarmed=0.0/s mismatch=0.0/s relbusy=0.0/s relok=0.0/s relfail=0.0/s release-stage[queue=0.0 pool=0.0 fence=0.0 reset=0.0 begin=0.0 end=0.0 submit=0.0]/s watchdog=0.0/s | worker plays=0.0/s ok=0.0/s fail=0.0/s nr_absent=0.0/s copyfail=0.0/s
10:22:33.991  [fg-relay] rate3: arm->arm avg=39.68ms max=25182.14ms n=7510 | arm->work avg=0.01ms max=0.20ms | arm->eval avg=0.00ms max=0.00ms | copywait avg=0.006ms max=0.139ms | copy-land<= avg=40.23ms max=25181.82ms | work avg=5.89ms max=200.97ms | totals armed=7511 unarmed=0 skipped=0 busy=0 mismatch=0 copies_failed=0 writes=7511 conflicts=0
10:22:33.991  [fg-relay] rate4: throttle depth=1 off=0 | sleep calls=99.7/s waits=0.0/s clear=99.7/s timeouts=0.0/s avg=0.00ms | present calls=99.7/s waits=0.0/s clear=0.0/s timeouts=0.0/s avg=0.00ms | max=111.50ms (process)
10:22:48.986  [fg-relay] rate/15.0s p2 import_opt=1: presents=99.9/s present-gate[point=99.9 ready=0.0 fallback=0.0 inactive=0.0]/s noinfo=0.0/s stale=0.0/s unlearned=0.0/s attempts=0.0/s armed=0.0/s skipped=0.0/s busy=0.0/s arm-reject[state=0.0 request=0.0 refused=0.0 stopping=0.0 res=0.0 size=0.0]/s pool[cap=0.0 family=0.0 create=0.0 alloc=0.0]/s copy-drop[fence=0.0 reset=0.0 begin=0.0 end=0.0 submit=0.0]/s cf[seq=0.0/s idle=0.0/s nrfence=0.0/s] slotbusy=0.0/s copyfence-busy=0.0/s nr-gpuwait=0.0/s flips=0.0/s
10:22:48.986  [fg-relay] rate2: fginput eval=0.0/s index!=1=0.0/s eval-gate[off=0.0 fallback=0.0 notready=0.0 noinput=0.0 noqueue=0.0]/s relay eval=0.0/s consume=0.0/s inplace=0.0/s(ok 0.0/s) unarmed=0.0/s mismatch=0.0/s relbusy=0.0/s relok=0.0/s relfail=0.0/s release-stage[queue=0.0 pool=0.0 fence=0.0 reset=0.0 begin=0.0 end=0.0 submit=0.0]/s watchdog=0.0/s | worker plays=0.0/s ok=0.0/s fail=0.0/s nr_absent=0.0/s copyfail=0.0/s
10:22:48.986  [fg-relay] rate3: arm->arm avg=39.68ms max=25182.14ms n=7510 | arm->work avg=0.01ms max=0.20ms | arm->eval avg=0.00ms max=0.00ms | copywait avg=0.006ms max=0.139ms | copy-land<= avg=40.23ms max=25181.82ms | work avg=5.89ms max=200.97ms | totals armed=7511 unarmed=0 skipped=0 busy=0 mismatch=0 copies_failed=0 writes=7511 conflicts=0
10:22:48.987  [fg-relay] rate4: throttle depth=1 off=0 | sleep calls=99.9/s waits=0.0/s clear=99.9/s timeouts=0.0/s avg=0.00ms | present calls=99.9/s waits=0.0/s clear=0.0/s timeouts=0.0/s avg=0.00ms | max=111.50ms (process)
10:22:54.910  === Vulkan CreateFeature1 #31  feature_id=18  VkDevice=000000002FCE00D0  thread 75496 ===
10:22:54.910  === Vulkan CreateFeature1 #31 returned -1160773630, handle=0000000000000000 ===
10:23:03.989  [fg-relay] rate/15.0s p2 import_opt=1: presents=99.9/s present-gate[point=99.9 ready=0.0 fallback=0.0 inactive=0.0]/s noinfo=0.0/s stale=0.0/s unlearned=0.0/s attempts=0.0/s armed=0.0/s skipped=0.0/s busy=0.0/s arm-reject[state=0.0 request=0.0 refused=0.0 stopping=0.0 res=0.0 size=0.0]/s pool[cap=0.0 family=0.0 create=0.0 alloc=0.0]/s copy-drop[fence=0.0 reset=0.0 begin=0.0 end=0.0 submit=0.0]/s cf[seq=0.0/s idle=0.0/s nrfence=0.0/s] slotbusy=0.0/s copyfence-busy=0.0/s nr-gpuwait=0.0/s flips=0.0/s
10:23:03.989  [fg-relay] rate2: fginput eval=0.0/s index!=1=0.0/s eval-gate[off=0.0 fallback=0.0 notready=0.0 noinput=0.0 noqueue=0.0]/s relay eval=0.0/s consume=0.0/s inplace=0.0/s(ok 0.0/s) unarmed=0.0/s mismatch=0.0/s relbusy=0.0/s relok=0.0/s relfail=0.0/s release-stage[queue=0.0 pool=0.0 fence=0.0 reset=0.0 begin=0.0 end=0.0 submit=0.0]/s watchdog=0.0/s | worker plays=0.0/s ok=0.0/s fail=0.0/s nr_absent=0.0/s copyfail=0.0/s
10:23:03.989  [fg-relay] rate3: arm->arm avg=39.68ms max=25182.14ms n=7510 | arm->work avg=0.01ms max=0.20ms | arm->eval avg=0.00ms max=0.00ms | copywait avg=0.006ms max=0.139ms | copy-land<= avg=40.23ms max=25181.82ms | work avg=5.89ms max=200.97ms | totals armed=7511 unarmed=0 skipped=0 busy=0 mismatch=0 copies_failed=0 writes=7511 conflicts=0
10:23:03.990  [fg-relay] rate4: throttle depth=1 off=0 | sleep calls=99.9/s waits=0.0/s clear=99.9/s timeouts=0.0/s avg=0.00ms | present calls=99.9/s waits=0.0/s clear=0.0/s timeouts=0.0/s avg=0.00ms | max=111.50ms (process)
10:23:18.986  [fg-relay] rate/15.0s p2 import_opt=1: presents=99.7/s present-gate[point=99.7 ready=0.0 fallback=0.0 inactive=0.0]/s noinfo=0.0/s stale=0.0/s unlearned=0.0/s attempts=0.0/s armed=0.0/s skipped=0.0/s busy=0.0/s arm-reject[state=0.0 request=0.0 refused=0.0 stopping=0.0 res=0.0 size=0.0]/s pool[cap=0.0 family=0.0 create=0.0 alloc=0.0]/s copy-drop[fence=0.0 reset=0.0 begin=0.0 end=0.0 submit=0.0]/s cf[seq=0.0/s idle=0.0/s nrfence=0.0/s] slotbusy=0.0/s copyfence-busy=0.0/s nr-gpuwait=0.0/s flips=0.0/s
10:23:18.986  [fg-relay] rate2: fginput eval=0.0/s index!=1=0.0/s eval-gate[off=0.0 fallback=0.0 notready=0.0 noinput=0.0 noqueue=0.0]/s relay eval=0.0/s consume=0.0/s inplace=0.0/s(ok 0.0/s) unarmed=0.0/s mismatch=0.0/s relbusy=0.0/s relok=0.0/s relfail=0.0/s release-stage[queue=0.0 pool=0.0 fence=0.0 reset=0.0 begin=0.0 end=0.0 submit=0.0]/s watchdog=0.0/s | worker plays=0.0/s ok=0.0/s fail=0.0/s nr_absent=0.0/s copyfail=0.0/s
10:23:18.987  [fg-relay] rate3: arm->arm avg=39.68ms max=25182.14ms n=7510 | arm->work avg=0.01ms max=0.20ms | arm->eval avg=0.00ms max=0.00ms | copywait avg=0.006ms max=0.139ms | copy-land<= avg=40.23ms max=25181.82ms | work avg=5.89ms max=200.97ms | totals armed=7511 unarmed=0 skipped=0 busy=0 mismatch=0 copies_failed=0 writes=7511 conflicts=0
10:23:18.987  [fg-relay] rate4: throttle depth=1 off=0 | sleep calls=99.7/s waits=0.0/s clear=99.7/s timeouts=0.0/s avg=0.00ms | present calls=99.7/s waits=0.0/s clear=0.0/s timeouts=0.0/s avg=0.00ms | max=111.50ms (process)
10:23:24.913  === Vulkan CreateFeature1 #32  feature_id=18  VkDevice=000000002FCE00D0  thread 75496 ===
10:23:24.913  === Vulkan CreateFeature1 #32 returned -1160773630, handle=0000000000000000 ===
10:23:33.989  [fg-relay] rate/15.0s p2 import_opt=1: presents=99.3/s present-gate[point=99.3 ready=0.0 fallback=0.0 inactive=0.0]/s noinfo=0.0/s stale=0.0/s unlearned=0.0/s attempts=0.0/s armed=0.0/s skipped=0.0/s busy=0.0/s arm-reject[state=0.0 request=0.0 refused=0.0 stopping=0.0 res=0.0 size=0.0]/s pool[cap=0.0 family=0.0 create=0.0 alloc=0.0]/s copy-drop[fence=0.0 reset=0.0 begin=0.0 end=0.0 submit=0.0]/s cf[seq=0.0/s idle=0.0/s nrfence=0.0/s] slotbusy=0.0/s copyfence-busy=0.0/s nr-gpuwait=0.0/s flips=0.0/s
10:23:33.990  [fg-relay] rate2: fginput eval=0.0/s index!=1=0.0/s eval-gate[off=0.0 fallback=0.0 notready=0.0 noinput=0.0 noqueue=0.0]/s relay eval=0.0/s consume=0.0/s inplace=0.0/s(ok 0.0/s) unarmed=0.0/s mismatch=0.0/s relbusy=0.0/s relok=0.0/s relfail=0.0/s release-stage[queue=0.0 pool=0.0 fence=0.0 reset=0.0 begin=0.0 end=0.0 submit=0.0]/s watchdog=0.0/s | worker plays=0.0/s ok=0.0/s fail=0.0/s nr_absent=0.0/s copyfail=0.0/s
10:23:33.990  [fg-relay] rate3: arm->arm avg=39.68ms max=25182.14ms n=7510 | arm->work avg=0.01ms max=0.20ms | arm->eval avg=0.00ms max=0.00ms | copywait avg=0.006ms max=0.139ms | copy-land<= avg=40.23ms max=25181.82ms | work avg=5.89ms max=200.97ms | totals armed=7511 unarmed=0 skipped=0 busy=0 mismatch=0 copies_failed=0 writes=7511 conflicts=0
10:23:33.990  [fg-relay] rate4: throttle depth=1 off=0 | sleep calls=99.3/s waits=0.0/s clear=99.3/s timeouts=0.0/s avg=0.00ms | present calls=99.3/s waits=0.0/s clear=0.0/s timeouts=0.0/s avg=0.00ms | max=111.50ms (process)
10:23:48.982  [fg-relay] rate/15.0s p2 import_opt=1: presents=99.5/s present-gate[point=99.5 ready=0.0 fallback=0.0 inactive=0.0]/s noinfo=0.0/s stale=0.0/s unlearned=0.0/s attempts=0.0/s armed=0.0/s skipped=0.0/s busy=0.0/s arm-reject[state=0.0 request=0.0 refused=0.0 stopping=0.0 res=0.0 size=0.0]/s pool[cap=0.0 family=0.0 create=0.0 alloc=0.0]/s copy-drop[fence=0.0 reset=0.0 begin=0.0 end=0.0 submit=0.0]/s cf[seq=0.0/s idle=0.0/s nrfence=0.0/s] slotbusy=0.0/s copyfence-busy=0.0/s nr-gpuwait=0.0/s flips=0.0/s
10:23:48.983  [fg-relay] rate2: fginput eval=0.0/s index!=1=0.0/s eval-gate[off=0.0 fallback=0.0 notready=0.0 noinput=0.0 noqueue=0.0]/s relay eval=0.0/s consume=0.0/s inplace=0.0/s(ok 0.0/s) unarmed=0.0/s mismatch=0.0/s relbusy=0.0/s relok=0.0/s relfail=0.0/s release-stage[queue=0.0 pool=0.0 fence=0.0 reset=0.0 begin=0.0 end=0.0 submit=0.0]/s watchdog=0.0/s | worker plays=0.0/s ok=0.0/s fail=0.0/s nr_absent=0.0/s copyfail=0.0/s
10:23:48.983  [fg-relay] rate3: arm->arm avg=39.68ms max=25182.14ms n=7510 | arm->work avg=0.01ms max=0.20ms | arm->eval avg=0.00ms max=0.00ms | copywait avg=0.006ms max=0.139ms | copy-land<= avg=40.23ms max=25181.82ms | work avg=5.89ms max=200.97ms | totals armed=7511 unarmed=0 skipped=0 busy=0 mismatch=0 copies_failed=0 writes=7511 conflicts=0
10:23:48.983  [fg-relay] rate4: throttle depth=1 off=0 | sleep calls=99.5/s waits=0.0/s clear=99.5/s timeouts=0.0/s avg=0.00ms | present calls=99.5/s waits=0.0/s clear=0.0/s timeouts=0.0/s avg=0.00ms | max=111.50ms (process)
10:23:54.920  === Vulkan CreateFeature1 #33  feature_id=18  VkDevice=000000002FCE00D0  thread 75496 ===
10:23:54.920  === Vulkan CreateFeature1 #33 returned -1160773630, handle=0000000000000000 ===
10:24:03.984  [fg-relay] rate/15.0s p2 import_opt=1: presents=99.5/s present-gate[point=99.5 ready=0.0 fallback=0.0 inactive=0.0]/s noinfo=0.0/s stale=0.0/s unlearned=0.0/s attempts=0.0/s armed=0.0/s skipped=0.0/s busy=0.0/s arm-reject[state=0.0 request=0.0 refused=0.0 stopping=0.0 res=0.0 size=0.0]/s pool[cap=0.0 family=0.0 create=0.0 alloc=0.0]/s copy-drop[fence=0.0 reset=0.0 begin=0.0 end=0.0 submit=0.0]/s cf[seq=0.0/s idle=0.0/s nrfence=0.0/s] slotbusy=0.0/s copyfence-busy=0.0/s nr-gpuwait=0.0/s flips=0.0/s
10:24:03.984  [fg-relay] rate2: fginput eval=0.0/s index!=1=0.0/s eval-gate[off=0.0 fallback=0.0 notready=0.0 noinput=0.0 noqueue=0.0]/s relay eval=0.0/s consume=0.0/s inplace=0.0/s(ok 0.0/s) unarmed=0.0/s mismatch=0.0/s relbusy=0.0/s relok=0.0/s relfail=0.0/s release-stage[queue=0.0 pool=0.0 fence=0.0 reset=0.0 begin=0.0 end=0.0 submit=0.0]/s watchdog=0.0/s | worker plays=0.0/s ok=0.0/s fail=0.0/s nr_absent=0.0/s copyfail=0.0/s
10:24:03.984  [fg-relay] rate3: arm->arm avg=39.68ms max=25182.14ms n=7510 | arm->work avg=0.01ms max=0.20ms | arm->eval avg=0.00ms max=0.00ms | copywait avg=0.006ms max=0.139ms | copy-land<= avg=40.23ms max=25181.82ms | work avg=5.89ms max=200.97ms | totals armed=7511 unarmed=0 skipped=0 busy=0 mismatch=0 copies_failed=0 writes=7511 conflicts=0
10:24:03.984  [fg-relay] rate4: throttle depth=1 off=0 | sleep calls=99.5/s waits=0.0/s clear=99.5/s timeouts=0.0/s avg=0.00ms | present calls=99.5/s waits=0.0/s clear=0.0/s timeouts=0.0/s avg=0.00ms | max=111.50ms (process)
10:24:18.987  [fg-relay] rate/15.0s p2 import_opt=1: presents=99.9/s present-gate[point=99.9 ready=0.0 fallback=0.0 inactive=0.0]/s noinfo=0.0/s stale=0.0/s unlearned=0.0/s attempts=0.0/s armed=0.0/s skipped=0.0/s busy=0.0/s arm-reject[state=0.0 request=0.0 refused=0.0 stopping=0.0 res=0.0 size=0.0]/s pool[cap=0.0 family=0.0 create=0.0 alloc=0.0]/s copy-drop[fence=0.0 reset=0.0 begin=0.0 end=0.0 submit=0.0]/s cf[seq=0.0/s idle=0.0/s nrfence=0.0/s] slotbusy=0.0/s copyfence-busy=0.0/s nr-gpuwait=0.0/s flips=0.0/s
10:24:18.987  [fg-relay] rate2: fginput eval=0.0/s index!=1=0.0/s eval-gate[off=0.0 fallback=0.0 notready=0.0 noinput=0.0 noqueue=0.0]/s relay eval=0.0/s consume=0.0/s inplace=0.0/s(ok 0.0/s) unarmed=0.0/s mismatch=0.0/s relbusy=0.0/s relok=0.0/s relfail=0.0/s release-stage[queue=0.0 pool=0.0 fence=0.0 reset=0.0 begin=0.0 end=0.0 submit=0.0]/s watchdog=0.0/s | worker plays=0.0/s ok=0.0/s fail=0.0/s nr_absent=0.0/s copyfail=0.0/s
10:24:18.987  [fg-relay] rate3: arm->arm avg=39.68ms max=25182.14ms n=7510 | arm->work avg=0.01ms max=0.20ms | arm->eval avg=0.00ms max=0.00ms | copywait avg=0.006ms max=0.139ms | copy-land<= avg=40.23ms max=25181.82ms | work avg=5.89ms max=200.97ms | totals armed=7511 unarmed=0 skipped=0 busy=0 mismatch=0 copies_failed=0 writes=7511 conflicts=0
10:24:18.987  [fg-relay] rate4: throttle depth=1 off=0 | sleep calls=99.9/s waits=0.0/s clear=99.9/s timeouts=0.0/s avg=0.00ms | present calls=99.9/s waits=0.0/s clear=0.0/s timeouts=0.0/s avg=0.00ms | max=111.50ms (process)
10:24:24.926  === Vulkan CreateFeature1 #34  feature_id=18  VkDevice=000000002FCE00D0  thread 75496 ===
10:24:24.927  === Vulkan CreateFeature1 #34 returned -1160773630, handle=0000000000000000 ===
10:24:33.986  [fg-relay] rate/15.0s p2 import_opt=1: presents=99.7/s present-gate[point=99.7 ready=0.0 fallback=0.0 inactive=0.0]/s noinfo=0.0/s stale=0.0/s unlearned=0.0/s attempts=0.0/s armed=0.0/s skipped=0.0/s busy=0.0/s arm-reject[state=0.0 request=0.0 refused=0.0 stopping=0.0 res=0.0 size=0.0]/s pool[cap=0.0 family=0.0 create=0.0 alloc=0.0]/s copy-drop[fence=0.0 reset=0.0 begin=0.0 end=0.0 submit=0.0]/s cf[seq=0.0/s idle=0.0/s nrfence=0.0/s] slotbusy=0.0/s copyfence-busy=0.0/s nr-gpuwait=0.0/s flips=0.0/s
10:24:33.987  [fg-relay] rate2: fginput eval=0.0/s index!=1=0.0/s eval-gate[off=0.0 fallback=0.0 notready=0.0 noinput=0.0 noqueue=0.0]/s relay eval=0.0/s consume=0.0/s inplace=0.0/s(ok 0.0/s) unarmed=0.0/s mismatch=0.0/s relbusy=0.0/s relok=0.0/s relfail=0.0/s release-stage[queue=0.0 pool=0.0 fence=0.0 reset=0.0 begin=0.0 end=0.0 submit=0.0]/s watchdog=0.0/s | worker plays=0.0/s ok=0.0/s fail=0.0/s nr_absent=0.0/s copyfail=0.0/s
10:24:33.987  [fg-relay] rate3: arm->arm avg=39.68ms max=25182.14ms n=7510 | arm->work avg=0.01ms max=0.20ms | arm->eval avg=0.00ms max=0.00ms | copywait avg=0.006ms max=0.139ms | copy-land<= avg=40.23ms max=25181.82ms | work avg=5.89ms max=200.97ms | totals armed=7511 unarmed=0 skipped=0 busy=0 mismatch=0 copies_failed=0 writes=7511 conflicts=0
10:24:33.987  [fg-relay] rate4: throttle depth=1 off=0 | sleep calls=99.7/s waits=0.0/s clear=99.7/s timeouts=0.0/s avg=0.00ms | present calls=99.7/s waits=0.0/s clear=0.0/s timeouts=0.0/s avg=0.00ms | max=111.50ms (process)
10:24:48.987  [fg-relay] rate/15.0s p2 import_opt=1: presents=99.5/s present-gate[point=99.5 ready=0.0 fallback=0.0 inactive=0.0]/s noinfo=0.0/s stale=0.0/s unlearned=0.0/s attempts=0.0/s armed=0.0/s skipped=0.0/s busy=0.0/s arm-reject[state=0.0 request=0.0 refused=0.0 stopping=0.0 res=0.0 size=0.0]/s pool[cap=0.0 family=0.0 create=0.0 alloc=0.0]/s copy-drop[fence=0.0 reset=0.0 begin=0.0 end=0.0 submit=0.0]/s cf[seq=0.0/s idle=0.0/s nrfence=0.0/s] slotbusy=0.0/s copyfence-busy=0.0/s nr-gpuwait=0.0/s flips=0.0/s
10:24:48.987  [fg-relay] rate2: fginput eval=0.0/s index!=1=0.0/s eval-gate[off=0.0 fallback=0.0 notready=0.0 noinput=0.0 noqueue=0.0]/s relay eval=0.0/s consume=0.0/s inplace=0.0/s(ok 0.0/s) unarmed=0.0/s mismatch=0.0/s relbusy=0.0/s relok=0.0/s relfail=0.0/s release-stage[queue=0.0 pool=0.0 fence=0.0 reset=0.0 begin=0.0 end=0.0 submit=0.0]/s watchdog=0.0/s | worker plays=0.0/s ok=0.0/s fail=0.0/s nr_absent=0.0/s copyfail=0.0/s
10:24:48.987  [fg-relay] rate3: arm->arm avg=39.68ms max=25182.14ms n=7510 | arm->work avg=0.01ms max=0.20ms | arm->eval avg=0.00ms max=0.00ms | copywait avg=0.006ms max=0.139ms | copy-land<= avg=40.23ms max=25181.82ms | work avg=5.89ms max=200.97ms | totals armed=7511 unarmed=0 skipped=0 busy=0 mismatch=0 copies_failed=0 writes=7511 conflicts=0
10:24:48.987  [fg-relay] rate4: throttle depth=1 off=0 | sleep calls=99.5/s waits=0.0/s clear=99.5/s timeouts=0.0/s avg=0.00ms | present calls=99.5/s waits=0.0/s clear=0.0/s timeouts=0.0/s avg=0.00ms | max=111.50ms (process)
10:24:54.931  === Vulkan CreateFeature1 #35  feature_id=18  VkDevice=000000002FCE00D0  thread 75496 ===
10:24:54.931  === Vulkan CreateFeature1 #35 returned -1160773630, handle=0000000000000000 ===
10:25:03.987  [fg-relay] rate/15.0s p2 import_opt=1: presents=99.7/s present-gate[point=99.7 ready=0.0 fallback=0.0 inactive=0.0]/s noinfo=0.0/s stale=0.0/s unlearned=0.0/s attempts=0.0/s armed=0.0/s skipped=0.0/s busy=0.0/s arm-reject[state=0.0 request=0.0 refused=0.0 stopping=0.0 res=0.0 size=0.0]/s pool[cap=0.0 family=0.0 create=0.0 alloc=0.0]/s copy-drop[fence=0.0 reset=0.0 begin=0.0 end=0.0 submit=0.0]/s cf[seq=0.0/s idle=0.0/s nrfence=0.0/s] slotbusy=0.0/s copyfence-busy=0.0/s nr-gpuwait=0.0/s flips=0.0/s
10:25:03.987  [fg-relay] rate2: fginput eval=0.0/s index!=1=0.0/s eval-gate[off=0.0 fallback=0.0 notready=0.0 noinput=0.0 noqueue=0.0]/s relay eval=0.0/s consume=0.0/s inplace=0.0/s(ok 0.0/s) unarmed=0.0/s mismatch=0.0/s relbusy=0.0/s relok=0.0/s relfail=0.0/s release-stage[queue=0.0 pool=0.0 fence=0.0 reset=0.0 begin=0.0 end=0.0 submit=0.0]/s watchdog=0.0/s | worker plays=0.0/s ok=0.0/s fail=0.0/s nr_absent=0.0/s copyfail=0.0/s
10:25:03.988  [fg-relay] rate3: arm->arm avg=39.68ms max=25182.14ms n=7510 | arm->work avg=0.01ms max=0.20ms | arm->eval avg=0.00ms max=0.00ms | copywait avg=0.006ms max=0.139ms | copy-land<= avg=40.23ms max=25181.82ms | work avg=5.89ms max=200.97ms | totals armed=7511 unarmed=0 skipped=0 busy=0 mismatch=0 copies_failed=0 writes=7511 conflicts=0
10:25:03.988  [fg-relay] rate4: throttle depth=1 off=0 | sleep calls=99.7/s waits=0.0/s clear=99.7/s timeouts=0.0/s avg=0.00ms | present calls=99.7/s waits=0.0/s clear=0.0/s timeouts=0.0/s avg=0.00ms | max=111.50ms (process)
10:25:18.987  [fg-relay] rate/15.0s p2 import_opt=1: presents=99.5/s present-gate[point=99.5 ready=0.0 fallback=0.0 inactive=0.0]/s noinfo=0.0/s stale=0.0/s unlearned=0.0/s attempts=0.0/s armed=0.0/s skipped=0.0/s busy=0.0/s arm-reject[state=0.0 request=0.0 refused=0.0 stopping=0.0 res=0.0 size=0.0]/s pool[cap=0.0 family=0.0 create=0.0 alloc=0.0]/s copy-drop[fence=0.0 reset=0.0 begin=0.0 end=0.0 submit=0.0]/s cf[seq=0.0/s idle=0.0/s nrfence=0.0/s] slotbusy=0.0/s copyfence-busy=0.0/s nr-gpuwait=0.0/s flips=0.0/s
10:25:18.988  [fg-relay] rate2: fginput eval=0.0/s index!=1=0.0/s eval-gate[off=0.0 fallback=0.0 notready=0.0 noinput=0.0 noqueue=0.0]/s relay eval=0.0/s consume=0.0/s inplace=0.0/s(ok 0.0/s) unarmed=0.0/s mismatch=0.0/s relbusy=0.0/s relok=0.0/s relfail=0.0/s release-stage[queue=0.0 pool=0.0 fence=0.0 reset=0.0 begin=0.0 end=0.0 submit=0.0]/s watchdog=0.0/s | worker plays=0.0/s ok=0.0/s fail=0.0/s nr_absent=0.0/s copyfail=0.0/s
10:25:18.988  [fg-relay] rate3: arm->arm avg=39.68ms max=25182.14ms n=7510 | arm->work avg=0.01ms max=0.20ms | arm->eval avg=0.00ms max=0.00ms | copywait avg=0.006ms max=0.139ms | copy-land<= avg=40.23ms max=25181.82ms | work avg=5.89ms max=200.97ms | totals armed=7511 unarmed=0 skipped=0 busy=0 mismatch=0 copies_failed=0 writes=7511 conflicts=0
10:25:18.988  [fg-relay] rate4: throttle depth=1 off=0 | sleep calls=99.5/s waits=0.0/s clear=99.5/s timeouts=0.0/s avg=0.00ms | present calls=99.5/s waits=0.0/s clear=0.0/s timeouts=0.0/s avg=0.00ms | max=111.50ms (process)
10:25:24.936  === Vulkan CreateFeature1 #36  feature_id=18  VkDevice=000000002FCE00D0  thread 75496 ===
10:25:24.936  === Vulkan CreateFeature1 #36 returned -1160773630, handle=0000000000000000 ===
10:25:33.989  [fg-relay] rate/15.0s p2 import_opt=1: presents=99.7/s present-gate[point=99.7 ready=0.0 fallback=0.0 inactive=0.0]/s noinfo=0.0/s stale=0.0/s unlearned=0.0/s attempts=0.0/s armed=0.0/s skipped=0.0/s busy=0.0/s arm-reject[state=0.0 request=0.0 refused=0.0 stopping=0.0 res=0.0 size=0.0]/s pool[cap=0.0 family=0.0 create=0.0 alloc=0.0]/s copy-drop[fence=0.0 reset=0.0 begin=0.0 end=0.0 submit=0.0]/s cf[seq=0.0/s idle=0.0/s nrfence=0.0/s] slotbusy=0.0/s copyfence-busy=0.0/s nr-gpuwait=0.0/s flips=0.0/s
10:25:33.989  [fg-relay] rate2: fginput eval=0.0/s index!=1=0.0/s eval-gate[off=0.0 fallback=0.0 notready=0.0 noinput=0.0 noqueue=0.0]/s relay eval=0.0/s consume=0.0/s inplace=0.0/s(ok 0.0/s) unarmed=0.0/s mismatch=0.0/s relbusy=0.0/s relok=0.0/s relfail=0.0/s release-stage[queue=0.0 pool=0.0 fence=0.0 reset=0.0 begin=0.0 end=0.0 submit=0.0]/s watchdog=0.0/s | worker plays=0.0/s ok=0.0/s fail=0.0/s nr_absent=0.0/s copyfail=0.0/s
10:25:33.989  [fg-relay] rate3: arm->arm avg=39.68ms max=25182.14ms n=7510 | arm->work avg=0.01ms max=0.20ms | arm->eval avg=0.00ms max=0.00ms | copywait avg=0.006ms max=0.139ms | copy-land<= avg=40.23ms max=25181.82ms | work avg=5.89ms max=200.97ms | totals armed=7511 unarmed=0 skipped=0 busy=0 mismatch=0 copies_failed=0 writes=7511 conflicts=0
10:25:33.989  [fg-relay] rate4: throttle depth=1 off=0 | sleep calls=99.7/s waits=0.0/s clear=99.7/s timeouts=0.0/s avg=0.00ms | present calls=99.7/s waits=0.0/s clear=0.0/s timeouts=0.0/s avg=0.00ms | max=111.50ms (process)
10:25:48.985  [fg-relay] rate/15.0s p2 import_opt=1: presents=99.8/s present-gate[point=99.8 ready=0.0 fallback=0.0 inactive=0.0]/s noinfo=0.0/s stale=0.0/s unlearned=0.0/s attempts=0.0/s armed=0.0/s skipped=0.0/s busy=0.0/s arm-reject[state=0.0 request=0.0 refused=0.0 stopping=0.0 res=0.0 size=0.0]/s pool[cap=0.0 family=0.0 create=0.0 alloc=0.0]/s copy-drop[fence=0.0 reset=0.0 begin=0.0 end=0.0 submit=0.0]/s cf[seq=0.0/s idle=0.0/s nrfence=0.0/s] slotbusy=0.0/s copyfence-busy=0.0/s nr-gpuwait=0.0/s flips=0.0/s
10:25:48.986  [fg-relay] rate2: fginput eval=0.0/s index!=1=0.0/s eval-gate[off=0.0 fallback=0.0 notready=0.0 noinput=0.0 noqueue=0.0]/s relay eval=0.0/s consume=0.0/s inplace=0.0/s(ok 0.0/s) unarmed=0.0/s mismatch=0.0/s relbusy=0.0/s relok=0.0/s relfail=0.0/s release-stage[queue=0.0 pool=0.0 fence=0.0 reset=0.0 begin=0.0 end=0.0 submit=0.0]/s watchdog=0.0/s | worker plays=0.0/s ok=0.0/s fail=0.0/s nr_absent=0.0/s copyfail=0.0/s
10:25:48.986  [fg-relay] rate3: arm->arm avg=39.68ms max=25182.14ms n=7510 | arm->work avg=0.01ms max=0.20ms | arm->eval avg=0.00ms max=0.00ms | copywait avg=0.006ms max=0.139ms | copy-land<= avg=40.23ms max=25181.82ms | work avg=5.89ms max=200.97ms | totals armed=7511 unarmed=0 skipped=0 busy=0 mismatch=0 copies_failed=0 writes=7511 conflicts=0
10:25:48.986  [fg-relay] rate4: throttle depth=1 off=0 | sleep calls=99.8/s waits=0.0/s clear=99.8/s timeouts=0.0/s avg=0.00ms | present calls=99.8/s waits=0.0/s clear=0.0/s timeouts=0.0/s avg=0.00ms | max=111.50ms (process)
10:25:54.938  === Vulkan CreateFeature1 #37  feature_id=18  VkDevice=000000002FCE00D0  thread 75496 ===
10:25:54.938  === Vulkan CreateFeature1 #37 returned -1160773630, handle=0000000000000000 ===
10:26:03.990  [fg-relay] rate/15.0s p2 import_opt=1: presents=99.8/s present-gate[point=99.8 ready=0.0 fallback=0.0 inactive=0.0]/s noinfo=0.0/s stale=0.0/s unlearned=0.0/s attempts=0.0/s armed=0.0/s skipped=0.0/s busy=0.0/s arm-reject[state=0.0 request=0.0 refused=0.0 stopping=0.0 res=0.0 size=0.0]/s pool[cap=0.0 family=0.0 create=0.0 alloc=0.0]/s copy-drop[fence=0.0 reset=0.0 begin=0.0 end=0.0 submit=0.0]/s cf[seq=0.0/s idle=0.0/s nrfence=0.0/s] slotbusy=0.0/s copyfence-busy=0.0/s nr-gpuwait=0.0/s flips=0.0/s
10:26:03.991  [fg-relay] rate2: fginput eval=0.0/s index!=1=0.0/s eval-gate[off=0.0 fallback=0.0 notready=0.0 noinput=0.0 noqueue=0.0]/s relay eval=0.0/s consume=0.0/s inplace=0.0/s(ok 0.0/s) unarmed=0.0/s mismatch=0.0/s relbusy=0.0/s relok=0.0/s relfail=0.0/s release-stage[queue=0.0 pool=0.0 fence=0.0 reset=0.0 begin=0.0 end=0.0 submit=0.0]/s watchdog=0.0/s | worker plays=0.0/s ok=0.0/s fail=0.0/s nr_absent=0.0/s copyfail=0.0/s
10:26:03.991  [fg-relay] rate3: arm->arm avg=39.68ms max=25182.14ms n=7510 | arm->work avg=0.01ms max=0.20ms | arm->eval avg=0.00ms max=0.00ms | copywait avg=0.006ms max=0.139ms | copy-land<= avg=40.23ms max=25181.82ms | work avg=5.89ms max=200.97ms | totals armed=7511 unarmed=0 skipped=0 busy=0 mismatch=0 copies_failed=0 writes=7511 conflicts=0
10:26:03.991  [fg-relay] rate4: throttle depth=1 off=0 | sleep calls=99.8/s waits=0.0/s clear=99.8/s timeouts=0.0/s avg=0.00ms | present calls=99.8/s waits=0.0/s clear=0.0/s timeouts=0.0/s avg=0.00ms | max=111.50ms (process)
10:26:18.986  [fg-relay] rate/15.0s p2 import_opt=1: presents=99.9/s present-gate[point=99.9 ready=0.0 fallback=0.0 inactive=0.0]/s noinfo=0.0/s stale=0.0/s unlearned=0.0/s attempts=0.0/s armed=0.0/s skipped=0.0/s busy=0.0/s arm-reject[state=0.0 request=0.0 refused=0.0 stopping=0.0 res=0.0 size=0.0]/s pool[cap=0.0 family=0.0 create=0.0 alloc=0.0]/s copy-drop[fence=0.0 reset=0.0 begin=0.0 end=0.0 submit=0.0]/s cf[seq=0.0/s idle=0.0/s nrfence=0.0/s] slotbusy=0.0/s copyfence-busy=0.0/s nr-gpuwait=0.0/s flips=0.0/s
10:26:18.987  [fg-relay] rate2: fginput eval=0.0/s index!=1=0.0/s eval-gate[off=0.0 fallback=0.0 notready=0.0 noinput=0.0 noqueue=0.0]/s relay eval=0.0/s consume=0.0/s inplace=0.0/s(ok 0.0/s) unarmed=0.0/s mismatch=0.0/s relbusy=0.0/s relok=0.0/s relfail=0.0/s release-stage[queue=0.0 pool=0.0 fence=0.0 reset=0.0 begin=0.0 end=0.0 submit=0.0]/s watchdog=0.0/s | worker plays=0.0/s ok=0.0/s fail=0.0/s nr_absent=0.0/s copyfail=0.0/s
10:26:18.987  [fg-relay] rate3: arm->arm avg=39.68ms max=25182.14ms n=7510 | arm->work avg=0.01ms max=0.20ms | arm->eval avg=0.00ms max=0.00ms | copywait avg=0.006ms max=0.139ms | copy-land<= avg=40.23ms max=25181.82ms | work avg=5.89ms max=200.97ms | totals armed=7511 unarmed=0 skipped=0 busy=0 mismatch=0 copies_failed=0 writes=7511 conflicts=0
10:26:18.987  [fg-relay] rate4: throttle depth=1 off=0 | sleep calls=99.9/s waits=0.0/s clear=99.9/s timeouts=0.0/s avg=0.00ms | present calls=99.9/s waits=0.0/s clear=0.0/s timeouts=0.0/s avg=0.00ms | max=111.50ms (process)
10:26:24.947  === Vulkan CreateFeature1 #38  feature_id=18  VkDevice=000000002FCE00D0  thread 75496 ===
10:26:24.947  === Vulkan CreateFeature1 #38 returned -1160773630, handle=0000000000000000 ===
10:26:33.989  [fg-relay] rate/15.0s p2 import_opt=1: presents=99.7/s present-gate[point=99.7 ready=0.0 fallback=0.0 inactive=0.0]/s noinfo=0.0/s stale=0.0/s unlearned=0.0/s attempts=0.0/s armed=0.0/s skipped=0.0/s busy=0.0/s arm-reject[state=0.0 request=0.0 refused=0.0 stopping=0.0 res=0.0 size=0.0]/s pool[cap=0.0 family=0.0 create=0.0 alloc=0.0]/s copy-drop[fence=0.0 reset=0.0 begin=0.0 end=0.0 submit=0.0]/s cf[seq=0.0/s idle=0.0/s nrfence=0.0/s] slotbusy=0.0/s copyfence-busy=0.0/s nr-gpuwait=0.0/s flips=0.0/s
10:26:33.989  [fg-relay] rate2: fginput eval=0.0/s index!=1=0.0/s eval-gate[off=0.0 fallback=0.0 notready=0.0 noinput=0.0 noqueue=0.0]/s relay eval=0.0/s consume=0.0/s inplace=0.0/s(ok 0.0/s) unarmed=0.0/s mismatch=0.0/s relbusy=0.0/s relok=0.0/s relfail=0.0/s release-stage[queue=0.0 pool=0.0 fence=0.0 reset=0.0 begin=0.0 end=0.0 submit=0.0]/s watchdog=0.0/s | worker plays=0.0/s ok=0.0/s fail=0.0/s nr_absent=0.0/s copyfail=0.0/s
10:26:33.989  [fg-relay] rate3: arm->arm avg=39.68ms max=25182.14ms n=7510 | arm->work avg=0.01ms max=0.20ms | arm->eval avg=0.00ms max=0.00ms | copywait avg=0.006ms max=0.139ms | copy-land<= avg=40.23ms max=25181.82ms | work avg=5.89ms max=200.97ms | totals armed=7511 unarmed=0 skipped=0 busy=0 mismatch=0 copies_failed=0 writes=7511 conflicts=0
10:26:33.989  [fg-relay] rate4: throttle depth=1 off=0 | sleep calls=99.7/s waits=0.0/s clear=99.7/s timeouts=0.0/s avg=0.00ms | present calls=99.7/s waits=0.0/s clear=0.0/s timeouts=0.0/s avg=0.00ms | max=111.50ms (process)
10:26:48.985  [fg-relay] rate/15.0s p2 import_opt=1: presents=99.8/s present-gate[point=99.8 ready=0.0 fallback=0.0 inactive=0.0]/s noinfo=0.0/s stale=0.0/s unlearned=0.0/s attempts=0.0/s armed=0.0/s skipped=0.0/s busy=0.0/s arm-reject[state=0.0 request=0.0 refused=0.0 stopping=0.0 res=0.0 size=0.0]/s pool[cap=0.0 family=0.0 create=0.0 alloc=0.0]/s copy-drop[fence=0.0 reset=0.0 begin=0.0 end=0.0 submit=0.0]/s cf[seq=0.0/s idle=0.0/s nrfence=0.0/s] slotbusy=0.0/s copyfence-busy=0.0/s nr-gpuwait=0.0/s flips=0.0/s
10:26:48.985  [fg-relay] rate2: fginput eval=0.0/s index!=1=0.0/s eval-gate[off=0.0 fallback=0.0 notready=0.0 noinput=0.0 noqueue=0.0]/s relay eval=0.0/s consume=0.0/s inplace=0.0/s(ok 0.0/s) unarmed=0.0/s mismatch=0.0/s relbusy=0.0/s relok=0.0/s relfail=0.0/s release-stage[queue=0.0 pool=0.0 fence=0.0 reset=0.0 begin=0.0 end=0.0 submit=0.0]/s watchdog=0.0/s | worker plays=0.0/s ok=0.0/s fail=0.0/s nr_absent=0.0/s copyfail=0.0/s
10:26:48.985  [fg-relay] rate3: arm->arm avg=39.68ms max=25182.14ms n=7510 | arm->work avg=0.01ms max=0.20ms | arm->eval avg=0.00ms max=0.00ms | copywait avg=0.006ms max=0.139ms | copy-land<= avg=40.23ms max=25181.82ms | work avg=5.89ms max=200.97ms | totals armed=7511 unarmed=0 skipped=0 busy=0 mismatch=0 copies_failed=0 writes=7511 conflicts=0
10:26:48.986  [fg-relay] rate4: throttle depth=1 off=0 | sleep calls=99.8/s waits=0.0/s clear=99.8/s timeouts=0.0/s avg=0.00ms | present calls=99.8/s waits=0.0/s clear=0.0/s timeouts=0.0/s avg=0.00ms | max=111.50ms (process)
10:26:54.950  === Vulkan CreateFeature1 #39  feature_id=18  VkDevice=000000002FCE00D0  thread 75496 ===
10:26:54.950  === Vulkan CreateFeature1 #39 returned -1160773630, handle=0000000000000000 ===
10:27:03.986  [fg-relay] rate/15.0s p2 import_opt=1: presents=99.7/s present-gate[point=99.7 ready=0.0 fallback=0.0 inactive=0.0]/s noinfo=0.0/s stale=0.0/s unlearned=0.0/s attempts=0.0/s armed=0.0/s skipped=0.0/s busy=0.0/s arm-reject[state=0.0 request=0.0 refused=0.0 stopping=0.0 res=0.0 size=0.0]/s pool[cap=0.0 family=0.0 create=0.0 alloc=0.0]/s copy-drop[fence=0.0 reset=0.0 begin=0.0 end=0.0 submit=0.0]/s cf[seq=0.0/s idle=0.0/s nrfence=0.0/s] slotbusy=0.0/s copyfence-busy=0.0/s nr-gpuwait=0.0/s flips=0.0/s
10:27:03.987  [fg-relay] rate2: fginput eval=0.0/s index!=1=0.0/s eval-gate[off=0.0 fallback=0.0 notready=0.0 noinput=0.0 noqueue=0.0]/s relay eval=0.0/s consume=0.0/s inplace=0.0/s(ok 0.0/s) unarmed=0.0/s mismatch=0.0/s relbusy=0.0/s relok=0.0/s relfail=0.0/s release-stage[queue=0.0 pool=0.0 fence=0.0 reset=0.0 begin=0.0 end=0.0 submit=0.0]/s watchdog=0.0/s | worker plays=0.0/s ok=0.0/s fail=0.0/s nr_absent=0.0/s copyfail=0.0/s
10:27:03.987  [fg-relay] rate3: arm->arm avg=39.68ms max=25182.14ms n=7510 | arm->work avg=0.01ms max=0.20ms | arm->eval avg=0.00ms max=0.00ms | copywait avg=0.006ms max=0.139ms | copy-land<= avg=40.23ms max=25181.82ms | work avg=5.89ms max=200.97ms | totals armed=7511 unarmed=0 skipped=0 busy=0 mismatch=0 copies_failed=0 writes=7511 conflicts=0
10:27:03.987  [fg-relay] rate4: throttle depth=1 off=0 | sleep calls=99.7/s waits=0.0/s clear=99.7/s timeouts=0.0/s avg=0.00ms | present calls=99.7/s waits=0.0/s clear=0.0/s timeouts=0.0/s avg=0.00ms | max=111.50ms (process)
10:27:18.983  [fg-relay] rate/15.0s p2 import_opt=1: presents=99.7/s present-gate[point=99.7 ready=0.0 fallback=0.0 inactive=0.0]/s noinfo=0.0/s stale=0.0/s unlearned=0.0/s attempts=0.0/s armed=0.0/s skipped=0.0/s busy=0.0/s arm-reject[state=0.0 request=0.0 refused=0.0 stopping=0.0 res=0.0 size=0.0]/s pool[cap=0.0 family=0.0 create=0.0 alloc=0.0]/s copy-drop[fence=0.0 reset=0.0 begin=0.0 end=0.0 submit=0.0]/s cf[seq=0.0/s idle=0.0/s nrfence=0.0/s] slotbusy=0.0/s copyfence-busy=0.0/s nr-gpuwait=0.0/s flips=0.0/s
10:27:18.983  [fg-relay] rate2: fginput eval=0.0/s index!=1=0.0/s eval-gate[off=0.0 fallback=0.0 notready=0.0 noinput=0.0 noqueue=0.0]/s relay eval=0.0/s consume=0.0/s inplace=0.0/s(ok 0.0/s) unarmed=0.0/s mismatch=0.0/s relbusy=0.0/s relok=0.0/s relfail=0.0/s release-stage[queue=0.0 pool=0.0 fence=0.0 reset=0.0 begin=0.0 end=0.0 submit=0.0]/s watchdog=0.0/s | worker plays=0.0/s ok=0.0/s fail=0.0/s nr_absent=0.0/s copyfail=0.0/s
10:27:18.983  [fg-relay] rate3: arm->arm avg=39.68ms max=25182.14ms n=7510 | arm->work avg=0.01ms max=0.20ms | arm->eval avg=0.00ms max=0.00ms | copywait avg=0.006ms max=0.139ms | copy-land<= avg=40.23ms max=25181.82ms | work avg=5.89ms max=200.97ms | totals armed=7511 unarmed=0 skipped=0 busy=0 mismatch=0 copies_failed=0 writes=7511 conflicts=0
10:27:18.983  [fg-relay] rate4: throttle depth=1 off=0 | sleep calls=99.7/s waits=0.0/s clear=99.7/s timeouts=0.0/s avg=0.00ms | present calls=99.7/s waits=0.0/s clear=0.0/s timeouts=0.0/s avg=0.00ms | max=111.50ms (process)
10:27:24.960  === Vulkan CreateFeature1 #40  feature_id=18  VkDevice=000000002FCE00D0  thread 75496 ===
10:27:24.960  === Vulkan CreateFeature1 #40 returned -1160773630, handle=0000000000000000 ===
10:27:33.991  [fg-relay] rate/15.0s p2 import_opt=1: presents=97.9/s present-gate[point=97.9 ready=0.0 fallback=0.0 inactive=0.0]/s noinfo=0.0/s stale=0.0/s unlearned=0.0/s attempts=0.0/s armed=0.0/s skipped=0.0/s busy=0.0/s arm-reject[state=0.0 request=0.0 refused=0.0 stopping=0.0 res=0.0 size=0.0]/s pool[cap=0.0 family=0.0 create=0.0 alloc=0.0]/s copy-drop[fence=0.0 reset=0.0 begin=0.0 end=0.0 submit=0.0]/s cf[seq=0.0/s idle=0.0/s nrfence=0.0/s] slotbusy=0.0/s copyfence-busy=0.0/s nr-gpuwait=0.0/s flips=0.0/s
10:27:33.992  [fg-relay] rate2: fginput eval=0.0/s index!=1=0.0/s eval-gate[off=0.0 fallback=0.0 notready=0.0 noinput=0.0 noqueue=0.0]/s relay eval=0.0/s consume=0.0/s inplace=0.0/s(ok 0.0/s) unarmed=0.0/s mismatch=0.0/s relbusy=0.0/s relok=0.0/s relfail=0.0/s release-stage[queue=0.0 pool=0.0 fence=0.0 reset=0.0 begin=0.0 end=0.0 submit=0.0]/s watchdog=0.0/s | worker plays=0.0/s ok=0.0/s fail=0.0/s nr_absent=0.0/s copyfail=0.0/s
10:27:33.992  [fg-relay] rate3: arm->arm avg=39.68ms max=25182.14ms n=7510 | arm->work avg=0.01ms max=0.20ms | arm->eval avg=0.00ms max=0.00ms | copywait avg=0.006ms max=0.139ms | copy-land<= avg=40.23ms max=25181.82ms | work avg=5.89ms max=200.97ms | totals armed=7511 unarmed=0 skipped=0 busy=0 mismatch=0 copies_failed=0 writes=7511 conflicts=0
10:27:33.992  [fg-relay] rate4: throttle depth=1 off=0 | sleep calls=97.9/s waits=0.0/s clear=97.9/s timeouts=0.0/s avg=0.00ms | present calls=97.9/s waits=0.0/s clear=0.0/s timeouts=0.0/s avg=0.00ms | max=111.50ms (process)
10:27:48.983  [fg-relay] rate/15.0s p2 import_opt=1: presents=99.3/s present-gate[point=99.3 ready=0.0 fallback=0.0 inactive=0.0]/s noinfo=0.0/s stale=0.0/s unlearned=0.0/s attempts=0.0/s armed=0.0/s skipped=0.0/s busy=0.0/s arm-reject[state=0.0 request=0.0 refused=0.0 stopping=0.0 res=0.0 size=0.0]/s pool[cap=0.0 family=0.0 create=0.0 alloc=0.0]/s copy-drop[fence=0.0 reset=0.0 begin=0.0 end=0.0 submit=0.0]/s cf[seq=0.0/s idle=0.0/s nrfence=0.0/s] slotbusy=0.0/s copyfence-busy=0.0/s nr-gpuwait=0.0/s flips=0.0/s
10:27:48.983  [fg-relay] rate2: fginput eval=0.0/s index!=1=0.0/s eval-gate[off=0.0 fallback=0.0 notready=0.0 noinput=0.0 noqueue=0.0]/s relay eval=0.0/s consume=0.0/s inplace=0.0/s(ok 0.0/s) unarmed=0.0/s mismatch=0.0/s relbusy=0.0/s relok=0.0/s relfail=0.0/s release-stage[queue=0.0 pool=0.0 fence=0.0 reset=0.0 begin=0.0 end=0.0 submit=0.0]/s watchdog=0.0/s | worker plays=0.0/s ok=0.0/s fail=0.0/s nr_absent=0.0/s copyfail=0.0/s
10:27:48.983  [fg-relay] rate3: arm->arm avg=39.68ms max=25182.14ms n=7510 | arm->work avg=0.01ms max=0.20ms | arm->eval avg=0.00ms max=0.00ms | copywait avg=0.006ms max=0.139ms | copy-land<= avg=40.23ms max=25181.82ms | work avg=5.89ms max=200.97ms | totals armed=7511 unarmed=0 skipped=0 busy=0 mismatch=0 copies_failed=0 writes=7511 conflicts=0
10:27:48.983  [fg-relay] rate4: throttle depth=1 off=0 | sleep calls=99.3/s waits=0.0/s clear=99.3/s timeouts=0.0/s avg=0.00ms | present calls=99.3/s waits=0.0/s clear=0.0/s timeouts=0.0/s avg=0.00ms | max=111.50ms (process)
10:27:54.969  === Vulkan CreateFeature1 #41  feature_id=18  VkDevice=000000002FCE00D0  thread 75496 ===
10:27:54.969  === Vulkan CreateFeature1 #41 returned -1160773630, handle=0000000000000000 ===
10:28:03.989  [fg-relay] rate/15.0s p2 import_opt=1: presents=99.4/s present-gate[point=99.4 ready=0.0 fallback=0.0 inactive=0.0]/s noinfo=0.0/s stale=0.0/s unlearned=0.0/s attempts=0.0/s armed=0.0/s skipped=0.0/s busy=0.0/s arm-reject[state=0.0 request=0.0 refused=0.0 stopping=0.0 res=0.0 size=0.0]/s pool[cap=0.0 family=0.0 create=0.0 alloc=0.0]/s copy-drop[fence=0.0 reset=0.0 begin=0.0 end=0.0 submit=0.0]/s cf[seq=0.0/s idle=0.0/s nrfence=0.0/s] slotbusy=0.0/s copyfence-busy=0.0/s nr-gpuwait=0.0/s flips=0.0/s
10:28:03.989  [fg-relay] rate2: fginput eval=0.0/s index!=1=0.0/s eval-gate[off=0.0 fallback=0.0 notready=0.0 noinput=0.0 noqueue=0.0]/s relay eval=0.0/s consume=0.0/s inplace=0.0/s(ok 0.0/s) unarmed=0.0/s mismatch=0.0/s relbusy=0.0/s relok=0.0/s relfail=0.0/s release-stage[queue=0.0 pool=0.0 fence=0.0 reset=0.0 begin=0.0 end=0.0 submit=0.0]/s watchdog=0.0/s | worker plays=0.0/s ok=0.0/s fail=0.0/s nr_absent=0.0/s copyfail=0.0/s
10:28:03.989  [fg-relay] rate3: arm->arm avg=39.68ms max=25182.14ms n=7510 | arm->work avg=0.01ms max=0.20ms | arm->eval avg=0.00ms max=0.00ms | copywait avg=0.006ms max=0.139ms | copy-land<= avg=40.23ms max=25181.82ms | work avg=5.89ms max=200.97ms | totals armed=7511 unarmed=0 skipped=0 busy=0 mismatch=0 copies_failed=0 writes=7511 conflicts=0
10:28:03.989  [fg-relay] rate4: throttle depth=1 off=0 | sleep calls=99.4/s waits=0.0/s clear=99.4/s timeouts=0.0/s avg=0.00ms | present calls=99.4/s waits=0.0/s clear=0.0/s timeouts=0.0/s avg=0.00ms | max=111.50ms (process)
10:28:18.991  [fg-relay] rate/15.0s p2 import_opt=1: presents=99.6/s present-gate[point=99.6 ready=0.0 fallback=0.0 inactive=0.0]/s noinfo=0.0/s stale=0.0/s unlearned=0.0/s attempts=0.0/s armed=0.0/s skipped=0.0/s busy=0.0/s arm-reject[state=0.0 request=0.0 refused=0.0 stopping=0.0 res=0.0 size=0.0]/s pool[cap=0.0 family=0.0 create=0.0 alloc=0.0]/s copy-drop[fence=0.0 reset=0.0 begin=0.0 end=0.0 submit=0.0]/s cf[seq=0.0/s idle=0.0/s nrfence=0.0/s] slotbusy=0.0/s copyfence-busy=0.0/s nr-gpuwait=0.0/s flips=0.0/s
10:28:18.991  [fg-relay] rate2: fginput eval=0.0/s index!=1=0.0/s eval-gate[off=0.0 fallback=0.0 notready=0.0 noinput=0.0 noqueue=0.0]/s relay eval=0.0/s consume=0.0/s inplace=0.0/s(ok 0.0/s) unarmed=0.0/s mismatch=0.0/s relbusy=0.0/s relok=0.0/s relfail=0.0/s release-stage[queue=0.0 pool=0.0 fence=0.0 reset=0.0 begin=0.0 end=0.0 submit=0.0]/s watchdog=0.0/s | worker plays=0.0/s ok=0.0/s fail=0.0/s nr_absent=0.0/s copyfail=0.0/s
10:28:18.991  [fg-relay] rate3: arm->arm avg=39.68ms max=25182.14ms n=7510 | arm->work avg=0.01ms max=0.20ms | arm->eval avg=0.00ms max=0.00ms | copywait avg=0.006ms max=0.139ms | copy-land<= avg=40.23ms max=25181.82ms | work avg=5.89ms max=200.97ms | totals armed=7511 unarmed=0 skipped=0 busy=0 mismatch=0 copies_failed=0 writes=7511 conflicts=0
10:28:18.991  [fg-relay] rate4: throttle depth=1 off=0 | sleep calls=99.6/s waits=0.0/s clear=99.6/s timeouts=0.0/s avg=0.00ms | present calls=99.6/s waits=0.0/s clear=0.0/s timeouts=0.0/s avg=0.00ms | max=111.50ms (process)
10:28:24.975  === Vulkan CreateFeature1 #42  feature_id=18  VkDevice=000000002FCE00D0  thread 75496 ===
10:28:24.976  === Vulkan CreateFeature1 #42 returned -1160773630, handle=0000000000000000 ===
10:28:33.986  [fg-relay] rate/15.0s p2 import_opt=1: presents=99.7/s present-gate[point=99.7 ready=0.0 fallback=0.0 inactive=0.0]/s noinfo=0.0/s stale=0.0/s unlearned=0.0/s attempts=0.0/s armed=0.0/s skipped=0.0/s busy=0.0/s arm-reject[state=0.0 request=0.0 refused=0.0 stopping=0.0 res=0.0 size=0.0]/s pool[cap=0.0 family=0.0 create=0.0 alloc=0.0]/s copy-drop[fence=0.0 reset=0.0 begin=0.0 end=0.0 submit=0.0]/s cf[seq=0.0/s idle=0.0/s nrfence=0.0/s] slotbusy=0.0/s copyfence-busy=0.0/s nr-gpuwait=0.0/s flips=0.0/s
10:28:33.986  [fg-relay] rate2: fginput eval=0.0/s index!=1=0.0/s eval-gate[off=0.0 fallback=0.0 notready=0.0 noinput=0.0 noqueue=0.0]/s relay eval=0.0/s consume=0.0/s inplace=0.0/s(ok 0.0/s) unarmed=0.0/s mismatch=0.0/s relbusy=0.0/s relok=0.0/s relfail=0.0/s release-stage[queue=0.0 pool=0.0 fence=0.0 reset=0.0 begin=0.0 end=0.0 submit=0.0]/s watchdog=0.0/s | worker plays=0.0/s ok=0.0/s fail=0.0/s nr_absent=0.0/s copyfail=0.0/s
10:28:33.987  [fg-relay] rate3: arm->arm avg=39.68ms max=25182.14ms n=7510 | arm->work avg=0.01ms max=0.20ms | arm->eval avg=0.00ms max=0.00ms | copywait avg=0.006ms max=0.139ms | copy-land<= avg=40.23ms max=25181.82ms | work avg=5.89ms max=200.97ms | totals armed=7511 unarmed=0 skipped=0 busy=0 mismatch=0 copies_failed=0 writes=7511 conflicts=0
10:28:33.987  [fg-relay] rate4: throttle depth=1 off=0 | sleep calls=99.7/s waits=0.0/s clear=99.7/s timeouts=0.0/s avg=0.00ms | present calls=99.7/s waits=0.0/s clear=0.0/s timeouts=0.0/s avg=0.00ms | max=111.50ms (process)
10:28:48.991  [fg-relay] rate/15.0s p2 import_opt=1: presents=99.3/s present-gate[point=99.3 ready=0.0 fallback=0.0 inactive=0.0]/s noinfo=0.0/s stale=0.0/s unlearned=0.0/s attempts=0.0/s armed=0.0/s skipped=0.0/s busy=0.0/s arm-reject[state=0.0 request=0.0 refused=0.0 stopping=0.0 res=0.0 size=0.0]/s pool[cap=0.0 family=0.0 create=0.0 alloc=0.0]/s copy-drop[fence=0.0 reset=0.0 begin=0.0 end=0.0 submit=0.0]/s cf[seq=0.0/s idle=0.0/s nrfence=0.0/s] slotbusy=0.0/s copyfence-busy=0.0/s nr-gpuwait=0.0/s flips=0.0/s
10:28:48.991  [fg-relay] rate2: fginput eval=0.0/s index!=1=0.0/s eval-gate[off=0.0 fallback=0.0 notready=0.0 noinput=0.0 noqueue=0.0]/s relay eval=0.0/s consume=0.0/s inplace=0.0/s(ok 0.0/s) unarmed=0.0/s mismatch=0.0/s relbusy=0.0/s relok=0.0/s relfail=0.0/s release-stage[queue=0.0 pool=0.0 fence=0.0 reset=0.0 begin=0.0 end=0.0 submit=0.0]/s watchdog=0.0/s | worker plays=0.0/s ok=0.0/s fail=0.0/s nr_absent=0.0/s copyfail=0.0/s
10:28:48.991  [fg-relay] rate3: arm->arm avg=39.68ms max=25182.14ms n=7510 | arm->work avg=0.01ms max=0.20ms | arm->eval avg=0.00ms max=0.00ms | copywait avg=0.006ms max=0.139ms | copy-land<= avg=40.23ms max=25181.82ms | work avg=5.89ms max=200.97ms | totals armed=7511 unarmed=0 skipped=0 busy=0 mismatch=0 copies_failed=0 writes=7511 conflicts=0
10:28:48.992  [fg-relay] rate4: throttle depth=1 off=0 | sleep calls=99.3/s waits=0.0/s clear=99.3/s timeouts=0.0/s avg=0.00ms | present calls=99.3/s waits=0.0/s clear=0.0/s timeouts=0.0/s avg=0.00ms | max=111.50ms (process)
10:28:54.982  === Vulkan CreateFeature1 #43  feature_id=18  VkDevice=000000002FCE00D0  thread 75496 ===
10:28:54.982  === Vulkan CreateFeature1 #43 returned -1160773630, handle=0000000000000000 ===
10:29:03.990  [fg-relay] rate/15.0s p2 import_opt=1: presents=99.5/s present-gate[point=99.5 ready=0.0 fallback=0.0 inactive=0.0]/s noinfo=0.0/s stale=0.0/s unlearned=0.0/s attempts=0.0/s armed=0.0/s skipped=0.0/s busy=0.0/s arm-reject[state=0.0 request=0.0 refused=0.0 stopping=0.0 res=0.0 size=0.0]/s pool[cap=0.0 family=0.0 create=0.0 alloc=0.0]/s copy-drop[fence=0.0 reset=0.0 begin=0.0 end=0.0 submit=0.0]/s cf[seq=0.0/s idle=0.0/s nrfence=0.0/s] slotbusy=0.0/s copyfence-busy=0.0/s nr-gpuwait=0.0/s flips=0.0/s
10:29:03.990  [fg-relay] rate2: fginput eval=0.0/s index!=1=0.0/s eval-gate[off=0.0 fallback=0.0 notready=0.0 noinput=0.0 noqueue=0.0]/s relay eval=0.0/s consume=0.0/s inplace=0.0/s(ok 0.0/s) unarmed=0.0/s mismatch=0.0/s relbusy=0.0/s relok=0.0/s relfail=0.0/s release-stage[queue=0.0 pool=0.0 fence=0.0 reset=0.0 begin=0.0 end=0.0 submit=0.0]/s watchdog=0.0/s | worker plays=0.0/s ok=0.0/s fail=0.0/s nr_absent=0.0/s copyfail=0.0/s
10:29:03.990  [fg-relay] rate3: arm->arm avg=39.68ms max=25182.14ms n=7510 | arm->work avg=0.01ms max=0.20ms | arm->eval avg=0.00ms max=0.00ms | copywait avg=0.006ms max=0.139ms | copy-land<= avg=40.23ms max=25181.82ms | work avg=5.89ms max=200.97ms | totals armed=7511 unarmed=0 skipped=0 busy=0 mismatch=0 copies_failed=0 writes=7511 conflicts=0
10:29:03.990  [fg-relay] rate4: throttle depth=1 off=0 | sleep calls=99.5/s waits=0.0/s clear=99.5/s timeouts=0.0/s avg=0.00ms | present calls=99.5/s waits=0.0/s clear=0.0/s timeouts=0.0/s avg=0.00ms | max=111.50ms (process)
10:29:18.983  [fg-relay] rate/15.0s p2 import_opt=1: presents=99.2/s present-gate[point=99.2 ready=0.0 fallback=0.0 inactive=0.0]/s noinfo=0.0/s stale=0.0/s unlearned=0.0/s attempts=0.0/s armed=0.0/s skipped=0.0/s busy=0.0/s arm-reject[state=0.0 request=0.0 refused=0.0 stopping=0.0 res=0.0 size=0.0]/s pool[cap=0.0 family=0.0 create=0.0 alloc=0.0]/s copy-drop[fence=0.0 reset=0.0 begin=0.0 end=0.0 submit=0.0]/s cf[seq=0.0/s idle=0.0/s nrfence=0.0/s] slotbusy=0.0/s copyfence-busy=0.0/s nr-gpuwait=0.0/s flips=0.0/s
10:29:18.983  [fg-relay] rate2: fginput eval=0.0/s index!=1=0.0/s eval-gate[off=0.0 fallback=0.0 notready=0.0 noinput=0.0 noqueue=0.0]/s relay eval=0.0/s consume=0.0/s inplace=0.0/s(ok 0.0/s) unarmed=0.0/s mismatch=0.0/s relbusy=0.0/s relok=0.0/s relfail=0.0/s release-stage[queue=0.0 pool=0.0 fence=0.0 reset=0.0 begin=0.0 end=0.0 submit=0.0]/s watchdog=0.0/s | worker plays=0.0/s ok=0.0/s fail=0.0/s nr_absent=0.0/s copyfail=0.0/s
10:29:18.984  [fg-relay] rate3: arm->arm avg=39.68ms max=25182.14ms n=7510 | arm->work avg=0.01ms max=0.20ms | arm->eval avg=0.00ms max=0.00ms | copywait avg=0.006ms max=0.139ms | copy-land<= avg=40.23ms max=25181.82ms | work avg=5.89ms max=200.97ms | totals armed=7511 unarmed=0 skipped=0 busy=0 mismatch=0 copies_failed=0 writes=7511 conflicts=0
10:29:18.984  [fg-relay] rate4: throttle depth=1 off=0 | sleep calls=99.2/s waits=0.0/s clear=99.2/s timeouts=0.0/s avg=0.00ms | present calls=99.2/s waits=0.0/s clear=0.0/s timeouts=0.0/s avg=0.00ms | max=111.50ms (process)
10:29:24.989  === Vulkan CreateFeature1 #44  feature_id=18  VkDevice=000000002FCE00D0  thread 75496 ===
10:29:24.989  === Vulkan CreateFeature1 #44 returned -1160773630, handle=0000000000000000 ===
10:29:33.985  [fg-relay] rate/15.0s p2 import_opt=1: presents=99.7/s present-gate[point=99.7 ready=0.0 fallback=0.0 inactive=0.0]/s noinfo=0.0/s stale=0.0/s unlearned=0.0/s attempts=0.0/s armed=0.0/s skipped=0.0/s busy=0.0/s arm-reject[state=0.0 request=0.0 refused=0.0 stopping=0.0 res=0.0 size=0.0]/s pool[cap=0.0 family=0.0 create=0.0 alloc=0.0]/s copy-drop[fence=0.0 reset=0.0 begin=0.0 end=0.0 submit=0.0]/s cf[seq=0.0/s idle=0.0/s nrfence=0.0/s] slotbusy=0.0/s copyfence-busy=0.0/s nr-gpuwait=0.0/s flips=0.0/s
10:29:33.986  [fg-relay] rate2: fginput eval=0.0/s index!=1=0.0/s eval-gate[off=0.0 fallback=0.0 notready=0.0 noinput=0.0 noqueue=0.0]/s relay eval=0.0/s consume=0.0/s inplace=0.0/s(ok 0.0/s) unarmed=0.0/s mismatch=0.0/s relbusy=0.0/s relok=0.0/s relfail=0.0/s release-stage[queue=0.0 pool=0.0 fence=0.0 reset=0.0 begin=0.0 end=0.0 submit=0.0]/s watchdog=0.0/s | worker plays=0.0/s ok=0.0/s fail=0.0/s nr_absent=0.0/s copyfail=0.0/s
10:29:33.986  [fg-relay] rate3: arm->arm avg=39.68ms max=25182.14ms n=7510 | arm->work avg=0.01ms max=0.20ms | arm->eval avg=0.00ms max=0.00ms | copywait avg=0.006ms max=0.139ms | copy-land<= avg=40.23ms max=25181.82ms | work avg=5.89ms max=200.97ms | totals armed=7511 unarmed=0 skipped=0 busy=0 mismatch=0 copies_failed=0 writes=7511 conflicts=0
10:29:33.986  [fg-relay] rate4: throttle depth=1 off=0 | sleep calls=99.7/s waits=0.0/s clear=99.7/s timeouts=0.0/s avg=0.00ms | present calls=99.7/s waits=0.0/s clear=0.0/s timeouts=0.0/s avg=0.00ms | max=111.50ms (process)
10:29:48.991  [fg-relay] rate/15.0s p2 import_opt=1: presents=99.6/s present-gate[point=99.6 ready=0.0 fallback=0.0 inactive=0.0]/s noinfo=0.0/s stale=0.0/s unlearned=0.0/s attempts=0.0/s armed=0.0/s skipped=0.0/s busy=0.0/s arm-reject[state=0.0 request=0.0 refused=0.0 stopping=0.0 res=0.0 size=0.0]/s pool[cap=0.0 family=0.0 create=0.0 alloc=0.0]/s copy-drop[fence=0.0 reset=0.0 begin=0.0 end=0.0 submit=0.0]/s cf[seq=0.0/s idle=0.0/s nrfence=0.0/s] slotbusy=0.0/s copyfence-busy=0.0/s nr-gpuwait=0.0/s flips=0.0/s
10:29:48.991  [fg-relay] rate2: fginput eval=0.0/s index!=1=0.0/s eval-gate[off=0.0 fallback=0.0 notready=0.0 noinput=0.0 noqueue=0.0]/s relay eval=0.0/s consume=0.0/s inplace=0.0/s(ok 0.0/s) unarmed=0.0/s mismatch=0.0/s relbusy=0.0/s relok=0.0/s relfail=0.0/s release-stage[queue=0.0 pool=0.0 fence=0.0 reset=0.0 begin=0.0 end=0.0 submit=0.0]/s watchdog=0.0/s | worker plays=0.0/s ok=0.0/s fail=0.0/s nr_absent=0.0/s copyfail=0.0/s
10:29:48.991  [fg-relay] rate3: arm->arm avg=39.68ms max=25182.14ms n=7510 | arm->work avg=0.01ms max=0.20ms | arm->eval avg=0.00ms max=0.00ms | copywait avg=0.006ms max=0.139ms | copy-land<= avg=40.23ms max=25181.82ms | work avg=5.89ms max=200.97ms | totals armed=7511 unarmed=0 skipped=0 busy=0 mismatch=0 copies_failed=0 writes=7511 conflicts=0
10:29:48.991  [fg-relay] rate4: throttle depth=1 off=0 | sleep calls=99.6/s waits=0.0/s clear=99.6/s timeouts=0.0/s avg=0.00ms | present calls=99.6/s waits=0.0/s clear=0.0/s timeouts=0.0/s avg=0.00ms | max=111.50ms (process)
10:29:54.997  === Vulkan CreateFeature1 #45  feature_id=18  VkDevice=000000002FCE00D0  thread 75496 ===
10:29:54.997  === Vulkan CreateFeature1 #45 returned -1160773630, handle=0000000000000000 ===
10:30:03.987  [fg-relay] rate/15.0s p2 import_opt=1: presents=99.6/s present-gate[point=99.6 ready=0.0 fallback=0.0 inactive=0.0]/s noinfo=0.0/s stale=0.0/s unlearned=0.0/s attempts=0.0/s armed=0.0/s skipped=0.0/s busy=0.0/s arm-reject[state=0.0 request=0.0 refused=0.0 stopping=0.0 res=0.0 size=0.0]/s pool[cap=0.0 family=0.0 create=0.0 alloc=0.0]/s copy-drop[fence=0.0 reset=0.0 begin=0.0 end=0.0 submit=0.0]/s cf[seq=0.0/s idle=0.0/s nrfence=0.0/s] slotbusy=0.0/s copyfence-busy=0.0/s nr-gpuwait=0.0/s flips=0.0/s
10:30:03.987  [fg-relay] rate2: fginput eval=0.0/s index!=1=0.0/s eval-gate[off=0.0 fallback=0.0 notready=0.0 noinput=0.0 noqueue=0.0]/s relay eval=0.0/s consume=0.0/s inplace=0.0/s(ok 0.0/s) unarmed=0.0/s mismatch=0.0/s relbusy=0.0/s relok=0.0/s relfail=0.0/s release-stage[queue=0.0 pool=0.0 fence=0.0 reset=0.0 begin=0.0 end=0.0 submit=0.0]/s watchdog=0.0/s | worker plays=0.0/s ok=0.0/s fail=0.0/s nr_absent=0.0/s copyfail=0.0/s
10:30:03.987  [fg-relay] rate3: arm->arm avg=39.68ms max=25182.14ms n=7510 | arm->work avg=0.01ms max=0.20ms | arm->eval avg=0.00ms max=0.00ms | copywait avg=0.006ms max=0.139ms | copy-land<= avg=40.23ms max=25181.82ms | work avg=5.89ms max=200.97ms | totals armed=7511 unarmed=0 skipped=0 busy=0 mismatch=0 copies_failed=0 writes=7511 conflicts=0
10:30:03.987  [fg-relay] rate4: throttle depth=1 off=0 | sleep calls=99.6/s waits=0.0/s clear=99.6/s timeouts=0.0/s avg=0.00ms | present calls=99.6/s waits=0.0/s clear=0.0/s timeouts=0.0/s avg=0.00ms | max=111.50ms (process)
10:30:18.984  [fg-relay] rate/15.0s p2 import_opt=1: presents=99.5/s present-gate[point=99.5 ready=0.0 fallback=0.0 inactive=0.0]/s noinfo=0.0/s stale=0.0/s unlearned=0.0/s attempts=0.0/s armed=0.0/s skipped=0.0/s busy=0.0/s arm-reject[state=0.0 request=0.0 refused=0.0 stopping=0.0 res=0.0 size=0.0]/s pool[cap=0.0 family=0.0 create=0.0 alloc=0.0]/s copy-drop[fence=0.0 reset=0.0 begin=0.0 end=0.0 submit=0.0]/s cf[seq=0.0/s idle=0.0/s nrfence=0.0/s] slotbusy=0.0/s copyfence-busy=0.0/s nr-gpuwait=0.0/s flips=0.0/s
10:30:18.984  [fg-relay] rate2: fginput eval=0.0/s index!=1=0.0/s eval-gate[off=0.0 fallback=0.0 notready=0.0 noinput=0.0 noqueue=0.0]/s relay eval=0.0/s consume=0.0/s inplace=0.0/s(ok 0.0/s) unarmed=0.0/s mismatch=0.0/s relbusy=0.0/s relok=0.0/s relfail=0.0/s release-stage[queue=0.0 pool=0.0 fence=0.0 reset=0.0 begin=0.0 end=0.0 submit=0.0]/s watchdog=0.0/s | worker plays=0.0/s ok=0.0/s fail=0.0/s nr_absent=0.0/s copyfail=0.0/s
10:30:18.984  [fg-relay] rate3: arm->arm avg=39.68ms max=25182.14ms n=7510 | arm->work avg=0.01ms max=0.20ms | arm->eval avg=0.00ms max=0.00ms | copywait avg=0.006ms max=0.139ms | copy-land<= avg=40.23ms max=25181.82ms | work avg=5.89ms max=200.97ms | totals armed=7511 unarmed=0 skipped=0 busy=0 mismatch=0 copies_failed=0 writes=7511 conflicts=0
10:30:18.984  [fg-relay] rate4: throttle depth=1 off=0 | sleep calls=99.5/s waits=0.0/s clear=99.5/s timeouts=0.0/s avg=0.00ms | present calls=99.5/s waits=0.0/s clear=0.0/s timeouts=0.0/s avg=0.00ms | max=111.50ms (process)
10:30:24.998  === Vulkan CreateFeature1 #46  feature_id=18  VkDevice=000000002FCE00D0  thread 75496 ===
10:30:24.998  === Vulkan CreateFeature1 #46 returned -1160773630, handle=0000000000000000 ===
10:30:33.982  [fg-relay] rate/15.0s p2 import_opt=1: presents=99.7/s present-gate[point=99.7 ready=0.0 fallback=0.0 inactive=0.0]/s noinfo=0.0/s stale=0.0/s unlearned=0.0/s attempts=0.0/s armed=0.0/s skipped=0.0/s busy=0.0/s arm-reject[state=0.0 request=0.0 refused=0.0 stopping=0.0 res=0.0 size=0.0]/s pool[cap=0.0 family=0.0 create=0.0 alloc=0.0]/s copy-drop[fence=0.0 reset=0.0 begin=0.0 end=0.0 submit=0.0]/s cf[seq=0.0/s idle=0.0/s nrfence=0.0/s] slotbusy=0.0/s copyfence-busy=0.0/s nr-gpuwait=0.0/s flips=0.0/s
10:30:33.982  [fg-relay] rate2: fginput eval=0.0/s index!=1=0.0/s eval-gate[off=0.0 fallback=0.0 notready=0.0 noinput=0.0 noqueue=0.0]/s relay eval=0.0/s consume=0.0/s inplace=0.0/s(ok 0.0/s) unarmed=0.0/s mismatch=0.0/s relbusy=0.0/s relok=0.0/s relfail=0.0/s release-stage[queue=0.0 pool=0.0 fence=0.0 reset=0.0 begin=0.0 end=0.0 submit=0.0]/s watchdog=0.0/s | worker plays=0.0/s ok=0.0/s fail=0.0/s nr_absent=0.0/s copyfail=0.0/s
10:30:33.982  [fg-relay] rate3: arm->arm avg=39.68ms max=25182.14ms n=7510 | arm->work avg=0.01ms max=0.20ms | arm->eval avg=0.00ms max=0.00ms | copywait avg=0.006ms max=0.139ms | copy-land<= avg=40.23ms max=25181.82ms | work avg=5.89ms max=200.97ms | totals armed=7511 unarmed=0 skipped=0 busy=0 mismatch=0 copies_failed=0 writes=7511 conflicts=0
10:30:33.983  [fg-relay] rate4: throttle depth=1 off=0 | sleep calls=99.7/s waits=0.0/s clear=99.7/s timeouts=0.0/s avg=0.00ms | present calls=99.7/s waits=0.0/s clear=0.0/s timeouts=0.0/s avg=0.00ms | max=111.50ms (process)
10:30:48.985  [fg-relay] rate/15.0s p2 import_opt=1: presents=99.5/s present-gate[point=99.5 ready=0.0 fallback=0.0 inactive=0.0]/s noinfo=0.0/s stale=0.0/s unlearned=0.0/s attempts=0.0/s armed=0.0/s skipped=0.0/s busy=0.0/s arm-reject[state=0.0 request=0.0 refused=0.0 stopping=0.0 res=0.0 size=0.0]/s pool[cap=0.0 family=0.0 create=0.0 alloc=0.0]/s copy-drop[fence=0.0 reset=0.0 begin=0.0 end=0.0 submit=0.0]/s cf[seq=0.0/s idle=0.0/s nrfence=0.0/s] slotbusy=0.0/s copyfence-busy=0.0/s nr-gpuwait=0.0/s flips=0.0/s
10:30:48.985  [fg-relay] rate2: fginput eval=0.0/s index!=1=0.0/s eval-gate[off=0.0 fallback=0.0 notready=0.0 noinput=0.0 noqueue=0.0]/s relay eval=0.0/s consume=0.0/s inplace=0.0/s(ok 0.0/s) unarmed=0.0/s mismatch=0.0/s relbusy=0.0/s relok=0.0/s relfail=0.0/s release-stage[queue=0.0 pool=0.0 fence=0.0 reset=0.0 begin=0.0 end=0.0 submit=0.0]/s watchdog=0.0/s | worker plays=0.0/s ok=0.0/s fail=0.0/s nr_absent=0.0/s copyfail=0.0/s
10:30:48.986  [fg-relay] rate3: arm->arm avg=39.68ms max=25182.14ms n=7510 | arm->work avg=0.01ms max=0.20ms | arm->eval avg=0.00ms max=0.00ms | copywait avg=0.006ms max=0.139ms | copy-land<= avg=40.23ms max=25181.82ms | work avg=5.89ms max=200.97ms | totals armed=7511 unarmed=0 skipped=0 busy=0 mismatch=0 copies_failed=0 writes=7511 conflicts=0
10:30:48.986  [fg-relay] rate4: throttle depth=1 off=0 | sleep calls=99.5/s waits=0.0/s clear=99.5/s timeouts=0.0/s avg=0.00ms | present calls=99.5/s waits=0.0/s clear=0.0/s timeouts=0.0/s avg=0.00ms | max=111.50ms (process)
10:30:55.009  === Vulkan CreateFeature1 #47  feature_id=18  VkDevice=000000002FCE00D0  thread 75496 ===
10:30:55.009  === Vulkan CreateFeature1 #47 returned -1160773630, handle=0000000000000000 ===
10:31:03.992  [fg-relay] rate/15.0s p2 import_opt=1: presents=99.7/s present-gate[point=99.7 ready=0.0 fallback=0.0 inactive=0.0]/s noinfo=0.0/s stale=0.0/s unlearned=0.0/s attempts=0.0/s armed=0.0/s skipped=0.0/s busy=0.0/s arm-reject[state=0.0 request=0.0 refused=0.0 stopping=0.0 res=0.0 size=0.0]/s pool[cap=0.0 family=0.0 create=0.0 alloc=0.0]/s copy-drop[fence=0.0 reset=0.0 begin=0.0 end=0.0 submit=0.0]/s cf[seq=0.0/s idle=0.0/s nrfence=0.0/s] slotbusy=0.0/s copyfence-busy=0.0/s nr-gpuwait=0.0/s flips=0.0/s
10:31:03.992  [fg-relay] rate2: fginput eval=0.0/s index!=1=0.0/s eval-gate[off=0.0 fallback=0.0 notready=0.0 noinput=0.0 noqueue=0.0]/s relay eval=0.0/s consume=0.0/s inplace=0.0/s(ok 0.0/s) unarmed=0.0/s mismatch=0.0/s relbusy=0.0/s relok=0.0/s relfail=0.0/s release-stage[queue=0.0 pool=0.0 fence=0.0 reset=0.0 begin=0.0 end=0.0 submit=0.0]/s watchdog=0.0/s | worker plays=0.0/s ok=0.0/s fail=0.0/s nr_absent=0.0/s copyfail=0.0/s
10:31:03.992  [fg-relay] rate3: arm->arm avg=39.68ms max=25182.14ms n=7510 | arm->work avg=0.01ms max=0.20ms | arm->eval avg=0.00ms max=0.00ms | copywait avg=0.006ms max=0.139ms | copy-land<= avg=40.23ms max=25181.82ms | work avg=5.89ms max=200.97ms | totals armed=7511 unarmed=0 skipped=0 busy=0 mismatch=0 copies_failed=0 writes=7511 conflicts=0
10:31:03.992  [fg-relay] rate4: throttle depth=1 off=0 | sleep calls=99.7/s waits=0.0/s clear=99.7/s timeouts=0.0/s avg=0.00ms | present calls=99.7/s waits=0.0/s clear=0.0/s timeouts=0.0/s avg=0.00ms | max=111.50ms (process)
10:31:18.990  [fg-relay] rate/15.0s p2 import_opt=1: presents=99.6/s present-gate[point=99.6 ready=0.0 fallback=0.0 inactive=0.0]/s noinfo=0.0/s stale=0.0/s unlearned=0.0/s attempts=0.0/s armed=0.0/s skipped=0.0/s busy=0.0/s arm-reject[state=0.0 request=0.0 refused=0.0 stopping=0.0 res=0.0 size=0.0]/s pool[cap=0.0 family=0.0 create=0.0 alloc=0.0]/s copy-drop[fence=0.0 reset=0.0 begin=0.0 end=0.0 submit=0.0]/s cf[seq=0.0/s idle=0.0/s nrfence=0.0/s] slotbusy=0.0/s copyfence-busy=0.0/s nr-gpuwait=0.0/s flips=0.0/s
10:31:18.991  [fg-relay] rate2: fginput eval=0.0/s index!=1=0.0/s eval-gate[off=0.0 fallback=0.0 notready=0.0 noinput=0.0 noqueue=0.0]/s relay eval=0.0/s consume=0.0/s inplace=0.0/s(ok 0.0/s) unarmed=0.0/s mismatch=0.0/s relbusy=0.0/s relok=0.0/s relfail=0.0/s release-stage[queue=0.0 pool=0.0 fence=0.0 reset=0.0 begin=0.0 end=0.0 submit=0.0]/s watchdog=0.0/s | worker plays=0.0/s ok=0.0/s fail=0.0/s nr_absent=0.0/s copyfail=0.0/s
10:31:18.991  [fg-relay] rate3: arm->arm avg=39.68ms max=25182.14ms n=7510 | arm->work avg=0.01ms max=0.20ms | arm->eval avg=0.00ms max=0.00ms | copywait avg=0.006ms max=0.139ms | copy-land<= avg=40.23ms max=25181.82ms | work avg=5.89ms max=200.97ms | totals armed=7511 unarmed=0 skipped=0 busy=0 mismatch=0 copies_failed=0 writes=7511 conflicts=0
10:31:18.991  [fg-relay] rate4: throttle depth=1 off=0 | sleep calls=99.6/s waits=0.0/s clear=99.6/s timeouts=0.0/s avg=0.00ms | present calls=99.6/s waits=0.0/s clear=0.0/s timeouts=0.0/s avg=0.00ms | max=111.50ms (process)
10:31:25.013  === Vulkan CreateFeature1 #48  feature_id=18  VkDevice=000000002FCE00D0  thread 75496 ===
10:31:25.014  === Vulkan CreateFeature1 #48 returned -1160773630, handle=0000000000000000 ===
10:31:33.990  [fg-relay] rate/15.0s p2 import_opt=1: presents=99.7/s present-gate[point=99.7 ready=0.0 fallback=0.0 inactive=0.0]/s noinfo=0.0/s stale=0.0/s unlearned=0.0/s attempts=0.0/s armed=0.0/s skipped=0.0/s busy=0.0/s arm-reject[state=0.0 request=0.0 refused=0.0 stopping=0.0 res=0.0 size=0.0]/s pool[cap=0.0 family=0.0 create=0.0 alloc=0.0]/s copy-drop[fence=0.0 reset=0.0 begin=0.0 end=0.0 submit=0.0]/s cf[seq=0.0/s idle=0.0/s nrfence=0.0/s] slotbusy=0.0/s copyfence-busy=0.0/s nr-gpuwait=0.0/s flips=0.0/s
10:31:33.991  [fg-relay] rate2: fginput eval=0.0/s index!=1=0.0/s eval-gate[off=0.0 fallback=0.0 notready=0.0 noinput=0.0 noqueue=0.0]/s relay eval=0.0/s consume=0.0/s inplace=0.0/s(ok 0.0/s) unarmed=0.0/s mismatch=0.0/s relbusy=0.0/s relok=0.0/s relfail=0.0/s release-stage[queue=0.0 pool=0.0 fence=0.0 reset=0.0 begin=0.0 end=0.0 submit=0.0]/s watchdog=0.0/s | worker plays=0.0/s ok=0.0/s fail=0.0/s nr_absent=0.0/s copyfail=0.0/s
10:31:33.991  [fg-relay] rate3: arm->arm avg=39.68ms max=25182.14ms n=7510 | arm->work avg=0.01ms max=0.20ms | arm->eval avg=0.00ms max=0.00ms | copywait avg=0.006ms max=0.139ms | copy-land<= avg=40.23ms max=25181.82ms | work avg=5.89ms max=200.97ms | totals armed=7511 unarmed=0 skipped=0 busy=0 mismatch=0 copies_failed=0 writes=7511 conflicts=0
10:31:33.991  [fg-relay] rate4: throttle depth=1 off=0 | sleep calls=99.7/s waits=0.0/s clear=99.7/s timeouts=0.0/s avg=0.00ms | present calls=99.7/s waits=0.0/s clear=0.0/s timeouts=0.0/s avg=0.00ms | max=111.50ms (process)
10:31:48.991  [fg-relay] rate/15.0s p2 import_opt=1: presents=98.8/s present-gate[point=98.8 ready=0.0 fallback=0.0 inactive=0.0]/s noinfo=0.0/s stale=0.0/s unlearned=0.0/s attempts=0.0/s armed=0.0/s skipped=0.0/s busy=0.0/s arm-reject[state=0.0 request=0.0 refused=0.0 stopping=0.0 res=0.0 size=0.0]/s pool[cap=0.0 family=0.0 create=0.0 alloc=0.0]/s copy-drop[fence=0.0 reset=0.0 begin=0.0 end=0.0 submit=0.0]/s cf[seq=0.0/s idle=0.0/s nrfence=0.0/s] slotbusy=0.0/s copyfence-busy=0.0/s nr-gpuwait=0.0/s flips=0.0/s
10:31:48.992  [fg-relay] rate2: fginput eval=0.0/s index!=1=0.0/s eval-gate[off=0.0 fallback=0.0 notready=0.0 noinput=0.0 noqueue=0.0]/s relay eval=0.0/s consume=0.0/s inplace=0.0/s(ok 0.0/s) unarmed=0.0/s mismatch=0.0/s relbusy=0.0/s relok=0.0/s relfail=0.0/s release-stage[queue=0.0 pool=0.0 fence=0.0 reset=0.0 begin=0.0 end=0.0 submit=0.0]/s watchdog=0.0/s | worker plays=0.0/s ok=0.0/s fail=0.0/s nr_absent=0.0/s copyfail=0.0/s
10:31:48.992  [fg-relay] rate3: arm->arm avg=39.68ms max=25182.14ms n=7510 | arm->work avg=0.01ms max=0.20ms | arm->eval avg=0.00ms max=0.00ms | copywait avg=0.006ms max=0.139ms | copy-land<= avg=40.23ms max=25181.82ms | work avg=5.89ms max=200.97ms | totals armed=7511 unarmed=0 skipped=0 busy=0 mismatch=0 copies_failed=0 writes=7511 conflicts=0
10:31:48.992  [fg-relay] rate4: throttle depth=1 off=0 | sleep calls=98.8/s waits=0.0/s clear=98.8/s timeouts=0.0/s avg=0.00ms | present calls=98.8/s waits=0.0/s clear=0.0/s timeouts=0.0/s avg=0.00ms | max=111.50ms (process)
10:31:55.019  === Vulkan CreateFeature1 #49  feature_id=18  VkDevice=000000002FCE00D0  thread 75496 ===
10:31:55.019  === Vulkan CreateFeature1 #49 returned -1160773630, handle=0000000000000000 ===
10:32:03.987  [fg-relay] rate/15.0s p2 import_opt=1: presents=99.4/s present-gate[point=99.4 ready=0.0 fallback=0.0 inactive=0.0]/s noinfo=0.0/s stale=0.0/s unlearned=0.0/s attempts=0.0/s armed=0.0/s skipped=0.0/s busy=0.0/s arm-reject[state=0.0 request=0.0 refused=0.0 stopping=0.0 res=0.0 size=0.0]/s pool[cap=0.0 family=0.0 create=0.0 alloc=0.0]/s copy-drop[fence=0.0 reset=0.0 begin=0.0 end=0.0 submit=0.0]/s cf[seq=0.0/s idle=0.0/s nrfence=0.0/s] slotbusy=0.0/s copyfence-busy=0.0/s nr-gpuwait=0.0/s flips=0.0/s
10:32:03.987  [fg-relay] rate2: fginput eval=0.0/s index!=1=0.0/s eval-gate[off=0.0 fallback=0.0 notready=0.0 noinput=0.0 noqueue=0.0]/s relay eval=0.0/s consume=0.0/s inplace=0.0/s(ok 0.0/s) unarmed=0.0/s mismatch=0.0/s relbusy=0.0/s relok=0.0/s relfail=0.0/s release-stage[queue=0.0 pool=0.0 fence=0.0 reset=0.0 begin=0.0 end=0.0 submit=0.0]/s watchdog=0.0/s | worker plays=0.0/s ok=0.0/s fail=0.0/s nr_absent=0.0/s copyfail=0.0/s
10:32:03.987  [fg-relay] rate3: arm->arm avg=39.68ms max=25182.14ms n=7510 | arm->work avg=0.01ms max=0.20ms | arm->eval avg=0.00ms max=0.00ms | copywait avg=0.006ms max=0.139ms | copy-land<= avg=40.23ms max=25181.82ms | work avg=5.89ms max=200.97ms | totals armed=7511 unarmed=0 skipped=0 busy=0 mismatch=0 copies_failed=0 writes=7511 conflicts=0
10:32:03.988  [fg-relay] rate4: throttle depth=1 off=0 | sleep calls=99.4/s waits=0.0/s clear=99.4/s timeouts=0.0/s avg=0.00ms | present calls=99.4/s waits=0.0/s clear=0.0/s timeouts=0.0/s avg=0.00ms | max=111.50ms (process)
10:32:18.989  [fg-relay] rate/15.0s p2 import_opt=1: presents=99.3/s present-gate[point=99.3 ready=0.0 fallback=0.0 inactive=0.0]/s noinfo=0.0/s stale=0.0/s unlearned=0.0/s attempts=0.0/s armed=0.0/s skipped=0.0/s busy=0.0/s arm-reject[state=0.0 request=0.0 refused=0.0 stopping=0.0 res=0.0 size=0.0]/s pool[cap=0.0 family=0.0 create=0.0 alloc=0.0]/s copy-drop[fence=0.0 reset=0.0 begin=0.0 end=0.0 submit=0.0]/s cf[seq=0.0/s idle=0.0/s nrfence=0.0/s] slotbusy=0.0/s copyfence-busy=0.0/s nr-gpuwait=0.0/s flips=0.0/s
10:32:18.989  [fg-relay] rate2: fginput eval=0.0/s index!=1=0.0/s eval-gate[off=0.0 fallback=0.0 notready=0.0 noinput=0.0 noqueue=0.0]/s relay eval=0.0/s consume=0.0/s inplace=0.0/s(ok 0.0/s) unarmed=0.0/s mismatch=0.0/s relbusy=0.0/s relok=0.0/s relfail=0.0/s release-stage[queue=0.0 pool=0.0 fence=0.0 reset=0.0 begin=0.0 end=0.0 submit=0.0]/s watchdog=0.0/s | worker plays=0.0/s ok=0.0/s fail=0.0/s nr_absent=0.0/s copyfail=0.0/s
10:32:18.989  [fg-relay] rate3: arm->arm avg=39.68ms max=25182.14ms n=7510 | arm->work avg=0.01ms max=0.20ms | arm->eval avg=0.00ms max=0.00ms | copywait avg=0.006ms max=0.139ms | copy-land<= avg=40.23ms max=25181.82ms | work avg=5.89ms max=200.97ms | totals armed=7511 unarmed=0 skipped=0 busy=0 mismatch=0 copies_failed=0 writes=7511 conflicts=0
10:32:18.989  [fg-relay] rate4: throttle depth=1 off=0 | sleep calls=99.3/s waits=0.0/s clear=99.3/s timeouts=0.0/s avg=0.00ms | present calls=99.3/s waits=0.0/s clear=0.0/s timeouts=0.0/s avg=0.00ms | max=111.50ms (process)
10:32:25.028  === Vulkan CreateFeature1 #50  feature_id=18  VkDevice=000000002FCE00D0  thread 75496 ===
10:32:25.028  === Vulkan CreateFeature1 #50 returned -1160773630, handle=0000000000000000 ===
10:32:33.986  [fg-relay] rate/15.0s p2 import_opt=1: presents=99.6/s present-gate[point=99.6 ready=0.0 fallback=0.0 inactive=0.0]/s noinfo=0.0/s stale=0.0/s unlearned=0.0/s attempts=0.0/s armed=0.0/s skipped=0.0/s busy=0.0/s arm-reject[state=0.0 request=0.0 refused=0.0 stopping=0.0 res=0.0 size=0.0]/s pool[cap=0.0 family=0.0 create=0.0 alloc=0.0]/s copy-drop[fence=0.0 reset=0.0 begin=0.0 end=0.0 submit=0.0]/s cf[seq=0.0/s idle=0.0/s nrfence=0.0/s] slotbusy=0.0/s copyfence-busy=0.0/s nr-gpuwait=0.0/s flips=0.0/s
10:32:33.987  [fg-relay] rate2: fginput eval=0.0/s index!=1=0.0/s eval-gate[off=0.0 fallback=0.0 notready=0.0 noinput=0.0 noqueue=0.0]/s relay eval=0.0/s consume=0.0/s inplace=0.0/s(ok 0.0/s) unarmed=0.0/s mismatch=0.0/s relbusy=0.0/s relok=0.0/s relfail=0.0/s release-stage[queue=0.0 pool=0.0 fence=0.0 reset=0.0 begin=0.0 end=0.0 submit=0.0]/s watchdog=0.0/s | worker plays=0.0/s ok=0.0/s fail=0.0/s nr_absent=0.0/s copyfail=0.0/s
10:32:33.987  [fg-relay] rate3: arm->arm avg=39.68ms max=25182.14ms n=7510 | arm->work avg=0.01ms max=0.20ms | arm->eval avg=0.00ms max=0.00ms | copywait avg=0.006ms max=0.139ms | copy-land<= avg=40.23ms max=25181.82ms | work avg=5.89ms max=200.97ms | totals armed=7511 unarmed=0 skipped=0 busy=0 mismatch=0 copies_failed=0 writes=7511 conflicts=0
10:32:33.987  [fg-relay] rate4: throttle depth=1 off=0 | sleep calls=99.6/s waits=0.0/s clear=99.6/s timeouts=0.0/s avg=0.00ms | present calls=99.6/s waits=0.0/s clear=0.0/s timeouts=0.0/s avg=0.00ms | max=111.50ms (process)
10:32:48.986  [fg-relay] rate/15.0s p2 import_opt=1: presents=99.5/s present-gate[point=99.5 ready=0.0 fallback=0.0 inactive=0.0]/s noinfo=0.0/s stale=0.0/s unlearned=0.0/s attempts=0.0/s armed=0.0/s skipped=0.0/s busy=0.0/s arm-reject[state=0.0 request=0.0 refused=0.0 stopping=0.0 res=0.0 size=0.0]/s pool[cap=0.0 family=0.0 create=0.0 alloc=0.0]/s copy-drop[fence=0.0 reset=0.0 begin=0.0 end=0.0 submit=0.0]/s cf[seq=0.0/s idle=0.0/s nrfence=0.0/s] slotbusy=0.0/s copyfence-busy=0.0/s nr-gpuwait=0.0/s flips=0.0/s
10:32:48.986  [fg-relay] rate2: fginput eval=0.0/s index!=1=0.0/s eval-gate[off=0.0 fallback=0.0 notready=0.0 noinput=0.0 noqueue=0.0]/s relay eval=0.0/s consume=0.0/s inplace=0.0/s(ok 0.0/s) unarmed=0.0/s mismatch=0.0/s relbusy=0.0/s relok=0.0/s relfail=0.0/s release-stage[queue=0.0 pool=0.0 fence=0.0 reset=0.0 begin=0.0 end=0.0 submit=0.0]/s watchdog=0.0/s | worker plays=0.0/s ok=0.0/s fail=0.0/s nr_absent=0.0/s copyfail=0.0/s
10:32:48.986  [fg-relay] rate3: arm->arm avg=39.68ms max=25182.14ms n=7510 | arm->work avg=0.01ms max=0.20ms | arm->eval avg=0.00ms max=0.00ms | copywait avg=0.006ms max=0.139ms | copy-land<= avg=40.23ms max=25181.82ms | work avg=5.89ms max=200.97ms | totals armed=7511 unarmed=0 skipped=0 busy=0 mismatch=0 copies_failed=0 writes=7511 conflicts=0
10:32:48.987  [fg-relay] rate4: throttle depth=1 off=0 | sleep calls=99.5/s waits=0.0/s clear=99.5/s timeouts=0.0/s avg=0.00ms | present calls=99.5/s waits=0.0/s clear=0.0/s timeouts=0.0/s avg=0.00ms | max=111.50ms (process)
10:32:55.032  === Vulkan CreateFeature1 #51  feature_id=18  VkDevice=000000002FCE00D0  thread 75496 ===
10:32:55.032  === Vulkan CreateFeature1 #51 returned -1160773630, handle=0000000000000000 ===
10:33:03.990  [fg-relay] rate/15.0s p2 import_opt=1: presents=99.5/s present-gate[point=99.5 ready=0.0 fallback=0.0 inactive=0.0]/s noinfo=0.0/s stale=0.0/s unlearned=0.0/s attempts=0.0/s armed=0.0/s skipped=0.0/s busy=0.0/s arm-reject[state=0.0 request=0.0 refused=0.0 stopping=0.0 res=0.0 size=0.0]/s pool[cap=0.0 family=0.0 create=0.0 alloc=0.0]/s copy-drop[fence=0.0 reset=0.0 begin=0.0 end=0.0 submit=0.0]/s cf[seq=0.0/s idle=0.0/s nrfence=0.0/s] slotbusy=0.0/s copyfence-busy=0.0/s nr-gpuwait=0.0/s flips=0.0/s
10:33:03.990  [fg-relay] rate2: fginput eval=0.0/s index!=1=0.0/s eval-gate[off=0.0 fallback=0.0 notready=0.0 noinput=0.0 noqueue=0.0]/s relay eval=0.0/s consume=0.0/s inplace=0.0/s(ok 0.0/s) unarmed=0.0/s mismatch=0.0/s relbusy=0.0/s relok=0.0/s relfail=0.0/s release-stage[queue=0.0 pool=0.0 fence=0.0 reset=0.0 begin=0.0 end=0.0 submit=0.0]/s watchdog=0.0/s | worker plays=0.0/s ok=0.0/s fail=0.0/s nr_absent=0.0/s copyfail=0.0/s
10:33:03.990  [fg-relay] rate3: arm->arm avg=39.68ms max=25182.14ms n=7510 | arm->work avg=0.01ms max=0.20ms | arm->eval avg=0.00ms max=0.00ms | copywait avg=0.006ms max=0.139ms | copy-land<= avg=40.23ms max=25181.82ms | work avg=5.89ms max=200.97ms | totals armed=7511 unarmed=0 skipped=0 busy=0 mismatch=0 copies_failed=0 writes=7511 conflicts=0
10:33:03.990  [fg-relay] rate4: throttle depth=1 off=0 | sleep calls=99.5/s waits=0.0/s clear=99.5/s timeouts=0.0/s avg=0.00ms | present calls=99.5/s waits=0.0/s clear=0.0/s timeouts=0.0/s avg=0.00ms | max=111.50ms (process)
10:33:18.983  [fg-relay] rate/15.0s p2 import_opt=1: presents=99.8/s present-gate[point=99.8 ready=0.0 fallback=0.0 inactive=0.0]/s noinfo=0.0/s stale=0.0/s unlearned=0.0/s attempts=0.0/s armed=0.0/s skipped=0.0/s busy=0.0/s arm-reject[state=0.0 request=0.0 refused=0.0 stopping=0.0 res=0.0 size=0.0]/s pool[cap=0.0 family=0.0 create=0.0 alloc=0.0]/s copy-drop[fence=0.0 reset=0.0 begin=0.0 end=0.0 submit=0.0]/s cf[seq=0.0/s idle=0.0/s nrfence=0.0/s] slotbusy=0.0/s copyfence-busy=0.0/s nr-gpuwait=0.0/s flips=0.0/s
10:33:18.983  [fg-relay] rate2: fginput eval=0.0/s index!=1=0.0/s eval-gate[off=0.0 fallback=0.0 notready=0.0 noinput=0.0 noqueue=0.0]/s relay eval=0.0/s consume=0.0/s inplace=0.0/s(ok 0.0/s) unarmed=0.0/s mismatch=0.0/s relbusy=0.0/s relok=0.0/s relfail=0.0/s release-stage[queue=0.0 pool=0.0 fence=0.0 reset=0.0 begin=0.0 end=0.0 submit=0.0]/s watchdog=0.0/s | worker plays=0.0/s ok=0.0/s fail=0.0/s nr_absent=0.0/s copyfail=0.0/s
10:33:18.983  [fg-relay] rate3: arm->arm avg=39.68ms max=25182.14ms n=7510 | arm->work avg=0.01ms max=0.20ms | arm->eval avg=0.00ms max=0.00ms | copywait avg=0.006ms max=0.139ms | copy-land<= avg=40.23ms max=25181.82ms | work avg=5.89ms max=200.97ms | totals armed=7511 unarmed=0 skipped=0 busy=0 mismatch=0 copies_failed=0 writes=7511 conflicts=0
10:33:18.983  [fg-relay] rate4: throttle depth=1 off=0 | sleep calls=99.8/s waits=0.0/s clear=99.8/s timeouts=0.0/s avg=0.00ms | present calls=99.8/s waits=0.0/s clear=0.0/s timeouts=0.0/s avg=0.00ms | max=111.50ms (process)
10:33:25.041  === Vulkan CreateFeature1 #52  feature_id=18  VkDevice=000000002FCE00D0  thread 75496 ===
10:33:25.041  === Vulkan CreateFeature1 #52 returned -1160773630, handle=0000000000000000 ===
10:33:33.984  [fg-relay] rate/15.0s p2 import_opt=1: presents=100.0/s present-gate[point=100.0 ready=0.0 fallback=0.0 inactive=0.0]/s noinfo=0.0/s stale=0.0/s unlearned=0.0/s attempts=0.0/s armed=0.0/s skipped=0.0/s busy=0.0/s arm-reject[state=0.0 request=0.0 refused=0.0 stopping=0.0 res=0.0 size=0.0]/s pool[cap=0.0 family=0.0 create=0.0 alloc=0.0]/s copy-drop[fence=0.0 reset=0.0 begin=0.0 end=0.0 submit=0.0]/s cf[seq=0.0/s idle=0.0/s nrfence=0.0/s] slotbusy=0.0/s copyfence-busy=0.0/s nr-gpuwait=0.0/s flips=0.0/s
10:33:33.985  [fg-relay] rate2: fginput eval=0.0/s index!=1=0.0/s eval-gate[off=0.0 fallback=0.0 notready=0.0 noinput=0.0 noqueue=0.0]/s relay eval=0.0/s consume=0.0/s inplace=0.0/s(ok 0.0/s) unarmed=0.0/s mismatch=0.0/s relbusy=0.0/s relok=0.0/s relfail=0.0/s release-stage[queue=0.0 pool=0.0 fence=0.0 reset=0.0 begin=0.0 end=0.0 submit=0.0]/s watchdog=0.0/s | worker plays=0.0/s ok=0.0/s fail=0.0/s nr_absent=0.0/s copyfail=0.0/s
10:33:33.985  [fg-relay] rate3: arm->arm avg=39.68ms max=25182.14ms n=7510 | arm->work avg=0.01ms max=0.20ms | arm->eval avg=0.00ms max=0.00ms | copywait avg=0.006ms max=0.139ms | copy-land<= avg=40.23ms max=25181.82ms | work avg=5.89ms max=200.97ms | totals armed=7511 unarmed=0 skipped=0 busy=0 mismatch=0 copies_failed=0 writes=7511 conflicts=0
10:33:33.985  [fg-relay] rate4: throttle depth=1 off=0 | sleep calls=100.0/s waits=0.0/s clear=100.0/s timeouts=0.0/s avg=0.00ms | present calls=100.0/s waits=0.0/s clear=0.0/s timeouts=0.0/s avg=0.00ms | max=111.50ms (process)
10:33:48.984  [fg-relay] rate/15.0s p2 import_opt=1: presents=99.9/s present-gate[point=99.9 ready=0.0 fallback=0.0 inactive=0.0]/s noinfo=0.0/s stale=0.0/s unlearned=0.0/s attempts=0.0/s armed=0.0/s skipped=0.0/s busy=0.0/s arm-reject[state=0.0 request=0.0 refused=0.0 stopping=0.0 res=0.0 size=0.0]/s pool[cap=0.0 family=0.0 create=0.0 alloc=0.0]/s copy-drop[fence=0.0 reset=0.0 begin=0.0 end=0.0 submit=0.0]/s cf[seq=0.0/s idle=0.0/s nrfence=0.0/s] slotbusy=0.0/s copyfence-busy=0.0/s nr-gpuwait=0.0/s flips=0.0/s
10:33:48.984  [fg-relay] rate2: fginput eval=0.0/s index!=1=0.0/s eval-gate[off=0.0 fallback=0.0 notready=0.0 noinput=0.0 noqueue=0.0]/s relay eval=0.0/s consume=0.0/s inplace=0.0/s(ok 0.0/s) unarmed=0.0/s mismatch=0.0/s relbusy=0.0/s relok=0.0/s relfail=0.0/s release-stage[queue=0.0 pool=0.0 fence=0.0 reset=0.0 begin=0.0 end=0.0 submit=0.0]/s watchdog=0.0/s | worker plays=0.0/s ok=0.0/s fail=0.0/s nr_absent=0.0/s copyfail=0.0/s
10:33:48.984  [fg-relay] rate3: arm->arm avg=39.68ms max=25182.14ms n=7510 | arm->work avg=0.01ms max=0.20ms | arm->eval avg=0.00ms max=0.00ms | copywait avg=0.006ms max=0.139ms | copy-land<= avg=40.23ms max=25181.82ms | work avg=5.89ms max=200.97ms | totals armed=7511 unarmed=0 skipped=0 busy=0 mismatch=0 copies_failed=0 writes=7511 conflicts=0
10:33:48.984  [fg-relay] rate4: throttle depth=1 off=0 | sleep calls=99.9/s waits=0.0/s clear=99.9/s timeouts=0.0/s avg=0.00ms | present calls=99.9/s waits=0.0/s clear=0.0/s timeouts=0.0/s avg=0.00ms | max=111.50ms (process)
10:33:55.046  === Vulkan CreateFeature1 #53  feature_id=18  VkDevice=000000002FCE00D0  thread 75496 ===
10:33:55.046  === Vulkan CreateFeature1 #53 returned -1160773630, handle=0000000000000000 ===
10:34:03.984  [fg-relay] rate/15.0s p2 import_opt=1: presents=100.1/s present-gate[point=100.1 ready=0.0 fallback=0.0 inactive=0.0]/s noinfo=0.0/s stale=0.0/s unlearned=0.0/s attempts=0.0/s armed=0.0/s skipped=0.0/s busy=0.0/s arm-reject[state=0.0 request=0.0 refused=0.0 stopping=0.0 res=0.0 size=0.0]/s pool[cap=0.0 family=0.0 create=0.0 alloc=0.0]/s copy-drop[fence=0.0 reset=0.0 begin=0.0 end=0.0 submit=0.0]/s cf[seq=0.0/s idle=0.0/s nrfence=0.0/s] slotbusy=0.0/s copyfence-busy=0.0/s nr-gpuwait=0.0/s flips=0.0/s
10:34:03.985  [fg-relay] rate2: fginput eval=0.0/s index!=1=0.0/s eval-gate[off=0.0 fallback=0.0 notready=0.0 noinput=0.0 noqueue=0.0]/s relay eval=0.0/s consume=0.0/s inplace=0.0/s(ok 0.0/s) unarmed=0.0/s mismatch=0.0/s relbusy=0.0/s relok=0.0/s relfail=0.0/s release-stage[queue=0.0 pool=0.0 fence=0.0 reset=0.0 begin=0.0 end=0.0 submit=0.0]/s watchdog=0.0/s | worker plays=0.0/s ok=0.0/s fail=0.0/s nr_absent=0.0/s copyfail=0.0/s
10:34:03.985  [fg-relay] rate3: arm->arm avg=39.68ms max=25182.14ms n=7510 | arm->work avg=0.01ms max=0.20ms | arm->eval avg=0.00ms max=0.00ms | copywait avg=0.006ms max=0.139ms | copy-land<= avg=40.23ms max=25181.82ms | work avg=5.89ms max=200.97ms | totals armed=7511 unarmed=0 skipped=0 busy=0 mismatch=0 copies_failed=0 writes=7511 conflicts=0
10:34:03.985  [fg-relay] rate4: throttle depth=1 off=0 | sleep calls=100.1/s waits=0.0/s clear=100.1/s timeouts=0.0/s avg=0.00ms | present calls=100.1/s waits=0.0/s clear=0.0/s timeouts=0.0/s avg=0.00ms | max=111.50ms (process)
10:34:18.985  [fg-relay] rate/15.0s p2 import_opt=1: presents=100.0/s present-gate[point=100.0 ready=0.0 fallback=0.0 inactive=0.0]/s noinfo=0.0/s stale=0.0/s unlearned=0.0/s attempts=0.0/s armed=0.0/s skipped=0.0/s busy=0.0/s arm-reject[state=0.0 request=0.0 refused=0.0 stopping=0.0 res=0.0 size=0.0]/s pool[cap=0.0 family=0.0 create=0.0 alloc=0.0]/s copy-drop[fence=0.0 reset=0.0 begin=0.0 end=0.0 submit=0.0]/s cf[seq=0.0/s idle=0.0/s nrfence=0.0/s] slotbusy=0.0/s copyfence-busy=0.0/s nr-gpuwait=0.0/s flips=0.0/s
10:34:18.985  [fg-relay] rate2: fginput eval=0.0/s index!=1=0.0/s eval-gate[off=0.0 fallback=0.0 notready=0.0 noinput=0.0 noqueue=0.0]/s relay eval=0.0/s consume=0.0/s inplace=0.0/s(ok 0.0/s) unarmed=0.0/s mismatch=0.0/s relbusy=0.0/s relok=0.0/s relfail=0.0/s release-stage[queue=0.0 pool=0.0 fence=0.0 reset=0.0 begin=0.0 end=0.0 submit=0.0]/s watchdog=0.0/s | worker plays=0.0/s ok=0.0/s fail=0.0/s nr_absent=0.0/s copyfail=0.0/s
10:34:18.985  [fg-relay] rate3: arm->arm avg=39.68ms max=25182.14ms n=7510 | arm->work avg=0.01ms max=0.20ms | arm->eval avg=0.00ms max=0.00ms | copywait avg=0.006ms max=0.139ms | copy-land<= avg=40.23ms max=25181.82ms | work avg=5.89ms max=200.97ms | totals armed=7511 unarmed=0 skipped=0 busy=0 mismatch=0 copies_failed=0 writes=7511 conflicts=0
10:34:18.985  [fg-relay] rate4: throttle depth=1 off=0 | sleep calls=100.0/s waits=0.0/s clear=100.0/s timeouts=0.0/s avg=0.00ms | present calls=100.0/s waits=0.0/s clear=0.0/s timeouts=0.0/s avg=0.00ms | max=111.50ms (process)
10:34:25.047  === Vulkan CreateFeature1 #54  feature_id=18  VkDevice=000000002FCE00D0  thread 75496 ===
10:34:25.048  === Vulkan CreateFeature1 #54 returned -1160773630, handle=0000000000000000 ===
10:34:33.986  [fg-relay] rate/15.0s p2 import_opt=1: presents=99.3/s present-gate[point=99.3 ready=0.0 fallback=0.0 inactive=0.0]/s noinfo=0.0/s stale=0.0/s unlearned=0.0/s attempts=0.0/s armed=0.0/s skipped=0.0/s busy=0.0/s arm-reject[state=0.0 request=0.0 refused=0.0 stopping=0.0 res=0.0 size=0.0]/s pool[cap=0.0 family=0.0 create=0.0 alloc=0.0]/s copy-drop[fence=0.0 reset=0.0 begin=0.0 end=0.0 submit=0.0]/s cf[seq=0.0/s idle=0.0/s nrfence=0.0/s] slotbusy=0.0/s copyfence-busy=0.0/s nr-gpuwait=0.0/s flips=0.0/s
10:34:33.986  [fg-relay] rate2: fginput eval=0.0/s index!=1=0.0/s eval-gate[off=0.0 fallback=0.0 notready=0.0 noinput=0.0 noqueue=0.0]/s relay eval=0.0/s consume=0.0/s inplace=0.0/s(ok 0.0/s) unarmed=0.0/s mismatch=0.0/s relbusy=0.0/s relok=0.0/s relfail=0.0/s release-stage[queue=0.0 pool=0.0 fence=0.0 reset=0.0 begin=0.0 end=0.0 submit=0.0]/s watchdog=0.0/s | worker plays=0.0/s ok=0.0/s fail=0.0/s nr_absent=0.0/s copyfail=0.0/s
10:34:33.986  [fg-relay] rate3: arm->arm avg=39.68ms max=25182.14ms n=7510 | arm->work avg=0.01ms max=0.20ms | arm->eval avg=0.00ms max=0.00ms | copywait avg=0.006ms max=0.139ms | copy-land<= avg=40.23ms max=25181.82ms | work avg=5.89ms max=200.97ms | totals armed=7511 unarmed=0 skipped=0 busy=0 mismatch=0 copies_failed=0 writes=7511 conflicts=0
10:34:33.986  [fg-relay] rate4: throttle depth=1 off=0 | sleep calls=99.3/s waits=0.0/s clear=99.3/s timeouts=0.0/s avg=0.00ms | present calls=99.3/s waits=0.0/s clear=0.0/s timeouts=0.0/s avg=0.00ms | max=111.50ms (process)
10:34:48.991  [fg-relay] rate/15.0s p2 import_opt=1: presents=99.5/s present-gate[point=99.5 ready=0.0 fallback=0.0 inactive=0.0]/s noinfo=0.0/s stale=0.0/s unlearned=0.0/s attempts=0.0/s armed=0.0/s skipped=0.0/s busy=0.0/s arm-reject[state=0.0 request=0.0 refused=0.0 stopping=0.0 res=0.0 size=0.0]/s pool[cap=0.0 family=0.0 create=0.0 alloc=0.0]/s copy-drop[fence=0.0 reset=0.0 begin=0.0 end=0.0 submit=0.0]/s cf[seq=0.0/s idle=0.0/s nrfence=0.0/s] slotbusy=0.0/s copyfence-busy=0.0/s nr-gpuwait=0.0/s flips=0.0/s
10:34:48.992  [fg-relay] rate2: fginput eval=0.0/s index!=1=0.0/s eval-gate[off=0.0 fallback=0.0 notready=0.0 noinput=0.0 noqueue=0.0]/s relay eval=0.0/s consume=0.0/s inplace=0.0/s(ok 0.0/s) unarmed=0.0/s mismatch=0.0/s relbusy=0.0/s relok=0.0/s relfail=0.0/s release-stage[queue=0.0 pool=0.0 fence=0.0 reset=0.0 begin=0.0 end=0.0 submit=0.0]/s watchdog=0.0/s | worker plays=0.0/s ok=0.0/s fail=0.0/s nr_absent=0.0/s copyfail=0.0/s
10:34:48.992  [fg-relay] rate3: arm->arm avg=39.68ms max=25182.14ms n=7510 | arm->work avg=0.01ms max=0.20ms | arm->eval avg=0.00ms max=0.00ms | copywait avg=0.006ms max=0.139ms | copy-land<= avg=40.23ms max=25181.82ms | work avg=5.89ms max=200.97ms | totals armed=7511 unarmed=0 skipped=0 busy=0 mismatch=0 copies_failed=0 writes=7511 conflicts=0
10:34:48.992  [fg-relay] rate4: throttle depth=1 off=0 | sleep calls=99.5/s waits=0.0/s clear=99.5/s timeouts=0.0/s avg=0.00ms | present calls=99.5/s waits=0.0/s clear=0.0/s timeouts=0.0/s avg=0.00ms | max=111.50ms (process)
10:34:55.056  === Vulkan CreateFeature1 #55  feature_id=18  VkDevice=000000002FCE00D0  thread 75496 ===
10:34:55.056  === Vulkan CreateFeature1 #55 returned -1160773630, handle=0000000000000000 ===
10:35:03.983  [fg-relay] rate/15.0s p2 import_opt=1: presents=99.6/s present-gate[point=99.6 ready=0.0 fallback=0.0 inactive=0.0]/s noinfo=0.0/s stale=0.0/s unlearned=0.0/s attempts=0.0/s armed=0.0/s skipped=0.0/s busy=0.0/s arm-reject[state=0.0 request=0.0 refused=0.0 stopping=0.0 res=0.0 size=0.0]/s pool[cap=0.0 family=0.0 create=0.0 alloc=0.0]/s copy-drop[fence=0.0 reset=0.0 begin=0.0 end=0.0 submit=0.0]/s cf[seq=0.0/s idle=0.0/s nrfence=0.0/s] slotbusy=0.0/s copyfence-busy=0.0/s nr-gpuwait=0.0/s flips=0.0/s
10:35:03.983  [fg-relay] rate2: fginput eval=0.0/s index!=1=0.0/s eval-gate[off=0.0 fallback=0.0 notready=0.0 noinput=0.0 noqueue=0.0]/s relay eval=0.0/s consume=0.0/s inplace=0.0/s(ok 0.0/s) unarmed=0.0/s mismatch=0.0/s relbusy=0.0/s relok=0.0/s relfail=0.0/s release-stage[queue=0.0 pool=0.0 fence=0.0 reset=0.0 begin=0.0 end=0.0 submit=0.0]/s watchdog=0.0/s | worker plays=0.0/s ok=0.0/s fail=0.0/s nr_absent=0.0/s copyfail=0.0/s
10:35:03.983  [fg-relay] rate3: arm->arm avg=39.68ms max=25182.14ms n=7510 | arm->work avg=0.01ms max=0.20ms | arm->eval avg=0.00ms max=0.00ms | copywait avg=0.006ms max=0.139ms | copy-land<= avg=40.23ms max=25181.82ms | work avg=5.89ms max=200.97ms | totals armed=7511 unarmed=0 skipped=0 busy=0 mismatch=0 copies_failed=0 writes=7511 conflicts=0
10:35:03.983  [fg-relay] rate4: throttle depth=1 off=0 | sleep calls=99.6/s waits=0.0/s clear=99.6/s timeouts=0.0/s avg=0.00ms | present calls=99.6/s waits=0.0/s clear=0.0/s timeouts=0.0/s avg=0.00ms | max=111.50ms (process)
10:35:18.987  [fg-relay] rate/15.0s p2 import_opt=1: presents=99.3/s present-gate[point=99.3 ready=0.0 fallback=0.0 inactive=0.0]/s noinfo=0.0/s stale=0.0/s unlearned=0.0/s attempts=0.0/s armed=0.0/s skipped=0.0/s busy=0.0/s arm-reject[state=0.0 request=0.0 refused=0.0 stopping=0.0 res=0.0 size=0.0]/s pool[cap=0.0 family=0.0 create=0.0 alloc=0.0]/s copy-drop[fence=0.0 reset=0.0 begin=0.0 end=0.0 submit=0.0]/s cf[seq=0.0/s idle=0.0/s nrfence=0.0/s] slotbusy=0.0/s copyfence-busy=0.0/s nr-gpuwait=0.0/s flips=0.0/s
10:35:18.988  [fg-relay] rate2: fginput eval=0.0/s index!=1=0.0/s eval-gate[off=0.0 fallback=0.0 notready=0.0 noinput=0.0 noqueue=0.0]/s relay eval=0.0/s consume=0.0/s inplace=0.0/s(ok 0.0/s) unarmed=0.0/s mismatch=0.0/s relbusy=0.0/s relok=0.0/s relfail=0.0/s release-stage[queue=0.0 pool=0.0 fence=0.0 reset=0.0 begin=0.0 end=0.0 submit=0.0]/s watchdog=0.0/s | worker plays=0.0/s ok=0.0/s fail=0.0/s nr_absent=0.0/s copyfail=0.0/s
10:35:18.988  [fg-relay] rate3: arm->arm avg=39.68ms max=25182.14ms n=7510 | arm->work avg=0.01ms max=0.20ms | arm->eval avg=0.00ms max=0.00ms | copywait avg=0.006ms max=0.139ms | copy-land<= avg=40.23ms max=25181.82ms | work avg=5.89ms max=200.97ms | totals armed=7511 unarmed=0 skipped=0 busy=0 mismatch=0 copies_failed=0 writes=7511 conflicts=0
10:35:18.988  [fg-relay] rate4: throttle depth=1 off=0 | sleep calls=99.3/s waits=0.0/s clear=99.3/s timeouts=0.0/s avg=0.00ms | present calls=99.3/s waits=0.0/s clear=0.0/s timeouts=0.0/s avg=0.00ms | max=111.50ms (process)
10:35:25.065  === Vulkan CreateFeature1 #56  feature_id=18  VkDevice=000000002FCE00D0  thread 75496 ===
10:35:25.065  === Vulkan CreateFeature1 #56 returned -1160773630, handle=0000000000000000 ===
10:35:33.989  [fg-relay] rate/15.0s p2 import_opt=1: presents=99.4/s present-gate[point=99.4 ready=0.0 fallback=0.0 inactive=0.0]/s noinfo=0.0/s stale=0.0/s unlearned=0.0/s attempts=0.0/s armed=0.0/s skipped=0.0/s busy=0.0/s arm-reject[state=0.0 request=0.0 refused=0.0 stopping=0.0 res=0.0 size=0.0]/s pool[cap=0.0 family=0.0 create=0.0 alloc=0.0]/s copy-drop[fence=0.0 reset=0.0 begin=0.0 end=0.0 submit=0.0]/s cf[seq=0.0/s idle=0.0/s nrfence=0.0/s] slotbusy=0.0/s copyfence-busy=0.0/s nr-gpuwait=0.0/s flips=0.0/s
10:35:33.989  [fg-relay] rate2: fginput eval=0.0/s index!=1=0.0/s eval-gate[off=0.0 fallback=0.0 notready=0.0 noinput=0.0 noqueue=0.0]/s relay eval=0.0/s consume=0.0/s inplace=0.0/s(ok 0.0/s) unarmed=0.0/s mismatch=0.0/s relbusy=0.0/s relok=0.0/s relfail=0.0/s release-stage[queue=0.0 pool=0.0 fence=0.0 reset=0.0 begin=0.0 end=0.0 submit=0.0]/s watchdog=0.0/s | worker plays=0.0/s ok=0.0/s fail=0.0/s nr_absent=0.0/s copyfail=0.0/s
10:35:33.989  [fg-relay] rate3: arm->arm avg=39.68ms max=25182.14ms n=7510 | arm->work avg=0.01ms max=0.20ms | arm->eval avg=0.00ms max=0.00ms | copywait avg=0.006ms max=0.139ms | copy-land<= avg=40.23ms max=25181.82ms | work avg=5.89ms max=200.97ms | totals armed=7511 unarmed=0 skipped=0 busy=0 mismatch=0 copies_failed=0 writes=7511 conflicts=0
10:35:33.989  [fg-relay] rate4: throttle depth=1 off=0 | sleep calls=99.4/s waits=0.0/s clear=99.4/s timeouts=0.0/s avg=0.00ms | present calls=99.4/s waits=0.0/s clear=0.0/s timeouts=0.0/s avg=0.00ms | max=111.50ms (process)
10:35:46.318  [bridge] 7800 frames delivered so far.
10:35:48.999  [fg-relay] rate/15.0s p2 import_opt=1: presents=52.5/s present-gate[point=52.5 ready=0.0 fallback=0.0 inactive=0.0]/s noinfo=0.0/s stale=0.0/s unlearned=0.0/s attempts=25.4/s armed=25.4/s skipped=0.0/s busy=0.0/s arm-reject[state=0.0 request=0.0 refused=0.0 stopping=0.0 res=0.0 size=0.0]/s pool[cap=0.0 family=0.0 create=0.0 alloc=0.0]/s copy-drop[fence=0.0 reset=0.0 begin=0.0 end=0.0 submit=0.0]/s cf[seq=0.0/s idle=0.0/s nrfence=0.0/s] slotbusy=0.0/s copyfence-busy=0.0/s nr-gpuwait=24.6/s flips=0.0/s
10:35:49.000  [fg-relay] rate2: fginput eval=76.0/s index!=1=50.6/s eval-gate[off=0.0 fallback=0.0 notready=0.0 noinput=0.0 noqueue=0.0]/s relay eval=25.4/s consume=0.0/s inplace=25.4/s(ok 25.4/s) unarmed=0.0/s mismatch=0.0/s relbusy=0.0/s relok=25.4/s relfail=0.0/s release-stage[queue=0.0 pool=0.0 fence=0.0 reset=0.0 begin=0.0 end=0.0 submit=0.0]/s watchdog=0.0/s | worker plays=25.4/s ok=25.4/s fail=0.0/s nr_absent=0.0/s copyfail=0.0/s
10:35:49.000  [fg-relay] rate3: arm->arm avg=163.24ms max=979154.93ms n=7891 | arm->work avg=0.01ms max=0.20ms | arm->eval avg=0.00ms max=0.00ms | copywait avg=0.006ms max=0.139ms | copy-land<= avg=163.78ms max=979154.84ms | work avg=5.82ms max=200.97ms | totals armed=7892 unarmed=0 skipped=0 busy=0 mismatch=0 copies_failed=0 writes=7892 conflicts=0
10:35:49.000  [fg-relay] rate4: throttle depth=1 off=0 | sleep calls=52.5/s waits=25.3/s clear=27.2/s timeouts=0.0/s avg=21.63ms | present calls=52.5/s waits=0.0/s clear=0.0/s timeouts=0.0/s avg=0.00ms | max=111.50ms (process)
10:35:53.494  [fg-input] released the private session; the native mirror may take it.
10:35:53.494    (entry point: NVSDK_NGX_VULKAN_EvaluateFeature)
10:35:53.495  --- Vulkan EvaluateFeature #1 returned 1 ---
10:35:53.495  === Vulkan evaluate #1 ===
10:35:53.495    contract: 5120x2160 -> 5120x2160  quality=5  jitter -0.0000,0.1667  MV.Scale 5120.0,2160.0
10:35:53.495  [bridge] the game's own create flags 11: IsHDR MVLowRes DepthInverted
10:35:53.495  [bridge] sent to D3D12, copied from the game flags 11: IsHDR MVLowRes DepthInverted
10:35:53.495    Color         VkImage=0000000041A336D0 view=000000003E204BD0 VkFormat=122 5120x2160 aspect=0x1 mip=0 layer=0
10:35:53.495    Output        VkImage=0000000044B836D0 view=0000000044BD2350 VkFormat=97 5120x2160 aspect=0x1 mip=0 layer=0
10:35:53.495    Depth         VkImage=0000000041A3CCD0 view=0000000040973250 VkFormat=130 5120x2160 aspect=0x1 mip=0 layer=0
10:35:53.495    MV            VkImage=0000000041A360D0 view=0000000040970250 VkFormat=83 5120x2160 aspect=0x1 mip=0 layer=0
10:35:53.495  [vkmirror] the game supplies an exposure texture (VkFormat 76 1x1 aspect=0x1); it is mirrored to D3D12 so both sides run the same contract.
10:35:53.495  [vkmirror] building the D3D12 feature and its Vulkan import for 5120x2160 -> 5120x2160 R11G11B10_FLOAT (no feature yet)
10:35:53.499  [synth] colour in R11G11B10_FLOAT, output R16G16B16A16_FLOAT -- the frame is copied into the first and the result is copied back out of the second, because NGX reads one as a shader resource and writes the other through a UAV in the same call.
10:35:53.499  [synth]   Color  fmt 26 5120x2160 flags=0x20: sample yes, typed UAV yes, UAV load yes, UAV store yes
10:35:53.499  [synth]   Output fmt 10 5120x2160 flags=0x24: sample yes, typed UAV yes, UAV load yes, UAV store yes
10:35:53.499  [synth]   Depth  fmt 41 5120x2160 flags=0x20: sample yes, typed UAV yes, UAV load yes, UAV store yes
10:35:53.499  [synth]   MV     fmt 34 5120x2160 flags=0x20: sample yes, typed UAV yes, UAV load yes, UAV store yes
10:35:53.499  [bridge] the mirrored contract's create flags 11: IsHDR MVLowRes DepthInverted
10:35:53.525  [synth] feature ready on this add-on's own D3D12 device: 5120x2160 -> 5120x2160 handle=00000028E8ACC470
10:35:53.525  [synth] imported memory: the image allows types 0x00000003, the imported handle allows 0x00000002 (query returned 0), and the lowest of the two together is taken, index 1. UNVERIFIED on AMD and on Intel -- if the import fails or the picture is wrong on one of those, this line is the first thing to compare.
10:35:53.526  [synth] 5 D3D12 textures imported into the game's VkDevice -- the four slots, the game's exposure texture -- and a 44236800-byte buffer made for the depth aspect to travel through.
10:35:53.526  [vkmirror] frame 1 recorded (5120x2160 -> 5120x2160), stage=3
10:35:54.282    (entry point: NVSDK_NGX_VULKAN_EvaluateFeature)
10:35:54.397  --- Vulkan EvaluateFeature #2 returned 1 ---
10:35:54.397  === Vulkan evaluate #2 ===
10:35:54.397    contract: 5120x2160 -> 5120x2160  quality=5  jitter 0.2500,-0.1667  MV.Scale 5120.0,2160.0
10:35:54.397  [bridge] the game's own create flags 11: IsHDR MVLowRes DepthInverted
10:35:54.397  [bridge] sent to D3D12, copied from the game flags 11: IsHDR MVLowRes DepthInverted
10:35:54.398    Color         VkImage=0000000041A372D0 view=0000000040970850 VkFormat=122 5120x2160 aspect=0x1 mip=0 layer=0
10:35:54.398    Output        VkImage=0000000044B836D0 view=0000000044BD2350 VkFormat=97 5120x2160 aspect=0x1 mip=0 layer=0
10:35:54.398    Depth         VkImage=0000000041A3CCD0 view=0000000040973250 VkFormat=130 5120x2160 aspect=0x1 mip=0 layer=0
10:35:54.398    MV            VkImage=0000000041A360D0 view=0000000040970250 VkFormat=83 5120x2160 aspect=0x1 mip=0 layer=0
10:35:54.403    (entry point: NVSDK_NGX_VULKAN_EvaluateFeature)
10:35:54.403  --- Vulkan EvaluateFeature #3 returned 1 ---
10:35:54.521  === Vulkan evaluate #3 ===
10:35:54.521    contract: 5120x2160 -> 5120x2160  quality=5  jitter -0.2500,0.3889  MV.Scale 5120.0,2160.0
10:35:54.521  [bridge] the game's own create flags 11: IsHDR MVLowRes DepthInverted
10:35:54.522  [bridge] sent to D3D12, copied from the game flags 11: IsHDR MVLowRes DepthInverted
10:35:54.522    Color         VkImage=0000000041A336D0 view=000000003E204BD0 VkFormat=122 5120x2160 aspect=0x1 mip=0 layer=0
10:35:54.522    Output        VkImage=0000000044B836D0 view=0000000044BD2350 VkFormat=97 5120x2160 aspect=0x1 mip=0 layer=0
10:35:54.522    Depth         VkImage=0000000041A3CCD0 view=0000000040973250 VkFormat=130 5120x2160 aspect=0x1 mip=0 layer=0
10:35:54.522    MV            VkImage=0000000041A360D0 view=0000000040970250 VkFormat=83 5120x2160 aspect=0x1 mip=0 layer=0
10:35:54.527    (entry point: NVSDK_NGX_VULKAN_EvaluateFeature)
10:35:54.527  --- Vulkan EvaluateFeature #4 returned 1 ---
10:35:54.576    (entry point: NVSDK_NGX_VULKAN_EvaluateFeature)
10:35:54.577  --- Vulkan EvaluateFeature #5 returned 1 ---
10:36:04.015  [fg-relay] rate/15.0s p2 import_opt=1: presents=21.3/s present-gate[point=21.3 ready=0.0 fallback=0.0 inactive=0.0]/s noinfo=0.0/s stale=0.0/s unlearned=0.0/s attempts=7.3/s armed=7.3/s skipped=0.0/s busy=0.0/s arm-reject[state=0.0 request=0.0 refused=0.0 stopping=0.0 res=0.0 size=0.0]/s pool[cap=0.0 family=0.0 create=0.0 alloc=0.0]/s copy-drop[fence=0.0 reset=0.0 begin=0.0 end=0.0 submit=0.0]/s cf[seq=0.0/s idle=0.0/s nrfence=0.0/s] slotbusy=0.0/s copyfence-busy=0.0/s nr-gpuwait=7.1/s flips=0.0/s
10:36:04.015  [fg-relay] rate2: fginput eval=58.3/s index!=1=14.5/s eval-gate[off=0.0 fallback=0.0 notready=0.0 noinput=0.0 noqueue=0.0]/s relay eval=7.3/s consume=0.0/s inplace=7.3/s(ok 7.3/s) unarmed=0.0/s mismatch=0.0/s relbusy=0.0/s relok=7.3/s relfail=0.0/s release-stage[queue=0.0 pool=0.0 fence=0.0 reset=0.0 begin=0.0 end=0.0 submit=0.0]/s watchdog=0.0/s | worker plays=7.3/s ok=7.3/s fail=0.0/s nr_absent=0.1/s copyfail=0.0/s
10:36:04.015  [fg-relay] rate3: arm->arm avg=161.57ms max=979154.93ms n=8000 | arm->work avg=0.01ms max=0.20ms | arm->eval avg=0.00ms max=0.00ms | copywait avg=0.006ms max=0.139ms | copy-land<= avg=162.10ms max=979154.84ms | work avg=5.87ms max=200.97ms | totals armed=8001 unarmed=0 skipped=0 busy=0 mismatch=0 copies_failed=0 writes=8001 conflicts=0
10:36:04.015  [fg-relay] rate4: throttle depth=1 off=0 | sleep calls=21.2/s waits=7.3/s clear=0.1/s timeouts=0.0/s avg=33.21ms | present calls=21.3/s waits=0.0/s clear=0.0/s timeouts=0.0/s avg=0.00ms | max=111.50ms (process)
10:36:12.687  [bridge] 8400 frames delivered so far.
10:36:16.450  [fg-input] the native mirror released the private session; Present is served at the frame-generation input.
10:36:16.451  [fg-input] building the private feature and its Vulkan import for 5120x2160 R8G8B8A8_UNORM
10:36:16.457  [bridge] sRGB conversion ready: R8G8B8A8_UNORM -> linear BT.709 (normalized SDR) -> original encoding.
10:36:16.457  [synth] colour in R8G8B8A8_UNORM, output R8G8B8A8_UNORM -- the frame is copied into the first and the result is copied back out of the second, because NGX reads one as a shader resource and writes the other through a UAV in the same call.
10:36:16.457  [synth]   Color  fmt 28 5120x2160 flags=0x20: sample yes, typed UAV yes, UAV load yes, UAV store yes
10:36:16.458  [synth]   Output fmt 28 5120x2160 flags=0x24: sample yes, typed UAV yes, UAV load yes, UAV store yes
10:36:16.458  [synth]   Depth  fmt 41 5120x2160 flags=0x20: sample yes, typed UAV yes, UAV load yes, UAV store yes
10:36:16.458  [synth]   MV     fmt 34 5120x2160 flags=0x20: sample yes, typed UAV yes, UAV load yes, UAV store yes
10:36:16.458  [bridge] the synthetic contract's create flags 8: DepthInverted
10:36:16.469  [synth] feature ready on this add-on's own D3D12 device: 5120x2160 -> 5120x2160 handle=00000028E8ACC470
10:36:16.469  [synth] imported memory: the image allows types 0x00000003, the imported handle allows 0x00000002 (query returned 0), and the lowest of the two together is taken, index 1. UNVERIFIED on AMD and on Intel -- if the import fails or the picture is wrong on one of those, this line is the first thing to compare.
10:36:16.470  [synth] 5 D3D12 textures imported into the game's VkDevice -- the four slots, and the pipeline's second Output -- and a 44236800-byte buffer made for the depth aspect to travel through.
10:36:16.470  [fg-input] ready: HUD-less -> linear sRGB carrier -> Generic NR -> UI-preserving composite; FG interpolates processed frames. guides: mv=game (scale 5120.000,2160.000) depth=game inverted=1
10:36:16.504  [fg-relay] open. Copy completion is signalled to the private queue on the GPU (exported timeline semaphore); the park release is set on the GPU (imported D3D12 fence). Pipeline=2 Import=1.
10:36:16.504  [fg-relay] frame not armed (unarmed=1 skipped=1 busy=0): FG runs on the game's own image this group.
10:36:16.607  [fg-input] frame=2 5120x2160 vkfmt=37 mode=NR pipeline=serial nr_entries=0 sr_entries=1 sr_copies=1 ok=1 busy_skips=0 token=1.
10:36:16.623  [fg-relay] command pool for queue 000000002EB73CD0: family=2.
10:36:19.033  [fg-relay] rate/15.0s p2 import_opt=1: presents=22.1/s present-gate[point=22.1 ready=0.0 fallback=0.0 inactive=0.0]/s noinfo=0.0/s stale=0.0/s unlearned=0.0/s attempts=4.1/s armed=4.0/s skipped=0.1/s busy=0.0/s arm-reject[state=0.0 request=0.0 refused=0.0 stopping=0.0 res=0.0 size=0.0]/s pool[cap=0.0 family=0.0 create=0.0 alloc=0.0]/s copy-drop[fence=0.0 reset=0.0 begin=0.0 end=0.0 submit=0.0]/s cf[seq=0.0/s idle=0.1/s nrfence=0.0/s] slotbusy=0.0/s copyfence-busy=0.0/s nr-gpuwait=3.9/s flips=0.1/s
10:36:19.034  [fg-relay] rate2: fginput eval=64.3/s index!=1=8.1/s eval-gate[off=0.0 fallback=0.0 notready=0.1 noinput=0.0 noqueue=0.0]/s relay eval=4.1/s consume=0.0/s inplace=4.1/s(ok 4.0/s) unarmed=0.1/s mismatch=0.0/s relbusy=0.0/s relok=4.0/s relfail=0.0/s release-stage[queue=0.0 pool=0.0 fence=0.0 reset=0.0 begin=0.0 end=0.0 submit=0.0]/s watchdog=0.0/s | worker plays=4.0/s ok=4.0/s fail=0.0/s nr_absent=0.0/s copyfail=0.0/s
10:36:19.034  [fg-relay] rate3: arm->arm avg=163.54ms max=979154.93ms n=8060 | arm->work avg=0.01ms max=0.20ms | arm->eval avg=0.00ms max=0.00ms | copywait avg=0.006ms max=0.139ms | copy-land<= avg=161.21ms max=979154.84ms | work avg=5.89ms max=200.97ms | totals armed=8061 unarmed=1 skipped=1 busy=0 mismatch=0 copies_failed=0 writes=8061 conflicts=0
10:36:19.034  [fg-relay] rate4: throttle depth=1 off=0 | sleep calls=22.2/s waits=3.8/s clear=0.3/s timeouts=0.0/s avg=31.81ms | present calls=22.1/s waits=0.0/s clear=0.0/s timeouts=0.0/s avg=0.00ms | max=111.50ms (process)
10:36:27.296  === Vulkan CreateFeature1 #57  feature_id=18  VkDevice=000000002FCE00D0  thread 75496 ===
10:36:27.296  === Vulkan CreateFeature1 #57 returned -1160773630, handle=0000000000000000 ===
10:36:27.305  === Vulkan CreateFeature1 #58  feature_id=18  VkDevice=000000002FCE00D0  thread 75496 ===
10:36:27.305  === Vulkan CreateFeature1 #58 returned -1160773630, handle=0000000000000000 ===
10:36:28.316  === Vulkan CreateFeature1 #59  feature_id=18  VkDevice=000000002FCE00D0  thread 75496 ===
10:36:28.316  === Vulkan CreateFeature1 #59 returned -1160773630, handle=0000000000000000 ===
10:36:30.324  === Vulkan CreateFeature1 #60  feature_id=18  VkDevice=000000002FCE00D0  thread 75496 ===
10:36:30.324  === Vulkan CreateFeature1 #60 returned -1160773630, handle=0000000000000000 ===
10:36:34.035  [fg-relay] rate/15.0s p2 import_opt=1: presents=84.9/s present-gate[point=84.9 ready=0.0 fallback=0.0 inactive=0.0]/s noinfo=0.0/s stale=0.0/s unlearned=0.0/s attempts=5.5/s armed=5.5/s skipped=0.0/s busy=0.0/s arm-reject[state=0.0 request=0.0 refused=0.0 stopping=0.0 res=0.0 size=0.0]/s pool[cap=0.0 family=0.0 create=0.0 alloc=0.0]/s copy-drop[fence=0.0 reset=0.0 begin=0.0 end=0.0 submit=0.0]/s cf[seq=0.0/s idle=0.0/s nrfence=0.0/s] slotbusy=0.0/s copyfence-busy=0.0/s nr-gpuwait=5.5/s flips=0.0/s
10:36:34.035  [fg-relay] rate2: fginput eval=16.7/s index!=1=11.2/s eval-gate[off=0.0 fallback=0.0 notready=0.0 noinput=0.0 noqueue=0.0]/s relay eval=5.5/s consume=0.0/s inplace=5.5/s(ok 5.5/s) unarmed=0.0/s mismatch=0.0/s relbusy=0.0/s relok=5.5/s relfail=0.0/s release-stage[queue=0.0 pool=0.0 fence=0.0 reset=0.0 begin=0.0 end=0.0 submit=0.0]/s watchdog=0.0/s | worker plays=5.5/s ok=5.5/s fail=0.0/s nr_absent=0.0/s copyfail=0.0/s
10:36:34.036  [fg-relay] rate3: arm->arm avg=162.28ms max=979154.93ms n=8143 | arm->work avg=0.01ms max=0.20ms | arm->eval avg=0.00ms max=0.00ms | copywait avg=0.006ms max=0.139ms | copy-land<= avg=159.97ms max=979154.84ms | work avg=5.90ms max=200.97ms | totals armed=8144 unarmed=1 skipped=1 busy=0 mismatch=0 copies_failed=0 writes=8144 conflicts=0
10:36:34.036  [fg-relay] rate4: throttle depth=1 off=0 | sleep calls=84.9/s waits=5.6/s clear=79.3/s timeouts=0.0/s avg=30.69ms | present calls=84.9/s waits=0.0/s clear=0.0/s timeouts=0.0/s avg=0.00ms | max=111.50ms (process)
10:36:34.326  === Vulkan CreateFeature1 #61  feature_id=18  VkDevice=000000002FCE00D0  thread 75496 ===
10:36:34.326  === Vulkan CreateFeature1 #61 returned -1160773630, handle=0000000000000000 ===
10:36:42.328  === Vulkan CreateFeature1 #62  feature_id=18  VkDevice=000000002FCE00D0  thread 75496 ===
10:36:42.329  === Vulkan CreateFeature1 #62 returned -1160773630, handle=0000000000000000 ===
10:36:49.035  [fg-relay] rate/15.0s p2 import_opt=1: presents=102.2/s present-gate[point=102.2 ready=0.0 fallback=0.0 inactive=0.0]/s noinfo=0.0/s stale=0.0/s unlearned=0.0/s attempts=0.0/s armed=0.0/s skipped=0.0/s busy=0.0/s arm-reject[state=0.0 request=0.0 refused=0.0 stopping=0.0 res=0.0 size=0.0]/s pool[cap=0.0 family=0.0 create=0.0 alloc=0.0]/s copy-drop[fence=0.0 reset=0.0 begin=0.0 end=0.0 submit=0.0]/s cf[seq=0.0/s idle=0.0/s nrfence=0.0/s] slotbusy=0.0/s copyfence-busy=0.0/s nr-gpuwait=0.0/s flips=0.0/s
10:36:49.036  [fg-relay] rate2: fginput eval=0.0/s index!=1=0.0/s eval-gate[off=0.0 fallback=0.0 notready=0.0 noinput=0.0 noqueue=0.0]/s relay eval=0.0/s consume=0.0/s inplace=0.0/s(ok 0.0/s) unarmed=0.0/s mismatch=0.0/s relbusy=0.0/s relok=0.0/s relfail=0.0/s release-stage[queue=0.0 pool=0.0 fence=0.0 reset=0.0 begin=0.0 end=0.0 submit=0.0]/s watchdog=0.0/s | worker plays=0.0/s ok=0.0/s fail=0.0/s nr_absent=0.0/s copyfail=0.0/s
10:36:49.036  [fg-relay] rate3: arm->arm avg=162.28ms max=979154.93ms n=8143 | arm->work avg=0.01ms max=0.20ms | arm->eval avg=0.00ms max=0.00ms | copywait avg=0.006ms max=0.139ms | copy-land<= avg=159.97ms max=979154.84ms | work avg=5.90ms max=200.97ms | totals armed=8144 unarmed=1 skipped=1 busy=0 mismatch=0 copies_failed=0 writes=8144 conflicts=0
10:36:49.036  [fg-relay] rate4: throttle depth=1 off=0 | sleep calls=102.2/s waits=0.0/s clear=102.2/s timeouts=0.0/s avg=0.00ms | present calls=102.2/s waits=0.0/s clear=0.0/s timeouts=0.0/s avg=0.00ms | max=111.50ms (process)
10:36:58.337  === Vulkan CreateFeature1 #63  feature_id=18  VkDevice=000000002FCE00D0  thread 75496 ===
10:36:58.337  === Vulkan CreateFeature1 #63 returned -1160773630, handle=0000000000000000 ===
10:37:04.029  [fg-relay] rate/15.0s p2 import_opt=1: presents=102.3/s present-gate[point=102.3 ready=0.0 fallback=0.0 inactive=0.0]/s noinfo=0.0/s stale=0.0/s unlearned=0.0/s attempts=0.0/s armed=0.0/s skipped=0.0/s busy=0.0/s arm-reject[state=0.0 request=0.0 refused=0.0 stopping=0.0 res=0.0 size=0.0]/s pool[cap=0.0 family=0.0 create=0.0 alloc=0.0]/s copy-drop[fence=0.0 reset=0.0 begin=0.0 end=0.0 submit=0.0]/s cf[seq=0.0/s idle=0.0/s nrfence=0.0/s] slotbusy=0.0/s copyfence-busy=0.0/s nr-gpuwait=0.0/s flips=0.0/s
10:37:04.029  [fg-relay] rate2: fginput eval=0.0/s index!=1=0.0/s eval-gate[off=0.0 fallback=0.0 notready=0.0 noinput=0.0 noqueue=0.0]/s relay eval=0.0/s consume=0.0/s inplace=0.0/s(ok 0.0/s) unarmed=0.0/s mismatch=0.0/s relbusy=0.0/s relok=0.0/s relfail=0.0/s release-stage[queue=0.0 pool=0.0 fence=0.0 reset=0.0 begin=0.0 end=0.0 submit=0.0]/s watchdog=0.0/s | worker plays=0.0/s ok=0.0/s fail=0.0/s nr_absent=0.0/s copyfail=0.0/s
10:37:04.029  [fg-relay] rate3: arm->arm avg=162.28ms max=979154.93ms n=8143 | arm->work avg=0.01ms max=0.20ms | arm->eval avg=0.00ms max=0.00ms | copywait avg=0.006ms max=0.139ms | copy-land<= avg=159.97ms max=979154.84ms | work avg=5.90ms max=200.97ms | totals armed=8144 unarmed=1 skipped=1 busy=0 mismatch=0 copies_failed=0 writes=8144 conflicts=0
10:37:04.029  [fg-relay] rate4: throttle depth=1 off=0 | sleep calls=102.3/s waits=0.0/s clear=102.3/s timeouts=0.0/s avg=0.00ms | present calls=102.3/s waits=0.0/s clear=0.0/s timeouts=0.0/s avg=0.00ms | max=111.50ms (process)
10:37:19.037  [fg-relay] rate/15.0s p2 import_opt=1: presents=102.1/s present-gate[point=102.1 ready=0.0 fallback=0.0 inactive=0.0]/s noinfo=0.0/s stale=0.0/s unlearned=0.0/s attempts=0.0/s armed=0.0/s skipped=0.0/s busy=0.0/s arm-reject[state=0.0 request=0.0 refused=0.0 stopping=0.0 res=0.0 size=0.0]/s pool[cap=0.0 family=0.0 create=0.0 alloc=0.0]/s copy-drop[fence=0.0 reset=0.0 begin=0.0 end=0.0 submit=0.0]/s cf[seq=0.0/s idle=0.0/s nrfence=0.0/s] slotbusy=0.0/s copyfence-busy=0.0/s nr-gpuwait=0.0/s flips=0.0/s
10:37:19.038  [fg-relay] rate2: fginput eval=0.0/s index!=1=0.0/s eval-gate[off=0.0 fallback=0.0 notready=0.0 noinput=0.0 noqueue=0.0]/s relay eval=0.0/s consume=0.0/s inplace=0.0/s(ok 0.0/s) unarmed=0.0/s mismatch=0.0/s relbusy=0.0/s relok=0.0/s relfail=0.0/s release-stage[queue=0.0 pool=0.0 fence=0.0 reset=0.0 begin=0.0 end=0.0 submit=0.0]/s watchdog=0.0/s | worker plays=0.0/s ok=0.0/s fail=0.0/s nr_absent=0.0/s copyfail=0.0/s
10:37:19.038  [fg-relay] rate3: arm->arm avg=162.28ms max=979154.93ms n=8143 | arm->work avg=0.01ms max=0.20ms | arm->eval avg=0.00ms max=0.00ms | copywait avg=0.006ms max=0.139ms | copy-land<= avg=159.97ms max=979154.84ms | work avg=5.90ms max=200.97ms | totals armed=8144 unarmed=1 skipped=1 busy=0 mismatch=0 copies_failed=0 writes=8144 conflicts=0
10:37:19.038  [fg-relay] rate4: throttle depth=1 off=0 | sleep calls=102.1/s waits=0.0/s clear=102.1/s timeouts=0.0/s avg=0.00ms | present calls=102.1/s waits=0.0/s clear=0.0/s timeouts=0.0/s avg=0.00ms | max=111.50ms (process)
10:37:28.342  === Vulkan CreateFeature1 #64  feature_id=18  VkDevice=000000002FCE00D0  thread 75496 ===
10:37:28.342  === Vulkan CreateFeature1 #64 returned -1160773630, handle=0000000000000000 ===
10:37:34.034  [fg-relay] rate/15.0s p2 import_opt=1: presents=102.0/s present-gate[point=102.0 ready=0.0 fallback=0.0 inactive=0.0]/s noinfo=0.0/s stale=0.0/s unlearned=0.0/s attempts=0.0/s armed=0.0/s skipped=0.0/s busy=0.0/s arm-reject[state=0.0 request=0.0 refused=0.0 stopping=0.0 res=0.0 size=0.0]/s pool[cap=0.0 family=0.0 create=0.0 alloc=0.0]/s copy-drop[fence=0.0 reset=0.0 begin=0.0 end=0.0 submit=0.0]/s cf[seq=0.0/s idle=0.0/s nrfence=0.0/s] slotbusy=0.0/s copyfence-busy=0.0/s nr-gpuwait=0.0/s flips=0.0/s
10:37:34.034  [fg-relay] rate2: fginput eval=0.0/s index!=1=0.0/s eval-gate[off=0.0 fallback=0.0 notready=0.0 noinput=0.0 noqueue=0.0]/s relay eval=0.0/s consume=0.0/s inplace=0.0/s(ok 0.0/s) unarmed=0.0/s mismatch=0.0/s relbusy=0.0/s relok=0.0/s relfail=0.0/s release-stage[queue=0.0 pool=0.0 fence=0.0 reset=0.0 begin=0.0 end=0.0 submit=0.0]/s watchdog=0.0/s | worker plays=0.0/s ok=0.0/s fail=0.0/s nr_absent=0.0/s copyfail=0.0/s
10:37:34.034  [fg-relay] rate3: arm->arm avg=162.28ms max=979154.93ms n=8143 | arm->work avg=0.01ms max=0.20ms | arm->eval avg=0.00ms max=0.00ms | copywait avg=0.006ms max=0.139ms | copy-land<= avg=159.97ms max=979154.84ms | work avg=5.90ms max=200.97ms | totals armed=8144 unarmed=1 skipped=1 busy=0 mismatch=0 copies_failed=0 writes=8144 conflicts=0
10:37:34.034  [fg-relay] rate4: throttle depth=1 off=0 | sleep calls=102.0/s waits=0.0/s clear=102.0/s timeouts=0.0/s avg=0.00ms | present calls=102.0/s waits=0.0/s clear=0.0/s timeouts=0.0/s avg=0.00ms | max=111.50ms (process)
10:37:49.030  [fg-relay] rate/15.0s p2 import_opt=1: presents=101.9/s present-gate[point=101.9 ready=0.0 fallback=0.0 inactive=0.0]/s noinfo=0.0/s stale=0.0/s unlearned=0.0/s attempts=0.0/s armed=0.0/s skipped=0.0/s busy=0.0/s arm-reject[state=0.0 request=0.0 refused=0.0 stopping=0.0 res=0.0 size=0.0]/s pool[cap=0.0 family=0.0 create=0.0 alloc=0.0]/s copy-drop[fence=0.0 reset=0.0 begin=0.0 end=0.0 submit=0.0]/s cf[seq=0.0/s idle=0.0/s nrfence=0.0/s] slotbusy=0.0/s copyfence-busy=0.0/s nr-gpuwait=0.0/s flips=0.0/s
10:37:49.030  [fg-relay] rate2: fginput eval=0.0/s index!=1=0.0/s eval-gate[off=0.0 fallback=0.0 notready=0.0 noinput=0.0 noqueue=0.0]/s relay eval=0.0/s consume=0.0/s inplace=0.0/s(ok 0.0/s) unarmed=0.0/s mismatch=0.0/s relbusy=0.0/s relok=0.0/s relfail=0.0/s release-stage[queue=0.0 pool=0.0 fence=0.0 reset=0.0 begin=0.0 end=0.0 submit=0.0]/s watchdog=0.0/s | worker plays=0.0/s ok=0.0/s fail=0.0/s nr_absent=0.0/s copyfail=0.0/s
10:37:49.030  [fg-relay] rate3: arm->arm avg=162.28ms max=979154.93ms n=8143 | arm->work avg=0.01ms max=0.20ms | arm->eval avg=0.00ms max=0.00ms | copywait avg=0.006ms max=0.139ms | copy-land<= avg=159.97ms max=979154.84ms | work avg=5.90ms max=200.97ms | totals armed=8144 unarmed=1 skipped=1 busy=0 mismatch=0 copies_failed=0 writes=8144 conflicts=0
10:37:49.031  [fg-relay] rate4: throttle depth=1 off=0 | sleep calls=101.9/s waits=0.0/s clear=101.9/s timeouts=0.0/s avg=0.00ms | present calls=101.9/s waits=0.0/s clear=0.0/s timeouts=0.0/s avg=0.00ms | max=111.50ms (process)
10:37:56.594  [fg-relay] command pool for queue 000000002EB728D0: family=0.
10:38:04.048  [fg-relay] rate/15.0s p2 import_opt=1: presents=64.0/s present-gate[point=64.0 ready=0.0 fallback=0.0 inactive=0.0]/s noinfo=0.0/s stale=0.0/s unlearned=0.0/s attempts=12.3/s armed=12.3/s skipped=0.0/s busy=0.0/s arm-reject[state=0.0 request=0.0 refused=0.0 stopping=0.0 res=0.0 size=0.0]/s pool[cap=0.0 family=0.0 create=0.0 alloc=0.0]/s copy-drop[fence=0.0 reset=0.0 begin=0.0 end=0.0 submit=0.0]/s cf[seq=0.0/s idle=0.0/s nrfence=0.0/s] slotbusy=0.0/s copyfence-busy=0.0/s nr-gpuwait=11.9/s flips=0.0/s
10:38:04.048  [fg-relay] rate2: fginput eval=36.8/s index!=1=24.5/s eval-gate[off=0.0 fallback=0.0 notready=0.0 noinput=0.0 noqueue=0.0]/s relay eval=12.3/s consume=0.0/s inplace=12.3/s(ok 12.3/s) unarmed=0.0/s mismatch=0.0/s relbusy=0.0/s relok=12.3/s relfail=0.0/s release-stage[queue=0.0 pool=0.0 fence=0.0 reset=0.0 begin=0.0 end=0.0 submit=0.0]/s watchdog=0.0/s | worker plays=12.3/s ok=12.3/s fail=0.0/s nr_absent=0.0/s copyfail=0.0/s
10:38:04.048  [fg-relay] rate3: arm->arm avg=170.89ms max=979154.93ms n=8328 | arm->work avg=0.01ms max=0.20ms | arm->eval avg=0.00ms max=0.00ms | copywait avg=0.006ms max=0.139ms | copy-land<= avg=168.66ms max=979154.84ms | work avg=5.95ms max=200.97ms | totals armed=8329 unarmed=1 skipped=1 busy=0 mismatch=0 copies_failed=0 writes=8329 conflicts=0
10:38:04.048  [fg-relay] rate4: throttle depth=1 off=0 | sleep calls=64.1/s waits=12.2/s clear=51.8/s timeouts=0.0/s avg=31.52ms | present calls=64.0/s waits=0.0/s clear=0.0/s timeouts=0.0/s avg=0.00ms | max=111.50ms (process)
10:38:07.097  [fg-input] released the private session; the native mirror may take it.
10:38:07.097  [vkmirror] building the D3D12 feature and its Vulkan import for 5120x2160 -> 5120x2160 R11G11B10_FLOAT (no feature yet)
10:38:07.101  [synth] colour in R11G11B10_FLOAT, output R16G16B16A16_FLOAT -- the frame is copied into the first and the result is copied back out of the second, because NGX reads one as a shader resource and writes the other through a UAV in the same call.
10:38:07.101  [synth]   Color  fmt 26 5120x2160 flags=0x20: sample yes, typed UAV yes, UAV load yes, UAV store yes
10:38:07.101  [synth]   Output fmt 10 5120x2160 flags=0x24: sample yes, typed UAV yes, UAV load yes, UAV store yes
10:38:07.101  [synth]   Depth  fmt 41 5120x2160 flags=0x20: sample yes, typed UAV yes, UAV load yes, UAV store yes
10:38:07.101  [synth]   MV     fmt 34 5120x2160 flags=0x20: sample yes, typed UAV yes, UAV load yes, UAV store yes
10:38:07.102  [bridge] the mirrored contract's create flags 11: IsHDR MVLowRes DepthInverted
10:38:07.114  [synth] feature ready on this add-on's own D3D12 device: 5120x2160 -> 5120x2160 handle=00000028E8ACC470
10:38:07.114  [synth] imported memory: the image allows types 0x00000003, the imported handle allows 0x00000002 (query returned 0), and the lowest of the two together is taken, index 1. UNVERIFIED on AMD and on Intel -- if the import fails or the picture is wrong on one of those, this line is the first thing to compare.
10:38:07.115  [synth] 5 D3D12 textures imported into the game's VkDevice -- the four slots, the game's exposure texture -- and a 44236800-byte buffer made for the depth aspect to travel through.
10:38:13.396  [bridge] 9000 frames delivered so far.
10:38:19.064  [fg-relay] rate/15.0s p2 import_opt=1: presents=20.8/s present-gate[point=20.8 ready=0.0 fallback=0.0 inactive=0.0]/s noinfo=0.0/s stale=0.0/s unlearned=0.0/s attempts=4.9/s armed=4.9/s skipped=0.0/s busy=0.0/s arm-reject[state=0.0 request=0.0 refused=0.0 stopping=0.0 res=0.0 size=0.0]/s pool[cap=0.0 family=0.0 create=0.0 alloc=0.0]/s copy-drop[fence=0.0 reset=0.0 begin=0.0 end=0.0 submit=0.0]/s cf[seq=0.0/s idle=0.0/s nrfence=0.0/s] slotbusy=0.0/s copyfence-busy=0.0/s nr-gpuwait=4.8/s flips=0.0/s
10:38:19.064  [fg-relay] rate2: fginput eval=55.3/s index!=1=9.7/s eval-gate[off=0.0 fallback=0.0 notready=0.0 noinput=0.0 noqueue=0.0]/s relay eval=4.9/s consume=0.0/s inplace=4.9/s(ok 4.9/s) unarmed=0.0/s mismatch=0.0/s relbusy=0.0/s relok=4.9/s relfail=0.0/s release-stage[queue=0.0 pool=0.0 fence=0.0 reset=0.0 begin=0.0 end=0.0 submit=0.0]/s watchdog=0.0/s | worker plays=4.9/s ok=4.9/s fail=0.0/s nr_absent=0.1/s copyfail=0.0/s
10:38:19.064  [fg-relay] rate3: arm->arm avg=169.76ms max=979154.93ms n=8401 | arm->work avg=0.01ms max=0.20ms | arm->eval avg=0.00ms max=0.00ms | copywait avg=0.006ms max=0.139ms | copy-land<= avg=167.55ms max=979154.84ms | work avg=5.98ms max=200.97ms | totals armed=8402 unarmed=1 skipped=1 busy=0 mismatch=0 copies_failed=0 writes=8402 conflicts=0
10:38:19.064  [fg-relay] rate4: throttle depth=1 off=0 | sleep calls=20.7/s waits=4.9/s clear=0.1/s timeouts=0.0/s avg=33.02ms | present calls=20.8/s waits=0.0/s clear=0.0/s timeouts=0.0/s avg=0.00ms | max=111.50ms (process)
10:38:34.079  [fg-relay] rate/15.0s p2 import_opt=1: presents=27.2/s present-gate[point=27.2 ready=0.0 fallback=0.0 inactive=0.0]/s noinfo=0.0/s stale=0.0/s unlearned=0.0/s attempts=0.0/s armed=0.0/s skipped=0.0/s busy=0.0/s arm-reject[state=0.0 request=0.0 refused=0.0 stopping=0.0 res=0.0 size=0.0]/s pool[cap=0.0 family=0.0 create=0.0 alloc=0.0]/s copy-drop[fence=0.0 reset=0.0 begin=0.0 end=0.0 submit=0.0]/s cf[seq=0.0/s idle=0.0/s nrfence=0.0/s] slotbusy=0.0/s copyfence-busy=0.0/s nr-gpuwait=0.0/s flips=0.0/s
10:38:34.079  [fg-relay] rate2: fginput eval=78.2/s index!=1=0.0/s eval-gate[off=0.0 fallback=0.0 notready=0.0 noinput=0.0 noqueue=0.0]/s relay eval=0.0/s consume=0.0/s inplace=0.0/s(ok 0.0/s) unarmed=0.0/s mismatch=0.0/s relbusy=0.0/s relok=0.0/s relfail=0.0/s release-stage[queue=0.0 pool=0.0 fence=0.0 reset=0.0 begin=0.0 end=0.0 submit=0.0]/s watchdog=0.0/s | worker plays=0.0/s ok=0.0/s fail=0.0/s nr_absent=0.0/s copyfail=0.0/s
10:38:34.080  [fg-relay] rate3: arm->arm avg=169.76ms max=979154.93ms n=8401 | arm->work avg=0.01ms max=0.20ms | arm->eval avg=0.00ms max=0.00ms | copywait avg=0.006ms max=0.139ms | copy-land<= avg=167.55ms max=979154.84ms | work avg=5.98ms max=200.97ms | totals armed=8402 unarmed=1 skipped=1 busy=0 mismatch=0 copies_failed=0 writes=8402 conflicts=0
10:38:34.080  [fg-relay] rate4: throttle depth=1 off=0 | sleep calls=27.2/s waits=0.0/s clear=0.0/s timeouts=0.0/s avg=0.00ms | present calls=27.2/s waits=0.0/s clear=0.0/s timeouts=0.0/s avg=0.00ms | max=111.50ms (process)
10:38:36.493  [bridge] 9600 frames delivered so far.
10:38:49.078  [fg-relay] rate/15.0s p2 import_opt=1: presents=28.9/s present-gate[point=28.9 ready=0.0 fallback=0.0 inactive=0.0]/s noinfo=0.0/s stale=0.0/s unlearned=0.0/s attempts=0.0/s armed=0.0/s skipped=0.0/s busy=0.0/s arm-reject[state=0.0 request=0.0 refused=0.0 stopping=0.0 res=0.0 size=0.0]/s pool[cap=0.0 family=0.0 create=0.0 alloc=0.0]/s copy-drop[fence=0.0 reset=0.0 begin=0.0 end=0.0 submit=0.0]/s cf[seq=0.0/s idle=0.0/s nrfence=0.0/s] slotbusy=0.0/s copyfence-busy=0.0/s nr-gpuwait=0.0/s flips=0.0/s
10:38:49.078  [fg-relay] rate2: fginput eval=78.1/s index!=1=0.0/s eval-gate[off=0.0 fallback=0.0 notready=0.0 noinput=0.0 noqueue=0.0]/s relay eval=0.0/s consume=0.0/s inplace=0.0/s(ok 0.0/s) unarmed=0.0/s mismatch=0.0/s relbusy=0.0/s relok=0.0/s relfail=0.0/s release-stage[queue=0.0 pool=0.0 fence=0.0 reset=0.0 begin=0.0 end=0.0 submit=0.0]/s watchdog=0.0/s | worker plays=0.0/s ok=0.0/s fail=0.0/s nr_absent=0.0/s copyfail=0.0/s
10:38:49.078  [fg-relay] rate3: arm->arm avg=169.76ms max=979154.93ms n=8401 | arm->work avg=0.01ms max=0.20ms | arm->eval avg=0.00ms max=0.00ms | copywait avg=0.006ms max=0.139ms | copy-land<= avg=167.55ms max=979154.84ms | work avg=5.98ms max=200.97ms | totals armed=8402 unarmed=1 skipped=1 busy=0 mismatch=0 copies_failed=0 writes=8402 conflicts=0
10:38:49.079  [fg-relay] rate4: throttle depth=1 off=0 | sleep calls=28.9/s waits=0.0/s clear=0.0/s timeouts=0.0/s avg=0.00ms | present calls=28.9/s waits=0.0/s clear=0.0/s timeouts=0.0/s avg=0.00ms | max=111.50ms (process)
10:38:57.188  [bridge] 10200 frames delivered so far.
10:38:57.300    (entry point: NVSDK_NGX_VULKAN_EvaluateFeature)
10:38:57.300  === Vulkan evaluate #1800 ===
10:38:57.300    contract: 5120x2160 -> 5120x2160  quality=5  jitter 0.1250,0.2778  MV.Scale 5120.0,2160.0
10:38:57.300  [bridge] the game's own create flags 11: IsHDR MVLowRes DepthInverted
10:38:57.300  [bridge] sent to D3D12, copied from the game flags 11: IsHDR MVLowRes DepthInverted
10:38:57.300    Color         VkImage=0000000041A372D0 view=0000000040970850 VkFormat=122 5120x2160 aspect=0x1 mip=0 layer=0
10:38:57.300    Output        VkImage=0000000044B836D0 view=0000000044BD2350 VkFormat=97 5120x2160 aspect=0x1 mip=0 layer=0
10:38:57.301    Depth         VkImage=0000000041A3CCD0 view=0000000040973250 VkFormat=130 5120x2160 aspect=0x1 mip=0 layer=0
10:38:57.301    MV            VkImage=0000000041A360D0 view=0000000040970250 VkFormat=83 5120x2160 aspect=0x1 mip=0 layer=0
10:38:57.301  [vkmirror] frame 1800 recorded (5120x2160 -> 5120x2160), stage=3
10:39:04.100  [fg-relay] rate/15.0s p2 import_opt=1: presents=29.2/s present-gate[point=29.2 ready=0.0 fallback=0.0 inactive=0.0]/s noinfo=0.0/s stale=0.0/s unlearned=0.0/s attempts=0.0/s armed=0.0/s skipped=0.0/s busy=0.0/s arm-reject[state=0.0 request=0.0 refused=0.0 stopping=0.0 res=0.0 size=0.0]/s pool[cap=0.0 family=0.0 create=0.0 alloc=0.0]/s copy-drop[fence=0.0 reset=0.0 begin=0.0 end=0.0 submit=0.0]/s cf[seq=0.0/s idle=0.0/s nrfence=0.0/s] slotbusy=0.0/s copyfence-busy=0.0/s nr-gpuwait=0.0/s flips=0.0/s
10:39:04.100  [fg-relay] rate2: fginput eval=83.0/s index!=1=0.0/s eval-gate[off=0.0 fallback=0.0 notready=0.0 noinput=0.0 noqueue=0.0]/s relay eval=0.0/s consume=0.0/s inplace=0.0/s(ok 0.0/s) unarmed=0.0/s mismatch=0.0/s relbusy=0.0/s relok=0.0/s relfail=0.0/s release-stage[queue=0.0 pool=0.0 fence=0.0 reset=0.0 begin=0.0 end=0.0 submit=0.0]/s watchdog=0.0/s | worker plays=0.0/s ok=0.0/s fail=0.0/s nr_absent=0.0/s copyfail=0.0/s
10:39:04.101  [fg-relay] rate3: arm->arm avg=169.76ms max=979154.93ms n=8401 | arm->work avg=0.01ms max=0.20ms | arm->eval avg=0.00ms max=0.00ms | copywait avg=0.006ms max=0.139ms | copy-land<= avg=167.55ms max=979154.84ms | work avg=5.98ms max=200.97ms | totals armed=8402 unarmed=1 skipped=1 busy=0 mismatch=0 copies_failed=0 writes=8402 conflicts=0
10:39:04.101  [fg-relay] rate4: throttle depth=1 off=0 | sleep calls=29.2/s waits=0.0/s clear=0.0/s timeouts=0.0/s avg=0.00ms | present calls=29.2/s waits=0.0/s clear=0.0/s timeouts=0.0/s avg=0.00ms | max=111.50ms (process)
10:39:17.686  [bridge] 10800 frames delivered so far.
10:39:19.098  [fg-relay] rate/15.0s p2 import_opt=1: presents=28.9/s present-gate[point=28.9 ready=0.0 fallback=0.0 inactive=0.0]/s noinfo=0.0/s stale=0.0/s unlearned=0.0/s attempts=0.0/s armed=0.0/s skipped=0.0/s busy=0.0/s arm-reject[state=0.0 request=0.0 refused=0.0 stopping=0.0 res=0.0 size=0.0]/s pool[cap=0.0 family=0.0 create=0.0 alloc=0.0]/s copy-drop[fence=0.0 reset=0.0 begin=0.0 end=0.0 submit=0.0]/s cf[seq=0.0/s idle=0.0/s nrfence=0.0/s] slotbusy=0.0/s copyfence-busy=0.0/s nr-gpuwait=0.0/s flips=0.0/s
10:39:19.098  [fg-relay] rate2: fginput eval=85.6/s index!=1=0.0/s eval-gate[off=0.0 fallback=0.0 notready=0.0 noinput=0.0 noqueue=0.0]/s relay eval=0.0/s consume=0.0/s inplace=0.0/s(ok 0.0/s) unarmed=0.0/s mismatch=0.0/s relbusy=0.0/s relok=0.0/s relfail=0.0/s release-stage[queue=0.0 pool=0.0 fence=0.0 reset=0.0 begin=0.0 end=0.0 submit=0.0]/s watchdog=0.0/s | worker plays=0.0/s ok=0.0/s fail=0.0/s nr_absent=0.0/s copyfail=0.0/s
10:39:19.098  [fg-relay] rate3: arm->arm avg=169.76ms max=979154.93ms n=8401 | arm->work avg=0.01ms max=0.20ms | arm->eval avg=0.00ms max=0.00ms | copywait avg=0.006ms max=0.139ms | copy-land<= avg=167.55ms max=979154.84ms | work avg=5.98ms max=200.97ms | totals armed=8402 unarmed=1 skipped=1 busy=0 mismatch=0 copies_failed=0 writes=8402 conflicts=0
10:39:19.098  [fg-relay] rate4: throttle depth=1 off=0 | sleep calls=28.9/s waits=0.0/s clear=0.0/s timeouts=0.0/s avg=0.00ms | present calls=28.9/s waits=0.0/s clear=0.0/s timeouts=0.0/s avg=0.00ms | max=111.50ms (process)
10:39:19.677  [fg-input] the native mirror released the private session; Present is served at the frame-generation input.
10:39:19.678  [fg-input] building the private feature and its Vulkan import for 5120x2160 R8G8B8A8_UNORM
10:39:19.685  [bridge] sRGB conversion ready: R8G8B8A8_UNORM -> linear BT.709 (normalized SDR) -> original encoding.
10:39:19.685  [synth] colour in R8G8B8A8_UNORM, output R8G8B8A8_UNORM -- the frame is copied into the first and the result is copied back out of the second, because NGX reads one as a shader resource and writes the other through a UAV in the same call.
10:39:19.685  [synth]   Color  fmt 28 5120x2160 flags=0x20: sample yes, typed UAV yes, UAV load yes, UAV store yes
10:39:19.685  [synth]   Output fmt 28 5120x2160 flags=0x24: sample yes, typed UAV yes, UAV load yes, UAV store yes
10:39:19.685  [synth]   Depth  fmt 41 5120x2160 flags=0x20: sample yes, typed UAV yes, UAV load yes, UAV store yes
10:39:19.685  [synth]   MV     fmt 34 5120x2160 flags=0x20: sample yes, typed UAV yes, UAV load yes, UAV store yes
10:39:19.685  [bridge] the synthetic contract's create flags 8: DepthInverted
10:39:19.697  [synth] feature ready on this add-on's own D3D12 device: 5120x2160 -> 5120x2160 handle=00000028E8ACC470
10:39:19.697  [synth] imported memory: the image allows types 0x00000003, the imported handle allows 0x00000002 (query returned 0), and the lowest of the two together is taken, index 1. UNVERIFIED on AMD and on Intel -- if the import fails or the picture is wrong on one of those, this line is the first thing to compare.
10:39:19.698  [synth] 5 D3D12 textures imported into the game's VkDevice -- the four slots, and the pipeline's second Output -- and a 44236800-byte buffer made for the depth aspect to travel through.
10:39:19.699  [fg-input] ready: HUD-less -> linear sRGB carrier -> Generic NR -> UI-preserving composite; FG interpolates processed frames. guides: mv=game (scale 5120.000,2160.000) depth=game inverted=1
10:39:19.731  [fg-relay] open. Copy completion is signalled to the private queue on the GPU (exported timeline semaphore); the park release is set on the GPU (imported D3D12 fence). Pipeline=2 Import=1.
10:39:19.731  [fg-relay] frame not armed (unarmed=2 skipped=2 busy=0): FG runs on the game's own image this group.
10:39:19.830  [fg-input] frame=3 5120x2160 vkfmt=37 mode=NR pipeline=serial nr_entries=0 sr_entries=1 sr_copies=1 ok=1 busy_skips=0 token=1.
10:39:19.849  [fg-relay] command pool for queue 000000002EB73CD0: family=2.
10:39:34.099  [fg-relay] rate/15.0s p2 import_opt=1: presents=45.5/s present-gate[point=45.5 ready=0.0 fallback=0.0 inactive=0.0]/s noinfo=0.0/s stale=0.0/s unlearned=0.0/s attempts=25.8/s armed=25.7/s skipped=0.1/s busy=0.0/s arm-reject[state=0.0 request=0.0 refused=0.0 stopping=0.0 res=0.0 size=0.0]/s pool[cap=0.0 family=0.0 create=0.0 alloc=0.0]/s copy-drop[fence=0.0 reset=0.0 begin=0.0 end=0.0 submit=0.0]/s cf[seq=0.0/s idle=0.1/s nrfence=0.0/s] slotbusy=0.0/s copyfence-busy=0.0/s nr-gpuwait=25.3/s flips=0.1/s
10:39:34.100  [fg-relay] rate2: fginput eval=81.0/s index!=1=51.7/s eval-gate[off=0.0 fallback=0.0 notready=0.1 noinput=0.0 noqueue=0.0]/s relay eval=25.8/s consume=0.0/s inplace=25.8/s(ok 25.7/s) unarmed=0.1/s mismatch=0.0/s relbusy=0.0/s relok=25.7/s relfail=0.0/s release-stage[queue=0.0 pool=0.0 fence=0.0 reset=0.0 begin=0.0 end=0.0 submit=0.0]/s watchdog=0.0/s | worker plays=25.7/s ok=25.7/s fail=0.0/s nr_absent=0.1/s copyfail=0.0/s
10:39:34.100  [fg-relay] rate3: arm->arm avg=171.88ms max=979154.93ms n=8787 | arm->work avg=0.01ms max=0.20ms | arm->eval avg=0.00ms max=0.00ms | copywait avg=0.006ms max=0.139ms | copy-land<= avg=161.49ms max=979154.84ms | work avg=5.93ms max=200.97ms | totals armed=8788 unarmed=2 skipped=2 busy=0 mismatch=0 copies_failed=0 writes=8788 conflicts=0
10:39:34.100  [fg-relay] rate4: throttle depth=1 off=0 | sleep calls=45.5/s waits=25.5/s clear=18.8/s timeouts=0.0/s avg=20.80ms | present calls=45.5/s waits=0.0/s clear=0.0/s timeouts=0.0/s avg=0.00ms | max=111.50ms (process)
10:39:36.185  === Vulkan CreateFeature1 #65  feature_id=18  VkDevice=000000002FCE00D0  thread 75496 ===
10:39:36.185  === Vulkan CreateFeature1 #65 returned -1160773630, handle=0000000000000000 ===
10:39:36.197  === Vulkan CreateFeature1 #66  feature_id=18  VkDevice=000000002FCE00D0  thread 75496 ===
10:39:36.197  === Vulkan CreateFeature1 #66 returned -1160773630, handle=0000000000000000 ===
10:39:37.205  === Vulkan CreateFeature1 #67  feature_id=18  VkDevice=000000002FCE00D0  thread 75496 ===
10:39:37.205  === Vulkan CreateFeature1 #67 returned -1160773630, handle=0000000000000000 ===
10:39:39.209  === Vulkan CreateFeature1 #68  feature_id=18  VkDevice=000000002FCE00D0  thread 75496 ===
10:39:39.209  === Vulkan CreateFeature1 #68 returned -1160773630, handle=0000000000000000 ===
10:39:43.218  === Vulkan CreateFeature1 #69  feature_id=18  VkDevice=000000002FCE00D0  thread 75496 ===
10:39:43.219  === Vulkan CreateFeature1 #69 returned -1160773630, handle=0000000000000000 ===
10:39:49.095  [fg-relay] rate/15.0s p2 import_opt=1: presents=100.8/s present-gate[point=100.8 ready=0.0 fallback=0.0 inactive=0.0]/s noinfo=0.0/s stale=0.0/s unlearned=0.0/s attempts=0.0/s armed=0.0/s skipped=0.0/s busy=0.0/s arm-reject[state=0.0 request=0.0 refused=0.0 stopping=0.0 res=0.0 size=0.0]/s pool[cap=0.0 family=0.0 create=0.0 alloc=0.0]/s copy-drop[fence=0.0 reset=0.0 begin=0.0 end=0.0 submit=0.0]/s cf[seq=0.0/s idle=0.0/s nrfence=0.0/s] slotbusy=0.0/s copyfence-busy=0.0/s nr-gpuwait=0.0/s flips=0.0/s
10:39:49.096  [fg-relay] rate2: fginput eval=0.0/s index!=1=0.0/s eval-gate[off=0.0 fallback=0.0 notready=0.0 noinput=0.0 noqueue=0.0]/s relay eval=0.0/s consume=0.0/s inplace=0.0/s(ok 0.0/s) unarmed=0.0/s mismatch=0.0/s relbusy=0.0/s relok=0.0/s relfail=0.0/s release-stage[queue=0.0 pool=0.0 fence=0.0 reset=0.0 begin=0.0 end=0.0 submit=0.0]/s watchdog=0.0/s | worker plays=0.0/s ok=0.0/s fail=0.0/s nr_absent=0.0/s copyfail=0.0/s
10:39:49.096  [fg-relay] rate3: arm->arm avg=171.88ms max=979154.93ms n=8787 | arm->work avg=0.01ms max=0.20ms | arm->eval avg=0.00ms max=0.00ms | copywait avg=0.006ms max=0.139ms | copy-land<= avg=161.49ms max=979154.84ms | work avg=5.93ms max=200.97ms | totals armed=8788 unarmed=2 skipped=2 busy=0 mismatch=0 copies_failed=0 writes=8788 conflicts=0
10:39:49.096  [fg-relay] rate4: throttle depth=1 off=0 | sleep calls=100.8/s waits=0.0/s clear=100.8/s timeouts=0.0/s avg=0.00ms | present calls=100.8/s waits=0.0/s clear=0.0/s timeouts=0.0/s avg=0.00ms | max=111.50ms (process)
10:39:51.225  === Vulkan CreateFeature1 #70  feature_id=18  VkDevice=000000002FCE00D0  thread 75496 ===
10:39:51.225  === Vulkan CreateFeature1 #70 returned -1160773630, handle=0000000000000000 ===
10:40:04.098  [fg-relay] rate/15.0s p2 import_opt=1: presents=100.5/s present-gate[point=100.5 ready=0.0 fallback=0.0 inactive=0.0]/s noinfo=0.0/s stale=0.0/s unlearned=0.0/s attempts=0.0/s armed=0.0/s skipped=0.0/s busy=0.0/s arm-reject[state=0.0 request=0.0 refused=0.0 stopping=0.0 res=0.0 size=0.0]/s pool[cap=0.0 family=0.0 create=0.0 alloc=0.0]/s copy-drop[fence=0.0 reset=0.0 begin=0.0 end=0.0 submit=0.0]/s cf[seq=0.0/s idle=0.0/s nrfence=0.0/s] slotbusy=0.0/s copyfence-busy=0.0/s nr-gpuwait=0.0/s flips=0.0/s
10:40:04.098  [fg-relay] rate2: fginput eval=0.0/s index!=1=0.0/s eval-gate[off=0.0 fallback=0.0 notready=0.0 noinput=0.0 noqueue=0.0]/s relay eval=0.0/s consume=0.0/s inplace=0.0/s(ok 0.0/s) unarmed=0.0/s mismatch=0.0/s relbusy=0.0/s relok=0.0/s relfail=0.0/s release-stage[queue=0.0 pool=0.0 fence=0.0 reset=0.0 begin=0.0 end=0.0 submit=0.0]/s watchdog=0.0/s | worker plays=0.0/s ok=0.0/s fail=0.0/s nr_absent=0.0/s copyfail=0.0/s
10:40:04.098  [fg-relay] rate3: arm->arm avg=171.88ms max=979154.93ms n=8787 | arm->work avg=0.01ms max=0.20ms | arm->eval avg=0.00ms max=0.00ms | copywait avg=0.006ms max=0.139ms | copy-land<= avg=161.49ms max=979154.84ms | work avg=5.93ms max=200.97ms | totals armed=8788 unarmed=2 skipped=2 busy=0 mismatch=0 copies_failed=0 writes=8788 conflicts=0
10:40:04.098  [fg-relay] rate4: throttle depth=1 off=0 | sleep calls=100.5/s waits=0.0/s clear=100.5/s timeouts=0.0/s avg=0.00ms | present calls=100.5/s waits=0.0/s clear=0.0/s timeouts=0.0/s avg=0.00ms | max=111.50ms (process)
10:40:07.234  === Vulkan CreateFeature1 #71  feature_id=18  VkDevice=000000002FCE00D0  thread 75496 ===
10:40:07.234  === Vulkan CreateFeature1 #71 returned -1160773630, handle=0000000000000000 ===
10:40:19.093  [fg-relay] rate/15.0s p2 import_opt=1: presents=100.7/s present-gate[point=100.7 ready=0.0 fallback=0.0 inactive=0.0]/s noinfo=0.0/s stale=0.0/s unlearned=0.0/s attempts=0.0/s armed=0.0/s skipped=0.0/s busy=0.0/s arm-reject[state=0.0 request=0.0 refused=0.0 stopping=0.0 res=0.0 size=0.0]/s pool[cap=0.0 family=0.0 create=0.0 alloc=0.0]/s copy-drop[fence=0.0 reset=0.0 begin=0.0 end=0.0 submit=0.0]/s cf[seq=0.0/s idle=0.0/s nrfence=0.0/s] slotbusy=0.0/s copyfence-busy=0.0/s nr-gpuwait=0.0/s flips=0.0/s
10:40:19.093  [fg-relay] rate2: fginput eval=0.0/s index!=1=0.0/s eval-gate[off=0.0 fallback=0.0 notready=0.0 noinput=0.0 noqueue=0.0]/s relay eval=0.0/s consume=0.0/s inplace=0.0/s(ok 0.0/s) unarmed=0.0/s mismatch=0.0/s relbusy=0.0/s relok=0.0/s relfail=0.0/s release-stage[queue=0.0 pool=0.0 fence=0.0 reset=0.0 begin=0.0 end=0.0 submit=0.0]/s watchdog=0.0/s | worker plays=0.0/s ok=0.0/s fail=0.0/s nr_absent=0.0/s copyfail=0.0/s
10:40:19.093  [fg-relay] rate3: arm->arm avg=171.88ms max=979154.93ms n=8787 | arm->work avg=0.01ms max=0.20ms | arm->eval avg=0.00ms max=0.00ms | copywait avg=0.006ms max=0.139ms | copy-land<= avg=161.49ms max=979154.84ms | work avg=5.93ms max=200.97ms | totals armed=8788 unarmed=2 skipped=2 busy=0 mismatch=0 copies_failed=0 writes=8788 conflicts=0
10:40:19.094  [fg-relay] rate4: throttle depth=1 off=0 | sleep calls=100.7/s waits=0.0/s clear=100.7/s timeouts=0.0/s avg=0.00ms | present calls=100.7/s waits=0.0/s clear=0.0/s timeouts=0.0/s avg=0.00ms | max=111.50ms (process)
10:40:34.097  [fg-relay] rate/15.0s p2 import_opt=1: presents=100.5/s present-gate[point=100.5 ready=0.0 fallback=0.0 inactive=0.0]/s noinfo=0.0/s stale=0.0/s unlearned=0.0/s attempts=0.0/s armed=0.0/s skipped=0.0/s busy=0.0/s arm-reject[state=0.0 request=0.0 refused=0.0 stopping=0.0 res=0.0 size=0.0]/s pool[cap=0.0 family=0.0 create=0.0 alloc=0.0]/s copy-drop[fence=0.0 reset=0.0 begin=0.0 end=0.0 submit=0.0]/s cf[seq=0.0/s idle=0.0/s nrfence=0.0/s] slotbusy=0.0/s copyfence-busy=0.0/s nr-gpuwait=0.0/s flips=0.0/s
10:40:34.097  [fg-relay] rate2: fginput eval=0.0/s index!=1=0.0/s eval-gate[off=0.0 fallback=0.0 notready=0.0 noinput=0.0 noqueue=0.0]/s relay eval=0.0/s consume=0.0/s inplace=0.0/s(ok 0.0/s) unarmed=0.0/s mismatch=0.0/s relbusy=0.0/s relok=0.0/s relfail=0.0/s release-stage[queue=0.0 pool=0.0 fence=0.0 reset=0.0 begin=0.0 end=0.0 submit=0.0]/s watchdog=0.0/s | worker plays=0.0/s ok=0.0/s fail=0.0/s nr_absent=0.0/s copyfail=0.0/s
10:40:34.098  [fg-relay] rate3: arm->arm avg=171.88ms max=979154.93ms n=8787 | arm->work avg=0.01ms max=0.20ms | arm->eval avg=0.00ms max=0.00ms | copywait avg=0.006ms max=0.139ms | copy-land<= avg=161.49ms max=979154.84ms | work avg=5.93ms max=200.97ms | totals armed=8788 unarmed=2 skipped=2 busy=0 mismatch=0 copies_failed=0 writes=8788 conflicts=0
10:40:34.098  [fg-relay] rate4: throttle depth=1 off=0 | sleep calls=100.5/s waits=0.0/s clear=100.5/s timeouts=0.0/s avg=0.00ms | present calls=100.5/s waits=0.0/s clear=0.0/s timeouts=0.0/s avg=0.00ms | max=111.50ms (process)
10:40:37.241  === Vulkan CreateFeature1 #72  feature_id=18  VkDevice=000000002FCE00D0  thread 75496 ===
10:40:37.241  === Vulkan CreateFeature1 #72 returned -1160773630, handle=0000000000000000 ===
10:40:49.096  [fg-relay] rate/15.0s p2 import_opt=1: presents=101.0/s present-gate[point=101.0 ready=0.0 fallback=0.0 inactive=0.0]/s noinfo=0.0/s stale=0.0/s unlearned=0.0/s attempts=0.0/s armed=0.0/s skipped=0.0/s busy=0.0/s arm-reject[state=0.0 request=0.0 refused=0.0 stopping=0.0 res=0.0 size=0.0]/s pool[cap=0.0 family=0.0 create=0.0 alloc=0.0]/s copy-drop[fence=0.0 reset=0.0 begin=0.0 end=0.0 submit=0.0]/s cf[seq=0.0/s idle=0.0/s nrfence=0.0/s] slotbusy=0.0/s copyfence-busy=0.0/s nr-gpuwait=0.0/s flips=0.0/s
10:40:49.096  [fg-relay] rate2: fginput eval=0.0/s index!=1=0.0/s eval-gate[off=0.0 fallback=0.0 notready=0.0 noinput=0.0 noqueue=0.0]/s relay eval=0.0/s consume=0.0/s inplace=0.0/s(ok 0.0/s) unarmed=0.0/s mismatch=0.0/s relbusy=0.0/s relok=0.0/s relfail=0.0/s release-stage[queue=0.0 pool=0.0 fence=0.0 reset=0.0 begin=0.0 end=0.0 submit=0.0]/s watchdog=0.0/s | worker plays=0.0/s ok=0.0/s fail=0.0/s nr_absent=0.0/s copyfail=0.0/s
10:40:49.096  [fg-relay] rate3: arm->arm avg=171.88ms max=979154.93ms n=8787 | arm->work avg=0.01ms max=0.20ms | arm->eval avg=0.00ms max=0.00ms | copywait avg=0.006ms max=0.139ms | copy-land<= avg=161.49ms max=979154.84ms | work avg=5.93ms max=200.97ms | totals armed=8788 unarmed=2 skipped=2 busy=0 mismatch=0 copies_failed=0 writes=8788 conflicts=0
10:40:49.096  [fg-relay] rate4: throttle depth=1 off=0 | sleep calls=101.0/s waits=0.0/s clear=101.0/s timeouts=0.0/s avg=0.00ms | present calls=101.0/s waits=0.0/s clear=0.0/s timeouts=0.0/s avg=0.00ms | max=111.50ms (process)
10:41:04.095  [fg-relay] rate/15.0s p2 import_opt=1: presents=100.7/s present-gate[point=100.7 ready=0.0 fallback=0.0 inactive=0.0]/s noinfo=0.0/s stale=0.0/s unlearned=0.0/s attempts=0.0/s armed=0.0/s skipped=0.0/s busy=0.0/s arm-reject[state=0.0 request=0.0 refused=0.0 stopping=0.0 res=0.0 size=0.0]/s pool[cap=0.0 family=0.0 create=0.0 alloc=0.0]/s copy-drop[fence=0.0 reset=0.0 begin=0.0 end=0.0 submit=0.0]/s cf[seq=0.0/s idle=0.0/s nrfence=0.0/s] slotbusy=0.0/s copyfence-busy=0.0/s nr-gpuwait=0.0/s flips=0.0/s
10:41:04.096  [fg-relay] rate2: fginput eval=0.0/s index!=1=0.0/s eval-gate[off=0.0 fallback=0.0 notready=0.0 noinput=0.0 noqueue=0.0]/s relay eval=0.0/s consume=0.0/s inplace=0.0/s(ok 0.0/s) unarmed=0.0/s mismatch=0.0/s relbusy=0.0/s relok=0.0/s relfail=0.0/s release-stage[queue=0.0 pool=0.0 fence=0.0 reset=0.0 begin=0.0 end=0.0 submit=0.0]/s watchdog=0.0/s | worker plays=0.0/s ok=0.0/s fail=0.0/s nr_absent=0.0/s copyfail=0.0/s
10:41:04.096  [fg-relay] rate3: arm->arm avg=171.88ms max=979154.93ms n=8787 | arm->work avg=0.01ms max=0.20ms | arm->eval avg=0.00ms max=0.00ms | copywait avg=0.006ms max=0.139ms | copy-land<= avg=161.49ms max=979154.84ms | work avg=5.93ms max=200.97ms | totals armed=8788 unarmed=2 skipped=2 busy=0 mismatch=0 copies_failed=0 writes=8788 conflicts=0
10:41:04.096  [fg-relay] rate4: throttle depth=1 off=0 | sleep calls=100.7/s waits=0.0/s clear=100.7/s timeouts=0.0/s avg=0.00ms | present calls=100.7/s waits=0.0/s clear=0.0/s timeouts=0.0/s avg=0.00ms | max=111.50ms (process)
10:41:07.251  === Vulkan CreateFeature1 #73  feature_id=18  VkDevice=000000002FCE00D0  thread 75496 ===
10:41:07.252  === Vulkan CreateFeature1 #73 returned -1160773630, handle=0000000000000000 ===
10:41:19.097  [fg-relay] rate/15.0s p2 import_opt=1: presents=100.7/s present-gate[point=100.7 ready=0.0 fallback=0.0 inactive=0.0]/s noinfo=0.0/s stale=0.0/s unlearned=0.0/s attempts=0.0/s armed=0.0/s skipped=0.0/s busy=0.0/s arm-reject[state=0.0 request=0.0 refused=0.0 stopping=0.0 res=0.0 size=0.0]/s pool[cap=0.0 family=0.0 create=0.0 alloc=0.0]/s copy-drop[fence=0.0 reset=0.0 begin=0.0 end=0.0 submit=0.0]/s cf[seq=0.0/s idle=0.0/s nrfence=0.0/s] slotbusy=0.0/s copyfence-busy=0.0/s nr-gpuwait=0.0/s flips=0.0/s
10:41:19.097  [fg-relay] rate2: fginput eval=0.0/s index!=1=0.0/s eval-gate[off=0.0 fallback=0.0 notready=0.0 noinput=0.0 noqueue=0.0]/s relay eval=0.0/s consume=0.0/s inplace=0.0/s(ok 0.0/s) unarmed=0.0/s mismatch=0.0/s relbusy=0.0/s relok=0.0/s relfail=0.0/s release-stage[queue=0.0 pool=0.0 fence=0.0 reset=0.0 begin=0.0 end=0.0 submit=0.0]/s watchdog=0.0/s | worker plays=0.0/s ok=0.0/s fail=0.0/s nr_absent=0.0/s copyfail=0.0/s
10:41:19.097  [fg-relay] rate3: arm->arm avg=171.88ms max=979154.93ms n=8787 | arm->work avg=0.01ms max=0.20ms | arm->eval avg=0.00ms max=0.00ms | copywait avg=0.006ms max=0.139ms | copy-land<= avg=161.49ms max=979154.84ms | work avg=5.93ms max=200.97ms | totals armed=8788 unarmed=2 skipped=2 busy=0 mismatch=0 copies_failed=0 writes=8788 conflicts=0
10:41:19.097  [fg-relay] rate4: throttle depth=1 off=0 | sleep calls=100.7/s waits=0.0/s clear=100.7/s timeouts=0.0/s avg=0.00ms | present calls=100.7/s waits=0.0/s clear=0.0/s timeouts=0.0/s avg=0.00ms | max=111.50ms (process)
10:41:34.099  [fg-relay] rate/15.0s p2 import_opt=1: presents=100.9/s present-gate[point=100.9 ready=0.0 fallback=0.0 inactive=0.0]/s noinfo=0.0/s stale=0.0/s unlearned=0.0/s attempts=0.0/s armed=0.0/s skipped=0.0/s busy=0.0/s arm-reject[state=0.0 request=0.0 refused=0.0 stopping=0.0 res=0.0 size=0.0]/s pool[cap=0.0 family=0.0 create=0.0 alloc=0.0]/s copy-drop[fence=0.0 reset=0.0 begin=0.0 end=0.0 submit=0.0]/s cf[seq=0.0/s idle=0.0/s nrfence=0.0/s] slotbusy=0.0/s copyfence-busy=0.0/s nr-gpuwait=0.0/s flips=0.0/s
10:41:34.100  [fg-relay] rate2: fginput eval=0.0/s index!=1=0.0/s eval-gate[off=0.0 fallback=0.0 notready=0.0 noinput=0.0 noqueue=0.0]/s relay eval=0.0/s consume=0.0/s inplace=0.0/s(ok 0.0/s) unarmed=0.0/s mismatch=0.0/s relbusy=0.0/s relok=0.0/s relfail=0.0/s release-stage[queue=0.0 pool=0.0 fence=0.0 reset=0.0 begin=0.0 end=0.0 submit=0.0]/s watchdog=0.0/s | worker plays=0.0/s ok=0.0/s fail=0.0/s nr_absent=0.0/s copyfail=0.0/s
10:41:34.100  [fg-relay] rate3: arm->arm avg=171.88ms max=979154.93ms n=8787 | arm->work avg=0.01ms max=0.20ms | arm->eval avg=0.00ms max=0.00ms | copywait avg=0.006ms max=0.139ms | copy-land<= avg=161.49ms max=979154.84ms | work avg=5.93ms max=200.97ms | totals armed=8788 unarmed=2 skipped=2 busy=0 mismatch=0 copies_failed=0 writes=8788 conflicts=0
10:41:34.100  [fg-relay] rate4: throttle depth=1 off=0 | sleep calls=100.9/s waits=0.0/s clear=100.9/s timeouts=0.0/s avg=0.00ms | present calls=100.9/s waits=0.0/s clear=0.0/s timeouts=0.0/s avg=0.00ms | max=111.50ms (process)
10:41:37.260  === Vulkan CreateFeature1 #74  feature_id=18  VkDevice=000000002FCE00D0  thread 75496 ===
10:41:37.260  === Vulkan CreateFeature1 #74 returned -1160773630, handle=0000000000000000 ===
10:41:49.094  [fg-relay] rate/15.0s p2 import_opt=1: presents=100.6/s present-gate[point=100.6 ready=0.0 fallback=0.0 inactive=0.0]/s noinfo=0.0/s stale=0.0/s unlearned=0.0/s attempts=0.0/s armed=0.0/s skipped=0.0/s busy=0.0/s arm-reject[state=0.0 request=0.0 refused=0.0 stopping=0.0 res=0.0 size=0.0]/s pool[cap=0.0 family=0.0 create=0.0 alloc=0.0]/s copy-drop[fence=0.0 reset=0.0 begin=0.0 end=0.0 submit=0.0]/s cf[seq=0.0/s idle=0.0/s nrfence=0.0/s] slotbusy=0.0/s copyfence-busy=0.0/s nr-gpuwait=0.0/s flips=0.0/s
10:41:49.094  [fg-relay] rate2: fginput eval=0.0/s index!=1=0.0/s eval-gate[off=0.0 fallback=0.0 notready=0.0 noinput=0.0 noqueue=0.0]/s relay eval=0.0/s consume=0.0/s inplace=0.0/s(ok 0.0/s) unarmed=0.0/s mismatch=0.0/s relbusy=0.0/s relok=0.0/s relfail=0.0/s release-stage[queue=0.0 pool=0.0 fence=0.0 reset=0.0 begin=0.0 end=0.0 submit=0.0]/s watchdog=0.0/s | worker plays=0.0/s ok=0.0/s fail=0.0/s nr_absent=0.0/s copyfail=0.0/s
10:41:49.095  [fg-relay] rate3: arm->arm avg=171.88ms max=979154.93ms n=8787 | arm->work avg=0.01ms max=0.20ms | arm->eval avg=0.00ms max=0.00ms | copywait avg=0.006ms max=0.139ms | copy-land<= avg=161.49ms max=979154.84ms | work avg=5.93ms max=200.97ms | totals armed=8788 unarmed=2 skipped=2 busy=0 mismatch=0 copies_failed=0 writes=8788 conflicts=0
10:41:49.095  [fg-relay] rate4: throttle depth=1 off=0 | sleep calls=100.6/s waits=0.0/s clear=100.6/s timeouts=0.0/s avg=0.00ms | present calls=100.6/s waits=0.0/s clear=0.0/s timeouts=0.0/s avg=0.00ms | max=111.50ms (process)
10:42:04.099  [fg-relay] rate/15.0s p2 import_opt=1: presents=100.6/s present-gate[point=100.6 ready=0.0 fallback=0.0 inactive=0.0]/s noinfo=0.0/s stale=0.0/s unlearned=0.0/s attempts=0.0/s armed=0.0/s skipped=0.0/s busy=0.0/s arm-reject[state=0.0 request=0.0 refused=0.0 stopping=0.0 res=0.0 size=0.0]/s pool[cap=0.0 family=0.0 create=0.0 alloc=0.0]/s copy-drop[fence=0.0 reset=0.0 begin=0.0 end=0.0 submit=0.0]/s cf[seq=0.0/s idle=0.0/s nrfence=0.0/s] slotbusy=0.0/s copyfence-busy=0.0/s nr-gpuwait=0.0/s flips=0.0/s
10:42:04.100  [fg-relay] rate2: fginput eval=0.0/s index!=1=0.0/s eval-gate[off=0.0 fallback=0.0 notready=0.0 noinput=0.0 noqueue=0.0]/s relay eval=0.0/s consume=0.0/s inplace=0.0/s(ok 0.0/s) unarmed=0.0/s mismatch=0.0/s relbusy=0.0/s relok=0.0/s relfail=0.0/s release-stage[queue=0.0 pool=0.0 fence=0.0 reset=0.0 begin=0.0 end=0.0 submit=0.0]/s watchdog=0.0/s | worker plays=0.0/s ok=0.0/s fail=0.0/s nr_absent=0.0/s copyfail=0.0/s
10:42:04.100  [fg-relay] rate3: arm->arm avg=171.88ms max=979154.93ms n=8787 | arm->work avg=0.01ms max=0.20ms | arm->eval avg=0.00ms max=0.00ms | copywait avg=0.006ms max=0.139ms | copy-land<= avg=161.49ms max=979154.84ms | work avg=5.93ms max=200.97ms | totals armed=8788 unarmed=2 skipped=2 busy=0 mismatch=0 copies_failed=0 writes=8788 conflicts=0
10:42:04.100  [fg-relay] rate4: throttle depth=1 off=0 | sleep calls=100.6/s waits=0.0/s clear=100.6/s timeouts=0.0/s avg=0.00ms | present calls=100.6/s waits=0.0/s clear=0.0/s timeouts=0.0/s avg=0.00ms | max=111.50ms (process)
10:42:07.265  === Vulkan CreateFeature1 #75  feature_id=18  VkDevice=000000002FCE00D0  thread 75496 ===
10:42:07.265  === Vulkan CreateFeature1 #75 returned -1160773630, handle=0000000000000000 ===
10:42:19.100  [fg-relay] rate/15.0s p2 import_opt=1: presents=100.7/s present-gate[point=100.7 ready=0.0 fallback=0.0 inactive=0.0]/s noinfo=0.0/s stale=0.0/s unlearned=0.0/s attempts=0.0/s armed=0.0/s skipped=0.0/s busy=0.0/s arm-reject[state=0.0 request=0.0 refused=0.0 stopping=0.0 res=0.0 size=0.0]/s pool[cap=0.0 family=0.0 create=0.0 alloc=0.0]/s copy-drop[fence=0.0 reset=0.0 begin=0.0 end=0.0 submit=0.0]/s cf[seq=0.0/s idle=0.0/s nrfence=0.0/s] slotbusy=0.0/s copyfence-busy=0.0/s nr-gpuwait=0.0/s flips=0.0/s
10:42:19.100  [fg-relay] rate2: fginput eval=0.0/s index!=1=0.0/s eval-gate[off=0.0 fallback=0.0 notready=0.0 noinput=0.0 noqueue=0.0]/s relay eval=0.0/s consume=0.0/s inplace=0.0/s(ok 0.0/s) unarmed=0.0/s mismatch=0.0/s relbusy=0.0/s relok=0.0/s relfail=0.0/s release-stage[queue=0.0 pool=0.0 fence=0.0 reset=0.0 begin=0.0 end=0.0 submit=0.0]/s watchdog=0.0/s | worker plays=0.0/s ok=0.0/s fail=0.0/s nr_absent=0.0/s copyfail=0.0/s
10:42:19.100  [fg-relay] rate3: arm->arm avg=171.88ms max=979154.93ms n=8787 | arm->work avg=0.01ms max=0.20ms | arm->eval avg=0.00ms max=0.00ms | copywait avg=0.006ms max=0.139ms | copy-land<= avg=161.49ms max=979154.84ms | work avg=5.93ms max=200.97ms | totals armed=8788 unarmed=2 skipped=2 busy=0 mismatch=0 copies_failed=0 writes=8788 conflicts=0
10:42:19.100  [fg-relay] rate4: throttle depth=1 off=0 | sleep calls=100.7/s waits=0.0/s clear=100.7/s timeouts=0.0/s avg=0.00ms | present calls=100.7/s waits=0.0/s clear=0.0/s timeouts=0.0/s avg=0.00ms | max=111.50ms (process)
10:42:34.098  [fg-relay] rate/15.0s p2 import_opt=1: presents=100.7/s present-gate[point=100.7 ready=0.0 fallback=0.0 inactive=0.0]/s noinfo=0.0/s stale=0.0/s unlearned=0.0/s attempts=0.0/s armed=0.0/s skipped=0.0/s busy=0.0/s arm-reject[state=0.0 request=0.0 refused=0.0 stopping=0.0 res=0.0 size=0.0]/s pool[cap=0.0 family=0.0 create=0.0 alloc=0.0]/s copy-drop[fence=0.0 reset=0.0 begin=0.0 end=0.0 submit=0.0]/s cf[seq=0.0/s idle=0.0/s nrfence=0.0/s] slotbusy=0.0/s copyfence-busy=0.0/s nr-gpuwait=0.0/s flips=0.0/s
10:42:34.099  [fg-relay] rate2: fginput eval=0.0/s index!=1=0.0/s eval-gate[off=0.0 fallback=0.0 notready=0.0 noinput=0.0 noqueue=0.0]/s relay eval=0.0/s consume=0.0/s inplace=0.0/s(ok 0.0/s) unarmed=0.0/s mismatch=0.0/s relbusy=0.0/s relok=0.0/s relfail=0.0/s release-stage[queue=0.0 pool=0.0 fence=0.0 reset=0.0 begin=0.0 end=0.0 submit=0.0]/s watchdog=0.0/s | worker plays=0.0/s ok=0.0/s fail=0.0/s nr_absent=0.0/s copyfail=0.0/s
10:42:34.099  [fg-relay] rate3: arm->arm avg=171.88ms max=979154.93ms n=8787 | arm->work avg=0.01ms max=0.20ms | arm->eval avg=0.00ms max=0.00ms | copywait avg=0.006ms max=0.139ms | copy-land<= avg=161.49ms max=979154.84ms | work avg=5.93ms max=200.97ms | totals armed=8788 unarmed=2 skipped=2 busy=0 mismatch=0 copies_failed=0 writes=8788 conflicts=0
10:42:34.099  [fg-relay] rate4: throttle depth=1 off=0 | sleep calls=100.7/s waits=0.0/s clear=100.7/s timeouts=0.0/s avg=0.00ms | present calls=100.7/s waits=0.0/s clear=0.0/s timeouts=0.0/s avg=0.00ms | max=111.50ms (process)
10:42:37.274  === Vulkan CreateFeature1 #76  feature_id=18  VkDevice=000000002FCE00D0  thread 75496 ===
10:42:37.274  === Vulkan CreateFeature1 #76 returned -1160773630, handle=0000000000000000 ===
10:42:49.099  [fg-relay] rate/15.0s p2 import_opt=1: presents=100.8/s present-gate[point=100.8 ready=0.0 fallback=0.0 inactive=0.0]/s noinfo=0.0/s stale=0.0/s unlearned=0.0/s attempts=0.0/s armed=0.0/s skipped=0.0/s busy=0.0/s arm-reject[state=0.0 request=0.0 refused=0.0 stopping=0.0 res=0.0 size=0.0]/s pool[cap=0.0 family=0.0 create=0.0 alloc=0.0]/s copy-drop[fence=0.0 reset=0.0 begin=0.0 end=0.0 submit=0.0]/s cf[seq=0.0/s idle=0.0/s nrfence=0.0/s] slotbusy=0.0/s copyfence-busy=0.0/s nr-gpuwait=0.0/s flips=0.0/s
10:42:49.100  [fg-relay] rate2: fginput eval=0.0/s index!=1=0.0/s eval-gate[off=0.0 fallback=0.0 notready=0.0 noinput=0.0 noqueue=0.0]/s relay eval=0.0/s consume=0.0/s inplace=0.0/s(ok 0.0/s) unarmed=0.0/s mismatch=0.0/s relbusy=0.0/s relok=0.0/s relfail=0.0/s release-stage[queue=0.0 pool=0.0 fence=0.0 reset=0.0 begin=0.0 end=0.0 submit=0.0]/s watchdog=0.0/s | worker plays=0.0/s ok=0.0/s fail=0.0/s nr_absent=0.0/s copyfail=0.0/s
10:42:49.100  [fg-relay] rate3: arm->arm avg=171.88ms max=979154.93ms n=8787 | arm->work avg=0.01ms max=0.20ms | arm->eval avg=0.00ms max=0.00ms | copywait avg=0.006ms max=0.139ms | copy-land<= avg=161.49ms max=979154.84ms | work avg=5.93ms max=200.97ms | totals armed=8788 unarmed=2 skipped=2 busy=0 mismatch=0 copies_failed=0 writes=8788 conflicts=0
10:42:49.100  [fg-relay] rate4: throttle depth=1 off=0 | sleep calls=100.8/s waits=0.0/s clear=100.8/s timeouts=0.0/s avg=0.00ms | present calls=100.8/s waits=0.0/s clear=0.0/s timeouts=0.0/s avg=0.00ms | max=111.50ms (process)
10:43:04.096  [fg-relay] rate/15.0s p2 import_opt=1: presents=99.1/s present-gate[point=99.1 ready=0.0 fallback=0.0 inactive=0.0]/s noinfo=0.0/s stale=0.0/s unlearned=0.0/s attempts=0.0/s armed=0.0/s skipped=0.0/s busy=0.0/s arm-reject[state=0.0 request=0.0 refused=0.0 stopping=0.0 res=0.0 size=0.0]/s pool[cap=0.0 family=0.0 create=0.0 alloc=0.0]/s copy-drop[fence=0.0 reset=0.0 begin=0.0 end=0.0 submit=0.0]/s cf[seq=0.0/s idle=0.0/s nrfence=0.0/s] slotbusy=0.0/s copyfence-busy=0.0/s nr-gpuwait=0.0/s flips=0.0/s
10:43:04.096  [fg-relay] rate2: fginput eval=0.0/s index!=1=0.0/s eval-gate[off=0.0 fallback=0.0 notready=0.0 noinput=0.0 noqueue=0.0]/s relay eval=0.0/s consume=0.0/s inplace=0.0/s(ok 0.0/s) unarmed=0.0/s mismatch=0.0/s relbusy=0.0/s relok=0.0/s relfail=0.0/s release-stage[queue=0.0 pool=0.0 fence=0.0 reset=0.0 begin=0.0 end=0.0 submit=0.0]/s watchdog=0.0/s | worker plays=0.0/s ok=0.0/s fail=0.0/s nr_absent=0.0/s copyfail=0.0/s
10:43:04.096  [fg-relay] rate3: arm->arm avg=171.88ms max=979154.93ms n=8787 | arm->work avg=0.01ms max=0.20ms | arm->eval avg=0.00ms max=0.00ms | copywait avg=0.006ms max=0.139ms | copy-land<= avg=161.49ms max=979154.84ms | work avg=5.93ms max=200.97ms | totals armed=8788 unarmed=2 skipped=2 busy=0 mismatch=0 copies_failed=0 writes=8788 conflicts=0
10:43:04.096  [fg-relay] rate4: throttle depth=1 off=0 | sleep calls=99.1/s waits=0.0/s clear=99.1/s timeouts=0.0/s avg=0.00ms | present calls=99.1/s waits=0.0/s clear=0.0/s timeouts=0.0/s avg=0.00ms | max=111.50ms (process)
10:43:07.277  === Vulkan CreateFeature1 #77  feature_id=18  VkDevice=000000002FCE00D0  thread 75496 ===
10:43:07.277  === Vulkan CreateFeature1 #77 returned -1160773630, handle=0000000000000000 ===
10:43:19.094  [fg-relay] rate/15.0s p2 import_opt=1: presents=100.9/s present-gate[point=100.9 ready=0.0 fallback=0.0 inactive=0.0]/s noinfo=0.0/s stale=0.0/s unlearned=0.0/s attempts=0.0/s armed=0.0/s skipped=0.0/s busy=0.0/s arm-reject[state=0.0 request=0.0 refused=0.0 stopping=0.0 res=0.0 size=0.0]/s pool[cap=0.0 family=0.0 create=0.0 alloc=0.0]/s copy-drop[fence=0.0 reset=0.0 begin=0.0 end=0.0 submit=0.0]/s cf[seq=0.0/s idle=0.0/s nrfence=0.0/s] slotbusy=0.0/s copyfence-busy=0.0/s nr-gpuwait=0.0/s flips=0.0/s
10:43:19.094  [fg-relay] rate2: fginput eval=0.0/s index!=1=0.0/s eval-gate[off=0.0 fallback=0.0 notready=0.0 noinput=0.0 noqueue=0.0]/s relay eval=0.0/s consume=0.0/s inplace=0.0/s(ok 0.0/s) unarmed=0.0/s mismatch=0.0/s relbusy=0.0/s relok=0.0/s relfail=0.0/s release-stage[queue=0.0 pool=0.0 fence=0.0 reset=0.0 begin=0.0 end=0.0 submit=0.0]/s watchdog=0.0/s | worker plays=0.0/s ok=0.0/s fail=0.0/s nr_absent=0.0/s copyfail=0.0/s
10:43:19.094  [fg-relay] rate3: arm->arm avg=171.88ms max=979154.93ms n=8787 | arm->work avg=0.01ms max=0.20ms | arm->eval avg=0.00ms max=0.00ms | copywait avg=0.006ms max=0.139ms | copy-land<= avg=161.49ms max=979154.84ms | work avg=5.93ms max=200.97ms | totals armed=8788 unarmed=2 skipped=2 busy=0 mismatch=0 copies_failed=0 writes=8788 conflicts=0
10:43:19.094  [fg-relay] rate4: throttle depth=1 off=0 | sleep calls=100.9/s waits=0.0/s clear=100.9/s timeouts=0.0/s avg=0.00ms | present calls=100.9/s waits=0.0/s clear=0.0/s timeouts=0.0/s avg=0.00ms | max=111.50ms (process)
10:43:34.092  [fg-relay] rate/15.0s p2 import_opt=1: presents=100.9/s present-gate[point=100.9 ready=0.0 fallback=0.0 inactive=0.0]/s noinfo=0.0/s stale=0.0/s unlearned=0.0/s attempts=0.0/s armed=0.0/s skipped=0.0/s busy=0.0/s arm-reject[state=0.0 request=0.0 refused=0.0 stopping=0.0 res=0.0 size=0.0]/s pool[cap=0.0 family=0.0 create=0.0 alloc=0.0]/s copy-drop[fence=0.0 reset=0.0 begin=0.0 end=0.0 submit=0.0]/s cf[seq=0.0/s idle=0.0/s nrfence=0.0/s] slotbusy=0.0/s copyfence-busy=0.0/s nr-gpuwait=0.0/s flips=0.0/s
10:43:34.093  [fg-relay] rate2: fginput eval=0.0/s index!=1=0.0/s eval-gate[off=0.0 fallback=0.0 notready=0.0 noinput=0.0 noqueue=0.0]/s relay eval=0.0/s consume=0.0/s inplace=0.0/s(ok 0.0/s) unarmed=0.0/s mismatch=0.0/s relbusy=0.0/s relok=0.0/s relfail=0.0/s release-stage[queue=0.0 pool=0.0 fence=0.0 reset=0.0 begin=0.0 end=0.0 submit=0.0]/s watchdog=0.0/s | worker plays=0.0/s ok=0.0/s fail=0.0/s nr_absent=0.0/s copyfail=0.0/s
10:43:34.093  [fg-relay] rate3: arm->arm avg=171.88ms max=979154.93ms n=8787 | arm->work avg=0.01ms max=0.20ms | arm->eval avg=0.00ms max=0.00ms | copywait avg=0.006ms max=0.139ms | copy-land<= avg=161.49ms max=979154.84ms | work avg=5.93ms max=200.97ms | totals armed=8788 unarmed=2 skipped=2 busy=0 mismatch=0 copies_failed=0 writes=8788 conflicts=0
10:43:34.093  [fg-relay] rate4: throttle depth=1 off=0 | sleep calls=100.9/s waits=0.0/s clear=100.9/s timeouts=0.0/s avg=0.00ms | present calls=100.9/s waits=0.0/s clear=0.0/s timeouts=0.0/s avg=0.00ms | max=111.50ms (process)
10:43:37.280  === Vulkan CreateFeature1 #78  feature_id=18  VkDevice=000000002FCE00D0  thread 75496 ===
10:43:37.280  === Vulkan CreateFeature1 #78 returned -1160773630, handle=0000000000000000 ===
10:43:49.092  [fg-relay] rate/15.0s p2 import_opt=1: presents=100.7/s present-gate[point=100.7 ready=0.0 fallback=0.0 inactive=0.0]/s noinfo=0.0/s stale=0.0/s unlearned=0.0/s attempts=0.0/s armed=0.0/s skipped=0.0/s busy=0.0/s arm-reject[state=0.0 request=0.0 refused=0.0 stopping=0.0 res=0.0 size=0.0]/s pool[cap=0.0 family=0.0 create=0.0 alloc=0.0]/s copy-drop[fence=0.0 reset=0.0 begin=0.0 end=0.0 submit=0.0]/s cf[seq=0.0/s idle=0.0/s nrfence=0.0/s] slotbusy=0.0/s copyfence-busy=0.0/s nr-gpuwait=0.0/s flips=0.0/s
10:43:49.092  [fg-relay] rate2: fginput eval=0.0/s index!=1=0.0/s eval-gate[off=0.0 fallback=0.0 notready=0.0 noinput=0.0 noqueue=0.0]/s relay eval=0.0/s consume=0.0/s inplace=0.0/s(ok 0.0/s) unarmed=0.0/s mismatch=0.0/s relbusy=0.0/s relok=0.0/s relfail=0.0/s release-stage[queue=0.0 pool=0.0 fence=0.0 reset=0.0 begin=0.0 end=0.0 submit=0.0]/s watchdog=0.0/s | worker plays=0.0/s ok=0.0/s fail=0.0/s nr_absent=0.0/s copyfail=0.0/s
10:43:49.093  [fg-relay] rate3: arm->arm avg=171.88ms max=979154.93ms n=8787 | arm->work avg=0.01ms max=0.20ms | arm->eval avg=0.00ms max=0.00ms | copywait avg=0.006ms max=0.139ms | copy-land<= avg=161.49ms max=979154.84ms | work avg=5.93ms max=200.97ms | totals armed=8788 unarmed=2 skipped=2 busy=0 mismatch=0 copies_failed=0 writes=8788 conflicts=0
10:43:49.093  [fg-relay] rate4: throttle depth=1 off=0 | sleep calls=100.7/s waits=0.0/s clear=100.7/s timeouts=0.0/s avg=0.00ms | present calls=100.7/s waits=0.0/s clear=0.0/s timeouts=0.0/s avg=0.00ms | max=111.50ms (process)
10:44:04.097  [fg-relay] rate/15.0s p2 import_opt=1: presents=100.8/s present-gate[point=100.8 ready=0.0 fallback=0.0 inactive=0.0]/s noinfo=0.0/s stale=0.0/s unlearned=0.0/s attempts=0.0/s armed=0.0/s skipped=0.0/s busy=0.0/s arm-reject[state=0.0 request=0.0 refused=0.0 stopping=0.0 res=0.0 size=0.0]/s pool[cap=0.0 family=0.0 create=0.0 alloc=0.0]/s copy-drop[fence=0.0 reset=0.0 begin=0.0 end=0.0 submit=0.0]/s cf[seq=0.0/s idle=0.0/s nrfence=0.0/s] slotbusy=0.0/s copyfence-busy=0.0/s nr-gpuwait=0.0/s flips=0.0/s
10:44:04.098  [fg-relay] rate2: fginput eval=0.0/s index!=1=0.0/s eval-gate[off=0.0 fallback=0.0 notready=0.0 noinput=0.0 noqueue=0.0]/s relay eval=0.0/s consume=0.0/s inplace=0.0/s(ok 0.0/s) unarmed=0.0/s mismatch=0.0/s relbusy=0.0/s relok=0.0/s relfail=0.0/s release-stage[queue=0.0 pool=0.0 fence=0.0 reset=0.0 begin=0.0 end=0.0 submit=0.0]/s watchdog=0.0/s | worker plays=0.0/s ok=0.0/s fail=0.0/s nr_absent=0.0/s copyfail=0.0/s
10:44:04.098  [fg-relay] rate3: arm->arm avg=171.88ms max=979154.93ms n=8787 | arm->work avg=0.01ms max=0.20ms | arm->eval avg=0.00ms max=0.00ms | copywait avg=0.006ms max=0.139ms | copy-land<= avg=161.49ms max=979154.84ms | work avg=5.93ms max=200.97ms | totals armed=8788 unarmed=2 skipped=2 busy=0 mismatch=0 copies_failed=0 writes=8788 conflicts=0
10:44:04.098  [fg-relay] rate4: throttle depth=1 off=0 | sleep calls=100.8/s waits=0.0/s clear=100.8/s timeouts=0.0/s avg=0.00ms | present calls=100.8/s waits=0.0/s clear=0.0/s timeouts=0.0/s avg=0.00ms | max=111.50ms (process)
10:44:07.291  === Vulkan CreateFeature1 #79  feature_id=18  VkDevice=000000002FCE00D0  thread 75496 ===
10:44:07.291  === Vulkan CreateFeature1 #79 returned -1160773630, handle=0000000000000000 ===
10:44:19.098  [fg-relay] rate/15.0s p2 import_opt=1: presents=100.7/s present-gate[point=100.7 ready=0.0 fallback=0.0 inactive=0.0]/s noinfo=0.0/s stale=0.0/s unlearned=0.0/s attempts=0.0/s armed=0.0/s skipped=0.0/s busy=0.0/s arm-reject[state=0.0 request=0.0 refused=0.0 stopping=0.0 res=0.0 size=0.0]/s pool[cap=0.0 family=0.0 create=0.0 alloc=0.0]/s copy-drop[fence=0.0 reset=0.0 begin=0.0 end=0.0 submit=0.0]/s cf[seq=0.0/s idle=0.0/s nrfence=0.0/s] slotbusy=0.0/s copyfence-busy=0.0/s nr-gpuwait=0.0/s flips=0.0/s
10:44:19.098  [fg-relay] rate2: fginput eval=0.0/s index!=1=0.0/s eval-gate[off=0.0 fallback=0.0 notready=0.0 noinput=0.0 noqueue=0.0]/s relay eval=0.0/s consume=0.0/s inplace=0.0/s(ok 0.0/s) unarmed=0.0/s mismatch=0.0/s relbusy=0.0/s relok=0.0/s relfail=0.0/s release-stage[queue=0.0 pool=0.0 fence=0.0 reset=0.0 begin=0.0 end=0.0 submit=0.0]/s watchdog=0.0/s | worker plays=0.0/s ok=0.0/s fail=0.0/s nr_absent=0.0/s copyfail=0.0/s
10:44:19.098  [fg-relay] rate3: arm->arm avg=171.88ms max=979154.93ms n=8787 | arm->work avg=0.01ms max=0.20ms | arm->eval avg=0.00ms max=0.00ms | copywait avg=0.006ms max=0.139ms | copy-land<= avg=161.49ms max=979154.84ms | work avg=5.93ms max=200.97ms | totals armed=8788 unarmed=2 skipped=2 busy=0 mismatch=0 copies_failed=0 writes=8788 conflicts=0
10:44:19.098  [fg-relay] rate4: throttle depth=1 off=0 | sleep calls=100.7/s waits=0.0/s clear=100.7/s timeouts=0.0/s avg=0.00ms | present calls=100.7/s waits=0.0/s clear=0.0/s timeouts=0.0/s avg=0.00ms | max=111.50ms (process)
10:44:34.092  [fg-relay] rate/15.0s p2 import_opt=1: presents=100.6/s present-gate[point=100.6 ready=0.0 fallback=0.0 inactive=0.0]/s noinfo=0.0/s stale=0.0/s unlearned=0.0/s attempts=0.0/s armed=0.0/s skipped=0.0/s busy=0.0/s arm-reject[state=0.0 request=0.0 refused=0.0 stopping=0.0 res=0.0 size=0.0]/s pool[cap=0.0 family=0.0 create=0.0 alloc=0.0]/s copy-drop[fence=0.0 reset=0.0 begin=0.0 end=0.0 submit=0.0]/s cf[seq=0.0/s idle=0.0/s nrfence=0.0/s] slotbusy=0.0/s copyfence-busy=0.0/s nr-gpuwait=0.0/s flips=0.0/s
10:44:34.093  [fg-relay] rate2: fginput eval=0.0/s index!=1=0.0/s eval-gate[off=0.0 fallback=0.0 notready=0.0 noinput=0.0 noqueue=0.0]/s relay eval=0.0/s consume=0.0/s inplace=0.0/s(ok 0.0/s) unarmed=0.0/s mismatch=0.0/s relbusy=0.0/s relok=0.0/s relfail=0.0/s release-stage[queue=0.0 pool=0.0 fence=0.0 reset=0.0 begin=0.0 end=0.0 submit=0.0]/s watchdog=0.0/s | worker plays=0.0/s ok=0.0/s fail=0.0/s nr_absent=0.0/s copyfail=0.0/s
10:44:34.093  [fg-relay] rate3: arm->arm avg=171.88ms max=979154.93ms n=8787 | arm->work avg=0.01ms max=0.20ms | arm->eval avg=0.00ms max=0.00ms | copywait avg=0.006ms max=0.139ms | copy-land<= avg=161.49ms max=979154.84ms | work avg=5.93ms max=200.97ms | totals armed=8788 unarmed=2 skipped=2 busy=0 mismatch=0 copies_failed=0 writes=8788 conflicts=0
10:44:34.093  [fg-relay] rate4: throttle depth=1 off=0 | sleep calls=100.6/s waits=0.0/s clear=100.6/s timeouts=0.0/s avg=0.00ms | present calls=100.6/s waits=0.0/s clear=0.0/s timeouts=0.0/s avg=0.00ms | max=111.50ms (process)
10:44:37.297  === Vulkan CreateFeature1 #80  feature_id=18  VkDevice=000000002FCE00D0  thread 75496 ===
10:44:37.297  === Vulkan CreateFeature1 #80 returned -1160773630, handle=0000000000000000 ===
10:44:49.095  [fg-relay] rate/15.0s p2 import_opt=1: presents=100.5/s present-gate[point=100.5 ready=0.0 fallback=0.0 inactive=0.0]/s noinfo=0.0/s stale=0.0/s unlearned=0.0/s attempts=0.0/s armed=0.0/s skipped=0.0/s busy=0.0/s arm-reject[state=0.0 request=0.0 refused=0.0 stopping=0.0 res=0.0 size=0.0]/s pool[cap=0.0 family=0.0 create=0.0 alloc=0.0]/s copy-drop[fence=0.0 reset=0.0 begin=0.0 end=0.0 submit=0.0]/s cf[seq=0.0/s idle=0.0/s nrfence=0.0/s] slotbusy=0.0/s copyfence-busy=0.0/s nr-gpuwait=0.0/s flips=0.0/s
10:44:49.095  [fg-relay] rate2: fginput eval=0.0/s index!=1=0.0/s eval-gate[off=0.0 fallback=0.0 notready=0.0 noinput=0.0 noqueue=0.0]/s relay eval=0.0/s consume=0.0/s inplace=0.0/s(ok 0.0/s) unarmed=0.0/s mismatch=0.0/s relbusy=0.0/s relok=0.0/s relfail=0.0/s release-stage[queue=0.0 pool=0.0 fence=0.0 reset=0.0 begin=0.0 end=0.0 submit=0.0]/s watchdog=0.0/s | worker plays=0.0/s ok=0.0/s fail=0.0/s nr_absent=0.0/s copyfail=0.0/s
10:44:49.095  [fg-relay] rate3: arm->arm avg=171.88ms max=979154.93ms n=8787 | arm->work avg=0.01ms max=0.20ms | arm->eval avg=0.00ms max=0.00ms | copywait avg=0.006ms max=0.139ms | copy-land<= avg=161.49ms max=979154.84ms | work avg=5.93ms max=200.97ms | totals armed=8788 unarmed=2 skipped=2 busy=0 mismatch=0 copies_failed=0 writes=8788 conflicts=0
10:44:49.095  [fg-relay] rate4: throttle depth=1 off=0 | sleep calls=100.5/s waits=0.0/s clear=100.5/s timeouts=0.0/s avg=0.00ms | present calls=100.5/s waits=0.0/s clear=0.0/s timeouts=0.0/s avg=0.00ms | max=111.50ms (process)
10:45:04.092  [fg-relay] rate/15.0s p2 import_opt=1: presents=100.9/s present-gate[point=100.9 ready=0.0 fallback=0.0 inactive=0.0]/s noinfo=0.0/s stale=0.0/s unlearned=0.0/s attempts=0.0/s armed=0.0/s skipped=0.0/s busy=0.0/s arm-reject[state=0.0 request=0.0 refused=0.0 stopping=0.0 res=0.0 size=0.0]/s pool[cap=0.0 family=0.0 create=0.0 alloc=0.0]/s copy-drop[fence=0.0 reset=0.0 begin=0.0 end=0.0 submit=0.0]/s cf[seq=0.0/s idle=0.0/s nrfence=0.0/s] slotbusy=0.0/s copyfence-busy=0.0/s nr-gpuwait=0.0/s flips=0.0/s
10:45:04.093  [fg-relay] rate2: fginput eval=0.0/s index!=1=0.0/s eval-gate[off=0.0 fallback=0.0 notready=0.0 noinput=0.0 noqueue=0.0]/s relay eval=0.0/s consume=0.0/s inplace=0.0/s(ok 0.0/s) unarmed=0.0/s mismatch=0.0/s relbusy=0.0/s relok=0.0/s relfail=0.0/s release-stage[queue=0.0 pool=0.0 fence=0.0 reset=0.0 begin=0.0 end=0.0 submit=0.0]/s watchdog=0.0/s | worker plays=0.0/s ok=0.0/s fail=0.0/s nr_absent=0.0/s copyfail=0.0/s
10:45:04.093  [fg-relay] rate3: arm->arm avg=171.88ms max=979154.93ms n=8787 | arm->work avg=0.01ms max=0.20ms | arm->eval avg=0.00ms max=0.00ms | copywait avg=0.006ms max=0.139ms | copy-land<= avg=161.49ms max=979154.84ms | work avg=5.93ms max=200.97ms | totals armed=8788 unarmed=2 skipped=2 busy=0 mismatch=0 copies_failed=0 writes=8788 conflicts=0
10:45:04.093  [fg-relay] rate4: throttle depth=1 off=0 | sleep calls=100.9/s waits=0.0/s clear=100.9/s timeouts=0.0/s avg=0.00ms | present calls=100.9/s waits=0.0/s clear=0.0/s timeouts=0.0/s avg=0.00ms | max=111.50ms (process)
10:45:07.305  === Vulkan CreateFeature1 #81  feature_id=18  VkDevice=000000002FCE00D0  thread 75496 ===
10:45:07.305  === Vulkan CreateFeature1 #81 returned -1160773630, handle=0000000000000000 ===
10:45:19.099  [fg-relay] rate/15.0s p2 import_opt=1: presents=100.9/s present-gate[point=100.9 ready=0.0 fallback=0.0 inactive=0.0]/s noinfo=0.0/s stale=0.0/s unlearned=0.0/s attempts=0.0/s armed=0.0/s skipped=0.0/s busy=0.0/s arm-reject[state=0.0 request=0.0 refused=0.0 stopping=0.0 res=0.0 size=0.0]/s pool[cap=0.0 family=0.0 create=0.0 alloc=0.0]/s copy-drop[fence=0.0 reset=0.0 begin=0.0 end=0.0 submit=0.0]/s cf[seq=0.0/s idle=0.0/s nrfence=0.0/s] slotbusy=0.0/s copyfence-busy=0.0/s nr-gpuwait=0.0/s flips=0.0/s
10:45:19.100  [fg-relay] rate2: fginput eval=0.0/s index!=1=0.0/s eval-gate[off=0.0 fallback=0.0 notready=0.0 noinput=0.0 noqueue=0.0]/s relay eval=0.0/s consume=0.0/s inplace=0.0/s(ok 0.0/s) unarmed=0.0/s mismatch=0.0/s relbusy=0.0/s relok=0.0/s relfail=0.0/s release-stage[queue=0.0 pool=0.0 fence=0.0 reset=0.0 begin=0.0 end=0.0 submit=0.0]/s watchdog=0.0/s | worker plays=0.0/s ok=0.0/s fail=0.0/s nr_absent=0.0/s copyfail=0.0/s
10:45:19.100  [fg-relay] rate3: arm->arm avg=171.88ms max=979154.93ms n=8787 | arm->work avg=0.01ms max=0.20ms | arm->eval avg=0.00ms max=0.00ms | copywait avg=0.006ms max=0.139ms | copy-land<= avg=161.49ms max=979154.84ms | work avg=5.93ms max=200.97ms | totals armed=8788 unarmed=2 skipped=2 busy=0 mismatch=0 copies_failed=0 writes=8788 conflicts=0
10:45:19.100  [fg-relay] rate4: throttle depth=1 off=0 | sleep calls=100.9/s waits=0.0/s clear=100.9/s timeouts=0.0/s avg=0.00ms | present calls=100.9/s waits=0.0/s clear=0.0/s timeouts=0.0/s avg=0.00ms | max=111.50ms (process)
10:45:34.093  [fg-relay] rate/15.0s p2 import_opt=1: presents=100.5/s present-gate[point=100.5 ready=0.0 fallback=0.0 inactive=0.0]/s noinfo=0.0/s stale=0.0/s unlearned=0.0/s attempts=0.0/s armed=0.0/s skipped=0.0/s busy=0.0/s arm-reject[state=0.0 request=0.0 refused=0.0 stopping=0.0 res=0.0 size=0.0]/s pool[cap=0.0 family=0.0 create=0.0 alloc=0.0]/s copy-drop[fence=0.0 reset=0.0 begin=0.0 end=0.0 submit=0.0]/s cf[seq=0.0/s idle=0.0/s nrfence=0.0/s] slotbusy=0.0/s copyfence-busy=0.0/s nr-gpuwait=0.0/s flips=0.0/s
10:45:34.093  [fg-relay] rate2: fginput eval=0.0/s index!=1=0.0/s eval-gate[off=0.0 fallback=0.0 notready=0.0 noinput=0.0 noqueue=0.0]/s relay eval=0.0/s consume=0.0/s inplace=0.0/s(ok 0.0/s) unarmed=0.0/s mismatch=0.0/s relbusy=0.0/s relok=0.0/s relfail=0.0/s release-stage[queue=0.0 pool=0.0 fence=0.0 reset=0.0 begin=0.0 end=0.0 submit=0.0]/s watchdog=0.0/s | worker plays=0.0/s ok=0.0/s fail=0.0/s nr_absent=0.0/s copyfail=0.0/s
10:45:34.093  [fg-relay] rate3: arm->arm avg=171.88ms max=979154.93ms n=8787 | arm->work avg=0.01ms max=0.20ms | arm->eval avg=0.00ms max=0.00ms | copywait avg=0.006ms max=0.139ms | copy-land<= avg=161.49ms max=979154.84ms | work avg=5.93ms max=200.97ms | totals armed=8788 unarmed=2 skipped=2 busy=0 mismatch=0 copies_failed=0 writes=8788 conflicts=0
10:45:34.093  [fg-relay] rate4: throttle depth=1 off=0 | sleep calls=100.5/s waits=0.0/s clear=100.5/s timeouts=0.0/s avg=0.00ms | present calls=100.5/s waits=0.0/s clear=0.0/s timeouts=0.0/s avg=0.00ms | max=111.50ms (process)
10:45:37.307  === Vulkan CreateFeature1 #82  feature_id=18  VkDevice=000000002FCE00D0  thread 75496 ===
10:45:37.307  === Vulkan CreateFeature1 #82 returned -1160773630, handle=0000000000000000 ===
10:45:49.098  [fg-relay] rate/15.0s p2 import_opt=1: presents=100.5/s present-gate[point=100.5 ready=0.0 fallback=0.0 inactive=0.0]/s noinfo=0.0/s stale=0.0/s unlearned=0.0/s attempts=0.0/s armed=0.0/s skipped=0.0/s busy=0.0/s arm-reject[state=0.0 request=0.0 refused=0.0 stopping=0.0 res=0.0 size=0.0]/s pool[cap=0.0 family=0.0 create=0.0 alloc=0.0]/s copy-drop[fence=0.0 reset=0.0 begin=0.0 end=0.0 submit=0.0]/s cf[seq=0.0/s idle=0.0/s nrfence=0.0/s] slotbusy=0.0/s copyfence-busy=0.0/s nr-gpuwait=0.0/s flips=0.0/s
10:45:49.098  [fg-relay] rate2: fginput eval=0.0/s index!=1=0.0/s eval-gate[off=0.0 fallback=0.0 notready=0.0 noinput=0.0 noqueue=0.0]/s relay eval=0.0/s consume=0.0/s inplace=0.0/s(ok 0.0/s) unarmed=0.0/s mismatch=0.0/s relbusy=0.0/s relok=0.0/s relfail=0.0/s release-stage[queue=0.0 pool=0.0 fence=0.0 reset=0.0 begin=0.0 end=0.0 submit=0.0]/s watchdog=0.0/s | worker plays=0.0/s ok=0.0/s fail=0.0/s nr_absent=0.0/s copyfail=0.0/s
10:45:49.098  [fg-relay] rate3: arm->arm avg=171.88ms max=979154.93ms n=8787 | arm->work avg=0.01ms max=0.20ms | arm->eval avg=0.00ms max=0.00ms | copywait avg=0.006ms max=0.139ms | copy-land<= avg=161.49ms max=979154.84ms | work avg=5.93ms max=200.97ms | totals armed=8788 unarmed=2 skipped=2 busy=0 mismatch=0 copies_failed=0 writes=8788 conflicts=0
10:45:49.099  [fg-relay] rate4: throttle depth=1 off=0 | sleep calls=100.5/s waits=0.0/s clear=100.5/s timeouts=0.0/s avg=0.00ms | present calls=100.5/s waits=0.0/s clear=0.0/s timeouts=0.0/s avg=0.00ms | max=111.50ms (process)
10:46:04.100  [fg-relay] rate/15.0s p2 import_opt=1: presents=100.6/s present-gate[point=100.6 ready=0.0 fallback=0.0 inactive=0.0]/s noinfo=0.0/s stale=0.0/s unlearned=0.0/s attempts=0.0/s armed=0.0/s skipped=0.0/s busy=0.0/s arm-reject[state=0.0 request=0.0 refused=0.0 stopping=0.0 res=0.0 size=0.0]/s pool[cap=0.0 family=0.0 create=0.0 alloc=0.0]/s copy-drop[fence=0.0 reset=0.0 begin=0.0 end=0.0 submit=0.0]/s cf[seq=0.0/s idle=0.0/s nrfence=0.0/s] slotbusy=0.0/s copyfence-busy=0.0/s nr-gpuwait=0.0/s flips=0.0/s
10:46:04.100  [fg-relay] rate2: fginput eval=0.0/s index!=1=0.0/s eval-gate[off=0.0 fallback=0.0 notready=0.0 noinput=0.0 noqueue=0.0]/s relay eval=0.0/s consume=0.0/s inplace=0.0/s(ok 0.0/s) unarmed=0.0/s mismatch=0.0/s relbusy=0.0/s relok=0.0/s relfail=0.0/s release-stage[queue=0.0 pool=0.0 fence=0.0 reset=0.0 begin=0.0 end=0.0 submit=0.0]/s watchdog=0.0/s | worker plays=0.0/s ok=0.0/s fail=0.0/s nr_absent=0.0/s copyfail=0.0/s
10:46:04.100  [fg-relay] rate3: arm->arm avg=171.88ms max=979154.93ms n=8787 | arm->work avg=0.01ms max=0.20ms | arm->eval avg=0.00ms max=0.00ms | copywait avg=0.006ms max=0.139ms | copy-land<= avg=161.49ms max=979154.84ms | work avg=5.93ms max=200.97ms | totals armed=8788 unarmed=2 skipped=2 busy=0 mismatch=0 copies_failed=0 writes=8788 conflicts=0
10:46:04.100  [fg-relay] rate4: throttle depth=1 off=0 | sleep calls=100.6/s waits=0.0/s clear=100.6/s timeouts=0.0/s avg=0.00ms | present calls=100.6/s waits=0.0/s clear=0.0/s timeouts=0.0/s avg=0.00ms | max=111.50ms (process)
10:46:07.310  === Vulkan CreateFeature1 #83  feature_id=18  VkDevice=000000002FCE00D0  thread 75496 ===
10:46:07.311  === Vulkan CreateFeature1 #83 returned -1160773630, handle=0000000000000000 ===
10:46:19.099  [fg-relay] rate/15.0s p2 import_opt=1: presents=100.8/s present-gate[point=100.8 ready=0.0 fallback=0.0 inactive=0.0]/s noinfo=0.0/s stale=0.0/s unlearned=0.0/s attempts=0.0/s armed=0.0/s skipped=0.0/s busy=0.0/s arm-reject[state=0.0 request=0.0 refused=0.0 stopping=0.0 res=0.0 size=0.0]/s pool[cap=0.0 family=0.0 create=0.0 alloc=0.0]/s copy-drop[fence=0.0 reset=0.0 begin=0.0 end=0.0 submit=0.0]/s cf[seq=0.0/s idle=0.0/s nrfence=0.0/s] slotbusy=0.0/s copyfence-busy=0.0/s nr-gpuwait=0.0/s flips=0.0/s
10:46:19.099  [fg-relay] rate2: fginput eval=0.0/s index!=1=0.0/s eval-gate[off=0.0 fallback=0.0 notready=0.0 noinput=0.0 noqueue=0.0]/s relay eval=0.0/s consume=0.0/s inplace=0.0/s(ok 0.0/s) unarmed=0.0/s mismatch=0.0/s relbusy=0.0/s relok=0.0/s relfail=0.0/s release-stage[queue=0.0 pool=0.0 fence=0.0 reset=0.0 begin=0.0 end=0.0 submit=0.0]/s watchdog=0.0/s | worker plays=0.0/s ok=0.0/s fail=0.0/s nr_absent=0.0/s copyfail=0.0/s
10:46:19.099  [fg-relay] rate3: arm->arm avg=171.88ms max=979154.93ms n=8787 | arm->work avg=0.01ms max=0.20ms | arm->eval avg=0.00ms max=0.00ms | copywait avg=0.006ms max=0.139ms | copy-land<= avg=161.49ms max=979154.84ms | work avg=5.93ms max=200.97ms | totals armed=8788 unarmed=2 skipped=2 busy=0 mismatch=0 copies_failed=0 writes=8788 conflicts=0
10:46:19.099  [fg-relay] rate4: throttle depth=1 off=0 | sleep calls=100.8/s waits=0.0/s clear=100.8/s timeouts=0.0/s avg=0.00ms | present calls=100.8/s waits=0.0/s clear=0.0/s timeouts=0.0/s avg=0.00ms | max=111.50ms (process)
10:46:34.099  [fg-relay] rate/15.0s p2 import_opt=1: presents=100.5/s present-gate[point=100.5 ready=0.0 fallback=0.0 inactive=0.0]/s noinfo=0.0/s stale=0.0/s unlearned=0.0/s attempts=0.0/s armed=0.0/s skipped=0.0/s busy=0.0/s arm-reject[state=0.0 request=0.0 refused=0.0 stopping=0.0 res=0.0 size=0.0]/s pool[cap=0.0 family=0.0 create=0.0 alloc=0.0]/s copy-drop[fence=0.0 reset=0.0 begin=0.0 end=0.0 submit=0.0]/s cf[seq=0.0/s idle=0.0/s nrfence=0.0/s] slotbusy=0.0/s copyfence-busy=0.0/s nr-gpuwait=0.0/s flips=0.0/s
10:46:34.100  [fg-relay] rate2: fginput eval=0.0/s index!=1=0.0/s eval-gate[off=0.0 fallback=0.0 notready=0.0 noinput=0.0 noqueue=0.0]/s relay eval=0.0/s consume=0.0/s inplace=0.0/s(ok 0.0/s) unarmed=0.0/s mismatch=0.0/s relbusy=0.0/s relok=0.0/s relfail=0.0/s release-stage[queue=0.0 pool=0.0 fence=0.0 reset=0.0 begin=0.0 end=0.0 submit=0.0]/s watchdog=0.0/s | worker plays=0.0/s ok=0.0/s fail=0.0/s nr_absent=0.0/s copyfail=0.0/s
10:46:34.100  [fg-relay] rate3: arm->arm avg=171.88ms max=979154.93ms n=8787 | arm->work avg=0.01ms max=0.20ms | arm->eval avg=0.00ms max=0.00ms | copywait avg=0.006ms max=0.139ms | copy-land<= avg=161.49ms max=979154.84ms | work avg=5.93ms max=200.97ms | totals armed=8788 unarmed=2 skipped=2 busy=0 mismatch=0 copies_failed=0 writes=8788 conflicts=0
10:46:34.100  [fg-relay] rate4: throttle depth=1 off=0 | sleep calls=100.5/s waits=0.0/s clear=100.5/s timeouts=0.0/s avg=0.00ms | present calls=100.5/s waits=0.0/s clear=0.0/s timeouts=0.0/s avg=0.00ms | max=111.50ms (process)
10:46:37.316  === Vulkan CreateFeature1 #84  feature_id=18  VkDevice=000000002FCE00D0  thread 75496 ===
10:46:37.316  === Vulkan CreateFeature1 #84 returned -1160773630, handle=0000000000000000 ===
10:46:49.093  [fg-relay] rate/15.0s p2 import_opt=1: presents=100.7/s present-gate[point=100.7 ready=0.0 fallback=0.0 inactive=0.0]/s noinfo=0.0/s stale=0.0/s unlearned=0.0/s attempts=0.0/s armed=0.0/s skipped=0.0/s busy=0.0/s arm-reject[state=0.0 request=0.0 refused=0.0 stopping=0.0 res=0.0 size=0.0]/s pool[cap=0.0 family=0.0 create=0.0 alloc=0.0]/s copy-drop[fence=0.0 reset=0.0 begin=0.0 end=0.0 submit=0.0]/s cf[seq=0.0/s idle=0.0/s nrfence=0.0/s] slotbusy=0.0/s copyfence-busy=0.0/s nr-gpuwait=0.0/s flips=0.0/s
10:46:49.093  [fg-relay] rate2: fginput eval=0.0/s index!=1=0.0/s eval-gate[off=0.0 fallback=0.0 notready=0.0 noinput=0.0 noqueue=0.0]/s relay eval=0.0/s consume=0.0/s inplace=0.0/s(ok 0.0/s) unarmed=0.0/s mismatch=0.0/s relbusy=0.0/s relok=0.0/s relfail=0.0/s release-stage[queue=0.0 pool=0.0 fence=0.0 reset=0.0 begin=0.0 end=0.0 submit=0.0]/s watchdog=0.0/s | worker plays=0.0/s ok=0.0/s fail=0.0/s nr_absent=0.0/s copyfail=0.0/s
10:46:49.093  [fg-relay] rate3: arm->arm avg=171.88ms max=979154.93ms n=8787 | arm->work avg=0.01ms max=0.20ms | arm->eval avg=0.00ms max=0.00ms | copywait avg=0.006ms max=0.139ms | copy-land<= avg=161.49ms max=979154.84ms | work avg=5.93ms max=200.97ms | totals armed=8788 unarmed=2 skipped=2 busy=0 mismatch=0 copies_failed=0 writes=8788 conflicts=0
10:46:49.093  [fg-relay] rate4: throttle depth=1 off=0 | sleep calls=100.7/s waits=0.0/s clear=100.7/s timeouts=0.0/s avg=0.00ms | present calls=100.7/s waits=0.0/s clear=0.0/s timeouts=0.0/s avg=0.00ms | max=111.50ms (process)
10:47:04.095  [fg-relay] rate/15.0s p2 import_opt=1: presents=100.9/s present-gate[point=100.9 ready=0.0 fallback=0.0 inactive=0.0]/s noinfo=0.0/s stale=0.0/s unlearned=0.0/s attempts=0.0/s armed=0.0/s skipped=0.0/s busy=0.0/s arm-reject[state=0.0 request=0.0 refused=0.0 stopping=0.0 res=0.0 size=0.0]/s pool[cap=0.0 family=0.0 create=0.0 alloc=0.0]/s copy-drop[fence=0.0 reset=0.0 begin=0.0 end=0.0 submit=0.0]/s cf[seq=0.0/s idle=0.0/s nrfence=0.0/s] slotbusy=0.0/s copyfence-busy=0.0/s nr-gpuwait=0.0/s flips=0.0/s
10:47:04.095  [fg-relay] rate2: fginput eval=0.0/s index!=1=0.0/s eval-gate[off=0.0 fallback=0.0 notready=0.0 noinput=0.0 noqueue=0.0]/s relay eval=0.0/s consume=0.0/s inplace=0.0/s(ok 0.0/s) unarmed=0.0/s mismatch=0.0/s relbusy=0.0/s relok=0.0/s relfail=0.0/s release-stage[queue=0.0 pool=0.0 fence=0.0 reset=0.0 begin=0.0 end=0.0 submit=0.0]/s watchdog=0.0/s | worker plays=0.0/s ok=0.0/s fail=0.0/s nr_absent=0.0/s copyfail=0.0/s
10:47:04.095  [fg-relay] rate3: arm->arm avg=171.88ms max=979154.93ms n=8787 | arm->work avg=0.01ms max=0.20ms | arm->eval avg=0.00ms max=0.00ms | copywait avg=0.006ms max=0.139ms | copy-land<= avg=161.49ms max=979154.84ms | work avg=5.93ms max=200.97ms | totals armed=8788 unarmed=2 skipped=2 busy=0 mismatch=0 copies_failed=0 writes=8788 conflicts=0
10:47:04.095  [fg-relay] rate4: throttle depth=1 off=0 | sleep calls=100.9/s waits=0.0/s clear=100.9/s timeouts=0.0/s avg=0.00ms | present calls=100.9/s waits=0.0/s clear=0.0/s timeouts=0.0/s avg=0.00ms | max=111.50ms (process)
10:47:07.317  === Vulkan CreateFeature1 #85  feature_id=18  VkDevice=000000002FCE00D0  thread 75496 ===
10:47:07.317  === Vulkan CreateFeature1 #85 returned -1160773630, handle=0000000000000000 ===
10:47:19.098  [fg-relay] rate/15.0s p2 import_opt=1: presents=100.8/s present-gate[point=100.8 ready=0.0 fallback=0.0 inactive=0.0]/s noinfo=0.0/s stale=0.0/s unlearned=0.0/s attempts=0.0/s armed=0.0/s skipped=0.0/s busy=0.0/s arm-reject[state=0.0 request=0.0 refused=0.0 stopping=0.0 res=0.0 size=0.0]/s pool[cap=0.0 family=0.0 create=0.0 alloc=0.0]/s copy-drop[fence=0.0 reset=0.0 begin=0.0 end=0.0 submit=0.0]/s cf[seq=0.0/s idle=0.0/s nrfence=0.0/s] slotbusy=0.0/s copyfence-busy=0.0/s nr-gpuwait=0.0/s flips=0.0/s
10:47:19.098  [fg-relay] rate2: fginput eval=0.0/s index!=1=0.0/s eval-gate[off=0.0 fallback=0.0 notready=0.0 noinput=0.0 noqueue=0.0]/s relay eval=0.0/s consume=0.0/s inplace=0.0/s(ok 0.0/s) unarmed=0.0/s mismatch=0.0/s relbusy=0.0/s relok=0.0/s relfail=0.0/s release-stage[queue=0.0 pool=0.0 fence=0.0 reset=0.0 begin=0.0 end=0.0 submit=0.0]/s watchdog=0.0/s | worker plays=0.0/s ok=0.0/s fail=0.0/s nr_absent=0.0/s copyfail=0.0/s
10:47:19.098  [fg-relay] rate3: arm->arm avg=171.88ms max=979154.93ms n=8787 | arm->work avg=0.01ms max=0.20ms | arm->eval avg=0.00ms max=0.00ms | copywait avg=0.006ms max=0.139ms | copy-land<= avg=161.49ms max=979154.84ms | work avg=5.93ms max=200.97ms | totals armed=8788 unarmed=2 skipped=2 busy=0 mismatch=0 copies_failed=0 writes=8788 conflicts=0
10:47:19.098  [fg-relay] rate4: throttle depth=1 off=0 | sleep calls=100.8/s waits=0.0/s clear=100.8/s timeouts=0.0/s avg=0.00ms | present calls=100.8/s waits=0.0/s clear=0.0/s timeouts=0.0/s avg=0.00ms | max=111.50ms (process)
10:47:34.100  [fg-relay] rate/15.0s p2 import_opt=1: presents=100.6/s present-gate[point=100.6 ready=0.0 fallback=0.0 inactive=0.0]/s noinfo=0.0/s stale=0.0/s unlearned=0.0/s attempts=0.0/s armed=0.0/s skipped=0.0/s busy=0.0/s arm-reject[state=0.0 request=0.0 refused=0.0 stopping=0.0 res=0.0 size=0.0]/s pool[cap=0.0 family=0.0 create=0.0 alloc=0.0]/s copy-drop[fence=0.0 reset=0.0 begin=0.0 end=0.0 submit=0.0]/s cf[seq=0.0/s idle=0.0/s nrfence=0.0/s] slotbusy=0.0/s copyfence-busy=0.0/s nr-gpuwait=0.0/s flips=0.0/s
10:47:34.100  [fg-relay] rate2: fginput eval=0.0/s index!=1=0.0/s eval-gate[off=0.0 fallback=0.0 notready=0.0 noinput=0.0 noqueue=0.0]/s relay eval=0.0/s consume=0.0/s inplace=0.0/s(ok 0.0/s) unarmed=0.0/s mismatch=0.0/s relbusy=0.0/s relok=0.0/s relfail=0.0/s release-stage[queue=0.0 pool=0.0 fence=0.0 reset=0.0 begin=0.0 end=0.0 submit=0.0]/s watchdog=0.0/s | worker plays=0.0/s ok=0.0/s fail=0.0/s nr_absent=0.0/s copyfail=0.0/s
10:47:34.100  [fg-relay] rate3: arm->arm avg=171.88ms max=979154.93ms n=8787 | arm->work avg=0.01ms max=0.20ms | arm->eval avg=0.00ms max=0.00ms | copywait avg=0.006ms max=0.139ms | copy-land<= avg=161.49ms max=979154.84ms | work avg=5.93ms max=200.97ms | totals armed=8788 unarmed=2 skipped=2 busy=0 mismatch=0 copies_failed=0 writes=8788 conflicts=0
10:47:34.100  [fg-relay] rate4: throttle depth=1 off=0 | sleep calls=100.6/s waits=0.0/s clear=100.6/s timeouts=0.0/s avg=0.00ms | present calls=100.6/s waits=0.0/s clear=0.0/s timeouts=0.0/s avg=0.00ms | max=111.50ms (process)
10:47:37.325  === Vulkan CreateFeature1 #86  feature_id=18  VkDevice=000000002FCE00D0  thread 75496 ===
10:47:37.325  === Vulkan CreateFeature1 #86 returned -1160773630, handle=0000000000000000 ===
10:47:49.092  [fg-relay] rate/15.0s p2 import_opt=1: presents=100.3/s present-gate[point=100.3 ready=0.0 fallback=0.0 inactive=0.0]/s noinfo=0.0/s stale=0.0/s unlearned=0.0/s attempts=0.0/s armed=0.0/s skipped=0.0/s busy=0.0/s arm-reject[state=0.0 request=0.0 refused=0.0 stopping=0.0 res=0.0 size=0.0]/s pool[cap=0.0 family=0.0 create=0.0 alloc=0.0]/s copy-drop[fence=0.0 reset=0.0 begin=0.0 end=0.0 submit=0.0]/s cf[seq=0.0/s idle=0.0/s nrfence=0.0/s] slotbusy=0.0/s copyfence-busy=0.0/s nr-gpuwait=0.0/s flips=0.0/s
10:47:49.093  [fg-relay] rate2: fginput eval=0.0/s index!=1=0.0/s eval-gate[off=0.0 fallback=0.0 notready=0.0 noinput=0.0 noqueue=0.0]/s relay eval=0.0/s consume=0.0/s inplace=0.0/s(ok 0.0/s) unarmed=0.0/s mismatch=0.0/s relbusy=0.0/s relok=0.0/s relfail=0.0/s release-stage[queue=0.0 pool=0.0 fence=0.0 reset=0.0 begin=0.0 end=0.0 submit=0.0]/s watchdog=0.0/s | worker plays=0.0/s ok=0.0/s fail=0.0/s nr_absent=0.0/s copyfail=0.0/s
10:47:49.093  [fg-relay] rate3: arm->arm avg=171.88ms max=979154.93ms n=8787 | arm->work avg=0.01ms max=0.20ms | arm->eval avg=0.00ms max=0.00ms | copywait avg=0.006ms max=0.139ms | copy-land<= avg=161.49ms max=979154.84ms | work avg=5.93ms max=200.97ms | totals armed=8788 unarmed=2 skipped=2 busy=0 mismatch=0 copies_failed=0 writes=8788 conflicts=0
10:47:49.093  [fg-relay] rate4: throttle depth=1 off=0 | sleep calls=100.3/s waits=0.0/s clear=100.3/s timeouts=0.0/s avg=0.00ms | present calls=100.3/s waits=0.0/s clear=0.0/s timeouts=0.0/s avg=0.00ms | max=111.50ms (process)
10:48:04.100  [fg-relay] rate/15.0s p2 import_opt=1: presents=100.7/s present-gate[point=100.7 ready=0.0 fallback=0.0 inactive=0.0]/s noinfo=0.0/s stale=0.0/s unlearned=0.0/s attempts=0.0/s armed=0.0/s skipped=0.0/s busy=0.0/s arm-reject[state=0.0 request=0.0 refused=0.0 stopping=0.0 res=0.0 size=0.0]/s pool[cap=0.0 family=0.0 create=0.0 alloc=0.0]/s copy-drop[fence=0.0 reset=0.0 begin=0.0 end=0.0 submit=0.0]/s cf[seq=0.0/s idle=0.0/s nrfence=0.0/s] slotbusy=0.0/s copyfence-busy=0.0/s nr-gpuwait=0.0/s flips=0.0/s
10:48:04.100  [fg-relay] rate2: fginput eval=0.0/s index!=1=0.0/s eval-gate[off=0.0 fallback=0.0 notready=0.0 noinput=0.0 noqueue=0.0]/s relay eval=0.0/s consume=0.0/s inplace=0.0/s(ok 0.0/s) unarmed=0.0/s mismatch=0.0/s relbusy=0.0/s relok=0.0/s relfail=0.0/s release-stage[queue=0.0 pool=0.0 fence=0.0 reset=0.0 begin=0.0 end=0.0 submit=0.0]/s watchdog=0.0/s | worker plays=0.0/s ok=0.0/s fail=0.0/s nr_absent=0.0/s copyfail=0.0/s
10:48:04.100  [fg-relay] rate3: arm->arm avg=171.88ms max=979154.93ms n=8787 | arm->work avg=0.01ms max=0.20ms | arm->eval avg=0.00ms max=0.00ms | copywait avg=0.006ms max=0.139ms | copy-land<= avg=161.49ms max=979154.84ms | work avg=5.93ms max=200.97ms | totals armed=8788 unarmed=2 skipped=2 busy=0 mismatch=0 copies_failed=0 writes=8788 conflicts=0
10:48:04.100  [fg-relay] rate4: throttle depth=1 off=0 | sleep calls=100.7/s waits=0.0/s clear=100.7/s timeouts=0.0/s avg=0.00ms | present calls=100.7/s waits=0.0/s clear=0.0/s timeouts=0.0/s avg=0.00ms | max=111.50ms (process)
10:48:07.330  === Vulkan CreateFeature1 #87  feature_id=18  VkDevice=000000002FCE00D0  thread 75496 ===
10:48:07.330  === Vulkan CreateFeature1 #87 returned -1160773630, handle=0000000000000000 ===
10:48:19.096  [fg-relay] rate/15.0s p2 import_opt=1: presents=100.7/s present-gate[point=100.7 ready=0.0 fallback=0.0 inactive=0.0]/s noinfo=0.0/s stale=0.0/s unlearned=0.0/s attempts=0.0/s armed=0.0/s skipped=0.0/s busy=0.0/s arm-reject[state=0.0 request=0.0 refused=0.0 stopping=0.0 res=0.0 size=0.0]/s pool[cap=0.0 family=0.0 create=0.0 alloc=0.0]/s copy-drop[fence=0.0 reset=0.0 begin=0.0 end=0.0 submit=0.0]/s cf[seq=0.0/s idle=0.0/s nrfence=0.0/s] slotbusy=0.0/s copyfence-busy=0.0/s nr-gpuwait=0.0/s flips=0.0/s
10:48:19.096  [fg-relay] rate2: fginput eval=0.0/s index!=1=0.0/s eval-gate[off=0.0 fallback=0.0 notready=0.0 noinput=0.0 noqueue=0.0]/s relay eval=0.0/s consume=0.0/s inplace=0.0/s(ok 0.0/s) unarmed=0.0/s mismatch=0.0/s relbusy=0.0/s relok=0.0/s relfail=0.0/s release-stage[queue=0.0 pool=0.0 fence=0.0 reset=0.0 begin=0.0 end=0.0 submit=0.0]/s watchdog=0.0/s | worker plays=0.0/s ok=0.0/s fail=0.0/s nr_absent=0.0/s copyfail=0.0/s
10:48:19.097  [fg-relay] rate3: arm->arm avg=171.88ms max=979154.93ms n=8787 | arm->work avg=0.01ms max=0.20ms | arm->eval avg=0.00ms max=0.00ms | copywait avg=0.006ms max=0.139ms | copy-land<= avg=161.49ms max=979154.84ms | work avg=5.93ms max=200.97ms | totals armed=8788 unarmed=2 skipped=2 busy=0 mismatch=0 copies_failed=0 writes=8788 conflicts=0
10:48:19.097  [fg-relay] rate4: throttle depth=1 off=0 | sleep calls=100.7/s waits=0.0/s clear=100.7/s timeouts=0.0/s avg=0.00ms | present calls=100.7/s waits=0.0/s clear=0.0/s timeouts=0.0/s avg=0.00ms | max=111.50ms (process)
10:48:34.097  [fg-relay] rate/15.0s p2 import_opt=1: presents=100.7/s present-gate[point=100.7 ready=0.0 fallback=0.0 inactive=0.0]/s noinfo=0.0/s stale=0.0/s unlearned=0.0/s attempts=0.0/s armed=0.0/s skipped=0.0/s busy=0.0/s arm-reject[state=0.0 request=0.0 refused=0.0 stopping=0.0 res=0.0 size=0.0]/s pool[cap=0.0 family=0.0 create=0.0 alloc=0.0]/s copy-drop[fence=0.0 reset=0.0 begin=0.0 end=0.0 submit=0.0]/s cf[seq=0.0/s idle=0.0/s nrfence=0.0/s] slotbusy=0.0/s copyfence-busy=0.0/s nr-gpuwait=0.0/s flips=0.0/s
10:48:34.097  [fg-relay] rate2: fginput eval=0.0/s index!=1=0.0/s eval-gate[off=0.0 fallback=0.0 notready=0.0 noinput=0.0 noqueue=0.0]/s relay eval=0.0/s consume=0.0/s inplace=0.0/s(ok 0.0/s) unarmed=0.0/s mismatch=0.0/s relbusy=0.0/s relok=0.0/s relfail=0.0/s release-stage[queue=0.0 pool=0.0 fence=0.0 reset=0.0 begin=0.0 end=0.0 submit=0.0]/s watchdog=0.0/s | worker plays=0.0/s ok=0.0/s fail=0.0/s nr_absent=0.0/s copyfail=0.0/s
10:48:34.097  [fg-relay] rate3: arm->arm avg=171.88ms max=979154.93ms n=8787 | arm->work avg=0.01ms max=0.20ms | arm->eval avg=0.00ms max=0.00ms | copywait avg=0.006ms max=0.139ms | copy-land<= avg=161.49ms max=979154.84ms | work avg=5.93ms max=200.97ms | totals armed=8788 unarmed=2 skipped=2 busy=0 mismatch=0 copies_failed=0 writes=8788 conflicts=0
10:48:34.098  [fg-relay] rate4: throttle depth=1 off=0 | sleep calls=100.7/s waits=0.0/s clear=100.7/s timeouts=0.0/s avg=0.00ms | present calls=100.7/s waits=0.0/s clear=0.0/s timeouts=0.0/s avg=0.00ms | max=111.50ms (process)
10:48:37.341  === Vulkan CreateFeature1 #88  feature_id=18  VkDevice=000000002FCE00D0  thread 75496 ===
10:48:37.341  === Vulkan CreateFeature1 #88 returned -1160773630, handle=0000000000000000 ===
10:48:49.091  [fg-relay] rate/15.0s p2 import_opt=1: presents=100.4/s present-gate[point=100.4 ready=0.0 fallback=0.0 inactive=0.0]/s noinfo=0.0/s stale=0.0/s unlearned=0.0/s attempts=0.0/s armed=0.0/s skipped=0.0/s busy=0.0/s arm-reject[state=0.0 request=0.0 refused=0.0 stopping=0.0 res=0.0 size=0.0]/s pool[cap=0.0 family=0.0 create=0.0 alloc=0.0]/s copy-drop[fence=0.0 reset=0.0 begin=0.0 end=0.0 submit=0.0]/s cf[seq=0.0/s idle=0.0/s nrfence=0.0/s] slotbusy=0.0/s copyfence-busy=0.0/s nr-gpuwait=0.0/s flips=0.0/s
10:48:49.092  [fg-relay] rate2: fginput eval=0.0/s index!=1=0.0/s eval-gate[off=0.0 fallback=0.0 notready=0.0 noinput=0.0 noqueue=0.0]/s relay eval=0.0/s consume=0.0/s inplace=0.0/s(ok 0.0/s) unarmed=0.0/s mismatch=0.0/s relbusy=0.0/s relok=0.0/s relfail=0.0/s release-stage[queue=0.0 pool=0.0 fence=0.0 reset=0.0 begin=0.0 end=0.0 submit=0.0]/s watchdog=0.0/s | worker plays=0.0/s ok=0.0/s fail=0.0/s nr_absent=0.0/s copyfail=0.0/s
10:48:49.092  [fg-relay] rate3: arm->arm avg=171.88ms max=979154.93ms n=8787 | arm->work avg=0.01ms max=0.20ms | arm->eval avg=0.00ms max=0.00ms | copywait avg=0.006ms max=0.139ms | copy-land<= avg=161.49ms max=979154.84ms | work avg=5.93ms max=200.97ms | totals armed=8788 unarmed=2 skipped=2 busy=0 mismatch=0 copies_failed=0 writes=8788 conflicts=0
10:48:49.092  [fg-relay] rate4: throttle depth=1 off=0 | sleep calls=100.3/s waits=0.0/s clear=100.3/s timeouts=0.0/s avg=0.00ms | present calls=100.4/s waits=0.0/s clear=0.0/s timeouts=0.0/s avg=0.00ms | max=111.50ms (process)
10:49:04.100  [fg-relay] rate/15.0s p2 import_opt=1: presents=100.7/s present-gate[point=100.7 ready=0.0 fallback=0.0 inactive=0.0]/s noinfo=0.0/s stale=0.0/s unlearned=0.0/s attempts=0.0/s armed=0.0/s skipped=0.0/s busy=0.0/s arm-reject[state=0.0 request=0.0 refused=0.0 stopping=0.0 res=0.0 size=0.0]/s pool[cap=0.0 family=0.0 create=0.0 alloc=0.0]/s copy-drop[fence=0.0 reset=0.0 begin=0.0 end=0.0 submit=0.0]/s cf[seq=0.0/s idle=0.0/s nrfence=0.0/s] slotbusy=0.0/s copyfence-busy=0.0/s nr-gpuwait=0.0/s flips=0.0/s
10:49:04.101  [fg-relay] rate2: fginput eval=0.0/s index!=1=0.0/s eval-gate[off=0.0 fallback=0.0 notready=0.0 noinput=0.0 noqueue=0.0]/s relay eval=0.0/s consume=0.0/s inplace=0.0/s(ok 0.0/s) unarmed=0.0/s mismatch=0.0/s relbusy=0.0/s relok=0.0/s relfail=0.0/s release-stage[queue=0.0 pool=0.0 fence=0.0 reset=0.0 begin=0.0 end=0.0 submit=0.0]/s watchdog=0.0/s | worker plays=0.0/s ok=0.0/s fail=0.0/s nr_absent=0.0/s copyfail=0.0/s
10:49:04.101  [fg-relay] rate3: arm->arm avg=171.88ms max=979154.93ms n=8787 | arm->work avg=0.01ms max=0.20ms | arm->eval avg=0.00ms max=0.00ms | copywait avg=0.006ms max=0.139ms | copy-land<= avg=161.49ms max=979154.84ms | work avg=5.93ms max=200.97ms | totals armed=8788 unarmed=2 skipped=2 busy=0 mismatch=0 copies_failed=0 writes=8788 conflicts=0
10:49:04.101  [fg-relay] rate4: throttle depth=1 off=0 | sleep calls=100.7/s waits=0.0/s clear=100.7/s timeouts=0.0/s avg=0.00ms | present calls=100.7/s waits=0.0/s clear=0.0/s timeouts=0.0/s avg=0.00ms | max=111.50ms (process)
10:49:07.345  === Vulkan CreateFeature1 #89  feature_id=18  VkDevice=000000002FCE00D0  thread 75496 ===
10:49:07.346  === Vulkan CreateFeature1 #89 returned -1160773630, handle=0000000000000000 ===
10:49:19.100  [fg-relay] rate/15.0s p2 import_opt=1: presents=100.6/s present-gate[point=100.6 ready=0.0 fallback=0.0 inactive=0.0]/s noinfo=0.0/s stale=0.0/s unlearned=0.0/s attempts=0.0/s armed=0.0/s skipped=0.0/s busy=0.0/s arm-reject[state=0.0 request=0.0 refused=0.0 stopping=0.0 res=0.0 size=0.0]/s pool[cap=0.0 family=0.0 create=0.0 alloc=0.0]/s copy-drop[fence=0.0 reset=0.0 begin=0.0 end=0.0 submit=0.0]/s cf[seq=0.0/s idle=0.0/s nrfence=0.0/s] slotbusy=0.0/s copyfence-busy=0.0/s nr-gpuwait=0.0/s flips=0.0/s
10:49:19.100  [fg-relay] rate2: fginput eval=0.0/s index!=1=0.0/s eval-gate[off=0.0 fallback=0.0 notready=0.0 noinput=0.0 noqueue=0.0]/s relay eval=0.0/s consume=0.0/s inplace=0.0/s(ok 0.0/s) unarmed=0.0/s mismatch=0.0/s relbusy=0.0/s relok=0.0/s relfail=0.0/s release-stage[queue=0.0 pool=0.0 fence=0.0 reset=0.0 begin=0.0 end=0.0 submit=0.0]/s watchdog=0.0/s | worker plays=0.0/s ok=0.0/s fail=0.0/s nr_absent=0.0/s copyfail=0.0/s
10:49:19.100  [fg-relay] rate3: arm->arm avg=171.88ms max=979154.93ms n=8787 | arm->work avg=0.01ms max=0.20ms | arm->eval avg=0.00ms max=0.00ms | copywait avg=0.006ms max=0.139ms | copy-land<= avg=161.49ms max=979154.84ms | work avg=5.93ms max=200.97ms | totals armed=8788 unarmed=2 skipped=2 busy=0 mismatch=0 copies_failed=0 writes=8788 conflicts=0
10:49:19.100  [fg-relay] rate4: throttle depth=1 off=0 | sleep calls=100.6/s waits=0.0/s clear=100.6/s timeouts=0.0/s avg=0.00ms | present calls=100.6/s waits=0.0/s clear=0.0/s timeouts=0.0/s avg=0.00ms | max=111.50ms (process)
10:49:34.093  [fg-relay] rate/15.0s p2 import_opt=1: presents=100.5/s present-gate[point=100.5 ready=0.0 fallback=0.0 inactive=0.0]/s noinfo=0.0/s stale=0.0/s unlearned=0.0/s attempts=0.0/s armed=0.0/s skipped=0.0/s busy=0.0/s arm-reject[state=0.0 request=0.0 refused=0.0 stopping=0.0 res=0.0 size=0.0]/s pool[cap=0.0 family=0.0 create=0.0 alloc=0.0]/s copy-drop[fence=0.0 reset=0.0 begin=0.0 end=0.0 submit=0.0]/s cf[seq=0.0/s idle=0.0/s nrfence=0.0/s] slotbusy=0.0/s copyfence-busy=0.0/s nr-gpuwait=0.0/s flips=0.0/s
10:49:34.093  [fg-relay] rate2: fginput eval=0.0/s index!=1=0.0/s eval-gate[off=0.0 fallback=0.0 notready=0.0 noinput=0.0 noqueue=0.0]/s relay eval=0.0/s consume=0.0/s inplace=0.0/s(ok 0.0/s) unarmed=0.0/s mismatch=0.0/s relbusy=0.0/s relok=0.0/s relfail=0.0/s release-stage[queue=0.0 pool=0.0 fence=0.0 reset=0.0 begin=0.0 end=0.0 submit=0.0]/s watchdog=0.0/s | worker plays=0.0/s ok=0.0/s fail=0.0/s nr_absent=0.0/s copyfail=0.0/s
10:49:34.093  [fg-relay] rate3: arm->arm avg=171.88ms max=979154.93ms n=8787 | arm->work avg=0.01ms max=0.20ms | arm->eval avg=0.00ms max=0.00ms | copywait avg=0.006ms max=0.139ms | copy-land<= avg=161.49ms max=979154.84ms | work avg=5.93ms max=200.97ms | totals armed=8788 unarmed=2 skipped=2 busy=0 mismatch=0 copies_failed=0 writes=8788 conflicts=0
10:49:34.093  [fg-relay] rate4: throttle depth=1 off=0 | sleep calls=100.5/s waits=0.0/s clear=100.5/s timeouts=0.0/s avg=0.00ms | present calls=100.5/s waits=0.0/s clear=0.0/s timeouts=0.0/s avg=0.00ms | max=111.50ms (process)
10:49:37.348  === Vulkan CreateFeature1 #90  feature_id=18  VkDevice=000000002FCE00D0  thread 75496 ===
10:49:37.348  === Vulkan CreateFeature1 #90 returned -1160773630, handle=0000000000000000 ===
10:49:49.099  [fg-relay] rate/15.0s p2 import_opt=1: presents=100.5/s present-gate[point=100.5 ready=0.0 fallback=0.0 inactive=0.0]/s noinfo=0.0/s stale=0.0/s unlearned=0.0/s attempts=0.0/s armed=0.0/s skipped=0.0/s busy=0.0/s arm-reject[state=0.0 request=0.0 refused=0.0 stopping=0.0 res=0.0 size=0.0]/s pool[cap=0.0 family=0.0 create=0.0 alloc=0.0]/s copy-drop[fence=0.0 reset=0.0 begin=0.0 end=0.0 submit=0.0]/s cf[seq=0.0/s idle=0.0/s nrfence=0.0/s] slotbusy=0.0/s copyfence-busy=0.0/s nr-gpuwait=0.0/s flips=0.0/s
10:49:49.099  [fg-relay] rate2: fginput eval=0.0/s index!=1=0.0/s eval-gate[off=0.0 fallback=0.0 notready=0.0 noinput=0.0 noqueue=0.0]/s relay eval=0.0/s consume=0.0/s inplace=0.0/s(ok 0.0/s) unarmed=0.0/s mismatch=0.0/s relbusy=0.0/s relok=0.0/s relfail=0.0/s release-stage[queue=0.0 pool=0.0 fence=0.0 reset=0.0 begin=0.0 end=0.0 submit=0.0]/s watchdog=0.0/s | worker plays=0.0/s ok=0.0/s fail=0.0/s nr_absent=0.0/s copyfail=0.0/s
10:49:49.099  [fg-relay] rate3: arm->arm avg=171.88ms max=979154.93ms n=8787 | arm->work avg=0.01ms max=0.20ms | arm->eval avg=0.00ms max=0.00ms | copywait avg=0.006ms max=0.139ms | copy-land<= avg=161.49ms max=979154.84ms | work avg=5.93ms max=200.97ms | totals armed=8788 unarmed=2 skipped=2 busy=0 mismatch=0 copies_failed=0 writes=8788 conflicts=0
10:49:49.099  [fg-relay] rate4: throttle depth=1 off=0 | sleep calls=100.5/s waits=0.0/s clear=100.5/s timeouts=0.0/s avg=0.00ms | present calls=100.5/s waits=0.0/s clear=0.0/s timeouts=0.0/s avg=0.00ms | max=111.50ms (process)
10:50:04.094  [fg-relay] rate/15.0s p2 import_opt=1: presents=100.7/s present-gate[point=100.7 ready=0.0 fallback=0.0 inactive=0.0]/s noinfo=0.0/s stale=0.0/s unlearned=0.0/s attempts=0.0/s armed=0.0/s skipped=0.0/s busy=0.0/s arm-reject[state=0.0 request=0.0 refused=0.0 stopping=0.0 res=0.0 size=0.0]/s pool[cap=0.0 family=0.0 create=0.0 alloc=0.0]/s copy-drop[fence=0.0 reset=0.0 begin=0.0 end=0.0 submit=0.0]/s cf[seq=0.0/s idle=0.0/s nrfence=0.0/s] slotbusy=0.0/s copyfence-busy=0.0/s nr-gpuwait=0.0/s flips=0.0/s
10:50:04.094  [fg-relay] rate2: fginput eval=0.0/s index!=1=0.0/s eval-gate[off=0.0 fallback=0.0 notready=0.0 noinput=0.0 noqueue=0.0]/s relay eval=0.0/s consume=0.0/s inplace=0.0/s(ok 0.0/s) unarmed=0.0/s mismatch=0.0/s relbusy=0.0/s relok=0.0/s relfail=0.0/s release-stage[queue=0.0 pool=0.0 fence=0.0 reset=0.0 begin=0.0 end=0.0 submit=0.0]/s watchdog=0.0/s | worker plays=0.0/s ok=0.0/s fail=0.0/s nr_absent=0.0/s copyfail=0.0/s
10:50:04.094  [fg-relay] rate3: arm->arm avg=171.88ms max=979154.93ms n=8787 | arm->work avg=0.01ms max=0.20ms | arm->eval avg=0.00ms max=0.00ms | copywait avg=0.006ms max=0.139ms | copy-land<= avg=161.49ms max=979154.84ms | work avg=5.93ms max=200.97ms | totals armed=8788 unarmed=2 skipped=2 busy=0 mismatch=0 copies_failed=0 writes=8788 conflicts=0
10:50:04.094  [fg-relay] rate4: throttle depth=1 off=0 | sleep calls=100.7/s waits=0.0/s clear=100.7/s timeouts=0.0/s avg=0.00ms | present calls=100.7/s waits=0.0/s clear=0.0/s timeouts=0.0/s avg=0.00ms | max=111.50ms (process)
10:50:07.356  === Vulkan CreateFeature1 #91  feature_id=18  VkDevice=000000002FCE00D0  thread 75496 ===
10:50:07.357  === Vulkan CreateFeature1 #91 returned -1160773630, handle=0000000000000000 ===
10:50:19.101  [fg-relay] rate/15.0s p2 import_opt=1: presents=100.8/s present-gate[point=100.8 ready=0.0 fallback=0.0 inactive=0.0]/s noinfo=0.0/s stale=0.0/s unlearned=0.0/s attempts=0.0/s armed=0.0/s skipped=0.0/s busy=0.0/s arm-reject[state=0.0 request=0.0 refused=0.0 stopping=0.0 res=0.0 size=0.0]/s pool[cap=0.0 family=0.0 create=0.0 alloc=0.0]/s copy-drop[fence=0.0 reset=0.0 begin=0.0 end=0.0 submit=0.0]/s cf[seq=0.0/s idle=0.0/s nrfence=0.0/s] slotbusy=0.0/s copyfence-busy=0.0/s nr-gpuwait=0.0/s flips=0.0/s
10:50:19.101  [fg-relay] rate2: fginput eval=0.0/s index!=1=0.0/s eval-gate[off=0.0 fallback=0.0 notready=0.0 noinput=0.0 noqueue=0.0]/s relay eval=0.0/s consume=0.0/s inplace=0.0/s(ok 0.0/s) unarmed=0.0/s mismatch=0.0/s relbusy=0.0/s relok=0.0/s relfail=0.0/s release-stage[queue=0.0 pool=0.0 fence=0.0 reset=0.0 begin=0.0 end=0.0 submit=0.0]/s watchdog=0.0/s | worker plays=0.0/s ok=0.0/s fail=0.0/s nr_absent=0.0/s copyfail=0.0/s
10:50:19.101  [fg-relay] rate3: arm->arm avg=171.88ms max=979154.93ms n=8787 | arm->work avg=0.01ms max=0.20ms | arm->eval avg=0.00ms max=0.00ms | copywait avg=0.006ms max=0.139ms | copy-land<= avg=161.49ms max=979154.84ms | work avg=5.93ms max=200.97ms | totals armed=8788 unarmed=2 skipped=2 busy=0 mismatch=0 copies_failed=0 writes=8788 conflicts=0
10:50:19.101  [fg-relay] rate4: throttle depth=1 off=0 | sleep calls=100.8/s waits=0.0/s clear=100.8/s timeouts=0.0/s avg=0.00ms | present calls=100.8/s waits=0.0/s clear=0.0/s timeouts=0.0/s avg=0.00ms | max=111.50ms (process)
10:50:34.096  [fg-relay] rate/15.0s p2 import_opt=1: presents=100.7/s present-gate[point=100.7 ready=0.0 fallback=0.0 inactive=0.0]/s noinfo=0.0/s stale=0.0/s unlearned=0.0/s attempts=0.0/s armed=0.0/s skipped=0.0/s busy=0.0/s arm-reject[state=0.0 request=0.0 refused=0.0 stopping=0.0 res=0.0 size=0.0]/s pool[cap=0.0 family=0.0 create=0.0 alloc=0.0]/s copy-drop[fence=0.0 reset=0.0 begin=0.0 end=0.0 submit=0.0]/s cf[seq=0.0/s idle=0.0/s nrfence=0.0/s] slotbusy=0.0/s copyfence-busy=0.0/s nr-gpuwait=0.0/s flips=0.0/s
10:50:34.097  [fg-relay] rate2: fginput eval=0.0/s index!=1=0.0/s eval-gate[off=0.0 fallback=0.0 notready=0.0 noinput=0.0 noqueue=0.0]/s relay eval=0.0/s consume=0.0/s inplace=0.0/s(ok 0.0/s) unarmed=0.0/s mismatch=0.0/s relbusy=0.0/s relok=0.0/s relfail=0.0/s release-stage[queue=0.0 pool=0.0 fence=0.0 reset=0.0 begin=0.0 end=0.0 submit=0.0]/s watchdog=0.0/s | worker plays=0.0/s ok=0.0/s fail=0.0/s nr_absent=0.0/s copyfail=0.0/s
10:50:34.097  [fg-relay] rate3: arm->arm avg=171.88ms max=979154.93ms n=8787 | arm->work avg=0.01ms max=0.20ms | arm->eval avg=0.00ms max=0.00ms | copywait avg=0.006ms max=0.139ms | copy-land<= avg=161.49ms max=979154.84ms | work avg=5.93ms max=200.97ms | totals armed=8788 unarmed=2 skipped=2 busy=0 mismatch=0 copies_failed=0 writes=8788 conflicts=0
10:50:34.097  [fg-relay] rate4: throttle depth=1 off=0 | sleep calls=100.7/s waits=0.0/s clear=100.7/s timeouts=0.0/s avg=0.00ms | present calls=100.7/s waits=0.0/s clear=0.0/s timeouts=0.0/s avg=0.00ms | max=111.50ms (process)
10:50:37.359  === Vulkan CreateFeature1 #92  feature_id=18  VkDevice=000000002FCE00D0  thread 75496 ===
10:50:37.359  === Vulkan CreateFeature1 #92 returned -1160773630, handle=0000000000000000 ===
10:50:41.040  [fg-relay] command pool for queue 000000002EB728D0: family=0.
10:50:45.774  [bridge] 11400 frames delivered so far.
10:50:47.303  [fg-relay] armed by evaluate: hud=44b860d0 back=4198ccd0 depth=44b85ad0 mv=44b854d0 5120x2160 copy=598 nr=598 import=1 slot=0 arm=598 gpu-wait-nr=597 pending=1.
10:50:47.304  [fg-relay] evaluate: slot=0 nr=598 import=1 stage=3.
10:50:47.308  [fg-relay] frame=9000 slot=0 nr=598 ok=1 wrote=1 nr_entries=2 import=1 armed=9000 skipped=2 busy=0 mismatch=0 conflicts=0.
10:50:49.099  [fg-relay] rate/15.0s p2 import_opt=1: presents=64.9/s present-gate[point=64.9 ready=0.0 fallback=0.0 inactive=0.0]/s noinfo=0.0/s stale=0.0/s unlearned=0.0/s attempts=17.7/s armed=17.7/s skipped=0.0/s busy=0.0/s arm-reject[state=0.0 request=0.0 refused=0.0 stopping=0.0 res=0.0 size=0.0]/s pool[cap=0.0 family=0.0 create=0.0 alloc=0.0]/s copy-drop[fence=0.0 reset=0.0 begin=0.0 end=0.0 submit=0.0]/s cf[seq=0.0/s idle=0.0/s nrfence=0.0/s] slotbusy=0.0/s copyfence-busy=0.0/s nr-gpuwait=16.9/s flips=0.0/s
10:50:49.099  [fg-relay] rate2: fginput eval=53.0/s index!=1=35.3/s eval-gate[off=0.0 fallback=0.0 notready=0.0 noinput=0.0 noqueue=0.0]/s relay eval=17.7/s consume=0.0/s inplace=17.7/s(ok 17.7/s) unarmed=0.0/s mismatch=0.0/s relbusy=0.0/s relok=17.7/s relfail=0.0/s release-stage[queue=0.0 pool=0.0 fence=0.0 reset=0.0 begin=0.0 end=0.0 submit=0.0]/s watchdog=0.0/s | worker plays=17.7/s ok=17.7/s fail=0.0/s nr_absent=0.0/s copyfail=0.0/s
10:50:49.100  [fg-relay] rate3: arm->arm avg=241.72ms max=979154.93ms n=9052 | arm->work avg=0.01ms max=0.20ms | arm->eval avg=0.00ms max=0.00ms | copywait avg=0.006ms max=0.139ms | copy-land<= avg=231.69ms max=979154.84ms | work avg=5.90ms max=200.97ms | totals armed=9053 unarmed=2 skipped=2 busy=0 mismatch=0 copies_failed=0 writes=9053 conflicts=0
10:50:49.100  [fg-relay] rate4: throttle depth=1 off=0 | sleep calls=64.9/s waits=17.5/s clear=47.4/s timeouts=0.0/s avg=20.51ms | present calls=64.9/s waits=0.0/s clear=0.0/s timeouts=0.0/s avg=0.00ms | max=111.50ms (process)
10:50:54.432  === Vulkan CreateFeature1 #93  feature_id=1  VkDevice=000000002FCE00D0  thread 75496 ===
10:50:54.448  === Vulkan CreateFeature1 #93 returned 1, handle=0000002697B5ABD0 ===
10:50:54.448  [vkmirror] the game's create states 3413x1440 -> 5120x2160. That is the shape the mirror will use, in preference to the four scalars its evaluates carry.
10:50:54.461  === Vulkan CreateFeature1 #94  feature_id=18  VkDevice=000000002FCE00D0  thread 75496 ===
10:50:54.461  === Vulkan CreateFeature1 #94 returned -1160773630, handle=0000000000000000 ===
10:50:54.462  [fg-relay] frame not armed (unarmed=3 skipped=2 busy=0): FG runs on the game's own image this group.
10:50:54.466  === Vulkan CreateFeature1 #95  feature_id=18  VkDevice=000000002FCE00D0  thread 75496 ===
10:50:54.466  === Vulkan CreateFeature1 #95 returned -1160773630, handle=0000000000000000 ===
10:50:55.482  === Vulkan CreateFeature1 #96  feature_id=18  VkDevice=000000002FCE00D0  thread 75496 ===
10:50:55.483  === Vulkan CreateFeature1 #96 returned -1160773630, handle=0000000000000000 ===
10:50:55.780  [fg-relay] 120 consecutive frames could not be armed. The serial feed at the frame-generation input is what runs, so the picture keeps its NR and the present is unaffected.
10:50:55.817  [fg-input] released the private session; the native mirror may take it.
10:50:55.819  [fg-input] building the private feature and its Vulkan import for 5120x2160 R8G8B8A8_UNORM
10:50:55.825  [bridge] sRGB conversion ready: R8G8B8A8_UNORM -> linear BT.709 (normalized SDR) -> original encoding.
10:50:55.825  [synth] colour in R8G8B8A8_UNORM, output R8G8B8A8_UNORM -- the frame is copied into the first and the result is copied back out of the second, because NGX reads one as a shader resource and writes the other through a UAV in the same call.
10:50:55.825  [synth]   Color  fmt 28 5120x2160 flags=0x20: sample yes, typed UAV yes, UAV load yes, UAV store yes
10:50:55.825  [synth]   Output fmt 28 5120x2160 flags=0x24: sample yes, typed UAV yes, UAV load yes, UAV store yes
10:50:55.826  [synth]   Depth  fmt 41 5120x2160 flags=0x20: sample yes, typed UAV yes, UAV load yes, UAV store yes
10:50:55.826  [synth]   MV     fmt 34 5120x2160 flags=0x20: sample yes, typed UAV yes, UAV load yes, UAV store yes
10:50:55.826  [bridge] the synthetic contract's create flags 8: DepthInverted
10:50:55.838  [synth] feature ready on this add-on's own D3D12 device: 5120x2160 -> 5120x2160 handle=00000028E8ACC470
10:50:55.838  [synth] imported memory: the image allows types 0x00000003, the imported handle allows 0x00000002 (query returned 0), and the lowest of the two together is taken, index 1. UNVERIFIED on AMD and on Intel -- if the import fails or the picture is wrong on one of those, this line is the first thing to compare.
10:50:55.839  [synth] 5 D3D12 textures imported into the game's VkDevice -- the four slots, and the pipeline's second Output -- and a 44236800-byte buffer made for the depth aspect to travel through.
10:50:55.839  [fg-input] ready: HUD-less -> linear sRGB carrier -> Generic NR -> UI-preserving composite; FG interpolates processed frames. guides: mv=zero (scale 1.000,1.000) depth=zero inverted=1
10:51:04.108  [fg-relay] rate/15.0s p2 import_opt=1: presents=66.9/s present-gate[point=66.9 ready=0.0 fallback=0.0 inactive=0.0]/s noinfo=0.0/s stale=0.0/s unlearned=0.0/s attempts=0.0/s armed=0.0/s skipped=0.0/s busy=0.0/s arm-reject[state=0.0 request=0.0 refused=0.0 stopping=0.0 res=0.0 size=8.0]/s pool[cap=0.0 family=0.0 create=0.0 alloc=0.0]/s copy-drop[fence=0.0 reset=0.0 begin=0.0 end=0.0 submit=0.0]/s cf[seq=0.0/s idle=0.0/s nrfence=0.0/s] slotbusy=0.0/s copyfence-busy=0.0/s nr-gpuwait=0.0/s flips=0.1/s
10:51:04.108  [fg-relay] rate2: fginput eval=82.6/s index!=1=55.0/s eval-gate[off=0.0 fallback=19.6 notready=0.0 noinput=0.0 noqueue=0.0]/s relay eval=8.0/s consume=0.0/s inplace=8.0/s(ok 0.0/s) unarmed=8.0/s mismatch=0.0/s relbusy=0.0/s relok=0.0/s relfail=0.0/s release-stage[queue=0.0 pool=0.0 fence=0.0 reset=0.0 begin=0.0 end=0.0 submit=0.0]/s watchdog=0.0/s | worker plays=0.0/s ok=0.0/s fail=0.0/s nr_absent=0.0/s copyfail=0.0/s
10:51:04.108  [fg-relay] rate3: arm->arm avg=241.72ms max=979154.93ms n=9052 | arm->work avg=0.01ms max=0.20ms | arm->eval avg=0.00ms max=0.00ms | copywait avg=0.006ms max=0.139ms | copy-land<= avg=231.69ms max=979154.84ms | work avg=5.90ms max=200.97ms | totals armed=9053 unarmed=122 skipped=2 busy=0 mismatch=0 copies_failed=0 writes=9053 conflicts=0
10:51:04.108  [fg-relay] rate4: throttle depth=1 off=0 | sleep calls=66.9/s waits=0.0/s clear=47.3/s timeouts=0.0/s avg=0.00ms | present calls=66.9/s waits=0.0/s clear=0.0/s timeouts=0.0/s avg=0.00ms | max=111.50ms (process)
10:51:11.609  [bridge] 12000 frames delivered so far.
10:51:19.128  [fg-relay] rate/15.0s p2 import_opt=1: presents=27.0/s present-gate[point=27.0 ready=0.0 fallback=0.0 inactive=0.0]/s noinfo=0.0/s stale=0.0/s unlearned=0.0/s attempts=0.0/s armed=0.0/s skipped=0.0/s busy=0.0/s arm-reject[state=0.0 request=0.0 refused=0.0 stopping=0.0 res=0.0 size=0.0]/s pool[cap=0.0 family=0.0 create=0.0 alloc=0.0]/s copy-drop[fence=0.0 reset=0.0 begin=0.0 end=0.0 submit=0.0]/s cf[seq=0.0/s idle=0.0/s nrfence=0.0/s] slotbusy=0.0/s copyfence-busy=0.0/s nr-gpuwait=0.0/s flips=0.0/s
10:51:19.128  [fg-relay] rate2: fginput eval=80.9/s index!=1=53.9/s eval-gate[off=0.0 fallback=27.0 notready=0.0 noinput=0.0 noqueue=0.0]/s relay eval=0.0/s consume=0.0/s inplace=0.0/s(ok 0.0/s) unarmed=0.0/s mismatch=0.0/s relbusy=0.0/s relok=0.0/s relfail=0.0/s release-stage[queue=0.0 pool=0.0 fence=0.0 reset=0.0 begin=0.0 end=0.0 submit=0.0]/s watchdog=0.0/s | worker plays=0.0/s ok=0.0/s fail=0.0/s nr_absent=0.0/s copyfail=0.0/s
10:51:19.128  [fg-relay] rate3: arm->arm avg=241.72ms max=979154.93ms n=9052 | arm->work avg=0.01ms max=0.20ms | arm->eval avg=0.00ms max=0.00ms | copywait avg=0.006ms max=0.139ms | copy-land<= avg=231.69ms max=979154.84ms | work avg=5.90ms max=200.97ms | totals armed=9053 unarmed=122 skipped=2 busy=0 mismatch=0 copies_failed=0 writes=9053 conflicts=0
10:51:19.128  [fg-relay] rate4: throttle depth=1 off=0 | sleep calls=27.1/s waits=0.0/s clear=0.0/s timeouts=0.0/s avg=0.00ms | present calls=27.0/s waits=0.0/s clear=0.0/s timeouts=0.0/s avg=0.00ms | max=111.50ms (process)
10:51:30.057  [bridge] 12600 frames delivered so far.
10:51:34.132  [fg-relay] rate/15.0s p2 import_opt=1: presents=38.9/s present-gate[point=38.9 ready=0.0 fallback=0.0 inactive=0.0]/s noinfo=0.0/s stale=0.0/s unlearned=0.0/s attempts=0.0/s armed=0.0/s skipped=0.0/s busy=0.0/s arm-reject[state=0.0 request=0.0 refused=0.0 stopping=0.0 res=0.0 size=0.0]/s pool[cap=0.0 family=0.0 create=0.0 alloc=0.0]/s copy-drop[fence=0.0 reset=0.0 begin=0.0 end=0.0 submit=0.0]/s cf[seq=0.0/s idle=0.0/s nrfence=0.0/s] slotbusy=0.0/s copyfence-busy=0.0/s nr-gpuwait=0.0/s flips=0.0/s
10:51:34.132  [fg-relay] rate2: fginput eval=110.7/s index!=1=73.9/s eval-gate[off=0.0 fallback=36.9 notready=0.0 noinput=0.0 noqueue=0.0]/s relay eval=0.0/s consume=0.0/s inplace=0.0/s(ok 0.0/s) unarmed=0.0/s mismatch=0.0/s relbusy=0.0/s relok=0.0/s relfail=0.0/s release-stage[queue=0.0 pool=0.0 fence=0.0 reset=0.0 begin=0.0 end=0.0 submit=0.0]/s watchdog=0.0/s | worker plays=0.0/s ok=0.0/s fail=0.0/s nr_absent=0.0/s copyfail=0.0/s
10:51:34.132  [fg-relay] rate3: arm->arm avg=241.72ms max=979154.93ms n=9052 | arm->work avg=0.01ms max=0.20ms | arm->eval avg=0.00ms max=0.00ms | copywait avg=0.006ms max=0.139ms | copy-land<= avg=231.69ms max=979154.84ms | work avg=5.90ms max=200.97ms | totals armed=9053 unarmed=122 skipped=2 busy=0 mismatch=0 copies_failed=0 writes=9053 conflicts=0
10:51:34.133  [fg-relay] rate4: throttle depth=1 off=0 | sleep calls=38.9/s waits=0.0/s clear=0.0/s timeouts=0.0/s avg=0.00ms | present calls=38.9/s waits=0.0/s clear=0.0/s timeouts=0.0/s avg=0.00ms | max=111.50ms (process)
10:51:42.225  === Vulkan CreateFeature1 #97  feature_id=18  VkDevice=000000002FCE00D0  thread 75496 ===
10:51:42.225  === Vulkan CreateFeature1 #97 returned -1160773630, handle=0000000000000000 ===
10:51:46.231  === Vulkan CreateFeature1 #98  feature_id=18  VkDevice=000000002FCE00D0  thread 75496 ===
10:51:46.231  === Vulkan CreateFeature1 #98 returned -1160773630, handle=0000000000000000 ===
10:51:49.126  [fg-relay] rate/15.0s p2 import_opt=1: presents=101.5/s present-gate[point=101.5 ready=0.0 fallback=0.0 inactive=0.0]/s noinfo=0.0/s stale=0.0/s unlearned=0.0/s attempts=0.0/s armed=0.0/s skipped=0.0/s busy=0.0/s arm-reject[state=0.0 request=0.0 refused=0.0 stopping=0.0 res=0.0 size=0.0]/s pool[cap=0.0 family=0.0 create=0.0 alloc=0.0]/s copy-drop[fence=0.0 reset=0.0 begin=0.0 end=0.0 submit=0.0]/s cf[seq=0.0/s idle=0.0/s nrfence=0.0/s] slotbusy=0.0/s copyfence-busy=0.0/s nr-gpuwait=0.0/s flips=0.0/s
10:51:49.126  [fg-relay] rate2: fginput eval=22.9/s index!=1=15.3/s eval-gate[off=0.0 fallback=7.6 notready=0.0 noinput=0.0 noqueue=0.0]/s relay eval=0.0/s consume=0.0/s inplace=0.0/s(ok 0.0/s) unarmed=0.0/s mismatch=0.0/s relbusy=0.0/s relok=0.0/s relfail=0.0/s release-stage[queue=0.0 pool=0.0 fence=0.0 reset=0.0 begin=0.0 end=0.0 submit=0.0]/s watchdog=0.0/s | worker plays=0.0/s ok=0.0/s fail=0.0/s nr_absent=0.0/s copyfail=0.0/s
10:51:49.126  [fg-relay] rate3: arm->arm avg=241.72ms max=979154.93ms n=9052 | arm->work avg=0.01ms max=0.20ms | arm->eval avg=0.00ms max=0.00ms | copywait avg=0.006ms max=0.139ms | copy-land<= avg=231.69ms max=979154.84ms | work avg=5.90ms max=200.97ms | totals armed=9053 unarmed=122 skipped=2 busy=0 mismatch=0 copies_failed=0 writes=9053 conflicts=0
10:51:49.126  [fg-relay] rate4: throttle depth=1 off=0 | sleep calls=101.5/s waits=0.0/s clear=0.0/s timeouts=0.0/s avg=0.00ms | present calls=101.5/s waits=0.0/s clear=0.0/s timeouts=0.0/s avg=0.00ms | max=111.50ms (process)
10:51:54.235  === Vulkan CreateFeature1 #99  feature_id=18  VkDevice=000000002FCE00D0  thread 75496 ===
10:51:54.236  === Vulkan CreateFeature1 #99 returned -1160773630, handle=0000000000000000 ===
10:52:04.127  [fg-relay] rate/15.0s p2 import_opt=1: presents=119.9/s present-gate[point=119.9 ready=0.0 fallback=0.0 inactive=0.0]/s noinfo=0.0/s stale=0.0/s unlearned=0.0/s attempts=0.0/s armed=0.0/s skipped=0.0/s busy=0.0/s arm-reject[state=0.0 request=0.0 refused=0.0 stopping=0.0 res=0.0 size=0.0]/s pool[cap=0.0 family=0.0 create=0.0 alloc=0.0]/s copy-drop[fence=0.0 reset=0.0 begin=0.0 end=0.0 submit=0.0]/s cf[seq=0.0/s idle=0.0/s nrfence=0.0/s] slotbusy=0.0/s copyfence-busy=0.0/s nr-gpuwait=0.0/s flips=0.0/s
10:52:04.127  [fg-relay] rate2: fginput eval=0.0/s index!=1=0.0/s eval-gate[off=0.0 fallback=0.0 notready=0.0 noinput=0.0 noqueue=0.0]/s relay eval=0.0/s consume=0.0/s inplace=0.0/s(ok 0.0/s) unarmed=0.0/s mismatch=0.0/s relbusy=0.0/s relok=0.0/s relfail=0.0/s release-stage[queue=0.0 pool=0.0 fence=0.0 reset=0.0 begin=0.0 end=0.0 submit=0.0]/s watchdog=0.0/s | worker plays=0.0/s ok=0.0/s fail=0.0/s nr_absent=0.0/s copyfail=0.0/s
10:52:04.127  [fg-relay] rate3: arm->arm avg=241.72ms max=979154.93ms n=9052 | arm->work avg=0.01ms max=0.20ms | arm->eval avg=0.00ms max=0.00ms | copywait avg=0.006ms max=0.139ms | copy-land<= avg=231.69ms max=979154.84ms | work avg=5.90ms max=200.97ms | totals armed=9053 unarmed=122 skipped=2 busy=0 mismatch=0 copies_failed=0 writes=9053 conflicts=0
10:52:04.127  [fg-relay] rate4: throttle depth=1 off=0 | sleep calls=119.9/s waits=0.0/s clear=0.0/s timeouts=0.0/s avg=0.00ms | present calls=119.9/s waits=0.0/s clear=0.0/s timeouts=0.0/s avg=0.00ms | max=111.50ms (process)
10:52:10.237  === Vulkan CreateFeature1 #100  feature_id=18  VkDevice=000000002FCE00D0  thread 75496 ===
10:52:10.237  === Vulkan CreateFeature1 #100 returned -1160773630, handle=0000000000000000 ===
10:52:19.129  [fg-relay] rate/15.0s p2 import_opt=1: presents=119.7/s present-gate[point=119.7 ready=0.0 fallback=0.0 inactive=0.0]/s noinfo=0.0/s stale=0.0/s unlearned=0.0/s attempts=0.0/s armed=0.0/s skipped=0.0/s busy=0.0/s arm-reject[state=0.0 request=0.0 refused=0.0 stopping=0.0 res=0.0 size=0.0]/s pool[cap=0.0 family=0.0 create=0.0 alloc=0.0]/s copy-drop[fence=0.0 reset=0.0 begin=0.0 end=0.0 submit=0.0]/s cf[seq=0.0/s idle=0.0/s nrfence=0.0/s] slotbusy=0.0/s copyfence-busy=0.0/s nr-gpuwait=0.0/s flips=0.0/s
10:52:19.129  [fg-relay] rate2: fginput eval=0.0/s index!=1=0.0/s eval-gate[off=0.0 fallback=0.0 notready=0.0 noinput=0.0 noqueue=0.0]/s relay eval=0.0/s consume=0.0/s inplace=0.0/s(ok 0.0/s) unarmed=0.0/s mismatch=0.0/s relbusy=0.0/s relok=0.0/s relfail=0.0/s release-stage[queue=0.0 pool=0.0 fence=0.0 reset=0.0 begin=0.0 end=0.0 submit=0.0]/s watchdog=0.0/s | worker plays=0.0/s ok=0.0/s fail=0.0/s nr_absent=0.0/s copyfail=0.0/s
10:52:19.129  [fg-relay] rate3: arm->arm avg=241.72ms max=979154.93ms n=9052 | arm->work avg=0.01ms max=0.20ms | arm->eval avg=0.00ms max=0.00ms | copywait avg=0.006ms max=0.139ms | copy-land<= avg=231.69ms max=979154.84ms | work avg=5.90ms max=200.97ms | totals armed=9053 unarmed=122 skipped=2 busy=0 mismatch=0 copies_failed=0 writes=9053 conflicts=0
10:52:19.129  [fg-relay] rate4: throttle depth=1 off=0 | sleep calls=119.7/s waits=0.0/s clear=0.0/s timeouts=0.0/s avg=0.00ms | present calls=119.7/s waits=0.0/s clear=0.0/s timeouts=0.0/s avg=0.00ms | max=111.50ms (process)
10:52:30.116  [bridge] 13200 frames delivered so far.
10:52:32.754  [fg-input] frame=1800 5120x2160 vkfmt=37 mode=NR pipeline=serial nr_entries=2 sr_entries=1 sr_copies=1 ok=1 busy_skips=0 token=1.
10:52:34.144  [fg-relay] rate/15.0s p2 import_opt=1: presents=51.9/s present-gate[point=51.9 ready=0.0 fallback=0.0 inactive=0.0]/s noinfo=0.0/s stale=0.0/s unlearned=0.0/s attempts=0.0/s armed=0.0/s skipped=0.0/s busy=0.0/s arm-reject[state=0.0 request=0.0 refused=0.0 stopping=0.0 res=0.0 size=0.0]/s pool[cap=0.0 family=0.0 create=0.0 alloc=0.0]/s copy-drop[fence=0.0 reset=0.0 begin=0.0 end=0.0 submit=0.0]/s cf[seq=0.0/s idle=0.0/s nrfence=0.0/s] slotbusy=0.0/s copyfence-busy=0.0/s nr-gpuwait=0.0/s flips=0.0/s
10:52:34.144  [fg-relay] rate2: fginput eval=97.2/s index!=1=64.7/s eval-gate[off=0.0 fallback=32.4 notready=0.0 noinput=0.0 noqueue=0.0]/s relay eval=0.0/s consume=0.0/s inplace=0.0/s(ok 0.0/s) unarmed=0.0/s mismatch=0.0/s relbusy=0.0/s relok=0.0/s relfail=0.0/s release-stage[queue=0.0 pool=0.0 fence=0.0 reset=0.0 begin=0.0 end=0.0 submit=0.0]/s watchdog=0.0/s | worker plays=0.0/s ok=0.0/s fail=0.0/s nr_absent=0.0/s copyfail=0.0/s
10:52:34.144  [fg-relay] rate3: arm->arm avg=241.72ms max=979154.93ms n=9052 | arm->work avg=0.01ms max=0.20ms | arm->eval avg=0.00ms max=0.00ms | copywait avg=0.006ms max=0.139ms | copy-land<= avg=231.69ms max=979154.84ms | work avg=5.90ms max=200.97ms | totals armed=9053 unarmed=122 skipped=2 busy=0 mismatch=0 copies_failed=0 writes=9053 conflicts=0
10:52:34.144  [fg-relay] rate4: throttle depth=1 off=0 | sleep calls=51.9/s waits=0.0/s clear=0.0/s timeouts=0.0/s avg=0.00ms | present calls=51.9/s waits=0.0/s clear=0.0/s timeouts=0.0/s avg=0.00ms | max=111.50ms (process)
10:52:45.631  [bridge] 13800 frames delivered so far.
10:52:49.141  [fg-relay] rate/15.0s p2 import_opt=1: presents=38.5/s present-gate[point=38.5 ready=0.0 fallback=0.0 inactive=0.0]/s noinfo=0.0/s stale=0.0/s unlearned=0.0/s attempts=0.0/s armed=0.0/s skipped=0.0/s busy=0.0/s arm-reject[state=0.0 request=0.0 refused=0.0 stopping=0.0 res=0.0 size=0.0]/s pool[cap=0.0 family=0.0 create=0.0 alloc=0.0]/s copy-drop[fence=0.0 reset=0.0 begin=0.0 end=0.0 submit=0.0]/s cf[seq=0.0/s idle=0.0/s nrfence=0.0/s] slotbusy=0.0/s copyfence-busy=0.0/s nr-gpuwait=0.0/s flips=0.0/s
10:52:49.141  [fg-relay] rate2: fginput eval=115.5/s index!=1=77.1/s eval-gate[off=0.0 fallback=38.5 notready=0.0 noinput=0.0 noqueue=0.0]/s relay eval=0.0/s consume=0.0/s inplace=0.0/s(ok 0.0/s) unarmed=0.0/s mismatch=0.0/s relbusy=0.0/s relok=0.0/s relfail=0.0/s release-stage[queue=0.0 pool=0.0 fence=0.0 reset=0.0 begin=0.0 end=0.0 submit=0.0]/s watchdog=0.0/s | worker plays=0.0/s ok=0.0/s fail=0.0/s nr_absent=0.0/s copyfail=0.0/s
10:52:49.141  [fg-relay] rate3: arm->arm avg=241.72ms max=979154.93ms n=9052 | arm->work avg=0.01ms max=0.20ms | arm->eval avg=0.00ms max=0.00ms | copywait avg=0.006ms max=0.139ms | copy-land<= avg=231.69ms max=979154.84ms | work avg=5.90ms max=200.97ms | totals armed=9053 unarmed=122 skipped=2 busy=0 mismatch=0 copies_failed=0 writes=9053 conflicts=0
10:52:49.141  [fg-relay] rate4: throttle depth=1 off=0 | sleep calls=38.4/s waits=0.0/s clear=0.0/s timeouts=0.0/s avg=0.00ms | present calls=38.5/s waits=0.0/s clear=0.0/s timeouts=0.0/s avg=0.00ms | max=111.50ms (process)
10:53:04.141  [fg-relay] rate/15.0s p2 import_opt=1: presents=56.5/s present-gate[point=56.5 ready=0.0 fallback=0.0 inactive=0.0]/s noinfo=0.0/s stale=0.0/s unlearned=0.0/s attempts=0.0/s armed=0.0/s skipped=0.0/s busy=0.0/s arm-reject[state=0.0 request=0.0 refused=0.0 stopping=0.0 res=0.0 size=0.0]/s pool[cap=0.0 family=0.0 create=0.0 alloc=0.0]/s copy-drop[fence=0.0 reset=0.0 begin=0.0 end=0.0 submit=0.0]/s cf[seq=0.0/s idle=0.0/s nrfence=0.0/s] slotbusy=0.0/s copyfence-busy=0.0/s nr-gpuwait=0.0/s flips=0.0/s
10:53:04.142  [fg-relay] rate2: fginput eval=85.2/s index!=1=56.8/s eval-gate[off=0.0 fallback=28.4 notready=0.0 noinput=0.0 noqueue=0.0]/s relay eval=0.0/s consume=0.0/s inplace=0.0/s(ok 0.0/s) unarmed=0.0/s mismatch=0.0/s relbusy=0.0/s relok=0.0/s relfail=0.0/s release-stage[queue=0.0 pool=0.0 fence=0.0 reset=0.0 begin=0.0 end=0.0 submit=0.0]/s watchdog=0.0/s | worker plays=0.0/s ok=0.0/s fail=0.0/s nr_absent=0.0/s copyfail=0.0/s
10:53:04.142  [fg-relay] rate3: arm->arm avg=241.72ms max=979154.93ms n=9052 | arm->work avg=0.01ms max=0.20ms | arm->eval avg=0.00ms max=0.00ms | copywait avg=0.006ms max=0.139ms | copy-land<= avg=231.69ms max=979154.84ms | work avg=5.90ms max=200.97ms | totals armed=9053 unarmed=122 skipped=2 busy=0 mismatch=0 copies_failed=0 writes=9053 conflicts=0
10:53:04.142  [fg-relay] rate4: throttle depth=1 off=0 | sleep calls=56.6/s waits=0.0/s clear=0.0/s timeouts=0.0/s avg=0.00ms | present calls=56.5/s waits=0.0/s clear=0.0/s timeouts=0.0/s avg=0.00ms | max=111.50ms (process)
10:53:05.748  === Vulkan CreateFeature1 #101  feature_id=18  VkDevice=000000002FCE00D0  thread 75496 ===
10:53:05.748  === Vulkan CreateFeature1 #101 returned -1160773630, handle=0000000000000000 ===
10:53:19.141  [fg-relay] rate/15.0s p2 import_opt=1: presents=119.5/s present-gate[point=119.5 ready=0.0 fallback=0.0 inactive=0.0]/s noinfo=0.0/s stale=0.0/s unlearned=0.0/s attempts=0.0/s armed=0.0/s skipped=0.0/s busy=0.0/s arm-reject[state=0.0 request=0.0 refused=0.0 stopping=0.0 res=0.0 size=0.0]/s pool[cap=0.0 family=0.0 create=0.0 alloc=0.0]/s copy-drop[fence=0.0 reset=0.0 begin=0.0 end=0.0 submit=0.0]/s cf[seq=0.0/s idle=0.0/s nrfence=0.0/s] slotbusy=0.0/s copyfence-busy=0.0/s nr-gpuwait=0.0/s flips=0.0/s
10:53:19.142  [fg-relay] rate2: fginput eval=0.0/s index!=1=0.0/s eval-gate[off=0.0 fallback=0.0 notready=0.0 noinput=0.0 noqueue=0.0]/s relay eval=0.0/s consume=0.0/s inplace=0.0/s(ok 0.0/s) unarmed=0.0/s mismatch=0.0/s relbusy=0.0/s relok=0.0/s relfail=0.0/s release-stage[queue=0.0 pool=0.0 fence=0.0 reset=0.0 begin=0.0 end=0.0 submit=0.0]/s watchdog=0.0/s | worker plays=0.0/s ok=0.0/s fail=0.0/s nr_absent=0.0/s copyfail=0.0/s
10:53:19.142  [fg-relay] rate3: arm->arm avg=241.72ms max=979154.93ms n=9052 | arm->work avg=0.01ms max=0.20ms | arm->eval avg=0.00ms max=0.00ms | copywait avg=0.006ms max=0.139ms | copy-land<= avg=231.69ms max=979154.84ms | work avg=5.90ms max=200.97ms | totals armed=9053 unarmed=122 skipped=2 busy=0 mismatch=0 copies_failed=0 writes=9053 conflicts=0
10:53:19.142  [fg-relay] rate4: throttle depth=1 off=0 | sleep calls=119.5/s waits=0.0/s clear=0.0/s timeouts=0.0/s avg=0.00ms | present calls=119.5/s waits=0.0/s clear=0.0/s timeouts=0.0/s avg=0.00ms | max=111.50ms (process)
10:53:23.206  [bridge] 14400 frames delivered so far.
10:53:34.162  [fg-relay] rate/15.0s p2 import_opt=1: presents=52.5/s present-gate[point=52.5 ready=0.0 fallback=0.0 inactive=0.0]/s noinfo=0.0/s stale=0.0/s unlearned=0.0/s attempts=0.0/s armed=0.0/s skipped=0.0/s busy=0.0/s arm-reject[state=0.0 request=0.0 refused=0.0 stopping=0.0 res=0.0 size=0.0]/s pool[cap=0.0 family=0.0 create=0.0 alloc=0.0]/s copy-drop[fence=0.0 reset=0.0 begin=0.0 end=0.0 submit=0.0]/s cf[seq=0.0/s idle=0.0/s nrfence=0.0/s] slotbusy=0.0/s copyfence-busy=0.0/s nr-gpuwait=0.0/s flips=0.0/s
10:53:34.163  [fg-relay] rate2: fginput eval=89.6/s index!=1=59.7/s eval-gate[off=0.0 fallback=29.9 notready=0.0 noinput=0.0 noqueue=0.0]/s relay eval=0.0/s consume=0.0/s inplace=0.0/s(ok 0.0/s) unarmed=0.0/s mismatch=0.0/s relbusy=0.0/s relok=0.0/s relfail=0.0/s release-stage[queue=0.0 pool=0.0 fence=0.0 reset=0.0 begin=0.0 end=0.0 submit=0.0]/s watchdog=0.0/s | worker plays=0.0/s ok=0.0/s fail=0.0/s nr_absent=0.0/s copyfail=0.0/s
10:53:34.163  [fg-relay] rate3: arm->arm avg=241.72ms max=979154.93ms n=9052 | arm->work avg=0.01ms max=0.20ms | arm->eval avg=0.00ms max=0.00ms | copywait avg=0.006ms max=0.139ms | copy-land<= avg=231.69ms max=979154.84ms | work avg=5.90ms max=200.97ms | totals armed=9053 unarmed=122 skipped=2 busy=0 mismatch=0 copies_failed=0 writes=9053 conflicts=0
10:53:34.163  [fg-relay] rate4: throttle depth=1 off=0 | sleep calls=52.5/s waits=0.0/s clear=0.0/s timeouts=0.0/s avg=0.00ms | present calls=52.5/s waits=0.0/s clear=0.0/s timeouts=0.0/s avg=0.00ms | max=111.50ms (process)
10:53:39.286  [bridge] 15000 frames delivered so far.
10:53:42.101  [fg-input] frame=3600 5120x2160 vkfmt=37 mode=NR pipeline=serial nr_entries=2 sr_entries=1 sr_copies=1 ok=1 busy_skips=0 token=1.
10:53:49.178  [fg-relay] rate/15.0s p2 import_opt=1: presents=37.1/s present-gate[point=37.1 ready=0.0 fallback=0.0 inactive=0.0]/s noinfo=0.0/s stale=0.0/s unlearned=0.0/s attempts=0.0/s armed=0.0/s skipped=0.0/s busy=0.0/s arm-reject[state=0.0 request=0.0 refused=0.0 stopping=0.0 res=0.0 size=0.0]/s pool[cap=0.0 family=0.0 create=0.0 alloc=0.0]/s copy-drop[fence=0.0 reset=0.0 begin=0.0 end=0.0 submit=0.0]/s cf[seq=0.0/s idle=0.0/s nrfence=0.0/s] slotbusy=0.0/s copyfence-busy=0.0/s nr-gpuwait=0.0/s flips=0.0/s
10:53:49.178  [fg-relay] rate2: fginput eval=111.4/s index!=1=74.3/s eval-gate[off=0.0 fallback=37.1 notready=0.0 noinput=0.0 noqueue=0.0]/s relay eval=0.0/s consume=0.0/s inplace=0.0/s(ok 0.0/s) unarmed=0.0/s mismatch=0.0/s relbusy=0.0/s relok=0.0/s relfail=0.0/s release-stage[queue=0.0 pool=0.0 fence=0.0 reset=0.0 begin=0.0 end=0.0 submit=0.0]/s watchdog=0.0/s | worker plays=0.0/s ok=0.0/s fail=0.0/s nr_absent=0.0/s copyfail=0.0/s
10:53:49.179  [fg-relay] rate3: arm->arm avg=241.72ms max=979154.93ms n=9052 | arm->work avg=0.01ms max=0.20ms | arm->eval avg=0.00ms max=0.00ms | copywait avg=0.006ms max=0.139ms | copy-land<= avg=231.69ms max=979154.84ms | work avg=5.90ms max=200.97ms | totals armed=9053 unarmed=122 skipped=2 busy=0 mismatch=0 copies_failed=0 writes=9053 conflicts=0
10:53:49.179  [fg-relay] rate4: throttle depth=1 off=0 | sleep calls=37.0/s waits=0.0/s clear=0.0/s timeouts=0.0/s avg=0.00ms | present calls=37.1/s waits=0.0/s clear=0.0/s timeouts=0.0/s avg=0.00ms | max=111.50ms (process)
10:53:55.425  [bridge] 15600 frames delivered so far.
10:54:04.191  [fg-relay] rate/15.0s p2 import_opt=1: presents=37.5/s present-gate[point=37.5 ready=0.0 fallback=0.0 inactive=0.0]/s noinfo=0.0/s stale=0.0/s unlearned=0.0/s attempts=0.0/s armed=0.0/s skipped=0.0/s busy=0.0/s arm-reject[state=0.0 request=0.0 refused=0.0 stopping=0.0 res=0.0 size=0.0]/s pool[cap=0.0 family=0.0 create=0.0 alloc=0.0]/s copy-drop[fence=0.0 reset=0.0 begin=0.0 end=0.0 submit=0.0]/s cf[seq=0.0/s idle=0.0/s nrfence=0.0/s] slotbusy=0.0/s copyfence-busy=0.0/s nr-gpuwait=0.0/s flips=0.0/s
10:54:04.191  [fg-relay] rate2: fginput eval=112.5/s index!=1=75.0/s eval-gate[off=0.0 fallback=37.5 notready=0.0 noinput=0.0 noqueue=0.0]/s relay eval=0.0/s consume=0.0/s inplace=0.0/s(ok 0.0/s) unarmed=0.0/s mismatch=0.0/s relbusy=0.0/s relok=0.0/s relfail=0.0/s release-stage[queue=0.0 pool=0.0 fence=0.0 reset=0.0 begin=0.0 end=0.0 submit=0.0]/s watchdog=0.0/s | worker plays=0.0/s ok=0.0/s fail=0.0/s nr_absent=0.0/s copyfail=0.0/s
10:54:04.191  [fg-relay] rate3: arm->arm avg=241.72ms max=979154.93ms n=9052 | arm->work avg=0.01ms max=0.20ms | arm->eval avg=0.00ms max=0.00ms | copywait avg=0.006ms max=0.139ms | copy-land<= avg=231.69ms max=979154.84ms | work avg=5.90ms max=200.97ms | totals armed=9053 unarmed=122 skipped=2 busy=0 mismatch=0 copies_failed=0 writes=9053 conflicts=0
10:54:04.191  [fg-relay] rate4: throttle depth=1 off=0 | sleep calls=37.5/s waits=0.0/s clear=0.0/s timeouts=0.0/s avg=0.00ms | present calls=37.5/s waits=0.0/s clear=0.0/s timeouts=0.0/s avg=0.00ms | max=111.50ms (process)
10:54:11.362  [bridge] 16200 frames delivered so far.
10:54:19.210  [fg-relay] rate/15.0s p2 import_opt=1: presents=37.4/s present-gate[point=37.4 ready=0.0 fallback=0.0 inactive=0.0]/s noinfo=0.0/s stale=0.0/s unlearned=0.0/s attempts=0.0/s armed=0.0/s skipped=0.0/s busy=0.0/s arm-reject[state=0.0 request=0.0 refused=0.0 stopping=0.0 res=0.0 size=0.0]/s pool[cap=0.0 family=0.0 create=0.0 alloc=0.0]/s copy-drop[fence=0.0 reset=0.0 begin=0.0 end=0.0 submit=0.0]/s cf[seq=0.0/s idle=0.0/s nrfence=0.0/s] slotbusy=0.0/s copyfence-busy=0.0/s nr-gpuwait=0.0/s flips=0.0/s
10:54:19.210  [fg-relay] rate2: fginput eval=112.1/s index!=1=74.7/s eval-gate[off=0.0 fallback=37.4 notready=0.0 noinput=0.0 noqueue=0.0]/s relay eval=0.0/s consume=0.0/s inplace=0.0/s(ok 0.0/s) unarmed=0.0/s mismatch=0.0/s relbusy=0.0/s relok=0.0/s relfail=0.0/s release-stage[queue=0.0 pool=0.0 fence=0.0 reset=0.0 begin=0.0 end=0.0 submit=0.0]/s watchdog=0.0/s | worker plays=0.0/s ok=0.0/s fail=0.0/s nr_absent=0.0/s copyfail=0.0/s
10:54:19.210  [fg-relay] rate3: arm->arm avg=241.72ms max=979154.93ms n=9052 | arm->work avg=0.01ms max=0.20ms | arm->eval avg=0.00ms max=0.00ms | copywait avg=0.006ms max=0.139ms | copy-land<= avg=231.69ms max=979154.84ms | work avg=5.90ms max=200.97ms | totals armed=9053 unarmed=122 skipped=2 busy=0 mismatch=0 copies_failed=0 writes=9053 conflicts=0
10:54:19.210  [fg-relay] rate4: throttle depth=1 off=0 | sleep calls=37.5/s waits=0.0/s clear=0.0/s timeouts=0.0/s avg=0.00ms | present calls=37.4/s waits=0.0/s clear=0.0/s timeouts=0.0/s avg=0.00ms | max=111.50ms (process)
10:54:27.487  [bridge] 16800 frames delivered so far.
10:54:30.242  [fg-input] frame=5400 5120x2160 vkfmt=37 mode=NR pipeline=serial nr_entries=2 sr_entries=1 sr_copies=1 ok=1 busy_skips=0 token=1.
10:54:34.206  [fg-relay] rate/15.0s p2 import_opt=1: presents=37.3/s present-gate[point=37.3 ready=0.0 fallback=0.0 inactive=0.0]/s noinfo=0.0/s stale=0.0/s unlearned=0.0/s attempts=0.0/s armed=0.0/s skipped=0.0/s busy=0.0/s arm-reject[state=0.0 request=0.0 refused=0.0 stopping=0.0 res=0.0 size=0.0]/s pool[cap=0.0 family=0.0 create=0.0 alloc=0.0]/s copy-drop[fence=0.0 reset=0.0 begin=0.0 end=0.0 submit=0.0]/s cf[seq=0.0/s idle=0.0/s nrfence=0.0/s] slotbusy=0.0/s copyfence-busy=0.0/s nr-gpuwait=0.0/s flips=0.0/s
10:54:34.206  [fg-relay] rate2: fginput eval=112.1/s index!=1=74.8/s eval-gate[off=0.0 fallback=37.3 notready=0.0 noinput=0.0 noqueue=0.0]/s relay eval=0.0/s consume=0.0/s inplace=0.0/s(ok 0.0/s) unarmed=0.0/s mismatch=0.0/s relbusy=0.0/s relok=0.0/s relfail=0.0/s release-stage[queue=0.0 pool=0.0 fence=0.0 reset=0.0 begin=0.0 end=0.0 submit=0.0]/s watchdog=0.0/s | worker plays=0.0/s ok=0.0/s fail=0.0/s nr_absent=0.0/s copyfail=0.0/s
10:54:34.206  [fg-relay] rate3: arm->arm avg=241.72ms max=979154.93ms n=9052 | arm->work avg=0.01ms max=0.20ms | arm->eval avg=0.00ms max=0.00ms | copywait avg=0.006ms max=0.139ms | copy-land<= avg=231.69ms max=979154.84ms | work avg=5.90ms max=200.97ms | totals armed=9053 unarmed=122 skipped=2 busy=0 mismatch=0 copies_failed=0 writes=9053 conflicts=0
10:54:34.206  [fg-relay] rate4: throttle depth=1 off=0 | sleep calls=37.3/s waits=0.0/s clear=0.0/s timeouts=0.0/s avg=0.00ms | present calls=37.3/s waits=0.0/s clear=0.0/s timeouts=0.0/s avg=0.00ms | max=111.50ms (process)
10:54:43.538  [bridge] 17400 frames delivered so far.
10:54:49.224  [fg-relay] rate/15.0s p2 import_opt=1: presents=37.5/s present-gate[point=37.5 ready=0.0 fallback=0.0 inactive=0.0]/s noinfo=0.0/s stale=0.0/s unlearned=0.0/s attempts=0.0/s armed=0.0/s skipped=0.0/s busy=0.0/s arm-reject[state=0.0 request=0.0 refused=0.0 stopping=0.0 res=0.0 size=0.0]/s pool[cap=0.0 family=0.0 create=0.0 alloc=0.0]/s copy-drop[fence=0.0 reset=0.0 begin=0.0 end=0.0 submit=0.0]/s cf[seq=0.0/s idle=0.0/s nrfence=0.0/s] slotbusy=0.0/s copyfence-busy=0.0/s nr-gpuwait=0.0/s flips=0.0/s
10:54:49.224  [fg-relay] rate2: fginput eval=112.5/s index!=1=75.0/s eval-gate[off=0.0 fallback=37.5 notready=0.0 noinput=0.0 noqueue=0.0]/s relay eval=0.0/s consume=0.0/s inplace=0.0/s(ok 0.0/s) unarmed=0.0/s mismatch=0.0/s relbusy=0.0/s relok=0.0/s relfail=0.0/s release-stage[queue=0.0 pool=0.0 fence=0.0 reset=0.0 begin=0.0 end=0.0 submit=0.0]/s watchdog=0.0/s | worker plays=0.0/s ok=0.0/s fail=0.0/s nr_absent=0.0/s copyfail=0.0/s
10:54:49.224  [fg-relay] rate3: arm->arm avg=241.72ms max=979154.93ms n=9052 | arm->work avg=0.01ms max=0.20ms | arm->eval avg=0.00ms max=0.00ms | copywait avg=0.006ms max=0.139ms | copy-land<= avg=231.69ms max=979154.84ms | work avg=5.90ms max=200.97ms | totals armed=9053 unarmed=122 skipped=2 busy=0 mismatch=0 copies_failed=0 writes=9053 conflicts=0
10:54:49.224  [fg-relay] rate4: throttle depth=1 off=0 | sleep calls=37.5/s waits=0.0/s clear=0.0/s timeouts=0.0/s avg=0.00ms | present calls=37.5/s waits=0.0/s clear=0.0/s timeouts=0.0/s avg=0.00ms | max=111.50ms (process)
10:55:01.739  [bridge] 18000 frames delivered so far.
10:55:04.231  [fg-relay] rate/15.0s p2 import_opt=1: presents=44.0/s present-gate[point=44.0 ready=0.0 fallback=0.0 inactive=0.0]/s noinfo=0.0/s stale=0.0/s unlearned=0.0/s attempts=0.0/s armed=0.0/s skipped=0.0/s busy=0.0/s arm-reject[state=0.0 request=0.0 refused=0.0 stopping=0.0 res=0.0 size=0.0]/s pool[cap=0.0 family=0.0 create=0.0 alloc=0.0]/s copy-drop[fence=0.0 reset=0.0 begin=0.0 end=0.0 submit=0.0]/s cf[seq=0.0/s idle=0.0/s nrfence=0.0/s] slotbusy=0.0/s copyfence-busy=0.0/s nr-gpuwait=0.0/s flips=0.0/s
10:55:04.231  [fg-relay] rate2: fginput eval=95.6/s index!=1=63.7/s eval-gate[off=0.0 fallback=31.9 notready=0.0 noinput=0.0 noqueue=0.0]/s relay eval=0.0/s consume=0.0/s inplace=0.0/s(ok 0.0/s) unarmed=0.0/s mismatch=0.0/s relbusy=0.0/s relok=0.0/s relfail=0.0/s release-stage[queue=0.0 pool=0.0 fence=0.0 reset=0.0 begin=0.0 end=0.0 submit=0.0]/s watchdog=0.0/s | worker plays=0.0/s ok=0.0/s fail=0.0/s nr_absent=0.0/s copyfail=0.0/s
10:55:04.231  [fg-relay] rate3: arm->arm avg=241.72ms max=979154.93ms n=9052 | arm->work avg=0.01ms max=0.20ms | arm->eval avg=0.00ms max=0.00ms | copywait avg=0.006ms max=0.139ms | copy-land<= avg=231.69ms max=979154.84ms | work avg=5.90ms max=200.97ms | totals armed=9053 unarmed=122 skipped=2 busy=0 mismatch=0 copies_failed=0 writes=9053 conflicts=0
10:55:04.231  [fg-relay] rate4: throttle depth=1 off=0 | sleep calls=44.1/s waits=0.0/s clear=0.0/s timeouts=0.0/s avg=0.00ms | present calls=44.0/s waits=0.0/s clear=0.0/s timeouts=0.0/s avg=0.00ms | max=111.50ms (process)
10:55:19.227  [fg-relay] rate/15.0s p2 import_opt=1: presents=44.4/s present-gate[point=44.4 ready=0.0 fallback=0.0 inactive=0.0]/s noinfo=0.0/s stale=0.0/s unlearned=0.0/s attempts=0.0/s armed=0.0/s skipped=0.0/s busy=0.0/s arm-reject[state=0.0 request=0.0 refused=0.0 stopping=0.0 res=0.0 size=0.0]/s pool[cap=0.0 family=0.0 create=0.0 alloc=0.0]/s copy-drop[fence=0.0 reset=0.0 begin=0.0 end=0.0 submit=0.0]/s cf[seq=0.0/s idle=0.0/s nrfence=0.0/s] slotbusy=0.0/s copyfence-busy=0.0/s nr-gpuwait=0.0/s flips=0.0/s
10:55:19.228  [fg-relay] rate2: fginput eval=100.6/s index!=1=67.1/s eval-gate[off=0.0 fallback=33.5 notready=0.0 noinput=0.0 noqueue=0.0]/s relay eval=0.0/s consume=0.0/s inplace=0.0/s(ok 0.0/s) unarmed=0.0/s mismatch=0.0/s relbusy=0.0/s relok=0.0/s relfail=0.0/s release-stage[queue=0.0 pool=0.0 fence=0.0 reset=0.0 begin=0.0 end=0.0 submit=0.0]/s watchdog=0.0/s | worker plays=0.0/s ok=0.0/s fail=0.0/s nr_absent=0.0/s copyfail=0.0/s
10:55:19.228  [fg-relay] rate3: arm->arm avg=241.72ms max=979154.93ms n=9052 | arm->work avg=0.01ms max=0.20ms | arm->eval avg=0.00ms max=0.00ms | copywait avg=0.006ms max=0.139ms | copy-land<= avg=231.69ms max=979154.84ms | work avg=5.90ms max=200.97ms | totals armed=9053 unarmed=122 skipped=2 busy=0 mismatch=0 copies_failed=0 writes=9053 conflicts=0
10:55:19.228  [fg-relay] rate4: throttle depth=1 off=0 | sleep calls=44.4/s waits=0.0/s clear=0.0/s timeouts=0.0/s avg=0.00ms | present calls=44.4/s waits=0.0/s clear=0.0/s timeouts=0.0/s avg=0.00ms | max=111.50ms (process)
10:55:19.384  [bridge] 18600 frames delivered so far.
10:55:22.140  [fg-input] frame=7200 5120x2160 vkfmt=37 mode=NR pipeline=serial nr_entries=2 sr_entries=1 sr_copies=1 ok=1 busy_skips=0 token=1.
10:55:34.240  [fg-relay] rate/15.0s p2 import_opt=1: presents=37.1/s present-gate[point=37.1 ready=0.0 fallback=0.0 inactive=0.0]/s noinfo=0.0/s stale=0.0/s unlearned=0.0/s attempts=0.0/s armed=0.0/s skipped=0.0/s busy=0.0/s arm-reject[state=0.0 request=0.0 refused=0.0 stopping=0.0 res=0.0 size=0.0]/s pool[cap=0.0 family=0.0 create=0.0 alloc=0.0]/s copy-drop[fence=0.0 reset=0.0 begin=0.0 end=0.0 submit=0.0]/s cf[seq=0.0/s idle=0.0/s nrfence=0.0/s] slotbusy=0.0/s copyfence-busy=0.0/s nr-gpuwait=0.0/s flips=0.0/s
10:55:34.240  [fg-relay] rate2: fginput eval=111.4/s index!=1=74.3/s eval-gate[off=0.0 fallback=37.1 notready=0.0 noinput=0.0 noqueue=0.0]/s relay eval=0.0/s consume=0.0/s inplace=0.0/s(ok 0.0/s) unarmed=0.0/s mismatch=0.0/s relbusy=0.0/s relok=0.0/s relfail=0.0/s release-stage[queue=0.0 pool=0.0 fence=0.0 reset=0.0 begin=0.0 end=0.0 submit=0.0]/s watchdog=0.0/s | worker plays=0.0/s ok=0.0/s fail=0.0/s nr_absent=0.0/s copyfail=0.0/s
10:55:34.240  [fg-relay] rate3: arm->arm avg=241.72ms max=979154.93ms n=9052 | arm->work avg=0.01ms max=0.20ms | arm->eval avg=0.00ms max=0.00ms | copywait avg=0.006ms max=0.139ms | copy-land<= avg=231.69ms max=979154.84ms | work avg=5.90ms max=200.97ms | totals armed=9053 unarmed=122 skipped=2 busy=0 mismatch=0 copies_failed=0 writes=9053 conflicts=0
10:55:34.240  [fg-relay] rate4: throttle depth=1 off=0 | sleep calls=37.0/s waits=0.0/s clear=0.0/s timeouts=0.0/s avg=0.00ms | present calls=37.1/s waits=0.0/s clear=0.0/s timeouts=0.0/s avg=0.00ms | max=111.50ms (process)
10:55:35.525  [bridge] 19200 frames delivered so far.
10:55:49.232  [fg-relay] rate/15.0s p2 import_opt=1: presents=37.5/s present-gate[point=37.5 ready=0.0 fallback=0.0 inactive=0.0]/s noinfo=0.0/s stale=0.0/s unlearned=0.0/s attempts=0.0/s armed=0.0/s skipped=0.0/s busy=0.0/s arm-reject[state=0.0 request=0.0 refused=0.0 stopping=0.0 res=0.0 size=0.0]/s pool[cap=0.0 family=0.0 create=0.0 alloc=0.0]/s copy-drop[fence=0.0 reset=0.0 begin=0.0 end=0.0 submit=0.0]/s cf[seq=0.0/s idle=0.0/s nrfence=0.0/s] slotbusy=0.0/s copyfence-busy=0.0/s nr-gpuwait=0.0/s flips=0.0/s
10:55:49.232  [fg-relay] rate2: fginput eval=112.4/s index!=1=74.9/s eval-gate[off=0.0 fallback=37.5 notready=0.0 noinput=0.0 noqueue=0.0]/s relay eval=0.0/s consume=0.0/s inplace=0.0/s(ok 0.0/s) unarmed=0.0/s mismatch=0.0/s relbusy=0.0/s relok=0.0/s relfail=0.0/s release-stage[queue=0.0 pool=0.0 fence=0.0 reset=0.0 begin=0.0 end=0.0 submit=0.0]/s watchdog=0.0/s | worker plays=0.0/s ok=0.0/s fail=0.0/s nr_absent=0.0/s copyfail=0.0/s
10:55:49.232  [fg-relay] rate3: arm->arm avg=241.72ms max=979154.93ms n=9052 | arm->work avg=0.01ms max=0.20ms | arm->eval avg=0.00ms max=0.00ms | copywait avg=0.006ms max=0.139ms | copy-land<= avg=231.69ms max=979154.84ms | work avg=5.90ms max=200.97ms | totals armed=9053 unarmed=122 skipped=2 busy=0 mismatch=0 copies_failed=0 writes=9053 conflicts=0
10:55:49.232  [fg-relay] rate4: throttle depth=1 off=0 | sleep calls=37.5/s waits=0.0/s clear=0.0/s timeouts=0.0/s avg=0.00ms | present calls=37.5/s waits=0.0/s clear=0.0/s timeouts=0.0/s avg=0.00ms | max=111.50ms (process)
10:55:51.509  [bridge] 19800 frames delivered so far.
10:56:04.250  [fg-relay] rate/15.0s p2 import_opt=1: presents=37.3/s present-gate[point=37.3 ready=0.0 fallback=0.0 inactive=0.0]/s noinfo=0.0/s stale=0.0/s unlearned=0.0/s attempts=0.0/s armed=0.0/s skipped=0.0/s busy=0.0/s arm-reject[state=0.0 request=0.0 refused=0.0 stopping=0.0 res=0.0 size=0.0]/s pool[cap=0.0 family=0.0 create=0.0 alloc=0.0]/s copy-drop[fence=0.0 reset=0.0 begin=0.0 end=0.0 submit=0.0]/s cf[seq=0.0/s idle=0.0/s nrfence=0.0/s] slotbusy=0.0/s copyfence-busy=0.0/s nr-gpuwait=0.0/s flips=0.0/s
10:56:04.250  [fg-relay] rate2: fginput eval=111.9/s index!=1=74.6/s eval-gate[off=0.0 fallback=37.3 notready=0.0 noinput=0.0 noqueue=0.0]/s relay eval=0.0/s consume=0.0/s inplace=0.0/s(ok 0.0/s) unarmed=0.0/s mismatch=0.0/s relbusy=0.0/s relok=0.0/s relfail=0.0/s release-stage[queue=0.0 pool=0.0 fence=0.0 reset=0.0 begin=0.0 end=0.0 submit=0.0]/s watchdog=0.0/s | worker plays=0.0/s ok=0.0/s fail=0.0/s nr_absent=0.0/s copyfail=0.0/s
10:56:04.250  [fg-relay] rate3: arm->arm avg=241.72ms max=979154.93ms n=9052 | arm->work avg=0.01ms max=0.20ms | arm->eval avg=0.00ms max=0.00ms | copywait avg=0.006ms max=0.139ms | copy-land<= avg=231.69ms max=979154.84ms | work avg=5.90ms max=200.97ms | totals armed=9053 unarmed=122 skipped=2 busy=0 mismatch=0 copies_failed=0 writes=9053 conflicts=0
10:56:04.250  [fg-relay] rate4: throttle depth=1 off=0 | sleep calls=37.3/s waits=0.0/s clear=0.0/s timeouts=0.0/s avg=0.00ms | present calls=37.3/s waits=0.0/s clear=0.0/s timeouts=0.0/s avg=0.00ms | max=111.50ms (process)
10:56:07.651  [bridge] 20400 frames delivered so far.
10:56:10.425  [fg-input] frame=9000 5120x2160 vkfmt=37 mode=NR pipeline=serial nr_entries=2 sr_entries=1 sr_copies=1 ok=1 busy_skips=0 token=1.
