20:52:57.247  dlss5-bridge 1.4.13-pre8-vk-quality7 (built Oct  1 2026 03:34:22) attached.
20:52:57.247    host: C:\Program Files\Hypergryph Launcher\games\Endfield Game\Endfield.exe
20:52:57.247    d3d11.dll: C:\Program Files\Hypergryph Launcher\games\Endfield Game\Endfield.exe
20:52:57.247    reshade: C:\ProgramData\ReShade\ReShade64.dll
20:52:57.248    windows: Windows 11, 10.0 build 26200
20:52:57.248    files next to this add-on:
20:52:57.253      nvngx_dlssnr.dll           present  version 310.8.0.0, 165840496 bytes, 2026-09-11 22:41
20:52:57.255      nvngx_dlss.dll             present  version 310.5.2.0, 54779504 bytes, 2026-07-11 10:59
20:52:57.255    add-ons present:
20:52:57.256      dlss5-bridge.addon64         version 1.4.13.17, 705024 bytes, 2026-09-30 19:51
20:52:57.256          loaded at 00007FFA3DD90000
20:52:57.257      renodx-dlss5.addon64         version 0.2026.926.210, 3141632 bytes, 2026-09-27 13:21
20:52:57.259          sha256 DCD93881E976AD033D83C2BB01F4BC3E4DDC59C15FE0DD4CA165BC5FC7D1AC68 -- not on this add-on's measured list, which is one machine's experience and not a compatibility statement. If its panel says active while the picture does not change, unwrap=0 in dlss5-bridge.cfg is the first thing to try.
20:52:57.260      renodx-endfield-enhancer.addon64   version 0.2026.914.2221, 2866176 bytes, 2026-10-01 12:15
20:52:57.262          sha256 E819C10B45191A23BD8B68502722FA668776AC90D2C133283634B815048F8C97 -- not on this add-on's measured list, which is one machine's experience and not a compatibility statement. If its panel says active while the picture does not change, unwrap=0 in dlss5-bridge.cfg is the first thing to try.
20:52:57.262    DLSS 5 add-on settings, read from ReShade.ini [RenoDX.DLSS5]:
20:52:57.262      ConfigVersion=7
20:52:57.262      EnableHooks=1
20:52:57.263      NeuralUplift=1
20:52:57.263      NRAdaptiveExposure=1
20:52:57.263      NRAutoMask=1
20:52:57.263      NRChainedHistory=1
20:52:57.263      NRChromaClamp=1
20:52:57.264      NRCodecMode=2
20:52:57.264      NRColorStrength=1
20:52:57.264      NRCostMeter=1
20:52:57.264      NRDepthMode=0
20:52:57.264      NRDetailStability=0
20:52:57.264      NRDiffuseWhiteNits=203
20:52:57.264      NRDisableRelease=0
20:52:57.264      NRDisplayPedestal=0
20:52:57.264      NREditTrace=0
20:52:57.264      NREnableUpscaling=0
20:52:57.265      NRFeedMode=2
20:52:57.265      NRFollowInputRes=0
20:52:57.265      NRGlobalTone=2
20:52:57.265      NRGpuTimers=0
20:52:57.265      NRHookPoint=2
20:52:57.265      NRIntensity=2
20:52:57.265      NRLinearUnitNits=0
20:52:57.265      NRLocalStructure=2
20:52:57.265      NRLocalTone=1
20:52:57.265      NRLookBrighten=0.75
20:52:57.266      NRLookColour=0.5
20:52:57.266      NRLookDarken=0.75
20:52:57.266      NRLookDetail=2
20:52:57.266      NRLookDetailRadius=1
20:52:57.266      NRLookHalo=0
20:52:57.266      NRLookHaloBrightSide=0
20:52:57.266      NRLookHighlights=0.5
20:52:57.266      NRLookHue=1
20:52:57.266      NRLookMaxBrighten=0
20:52:57.266      NRLookMaxColour=0
20:52:57.267      NRLookMaxDarken=0
20:52:57.267      NRLookMidtones=1
20:52:57.267      NRLookMode=1
20:52:57.267      NRLookShadows=0.5
20:52:57.267      NRLookStabilize=0
20:52:57.268      NRLookStabilizeDetail=0
20:52:57.268      NRLookStabilizeMs=60
20:52:57.268      NRLookStrength=1.1
20:52:57.268      NRLookTone=2
20:52:57.268      NRLookUpsample=0
20:52:57.268      NRMaxWorksets=4
20:52:57.268      NRMVecScaleX=1
20:52:57.269      NRMVecScaleY=1
20:52:57.269      NRNeuralFloorGuard=1
20:52:57.269      NRNormAttackStops=4
20:52:57.269      NRNormCutAware=1
20:52:57.269      NRNormGovernor=0
20:52:57.269      NRNormReleaseStops=0.5
20:52:57.269      NRNormSlewStops=0.02
20:52:57.269      NRPaperWhiteScale=2.5375
20:52:57.269      NRPass2AutoMask=1
20:52:57.269      NRPass2Color=1
20:52:57.270      NRPass2FollowPass1=1
20:52:57.270      NRPass2Intensity=2
20:52:57.270      NRPass2LocalTone=1.5
20:52:57.270      NRPass2Skin=0
20:52:57.270      NRPass2Structure=1.25
20:52:57.270      NRPass2Style=2
20:52:57.270      NRPass2Transfer=1
20:52:57.270      NRPass2UICorrection=1
20:52:57.270      NRPass3AutoMask=0
20:52:57.270      NRPass3Color=1
20:52:57.271      NRPass3FollowPass1=0
20:52:57.271      NRPass3Intensity=2
20:52:57.271      NRPass3LocalTone=1
20:52:57.271      NRPass3Skin=-1
20:52:57.271      NRPass3Structure=1
20:52:57.272      NRPass3Style=0
20:52:57.272      NRPass3Transfer=1
20:52:57.272      NRPass3UICorrection=0
20:52:57.272      NRPass4AutoMask=0
20:52:57.272      NRPass4Color=1
20:52:57.272      NRPass4FollowPass1=0
20:52:57.272      NRPass4Intensity=2
20:52:57.272      NRPass4LocalTone=1
20:52:57.272      NRPass4Skin=-1
20:52:57.272      NRPass4Structure=1
20:52:57.273      NRPass4Style=0
20:52:57.273      NRPass4Transfer=0
20:52:57.273      NRPass4UICorrection=0
20:52:57.273      NRPasses=2
20:52:57.273      NRPQCalibration=1
20:52:57.274      NRPresentEncoding=0
20:52:57.274      NRPresentFgSource=0
20:52:57.274      NRPresentFrames=0
20:52:57.274      NRPresentGuides=0
20:52:57.274      NRPresentUICorrection=1
20:52:57.274      NRPresentWhiteNits=0
20:52:57.274      NRPreset=2
20:52:57.275      NRPreUpscale=0
20:52:57.275      NRProxyAnchor=4
20:52:57.275      NRResolutionScale=1
20:52:57.275      NRScreenshotFormat=0
20:52:57.275      NRScreenshotJpegQuality=95
20:52:57.275      NRScreenshotKey=116
20:52:57.275      NRScreenshotLayout=0
20:52:57.275      NRScreenshotMaxMB=10
20:52:57.276      NRScreenshotSource=0
20:52:57.276      NRShutdownQuiesce=1
20:52:57.276      NRSkinIndependent=1
20:52:57.276      NRSkinStructure=0
20:52:57.276      NRSourceEncoding=0
20:52:57.276      NRSourcePrimaries=0
20:52:57.276      NRStyle=2
20:52:57.277      NRStyleHighlightGuard=0
20:52:57.277      NRToggleKey=106
20:52:57.277      NRTransferMode=1
20:52:57.277      NRTransferStrength=1
20:52:57.277      NRUICorrection=1
20:52:57.277      NRWorksetFreePolicy=0
20:52:57.277      UiIssueNotice=1
20:52:57.277      UiLanguage=zh-Hans
20:52:57.277      UiMode=modern
20:52:57.278      UiWelcomed=1
20:52:57.278  [bridge] config: stage=3 mode=2 flags=-1 subrects=1 reset_every=0 pixels=0 skip_game=1 dred=1 skip_exe=1 unwrap=1 source=auto synth=0 hash_out=1 synth_after=0 mv_sign_x=0 mv_sign_y=0 ofa_grid=2 ofa_perf=20 vk_present=1 vk_sync=0
20:52:57.278  [bridge] settings read from C:\Program Files\Hypergryph Launcher\games\Endfield Game\dlss5-bridge.cfg
20:52:57.291  [bridge] the driver's route to neural rendering is closed for this process: entry 18 of the loader's feature table at 00007FFA2B6343E0 named "dlssnr" and now names nothing, which is what the previous driver had there. The DLSS 5 add-on drives that feature itself, as it did before the driver update. Nothing on disk is changed and no other feature is touched. Set ngx_loader=1 in dlss5-bridge.cfg to leave the driver's route alone.
20:52:57.291  [synth] registered for ReShade effect events at add-on API 18 (synth floor 10).
20:52:57.291  [vkmirror] colour format tables agree on 7 of 7 entries.
20:52:57.292  [vkmirror] vk_mirror=1: the Vulkan NGX entry points will be hooked and a Vulkan game's own DLSS contract mirrored onto the private D3D12 session.
20:52:57.292  [panel] status panel registered in ReShade's overlay. Asked for the ImGui 19000 function table; ReShade reports its own ImGui as 1.92.5.
20:52:57.294  NGX layer 0: C:\WINDOWS\System32\DriverStore\FileRepository\nv_dispsi.inf_amd64_b8459fc8f905f657\_nvngx.dll (base=00007FFA2B560000)
20:52:57.294    version 32.0.16.1692
20:52:57.294    NVSDK_NGX_D3D11_CreateFeature     = 00007FFA2B5C5C60
20:52:57.295    NVSDK_NGX_D3D11_EvaluateFeature   = 00007FFA2B5C5E30
20:52:57.295    NVSDK_NGX_D3D11_EvaluateFeature_C = 0000000000000000
20:52:57.295    NVSDK_NGX_D3D11_ReleaseFeature    = 00007FFA2B5C5D30
20:52:57.295    CreateFeature    prologue: 48 89 6C 24 18 56 57 41 56 48 83 EC 40 48 
20:52:57.295    EvaluateFeature  prologue: 48 89 5C 24 08 48 89 6C 24 10 48 89 74 24 
20:52:57.687    hooked: CreateFeature=yes EvaluateFeature=yes EvaluateFeature_C=absent
20:52:57.688    hooked: D3D11 ReleaseFeature=yes
20:52:57.688    NVSDK_NGX_VULKAN_CreateFeature     = 00007FFA2B56D230
20:52:57.688    NVSDK_NGX_VULKAN_CreateFeature1    = 00007FFA2B56D340
20:52:57.689    NVSDK_NGX_VULKAN_EvaluateFeature   = 00007FFA2B56D4E0
20:52:57.689    NVSDK_NGX_VULKAN_EvaluateFeature_C = 0000000000000000
20:52:57.689    NVSDK_NGX_VULKAN_ReleaseFeature    = 00007FFA2B56D3E0
20:52:57.689    VK CreateFeature prologue: 48 89 5C 24 10 48 89 6C 24 18 48 89 74 24 
20:52:57.689    VK CreateFeature1 prologue: 48 89 6C 24 10 48 89 74 24 18 48 89 7C 24 
20:52:57.689    VK EvaluateFeature prologue: 48 89 5C 24 08 48 89 6C 24 10 48 89 74 24 
20:52:58.168    hooked: VULKAN CreateFeature=yes CreateFeature1=yes EvaluateFeature=yes EvaluateFeature_C=absent
20:52:58.168    hooked: VULKAN ReleaseFeature=yes
20:52:58.169  [nr-compat] processing unavailable: Generic add-on is not loaded (renodx-dlss5.addon64). 已经确定可以正常使用该版本插件的Generic插件：8.5.0-rc10
20:52:58.430  [fg-relay] Import=1: the ReShade layer's vkCreateDevice at 00007FFA2B8D07A0 is hooked. Every device created from here on gets VK_KHR_external_semaphore_win32 appended to its extension list, and a driver that refuses the name gets the caller's own list retried unchanged.
20:52:58.431  qpc=4330739979423 [focus-fg] state: enabled=1 hooked=0 foreground=0 minimized=0 hwnd=0000000000000000 scope_calls=0 original_false=0 kept=0 presents=0 FG_evaluates=0
20:52:58.438  [composition-guard] capture exclusion requested: applied
20:52:59.314  qpc=4330746279596 [fg-relay] interposer hook: present=hooked
20:52:59.314  qpc=4330748815996 [fg-trace] queue discovery exports: get_queue=hooked get_queue2=hooked
20:53:00.066  NGX layer 1: C:\Program Files\Hypergryph Launcher\games\Endfield Game\nvngx_dlss.dll (base=00007FF93BB90000)
20:53:00.067    version 310.5.2.0
20:53:00.067    NVSDK_NGX_D3D11_CreateFeature     = 00007FF93BBD5160
20:53:00.067    NVSDK_NGX_D3D11_EvaluateFeature   = 00007FF93BBD52C0
20:53:00.067    NVSDK_NGX_D3D11_EvaluateFeature_C = 0000000000000000
20:53:00.067    NVSDK_NGX_D3D11_ReleaseFeature    = 00007FF93BBD5720
20:53:00.067    CreateFeature    prologue: 48 89 5C 24 08 48 89 6C 24 10 56 57 41 56 
20:53:00.067    EvaluateFeature  prologue: 48 89 5C 24 08 48 89 6C 24 10 48 89 74 24 
20:53:00.332      00007FF93BBD5720 is a thunk table entry; the hook goes to its destination 00007FF93BBD3440 so the patch does not overwrite the entries beside it.
20:53:00.460    hooked: CreateFeature=yes EvaluateFeature=yes EvaluateFeature_C=absent
20:53:00.460    hooked: D3D11 ReleaseFeature=yes
20:53:00.461    NVSDK_NGX_VULKAN_CreateFeature     = 00007FF93BC579C0
20:53:00.461    NVSDK_NGX_VULKAN_CreateFeature1    = 00007FF93BC579E0
20:53:00.461    NVSDK_NGX_VULKAN_EvaluateFeature   = 00007FF93BC579F0
20:53:00.461    NVSDK_NGX_VULKAN_EvaluateFeature_C = 0000000000000000
20:53:00.461    NVSDK_NGX_VULKAN_ReleaseFeature    = 00007FF93BC58020
20:53:00.461    VK CreateFeature prologue: 48 83 EC 38 4C 89 4C 24 20 4D 8B C8 44 8B 
20:53:00.461    VK CreateFeature1 prologue: E9 4B F1 FF FF CC CC CC CC CC CC CC CC CC  <== a thunk into its own module, not a hook
20:53:00.462        the hook jumps into C:\Program Files\Hypergryph Launcher\games\Endfield Game\nvngx_dlss.dll +0xC6B30
20:53:00.462    VK EvaluateFeature prologue: 48 89 5C 24 08 48 89 6C 24 10 48 89 74 24 
20:53:00.601      00007FF93BC579E0 is a thunk table entry; the hook goes to its destination 00007FF93BC56B30 so the patch does not overwrite the entries beside it.
20:53:00.852      00007FF93BC58020 is a thunk table entry; the hook goes to its destination 00007FF93BC56F90 so the patch does not overwrite the entries beside it.
20:53:00.993    hooked: VULKAN CreateFeature=yes CreateFeature1=yes EvaluateFeature=yes EvaluateFeature_C=absent
20:53:00.994    hooked: VULKAN ReleaseFeature=yes
20:53:00.996  [nr-compat] Generic build identified; SHA256=DCD93881E976AD033D83C2BB01F4BC3E4DDC59C15FE0DD4CA165BC5FC7D1AC68. No version/hash gate. 已经确定可以正常使用该版本插件的Generic插件：8.5.0-rc10
20:53:00.998  [nr-compat] configuration condition recovered; normal processing may resume.
20:53:01.013  NGX layer 1 retirement finalized.
20:53:01.013  NGX layer 1: C:\Program Files\Hypergryph Launcher\games\Endfield Game\nvngx_deepdvc.dll (base=00007FFA2A740000)
20:53:01.014    version 310.5.2.0
20:53:01.014    NVSDK_NGX_D3D11_CreateFeature     = 00007FFA2A760140
20:53:01.014    NVSDK_NGX_D3D11_EvaluateFeature   = 00007FFA2A760260
20:53:01.015    NVSDK_NGX_D3D11_EvaluateFeature_C = 0000000000000000
20:53:01.015    NVSDK_NGX_D3D11_ReleaseFeature    = 00007FFA2A760550
20:53:01.015    CreateFeature    prologue: 48 89 5C 24 10 48 89 6C 24 18 57 48 83 EC 
20:53:01.015    EvaluateFeature  prologue: 48 89 5C 24 08 48 89 6C 24 10 48 89 74 24 
20:53:01.273      00007FFA2A760550 is a thunk table entry; the hook goes to its destination 00007FFA2A75E9F0 so the patch does not overwrite the entries beside it.
20:53:01.399    hooked: CreateFeature=yes EvaluateFeature=yes EvaluateFeature_C=absent
20:53:01.400    hooked: D3D11 ReleaseFeature=yes
20:53:01.400    NVSDK_NGX_VULKAN_CreateFeature     = 00007FFA2A7644E0
20:53:01.400    NVSDK_NGX_VULKAN_CreateFeature1    = 00007FFA2A764500
20:53:01.400    NVSDK_NGX_VULKAN_EvaluateFeature   = 00007FFA2A764510
20:53:01.400    NVSDK_NGX_VULKAN_EvaluateFeature_C = 0000000000000000
20:53:01.400    NVSDK_NGX_VULKAN_ReleaseFeature    = 00007FFA2A764A90
20:53:01.401    VK CreateFeature prologue: 48 83 EC 38 4C 89 4C 24 20 4D 8B C8 44 8B 
20:53:01.401    VK CreateFeature1 prologue: E9 8B F2 FF FF CC CC CC CC CC CC CC CC CC  <== a thunk into its own module, not a hook
20:53:01.401        the hook jumps into C:\Program Files\Hypergryph Launcher\games\Endfield Game\nvngx_deepdvc.dll +0x23790
20:53:01.401    VK EvaluateFeature prologue: 48 89 5C 24 08 48 89 6C 24 10 48 89 74 24 
20:53:01.528      00007FFA2A764500 is a thunk table entry; the hook goes to its destination 00007FFA2A763790 so the patch does not overwrite the entries beside it.
20:53:01.786      00007FFA2A764A90 is a thunk table entry; the hook goes to its destination 00007FFA2A763B80 so the patch does not overwrite the entries beside it.
20:53:01.916    hooked: VULKAN CreateFeature=yes CreateFeature1=yes EvaluateFeature=yes EvaluateFeature_C=absent
20:53:01.916    hooked: VULKAN ReleaseFeature=yes
20:53:01.916  NGX layer 2: C:\Program Files\Hypergryph Launcher\games\Endfield Game\nvngx_dlssd.dll (base=00007FF935940000)
20:53:01.916    version 310.5.2.0
20:53:01.916    NVSDK_NGX_D3D11_CreateFeature     = 00007FF93597A930
20:53:01.917    NVSDK_NGX_D3D11_EvaluateFeature   = 00007FF93597AA90
20:53:01.917    NVSDK_NGX_D3D11_EvaluateFeature_C = 0000000000000000
20:53:01.917    NVSDK_NGX_D3D11_ReleaseFeature    = 00007FF93597AEF0
20:53:01.917    CreateFeature    prologue: 48 89 5C 24 08 48 89 6C 24 10 56 57 41 56 
20:53:01.917    EvaluateFeature  prologue: 48 89 5C 24 08 48 89 6C 24 10 48 89 74 24 
20:53:02.173      00007FF93597AEF0 is a thunk table entry; the hook goes to its destination 00007FF935978C10 so the patch does not overwrite the entries beside it.
20:53:02.288    hooked: CreateFeature=yes EvaluateFeature=yes EvaluateFeature_C=absent
20:53:02.289    hooked: D3D11 ReleaseFeature=yes
20:53:02.289    NVSDK_NGX_VULKAN_CreateFeature     = 00007FF9359FB4C0
20:53:02.289    NVSDK_NGX_VULKAN_CreateFeature1    = 00007FF9359FB4E0
20:53:02.289    NVSDK_NGX_VULKAN_EvaluateFeature   = 00007FF9359FB4F0
20:53:02.289    NVSDK_NGX_VULKAN_EvaluateFeature_C = 0000000000000000
20:53:02.289    NVSDK_NGX_VULKAN_ReleaseFeature    = 00007FF9359FBB20
20:53:02.289    VK CreateFeature prologue: 48 83 EC 38 4C 89 4C 24 20 4D 8B C8 44 8B 
20:53:02.289    VK CreateFeature1 prologue: E9 4B F1 FF FF CC CC CC CC CC CC CC CC CC  <== a thunk into its own module, not a hook
20:53:02.290        the hook jumps into C:\Program Files\Hypergryph Launcher\games\Endfield Game\nvngx_dlssd.dll +0xBA630
20:53:02.290    VK EvaluateFeature prologue: 48 89 5C 24 08 48 89 6C 24 10 48 89 74 24 
20:53:02.413      00007FF9359FB4E0 is a thunk table entry; the hook goes to its destination 00007FF9359FA630 so the patch does not overwrite the entries beside it.
20:53:02.682      00007FF9359FBB20 is a thunk table entry; the hook goes to its destination 00007FF9359FAA90 so the patch does not overwrite the entries beside it.
20:53:02.865    hooked: VULKAN CreateFeature=yes CreateFeature1=yes EvaluateFeature=yes EvaluateFeature_C=absent
20:53:02.865    hooked: VULKAN ReleaseFeature=yes
20:53:03.359  qpc=4330785597207 [fg-relay] Reflex sleep hook: slGetPluginFunction=00007FFA90C0E0E0 slReflexSleep=00007FFA90C0DE60 hooked
20:53:03.359  qpc=4330786793873 [focus-fg] SetOptions diagnostic hook ready (arguments unchanged)
20:53:03.359  qpc=4330788008189 [focus-fg] FreeResources diagnostic hook ready (arguments unchanged)
20:53:03.359  qpc=4330789261012 [focus-fg] scoped focus gate ready: return_rva=0x4c0a7 interface=00007FFA9B2A7FD0 method=00007FFA9B1D66B0; explicit FG Off and all resource release remain native
20:53:04.157  [fg-guides] Vulkan capability device=000000002FEE00D0 instance=000000007F7F9C90 physical=0000000125F71A30 queries=1 blit-formats=1 graphics-families=0x1. compute-families=0x5 local-types=0x12.
20:53:04.158  [fg-relay] Import=1: the device created at 000000002FEE00D0 already carried VK_KHR_external_semaphore_win32; it is recorded for the import.
20:53:04.403  NGX layer 3: C:\Program Files\Hypergryph Launcher\games\Endfield Game\nvngx_dlss.dll (base=00007FF93BB90000)
20:53:04.404    version 310.5.2.0
20:53:04.404    NVSDK_NGX_D3D11_CreateFeature     = 00007FF93BBD5160
20:53:04.404    NVSDK_NGX_D3D11_EvaluateFeature   = 00007FF93BBD52C0
20:53:04.404    NVSDK_NGX_D3D11_EvaluateFeature_C = 0000000000000000
20:53:04.404    NVSDK_NGX_D3D11_ReleaseFeature    = 00007FF93BBD5720
20:53:04.405    CreateFeature    prologue: 48 89 5C 24 08 48 89 6C 24 10 56 57 41 56 
20:53:04.405    EvaluateFeature  prologue: 48 89 5C 24 08 48 89 6C 24 10 48 89 74 24 
20:53:04.658      00007FF93BBD5720 is a thunk table entry; the hook goes to its destination 00007FF93BBD3440 so the patch does not overwrite the entries beside it.
20:53:04.788    hooked: CreateFeature=yes EvaluateFeature=yes EvaluateFeature_C=absent
20:53:04.788    hooked: D3D11 ReleaseFeature=yes
20:53:04.789    NVSDK_NGX_VULKAN_CreateFeature     = 00007FF93BC579C0
20:53:04.789    NVSDK_NGX_VULKAN_CreateFeature1    = 00007FF93BC579E0
20:53:04.789    NVSDK_NGX_VULKAN_EvaluateFeature   = 00007FF93BC579F0
20:53:04.789    NVSDK_NGX_VULKAN_EvaluateFeature_C = 0000000000000000
20:53:04.789    NVSDK_NGX_VULKAN_ReleaseFeature    = 00007FF93BC58020
20:53:04.789    VK CreateFeature prologue: 48 83 EC 38 4C 89 4C 24 20 4D 8B C8 44 8B 
20:53:04.789    VK CreateFeature1 prologue: E9 4B F1 FF FF CC CC CC CC CC CC CC CC CC  <== a thunk into its own module, not a hook
20:53:04.789        the hook jumps into C:\Program Files\Hypergryph Launcher\games\Endfield Game\nvngx_dlss.dll +0xC6B30
20:53:04.789    VK EvaluateFeature prologue: 48 89 5C 24 08 48 89 6C 24 10 48 89 74 24 
20:53:04.908      00007FF93BC579E0 is a thunk table entry; the hook goes to its destination 00007FF93BC56B30 so the patch does not overwrite the entries beside it.
20:53:05.137      00007FF93BC58020 is a thunk table entry; the hook goes to its destination 00007FF93BC56F90 so the patch does not overwrite the entries beside it.
20:53:05.246    hooked: VULKAN CreateFeature=yes CreateFeature1=yes EvaluateFeature=yes EvaluateFeature_C=absent
20:53:05.247    hooked: VULKAN ReleaseFeature=yes
20:53:05.273  NGX layer 3 retirement finalized.
20:53:07.580  [vkmirror] ReShade created an effect runtime on Vulkan. The mirror takes it.
20:53:07.705  qpc=4330832720734 [fg-trace] layer queue discovery: 00007FF9D9316D70 hooked
20:53:07.936  [fg-relay] shutdown has no relay session or GPU objects; the next runtime can open its first relay.
20:53:07.944  [vkmirror] ReShade created an effect runtime on Vulkan. The mirror takes it.
20:53:07.945  [vkmirror] a new ReShade effect runtime exists, so the mirror is armed again and rebuilds on the next evaluate.
20:53:08.176  [fg-relay] shutdown has no relay session or GPU objects; the next runtime can open its first relay.
20:53:08.184  [vkmirror] ReShade created an effect runtime on Vulkan. The mirror takes it.
20:53:08.185  [vkmirror] a new ReShade effect runtime exists, so the mirror is armed again and rebuilds on the next evaluate.
20:53:09.687  qpc=4330852546763 [focus-fg] state: enabled=1 hooked=1 foreground=1 minimized=0 hwnd=000000001D530C1A scope_calls=0 original_false=0 kept=0 presents=0 FG_evaluates=0
20:53:09.848  NGX layer 3: C:\Program Files\Hypergryph Launcher\games\Endfield Game\nvngx_dlssnr.dll (base=00007FF8C6790000)
20:53:09.848    version 310.8.0.0
20:53:09.848    NVSDK_NGX_D3D11_CreateFeature     = 00007FF8C67A38B0
20:53:09.848    NVSDK_NGX_D3D11_EvaluateFeature   = 00007FF8C67A3B20
20:53:09.849    NVSDK_NGX_D3D11_EvaluateFeature_C = 0000000000000000
20:53:09.849    NVSDK_NGX_D3D11_ReleaseFeature    = 00007FF8C67A4190
20:53:09.849    CreateFeature    prologue: 40 53 55 56 48 81 EC 80 02 00 00 48 8B 05 
20:53:09.849    EvaluateFeature  prologue: 40 53 55 56 57 41 56 48 81 EC 60 02 00 00 
20:53:10.189    hooked: CreateFeature=yes EvaluateFeature=yes EvaluateFeature_C=absent
20:53:10.189    hooked: D3D11 ReleaseFeature=yes
20:53:10.189    NVSDK_NGX_VULKAN_CreateFeature     = 00007FF8C67B4A20
20:53:10.189    NVSDK_NGX_VULKAN_CreateFeature1    = 00007FF8C67B4B70
20:53:10.189    NVSDK_NGX_VULKAN_EvaluateFeature   = 00007FF8C67B4C80
20:53:10.189    NVSDK_NGX_VULKAN_EvaluateFeature_C = 0000000000000000
20:53:10.189    NVSDK_NGX_VULKAN_ReleaseFeature    = 00007FF8C67B5410
20:53:10.190    VK CreateFeature prologue: 40 53 55 56 57 41 56 48 81 EC 60 02 00 00 
20:53:10.190    VK CreateFeature1 prologue: 40 53 55 56 57 41 56 48 81 EC 60 02 00 00 
20:53:10.190    VK EvaluateFeature prologue: 48 89 5C 24 08 48 89 6C 24 10 48 89 74 24 
20:53:10.587    hooked: VULKAN CreateFeature=yes CreateFeature1=yes EvaluateFeature=yes EvaluateFeature_C=absent
20:53:10.587    hooked: VULKAN ReleaseFeature=yes
20:53:26.679  qpc=4331022434186 [fg-trace] vkGetDeviceQueue(layer) family=0 index=1 -> queue=000000002EC428D0 thread=48860
20:53:26.680  qpc=4331022437360 [fg-trace] vkGetDeviceQueue(layer) family=2 index=1 -> queue=000000002EC450D0 thread=48860
20:53:26.680  qpc=4331022468792 [focus-fg] state: enabled=1 hooked=1 foreground=0 minimized=0 hwnd=000000001D530C1A scope_calls=0 original_false=0 kept=0 presents=0 FG_evaluates=0
20:53:26.691  [fg-relay] shutdown has no relay session or GPU objects; the next runtime can open its first relay.
20:53:26.701  [vkmirror] ReShade created an effect runtime on Vulkan. The mirror takes it.
20:53:26.702  [vkmirror] a new ReShade effect runtime exists, so the mirror is armed again and rebuilds on the next evaluate.
20:53:26.709  === Vulkan CreateFeature1 #1  feature_id=1  VkDevice=000000002FEE00D0  thread 22972 ===
20:53:26.787  [feature-lifecycle] Vulkan created feature=1 handle=00000004FADFD010 generation=1 live=1
20:53:26.787  === Vulkan CreateFeature1 #1 returned 1, handle=00000004FADFD010 ===
20:53:26.787  [vkmirror] the game's create states 2970x1253 -> 5120x2160. That is the shape the mirror will use, in preference to the four scalars its evaluates carry.
20:53:26.788  [fg-history] native game SR Reset=1; foreground=0.
20:53:26.788  [fg-input] native Vulkan DLSS is forwarded without a mirror; the real frame is processed once at the frame-generation input.
20:53:26.920  === Vulkan CreateFeature1 #2  feature_id=18  VkDevice=000000002FEE00D0  thread 22972 ===
20:53:26.920  === Vulkan CreateFeature1 #2 returned -1160773630, handle=0000000000000000 ===
20:53:26.922  qpc=4331024881024 [fg-trace] vkGetDeviceQueue(layer) family=0 index=0 -> queue=000000002EC414D0 thread=22972
20:53:26.922  qpc=4331024881129 [fg-trace] vkGetDeviceQueue(layer) family=2 index=0 -> queue=000000002EC43CD0 thread=22972
20:53:26.975  [fg-relay] shutdown has no relay session or GPU objects; the next runtime can open its first relay.
20:53:26.990  [vkmirror] ReShade created an effect runtime on Vulkan. The mirror takes it.
20:53:26.990  [vkmirror] a new ReShade effect runtime exists, so the mirror is armed again and rebuilds on the next evaluate.
20:53:27.023  [fg-relay] shutdown has no relay session or GPU objects; the next runtime can open its first relay.
20:53:27.032  [vkmirror] ReShade created an effect runtime on Vulkan. The mirror takes it.
20:53:27.033  [vkmirror] a new ReShade effect runtime exists, so the mirror is armed again and rebuilds on the next evaluate.
20:53:27.106  [fg-history] native game SR Reset=0; foreground=0.
20:53:27.106  === Vulkan CreateFeature1 #3  feature_id=18  VkDevice=000000002FEE00D0  thread 22972 ===
20:53:27.107  === Vulkan CreateFeature1 #3 returned -1160773630, handle=0000000000000000 ===
20:53:27.159  [fg-relay] shutdown has no relay session or GPU objects; the next runtime can open its first relay.
20:53:27.169  [vkmirror] ReShade created an effect runtime on Vulkan. The mirror takes it.
20:53:27.169  [vkmirror] a new ReShade effect runtime exists, so the mirror is armed again and rebuilds on the next evaluate.
20:53:27.911  qpc=4331034779481 [focus-fg] state: enabled=1 hooked=1 foreground=1 minimized=0 hwnd=000000001D530C1A scope_calls=0 original_false=0 kept=0 presents=14 FG_evaluates=0
20:53:28.118  === Vulkan CreateFeature1 #4  feature_id=18  VkDevice=000000002FEE00D0  thread 22972 ===
20:53:28.118  === Vulkan CreateFeature1 #4 returned -1160773630, handle=0000000000000000 ===
20:53:29.925  qpc=4331054926545 [focus-fg] state: enabled=1 hooked=1 foreground=0 minimized=0 hwnd=000000001D530C1A scope_calls=0 original_false=0 kept=0 presents=198 FG_evaluates=0
20:53:30.132  === Vulkan CreateFeature1 #5  feature_id=18  VkDevice=000000002FEE00D0  thread 22972 ===
20:53:30.133  === Vulkan CreateFeature1 #5 returned -1160773630, handle=0000000000000000 ===
20:53:34.134  === Vulkan CreateFeature1 #6  feature_id=18  VkDevice=000000002FEE00D0  thread 22972 ===
20:53:34.134  === Vulkan CreateFeature1 #6 returned -1160773630, handle=0000000000000000 ===
20:53:41.918  [fg-relay] rate/15.0s p2 import_opt=1: presents=60.5/s present-gate[point=60.5 ready=0.0 fallback=0.0 inactive=0.0]/s noinfo=0.0/s stale=0.0/s unlearned=0.0/s attempts=0.0/s armed=0.0/s skipped=0.0/s busy=0.0/s arm-reject[state=0.0 request=0.0 refused=0.0 stopping=0.0 res=0.0 size=0.0]/s pool[cap=0.0 family=0.0 create=0.0 alloc=0.0]/s copy-drop[fence=0.0 reset=0.0 begin=0.0 end=0.0 submit=0.0]/s cf[seq=0.0/s idle=0.0/s nrfence=0.0/s] slotbusy=0.0/s copyfence-busy=0.0/s nr-gpuwait=0.0/s flips=0.0/s
20:53:41.918  [fg-relay] rate2: fginput eval=0.0/s index!=1=0.0/s eval-gate[off=0.0 fallback=0.0 notready=0.0 noinput=0.0 noqueue=0.0]/s relay eval=0.0/s consume=0.0/s inplace=0.0/s(ok 0.0/s) unarmed=0.0/s mismatch=0.0/s relbusy=0.0/s relok=0.0/s relfail=0.0/s release-stage[queue=0.0 pool=0.0 fence=0.0 reset=0.0 begin=0.0 end=0.0 submit=0.0]/s watchdog=0.0/s | worker plays=0.0/s ok=0.0/s fail=0.0/s nr_absent=0.0/s copyfail=0.0/s
20:53:41.918  [fg-relay] rate3: arm->arm avg=0.00ms max=0.00ms n=0 | arm->work avg=0.00ms max=0.00ms | arm->eval avg=0.00ms max=0.00ms | copywait avg=0.000ms max=0.000ms | copy-land<= avg=0.00ms max=0.00ms | work avg=0.00ms max=0.00ms | totals armed=0 unarmed=0 skipped=0 busy=0 mismatch=0 copies_failed=0 writes=0 conflicts=0
20:53:41.918  [fg-relay] rate4: throttle depth=1 off=0 | sleep calls=60.6/s waits=0.0/s clear=0.0/s timeouts=0.0/s avg=0.00ms | present calls=60.5/s waits=0.0/s clear=0.0/s timeouts=0.0/s avg=0.00ms | max=0.00ms (process)
20:53:42.151  === Vulkan CreateFeature1 #7  feature_id=18  VkDevice=000000002FEE00D0  thread 22972 ===
20:53:42.151  === Vulkan CreateFeature1 #7 returned -1160773630, handle=0000000000000000 ===
20:53:44.935  qpc=4331205029722 [focus-fg] state: enabled=1 hooked=1 foreground=0 minimized=0 hwnd=000000001D530C1A scope_calls=0 original_false=0 kept=0 presents=1090 FG_evaluates=0
20:53:45.929  qpc=4331214959754 [focus-fg] state: enabled=1 hooked=1 foreground=1 minimized=0 hwnd=000000001D530C1A scope_calls=0 original_false=0 kept=0 presents=1187 FG_evaluates=0
20:53:47.480  qpc=4331230449302 [focus-fg] game SetOptions unchanged: readable=1 version=4 mode=0 generated=1 flags=0x8 retain_when_off=1 guides=0x0 colour=0x0 result=0x0 foreground=1 minimized=0
20:53:48.652  [feature-lifecycle] Vulkan release handle=00000004FADFD010 feature=1 generation=1 result=1 removed=1
20:53:56.915  [fg-relay] rate/15.0s p2 import_opt=1: presents=31.3/s present-gate[point=31.3 ready=0.0 fallback=0.0 inactive=0.0]/s noinfo=0.0/s stale=0.0/s unlearned=0.0/s attempts=0.0/s armed=0.0/s skipped=0.0/s busy=0.0/s arm-reject[state=0.0 request=0.0 refused=0.0 stopping=0.0 res=0.0 size=0.0]/s pool[cap=0.0 family=0.0 create=0.0 alloc=0.0]/s copy-drop[fence=0.0 reset=0.0 begin=0.0 end=0.0 submit=0.0]/s cf[seq=0.0/s idle=0.0/s nrfence=0.0/s] slotbusy=0.0/s copyfence-busy=0.0/s nr-gpuwait=0.0/s flips=0.0/s
20:53:56.915  [fg-relay] rate2: fginput eval=0.0/s index!=1=0.0/s eval-gate[off=0.0 fallback=0.0 notready=0.0 noinput=0.0 noqueue=0.0]/s relay eval=0.0/s consume=0.0/s inplace=0.0/s(ok 0.0/s) unarmed=0.0/s mismatch=0.0/s relbusy=0.0/s relok=0.0/s relfail=0.0/s release-stage[queue=0.0 pool=0.0 fence=0.0 reset=0.0 begin=0.0 end=0.0 submit=0.0]/s watchdog=0.0/s | worker plays=0.0/s ok=0.0/s fail=0.0/s nr_absent=0.0/s copyfail=0.0/s
20:53:56.916  [fg-relay] rate3: arm->arm avg=0.00ms max=0.00ms n=0 | arm->work avg=0.00ms max=0.00ms | arm->eval avg=0.00ms max=0.00ms | copywait avg=0.000ms max=0.000ms | copy-land<= avg=0.00ms max=0.00ms | work avg=0.00ms max=0.00ms | totals armed=0 unarmed=0 skipped=0 busy=0 mismatch=0 copies_failed=0 writes=0 conflicts=0
20:53:56.916  [fg-relay] rate4: throttle depth=1 off=0 | sleep calls=31.3/s waits=0.0/s clear=0.0/s timeouts=0.0/s avg=0.00ms | present calls=31.3/s waits=0.0/s clear=0.0/s timeouts=0.0/s avg=0.00ms | max=0.00ms (process)
20:53:58.820  
20:53:58.821  60 seconds after hooking, nothing has called DLSS through these entry points.
20:53:58.821    CreateFeature calls: 7, EvaluateFeature calls: 0
20:53:58.821    nvngx_dlss.dll is not loaded, so no DLSS model has been asked for yet.
20:53:58.822    sl.interposer.dll is, so an upscaler runtime is initialised and idle.
20:53:58.822    Something has to ask for upscaling before anything here can run: the
20:53:58.822    game's own setting, a mod's setting, or the mod not having loaded.
20:54:00.279  === Vulkan CreateFeature1 #8  feature_id=1  VkDevice=000000002FEE00D0  thread 22972 ===
20:54:00.297  [feature-lifecycle] Vulkan created feature=1 handle=00000026A5DE1330 generation=2 live=1
20:54:00.297  === Vulkan CreateFeature1 #8 returned 1, handle=00000026A5DE1330 ===
20:54:00.298  [fg-history] native game SR Reset=1; foreground=1.
20:54:00.298  === Vulkan CreateFeature1 #9  feature_id=18  VkDevice=000000002FEE00D0  thread 22972 ===
20:54:00.298  === Vulkan CreateFeature1 #9 returned -1160773630, handle=0000000000000000 ===
20:54:00.300  === Vulkan CreateFeature1 #10  feature_id=11  VkDevice=000000002FEE00D0  thread 22972 ===
20:54:00.301  qpc=4331358662503 [focus-fg] game SetOptions unchanged: readable=1 version=4 mode=1 generated=3 flags=0x0 retain_when_off=0 guides=0x0 colour=0x0 result=0x0 foreground=1 minimized=0
20:54:00.587  [feature-lifecycle] Vulkan created feature=11 handle=0000002792C1E430 generation=3 live=2
20:54:00.587  === Vulkan CreateFeature1 #10 returned 1, handle=0000002792C1E430 ===
20:54:00.601  [fg-history] native game SR Reset=0; foreground=1.
20:54:00.601  === Vulkan CreateFeature1 #11  feature_id=18  VkDevice=000000002FEE00D0  thread 22972 ===
20:54:00.601  === Vulkan CreateFeature1 #11 returned -1160773630, handle=0000000000000000 ===
20:54:00.689  [present-adapter] enabled, idle. Awaiting a new request token; existing requests are ignored.
20:54:00.690  [fg-input] AutoRun: continuous NR at the frame-generation input; a request with frames=0 stops it. pipeline=serial park
20:54:00.690  
20:54:00.690  ################ synth: opening on this add-on's own D3D12 device ################
20:54:00.695  [bridge] D3D12 device created at feature level 12_1.
20:54:00.695  [bridge] the D3D12 device came back wrapped by ReShade: 0000002792A53CC0 over 00000001628EB0E0. NGX is given the unwrapped one, so no other add-on is handed D3D12 objects it never asked for.
20:54:00.696  [bridge] add-ons loaded at this point, with their bases:
20:54:00.696  [bridge]   dlss5-bridge.addon64 at 00007FFA3DD90000
20:54:00.696  [bridge]   renodx-dlss5.addon64 at 00000001248F0000
20:54:00.696  [bridge]   renodx-endfield-enhancer.addon64 at 00007FFA2AF70000
20:54:00.727  [synth] this add-on's own D3D12 device is 00000001628EB0E0 and its graphics queue is 000000269293AB40
20:54:00.728  [bridge] NGX D3D12 entry points taken from C:\WINDOWS\System32\DriverStore\FileRepository\nv_dispsi.inf_amd64_b8459fc8f905f657\_nvngx.dll
20:54:00.728  [synth] NGX data path: C:\Program Files\Hypergryph Launcher\games\Endfield Game\
20:54:00.740  [composition-guard] shown at 3840,0 alpha=1
20:54:00.964  NGX layer 4: C:\Program Files\Hypergryph Launcher\games\Endfield Game\nvngx_dlss.dll (base=00007FF92E090000)
20:54:00.965    version 310.5.2.0
20:54:00.965    NVSDK_NGX_D3D11_CreateFeature     = 00007FF92E0D5160
20:54:00.965    NVSDK_NGX_D3D11_EvaluateFeature   = 00007FF92E0D52C0
20:54:00.965    NVSDK_NGX_D3D11_EvaluateFeature_C = 0000000000000000
20:54:00.965    NVSDK_NGX_D3D11_ReleaseFeature    = 00007FF92E0D5720
20:54:00.965    CreateFeature    prologue: 48 89 5C 24 08 48 89 6C 24 10 56 57 41 56 
20:54:00.965    EvaluateFeature  prologue: 48 89 5C 24 08 48 89 6C 24 10 48 89 74 24 
20:54:01.194      00007FF92E0D5720 is a thunk table entry; the hook goes to its destination 00007FF92E0D3440 so the patch does not overwrite the entries beside it.
20:54:01.307    hooked: CreateFeature=yes EvaluateFeature=yes EvaluateFeature_C=absent
20:54:01.307    hooked: D3D11 ReleaseFeature=yes
20:54:01.307    NVSDK_NGX_VULKAN_CreateFeature     = 00007FF92E1579C0
20:54:01.307    NVSDK_NGX_VULKAN_CreateFeature1    = 00007FF92E1579E0
20:54:01.307    NVSDK_NGX_VULKAN_EvaluateFeature   = 00007FF92E1579F0
20:54:01.307    NVSDK_NGX_VULKAN_EvaluateFeature_C = 0000000000000000
20:54:01.307    NVSDK_NGX_VULKAN_ReleaseFeature    = 00007FF92E158020
20:54:01.308    VK CreateFeature prologue: 48 83 EC 38 4C 89 4C 24 20 4D 8B C8 44 8B 
20:54:01.308    VK CreateFeature1 prologue: E9 4B F1 FF FF CC CC CC CC CC CC CC CC CC  <== a thunk into its own module, not a hook
20:54:01.308        the hook jumps into C:\Program Files\Hypergryph Launcher\games\Endfield Game\nvngx_dlss.dll +0xC6B30
20:54:01.308    VK EvaluateFeature prologue: 48 89 5C 24 08 48 89 6C 24 10 48 89 74 24 
20:54:01.415      00007FF92E1579E0 is a thunk table entry; the hook goes to its destination 00007FF92E156B30 so the patch does not overwrite the entries beside it.
20:54:01.634      00007FF92E158020 is a thunk table entry; the hook goes to its destination 00007FF92E156F90 so the patch does not overwrite the entries beside it.
20:54:01.736    hooked: VULKAN CreateFeature=yes CreateFeature1=yes EvaluateFeature=yes EvaluateFeature_C=absent
20:54:01.737    hooked: VULKAN ReleaseFeature=yes
20:54:01.817  [synth] Init_Ext(version=0x13) -> ok
20:54:01.818  [synth] D3D12 session ready on this add-on's own D3D12 device. The frame does not start on this device, so every texture NGX reads is created shareable here and imported by the API the game renders with.
20:54:01.818  [synth] Vulkan side ready: VkDevice 000000002FEE00D0, VK_KHR_external_memory_win32 enabled, VK_KHR_push_descriptor enabled, 23 entry points resolved out of vulkan-1.dll with no import of it.
20:54:01.818  [fg-colour] active=5120x2160 HUD-less texture=5120x2160 origin=0,0 backbuffer texture=5120x2160 origin=0,0; outside pixels preserved.
20:54:01.819  [fg-guides] GPU nearest ready: two device-local buffers of 44236800 bytes, integer raw-texel shader, concurrent queue-families=0x5.
20:54:01.820  [fg-input] building the private feature and its Vulkan import for 5120x2160 R8G8B8A8_UNORM
20:54:01.827  [bridge] shader compiler: C:\Program Files\Hypergryph Launcher\games\Endfield Game\d3dcompiler_47.dll
20:54:01.835  [bridge] sRGB conversion ready: R8G8B8A8_UNORM -> linear BT.709 (normalized SDR) -> original encoding.
20:54:01.835  [synth] colour in R8G8B8A8_UNORM, output R8G8B8A8_UNORM -- the frame is copied into the first and the result is copied back out of the second, because NGX reads one as a shader resource and writes the other through a UAV in the same call.
20:54:01.835  [synth]   Color  fmt 28 5120x2160 flags=0x20: sample yes, typed UAV yes, UAV load yes, UAV store yes
20:54:01.835  [synth]   Output fmt 28 5120x2160 flags=0x24: sample yes, typed UAV yes, UAV load yes, UAV store yes
20:54:01.835  [synth]   Depth  fmt 41 5120x2160 flags=0x20: sample yes, typed UAV yes, UAV load yes, UAV store yes
20:54:01.835  [synth]   MV     fmt 34 5120x2160 flags=0x20: sample yes, typed UAV yes, UAV load yes, UAV store yes
20:54:01.835  [bridge] the synthetic contract's create flags 8: DepthInverted
20:54:01.945  [synth] feature ready on this add-on's own D3D12 device: 5120x2160 -> 5120x2160 handle=00000028AC850070
20:54:01.945  [synth] imported memory: the image allows types 0x00000003, the imported handle allows 0x00000002 (query returned 0), and the lowest of the two together is taken, index 1. UNVERIFIED on AMD and on Intel -- if the import fails or the picture is wrong on one of those, this line is the first thing to compare.
20:54:01.946  [synth] 5 D3D12 textures imported into the game's VkDevice -- the four slots, and the pipeline's second Output -- and a 44236800-byte buffer made for the depth aspect to travel through.
20:54:01.947  [present-adapter] NGX evaluate module: _nvngx.dll internal=nvngx.dll product=NGX.
20:54:01.947  [present-adapter] NGX evaluate module: 160_E658700.bin internal=DLSS product=NVIDIA Deep Learning SuperSampling.
20:54:01.947  [present-adapter] NGX evaluate module: 160_E658700.bin internal=DLSS-G product=NVIDIA DLSS-G MFGLW.
20:54:01.947  [present-adapter] NGX evaluate module: nvngx_deepdvc.dll internal=DEEPDVC product=NVIDIA DEEPDVC.
20:54:01.948  [present-adapter] NGX evaluate module: nvngx_dlssd.dll internal=DLSS product=NVIDIA DLSS Ray Reconstruction.
20:54:01.948  [present-adapter] NGX evaluate module: nvngx_dlssnr.dll internal=DLSSNR product=NVIDIA DLSSNR.
20:54:01.952  [present-adapter] SR hook creation failed: status=9 entry=0000000128B0D450.
20:54:01.952  [nr-compat] processing unavailable: The private SR carrier hook could not be installed. 已经确定可以正常使用该版本插件的Generic插件：8.5.0-rc10
20:54:01.952  [nr-compat] processing unavailable: private SR carrier hook unavailable 已经确定可以正常使用该版本插件的Generic插件：8.5.0-rc10
20:54:01.952  [fg-input] refused: private SR carrier hook unavailable. Frame generation continues on the game's own frames.
20:54:01.953  === Vulkan CreateFeature1 #12  feature_id=18  VkDevice=000000002FEE00D0  thread 22972 ===
20:54:01.954  === Vulkan CreateFeature1 #12 returned -1160773630, handle=0000000000000000 ===
20:54:01.958  NGX layer 4 retirement finalized.
20:54:01.958  qpc=4331375205007 [fg-transition] start=4331362560463 frame=00000000000005CB idx=1/3 queue=000000002EC43CD0 reset=1 enable=1 recording=1 not-rendering=0 metering=0 fullscreen=0 slmode=1 known=0x17f hud=43e2ccd0 back=40ac9cd0 real=45586cd0 interp=45587ed0 bridge-lock=1 arm=0->0 result=1 disable-interp=0(known=0) foreground=1 monitors=0000000003DB2751/0000000003DB2751 cpu=1264.454ms
20:54:01.958  qpc=4331375208023 [fg-transition] start=4331375206914 frame=00000000000005CB idx=2/3 queue=000000002EC43CD0 reset=1 enable=1 recording=1 not-rendering=0 metering=0 fullscreen=0 slmode=1 known=0x17f hud=43e2ccd0 back=40ac9cd0 real=0 interp=455878d0 bridge-lock=1 arm=0->0 result=1 disable-interp=0(known=0) foreground=1 monitors=0000000003DB2751/0000000003DB2751 cpu=0.111ms
20:54:01.958  qpc=4331375216270 [fg-transition] start=4331375215945 frame=00000000000005CB idx=3/3 queue=000000002EC43CD0 reset=1 enable=1 recording=1 not-rendering=0 metering=0 fullscreen=0 slmode=1 known=0x17f hud=43e2ccd0 back=40ac9cd0 real=0 interp=455872d0 bridge-lock=1 arm=0->0 result=1 disable-interp=0(known=0) foreground=1 monitors=0000000003DB2751/0000000003DB2751 cpu=0.032ms
20:54:01.958  qpc=4331375224980 [fg-transition] start=4331375221628 frame=00000000000005CC idx=1/3 queue=000000002EC43CD0 reset=0 enable=1 recording=1 not-rendering=0 metering=0 fullscreen=0 slmode=1 known=0x17f hud=43e2ccd0 back=40ac6cd0 real=45587ed0 interp=45586cd0 bridge-lock=1 arm=0->0 result=1 disable-interp=0(known=0) foreground=1 monitors=0000000003DB2751/0000000003DB2751 cpu=0.335ms
20:54:01.966  qpc=4331375322057 [fg-transition] start=4331375320939 frame=00000000000005CC idx=2/3 queue=000000002EC43CD0 reset=0 enable=1 recording=1 not-rendering=0 metering=0 fullscreen=0 slmode=1 known=0x17f hud=43e2ccd0 back=40ac6cd0 real=0 interp=455872d0 bridge-lock=1 arm=0->0 result=1 disable-interp=0(known=0) foreground=1 monitors=0000000003DB2751/0000000003DB2751 cpu=0.112ms
20:54:01.967  qpc=4331375324329 [fg-transition] start=4331375323666 frame=00000000000005CC idx=3/3 queue=000000002EC43CD0 reset=0 enable=1 recording=1 not-rendering=0 metering=0 fullscreen=0 slmode=1 known=0x17f hud=43e2ccd0 back=40ac6cd0 real=0 interp=455878d0 bridge-lock=1 arm=0->0 result=1 disable-interp=0(known=0) foreground=1 monitors=0000000003DB2751/0000000003DB2751 cpu=0.066ms
20:54:03.656  [composition-guard] hidden: config=1 nr_at_fg=1 fg_running=0 window_shown=1
20:54:04.097  === Vulkan CreateFeature1 #13  feature_id=18  VkDevice=000000002FEE00D0  thread 22972 ===
20:54:04.097  === Vulkan CreateFeature1 #13 returned -1160773630, handle=0000000000000000 ===
20:54:04.160  [composition-guard] shown at 3840,0 alpha=1
20:54:04.230  [present-adapter] NR entry witness ready (tail-forward, CPU observation only).
20:54:04.231  qpc=4331396669609 [fg-transition] start=4331396657291 frame=00000000000005CD idx=1/3 queue=000000002EC43CD0 reset=0 enable=1 recording=1 not-rendering=0 metering=0 fullscreen=0 slmode=1 known=0x17f hud=43e2ccd0 back=40ac78d0 real=45586cd0 interp=45587ed0 bridge-lock=1 arm=0->0 result=1 disable-interp=0(known=0) foreground=1 monitors=0000000003DB2751/0000000003DB2751 cpu=1.232ms
20:54:04.232  qpc=4331396672293 [fg-transition] start=4331396671335 frame=00000000000005CD idx=2/3 queue=000000002EC43CD0 reset=0 enable=1 recording=1 not-rendering=0 metering=0 fullscreen=0 slmode=1 known=0x17f hud=43e2ccd0 back=40ac78d0 real=0 interp=455878d0 bridge-lock=1 arm=0->0 result=1 disable-interp=0(known=0) foreground=1 monitors=0000000003DB2751/0000000003DB2751 cpu=0.095ms
20:54:04.232  qpc=4331396673654 [fg-transition] start=4331396672883 frame=00000000000005CD idx=3/3 queue=000000002EC43CD0 reset=0 enable=1 recording=1 not-rendering=0 metering=0 fullscreen=0 slmode=1 known=0x17f hud=43e2ccd0 back=40ac78d0 real=0 interp=455872d0 bridge-lock=1 arm=0->0 result=1 disable-interp=0(known=0) foreground=1 monitors=0000000003DB2751/0000000003DB2751 cpu=0.077ms
20:54:04.232  qpc=4331396963906 [fg-transition] start=4331396960976 frame=00000000000005CE idx=1/3 queue=000000002EC43CD0 reset=0 enable=1 recording=1 not-rendering=0 metering=0 fullscreen=0 slmode=1 known=0x17f hud=43e2ccd0 back=40ac9cd0 real=45587ed0 interp=45586cd0 bridge-lock=1 arm=0->0 result=1 disable-interp=0(known=0) foreground=1 monitors=0000000003DB2751/0000000003DB2751 cpu=0.293ms
20:54:04.232  qpc=4331397089924 [fg-transition] start=4331397088034 frame=00000000000005CE idx=2/3 queue=000000002EC43CD0 reset=0 enable=1 recording=1 not-rendering=0 metering=0 fullscreen=0 slmode=1 known=0x17f hud=43e2ccd0 back=40ac9cd0 real=0 interp=455872d0 bridge-lock=1 arm=0->0 result=1 disable-interp=0(known=0) foreground=1 monitors=0000000003DB2751/0000000003DB2751 cpu=0.189ms
20:54:04.232  qpc=4331397092161 [fg-transition] start=4331397090915 frame=00000000000005CE idx=3/3 queue=000000002EC43CD0 reset=0 enable=1 recording=1 not-rendering=0 metering=0 fullscreen=0 slmode=1 known=0x17f hud=43e2ccd0 back=40ac9cd0 real=0 interp=455878d0 bridge-lock=1 arm=0->0 result=1 disable-interp=0(known=0) foreground=1 monitors=0000000003DB2751/0000000003DB2751 cpu=0.124ms
20:54:04.232  qpc=4331397990406 [focus-fg] state: enabled=1 hooked=1 foreground=1 minimized=0 hwnd=000000001D530C1A scope_calls=5 original_false=0 kept=0 presents=1487 FG_evaluates=15
20:54:08.110  === Vulkan CreateFeature1 #14  feature_id=18  VkDevice=000000002FEE00D0  thread 22972 ===
20:54:08.110  === Vulkan CreateFeature1 #14 returned -1160773630, handle=0000000000000000 ===
20:54:11.948  [fg-relay] rate/15.0s p2 import_opt=1: presents=31.6/s present-gate[point=31.6 ready=0.0 fallback=0.0 inactive=0.0]/s noinfo=0.0/s stale=0.0/s unlearned=0.0/s attempts=0.0/s armed=0.0/s skipped=0.0/s busy=0.0/s arm-reject[state=0.0 request=0.0 refused=0.0 stopping=0.0 res=0.0 size=0.0]/s pool[cap=0.0 family=0.0 create=0.0 alloc=0.0]/s copy-drop[fence=0.0 reset=0.0 begin=0.0 end=0.0 submit=0.0]/s cf[seq=0.0/s idle=0.0/s nrfence=0.0/s] slotbusy=0.0/s copyfence-busy=0.0/s nr-gpuwait=0.0/s flips=0.0/s
20:54:11.948  [fg-relay] rate2: fginput eval=74.0/s index!=1=0.0/s eval-gate[off=0.0 fallback=0.0 notready=0.1 noinput=0.0 noqueue=0.0]/s relay eval=0.0/s consume=0.0/s inplace=0.0/s(ok 0.0/s) unarmed=0.0/s mismatch=0.0/s relbusy=0.0/s relok=0.0/s relfail=0.0/s release-stage[queue=0.0 pool=0.0 fence=0.0 reset=0.0 begin=0.0 end=0.0 submit=0.0]/s watchdog=0.0/s | worker plays=0.0/s ok=0.0/s fail=0.0/s nr_absent=0.0/s copyfail=0.0/s
20:54:11.949  [fg-relay] rate3: arm->arm avg=0.00ms max=0.00ms n=0 | arm->work avg=0.00ms max=0.00ms | arm->eval avg=0.00ms max=0.00ms | copywait avg=0.000ms max=0.000ms | copy-land<= avg=0.00ms max=0.00ms | work avg=0.00ms max=0.00ms | totals armed=0 unarmed=0 skipped=0 busy=0 mismatch=0 copies_failed=0 writes=0 conflicts=0
20:54:11.949  [fg-relay] rate4: throttle depth=1 off=0 | sleep calls=31.6/s waits=0.0/s clear=0.0/s timeouts=0.0/s avg=0.00ms | present calls=31.6/s waits=0.0/s clear=0.0/s timeouts=0.0/s avg=0.00ms | max=0.00ms (process)
20:54:16.112  === Vulkan CreateFeature1 #15  feature_id=18  VkDevice=000000002FEE00D0  thread 22972 ===
20:54:16.112  === Vulkan CreateFeature1 #15 returned -1160773630, handle=0000000000000000 ===
20:54:20.194  qpc=4331557608842 [focus-fg] state: enabled=1 hooked=1 foreground=1 minimized=0 hwnd=000000001D530C1A scope_calls=860 original_false=0 kept=0 presents=2342 FG_evaluates=2575
20:54:26.953  [fg-relay] rate/15.0s p2 import_opt=1: presents=59.5/s present-gate[point=59.5 ready=0.0 fallback=0.0 inactive=0.0]/s noinfo=0.0/s stale=0.0/s unlearned=0.0/s attempts=0.0/s armed=0.0/s skipped=0.0/s busy=0.0/s arm-reject[state=0.0 request=0.0 refused=0.0 stopping=0.0 res=0.0 size=0.0]/s pool[cap=0.0 family=0.0 create=0.0 alloc=0.0]/s copy-drop[fence=0.0 reset=0.0 begin=0.0 end=0.0 submit=0.0]/s cf[seq=0.0/s idle=0.0/s nrfence=0.0/s] slotbusy=0.0/s copyfence-busy=0.0/s nr-gpuwait=0.0/s flips=0.0/s
20:54:26.954  [fg-relay] rate2: fginput eval=178.3/s index!=1=0.0/s eval-gate[off=0.0 fallback=0.0 notready=0.0 noinput=0.0 noqueue=0.0]/s relay eval=0.0/s consume=0.0/s inplace=0.0/s(ok 0.0/s) unarmed=0.0/s mismatch=0.0/s relbusy=0.0/s relok=0.0/s relfail=0.0/s release-stage[queue=0.0 pool=0.0 fence=0.0 reset=0.0 begin=0.0 end=0.0 submit=0.0]/s watchdog=0.0/s | worker plays=0.0/s ok=0.0/s fail=0.0/s nr_absent=0.0/s copyfail=0.0/s
20:54:26.954  [fg-relay] rate3: arm->arm avg=0.00ms max=0.00ms n=0 | arm->work avg=0.00ms max=0.00ms | arm->eval avg=0.00ms max=0.00ms | copywait avg=0.000ms max=0.000ms | copy-land<= avg=0.00ms max=0.00ms | work avg=0.00ms max=0.00ms | totals armed=0 unarmed=0 skipped=0 busy=0 mismatch=0 copies_failed=0 writes=0 conflicts=0
20:54:26.954  [fg-relay] rate4: throttle depth=1 off=0 | sleep calls=59.5/s waits=0.0/s clear=0.0/s timeouts=0.0/s avg=0.00ms | present calls=59.5/s waits=0.0/s clear=0.0/s timeouts=0.0/s avg=0.00ms | max=0.00ms (process)
20:54:32.127  === Vulkan CreateFeature1 #16  feature_id=18  VkDevice=000000002FEE00D0  thread 22972 ===
20:54:32.127  === Vulkan CreateFeature1 #16 returned -1160773630, handle=0000000000000000 ===
20:54:36.208  qpc=4331717757769 [focus-fg] state: enabled=1 hooked=1 foreground=1 minimized=0 hwnd=000000001D530C1A scope_calls=1819 original_false=0 kept=0 presents=3301 FG_evaluates=5452
20:54:41.965  [fg-relay] rate/15.0s p2 import_opt=1: presents=59.3/s present-gate[point=59.3 ready=0.0 fallback=0.0 inactive=0.0]/s noinfo=0.0/s stale=0.0/s unlearned=0.0/s attempts=0.0/s armed=0.0/s skipped=0.0/s busy=0.0/s arm-reject[state=0.0 request=0.0 refused=0.0 stopping=0.0 res=0.0 size=0.0]/s pool[cap=0.0 family=0.0 create=0.0 alloc=0.0]/s copy-drop[fence=0.0 reset=0.0 begin=0.0 end=0.0 submit=0.0]/s cf[seq=0.0/s idle=0.0/s nrfence=0.0/s] slotbusy=0.0/s copyfence-busy=0.0/s nr-gpuwait=0.0/s flips=0.0/s
20:54:41.966  [fg-relay] rate2: fginput eval=178.0/s index!=1=0.0/s eval-gate[off=0.0 fallback=0.0 notready=0.0 noinput=0.0 noqueue=0.0]/s relay eval=0.0/s consume=0.0/s inplace=0.0/s(ok 0.0/s) unarmed=0.0/s mismatch=0.0/s relbusy=0.0/s relok=0.0/s relfail=0.0/s release-stage[queue=0.0 pool=0.0 fence=0.0 reset=0.0 begin=0.0 end=0.0 submit=0.0]/s watchdog=0.0/s | worker plays=0.0/s ok=0.0/s fail=0.0/s nr_absent=0.0/s copyfail=0.0/s
20:54:41.966  [fg-relay] rate3: arm->arm avg=0.00ms max=0.00ms n=0 | arm->work avg=0.00ms max=0.00ms | arm->eval avg=0.00ms max=0.00ms | copywait avg=0.000ms max=0.000ms | copy-land<= avg=0.00ms max=0.00ms | work avg=0.00ms max=0.00ms | totals armed=0 unarmed=0 skipped=0 busy=0 mismatch=0 copies_failed=0 writes=0 conflicts=0
20:54:41.966  [fg-relay] rate4: throttle depth=1 off=0 | sleep calls=59.3/s waits=0.0/s clear=0.0/s timeouts=0.0/s avg=0.00ms | present calls=59.3/s waits=0.0/s clear=0.0/s timeouts=0.0/s avg=0.00ms | max=0.00ms (process)
20:54:43.486  === Vulkan CreateFeature1 #17  feature_id=18  VkDevice=000000002FEE00D0  thread 22972 ===
20:54:43.486  === Vulkan CreateFeature1 #17 returned -1160773630, handle=0000000000000000 ===
20:54:43.501  === Vulkan CreateFeature1 #18  feature_id=18  VkDevice=000000002FEE00D0  thread 22972 ===
20:54:43.501  === Vulkan CreateFeature1 #18 returned -1160773630, handle=0000000000000000 ===
20:54:44.460  [composition-guard] hidden: config=1 nr_at_fg=0 fg_running=1 window_shown=1
20:54:44.507  === Vulkan CreateFeature1 #19  feature_id=18  VkDevice=000000002FEE00D0  thread 22972 ===
20:54:44.507  === Vulkan CreateFeature1 #19 returned -1160773630, handle=0000000000000000 ===
20:54:45.464  [composition-guard] shown at 3840,0 alpha=1
20:54:46.155  qpc=4331817196673 [fg-transition] start=4331817195310 frame=0000000000000F28 idx=2/3 queue=000000002EC43CD0 reset=0 enable=1 recording=1 not-rendering=0 metering=0 fullscreen=0 slmode=1 known=0x17f hud=43e2ccd0 back=40ac9cd0 real=0 interp=455872d0 bridge-lock=1 arm=0->0 result=1 disable-interp=0(known=0) foreground=0 monitors=0000000003DB2751/0000000067FB33F1 cpu=0.136ms
20:54:46.155  qpc=4331817200112 [fg-transition] start=4331817198928 frame=0000000000000F28 idx=3/3 queue=000000002EC43CD0 reset=0 enable=1 recording=1 not-rendering=0 metering=0 fullscreen=0 slmode=1 known=0x17f hud=43e2ccd0 back=40ac9cd0 real=0 interp=455878d0 bridge-lock=1 arm=0->0 result=1 disable-interp=0(known=0) foreground=0 monitors=0000000003DB2751/0000000067FB33F1 cpu=0.118ms
20:54:46.155  qpc=4331817202239 [fg-transition] start=4331817200740 frame=0000000000000F29 idx=1/3 queue=000000002EC43CD0 reset=0 enable=1 recording=1 not-rendering=0 metering=0 fullscreen=0 slmode=1 known=0x17f hud=43e2ccd0 back=40ac6cd0 real=45586cd0 interp=45587ed0 bridge-lock=1 arm=0->0 result=1 disable-interp=0(known=0) foreground=0 monitors=0000000003DB2751/0000000067FB33F1 cpu=0.150ms
20:54:46.189  qpc=4331817538644 [fg-transition] start=4331817537291 frame=0000000000000F29 idx=2/3 queue=000000002EC43CD0 reset=0 enable=1 recording=1 not-rendering=0 metering=0 fullscreen=0 slmode=1 known=0x17f hud=43e2ccd0 back=40ac6cd0 real=0 interp=455878d0 bridge-lock=1 arm=0->0 result=1 disable-interp=0(known=0) foreground=0 monitors=0000000003DB2751/0000000067FB33F1 cpu=0.135ms
20:54:46.189  qpc=4331817541693 [fg-transition] start=4331817540354 frame=0000000000000F29 idx=3/3 queue=000000002EC43CD0 reset=0 enable=1 recording=1 not-rendering=0 metering=0 fullscreen=0 slmode=1 known=0x17f hud=43e2ccd0 back=40ac6cd0 real=0 interp=455872d0 bridge-lock=1 arm=0->0 result=1 disable-interp=0(known=0) foreground=0 monitors=0000000003DB2751/0000000067FB33F1 cpu=0.134ms
20:54:46.189  qpc=4331817544118 [fg-transition] start=4331817542321 frame=0000000000000F2A idx=1/3 queue=000000002EC43CD0 reset=0 enable=1 recording=1 not-rendering=0 metering=0 fullscreen=0 slmode=1 known=0x17f hud=43e2ccd0 back=40ac78d0 real=45587ed0 interp=45586cd0 bridge-lock=1 arm=0->0 result=1 disable-interp=0(known=0) foreground=0 monitors=0000000003DB2751/0000000067FB33F1 cpu=0.179ms
20:54:46.223  qpc=4331817884934 [fg-transition] start=4331817883212 frame=0000000000000F2A idx=2/3 queue=000000002EC43CD0 reset=0 enable=1 recording=1 not-rendering=0 metering=0 fullscreen=0 slmode=1 known=0x17f hud=43e2ccd0 back=40ac78d0 real=0 interp=455872d0 bridge-lock=1 arm=0->0 result=1 disable-interp=0(known=0) foreground=0 monitors=0000000003DB2751/0000000067FB33F1 cpu=0.172ms
20:54:46.223  qpc=4331817887773 [fg-transition] start=4331817887026 frame=0000000000000F2A idx=3/3 queue=000000002EC43CD0 reset=0 enable=1 recording=1 not-rendering=0 metering=0 fullscreen=0 slmode=1 known=0x17f hud=43e2ccd0 back=40ac78d0 real=0 interp=455878d0 bridge-lock=1 arm=0->0 result=1 disable-interp=0(known=0) foreground=0 monitors=0000000003DB2751/0000000067FB33F1 cpu=0.074ms
20:54:46.223  qpc=4331817889760 [fg-transition] start=4331817888262 frame=0000000000000F2B idx=1/3 queue=000000002EC43CD0 reset=0 enable=1 recording=1 not-rendering=0 metering=0 fullscreen=0 slmode=1 known=0x17f hud=43e2ccd0 back=40ac9cd0 real=45586cd0 interp=45587ed0 bridge-lock=1 arm=0->0 result=1 disable-interp=0(known=0) foreground=0 monitors=0000000003DB2751/0000000067FB33F1 cpu=0.150ms
20:54:46.260  qpc=4331818247460 [fg-transition] start=4331818246100 frame=0000000000000F2B idx=2/3 queue=000000002EC43CD0 reset=0 enable=1 recording=1 not-rendering=0 metering=0 fullscreen=0 slmode=1 known=0x17f hud=43e2ccd0 back=40ac9cd0 real=0 interp=455878d0 bridge-lock=1 arm=0->0 result=1 disable-interp=0(known=0) foreground=0 monitors=0000000003DB2751/0000000067FB33F1 cpu=0.136ms
20:54:46.260  qpc=4331818249935 [fg-transition] start=4331818249228 frame=0000000000000F2B idx=3/3 queue=000000002EC43CD0 reset=0 enable=1 recording=1 not-rendering=0 metering=0 fullscreen=0 slmode=1 known=0x17f hud=43e2ccd0 back=40ac9cd0 real=0 interp=455872d0 bridge-lock=1 arm=0->0 result=1 disable-interp=0(known=0) foreground=0 monitors=0000000003DB2751/0000000067FB33F1 cpu=0.070ms
20:54:46.260  qpc=4331818251929 [fg-transition] start=4331818250454 frame=0000000000000F2C idx=1/3 queue=000000002EC43CD0 reset=0 enable=1 recording=1 not-rendering=0 metering=0 fullscreen=0 slmode=1 known=0x17f hud=43e2ccd0 back=40ac6cd0 real=45587ed0 interp=45586cd0 bridge-lock=1 arm=0->0 result=1 disable-interp=0(known=0) foreground=0 monitors=0000000003DB2751/0000000067FB33F1 cpu=0.147ms
20:54:46.260  qpc=4331818271376 [focus-fg] state: enabled=1 hooked=1 foreground=0 minimized=0 hwnd=000000001D530C1A scope_calls=2403 original_false=4 kept=4 presents=3885 FG_evaluates=7204
20:54:46.525  === Vulkan CreateFeature1 #20  feature_id=18  VkDevice=000000002FEE00D0  thread 22972 ===
20:54:46.525  === Vulkan CreateFeature1 #20 returned -1160773630, handle=0000000000000000 ===
20:54:50.542  === Vulkan CreateFeature1 #21  feature_id=18  VkDevice=000000002FEE00D0  thread 22972 ===
20:54:50.542  === Vulkan CreateFeature1 #21 returned -1160773630, handle=0000000000000000 ===
20:54:56.380  qpc=4331919453556 [fg-transition] start=4331919452059 frame=0000000000001058 idx=2/3 queue=000000002EC43CD0 reset=0 enable=1 recording=1 not-rendering=0 metering=0 fullscreen=0 slmode=1 known=0x17f hud=43e2ccd0 back=40ac6cd0 real=0 interp=455872d0 bridge-lock=1 arm=0->0 result=1 disable-interp=0(known=0) foreground=1 monitors=0000000003DB2751/0000000003DB2751 cpu=0.149ms
20:54:56.380  qpc=4331919456673 [fg-transition] start=4331919455598 frame=0000000000001058 idx=3/3 queue=000000002EC43CD0 reset=0 enable=1 recording=1 not-rendering=0 metering=0 fullscreen=0 slmode=1 known=0x17f hud=43e2ccd0 back=40ac6cd0 real=0 interp=455878d0 bridge-lock=1 arm=0->0 result=1 disable-interp=0(known=0) foreground=1 monitors=0000000003DB2751/0000000003DB2751 cpu=0.107ms
20:54:56.380  qpc=4331919459552 [fg-transition] start=4331919457379 frame=0000000000001059 idx=1/3 queue=000000002EC43CD0 reset=0 enable=1 recording=1 not-rendering=0 metering=0 fullscreen=0 slmode=1 known=0x17f hud=43e2ccd0 back=40ac78d0 real=45586cd0 interp=45587ed0 bridge-lock=1 arm=0->0 result=1 disable-interp=0(known=0) foreground=1 monitors=0000000003DB2751/0000000003DB2751 cpu=0.217ms
20:54:56.400  qpc=4331919655312 [fg-transition] start=4331919653796 frame=0000000000001059 idx=2/3 queue=000000002EC43CD0 reset=0 enable=1 recording=1 not-rendering=0 metering=0 fullscreen=0 slmode=1 known=0x17f hud=43e2ccd0 back=40ac78d0 real=0 interp=455878d0 bridge-lock=1 arm=0->0 result=1 disable-interp=0(known=0) foreground=1 monitors=0000000003DB2751/0000000003DB2751 cpu=0.151ms
20:54:56.400  qpc=4331919657516 [fg-transition] start=4331919656834 frame=0000000000001059 idx=3/3 queue=000000002EC43CD0 reset=0 enable=1 recording=1 not-rendering=0 metering=0 fullscreen=0 slmode=1 known=0x17f hud=43e2ccd0 back=40ac78d0 real=0 interp=455872d0 bridge-lock=1 arm=0->0 result=1 disable-interp=0(known=0) foreground=1 monitors=0000000003DB2751/0000000003DB2751 cpu=0.068ms
20:54:56.400  qpc=4331919659423 [fg-transition] start=4331919657987 frame=000000000000105A idx=1/3 queue=000000002EC43CD0 reset=0 enable=1 recording=1 not-rendering=0 metering=0 fullscreen=0 slmode=1 known=0x17f hud=43e2ccd0 back=40ac9cd0 real=45587ed0 interp=45586cd0 bridge-lock=1 arm=0->0 result=1 disable-interp=0(known=0) foreground=1 monitors=0000000003DB2751/0000000003DB2751 cpu=0.144ms
20:54:56.421  qpc=4331919860548 [fg-transition] start=4331919858929 frame=000000000000105A idx=2/3 queue=000000002EC43CD0 reset=0 enable=1 recording=1 not-rendering=0 metering=0 fullscreen=0 slmode=1 known=0x17f hud=43e2ccd0 back=40ac9cd0 real=0 interp=455872d0 bridge-lock=1 arm=0->0 result=1 disable-interp=0(known=0) foreground=1 monitors=0000000003DB2751/0000000003DB2751 cpu=0.162ms
20:54:56.422  qpc=4331919863457 [fg-transition] start=4331919862450 frame=000000000000105A idx=3/3 queue=000000002EC43CD0 reset=0 enable=1 recording=1 not-rendering=0 metering=0 fullscreen=0 slmode=1 known=0x17f hud=43e2ccd0 back=40ac9cd0 real=0 interp=455878d0 bridge-lock=1 arm=0->0 result=1 disable-interp=0(known=0) foreground=1 monitors=0000000003DB2751/0000000003DB2751 cpu=0.101ms
20:54:56.422  qpc=4331919876609 [fg-transition] start=4331919873567 frame=000000000000105B idx=1/3 queue=000000002EC43CD0 reset=0 enable=1 recording=1 not-rendering=0 metering=0 fullscreen=0 slmode=1 known=0x17f hud=43e2ccd0 back=40ac6cd0 real=45586cd0 interp=45587ed0 bridge-lock=1 arm=0->0 result=1 disable-interp=0(known=0) foreground=1 monitors=0000000003DB2751/0000000003DB2751 cpu=0.304ms
20:54:56.439  qpc=4331920040760 [fg-transition] start=4331920039543 frame=000000000000105B idx=2/3 queue=000000002EC43CD0 reset=0 enable=1 recording=1 not-rendering=0 metering=0 fullscreen=0 slmode=1 known=0x17f hud=43e2ccd0 back=40ac6cd0 real=0 interp=455878d0 bridge-lock=1 arm=0->0 result=1 disable-interp=0(known=0) foreground=1 monitors=0000000003DB2751/0000000003DB2751 cpu=0.121ms
20:54:56.439  qpc=4331920043234 [fg-transition] start=4331920042397 frame=000000000000105B idx=3/3 queue=000000002EC43CD0 reset=0 enable=1 recording=1 not-rendering=0 metering=0 fullscreen=0 slmode=1 known=0x17f hud=43e2ccd0 back=40ac6cd0 real=0 interp=455872d0 bridge-lock=1 arm=0->0 result=1 disable-interp=0(known=0) foreground=1 monitors=0000000003DB2751/0000000003DB2751 cpu=0.084ms
20:54:56.439  qpc=4331920045515 [fg-transition] start=4331920043867 frame=000000000000105C idx=1/3 queue=000000002EC43CD0 reset=0 enable=1 recording=1 not-rendering=0 metering=0 fullscreen=0 slmode=1 known=0x17f hud=43e2ccd0 back=40ac78d0 real=45587ed0 interp=45586cd0 bridge-lock=1 arm=0->0 result=1 disable-interp=0(known=0) foreground=1 monitors=0000000003DB2751/0000000003DB2751 cpu=0.165ms
20:54:56.707  qpc=4331922725788 [fg-transition] start=4331922724467 frame=0000000000001068 idx=2/3 queue=000000002EC43CD0 reset=0 enable=1 recording=1 not-rendering=0 metering=0 fullscreen=0 slmode=1 known=0x17f hud=43e2ccd0 back=40ac78d0 real=0 interp=455872d0 bridge-lock=1 arm=0->0 result=1 disable-interp=0(known=0) foreground=0 monitors=0000000003DB2751/0000000067FB33F1 cpu=0.132ms
20:54:56.707  qpc=4331922728198 [fg-transition] start=4331922727525 frame=0000000000001068 idx=3/3 queue=000000002EC43CD0 reset=0 enable=1 recording=1 not-rendering=0 metering=0 fullscreen=0 slmode=1 known=0x17f hud=43e2ccd0 back=40ac78d0 real=0 interp=455878d0 bridge-lock=1 arm=0->0 result=1 disable-interp=0(known=0) foreground=0 monitors=0000000003DB2751/0000000067FB33F1 cpu=0.067ms
20:54:56.707  qpc=4331922730183 [fg-transition] start=4331922728676 frame=0000000000001069 idx=1/3 queue=000000002EC43CD0 reset=0 enable=1 recording=1 not-rendering=0 metering=0 fullscreen=0 slmode=1 known=0x17f hud=43e2ccd0 back=40ac9cd0 real=45586cd0 interp=45587ed0 bridge-lock=1 arm=0->0 result=1 disable-interp=0(known=0) foreground=0 monitors=0000000003DB2751/0000000067FB33F1 cpu=0.151ms
20:54:56.742  qpc=4331923080524 [fg-transition] start=4331923079052 frame=0000000000001069 idx=2/3 queue=000000002EC43CD0 reset=0 enable=1 recording=1 not-rendering=0 metering=0 fullscreen=0 slmode=1 known=0x17f hud=43e2ccd0 back=40ac9cd0 real=0 interp=455878d0 bridge-lock=1 arm=0->0 result=1 disable-interp=0(known=0) foreground=0 monitors=0000000003DB2751/0000000067FB33F1 cpu=0.147ms
20:54:56.743  qpc=4331923083259 [fg-transition] start=4331923082466 frame=0000000000001069 idx=3/3 queue=000000002EC43CD0 reset=0 enable=1 recording=1 not-rendering=0 metering=0 fullscreen=0 slmode=1 known=0x17f hud=43e2ccd0 back=40ac9cd0 real=0 interp=455872d0 bridge-lock=1 arm=0->0 result=1 disable-interp=0(known=0) foreground=0 monitors=0000000003DB2751/0000000067FB33F1 cpu=0.079ms
20:54:56.743  qpc=4331923085476 [fg-transition] start=4331923083782 frame=000000000000106A idx=1/3 queue=000000002EC43CD0 reset=0 enable=1 recording=1 not-rendering=0 metering=0 fullscreen=0 slmode=1 known=0x17f hud=43e2ccd0 back=40ac6cd0 real=45587ed0 interp=45586cd0 bridge-lock=1 arm=0->0 result=1 disable-interp=0(known=0) foreground=0 monitors=0000000003DB2751/0000000067FB33F1 cpu=0.169ms
20:54:56.779  qpc=4331923442925 [fg-transition] start=4331923441666 frame=000000000000106A idx=2/3 queue=000000002EC43CD0 reset=0 enable=1 recording=1 not-rendering=0 metering=0 fullscreen=0 slmode=1 known=0x17f hud=43e2ccd0 back=40ac6cd0 real=0 interp=455872d0 bridge-lock=1 arm=0->0 result=1 disable-interp=0(known=0) foreground=0 monitors=0000000003DB2751/0000000067FB33F1 cpu=0.126ms
20:54:56.779  qpc=4331923445210 [fg-transition] start=4331923444568 frame=000000000000106A idx=3/3 queue=000000002EC43CD0 reset=0 enable=1 recording=1 not-rendering=0 metering=0 fullscreen=0 slmode=1 known=0x17f hud=43e2ccd0 back=40ac6cd0 real=0 interp=455878d0 bridge-lock=1 arm=0->0 result=1 disable-interp=0(known=0) foreground=0 monitors=0000000003DB2751/0000000067FB33F1 cpu=0.064ms
20:54:56.780  qpc=4331923447204 [fg-transition] start=4331923445665 frame=000000000000106B idx=1/3 queue=000000002EC43CD0 reset=0 enable=1 recording=1 not-rendering=0 metering=0 fullscreen=0 slmode=1 known=0x17f hud=43e2ccd0 back=40ac78d0 real=45586cd0 interp=45587ed0 bridge-lock=1 arm=0->0 result=1 disable-interp=0(known=0) foreground=0 monitors=0000000003DB2751/0000000067FB33F1 cpu=0.154ms
20:54:56.814  qpc=4331923796616 [fg-transition] start=4331923795027 frame=000000000000106B idx=2/3 queue=000000002EC43CD0 reset=0 enable=1 recording=1 not-rendering=0 metering=0 fullscreen=0 slmode=1 known=0x17f hud=43e2ccd0 back=40ac78d0 real=0 interp=455878d0 bridge-lock=1 arm=0->0 result=1 disable-interp=0(known=0) foreground=0 monitors=0000000003DB2751/0000000067FB33F1 cpu=0.159ms
20:54:56.815  qpc=4331923800535 [fg-transition] start=4331923799427 frame=000000000000106B idx=3/3 queue=000000002EC43CD0 reset=0 enable=1 recording=1 not-rendering=0 metering=0 fullscreen=0 slmode=1 known=0x17f hud=43e2ccd0 back=40ac78d0 real=0 interp=455872d0 bridge-lock=1 arm=0->0 result=1 disable-interp=0(known=0) foreground=0 monitors=0000000003DB2751/0000000067FB33F1 cpu=0.111ms
20:54:56.815  qpc=4331923802899 [fg-transition] start=4331923801215 frame=000000000000106C idx=1/3 queue=000000002EC43CD0 reset=0 enable=1 recording=1 not-rendering=0 metering=0 fullscreen=0 slmode=1 known=0x17f hud=43e2ccd0 back=40ac9cd0 real=45587ed0 interp=45586cd0 bridge-lock=1 arm=0->0 result=1 disable-interp=0(known=0) foreground=0 monitors=0000000003DB2751/0000000067FB33F1 cpu=0.168ms
20:54:56.973  [fg-relay] rate/15.0s p2 import_opt=1: presents=38.2/s present-gate[point=38.2 ready=0.0 fallback=0.0 inactive=0.0]/s noinfo=0.0/s stale=0.0/s unlearned=0.0/s attempts=0.0/s armed=0.0/s skipped=0.0/s busy=0.0/s arm-reject[state=0.0 request=0.0 refused=0.0 stopping=0.0 res=0.0 size=0.0]/s pool[cap=0.0 family=0.0 create=0.0 alloc=0.0]/s copy-drop[fence=0.0 reset=0.0 begin=0.0 end=0.0 submit=0.0]/s cf[seq=0.0/s idle=0.0/s nrfence=0.0/s] slotbusy=0.0/s copyfence-busy=0.0/s nr-gpuwait=0.0/s flips=0.0/s
20:54:56.974  [fg-relay] rate2: fginput eval=114.3/s index!=1=0.0/s eval-gate[off=0.0 fallback=0.0 notready=0.0 noinput=0.0 noqueue=0.0]/s relay eval=0.0/s consume=0.0/s inplace=0.0/s(ok 0.0/s) unarmed=0.0/s mismatch=0.0/s relbusy=0.0/s relok=0.0/s relfail=0.0/s release-stage[queue=0.0 pool=0.0 fence=0.0 reset=0.0 begin=0.0 end=0.0 submit=0.0]/s watchdog=0.0/s | worker plays=0.0/s ok=0.0/s fail=0.0/s nr_absent=0.0/s copyfail=0.0/s
20:54:56.974  [fg-relay] rate3: arm->arm avg=0.00ms max=0.00ms n=0 | arm->work avg=0.00ms max=0.00ms | arm->eval avg=0.00ms max=0.00ms | copywait avg=0.000ms max=0.000ms | copy-land<= avg=0.00ms max=0.00ms | work avg=0.00ms max=0.00ms | totals armed=0 unarmed=0 skipped=0 busy=0 mismatch=0 copies_failed=0 writes=0 conflicts=0
20:54:56.974  [fg-relay] rate4: throttle depth=1 off=0 | sleep calls=38.2/s waits=0.0/s clear=0.0/s timeouts=0.0/s avg=0.00ms | present calls=38.2/s waits=0.0/s clear=0.0/s timeouts=0.0/s avg=0.00ms | max=0.00ms (process)
20:54:58.556  === Vulkan CreateFeature1 #22  feature_id=18  VkDevice=000000002FEE00D0  thread 22972 ===
20:54:58.557  === Vulkan CreateFeature1 #22 returned -1160773630, handle=0000000000000000 ===
20:55:02.360  qpc=4331979271083 [focus-fg] state: enabled=1 hooked=1 foreground=0 minimized=0 hwnd=000000001D530C1A scope_calls=2887 original_false=472 kept=472 presents=4369 FG_evaluates=8653
20:55:10.630  qpc=4332061946229 [fg-transition] start=4332061944915 frame=0000000000001207 idx=2/3 queue=000000002EC43CD0 reset=0 enable=1 recording=1 not-rendering=0 metering=0 fullscreen=0 slmode=1 known=0x17f hud=43e2ccd0 back=40ac9cd0 real=0 interp=455878d0 bridge-lock=1 arm=0->0 result=1 disable-interp=0(known=0) foreground=1 monitors=0000000003DB2751/0000000003DB2751 cpu=0.131ms
20:55:10.630  qpc=4332061948876 [fg-transition] start=4332061948167 frame=0000000000001207 idx=3/3 queue=000000002EC43CD0 reset=0 enable=1 recording=1 not-rendering=0 metering=0 fullscreen=0 slmode=1 known=0x17f hud=43e2ccd0 back=40ac9cd0 real=0 interp=455872d0 bridge-lock=1 arm=0->0 result=1 disable-interp=0(known=0) foreground=1 monitors=0000000003DB2751/0000000003DB2751 cpu=0.071ms
20:55:10.630  qpc=4332061950842 [fg-transition] start=4332061949344 frame=0000000000001208 idx=1/3 queue=000000002EC43CD0 reset=0 enable=1 recording=1 not-rendering=0 metering=0 fullscreen=0 slmode=1 known=0x17f hud=43e2ccd0 back=40ac6cd0 real=45587ed0 interp=45586cd0 bridge-lock=1 arm=0->0 result=1 disable-interp=0(known=0) foreground=1 monitors=0000000003DB2751/0000000003DB2751 cpu=0.150ms
20:55:10.650  qpc=4332062148270 [fg-transition] start=4332062146376 frame=0000000000001208 idx=2/3 queue=000000002EC43CD0 reset=0 enable=1 recording=1 not-rendering=0 metering=0 fullscreen=0 slmode=1 known=0x17f hud=43e2ccd0 back=40ac6cd0 real=0 interp=455872d0 bridge-lock=1 arm=0->0 result=1 disable-interp=0(known=0) foreground=1 monitors=0000000003DB2751/0000000003DB2751 cpu=0.189ms
20:55:10.650  qpc=4332062151384 [fg-transition] start=4332062150504 frame=0000000000001208 idx=3/3 queue=000000002EC43CD0 reset=0 enable=1 recording=1 not-rendering=0 metering=0 fullscreen=0 slmode=1 known=0x17f hud=43e2ccd0 back=40ac6cd0 real=0 interp=455878d0 bridge-lock=1 arm=0->0 result=1 disable-interp=0(known=0) foreground=1 monitors=0000000003DB2751/0000000003DB2751 cpu=0.087ms
20:55:10.650  qpc=4332062154389 [fg-transition] start=4332062152105 frame=0000000000001209 idx=1/3 queue=000000002EC43CD0 reset=0 enable=1 recording=1 not-rendering=0 metering=0 fullscreen=0 slmode=1 known=0x17f hud=43e2ccd0 back=40ac78d0 real=45586cd0 interp=45587ed0 bridge-lock=1 arm=0->0 result=1 disable-interp=0(known=0) foreground=1 monitors=0000000003DB2751/0000000003DB2751 cpu=0.228ms
20:55:10.670  qpc=4332062351815 [fg-transition] start=4332062350490 frame=0000000000001209 idx=2/3 queue=000000002EC43CD0 reset=0 enable=1 recording=1 not-rendering=0 metering=0 fullscreen=0 slmode=1 known=0x17f hud=43e2ccd0 back=40ac78d0 real=0 interp=455878d0 bridge-lock=1 arm=0->0 result=1 disable-interp=0(known=0) foreground=1 monitors=0000000003DB2751/0000000003DB2751 cpu=0.132ms
20:55:10.671  qpc=4332062354429 [fg-transition] start=4332062353695 frame=0000000000001209 idx=3/3 queue=000000002EC43CD0 reset=0 enable=1 recording=1 not-rendering=0 metering=0 fullscreen=0 slmode=1 known=0x17f hud=43e2ccd0 back=40ac78d0 real=0 interp=455872d0 bridge-lock=1 arm=0->0 result=1 disable-interp=0(known=0) foreground=1 monitors=0000000003DB2751/0000000003DB2751 cpu=0.073ms
20:55:10.671  qpc=4332062356482 [fg-transition] start=4332062354923 frame=000000000000120A idx=1/3 queue=000000002EC43CD0 reset=0 enable=1 recording=1 not-rendering=0 metering=0 fullscreen=0 slmode=1 known=0x17f hud=43e2ccd0 back=40ac9cd0 real=45587ed0 interp=45586cd0 bridge-lock=1 arm=0->0 result=1 disable-interp=0(known=0) foreground=1 monitors=0000000003DB2751/0000000003DB2751 cpu=0.156ms
20:55:10.688  qpc=4332062531548 [fg-transition] start=4332062530349 frame=000000000000120A idx=2/3 queue=000000002EC43CD0 reset=0 enable=1 recording=1 not-rendering=0 metering=0 fullscreen=0 slmode=1 known=0x17f hud=43e2ccd0 back=40ac9cd0 real=0 interp=455872d0 bridge-lock=1 arm=0->0 result=1 disable-interp=0(known=0) foreground=1 monitors=0000000003DB2751/0000000003DB2751 cpu=0.120ms
20:55:10.689  qpc=4332062533890 [fg-transition] start=4332062533076 frame=000000000000120A idx=3/3 queue=000000002EC43CD0 reset=0 enable=1 recording=1 not-rendering=0 metering=0 fullscreen=0 slmode=1 known=0x17f hud=43e2ccd0 back=40ac9cd0 real=0 interp=455878d0 bridge-lock=1 arm=0->0 result=1 disable-interp=0(known=0) foreground=1 monitors=0000000003DB2751/0000000003DB2751 cpu=0.081ms
20:55:10.689  qpc=4332062536000 [fg-transition] start=4332062534497 frame=000000000000120B idx=1/3 queue=000000002EC43CD0 reset=0 enable=1 recording=1 not-rendering=0 metering=0 fullscreen=0 slmode=1 known=0x17f hud=43e2ccd0 back=40ac6cd0 real=45586cd0 interp=45587ed0 bridge-lock=1 arm=0->0 result=1 disable-interp=0(known=0) foreground=1 monitors=0000000003DB2751/0000000003DB2751 cpu=0.150ms
20:55:11.254  qpc=4332068190098 [fg-transition] start=4332068188642 frame=0000000000001227 idx=2/3 queue=000000002EC43CD0 reset=0 enable=1 recording=1 not-rendering=0 metering=0 fullscreen=0 slmode=1 known=0x17f hud=43e2ccd0 back=40ac78d0 real=0 interp=455878d0 bridge-lock=1 arm=0->0 result=1 disable-interp=0(known=0) foreground=0 monitors=0000000003DB2751/0000000067FB33F1 cpu=0.145ms
20:55:11.255  qpc=4332068192677 [fg-transition] start=4332068191959 frame=0000000000001227 idx=3/3 queue=000000002EC43CD0 reset=0 enable=1 recording=1 not-rendering=0 metering=0 fullscreen=0 slmode=1 known=0x17f hud=43e2ccd0 back=40ac78d0 real=0 interp=455872d0 bridge-lock=1 arm=0->0 result=1 disable-interp=0(known=0) foreground=0 monitors=0000000003DB2751/0000000067FB33F1 cpu=0.072ms
20:55:11.255  qpc=4332068194806 [fg-transition] start=4332068193172 frame=0000000000001228 idx=1/3 queue=000000002EC43CD0 reset=0 enable=1 recording=1 not-rendering=0 metering=0 fullscreen=0 slmode=1 known=0x17f hud=43e2ccd0 back=40ac9cd0 real=45587ed0 interp=45586cd0 bridge-lock=1 arm=0->0 result=1 disable-interp=0(known=0) foreground=0 monitors=0000000003DB2751/0000000067FB33F1 cpu=0.163ms
20:55:11.289  qpc=4332068546063 [fg-transition] start=4332068544320 frame=0000000000001228 idx=2/3 queue=000000002EC43CD0 reset=0 enable=1 recording=1 not-rendering=0 metering=0 fullscreen=0 slmode=1 known=0x17f hud=43e2ccd0 back=40ac9cd0 real=0 interp=455872d0 bridge-lock=1 arm=0->0 result=1 disable-interp=0(known=0) foreground=0 monitors=0000000003DB2751/0000000067FB33F1 cpu=0.174ms
20:55:11.289  qpc=4332068550388 [fg-transition] start=4332068548685 frame=0000000000001228 idx=3/3 queue=000000002EC43CD0 reset=0 enable=1 recording=1 not-rendering=0 metering=0 fullscreen=0 slmode=1 known=0x17f hud=43e2ccd0 back=40ac9cd0 real=0 interp=455878d0 bridge-lock=1 arm=0->0 result=1 disable-interp=0(known=0) foreground=0 monitors=0000000003DB2751/0000000067FB33F1 cpu=0.170ms
20:55:11.290  qpc=4332068553179 [fg-transition] start=4332068551380 frame=0000000000001229 idx=1/3 queue=000000002EC43CD0 reset=0 enable=1 recording=1 not-rendering=0 metering=0 fullscreen=0 slmode=1 known=0x17f hud=43e2ccd0 back=40ac6cd0 real=45586cd0 interp=45587ed0 bridge-lock=1 arm=0->0 result=1 disable-interp=0(known=0) foreground=0 monitors=0000000003DB2751/0000000067FB33F1 cpu=0.180ms
20:55:11.325  qpc=4332068901309 [fg-transition] start=4332068900052 frame=0000000000001229 idx=2/3 queue=000000002EC43CD0 reset=0 enable=1 recording=1 not-rendering=0 metering=0 fullscreen=0 slmode=1 known=0x17f hud=43e2ccd0 back=40ac6cd0 real=0 interp=455878d0 bridge-lock=1 arm=0->0 result=1 disable-interp=0(known=0) foreground=0 monitors=0000000003DB2751/0000000067FB33F1 cpu=0.125ms
20:55:11.325  qpc=4332068903671 [fg-transition] start=4332068903023 frame=0000000000001229 idx=3/3 queue=000000002EC43CD0 reset=0 enable=1 recording=1 not-rendering=0 metering=0 fullscreen=0 slmode=1 known=0x17f hud=43e2ccd0 back=40ac6cd0 real=0 interp=455872d0 bridge-lock=1 arm=0->0 result=1 disable-interp=0(known=0) foreground=0 monitors=0000000003DB2751/0000000067FB33F1 cpu=0.065ms
20:55:11.325  qpc=4332068905576 [fg-transition] start=4332068904125 frame=000000000000122A idx=1/3 queue=000000002EC43CD0 reset=0 enable=1 recording=1 not-rendering=0 metering=0 fullscreen=0 slmode=1 known=0x17f hud=43e2ccd0 back=40ac78d0 real=45587ed0 interp=45586cd0 bridge-lock=1 arm=0->0 result=1 disable-interp=0(known=0) foreground=0 monitors=0000000003DB2751/0000000067FB33F1 cpu=0.145ms
20:55:11.360  qpc=4332069248507 [fg-transition] start=4332069246828 frame=000000000000122A idx=2/3 queue=000000002EC43CD0 reset=0 enable=1 recording=1 not-rendering=0 metering=0 fullscreen=0 slmode=1 known=0x17f hud=43e2ccd0 back=40ac78d0 real=0 interp=455872d0 bridge-lock=1 arm=0->0 result=1 disable-interp=0(known=0) foreground=0 monitors=0000000003DB2751/0000000067FB33F1 cpu=0.168ms
20:55:11.360  qpc=4332069251766 [fg-transition] start=4332069250918 frame=000000000000122A idx=3/3 queue=000000002EC43CD0 reset=0 enable=1 recording=1 not-rendering=0 metering=0 fullscreen=0 slmode=1 known=0x17f hud=43e2ccd0 back=40ac78d0 real=0 interp=455878d0 bridge-lock=1 arm=0->0 result=1 disable-interp=0(known=0) foreground=0 monitors=0000000003DB2751/0000000067FB33F1 cpu=0.085ms
20:55:11.360  qpc=4332069253770 [fg-transition] start=4332069252267 frame=000000000000122B idx=1/3 queue=000000002EC43CD0 reset=0 enable=1 recording=1 not-rendering=0 metering=0 fullscreen=0 slmode=1 known=0x17f hud=43e2ccd0 back=40ac9cd0 real=45586cd0 interp=45587ed0 bridge-lock=1 arm=0->0 result=1 disable-interp=0(known=0) foreground=0 monitors=0000000003DB2751/0000000067FB33F1 cpu=0.150ms
20:55:11.771  qpc=4332073368437 [fg-transition] start=4332073367316 frame=0000000000001236 idx=2/3 queue=000000002EC43CD0 reset=0 enable=1 recording=1 not-rendering=0 metering=0 fullscreen=0 slmode=1 known=0x17f hud=43e2ccd0 back=40ac78d0 real=0 interp=455872d0 bridge-lock=1 arm=0->0 result=1 disable-interp=0(known=0) foreground=1 monitors=0000000003DB2751/0000000003DB2751 cpu=0.112ms
20:55:11.772  qpc=4332073370709 [fg-transition] start=4332073370068 frame=0000000000001236 idx=3/3 queue=000000002EC43CD0 reset=0 enable=1 recording=1 not-rendering=0 metering=0 fullscreen=0 slmode=1 known=0x17f hud=43e2ccd0 back=40ac78d0 real=0 interp=455878d0 bridge-lock=1 arm=0->0 result=1 disable-interp=0(known=0) foreground=1 monitors=0000000003DB2751/0000000003DB2751 cpu=0.064ms
20:55:11.772  qpc=4332073372566 [fg-transition] start=4332073371139 frame=0000000000001237 idx=1/3 queue=000000002EC43CD0 reset=0 enable=1 recording=1 not-rendering=0 metering=0 fullscreen=0 slmode=1 known=0x17f hud=43e2ccd0 back=40ac9cd0 real=45586cd0 interp=45587ed0 bridge-lock=1 arm=0->0 result=1 disable-interp=0(known=0) foreground=1 monitors=0000000003DB2751/0000000003DB2751 cpu=0.143ms
20:55:11.787  qpc=4332073529887 [fg-transition] start=4332073528016 frame=0000000000001237 idx=2/3 queue=000000002EC43CD0 reset=0 enable=1 recording=1 not-rendering=0 metering=0 fullscreen=0 slmode=1 known=0x17f hud=43e2ccd0 back=40ac9cd0 real=0 interp=455878d0 bridge-lock=1 arm=0->0 result=1 disable-interp=0(known=0) foreground=1 monitors=0000000003DB2751/0000000003DB2751 cpu=0.187ms
20:55:11.787  qpc=4332073532688 [fg-transition] start=4332073531718 frame=0000000000001237 idx=3/3 queue=000000002EC43CD0 reset=0 enable=1 recording=1 not-rendering=0 metering=0 fullscreen=0 slmode=1 known=0x17f hud=43e2ccd0 back=40ac9cd0 real=0 interp=455872d0 bridge-lock=1 arm=0->0 result=1 disable-interp=0(known=0) foreground=1 monitors=0000000003DB2751/0000000003DB2751 cpu=0.097ms
20:55:11.787  qpc=4332073536026 [fg-transition] start=4332073533360 frame=0000000000001238 idx=1/3 queue=000000002EC43CD0 reset=0 enable=1 recording=1 not-rendering=0 metering=0 fullscreen=0 slmode=1 known=0x17f hud=43e2ccd0 back=40ac6cd0 real=45587ed0 interp=45586cd0 bridge-lock=1 arm=0->0 result=1 disable-interp=0(known=0) foreground=1 monitors=0000000003DB2751/0000000003DB2751 cpu=0.267ms
20:55:11.809  qpc=4332073739533 [fg-transition] start=4332073738057 frame=0000000000001238 idx=2/3 queue=000000002EC43CD0 reset=0 enable=1 recording=1 not-rendering=0 metering=0 fullscreen=0 slmode=1 known=0x17f hud=43e2ccd0 back=40ac6cd0 real=0 interp=455872d0 bridge-lock=1 arm=0->0 result=1 disable-interp=0(known=0) foreground=1 monitors=0000000003DB2751/0000000003DB2751 cpu=0.147ms
20:55:11.809  qpc=4332073741991 [fg-transition] start=4332073741277 frame=0000000000001238 idx=3/3 queue=000000002EC43CD0 reset=0 enable=1 recording=1 not-rendering=0 metering=0 fullscreen=0 slmode=1 known=0x17f hud=43e2ccd0 back=40ac6cd0 real=0 interp=455878d0 bridge-lock=1 arm=0->0 result=1 disable-interp=0(known=0) foreground=1 monitors=0000000003DB2751/0000000003DB2751 cpu=0.071ms
20:55:11.827  qpc=4332073923999 [fg-transition] start=4332073921912 frame=0000000000001239 idx=1/3 queue=000000002EC43CD0 reset=0 enable=1 recording=1 not-rendering=0 metering=0 fullscreen=0 slmode=1 known=0x17f hud=43e2ccd0 back=40ac78d0 real=45586cd0 interp=45587ed0 bridge-lock=1 arm=0->0 result=1 disable-interp=0(known=0) foreground=1 monitors=0000000003DB2751/0000000003DB2751 cpu=0.208ms
20:55:11.833  qpc=4332073979972 [fg-transition] start=4332073978847 frame=0000000000001239 idx=2/3 queue=000000002EC43CD0 reset=0 enable=1 recording=1 not-rendering=0 metering=0 fullscreen=0 slmode=1 known=0x17f hud=43e2ccd0 back=40ac78d0 real=0 interp=455878d0 bridge-lock=1 arm=0->0 result=1 disable-interp=0(known=0) foreground=1 monitors=0000000003DB2751/0000000003DB2751 cpu=0.112ms
20:55:11.833  qpc=4332073982069 [fg-transition] start=4332073981407 frame=0000000000001239 idx=3/3 queue=000000002EC43CD0 reset=0 enable=1 recording=1 not-rendering=0 metering=0 fullscreen=0 slmode=1 known=0x17f hud=43e2ccd0 back=40ac78d0 real=0 interp=455872d0 bridge-lock=1 arm=0->0 result=1 disable-interp=0(known=0) foreground=1 monitors=0000000003DB2751/0000000003DB2751 cpu=0.066ms
20:55:11.835  qpc=4332074007846 [fg-transition] start=4332074005417 frame=000000000000123A idx=1/3 queue=000000002EC43CD0 reset=0 enable=1 recording=1 not-rendering=0 metering=0 fullscreen=0 slmode=1 known=0x17f hud=43e2ccd0 back=40ac9cd0 real=45587ed0 interp=45586cd0 bridge-lock=1 arm=0->0 result=1 disable-interp=0(known=0) foreground=1 monitors=0000000003DB2751/0000000003DB2751 cpu=0.243ms
20:55:11.982  [fg-relay] rate/15.0s p2 import_opt=1: presents=31.0/s present-gate[point=31.0 ready=0.0 fallback=0.0 inactive=0.0]/s noinfo=0.0/s stale=0.0/s unlearned=0.0/s attempts=0.0/s armed=0.0/s skipped=0.0/s busy=0.0/s arm-reject[state=0.0 request=0.0 refused=0.0 stopping=0.0 res=0.0 size=0.0]/s pool[cap=0.0 family=0.0 create=0.0 alloc=0.0]/s copy-drop[fence=0.0 reset=0.0 begin=0.0 end=0.0 submit=0.0]/s cf[seq=0.0/s idle=0.0/s nrfence=0.0/s] slotbusy=0.0/s copyfence-busy=0.0/s nr-gpuwait=0.0/s flips=0.0/s
20:55:11.983  [fg-relay] rate2: fginput eval=93.2/s index!=1=0.0/s eval-gate[off=0.0 fallback=0.0 notready=0.0 noinput=0.0 noqueue=0.0]/s relay eval=0.0/s consume=0.0/s inplace=0.0/s(ok 0.0/s) unarmed=0.0/s mismatch=0.0/s relbusy=0.0/s relok=0.0/s relfail=0.0/s release-stage[queue=0.0 pool=0.0 fence=0.0 reset=0.0 begin=0.0 end=0.0 submit=0.0]/s watchdog=0.0/s | worker plays=0.0/s ok=0.0/s fail=0.0/s nr_absent=0.0/s copyfail=0.0/s
20:55:11.983  [fg-relay] rate3: arm->arm avg=0.00ms max=0.00ms n=0 | arm->work avg=0.00ms max=0.00ms | arm->eval avg=0.00ms max=0.00ms | copywait avg=0.000ms max=0.000ms | copy-land<= avg=0.00ms max=0.00ms | work avg=0.00ms max=0.00ms | totals armed=0 unarmed=0 skipped=0 busy=0 mismatch=0 copies_failed=0 writes=0 conflicts=0
20:55:11.983  [fg-relay] rate4: throttle depth=1 off=0 | sleep calls=31.0/s waits=0.0/s clear=0.0/s timeouts=0.0/s avg=0.00ms | present calls=31.0/s waits=0.0/s clear=0.0/s timeouts=0.0/s avg=0.00ms | max=0.00ms (process)
20:55:12.388  qpc=4332079555180 [focus-fg] state: enabled=1 hooked=1 foreground=1 minimized=0 hwnd=000000001D530C1A scope_calls=3214 original_false=734 kept=734 presents=4696 FG_evaluates=9637
20:55:14.569  === Vulkan CreateFeature1 #23  feature_id=18  VkDevice=000000002FEE00D0  thread 22972 ===
20:55:14.569  === Vulkan CreateFeature1 #23 returned -1160773630, handle=0000000000000000 ===
20:55:23.307  qpc=4332188720573 [fg-transition] start=4332188718435 frame=00000000000014DE idx=2/3 queue=000000002EC43CD0 reset=0 enable=1 recording=1 not-rendering=0 metering=0 fullscreen=0 slmode=1 known=0x17f hud=43e2ccd0 back=40ac6cd0 real=0 interp=455872d0 bridge-lock=1 arm=0->0 result=1 disable-interp=0(known=0) foreground=0 monitors=0000000003DB2751/0000000067FB33F1 cpu=0.213ms
20:55:23.307  qpc=4332188723482 [fg-transition] start=4332188722700 frame=00000000000014DE idx=3/3 queue=000000002EC43CD0 reset=0 enable=1 recording=1 not-rendering=0 metering=0 fullscreen=0 slmode=1 known=0x17f hud=43e2ccd0 back=40ac6cd0 real=0 interp=455878d0 bridge-lock=1 arm=0->0 result=1 disable-interp=0(known=0) foreground=0 monitors=0000000003DB2751/0000000067FB33F1 cpu=0.078ms
20:55:23.307  qpc=4332188726043 [fg-transition] start=4332188724133 frame=00000000000014DF idx=1/3 queue=000000002EC43CD0 reset=0 enable=1 recording=1 not-rendering=0 metering=0 fullscreen=0 slmode=1 known=0x17f hud=43e2ccd0 back=40ac78d0 real=45586cd0 interp=45587ed0 bridge-lock=1 arm=0->0 result=1 disable-interp=0(known=0) foreground=0 monitors=0000000003DB2751/0000000067FB33F1 cpu=0.191ms
20:55:23.342  qpc=4332189069932 [fg-transition] start=4332189068614 frame=00000000000014DF idx=2/3 queue=000000002EC43CD0 reset=0 enable=1 recording=1 not-rendering=0 metering=0 fullscreen=0 slmode=1 known=0x17f hud=43e2ccd0 back=40ac78d0 real=0 interp=455878d0 bridge-lock=1 arm=0->0 result=1 disable-interp=0(known=0) foreground=0 monitors=0000000003DB2751/0000000067FB33F1 cpu=0.131ms
20:55:23.342  qpc=4332189072438 [fg-transition] start=4332189071749 frame=00000000000014DF idx=3/3 queue=000000002EC43CD0 reset=0 enable=1 recording=1 not-rendering=0 metering=0 fullscreen=0 slmode=1 known=0x17f hud=43e2ccd0 back=40ac78d0 real=0 interp=455872d0 bridge-lock=1 arm=0->0 result=1 disable-interp=0(known=0) foreground=0 monitors=0000000003DB2751/0000000067FB33F1 cpu=0.069ms
20:55:23.342  qpc=4332189074485 [fg-transition] start=4332189072915 frame=00000000000014E0 idx=1/3 queue=000000002EC43CD0 reset=0 enable=1 recording=1 not-rendering=0 metering=0 fullscreen=0 slmode=1 known=0x17f hud=43e2ccd0 back=40ac9cd0 real=45587ed0 interp=45586cd0 bridge-lock=1 arm=0->0 result=1 disable-interp=0(known=0) foreground=0 monitors=0000000003DB2751/0000000067FB33F1 cpu=0.157ms
20:55:23.377  qpc=4332189425677 [fg-transition] start=4332189424350 frame=00000000000014E0 idx=2/3 queue=000000002EC43CD0 reset=0 enable=1 recording=1 not-rendering=0 metering=0 fullscreen=0 slmode=1 known=0x17f hud=43e2ccd0 back=40ac9cd0 real=0 interp=455872d0 bridge-lock=1 arm=0->0 result=1 disable-interp=0(known=0) foreground=0 monitors=0000000003DB2751/0000000067FB33F1 cpu=0.133ms
20:55:23.377  qpc=4332189428031 [fg-transition] start=4332189427377 frame=00000000000014E0 idx=3/3 queue=000000002EC43CD0 reset=0 enable=1 recording=1 not-rendering=0 metering=0 fullscreen=0 slmode=1 known=0x17f hud=43e2ccd0 back=40ac9cd0 real=0 interp=455878d0 bridge-lock=1 arm=0->0 result=1 disable-interp=0(known=0) foreground=0 monitors=0000000003DB2751/0000000067FB33F1 cpu=0.065ms
20:55:23.378  qpc=4332189429974 [fg-transition] start=4332189428507 frame=00000000000014E1 idx=1/3 queue=000000002EC43CD0 reset=0 enable=1 recording=1 not-rendering=0 metering=0 fullscreen=0 slmode=1 known=0x17f hud=43e2ccd0 back=40ac6cd0 real=45586cd0 interp=45587ed0 bridge-lock=1 arm=0->0 result=1 disable-interp=0(known=0) foreground=0 monitors=0000000003DB2751/0000000067FB33F1 cpu=0.147ms
20:55:23.414  qpc=4332189774524 [fg-transition] start=4332189773258 frame=00000000000014E1 idx=2/3 queue=000000002EC43CD0 reset=0 enable=1 recording=1 not-rendering=0 metering=0 fullscreen=0 slmode=1 known=0x17f hud=43e2ccd0 back=40ac6cd0 real=0 interp=455878d0 bridge-lock=1 arm=0->0 result=1 disable-interp=0(known=0) foreground=0 monitors=0000000003DB2751/0000000067FB33F1 cpu=0.126ms
20:55:23.414  qpc=4332189776934 [fg-transition] start=4332189776253 frame=00000000000014E1 idx=3/3 queue=000000002EC43CD0 reset=0 enable=1 recording=1 not-rendering=0 metering=0 fullscreen=0 slmode=1 known=0x17f hud=43e2ccd0 back=40ac6cd0 real=0 interp=455872d0 bridge-lock=1 arm=0->0 result=1 disable-interp=0(known=0) foreground=0 monitors=0000000003DB2751/0000000067FB33F1 cpu=0.068ms
20:55:23.414  qpc=4332189778856 [fg-transition] start=4332189777410 frame=00000000000014E2 idx=1/3 queue=000000002EC43CD0 reset=0 enable=1 recording=1 not-rendering=0 metering=0 fullscreen=0 slmode=1 known=0x17f hud=43e2ccd0 back=40ac78d0 real=45587ed0 interp=45586cd0 bridge-lock=1 arm=0->0 result=1 disable-interp=0(known=0) foreground=0 monitors=0000000003DB2751/0000000067FB33F1 cpu=0.145ms
20:55:23.414  qpc=4332189810150 [focus-fg] state: enabled=1 hooked=1 foreground=0 minimized=0 hwnd=000000001D530C1A scope_calls=3865 original_false=738 kept=738 presents=5347 FG_evaluates=11590
20:55:26.993  [fg-relay] rate/15.0s p2 import_opt=1: presents=51.7/s present-gate[point=51.7 ready=0.0 fallback=0.0 inactive=0.0]/s noinfo=0.0/s stale=0.0/s unlearned=0.0/s attempts=0.0/s armed=0.0/s skipped=0.0/s busy=0.0/s arm-reject[state=0.0 request=0.0 refused=0.0 stopping=0.0 res=0.0 size=0.0]/s pool[cap=0.0 family=0.0 create=0.0 alloc=0.0]/s copy-drop[fence=0.0 reset=0.0 begin=0.0 end=0.0 submit=0.0]/s cf[seq=0.0/s idle=0.0/s nrfence=0.0/s] slotbusy=0.0/s copyfence-busy=0.0/s nr-gpuwait=0.0/s flips=0.0/s
20:55:26.994  [fg-relay] rate2: fginput eval=155.0/s index!=1=0.0/s eval-gate[off=0.0 fallback=0.0 notready=0.0 noinput=0.0 noqueue=0.0]/s relay eval=0.0/s consume=0.0/s inplace=0.0/s(ok 0.0/s) unarmed=0.0/s mismatch=0.0/s relbusy=0.0/s relok=0.0/s relfail=0.0/s release-stage[queue=0.0 pool=0.0 fence=0.0 reset=0.0 begin=0.0 end=0.0 submit=0.0]/s watchdog=0.0/s | worker plays=0.0/s ok=0.0/s fail=0.0/s nr_absent=0.0/s copyfail=0.0/s
20:55:26.994  [fg-relay] rate3: arm->arm avg=0.00ms max=0.00ms n=0 | arm->work avg=0.00ms max=0.00ms | arm->eval avg=0.00ms max=0.00ms | copywait avg=0.000ms max=0.000ms | copy-land<= avg=0.00ms max=0.00ms | work avg=0.00ms max=0.00ms | totals armed=0 unarmed=0 skipped=0 busy=0 mismatch=0 copies_failed=0 writes=0 conflicts=0
20:55:26.994  [fg-relay] rate4: throttle depth=1 off=0 | sleep calls=51.7/s waits=0.0/s clear=0.0/s timeouts=0.0/s avg=0.00ms | present calls=51.7/s waits=0.0/s clear=0.0/s timeouts=0.0/s avg=0.00ms | max=0.00ms (process)
20:55:39.431  qpc=4332349981856 [focus-fg] state: enabled=1 hooked=1 foreground=0 minimized=0 hwnd=000000001D530C1A scope_calls=4343 original_false=1216 kept=1216 presents=5825 FG_evaluates=13021
20:55:41.994  [fg-relay] rate/15.0s p2 import_opt=1: presents=30.0/s present-gate[point=30.0 ready=0.0 fallback=0.0 inactive=0.0]/s noinfo=0.0/s stale=0.0/s unlearned=0.0/s attempts=0.0/s armed=0.0/s skipped=0.0/s busy=0.0/s arm-reject[state=0.0 request=0.0 refused=0.0 stopping=0.0 res=0.0 size=0.0]/s pool[cap=0.0 family=0.0 create=0.0 alloc=0.0]/s copy-drop[fence=0.0 reset=0.0 begin=0.0 end=0.0 submit=0.0]/s cf[seq=0.0/s idle=0.0/s nrfence=0.0/s] slotbusy=0.0/s copyfence-busy=0.0/s nr-gpuwait=0.0/s flips=0.0/s
20:55:41.995  [fg-relay] rate2: fginput eval=90.0/s index!=1=0.0/s eval-gate[off=0.0 fallback=0.0 notready=0.0 noinput=0.0 noqueue=0.0]/s relay eval=0.0/s consume=0.0/s inplace=0.0/s(ok 0.0/s) unarmed=0.0/s mismatch=0.0/s relbusy=0.0/s relok=0.0/s relfail=0.0/s release-stage[queue=0.0 pool=0.0 fence=0.0 reset=0.0 begin=0.0 end=0.0 submit=0.0]/s watchdog=0.0/s | worker plays=0.0/s ok=0.0/s fail=0.0/s nr_absent=0.0/s copyfail=0.0/s
20:55:41.995  [fg-relay] rate3: arm->arm avg=0.00ms max=0.00ms n=0 | arm->work avg=0.00ms max=0.00ms | arm->eval avg=0.00ms max=0.00ms | copywait avg=0.000ms max=0.000ms | copy-land<= avg=0.00ms max=0.00ms | work avg=0.00ms max=0.00ms | totals armed=0 unarmed=0 skipped=0 busy=0 mismatch=0 copies_failed=0 writes=0 conflicts=0
20:55:41.995  [fg-relay] rate4: throttle depth=1 off=0 | sleep calls=30.0/s waits=0.0/s clear=0.0/s timeouts=0.0/s avg=0.00ms | present calls=30.0/s waits=0.0/s clear=0.0/s timeouts=0.0/s avg=0.00ms | max=0.00ms (process)
20:55:44.594  === Vulkan CreateFeature1 #24  feature_id=18  VkDevice=000000002FEE00D0  thread 22972 ===
20:55:44.595  === Vulkan CreateFeature1 #24 returned -1160773630, handle=0000000000000000 ===
20:55:46.511  qpc=4332420766755 [fg-transition] start=4332420765503 frame=0000000000001793 idx=2/3 queue=000000002EC43CD0 reset=0 enable=1 recording=1 not-rendering=0 metering=0 fullscreen=0 slmode=1 known=0x17f hud=43e2ccd0 back=40ac6cd0 real=0 interp=455878d0 bridge-lock=1 arm=0->0 result=1 disable-interp=0(known=0) foreground=1 monitors=0000000003DB2751/0000000003DB2751 cpu=0.125ms
20:55:46.512  qpc=4332420769102 [fg-transition] start=4332420768430 frame=0000000000001793 idx=3/3 queue=000000002EC43CD0 reset=0 enable=1 recording=1 not-rendering=0 metering=0 fullscreen=0 slmode=1 known=0x17f hud=43e2ccd0 back=40ac6cd0 real=0 interp=455872d0 bridge-lock=1 arm=0->0 result=1 disable-interp=0(known=0) foreground=1 monitors=0000000003DB2751/0000000003DB2751 cpu=0.067ms
20:55:46.512  qpc=4332420771109 [fg-transition] start=4332420769638 frame=0000000000001794 idx=1/3 queue=000000002EC43CD0 reset=0 enable=1 recording=1 not-rendering=0 metering=0 fullscreen=0 slmode=1 known=0x17f hud=43e2ccd0 back=40ac78d0 real=45587ed0 interp=45586cd0 bridge-lock=1 arm=0->0 result=1 disable-interp=0(known=0) foreground=1 monitors=0000000003DB2751/0000000003DB2751 cpu=0.147ms
20:55:46.533  qpc=4332420976156 [fg-transition] start=4332420974848 frame=0000000000001794 idx=2/3 queue=000000002EC43CD0 reset=0 enable=1 recording=1 not-rendering=0 metering=0 fullscreen=0 slmode=1 known=0x17f hud=43e2ccd0 back=40ac78d0 real=0 interp=455872d0 bridge-lock=1 arm=0->0 result=1 disable-interp=0(known=0) foreground=1 monitors=0000000003DB2751/0000000003DB2751 cpu=0.131ms
20:55:46.533  qpc=4332420978599 [fg-transition] start=4332420977795 frame=0000000000001794 idx=3/3 queue=000000002EC43CD0 reset=0 enable=1 recording=1 not-rendering=0 metering=0 fullscreen=0 slmode=1 known=0x17f hud=43e2ccd0 back=40ac78d0 real=0 interp=455878d0 bridge-lock=1 arm=0->0 result=1 disable-interp=0(known=0) foreground=1 monitors=0000000003DB2751/0000000003DB2751 cpu=0.080ms
20:55:46.533  qpc=4332420980934 [fg-transition] start=4332420979102 frame=0000000000001795 idx=1/3 queue=000000002EC43CD0 reset=0 enable=1 recording=1 not-rendering=0 metering=0 fullscreen=0 slmode=1 known=0x17f hud=43e2ccd0 back=40ac9cd0 real=45586cd0 interp=45587ed0 bridge-lock=1 arm=0->0 result=1 disable-interp=0(known=0) foreground=1 monitors=0000000003DB2751/0000000003DB2751 cpu=0.183ms
20:55:46.553  qpc=4332421182268 [fg-transition] start=4332421180948 frame=0000000000001795 idx=2/3 queue=000000002EC43CD0 reset=0 enable=1 recording=1 not-rendering=0 metering=0 fullscreen=0 slmode=1 known=0x17f hud=43e2ccd0 back=40ac9cd0 real=0 interp=455878d0 bridge-lock=1 arm=0->0 result=1 disable-interp=0(known=0) foreground=1 monitors=0000000003DB2751/0000000003DB2751 cpu=0.132ms
20:55:46.554  qpc=4332421185333 [fg-transition] start=4332421184200 frame=0000000000001795 idx=3/3 queue=000000002EC43CD0 reset=0 enable=1 recording=1 not-rendering=0 metering=0 fullscreen=0 slmode=1 known=0x17f hud=43e2ccd0 back=40ac9cd0 real=0 interp=455872d0 bridge-lock=1 arm=0->0 result=1 disable-interp=0(known=0) foreground=1 monitors=0000000003DB2751/0000000003DB2751 cpu=0.113ms
20:55:46.554  qpc=4332421188051 [fg-transition] start=4332421185989 frame=0000000000001796 idx=1/3 queue=000000002EC43CD0 reset=0 enable=1 recording=1 not-rendering=0 metering=0 fullscreen=0 slmode=1 known=0x17f hud=43e2ccd0 back=40ac6cd0 real=45587ed0 interp=45586cd0 bridge-lock=1 arm=0->0 result=1 disable-interp=0(known=0) foreground=1 monitors=0000000003DB2751/0000000003DB2751 cpu=0.206ms
20:55:46.573  qpc=4332421387388 [fg-transition] start=4332421386267 frame=0000000000001796 idx=2/3 queue=000000002EC43CD0 reset=0 enable=1 recording=1 not-rendering=0 metering=0 fullscreen=0 slmode=1 known=0x17f hud=43e2ccd0 back=40ac6cd0 real=0 interp=455872d0 bridge-lock=1 arm=0->0 result=1 disable-interp=0(known=0) foreground=1 monitors=0000000003DB2751/0000000003DB2751 cpu=0.112ms
20:55:46.573  qpc=4332421389634 [fg-transition] start=4332421388987 frame=0000000000001796 idx=3/3 queue=000000002EC43CD0 reset=0 enable=1 recording=1 not-rendering=0 metering=0 fullscreen=0 slmode=1 known=0x17f hud=43e2ccd0 back=40ac6cd0 real=0 interp=455878d0 bridge-lock=1 arm=0->0 result=1 disable-interp=0(known=0) foreground=1 monitors=0000000003DB2751/0000000003DB2751 cpu=0.065ms
20:55:46.574  qpc=4332421391518 [fg-transition] start=4332421390076 frame=0000000000001797 idx=1/3 queue=000000002EC43CD0 reset=0 enable=1 recording=1 not-rendering=0 metering=0 fullscreen=0 slmode=1 known=0x17f hud=43e2ccd0 back=40ac78d0 real=45586cd0 interp=45587ed0 bridge-lock=1 arm=0->0 result=1 disable-interp=0(known=0) foreground=1 monitors=0000000003DB2751/0000000003DB2751 cpu=0.144ms
20:55:47.438  qpc=4332430055399 [focus-fg] state: enabled=1 hooked=1 foreground=1 minimized=0 hwnd=000000001D530C1A scope_calls=4605 original_false=1428 kept=1428 presents=6087 FG_evaluates=13810
20:55:56.988  [fg-relay] rate/15.0s p2 import_opt=1: presents=50.1/s present-gate[point=50.1 ready=0.0 fallback=0.0 inactive=0.0]/s noinfo=0.0/s stale=0.0/s unlearned=0.0/s attempts=0.0/s armed=0.0/s skipped=0.0/s busy=0.0/s arm-reject[state=0.0 request=0.0 refused=0.0 stopping=0.0 res=0.0 size=0.0]/s pool[cap=0.0 family=0.0 create=0.0 alloc=0.0]/s copy-drop[fence=0.0 reset=0.0 begin=0.0 end=0.0 submit=0.0]/s cf[seq=0.0/s idle=0.0/s nrfence=0.0/s] slotbusy=0.0/s copyfence-busy=0.0/s nr-gpuwait=0.0/s flips=0.0/s
20:55:56.989  [fg-relay] rate2: fginput eval=150.6/s index!=1=0.0/s eval-gate[off=0.0 fallback=0.0 notready=0.0 noinput=0.0 noqueue=0.0]/s relay eval=0.0/s consume=0.0/s inplace=0.0/s(ok 0.0/s) unarmed=0.0/s mismatch=0.0/s relbusy=0.0/s relok=0.0/s relfail=0.0/s release-stage[queue=0.0 pool=0.0 fence=0.0 reset=0.0 begin=0.0 end=0.0 submit=0.0]/s watchdog=0.0/s | worker plays=0.0/s ok=0.0/s fail=0.0/s nr_absent=0.0/s copyfail=0.0/s
20:55:56.989  [fg-relay] rate3: arm->arm avg=0.00ms max=0.00ms n=0 | arm->work avg=0.00ms max=0.00ms | arm->eval avg=0.00ms max=0.00ms | copywait avg=0.000ms max=0.000ms | copy-land<= avg=0.00ms max=0.00ms | work avg=0.00ms max=0.00ms | totals armed=0 unarmed=0 skipped=0 busy=0 mismatch=0 copies_failed=0 writes=0 conflicts=0
20:55:56.989  [fg-relay] rate4: throttle depth=1 off=0 | sleep calls=50.1/s waits=0.0/s clear=0.0/s timeouts=0.0/s avg=0.00ms | present calls=50.1/s waits=0.0/s clear=0.0/s timeouts=0.0/s avg=0.00ms | max=0.00ms (process)
20:55:58.123  qpc=4332536877467 [fg-transition] start=4332536875801 frame=0000000000001A40 idx=2/3 queue=000000002EC43CD0 reset=0 enable=1 recording=1 not-rendering=0 metering=0 fullscreen=0 slmode=1 known=0x17f hud=43e2ccd0 back=40ac78d0 real=0 interp=455872d0 bridge-lock=1 arm=0->0 result=1 disable-interp=0(known=0) foreground=0 monitors=0000000003DB2751/0000000000000000 cpu=0.166ms
20:55:58.123  qpc=4332536885060 [fg-transition] start=4332536879915 frame=0000000000001A40 idx=3/3 queue=000000002EC43CD0 reset=0 enable=1 recording=1 not-rendering=0 metering=0 fullscreen=0 slmode=1 known=0x17f hud=43e2ccd0 back=40ac78d0 real=0 interp=455878d0 bridge-lock=1 arm=0->0 result=1 disable-interp=0(known=0) foreground=0 monitors=0000000003DB2751/0000000000000000 cpu=0.514ms
20:55:58.124  qpc=4332536888035 [fg-transition] start=4332536886038 frame=0000000000001A41 idx=1/3 queue=000000002EC43CD0 reset=0 enable=1 recording=1 not-rendering=0 metering=0 fullscreen=0 slmode=1 known=0x17f hud=43e2ccd0 back=40ac9cd0 real=45586cd0 interp=45587ed0 bridge-lock=1 arm=0->0 result=1 disable-interp=0(known=0) foreground=0 monitors=0000000003DB2751/0000000000000000 cpu=0.200ms
20:55:58.159  qpc=4332537246815 [fg-transition] start=4332537245521 frame=0000000000001A41 idx=2/3 queue=000000002EC43CD0 reset=0 enable=1 recording=1 not-rendering=0 metering=0 fullscreen=0 slmode=1 known=0x17f hud=43e2ccd0 back=40ac9cd0 real=0 interp=455878d0 bridge-lock=1 arm=0->0 result=1 disable-interp=0(known=0) foreground=0 monitors=0000000003DB2751/0000000067FB33F1 cpu=0.129ms
20:55:58.159  qpc=4332537248820 [fg-transition] start=4332537248167 frame=0000000000001A41 idx=3/3 queue=000000002EC43CD0 reset=0 enable=1 recording=1 not-rendering=0 metering=0 fullscreen=0 slmode=1 known=0x17f hud=43e2ccd0 back=40ac9cd0 real=0 interp=455872d0 bridge-lock=1 arm=0->0 result=1 disable-interp=0(known=0) foreground=0 monitors=0000000003DB2751/0000000067FB33F1 cpu=0.065ms
20:55:58.160  qpc=4332537250757 [fg-transition] start=4332537249269 frame=0000000000001A42 idx=1/3 queue=000000002EC43CD0 reset=0 enable=1 recording=1 not-rendering=0 metering=0 fullscreen=0 slmode=1 known=0x17f hud=43e2ccd0 back=40ac6cd0 real=45587ed0 interp=45586cd0 bridge-lock=1 arm=0->0 result=1 disable-interp=0(known=0) foreground=0 monitors=0000000003DB2751/0000000067FB33F1 cpu=0.149ms
20:55:58.192  qpc=4332537577264 [fg-transition] start=4332537575998 frame=0000000000001A42 idx=2/3 queue=000000002EC43CD0 reset=0 enable=1 recording=1 not-rendering=0 metering=0 fullscreen=0 slmode=1 known=0x17f hud=43e2ccd0 back=40ac6cd0 real=0 interp=455872d0 bridge-lock=1 arm=0->0 result=1 disable-interp=0(known=0) foreground=0 monitors=0000000003DB2751/0000000067FB33F1 cpu=0.126ms
20:55:58.193  qpc=4332537579367 [fg-transition] start=4332537578723 frame=0000000000001A42 idx=3/3 queue=000000002EC43CD0 reset=0 enable=1 recording=1 not-rendering=0 metering=0 fullscreen=0 slmode=1 known=0x17f hud=43e2ccd0 back=40ac6cd0 real=0 interp=455878d0 bridge-lock=1 arm=0->0 result=1 disable-interp=0(known=0) foreground=0 monitors=0000000003DB2751/0000000067FB33F1 cpu=0.064ms
20:55:58.193  qpc=4332537581275 [fg-transition] start=4332537579832 frame=0000000000001A43 idx=1/3 queue=000000002EC43CD0 reset=0 enable=1 recording=1 not-rendering=0 metering=0 fullscreen=0 slmode=1 known=0x17f hud=43e2ccd0 back=40ac78d0 real=45586cd0 interp=45587ed0 bridge-lock=1 arm=0->0 result=1 disable-interp=0(known=0) foreground=0 monitors=0000000003DB2751/0000000067FB33F1 cpu=0.144ms
20:55:58.227  qpc=4332537927716 [fg-transition] start=4332537926520 frame=0000000000001A43 idx=2/3 queue=000000002EC43CD0 reset=0 enable=1 recording=1 not-rendering=0 metering=0 fullscreen=0 slmode=1 known=0x17f hud=43e2ccd0 back=40ac78d0 real=0 interp=455878d0 bridge-lock=1 arm=0->0 result=1 disable-interp=0(known=0) foreground=0 monitors=0000000003DB2751/0000000067FB33F1 cpu=0.119ms
20:55:58.228  qpc=4332537929974 [fg-transition] start=4332537929347 frame=0000000000001A43 idx=3/3 queue=000000002EC43CD0 reset=0 enable=1 recording=1 not-rendering=0 metering=0 fullscreen=0 slmode=1 known=0x17f hud=43e2ccd0 back=40ac78d0 real=0 interp=455872d0 bridge-lock=1 arm=0->0 result=1 disable-interp=0(known=0) foreground=0 monitors=0000000003DB2751/0000000067FB33F1 cpu=0.063ms
20:55:58.228  qpc=4332537931860 [fg-transition] start=4332537930426 frame=0000000000001A44 idx=1/3 queue=000000002EC43CD0 reset=0 enable=1 recording=1 not-rendering=0 metering=0 fullscreen=0 slmode=1 known=0x17f hud=43e2ccd0 back=40ac9cd0 real=45587ed0 interp=45586cd0 bridge-lock=1 arm=0->0 result=1 disable-interp=0(known=0) foreground=0 monitors=0000000003DB2751/0000000067FB33F1 cpu=0.143ms
20:55:58.458  qpc=4332540253343 [focus-fg] state: enabled=1 hooked=1 foreground=0 minimized=0 hwnd=000000001D530C1A scope_calls=5250 original_false=1439 kept=1439 presents=6732 FG_evaluates=15742
20:56:11.994  [fg-relay] rate/15.0s p2 import_opt=1: presents=32.1/s present-gate[point=32.1 ready=0.0 fallback=0.0 inactive=0.0]/s noinfo=0.0/s stale=0.0/s unlearned=0.0/s attempts=0.0/s armed=0.0/s skipped=0.0/s busy=0.0/s arm-reject[state=0.0 request=0.0 refused=0.0 stopping=0.0 res=0.0 size=0.0]/s pool[cap=0.0 family=0.0 create=0.0 alloc=0.0]/s copy-drop[fence=0.0 reset=0.0 begin=0.0 end=0.0 submit=0.0]/s cf[seq=0.0/s idle=0.0/s nrfence=0.0/s] slotbusy=0.0/s copyfence-busy=0.0/s nr-gpuwait=0.0/s flips=0.0/s
20:56:11.994  [fg-relay] rate2: fginput eval=96.2/s index!=1=0.0/s eval-gate[off=0.0 fallback=0.0 notready=0.0 noinput=0.0 noqueue=0.0]/s relay eval=0.0/s consume=0.0/s inplace=0.0/s(ok 0.0/s) unarmed=0.0/s mismatch=0.0/s relbusy=0.0/s relok=0.0/s relfail=0.0/s release-stage[queue=0.0 pool=0.0 fence=0.0 reset=0.0 begin=0.0 end=0.0 submit=0.0]/s watchdog=0.0/s | worker plays=0.0/s ok=0.0/s fail=0.0/s nr_absent=0.0/s copyfail=0.0/s
20:56:11.994  [fg-relay] rate3: arm->arm avg=0.00ms max=0.00ms n=0 | arm->work avg=0.00ms max=0.00ms | arm->eval avg=0.00ms max=0.00ms | copywait avg=0.000ms max=0.000ms | copy-land<= avg=0.00ms max=0.00ms | work avg=0.00ms max=0.00ms | totals armed=0 unarmed=0 skipped=0 busy=0 mismatch=0 copies_failed=0 writes=0 conflicts=0
20:56:11.994  [fg-relay] rate4: throttle depth=1 off=0 | sleep calls=32.1/s waits=0.0/s clear=0.0/s timeouts=0.0/s avg=0.00ms | present calls=32.1/s waits=0.0/s clear=0.0/s timeouts=0.0/s avg=0.00ms | max=0.00ms (process)
20:56:13.495  qpc=4332690619014 [focus-fg] state: enabled=1 hooked=1 foreground=0 minimized=0 hwnd=000000001D530C1A scope_calls=5699 original_false=1888 kept=1888 presents=7181 FG_evaluates=17089
20:56:14.625  === Vulkan CreateFeature1 #25  feature_id=18  VkDevice=000000002FEE00D0  thread 22972 ===
20:56:14.625  === Vulkan CreateFeature1 #25 returned -1160773630, handle=0000000000000000 ===
20:56:19.665  qpc=4332752304139 [fg-transition] start=4332752302957 frame=0000000000001CC4 idx=2/3 queue=000000002EC43CD0 reset=0 enable=1 recording=1 not-rendering=0 metering=0 fullscreen=0 slmode=1 known=0x17f hud=43e2ccd0 back=40ac6cd0 real=0 interp=455872d0 bridge-lock=1 arm=0->0 result=1 disable-interp=0(known=0) foreground=1 monitors=0000000003DB2751/0000000003DB2751 cpu=0.118ms
20:56:19.665  qpc=4332752306480 [fg-transition] start=4332752305834 frame=0000000000001CC4 idx=3/3 queue=000000002EC43CD0 reset=0 enable=1 recording=1 not-rendering=0 metering=0 fullscreen=0 slmode=1 known=0x17f hud=43e2ccd0 back=40ac6cd0 real=0 interp=455878d0 bridge-lock=1 arm=0->0 result=1 disable-interp=0(known=0) foreground=1 monitors=0000000003DB2751/0000000003DB2751 cpu=0.064ms
20:56:19.665  qpc=4332752308408 [fg-transition] start=4332752306931 frame=0000000000001CC5 idx=1/3 queue=000000002EC43CD0 reset=0 enable=1 recording=1 not-rendering=0 metering=0 fullscreen=0 slmode=1 known=0x17f hud=43e2ccd0 back=40ac78d0 real=45586cd0 interp=45587ed0 bridge-lock=1 arm=0->0 result=1 disable-interp=0(known=0) foreground=1 monitors=0000000003DB2751/0000000003DB2751 cpu=0.148ms
20:56:19.686  qpc=4332752513848 [fg-transition] start=4332752512691 frame=0000000000001CC5 idx=2/3 queue=000000002EC43CD0 reset=0 enable=1 recording=1 not-rendering=0 metering=0 fullscreen=0 slmode=1 known=0x17f hud=43e2ccd0 back=40ac78d0 real=0 interp=455878d0 bridge-lock=1 arm=0->0 result=1 disable-interp=0(known=0) foreground=1 monitors=0000000003DB2751/0000000003DB2751 cpu=0.116ms
20:56:19.686  qpc=4332752515906 [fg-transition] start=4332752515174 frame=0000000000001CC5 idx=3/3 queue=000000002EC43CD0 reset=0 enable=1 recording=1 not-rendering=0 metering=0 fullscreen=0 slmode=1 known=0x17f hud=43e2ccd0 back=40ac78d0 real=0 interp=455872d0 bridge-lock=1 arm=0->0 result=1 disable-interp=0(known=0) foreground=1 monitors=0000000003DB2751/0000000003DB2751 cpu=0.073ms
20:56:19.686  qpc=4332752517872 [fg-transition] start=4332752516384 frame=0000000000001CC6 idx=1/3 queue=000000002EC43CD0 reset=0 enable=1 recording=1 not-rendering=0 metering=0 fullscreen=0 slmode=1 known=0x17f hud=43e2ccd0 back=40ac9cd0 real=45587ed0 interp=45586cd0 bridge-lock=1 arm=0->0 result=1 disable-interp=0(known=0) foreground=1 monitors=0000000003DB2751/0000000003DB2751 cpu=0.149ms
20:56:19.706  qpc=4332752722199 [fg-transition] start=4332752720990 frame=0000000000001CC6 idx=2/3 queue=000000002EC43CD0 reset=0 enable=1 recording=1 not-rendering=0 metering=0 fullscreen=0 slmode=1 known=0x17f hud=43e2ccd0 back=40ac9cd0 real=0 interp=455872d0 bridge-lock=1 arm=0->0 result=1 disable-interp=0(known=0) foreground=1 monitors=0000000003DB2751/0000000003DB2751 cpu=0.121ms
20:56:19.706  qpc=4332752724450 [fg-transition] start=4332752723789 frame=0000000000001CC6 idx=3/3 queue=000000002EC43CD0 reset=0 enable=1 recording=1 not-rendering=0 metering=0 fullscreen=0 slmode=1 known=0x17f hud=43e2ccd0 back=40ac9cd0 real=0 interp=455878d0 bridge-lock=1 arm=0->0 result=1 disable-interp=0(known=0) foreground=1 monitors=0000000003DB2751/0000000003DB2751 cpu=0.066ms
20:56:19.707  qpc=4332752726365 [fg-transition] start=4332752724881 frame=0000000000001CC7 idx=1/3 queue=000000002EC43CD0 reset=0 enable=1 recording=1 not-rendering=0 metering=0 fullscreen=0 slmode=1 known=0x17f hud=43e2ccd0 back=40ac6cd0 real=45586cd0 interp=45587ed0 bridge-lock=1 arm=0->0 result=1 disable-interp=0(known=0) foreground=1 monitors=0000000003DB2751/0000000003DB2751 cpu=0.148ms
20:56:19.729  qpc=4332752942063 [fg-transition] start=4332752940608 frame=0000000000001CC7 idx=2/3 queue=000000002EC43CD0 reset=0 enable=1 recording=1 not-rendering=0 metering=0 fullscreen=0 slmode=1 known=0x17f hud=43e2ccd0 back=40ac6cd0 real=0 interp=455878d0 bridge-lock=1 arm=0->0 result=1 disable-interp=0(known=0) foreground=1 monitors=0000000003DB2751/0000000003DB2751 cpu=0.145ms
20:56:19.729  qpc=4332752944639 [fg-transition] start=4332752943721 frame=0000000000001CC7 idx=3/3 queue=000000002EC43CD0 reset=0 enable=1 recording=1 not-rendering=0 metering=0 fullscreen=0 slmode=1 known=0x17f hud=43e2ccd0 back=40ac6cd0 real=0 interp=455872d0 bridge-lock=1 arm=0->0 result=1 disable-interp=0(known=0) foreground=1 monitors=0000000003DB2751/0000000003DB2751 cpu=0.092ms
20:56:19.729  qpc=4332752947274 [fg-transition] start=4332752945238 frame=0000000000001CC8 idx=1/3 queue=000000002EC43CD0 reset=0 enable=1 recording=1 not-rendering=0 metering=0 fullscreen=0 slmode=1 known=0x17f hud=43e2ccd0 back=40ac78d0 real=45587ed0 interp=45586cd0 bridge-lock=1 arm=0->0 result=1 disable-interp=0(known=0) foreground=1 monitors=0000000003DB2751/0000000003DB2751 cpu=0.204ms
20:56:20.270  qpc=4332758354084 [fg-transition] start=4332758352689 frame=0000000000001CE2 idx=2/3 queue=000000002EC43CD0 reset=0 enable=1 recording=1 not-rendering=0 metering=0 fullscreen=0 slmode=1 known=0x17f hud=43e2ccd0 back=40ac6cd0 real=0 interp=455872d0 bridge-lock=1 arm=0->0 result=1 disable-interp=0(known=0) foreground=0 monitors=0000000003DB2751/0000000067FB33F1 cpu=0.139ms
20:56:20.271  qpc=4332758356533 [fg-transition] start=4332758355858 frame=0000000000001CE2 idx=3/3 queue=000000002EC43CD0 reset=0 enable=1 recording=1 not-rendering=0 metering=0 fullscreen=0 slmode=1 known=0x17f hud=43e2ccd0 back=40ac6cd0 real=0 interp=455878d0 bridge-lock=1 arm=0->0 result=1 disable-interp=0(known=0) foreground=0 monitors=0000000003DB2751/0000000067FB33F1 cpu=0.067ms
20:56:20.271  qpc=4332758358526 [fg-transition] start=4332758357037 frame=0000000000001CE3 idx=1/3 queue=000000002EC43CD0 reset=0 enable=1 recording=1 not-rendering=0 metering=0 fullscreen=0 slmode=1 known=0x17f hud=43e2ccd0 back=40ac78d0 real=45586cd0 interp=45587ed0 bridge-lock=1 arm=0->0 result=1 disable-interp=0(known=0) foreground=0 monitors=0000000003DB2751/0000000067FB33F1 cpu=0.149ms
20:56:20.305  qpc=4332758702155 [fg-transition] start=4332758700699 frame=0000000000001CE3 idx=2/3 queue=000000002EC43CD0 reset=0 enable=1 recording=1 not-rendering=0 metering=0 fullscreen=0 slmode=1 known=0x17f hud=43e2ccd0 back=40ac78d0 real=0 interp=455878d0 bridge-lock=1 arm=0->0 result=1 disable-interp=0(known=0) foreground=0 monitors=0000000003DB2751/0000000067FB33F1 cpu=0.145ms
20:56:20.305  qpc=4332758704817 [fg-transition] start=4332758704016 frame=0000000000001CE3 idx=3/3 queue=000000002EC43CD0 reset=0 enable=1 recording=1 not-rendering=0 metering=0 fullscreen=0 slmode=1 known=0x17f hud=43e2ccd0 back=40ac78d0 real=0 interp=455872d0 bridge-lock=1 arm=0->0 result=1 disable-interp=0(known=0) foreground=0 monitors=0000000003DB2751/0000000067FB33F1 cpu=0.080ms
20:56:20.306  qpc=4332758706917 [fg-transition] start=4332758705355 frame=0000000000001CE4 idx=1/3 queue=000000002EC43CD0 reset=0 enable=1 recording=1 not-rendering=0 metering=0 fullscreen=0 slmode=1 known=0x17f hud=43e2ccd0 back=40ac9cd0 real=45587ed0 interp=45586cd0 bridge-lock=1 arm=0->0 result=1 disable-interp=0(known=0) foreground=0 monitors=0000000003DB2751/0000000067FB33F1 cpu=0.156ms
20:56:20.340  qpc=4332759047345 [fg-transition] start=4332759045071 frame=0000000000001CE4 idx=2/3 queue=000000002EC43CD0 reset=0 enable=1 recording=1 not-rendering=0 metering=0 fullscreen=0 slmode=1 known=0x17f hud=43e2ccd0 back=40ac9cd0 real=0 interp=455872d0 bridge-lock=1 arm=0->0 result=1 disable-interp=0(known=0) foreground=0 monitors=0000000003DB2751/0000000067FB33F1 cpu=0.227ms
20:56:20.340  qpc=4332759050585 [fg-transition] start=4332759049700 frame=0000000000001CE4 idx=3/3 queue=000000002EC43CD0 reset=0 enable=1 recording=1 not-rendering=0 metering=0 fullscreen=0 slmode=1 known=0x17f hud=43e2ccd0 back=40ac9cd0 real=0 interp=455878d0 bridge-lock=1 arm=0->0 result=1 disable-interp=0(known=0) foreground=0 monitors=0000000003DB2751/0000000067FB33F1 cpu=0.088ms
20:56:20.340  qpc=4332759053256 [fg-transition] start=4332759051324 frame=0000000000001CE5 idx=1/3 queue=000000002EC43CD0 reset=0 enable=1 recording=1 not-rendering=0 metering=0 fullscreen=0 slmode=1 known=0x17f hud=43e2ccd0 back=40ac6cd0 real=45586cd0 interp=45587ed0 bridge-lock=1 arm=0->0 result=1 disable-interp=0(known=0) foreground=0 monitors=0000000003DB2751/0000000067FB33F1 cpu=0.193ms
20:56:20.374  qpc=4332759389858 [fg-transition] start=4332759388600 frame=0000000000001CE5 idx=2/3 queue=000000002EC43CD0 reset=0 enable=1 recording=1 not-rendering=0 metering=0 fullscreen=0 slmode=1 known=0x17f hud=43e2ccd0 back=40ac6cd0 real=0 interp=455878d0 bridge-lock=1 arm=0->0 result=1 disable-interp=0(known=0) foreground=0 monitors=0000000003DB2751/0000000067FB33F1 cpu=0.126ms
20:56:20.374  qpc=4332759392242 [fg-transition] start=4332759391581 frame=0000000000001CE5 idx=3/3 queue=000000002EC43CD0 reset=0 enable=1 recording=1 not-rendering=0 metering=0 fullscreen=0 slmode=1 known=0x17f hud=43e2ccd0 back=40ac6cd0 real=0 interp=455872d0 bridge-lock=1 arm=0->0 result=1 disable-interp=0(known=0) foreground=0 monitors=0000000003DB2751/0000000067FB33F1 cpu=0.066ms
20:56:20.375  qpc=4332759394155 [fg-transition] start=4332759392704 frame=0000000000001CE6 idx=1/3 queue=000000002EC43CD0 reset=0 enable=1 recording=1 not-rendering=0 metering=0 fullscreen=0 slmode=1 known=0x17f hud=43e2ccd0 back=40ac78d0 real=45587ed0 interp=45586cd0 bridge-lock=1 arm=0->0 result=1 disable-interp=0(known=0) foreground=0 monitors=0000000003DB2751/0000000067FB33F1 cpu=0.145ms
20:56:23.599  qpc=4332791645911 [fg-transition] start=4332791644363 frame=0000000000001D44 idx=2/3 queue=000000002EC43CD0 reset=0 enable=1 recording=1 not-rendering=0 metering=0 fullscreen=0 slmode=1 known=0x17f hud=43e2ccd0 back=40ac9cd0 real=0 interp=455872d0 bridge-lock=1 arm=0->0 result=1 disable-interp=0(known=0) foreground=1 monitors=0000000003DB2751/0000000003DB2751 cpu=0.155ms
20:56:23.599  qpc=4332791649033 [fg-transition] start=4332791648308 frame=0000000000001D44 idx=3/3 queue=000000002EC43CD0 reset=0 enable=1 recording=1 not-rendering=0 metering=0 fullscreen=0 slmode=1 known=0x17f hud=43e2ccd0 back=40ac9cd0 real=0 interp=455878d0 bridge-lock=1 arm=0->0 result=1 disable-interp=0(known=0) foreground=1 monitors=0000000003DB2751/0000000003DB2751 cpu=0.072ms
20:56:23.599  qpc=4332791651092 [fg-transition] start=4332791649529 frame=0000000000001D45 idx=1/3 queue=000000002EC43CD0 reset=0 enable=1 recording=1 not-rendering=0 metering=0 fullscreen=0 slmode=1 known=0x17f hud=43e2ccd0 back=40ac6cd0 real=45586cd0 interp=45587ed0 bridge-lock=1 arm=0->0 result=1 disable-interp=0(known=0) foreground=1 monitors=0000000003DB2751/0000000003DB2751 cpu=0.156ms
20:56:23.621  qpc=4332791858557 [fg-transition] start=4332791857516 frame=0000000000001D45 idx=2/3 queue=000000002EC43CD0 reset=0 enable=1 recording=1 not-rendering=0 metering=0 fullscreen=0 slmode=1 known=0x17f hud=43e2ccd0 back=40ac6cd0 real=0 interp=455878d0 bridge-lock=1 arm=0->0 result=1 disable-interp=0(known=0) foreground=1 monitors=0000000003DB2751/0000000003DB2751 cpu=0.104ms
20:56:23.621  qpc=4332791860909 [fg-transition] start=4332791860220 frame=0000000000001D45 idx=3/3 queue=000000002EC43CD0 reset=0 enable=1 recording=1 not-rendering=0 metering=0 fullscreen=0 slmode=1 known=0x17f hud=43e2ccd0 back=40ac6cd0 real=0 interp=455872d0 bridge-lock=1 arm=0->0 result=1 disable-interp=0(known=0) foreground=1 monitors=0000000003DB2751/0000000003DB2751 cpu=0.069ms
20:56:23.621  qpc=4332791862854 [fg-transition] start=4332791861413 frame=0000000000001D46 idx=1/3 queue=000000002EC43CD0 reset=0 enable=1 recording=1 not-rendering=0 metering=0 fullscreen=0 slmode=1 known=0x17f hud=43e2ccd0 back=40ac78d0 real=45587ed0 interp=45586cd0 bridge-lock=1 arm=0->0 result=1 disable-interp=0(known=0) foreground=1 monitors=0000000003DB2751/0000000003DB2751 cpu=0.144ms
20:56:23.642  qpc=4332792067389 [fg-transition] start=4332792066136 frame=0000000000001D46 idx=2/3 queue=000000002EC43CD0 reset=0 enable=1 recording=1 not-rendering=0 metering=0 fullscreen=0 slmode=1 known=0x17f hud=43e2ccd0 back=40ac78d0 real=0 interp=455872d0 bridge-lock=1 arm=0->0 result=1 disable-interp=0(known=0) foreground=1 monitors=0000000003DB2751/0000000003DB2751 cpu=0.125ms
20:56:23.642  qpc=4332792070471 [fg-transition] start=4332792069266 frame=0000000000001D46 idx=3/3 queue=000000002EC43CD0 reset=0 enable=1 recording=1 not-rendering=0 metering=0 fullscreen=0 slmode=1 known=0x17f hud=43e2ccd0 back=40ac78d0 real=0 interp=455878d0 bridge-lock=1 arm=0->0 result=1 disable-interp=0(known=0) foreground=1 monitors=0000000003DB2751/0000000003DB2751 cpu=0.120ms
20:56:23.643  qpc=4332792072900 [fg-transition] start=4332792071350 frame=0000000000001D47 idx=1/3 queue=000000002EC43CD0 reset=0 enable=1 recording=1 not-rendering=0 metering=0 fullscreen=0 slmode=1 known=0x17f hud=43e2ccd0 back=40ac9cd0 real=45586cd0 interp=45587ed0 bridge-lock=1 arm=0->0 result=1 disable-interp=0(known=0) foreground=1 monitors=0000000003DB2751/0000000003DB2751 cpu=0.155ms
20:56:23.662  qpc=4332792269528 [fg-transition] start=4332792267611 frame=0000000000001D47 idx=2/3 queue=000000002EC43CD0 reset=0 enable=1 recording=1 not-rendering=0 metering=0 fullscreen=0 slmode=1 known=0x17f hud=43e2ccd0 back=40ac9cd0 real=0 interp=455878d0 bridge-lock=1 arm=0->0 result=1 disable-interp=0(known=0) foreground=1 monitors=0000000003DB2751/0000000003DB2751 cpu=0.191ms
20:56:23.662  qpc=4332792272477 [fg-transition] start=4332792271617 frame=0000000000001D47 idx=3/3 queue=000000002EC43CD0 reset=0 enable=1 recording=1 not-rendering=0 metering=0 fullscreen=0 slmode=1 known=0x17f hud=43e2ccd0 back=40ac9cd0 real=0 interp=455872d0 bridge-lock=1 arm=0->0 result=1 disable-interp=0(known=0) foreground=1 monitors=0000000003DB2751/0000000003DB2751 cpu=0.086ms
20:56:23.663  qpc=4332792275221 [fg-transition] start=4332792272951 frame=0000000000001D48 idx=1/3 queue=000000002EC43CD0 reset=0 enable=1 recording=1 not-rendering=0 metering=0 fullscreen=0 slmode=1 known=0x17f hud=43e2ccd0 back=40ac6cd0 real=45587ed0 interp=45586cd0 bridge-lock=1 arm=0->0 result=1 disable-interp=0(known=0) foreground=1 monitors=0000000003DB2751/0000000003DB2751 cpu=0.227ms
20:56:24.524  qpc=4332800913672 [focus-fg] state: enabled=1 hooked=1 foreground=1 minimized=0 hwnd=000000001D530C1A scope_calls=6062 original_false=2171 kept=2171 presents=7544 FG_evaluates=18181
20:56:26.989  [fg-relay] rate/15.0s p2 import_opt=1: presents=37.1/s present-gate[point=37.1 ready=0.0 fallback=0.0 inactive=0.0]/s noinfo=0.0/s stale=0.0/s unlearned=0.0/s attempts=0.0/s armed=0.0/s skipped=0.0/s busy=0.0/s arm-reject[state=0.0 request=0.0 refused=0.0 stopping=0.0 res=0.0 size=0.0]/s pool[cap=0.0 family=0.0 create=0.0 alloc=0.0]/s copy-drop[fence=0.0 reset=0.0 begin=0.0 end=0.0 submit=0.0]/s cf[seq=0.0/s idle=0.0/s nrfence=0.0/s] slotbusy=0.0/s copyfence-busy=0.0/s nr-gpuwait=0.0/s flips=0.0/s
20:56:26.989  [fg-relay] rate2: fginput eval=111.4/s index!=1=0.0/s eval-gate[off=0.0 fallback=0.0 notready=0.0 noinput=0.0 noqueue=0.0]/s relay eval=0.0/s consume=0.0/s inplace=0.0/s(ok 0.0/s) unarmed=0.0/s mismatch=0.0/s relbusy=0.0/s relok=0.0/s relfail=0.0/s release-stage[queue=0.0 pool=0.0 fence=0.0 reset=0.0 begin=0.0 end=0.0 submit=0.0]/s watchdog=0.0/s | worker plays=0.0/s ok=0.0/s fail=0.0/s nr_absent=0.0/s copyfail=0.0/s
20:56:26.990  [fg-relay] rate3: arm->arm avg=0.00ms max=0.00ms n=0 | arm->work avg=0.00ms max=0.00ms | arm->eval avg=0.00ms max=0.00ms | copywait avg=0.000ms max=0.000ms | copy-land<= avg=0.00ms max=0.00ms | work avg=0.00ms max=0.00ms | totals armed=0 unarmed=0 skipped=0 busy=0 mismatch=0 copies_failed=0 writes=0 conflicts=0
20:56:26.990  [fg-relay] rate4: throttle depth=1 off=0 | sleep calls=37.1/s waits=0.0/s clear=0.0/s timeouts=0.0/s avg=0.00ms | present calls=37.1/s waits=0.0/s clear=0.0/s timeouts=0.0/s avg=0.00ms | max=0.00ms (process)
20:56:31.199  qpc=4332867644124 [fg-transition] start=4332867642715 frame=0000000000001F05 idx=2/3 queue=000000002EC43CD0 reset=0 enable=1 recording=1 not-rendering=0 metering=0 fullscreen=0 slmode=1 known=0x17f hud=43e2ccd0 back=40ac78d0 real=0 interp=455878d0 bridge-lock=1 arm=0->0 result=1 disable-interp=0(known=0) foreground=0 monitors=0000000003DB2751/0000000003DB2751 cpu=0.141ms
20:56:31.199  qpc=4332867647150 [fg-transition] start=4332867646195 frame=0000000000001F05 idx=3/3 queue=000000002EC43CD0 reset=0 enable=1 recording=1 not-rendering=0 metering=0 fullscreen=0 slmode=1 known=0x17f hud=43e2ccd0 back=40ac78d0 real=0 interp=455872d0 bridge-lock=1 arm=0->0 result=1 disable-interp=0(known=0) foreground=0 monitors=0000000003DB2751/0000000003DB2751 cpu=0.095ms
20:56:31.199  qpc=4332867649205 [fg-transition] start=4332867647719 frame=0000000000001F06 idx=1/3 queue=000000002EC43CD0 reset=0 enable=1 recording=1 not-rendering=0 metering=0 fullscreen=0 slmode=1 known=0x17f hud=43e2ccd0 back=40ac9cd0 real=45587ed0 interp=45586cd0 bridge-lock=1 arm=0->0 result=1 disable-interp=0(known=0) foreground=0 monitors=0000000003DB2751/0000000003DB2751 cpu=0.148ms
20:56:31.235  qpc=4332867996890 [fg-transition] start=4332867995659 frame=0000000000001F06 idx=2/3 queue=000000002EC43CD0 reset=0 enable=1 recording=1 not-rendering=0 metering=0 fullscreen=0 slmode=1 known=0x17f hud=43e2ccd0 back=40ac9cd0 real=0 interp=455872d0 bridge-lock=1 arm=0->0 result=1 disable-interp=0(known=0) foreground=0 monitors=0000000003DB2751/0000000003DB2751 cpu=0.123ms
20:56:31.235  qpc=4332867999333 [fg-transition] start=4332867998616 frame=0000000000001F06 idx=3/3 queue=000000002EC43CD0 reset=0 enable=1 recording=1 not-rendering=0 metering=0 fullscreen=0 slmode=1 known=0x17f hud=43e2ccd0 back=40ac9cd0 real=0 interp=455878d0 bridge-lock=1 arm=0->0 result=1 disable-interp=0(known=0) foreground=0 monitors=0000000003DB2751/0000000003DB2751 cpu=0.072ms
20:56:31.235  qpc=4332868001678 [fg-transition] start=4332867999952 frame=0000000000001F07 idx=1/3 queue=000000002EC43CD0 reset=0 enable=1 recording=1 not-rendering=0 metering=0 fullscreen=0 slmode=1 known=0x17f hud=43e2ccd0 back=40ac6cd0 real=45586cd0 interp=45587ed0 bridge-lock=1 arm=0->0 result=1 disable-interp=0(known=0) foreground=0 monitors=0000000003DB2751/0000000003DB2751 cpu=0.172ms
20:56:31.269  qpc=4332868338898 [fg-transition] start=4332868337495 frame=0000000000001F07 idx=2/3 queue=000000002EC43CD0 reset=0 enable=1 recording=1 not-rendering=0 metering=0 fullscreen=0 slmode=1 known=0x17f hud=43e2ccd0 back=40ac6cd0 real=0 interp=455878d0 bridge-lock=1 arm=0->0 result=1 disable-interp=0(known=0) foreground=0 monitors=0000000003DB2751/0000000067FB33F1 cpu=0.140ms
20:56:31.269  qpc=4332868341707 [fg-transition] start=4332868340707 frame=0000000000001F07 idx=3/3 queue=000000002EC43CD0 reset=0 enable=1 recording=1 not-rendering=0 metering=0 fullscreen=0 slmode=1 known=0x17f hud=43e2ccd0 back=40ac6cd0 real=0 interp=455872d0 bridge-lock=1 arm=0->0 result=1 disable-interp=0(known=0) foreground=0 monitors=0000000003DB2751/0000000067FB33F1 cpu=0.100ms
20:56:31.269  qpc=4332868344384 [fg-transition] start=4332868342320 frame=0000000000001F08 idx=1/3 queue=000000002EC43CD0 reset=0 enable=1 recording=1 not-rendering=0 metering=0 fullscreen=0 slmode=1 known=0x17f hud=43e2ccd0 back=40ac78d0 real=45587ed0 interp=45586cd0 bridge-lock=1 arm=0->0 result=1 disable-interp=0(known=0) foreground=0 monitors=0000000003DB2751/0000000067FB33F1 cpu=0.206ms
20:56:31.309  qpc=4332868739975 [fg-transition] start=4332868738592 frame=0000000000001F08 idx=2/3 queue=000000002EC43CD0 reset=0 enable=1 recording=1 not-rendering=0 metering=0 fullscreen=0 slmode=1 known=0x17f hud=43e2ccd0 back=40ac78d0 real=0 interp=455872d0 bridge-lock=1 arm=0->0 result=1 disable-interp=0(known=0) foreground=0 monitors=0000000003DB2751/0000000067FB33F1 cpu=0.138ms
20:56:31.309  qpc=4332868742569 [fg-transition] start=4332868741877 frame=0000000000001F08 idx=3/3 queue=000000002EC43CD0 reset=0 enable=1 recording=1 not-rendering=0 metering=0 fullscreen=0 slmode=1 known=0x17f hud=43e2ccd0 back=40ac78d0 real=0 interp=455878d0 bridge-lock=1 arm=0->0 result=1 disable-interp=0(known=0) foreground=0 monitors=0000000003DB2751/0000000067FB33F1 cpu=0.069ms
20:56:31.309  qpc=4332868744602 [fg-transition] start=4332868743076 frame=0000000000001F09 idx=1/3 queue=000000002EC43CD0 reset=0 enable=1 recording=1 not-rendering=0 metering=0 fullscreen=0 slmode=1 known=0x17f hud=43e2ccd0 back=40ac9cd0 real=45586cd0 interp=45587ed0 bridge-lock=1 arm=0->0 result=1 disable-interp=0(known=0) foreground=0 monitors=0000000003DB2751/0000000067FB33F1 cpu=0.152ms
20:56:31.533  qpc=4332871003603 [focus-fg] state: enabled=1 hooked=1 foreground=0 minimized=0 hwnd=000000001D530C1A scope_calls=6471 original_false=2182 kept=2182 presents=7953 FG_evaluates=19405
20:56:32.796  qpc=4332883612582 [fg-transition] start=4332883611223 frame=0000000000001F33 idx=2/3 queue=000000002EC43CD0 reset=0 enable=1 recording=1 not-rendering=0 metering=0 fullscreen=0 slmode=1 known=0x17f hud=43e2ccd0 back=40ac9cd0 real=0 interp=455878d0 bridge-lock=1 arm=0->0 result=1 disable-interp=0(known=0) foreground=1 monitors=0000000003DB2751/0000000003DB2751 cpu=0.135ms
20:56:32.796  qpc=4332883614988 [fg-transition] start=4332883614330 frame=0000000000001F33 idx=3/3 queue=000000002EC43CD0 reset=0 enable=1 recording=1 not-rendering=0 metering=0 fullscreen=0 slmode=1 known=0x17f hud=43e2ccd0 back=40ac9cd0 real=0 interp=455872d0 bridge-lock=1 arm=0->0 result=1 disable-interp=0(known=0) foreground=1 monitors=0000000003DB2751/0000000003DB2751 cpu=0.066ms
20:56:32.796  qpc=4332883616907 [fg-transition] start=4332883615444 frame=0000000000001F34 idx=1/3 queue=000000002EC43CD0 reset=0 enable=1 recording=1 not-rendering=0 metering=0 fullscreen=0 slmode=1 known=0x17f hud=43e2ccd0 back=40ac6cd0 real=45587ed0 interp=45586cd0 bridge-lock=1 arm=0->0 result=1 disable-interp=0(known=0) foreground=1 monitors=0000000003DB2751/0000000003DB2751 cpu=0.146ms
20:56:32.812  qpc=4332883770636 [fg-transition] start=4332883768913 frame=0000000000001F34 idx=2/3 queue=000000002EC43CD0 reset=0 enable=1 recording=1 not-rendering=0 metering=0 fullscreen=0 slmode=1 known=0x17f hud=43e2ccd0 back=40ac6cd0 real=0 interp=455872d0 bridge-lock=1 arm=0->0 result=1 disable-interp=0(known=0) foreground=1 monitors=0000000003DB2751/0000000003DB2751 cpu=0.172ms
20:56:32.813  qpc=4332883773586 [fg-transition] start=4332883772527 frame=0000000000001F34 idx=3/3 queue=000000002EC43CD0 reset=0 enable=1 recording=1 not-rendering=0 metering=0 fullscreen=0 slmode=1 known=0x17f hud=43e2ccd0 back=40ac6cd0 real=0 interp=455878d0 bridge-lock=1 arm=0->0 result=1 disable-interp=0(known=0) foreground=1 monitors=0000000003DB2751/0000000003DB2751 cpu=0.106ms
20:56:32.813  qpc=4332883777142 [fg-transition] start=4332883774333 frame=0000000000001F35 idx=1/3 queue=000000002EC43CD0 reset=0 enable=1 recording=1 not-rendering=0 metering=0 fullscreen=0 slmode=1 known=0x17f hud=43e2ccd0 back=40ac78d0 real=45586cd0 interp=45587ed0 bridge-lock=1 arm=0->0 result=1 disable-interp=0(known=0) foreground=1 monitors=0000000003DB2751/0000000003DB2751 cpu=0.281ms
20:56:32.829  qpc=4332883930655 [fg-transition] start=4332883929457 frame=0000000000001F35 idx=2/3 queue=000000002EC43CD0 reset=0 enable=1 recording=1 not-rendering=0 metering=0 fullscreen=0 slmode=1 known=0x17f hud=43e2ccd0 back=40ac78d0 real=0 interp=455878d0 bridge-lock=1 arm=0->0 result=1 disable-interp=0(known=0) foreground=1 monitors=0000000003DB2751/0000000003DB2751 cpu=0.120ms
20:56:32.829  qpc=4332883932831 [fg-transition] start=4332883932157 frame=0000000000001F35 idx=3/3 queue=000000002EC43CD0 reset=0 enable=1 recording=1 not-rendering=0 metering=0 fullscreen=0 slmode=1 known=0x17f hud=43e2ccd0 back=40ac78d0 real=0 interp=455872d0 bridge-lock=1 arm=0->0 result=1 disable-interp=0(known=0) foreground=1 monitors=0000000003DB2751/0000000003DB2751 cpu=0.067ms
20:56:32.853  qpc=4332884186094 [fg-transition] start=4332884183877 frame=0000000000001F36 idx=1/3 queue=000000002EC43CD0 reset=0 enable=1 recording=1 not-rendering=0 metering=0 fullscreen=0 slmode=1 known=0x17f hud=43e2ccd0 back=40ac9cd0 real=45587ed0 interp=45586cd0 bridge-lock=1 arm=0->0 result=1 disable-interp=0(known=0) foreground=1 monitors=0000000003DB2751/0000000003DB2751 cpu=0.221ms
20:56:32.854  qpc=4332884188736 [fg-transition] start=4332884188048 frame=0000000000001F36 idx=2/3 queue=000000002EC43CD0 reset=0 enable=1 recording=1 not-rendering=0 metering=0 fullscreen=0 slmode=1 known=0x17f hud=43e2ccd0 back=40ac9cd0 real=0 interp=455872d0 bridge-lock=1 arm=0->0 result=1 disable-interp=0(known=0) foreground=1 monitors=0000000003DB2751/0000000003DB2751 cpu=0.069ms
20:56:32.854  qpc=4332884189599 [fg-transition] start=4332884189071 frame=0000000000001F36 idx=3/3 queue=000000002EC43CD0 reset=0 enable=1 recording=1 not-rendering=0 metering=0 fullscreen=0 slmode=1 known=0x17f hud=43e2ccd0 back=40ac9cd0 real=0 interp=455878d0 bridge-lock=1 arm=0->0 result=1 disable-interp=0(known=0) foreground=1 monitors=0000000003DB2751/0000000003DB2751 cpu=0.053ms
20:56:32.872  qpc=4332884372290 [fg-transition] start=4332884369836 frame=0000000000001F37 idx=1/3 queue=000000002EC43CD0 reset=0 enable=1 recording=1 not-rendering=0 metering=0 fullscreen=0 slmode=1 known=0x17f hud=43e2ccd0 back=40ac6cd0 real=45586cd0 interp=45587ed0 bridge-lock=1 arm=0->0 result=1 disable-interp=0(known=0) foreground=1 monitors=0000000003DB2751/0000000003DB2751 cpu=0.245ms
20:56:33.554  qpc=4332891217631 [focus-fg] state: enabled=1 hooked=1 foreground=1 minimized=0 hwnd=000000001D530C1A scope_calls=6547 original_false=2217 kept=2217 presents=8029 FG_evaluates=19636
20:56:33.887  qpc=4332894520063 [fg-transition] start=4332894518871 frame=0000000000001F6F idx=2/3 queue=000000002EC43CD0 reset=0 enable=1 recording=1 not-rendering=0 metering=0 fullscreen=0 slmode=1 known=0x17f hud=43e2ccd0 back=40ac9cd0 real=0 interp=455878d0 bridge-lock=1 arm=0->0 result=1 disable-interp=0(known=0) foreground=0 monitors=0000000003DB2751/0000000067FB33F1 cpu=0.119ms
20:56:33.887  qpc=4332894522769 [fg-transition] start=4332894522034 frame=0000000000001F6F idx=3/3 queue=000000002EC43CD0 reset=0 enable=1 recording=1 not-rendering=0 metering=0 fullscreen=0 slmode=1 known=0x17f hud=43e2ccd0 back=40ac9cd0 real=0 interp=455872d0 bridge-lock=1 arm=0->0 result=1 disable-interp=0(known=0) foreground=0 monitors=0000000003DB2751/0000000067FB33F1 cpu=0.073ms
20:56:33.888  qpc=4332894524988 [fg-transition] start=4332894523257 frame=0000000000001F70 idx=1/3 queue=000000002EC43CD0 reset=0 enable=1 recording=1 not-rendering=0 metering=0 fullscreen=0 slmode=1 known=0x17f hud=43e2ccd0 back=40ac6cd0 real=45587ed0 interp=45586cd0 bridge-lock=1 arm=0->0 result=1 disable-interp=0(known=0) foreground=0 monitors=0000000003DB2751/0000000067FB33F1 cpu=0.173ms
20:56:33.922  qpc=4332894868274 [fg-transition] start=4332894866987 frame=0000000000001F70 idx=2/3 queue=000000002EC43CD0 reset=0 enable=1 recording=1 not-rendering=0 metering=0 fullscreen=0 slmode=1 known=0x17f hud=43e2ccd0 back=40ac6cd0 real=0 interp=455872d0 bridge-lock=1 arm=0->0 result=1 disable-interp=0(known=0) foreground=0 monitors=0000000003DB2751/0000000067FB33F1 cpu=0.128ms
20:56:33.922  qpc=4332894870651 [fg-transition] start=4332894869986 frame=0000000000001F70 idx=3/3 queue=000000002EC43CD0 reset=0 enable=1 recording=1 not-rendering=0 metering=0 fullscreen=0 slmode=1 known=0x17f hud=43e2ccd0 back=40ac6cd0 real=0 interp=455878d0 bridge-lock=1 arm=0->0 result=1 disable-interp=0(known=0) foreground=0 monitors=0000000003DB2751/0000000067FB33F1 cpu=0.066ms
20:56:33.923  qpc=4332894872594 [fg-transition] start=4332894871118 frame=0000000000001F71 idx=1/3 queue=000000002EC43CD0 reset=0 enable=1 recording=1 not-rendering=0 metering=0 fullscreen=0 slmode=1 known=0x17f hud=43e2ccd0 back=40ac78d0 real=45586cd0 interp=45587ed0 bridge-lock=1 arm=0->0 result=1 disable-interp=0(known=0) foreground=0 monitors=0000000003DB2751/0000000067FB33F1 cpu=0.147ms
20:56:33.958  qpc=4332895231749 [fg-transition] start=4332895230482 frame=0000000000001F71 idx=2/3 queue=000000002EC43CD0 reset=0 enable=1 recording=1 not-rendering=0 metering=0 fullscreen=0 slmode=1 known=0x17f hud=43e2ccd0 back=40ac78d0 real=0 interp=455878d0 bridge-lock=1 arm=0->0 result=1 disable-interp=0(known=0) foreground=0 monitors=0000000003DB2751/0000000067FB33F1 cpu=0.126ms
20:56:33.958  qpc=4332895234043 [fg-transition] start=4332895233399 frame=0000000000001F71 idx=3/3 queue=000000002EC43CD0 reset=0 enable=1 recording=1 not-rendering=0 metering=0 fullscreen=0 slmode=1 known=0x17f hud=43e2ccd0 back=40ac78d0 real=0 interp=455872d0 bridge-lock=1 arm=0->0 result=1 disable-interp=0(known=0) foreground=0 monitors=0000000003DB2751/0000000067FB33F1 cpu=0.064ms
20:56:33.958  qpc=4332895235961 [fg-transition] start=4332895234490 frame=0000000000001F72 idx=1/3 queue=000000002EC43CD0 reset=0 enable=1 recording=1 not-rendering=0 metering=0 fullscreen=0 slmode=1 known=0x17f hud=43e2ccd0 back=40ac9cd0 real=45587ed0 interp=45586cd0 bridge-lock=1 arm=0->0 result=1 disable-interp=0(known=0) foreground=0 monitors=0000000003DB2751/0000000067FB33F1 cpu=0.147ms
20:56:33.994  qpc=4332895593708 [fg-transition] start=4332895592021 frame=0000000000001F72 idx=2/3 queue=000000002EC43CD0 reset=0 enable=1 recording=1 not-rendering=0 metering=0 fullscreen=0 slmode=1 known=0x17f hud=43e2ccd0 back=40ac9cd0 real=0 interp=455872d0 bridge-lock=1 arm=0->0 result=1 disable-interp=0(known=0) foreground=0 monitors=0000000003DB2751/0000000067FB33F1 cpu=0.168ms
20:56:33.994  qpc=4332895596684 [fg-transition] start=4332895595728 frame=0000000000001F72 idx=3/3 queue=000000002EC43CD0 reset=0 enable=1 recording=1 not-rendering=0 metering=0 fullscreen=0 slmode=1 known=0x17f hud=43e2ccd0 back=40ac9cd0 real=0 interp=455878d0 bridge-lock=1 arm=0->0 result=1 disable-interp=0(known=0) foreground=0 monitors=0000000003DB2751/0000000067FB33F1 cpu=0.095ms
20:56:33.995  qpc=4332895599358 [fg-transition] start=4332895597298 frame=0000000000001F73 idx=1/3 queue=000000002EC43CD0 reset=0 enable=1 recording=1 not-rendering=0 metering=0 fullscreen=0 slmode=1 known=0x17f hud=43e2ccd0 back=40ac6cd0 real=45586cd0 interp=45587ed0 bridge-lock=1 arm=0->0 result=1 disable-interp=0(known=0) foreground=0 monitors=0000000003DB2751/0000000067FB33F1 cpu=0.206ms
20:56:34.572  qpc=4332901396854 [focus-fg] state: enabled=1 hooked=1 foreground=0 minimized=0 hwnd=000000001D530C1A scope_calls=6587 original_false=2238 kept=2238 presents=8069 FG_evaluates=19753
20:56:42.013  [fg-relay] rate/15.0s p2 import_opt=1: presents=39.9/s present-gate[point=39.9 ready=0.0 fallback=0.0 inactive=0.0]/s noinfo=0.0/s stale=0.0/s unlearned=0.0/s attempts=0.0/s armed=0.0/s skipped=0.0/s busy=0.0/s arm-reject[state=0.0 request=0.0 refused=0.0 stopping=0.0 res=0.0 size=0.0]/s pool[cap=0.0 family=0.0 create=0.0 alloc=0.0]/s copy-drop[fence=0.0 reset=0.0 begin=0.0 end=0.0 submit=0.0]/s cf[seq=0.0/s idle=0.0/s nrfence=0.0/s] slotbusy=0.0/s copyfence-busy=0.0/s nr-gpuwait=0.0/s flips=0.0/s
20:56:42.013  [fg-relay] rate2: fginput eval=119.5/s index!=1=0.0/s eval-gate[off=0.0 fallback=0.0 notready=0.0 noinput=0.0 noqueue=0.0]/s relay eval=0.0/s consume=0.0/s inplace=0.0/s(ok 0.0/s) unarmed=0.0/s mismatch=0.0/s relbusy=0.0/s relok=0.0/s relfail=0.0/s release-stage[queue=0.0 pool=0.0 fence=0.0 reset=0.0 begin=0.0 end=0.0 submit=0.0]/s watchdog=0.0/s | worker plays=0.0/s ok=0.0/s fail=0.0/s nr_absent=0.0/s copyfail=0.0/s
20:56:42.014  [fg-relay] rate3: arm->arm avg=0.00ms max=0.00ms n=0 | arm->work avg=0.00ms max=0.00ms | arm->eval avg=0.00ms max=0.00ms | copywait avg=0.000ms max=0.000ms | copy-land<= avg=0.00ms max=0.00ms | work avg=0.00ms max=0.00ms | totals armed=0 unarmed=0 skipped=0 busy=0 mismatch=0 copies_failed=0 writes=0 conflicts=0
20:56:42.014  [fg-relay] rate4: throttle depth=1 off=0 | sleep calls=39.9/s waits=0.0/s clear=0.0/s timeouts=0.0/s avg=0.00ms | present calls=39.9/s waits=0.0/s clear=0.0/s timeouts=0.0/s avg=0.00ms | max=0.00ms (process)
20:56:44.648  === Vulkan CreateFeature1 #26  feature_id=18  VkDevice=000000002FEE00D0  thread 22972 ===
20:56:44.648  === Vulkan CreateFeature1 #26 returned -1160773630, handle=0000000000000000 ===
20:56:49.583  qpc=4333051508545 [focus-fg] state: enabled=1 hooked=1 foreground=0 minimized=0 hwnd=000000001D530C1A scope_calls=7036 original_false=2687 kept=2687 presents=8518 FG_evaluates=21100
20:56:57.014  [fg-relay] rate/15.0s p2 import_opt=1: presents=30.0/s present-gate[point=30.0 ready=0.0 fallback=0.0 inactive=0.0]/s noinfo=0.0/s stale=0.0/s unlearned=0.0/s attempts=0.0/s armed=0.0/s skipped=0.0/s busy=0.0/s arm-reject[state=0.0 request=0.0 refused=0.0 stopping=0.0 res=0.0 size=0.0]/s pool[cap=0.0 family=0.0 create=0.0 alloc=0.0]/s copy-drop[fence=0.0 reset=0.0 begin=0.0 end=0.0 submit=0.0]/s cf[seq=0.0/s idle=0.0/s nrfence=0.0/s] slotbusy=0.0/s copyfence-busy=0.0/s nr-gpuwait=0.0/s flips=0.0/s
20:56:57.014  [fg-relay] rate2: fginput eval=90.0/s index!=1=0.0/s eval-gate[off=0.0 fallback=0.0 notready=0.0 noinput=0.0 noqueue=0.0]/s relay eval=0.0/s consume=0.0/s inplace=0.0/s(ok 0.0/s) unarmed=0.0/s mismatch=0.0/s relbusy=0.0/s relok=0.0/s relfail=0.0/s release-stage[queue=0.0 pool=0.0 fence=0.0 reset=0.0 begin=0.0 end=0.0 submit=0.0]/s watchdog=0.0/s | worker plays=0.0/s ok=0.0/s fail=0.0/s nr_absent=0.0/s copyfail=0.0/s
20:56:57.014  [fg-relay] rate3: arm->arm avg=0.00ms max=0.00ms n=0 | arm->work avg=0.00ms max=0.00ms | arm->eval avg=0.00ms max=0.00ms | copywait avg=0.000ms max=0.000ms | copy-land<= avg=0.00ms max=0.00ms | work avg=0.00ms max=0.00ms | totals armed=0 unarmed=0 skipped=0 busy=0 mismatch=0 copies_failed=0 writes=0 conflicts=0
20:56:57.014  [fg-relay] rate4: throttle depth=1 off=0 | sleep calls=30.0/s waits=0.0/s clear=0.0/s timeouts=0.0/s avg=0.00ms | present calls=30.0/s waits=0.0/s clear=0.0/s timeouts=0.0/s avg=0.00ms | max=0.00ms (process)
20:57:04.583  qpc=4333201502554 [focus-fg] state: enabled=1 hooked=1 foreground=0 minimized=0 hwnd=000000001D530C1A scope_calls=7486 original_false=3137 kept=3137 presents=8968 FG_evaluates=22450
20:57:12.014  [fg-relay] rate/15.0s p2 import_opt=1: presents=30.0/s present-gate[point=30.0 ready=0.0 fallback=0.0 inactive=0.0]/s noinfo=0.0/s stale=0.0/s unlearned=0.0/s attempts=0.0/s armed=0.0/s skipped=0.0/s busy=0.0/s arm-reject[state=0.0 request=0.0 refused=0.0 stopping=0.0 res=0.0 size=0.0]/s pool[cap=0.0 family=0.0 create=0.0 alloc=0.0]/s copy-drop[fence=0.0 reset=0.0 begin=0.0 end=0.0 submit=0.0]/s cf[seq=0.0/s idle=0.0/s nrfence=0.0/s] slotbusy=0.0/s copyfence-busy=0.0/s nr-gpuwait=0.0/s flips=0.0/s
20:57:12.015  [fg-relay] rate2: fginput eval=90.0/s index!=1=0.0/s eval-gate[off=0.0 fallback=0.0 notready=0.0 noinput=0.0 noqueue=0.0]/s relay eval=0.0/s consume=0.0/s inplace=0.0/s(ok 0.0/s) unarmed=0.0/s mismatch=0.0/s relbusy=0.0/s relok=0.0/s relfail=0.0/s release-stage[queue=0.0 pool=0.0 fence=0.0 reset=0.0 begin=0.0 end=0.0 submit=0.0]/s watchdog=0.0/s | worker plays=0.0/s ok=0.0/s fail=0.0/s nr_absent=0.0/s copyfail=0.0/s
20:57:12.015  [fg-relay] rate3: arm->arm avg=0.00ms max=0.00ms n=0 | arm->work avg=0.00ms max=0.00ms | arm->eval avg=0.00ms max=0.00ms | copywait avg=0.000ms max=0.000ms | copy-land<= avg=0.00ms max=0.00ms | work avg=0.00ms max=0.00ms | totals armed=0 unarmed=0 skipped=0 busy=0 mismatch=0 copies_failed=0 writes=0 conflicts=0
20:57:12.015  [fg-relay] rate4: throttle depth=1 off=0 | sleep calls=30.0/s waits=0.0/s clear=0.0/s timeouts=0.0/s avg=0.00ms | present calls=30.0/s waits=0.0/s clear=0.0/s timeouts=0.0/s avg=0.00ms | max=0.00ms (process)
20:57:14.680  === Vulkan CreateFeature1 #27  feature_id=18  VkDevice=000000002FEE00D0  thread 22972 ===
20:57:14.680  === Vulkan CreateFeature1 #27 returned -1160773630, handle=0000000000000000 ===
20:57:19.584  qpc=4333351513161 [focus-fg] state: enabled=1 hooked=1 foreground=0 minimized=0 hwnd=000000001D530C1A scope_calls=7936 original_false=3587 kept=3587 presents=9418 FG_evaluates=23800
20:57:27.014  [fg-relay] rate/15.0s p2 import_opt=1: presents=30.0/s present-gate[point=30.0 ready=0.0 fallback=0.0 inactive=0.0]/s noinfo=0.0/s stale=0.0/s unlearned=0.0/s attempts=0.0/s armed=0.0/s skipped=0.0/s busy=0.0/s arm-reject[state=0.0 request=0.0 refused=0.0 stopping=0.0 res=0.0 size=0.0]/s pool[cap=0.0 family=0.0 create=0.0 alloc=0.0]/s copy-drop[fence=0.0 reset=0.0 begin=0.0 end=0.0 submit=0.0]/s cf[seq=0.0/s idle=0.0/s nrfence=0.0/s] slotbusy=0.0/s copyfence-busy=0.0/s nr-gpuwait=0.0/s flips=0.0/s
20:57:27.014  [fg-relay] rate2: fginput eval=90.0/s index!=1=0.0/s eval-gate[off=0.0 fallback=0.0 notready=0.0 noinput=0.0 noqueue=0.0]/s relay eval=0.0/s consume=0.0/s inplace=0.0/s(ok 0.0/s) unarmed=0.0/s mismatch=0.0/s relbusy=0.0/s relok=0.0/s relfail=0.0/s release-stage[queue=0.0 pool=0.0 fence=0.0 reset=0.0 begin=0.0 end=0.0 submit=0.0]/s watchdog=0.0/s | worker plays=0.0/s ok=0.0/s fail=0.0/s nr_absent=0.0/s copyfail=0.0/s
20:57:27.014  [fg-relay] rate3: arm->arm avg=0.00ms max=0.00ms n=0 | arm->work avg=0.00ms max=0.00ms | arm->eval avg=0.00ms max=0.00ms | copywait avg=0.000ms max=0.000ms | copy-land<= avg=0.00ms max=0.00ms | work avg=0.00ms max=0.00ms | totals armed=0 unarmed=0 skipped=0 busy=0 mismatch=0 copies_failed=0 writes=0 conflicts=0
20:57:27.014  [fg-relay] rate4: throttle depth=1 off=0 | sleep calls=30.0/s waits=0.0/s clear=0.0/s timeouts=0.0/s avg=0.00ms | present calls=30.0/s waits=0.0/s clear=0.0/s timeouts=0.0/s avg=0.00ms | max=0.00ms (process)
20:57:30.285  qpc=4333458507302 [fg-transition] start=4333458505727 frame=0000000000002609 idx=2/3 queue=000000002EC43CD0 reset=0 enable=1 recording=1 not-rendering=0 metering=0 fullscreen=0 slmode=1 known=0x17f hud=43e2ccd0 back=40ac6cd0 real=0 interp=455878d0 bridge-lock=1 arm=0->0 result=1 disable-interp=0(known=0) foreground=1 monitors=0000000003DB2751/0000000003DB2751 cpu=0.157ms
20:57:30.286  qpc=4333458509785 [fg-transition] start=4333458509038 frame=0000000000002609 idx=3/3 queue=000000002EC43CD0 reset=0 enable=1 recording=1 not-rendering=0 metering=0 fullscreen=0 slmode=1 known=0x17f hud=43e2ccd0 back=40ac6cd0 real=0 interp=455872d0 bridge-lock=1 arm=0->0 result=1 disable-interp=0(known=0) foreground=1 monitors=0000000003DB2751/0000000003DB2751 cpu=0.074ms
20:57:30.286  qpc=4333458511862 [fg-transition] start=4333458510283 frame=000000000000260A idx=1/3 queue=000000002EC43CD0 reset=0 enable=1 recording=1 not-rendering=0 metering=0 fullscreen=0 slmode=1 known=0x17f hud=43e2ccd0 back=40ac78d0 real=45587ed0 interp=45586cd0 bridge-lock=1 arm=0->0 result=1 disable-interp=0(known=0) foreground=1 monitors=0000000003DB2751/0000000003DB2751 cpu=0.158ms
20:57:30.307  qpc=4333458719059 [fg-transition] start=4333458717271 frame=000000000000260A idx=2/3 queue=000000002EC43CD0 reset=0 enable=1 recording=1 not-rendering=0 metering=0 fullscreen=0 slmode=1 known=0x17f hud=43e2ccd0 back=40ac78d0 real=0 interp=455872d0 bridge-lock=1 arm=0->0 result=1 disable-interp=0(known=0) foreground=1 monitors=0000000003DB2751/0000000003DB2751 cpu=0.179ms
20:57:30.307  qpc=4333458722807 [fg-transition] start=4333458722023 frame=000000000000260A idx=3/3 queue=000000002EC43CD0 reset=0 enable=1 recording=1 not-rendering=0 metering=0 fullscreen=0 slmode=1 known=0x17f hud=43e2ccd0 back=40ac78d0 real=0 interp=455878d0 bridge-lock=1 arm=0->0 result=1 disable-interp=0(known=0) foreground=1 monitors=0000000003DB2751/0000000003DB2751 cpu=0.078ms
20:57:30.308  qpc=4333458726069 [fg-transition] start=4333458723416 frame=000000000000260B idx=1/3 queue=000000002EC43CD0 reset=0 enable=1 recording=1 not-rendering=0 metering=0 fullscreen=0 slmode=1 known=0x17f hud=43e2ccd0 back=40ac9cd0 real=45586cd0 interp=45587ed0 bridge-lock=1 arm=0->0 result=1 disable-interp=0(known=0) foreground=1 monitors=0000000003DB2751/0000000003DB2751 cpu=0.265ms
20:57:30.328  qpc=4333458927864 [fg-transition] start=4333458925810 frame=000000000000260B idx=2/3 queue=000000002EC43CD0 reset=0 enable=1 recording=1 not-rendering=0 metering=0 fullscreen=0 slmode=1 known=0x17f hud=43e2ccd0 back=40ac9cd0 real=0 interp=455878d0 bridge-lock=1 arm=0->0 result=1 disable-interp=0(known=0) foreground=1 monitors=0000000003DB2751/0000000003DB2751 cpu=0.205ms
20:57:30.328  qpc=4333458931210 [fg-transition] start=4333458929989 frame=000000000000260B idx=3/3 queue=000000002EC43CD0 reset=0 enable=1 recording=1 not-rendering=0 metering=0 fullscreen=0 slmode=1 known=0x17f hud=43e2ccd0 back=40ac9cd0 real=0 interp=455872d0 bridge-lock=1 arm=0->0 result=1 disable-interp=0(known=0) foreground=1 monitors=0000000003DB2751/0000000003DB2751 cpu=0.122ms
20:57:30.328  qpc=4333458934834 [fg-transition] start=4333458931755 frame=000000000000260C idx=1/3 queue=000000002EC43CD0 reset=0 enable=1 recording=1 not-rendering=0 metering=0 fullscreen=0 slmode=1 known=0x17f hud=43e2ccd0 back=40ac6cd0 real=45587ed0 interp=45586cd0 bridge-lock=1 arm=0->0 result=1 disable-interp=0(known=0) foreground=1 monitors=0000000003DB2751/0000000003DB2751 cpu=0.308ms
20:57:30.347  qpc=4333459118340 [fg-transition] start=4333459116915 frame=000000000000260C idx=2/3 queue=000000002EC43CD0 reset=0 enable=1 recording=1 not-rendering=0 metering=0 fullscreen=0 slmode=1 known=0x17f hud=43e2ccd0 back=40ac6cd0 real=0 interp=455872d0 bridge-lock=1 arm=0->0 result=1 disable-interp=0(known=0) foreground=1 monitors=0000000003DB2751/0000000003DB2751 cpu=0.142ms
20:57:30.347  qpc=4333459121493 [fg-transition] start=4333459120383 frame=000000000000260C idx=3/3 queue=000000002EC43CD0 reset=0 enable=1 recording=1 not-rendering=0 metering=0 fullscreen=0 slmode=1 known=0x17f hud=43e2ccd0 back=40ac6cd0 real=0 interp=455878d0 bridge-lock=1 arm=0->0 result=1 disable-interp=0(known=0) foreground=1 monitors=0000000003DB2751/0000000003DB2751 cpu=0.111ms
20:57:30.347  qpc=4333459123833 [fg-transition] start=4333459122152 frame=000000000000260D idx=1/3 queue=000000002EC43CD0 reset=0 enable=1 recording=1 not-rendering=0 metering=0 fullscreen=0 slmode=1 known=0x17f hud=43e2ccd0 back=40ac78d0 real=45586cd0 interp=45587ed0 bridge-lock=1 arm=0->0 result=1 disable-interp=0(known=0) foreground=1 monitors=0000000003DB2751/0000000003DB2751 cpu=0.168ms
20:57:30.584  qpc=4333461516344 [focus-fg] state: enabled=1 hooked=1 foreground=1 minimized=0 hwnd=000000001D530C1A scope_calls=8272 original_false=3907 kept=3907 presents=9754 FG_evaluates=24811
20:57:42.011  [fg-relay] rate/15.0s p2 import_opt=1: presents=52.4/s present-gate[point=52.4 ready=0.0 fallback=0.0 inactive=0.0]/s noinfo=0.0/s stale=0.0/s unlearned=0.0/s attempts=0.0/s armed=0.0/s skipped=0.0/s busy=0.0/s arm-reject[state=0.0 request=0.0 refused=0.0 stopping=0.0 res=0.0 size=0.0]/s pool[cap=0.0 family=0.0 create=0.0 alloc=0.0]/s copy-drop[fence=0.0 reset=0.0 begin=0.0 end=0.0 submit=0.0]/s cf[seq=0.0/s idle=0.0/s nrfence=0.0/s] slotbusy=0.0/s copyfence-busy=0.0/s nr-gpuwait=0.0/s flips=0.0/s
20:57:42.012  [fg-relay] rate2: fginput eval=157.4/s index!=1=0.0/s eval-gate[off=0.0 fallback=0.0 notready=0.0 noinput=0.0 noqueue=0.0]/s relay eval=0.0/s consume=0.0/s inplace=0.0/s(ok 0.0/s) unarmed=0.0/s mismatch=0.0/s relbusy=0.0/s relok=0.0/s relfail=0.0/s release-stage[queue=0.0 pool=0.0 fence=0.0 reset=0.0 begin=0.0 end=0.0 submit=0.0]/s watchdog=0.0/s | worker plays=0.0/s ok=0.0/s fail=0.0/s nr_absent=0.0/s copyfail=0.0/s
20:57:42.012  [fg-relay] rate3: arm->arm avg=0.00ms max=0.00ms n=0 | arm->work avg=0.00ms max=0.00ms | arm->eval avg=0.00ms max=0.00ms | copywait avg=0.000ms max=0.000ms | copy-land<= avg=0.00ms max=0.00ms | work avg=0.00ms max=0.00ms | totals armed=0 unarmed=0 skipped=0 busy=0 mismatch=0 copies_failed=0 writes=0 conflicts=0
20:57:42.012  [fg-relay] rate4: throttle depth=1 off=0 | sleep calls=52.4/s waits=0.0/s clear=0.0/s timeouts=0.0/s avg=0.00ms | present calls=52.4/s waits=0.0/s clear=0.0/s timeouts=0.0/s avg=0.00ms | max=0.00ms (process)
20:57:44.680  === Vulkan CreateFeature1 #28  feature_id=18  VkDevice=000000002FEE00D0  thread 22972 ===
20:57:44.681  === Vulkan CreateFeature1 #28 returned -1160773630, handle=0000000000000000 ===
20:57:46.628  qpc=4333621955910 [focus-fg] state: enabled=1 hooked=1 foreground=1 minimized=0 hwnd=000000001D530C1A scope_calls=9214 original_false=3907 kept=3907 presents=10696 FG_evaluates=27637
20:57:53.118  qpc=4333686830054 [fg-transition] start=4333686828730 frame=0000000000002B4A idx=2/3 queue=000000002EC43CD0 reset=0 enable=1 recording=1 not-rendering=0 metering=0 fullscreen=0 slmode=1 known=0x17f hud=43e2ccd0 back=40ac78d0 real=0 interp=455872d0 bridge-lock=1 arm=0->0 result=1 disable-interp=0(known=0) foreground=0 monitors=0000000003DB2751/0000000067FB33F1 cpu=0.132ms
20:57:53.118  qpc=4333686833313 [fg-transition] start=4333686832268 frame=0000000000002B4A idx=3/3 queue=000000002EC43CD0 reset=0 enable=1 recording=1 not-rendering=0 metering=0 fullscreen=0 slmode=1 known=0x17f hud=43e2ccd0 back=40ac78d0 real=0 interp=455878d0 bridge-lock=1 arm=0->0 result=1 disable-interp=0(known=0) foreground=0 monitors=0000000003DB2751/0000000067FB33F1 cpu=0.104ms
20:57:53.118  qpc=4333686836042 [fg-transition] start=4333686834006 frame=0000000000002B4B idx=1/3 queue=000000002EC43CD0 reset=0 enable=1 recording=1 not-rendering=0 metering=0 fullscreen=0 slmode=1 known=0x17f hud=43e2ccd0 back=40ac9cd0 real=45586cd0 interp=45587ed0 bridge-lock=1 arm=0->0 result=1 disable-interp=0(known=0) foreground=0 monitors=0000000003DB2751/0000000067FB33F1 cpu=0.203ms
20:57:53.152  qpc=4333687171507 [fg-transition] start=4333687170030 frame=0000000000002B4B idx=2/3 queue=000000002EC43CD0 reset=0 enable=1 recording=1 not-rendering=0 metering=0 fullscreen=0 slmode=1 known=0x17f hud=43e2ccd0 back=40ac9cd0 real=0 interp=455878d0 bridge-lock=1 arm=0->0 result=1 disable-interp=0(known=0) foreground=0 monitors=0000000003DB2751/0000000067FB33F1 cpu=0.147ms
20:57:53.152  qpc=4333687174244 [fg-transition] start=4333687173205 frame=0000000000002B4B idx=3/3 queue=000000002EC43CD0 reset=0 enable=1 recording=1 not-rendering=0 metering=0 fullscreen=0 slmode=1 known=0x17f hud=43e2ccd0 back=40ac9cd0 real=0 interp=455872d0 bridge-lock=1 arm=0->0 result=1 disable-interp=0(known=0) foreground=0 monitors=0000000003DB2751/0000000067FB33F1 cpu=0.104ms
20:57:53.153  qpc=4333687176911 [fg-transition] start=4333687174947 frame=0000000000002B4C idx=1/3 queue=000000002EC43CD0 reset=0 enable=1 recording=1 not-rendering=0 metering=0 fullscreen=0 slmode=1 known=0x17f hud=43e2ccd0 back=40ac6cd0 real=45587ed0 interp=45586cd0 bridge-lock=1 arm=0->0 result=1 disable-interp=0(known=0) foreground=0 monitors=0000000003DB2751/0000000067FB33F1 cpu=0.196ms
20:57:53.187  qpc=4333687525719 [fg-transition] start=4333687524377 frame=0000000000002B4C idx=2/3 queue=000000002EC43CD0 reset=0 enable=1 recording=1 not-rendering=0 metering=0 fullscreen=0 slmode=1 known=0x17f hud=43e2ccd0 back=40ac6cd0 real=0 interp=455872d0 bridge-lock=1 arm=0->0 result=1 disable-interp=0(known=0) foreground=0 monitors=0000000003DB2751/0000000067FB33F1 cpu=0.134ms
20:57:53.188  qpc=4333687527977 [fg-transition] start=4333687527282 frame=0000000000002B4C idx=3/3 queue=000000002EC43CD0 reset=0 enable=1 recording=1 not-rendering=0 metering=0 fullscreen=0 slmode=1 known=0x17f hud=43e2ccd0 back=40ac6cd0 real=0 interp=455878d0 bridge-lock=1 arm=0->0 result=1 disable-interp=0(known=0) foreground=0 monitors=0000000003DB2751/0000000067FB33F1 cpu=0.069ms
20:57:53.188  qpc=4333687529916 [fg-transition] start=4333687528456 frame=0000000000002B4D idx=1/3 queue=000000002EC43CD0 reset=0 enable=1 recording=1 not-rendering=0 metering=0 fullscreen=0 slmode=1 known=0x17f hud=43e2ccd0 back=40ac78d0 real=45586cd0 interp=45587ed0 bridge-lock=1 arm=0->0 result=1 disable-interp=0(known=0) foreground=0 monitors=0000000003DB2751/0000000067FB33F1 cpu=0.146ms
20:57:53.224  qpc=4333687895075 [fg-transition] start=4333687893677 frame=0000000000002B4D idx=2/3 queue=000000002EC43CD0 reset=0 enable=1 recording=1 not-rendering=0 metering=0 fullscreen=0 slmode=1 known=0x17f hud=43e2ccd0 back=40ac78d0 real=0 interp=455878d0 bridge-lock=1 arm=0->0 result=1 disable-interp=0(known=0) foreground=0 monitors=0000000003DB2751/0000000067FB33F1 cpu=0.140ms
20:57:53.224  qpc=4333687897317 [fg-transition] start=4333687896660 frame=0000000000002B4D idx=3/3 queue=000000002EC43CD0 reset=0 enable=1 recording=1 not-rendering=0 metering=0 fullscreen=0 slmode=1 known=0x17f hud=43e2ccd0 back=40ac78d0 real=0 interp=455872d0 bridge-lock=1 arm=0->0 result=1 disable-interp=0(known=0) foreground=0 monitors=0000000003DB2751/0000000067FB33F1 cpu=0.066ms
20:57:53.225  qpc=4333687900964 [fg-transition] start=4333687898144 frame=0000000000002B4E idx=1/3 queue=000000002EC43CD0 reset=0 enable=1 recording=1 not-rendering=0 metering=0 fullscreen=0 slmode=1 known=0x17f hud=43e2ccd0 back=40ac9cd0 real=45587ed0 interp=45586cd0 bridge-lock=1 arm=0->0 result=1 disable-interp=0(known=0) foreground=0 monitors=0000000003DB2751/0000000067FB33F1 cpu=0.282ms
20:57:53.664  qpc=4333692322996 [focus-fg] state: enabled=1 hooked=1 foreground=0 minimized=0 hwnd=000000001D530C1A scope_calls=9618 original_false=3923 kept=3923 presents=11100 FG_evaluates=28846
20:57:54.059  qpc=4333696232323 [fg-transition] start=4333696230831 frame=0000000000002B65 idx=2/3 queue=000000002EC43CD0 reset=0 enable=1 recording=1 not-rendering=0 metering=0 fullscreen=0 slmode=1 known=0x17f hud=43e2ccd0 back=40ac78d0 real=0 interp=455878d0 bridge-lock=1 arm=0->0 result=1 disable-interp=0(known=0) foreground=1 monitors=0000000003DB2751/0000000003DB2751 cpu=0.149ms
20:57:54.059  qpc=4333696235417 [fg-transition] start=4333696234319 frame=0000000000002B65 idx=3/3 queue=000000002EC43CD0 reset=0 enable=1 recording=1 not-rendering=0 metering=0 fullscreen=0 slmode=1 known=0x17f hud=43e2ccd0 back=40ac78d0 real=0 interp=455872d0 bridge-lock=1 arm=0->0 result=1 disable-interp=0(known=0) foreground=1 monitors=0000000003DB2751/0000000003DB2751 cpu=0.110ms
20:57:54.059  qpc=4333696237593 [fg-transition] start=4333696236036 frame=0000000000002B66 idx=1/3 queue=000000002EC43CD0 reset=0 enable=1 recording=1 not-rendering=0 metering=0 fullscreen=0 slmode=1 known=0x17f hud=43e2ccd0 back=40ac9cd0 real=45587ed0 interp=45586cd0 bridge-lock=1 arm=0->0 result=1 disable-interp=0(known=0) foreground=1 monitors=0000000003DB2751/0000000003DB2751 cpu=0.156ms
20:57:54.074  qpc=4333696392482 [fg-transition] start=4333696391584 frame=0000000000002B66 idx=2/3 queue=000000002EC43CD0 reset=0 enable=1 recording=1 not-rendering=0 metering=0 fullscreen=0 slmode=1 known=0x17f hud=43e2ccd0 back=40ac9cd0 real=0 interp=455872d0 bridge-lock=1 arm=0->0 result=1 disable-interp=0(known=0) foreground=1 monitors=0000000003DB2751/0000000003DB2751 cpu=0.090ms
20:57:54.074  qpc=4333696394374 [fg-transition] start=4333696393741 frame=0000000000002B66 idx=3/3 queue=000000002EC43CD0 reset=0 enable=1 recording=1 not-rendering=0 metering=0 fullscreen=0 slmode=1 known=0x17f hud=43e2ccd0 back=40ac9cd0 real=0 interp=455878d0 bridge-lock=1 arm=0->0 result=1 disable-interp=0(known=0) foreground=1 monitors=0000000003DB2751/0000000003DB2751 cpu=0.063ms
20:57:54.074  qpc=4333696396276 [fg-transition] start=4333696394838 frame=0000000000002B67 idx=1/3 queue=000000002EC43CD0 reset=0 enable=1 recording=1 not-rendering=0 metering=0 fullscreen=0 slmode=1 known=0x17f hud=43e2ccd0 back=40ac6cd0 real=45586cd0 interp=45587ed0 bridge-lock=1 arm=0->0 result=1 disable-interp=0(known=0) foreground=1 monitors=0000000003DB2751/0000000003DB2751 cpu=0.144ms
20:57:54.089  qpc=4333696546894 [fg-transition] start=4333696546017 frame=0000000000002B67 idx=2/3 queue=000000002EC43CD0 reset=0 enable=1 recording=1 not-rendering=0 metering=0 fullscreen=0 slmode=1 known=0x17f hud=43e2ccd0 back=40ac6cd0 real=0 interp=455878d0 bridge-lock=1 arm=0->0 result=1 disable-interp=0(known=0) foreground=1 monitors=0000000003DB2751/0000000003DB2751 cpu=0.087ms
20:57:54.090  qpc=4333696548803 [fg-transition] start=4333696548183 frame=0000000000002B67 idx=3/3 queue=000000002EC43CD0 reset=0 enable=1 recording=1 not-rendering=0 metering=0 fullscreen=0 slmode=1 known=0x17f hud=43e2ccd0 back=40ac6cd0 real=0 interp=455872d0 bridge-lock=1 arm=0->0 result=1 disable-interp=0(known=0) foreground=1 monitors=0000000003DB2751/0000000003DB2751 cpu=0.062ms
20:57:54.234  qpc=4333697992627 [fg-transition] start=4333697990211 frame=0000000000002B68 idx=1/3 queue=000000002EC43CD0 reset=0 enable=1 recording=1 not-rendering=0 metering=0 fullscreen=0 slmode=1 known=0x17f hud=43e2ccd0 back=40ac78d0 real=45587ed0 interp=45586cd0 bridge-lock=1 arm=0->0 result=1 disable-interp=0(known=0) foreground=1 monitors=0000000003DB2751/0000000003DB2751 cpu=0.241ms
20:57:54.235  qpc=4333697995279 [fg-transition] start=4333697994587 frame=0000000000002B68 idx=2/3 queue=000000002EC43CD0 reset=0 enable=1 recording=1 not-rendering=0 metering=0 fullscreen=0 slmode=1 known=0x17f hud=43e2ccd0 back=40ac78d0 real=0 interp=455872d0 bridge-lock=1 arm=0->0 result=1 disable-interp=0(known=0) foreground=1 monitors=0000000003DB2751/0000000003DB2751 cpu=0.069ms
20:57:54.235  qpc=4333697996122 [fg-transition] start=4333697995609 frame=0000000000002B68 idx=3/3 queue=000000002EC43CD0 reset=0 enable=1 recording=1 not-rendering=0 metering=0 fullscreen=0 slmode=1 known=0x17f hud=43e2ccd0 back=40ac78d0 real=0 interp=455878d0 bridge-lock=1 arm=0->0 result=1 disable-interp=0(known=0) foreground=1 monitors=0000000003DB2751/0000000003DB2751 cpu=0.051ms
20:57:54.249  qpc=4333698143965 [fg-transition] start=4333698140779 frame=0000000000002B69 idx=1/3 queue=000000002EC43CD0 reset=0 enable=1 recording=1 not-rendering=0 metering=0 fullscreen=0 slmode=1 known=0x17f hud=43e2ccd0 back=40ac9cd0 real=45586cd0 interp=45587ed0 bridge-lock=1 arm=0->0 result=1 disable-interp=0(known=0) foreground=1 monitors=0000000003DB2751/0000000003DB2751 cpu=0.318ms
20:57:54.675  qpc=4333702425597 [focus-fg] state: enabled=1 hooked=1 foreground=1 minimized=0 hwnd=000000001D530C1A scope_calls=9654 original_false=3933 kept=3933 presents=11136 FG_evaluates=28957
20:57:57.031  [fg-relay] rate/15.0s p2 import_opt=1: presents=56.5/s present-gate[point=56.5 ready=0.0 fallback=0.0 inactive=0.0]/s noinfo=0.0/s stale=0.0/s unlearned=0.0/s attempts=0.0/s armed=0.0/s skipped=0.0/s busy=0.0/s arm-reject[state=0.0 request=0.0 refused=0.0 stopping=0.0 res=0.0 size=0.0]/s pool[cap=0.0 family=0.0 create=0.0 alloc=0.0]/s copy-drop[fence=0.0 reset=0.0 begin=0.0 end=0.0 submit=0.0]/s cf[seq=0.0/s idle=0.0/s nrfence=0.0/s] slotbusy=0.0/s copyfence-busy=0.0/s nr-gpuwait=0.0/s flips=0.0/s
20:57:57.032  [fg-relay] rate2: fginput eval=169.5/s index!=1=0.0/s eval-gate[off=0.0 fallback=0.0 notready=0.0 noinput=0.0 noqueue=0.0]/s relay eval=0.0/s consume=0.0/s inplace=0.0/s(ok 0.0/s) unarmed=0.0/s mismatch=0.0/s relbusy=0.0/s relok=0.0/s relfail=0.0/s release-stage[queue=0.0 pool=0.0 fence=0.0 reset=0.0 begin=0.0 end=0.0 submit=0.0]/s watchdog=0.0/s | worker plays=0.0/s ok=0.0/s fail=0.0/s nr_absent=0.0/s copyfail=0.0/s
20:57:57.032  [fg-relay] rate3: arm->arm avg=0.00ms max=0.00ms n=0 | arm->work avg=0.00ms max=0.00ms | arm->eval avg=0.00ms max=0.00ms | copywait avg=0.000ms max=0.000ms | copy-land<= avg=0.00ms max=0.00ms | work avg=0.00ms max=0.00ms | totals armed=0 unarmed=0 skipped=0 busy=0 mismatch=0 copies_failed=0 writes=0 conflicts=0
20:57:57.032  [fg-relay] rate4: throttle depth=1 off=0 | sleep calls=56.5/s waits=0.0/s clear=0.0/s timeouts=0.0/s avg=0.00ms | present calls=56.5/s waits=0.0/s clear=0.0/s timeouts=0.0/s avg=0.00ms | max=0.00ms (process)
20:57:59.882  qpc=4333754472261 [fg-transition] start=4333754470971 frame=0000000000002CB4 idx=2/3 queue=000000002EC43CD0 reset=0 enable=1 recording=1 not-rendering=0 metering=0 fullscreen=0 slmode=1 known=0x17f hud=43e2ccd0 back=40ac6cd0 real=0 interp=455872d0 bridge-lock=1 arm=0->0 result=1 disable-interp=0(known=0) foreground=0 monitors=0000000003DB2751/0000000067FB33F1 cpu=0.129ms
20:57:59.882  qpc=4333754474606 [fg-transition] start=4333754473954 frame=0000000000002CB4 idx=3/3 queue=000000002EC43CD0 reset=0 enable=1 recording=1 not-rendering=0 metering=0 fullscreen=0 slmode=1 known=0x17f hud=43e2ccd0 back=40ac6cd0 real=0 interp=455878d0 bridge-lock=1 arm=0->0 result=1 disable-interp=0(known=0) foreground=0 monitors=0000000003DB2751/0000000067FB33F1 cpu=0.065ms
20:57:59.882  qpc=4333754476539 [fg-transition] start=4333754475071 frame=0000000000002CB5 idx=1/3 queue=000000002EC43CD0 reset=0 enable=1 recording=1 not-rendering=0 metering=0 fullscreen=0 slmode=1 known=0x17f hud=43e2ccd0 back=40ac78d0 real=45586cd0 interp=45587ed0 bridge-lock=1 arm=0->0 result=1 disable-interp=0(known=0) foreground=0 monitors=0000000003DB2751/0000000067FB33F1 cpu=0.147ms
20:57:59.918  qpc=4333754828239 [fg-transition] start=4333754826941 frame=0000000000002CB5 idx=2/3 queue=000000002EC43CD0 reset=0 enable=1 recording=1 not-rendering=0 metering=0 fullscreen=0 slmode=1 known=0x17f hud=43e2ccd0 back=40ac78d0 real=0 interp=455878d0 bridge-lock=1 arm=0->0 result=1 disable-interp=0(known=0) foreground=0 monitors=0000000003DB2751/0000000067FB33F1 cpu=0.130ms
20:57:59.918  qpc=4333754830604 [fg-transition] start=4333754829943 frame=0000000000002CB5 idx=3/3 queue=000000002EC43CD0 reset=0 enable=1 recording=1 not-rendering=0 metering=0 fullscreen=0 slmode=1 known=0x17f hud=43e2ccd0 back=40ac78d0 real=0 interp=455872d0 bridge-lock=1 arm=0->0 result=1 disable-interp=0(known=0) foreground=0 monitors=0000000003DB2751/0000000067FB33F1 cpu=0.066ms
20:57:59.918  qpc=4333754832539 [fg-transition] start=4333754831091 frame=0000000000002CB6 idx=1/3 queue=000000002EC43CD0 reset=0 enable=1 recording=1 not-rendering=0 metering=0 fullscreen=0 slmode=1 known=0x17f hud=43e2ccd0 back=40ac9cd0 real=45587ed0 interp=45586cd0 bridge-lock=1 arm=0->0 result=1 disable-interp=0(known=0) foreground=0 monitors=0000000003DB2751/0000000067FB33F1 cpu=0.145ms
20:57:59.954  qpc=4333755184068 [fg-transition] start=4333755182821 frame=0000000000002CB6 idx=2/3 queue=000000002EC43CD0 reset=0 enable=1 recording=1 not-rendering=0 metering=0 fullscreen=0 slmode=1 known=0x17f hud=43e2ccd0 back=40ac9cd0 real=0 interp=455872d0 bridge-lock=1 arm=0->0 result=1 disable-interp=0(known=0) foreground=0 monitors=0000000003DB2751/0000000000000000 cpu=0.124ms
20:57:59.954  qpc=4333755186338 [fg-transition] start=4333755185673 frame=0000000000002CB6 idx=3/3 queue=000000002EC43CD0 reset=0 enable=1 recording=1 not-rendering=0 metering=0 fullscreen=0 slmode=1 known=0x17f hud=43e2ccd0 back=40ac9cd0 real=0 interp=455878d0 bridge-lock=1 arm=0->0 result=1 disable-interp=0(known=0) foreground=0 monitors=0000000003DB2751/0000000000000000 cpu=0.066ms
20:57:59.954  qpc=4333755188282 [fg-transition] start=4333755186832 frame=0000000000002CB7 idx=1/3 queue=000000002EC43CD0 reset=0 enable=1 recording=1 not-rendering=0 metering=0 fullscreen=0 slmode=1 known=0x17f hud=43e2ccd0 back=40ac6cd0 real=45586cd0 interp=45587ed0 bridge-lock=1 arm=0->0 result=1 disable-interp=0(known=0) foreground=0 monitors=0000000003DB2751/0000000000000000 cpu=0.145ms
20:57:59.988  qpc=4333755529243 [fg-transition] start=4333755527895 frame=0000000000002CB7 idx=2/3 queue=000000002EC43CD0 reset=0 enable=1 recording=1 not-rendering=0 metering=0 fullscreen=0 slmode=1 known=0x17f hud=43e2ccd0 back=40ac6cd0 real=0 interp=455878d0 bridge-lock=1 arm=0->0 result=1 disable-interp=0(known=0) foreground=0 monitors=0000000003DB2751/0000000067FB33F1 cpu=0.134ms
20:57:59.989  qpc=4333755531612 [fg-transition] start=4333755530913 frame=0000000000002CB7 idx=3/3 queue=000000002EC43CD0 reset=0 enable=1 recording=1 not-rendering=0 metering=0 fullscreen=0 slmode=1 known=0x17f hud=43e2ccd0 back=40ac6cd0 real=0 interp=455872d0 bridge-lock=1 arm=0->0 result=1 disable-interp=0(known=0) foreground=0 monitors=0000000003DB2751/0000000067FB33F1 cpu=0.070ms
20:57:59.989  qpc=4333755533586 [fg-transition] start=4333755532111 frame=0000000000002CB8 idx=1/3 queue=000000002EC43CD0 reset=0 enable=1 recording=1 not-rendering=0 metering=0 fullscreen=0 slmode=1 known=0x17f hud=43e2ccd0 back=40ac78d0 real=45587ed0 interp=45586cd0 bridge-lock=1 arm=0->0 result=1 disable-interp=0(known=0) foreground=0 monitors=0000000003DB2751/0000000067FB33F1 cpu=0.147ms
20:58:01.676  qpc=4333772431500 [focus-fg] state: enabled=1 hooked=1 foreground=0 minimized=0 hwnd=000000001D530C1A scope_calls=10015 original_false=3985 kept=3985 presents=11497 FG_evaluates=30037
20:58:03.344  qpc=4333789089743 [fg-transition] start=4333789088312 frame=0000000000002D19 idx=2/3 queue=000000002EC43CD0 reset=0 enable=1 recording=1 not-rendering=0 metering=0 fullscreen=0 slmode=1 known=0x17f hud=43e2ccd0 back=40ac9cd0 real=0 interp=455878d0 bridge-lock=1 arm=0->0 result=1 disable-interp=0(known=0) foreground=1 monitors=0000000003DB2751/0000000003DB2751 cpu=0.143ms
20:58:03.344  qpc=4333789092370 [fg-transition] start=4333789091652 frame=0000000000002D19 idx=3/3 queue=000000002EC43CD0 reset=0 enable=1 recording=1 not-rendering=0 metering=0 fullscreen=0 slmode=1 known=0x17f hud=43e2ccd0 back=40ac9cd0 real=0 interp=455872d0 bridge-lock=1 arm=0->0 result=1 disable-interp=0(known=0) foreground=1 monitors=0000000003DB2751/0000000003DB2751 cpu=0.072ms
20:58:03.344  qpc=4333789094307 [fg-transition] start=4333789092841 frame=0000000000002D1A idx=1/3 queue=000000002EC43CD0 reset=0 enable=1 recording=1 not-rendering=0 metering=0 fullscreen=0 slmode=1 known=0x17f hud=43e2ccd0 back=40ac6cd0 real=45587ed0 interp=45586cd0 bridge-lock=1 arm=0->0 result=1 disable-interp=0(known=0) foreground=1 monitors=0000000003DB2751/0000000003DB2751 cpu=0.146ms
20:58:03.359  qpc=4333789239980 [fg-transition] start=4333789238738 frame=0000000000002D1A idx=2/3 queue=000000002EC43CD0 reset=0 enable=1 recording=1 not-rendering=0 metering=0 fullscreen=0 slmode=1 known=0x17f hud=43e2ccd0 back=40ac6cd0 real=0 interp=455872d0 bridge-lock=1 arm=0->0 result=1 disable-interp=0(known=0) foreground=1 monitors=0000000003DB2751/0000000003DB2751 cpu=0.124ms
20:58:03.359  qpc=4333789242184 [fg-transition] start=4333789241513 frame=0000000000002D1A idx=3/3 queue=000000002EC43CD0 reset=0 enable=1 recording=1 not-rendering=0 metering=0 fullscreen=0 slmode=1 known=0x17f hud=43e2ccd0 back=40ac6cd0 real=0 interp=455878d0 bridge-lock=1 arm=0->0 result=1 disable-interp=0(known=0) foreground=1 monitors=0000000003DB2751/0000000003DB2751 cpu=0.067ms
20:58:03.359  qpc=4333789244094 [fg-transition] start=4333789242664 frame=0000000000002D1B idx=1/3 queue=000000002EC43CD0 reset=0 enable=1 recording=1 not-rendering=0 metering=0 fullscreen=0 slmode=1 known=0x17f hud=43e2ccd0 back=40ac78d0 real=45586cd0 interp=45587ed0 bridge-lock=1 arm=0->0 result=1 disable-interp=0(known=0) foreground=1 monitors=0000000003DB2751/0000000003DB2751 cpu=0.143ms
20:58:03.378  qpc=4333789435746 [fg-transition] start=4333789434305 frame=0000000000002D1B idx=2/3 queue=000000002EC43CD0 reset=0 enable=1 recording=1 not-rendering=0 metering=0 fullscreen=0 slmode=1 known=0x17f hud=43e2ccd0 back=40ac78d0 real=0 interp=455878d0 bridge-lock=1 arm=0->0 result=1 disable-interp=0(known=0) foreground=1 monitors=0000000003DB2751/0000000003DB2751 cpu=0.144ms
20:58:03.379  qpc=4333789438216 [fg-transition] start=4333789437536 frame=0000000000002D1B idx=3/3 queue=000000002EC43CD0 reset=0 enable=1 recording=1 not-rendering=0 metering=0 fullscreen=0 slmode=1 known=0x17f hud=43e2ccd0 back=40ac78d0 real=0 interp=455872d0 bridge-lock=1 arm=0->0 result=1 disable-interp=0(known=0) foreground=1 monitors=0000000003DB2751/0000000003DB2751 cpu=0.068ms
20:58:03.379  qpc=4333789440144 [fg-transition] start=4333789438670 frame=0000000000002D1C idx=1/3 queue=000000002EC43CD0 reset=0 enable=1 recording=1 not-rendering=0 metering=0 fullscreen=0 slmode=1 known=0x17f hud=43e2ccd0 back=40ac9cd0 real=45587ed0 interp=45586cd0 bridge-lock=1 arm=0->0 result=1 disable-interp=0(known=0) foreground=1 monitors=0000000003DB2751/0000000003DB2751 cpu=0.147ms
20:58:03.396  qpc=4333789614781 [fg-transition] start=4333789613674 frame=0000000000002D1C idx=2/3 queue=000000002EC43CD0 reset=0 enable=1 recording=1 not-rendering=0 metering=0 fullscreen=0 slmode=1 known=0x17f hud=43e2ccd0 back=40ac9cd0 real=0 interp=455872d0 bridge-lock=1 arm=0->0 result=1 disable-interp=0(known=0) foreground=1 monitors=0000000003DB2751/0000000003DB2751 cpu=0.111ms
20:58:03.397  qpc=4333789616992 [fg-transition] start=4333789616329 frame=0000000000002D1C idx=3/3 queue=000000002EC43CD0 reset=0 enable=1 recording=1 not-rendering=0 metering=0 fullscreen=0 slmode=1 known=0x17f hud=43e2ccd0 back=40ac9cd0 real=0 interp=455878d0 bridge-lock=1 arm=0->0 result=1 disable-interp=0(known=0) foreground=1 monitors=0000000003DB2751/0000000003DB2751 cpu=0.066ms
20:58:03.397  qpc=4333789618926 [fg-transition] start=4333789617467 frame=0000000000002D1D idx=1/3 queue=000000002EC43CD0 reset=0 enable=1 recording=1 not-rendering=0 metering=0 fullscreen=0 slmode=1 known=0x17f hud=43e2ccd0 back=40ac6cd0 real=45586cd0 interp=45587ed0 bridge-lock=1 arm=0->0 result=1 disable-interp=0(known=0) foreground=1 monitors=0000000003DB2751/0000000003DB2751 cpu=0.146ms
20:58:03.706  qpc=4333792738916 [focus-fg] state: enabled=1 hooked=1 foreground=1 minimized=0 hwnd=000000001D530C1A scope_calls=10084 original_false=4034 kept=4034 presents=11566 FG_evaluates=30247
20:58:12.031  [fg-relay] rate/15.0s p2 import_opt=1: presents=51.8/s present-gate[point=51.8 ready=0.0 fallback=0.0 inactive=0.0]/s noinfo=0.0/s stale=0.0/s unlearned=0.0/s attempts=0.0/s armed=0.0/s skipped=0.0/s busy=0.0/s arm-reject[state=0.0 request=0.0 refused=0.0 stopping=0.0 res=0.0 size=0.0]/s pool[cap=0.0 family=0.0 create=0.0 alloc=0.0]/s copy-drop[fence=0.0 reset=0.0 begin=0.0 end=0.0 submit=0.0]/s cf[seq=0.0/s idle=0.0/s nrfence=0.0/s] slotbusy=0.0/s copyfence-busy=0.0/s nr-gpuwait=0.0/s flips=0.0/s
20:58:12.032  [fg-relay] rate2: fginput eval=155.3/s index!=1=0.0/s eval-gate[off=0.0 fallback=0.0 notready=0.0 noinput=0.0 noqueue=0.0]/s relay eval=0.0/s consume=0.0/s inplace=0.0/s(ok 0.0/s) unarmed=0.0/s mismatch=0.0/s relbusy=0.0/s relok=0.0/s relfail=0.0/s release-stage[queue=0.0 pool=0.0 fence=0.0 reset=0.0 begin=0.0 end=0.0 submit=0.0]/s watchdog=0.0/s | worker plays=0.0/s ok=0.0/s fail=0.0/s nr_absent=0.0/s copyfail=0.0/s
20:58:12.032  [fg-relay] rate3: arm->arm avg=0.00ms max=0.00ms n=0 | arm->work avg=0.00ms max=0.00ms | arm->eval avg=0.00ms max=0.00ms | copywait avg=0.000ms max=0.000ms | copy-land<= avg=0.00ms max=0.00ms | work avg=0.00ms max=0.00ms | totals armed=0 unarmed=0 skipped=0 busy=0 mismatch=0 copies_failed=0 writes=0 conflicts=0
20:58:12.032  [fg-relay] rate4: throttle depth=1 off=0 | sleep calls=51.8/s waits=0.0/s clear=0.0/s timeouts=0.0/s avg=0.00ms | present calls=51.8/s waits=0.0/s clear=0.0/s timeouts=0.0/s avg=0.00ms | max=0.00ms (process)
20:58:14.682  === Vulkan CreateFeature1 #29  feature_id=18  VkDevice=000000002FEE00D0  thread 22972 ===
20:58:14.682  === Vulkan CreateFeature1 #29 returned -1160773630, handle=0000000000000000 ===
20:58:15.865  qpc=4333914295830 [fg-transition] start=4333914294321 frame=0000000000002FF8 idx=2/3 queue=000000002EC43CD0 reset=0 enable=1 recording=1 not-rendering=0 metering=0 fullscreen=0 slmode=1 known=0x17f hud=43e2ccd0 back=40ac9cd0 real=0 interp=455872d0 bridge-lock=1 arm=0->0 result=1 disable-interp=0(known=0) foreground=0 monitors=0000000003DB2751/0000000067FB33F1 cpu=0.151ms
20:58:15.865  qpc=4333914298734 [fg-transition] start=4333914297694 frame=0000000000002FF8 idx=3/3 queue=000000002EC43CD0 reset=0 enable=1 recording=1 not-rendering=0 metering=0 fullscreen=0 slmode=1 known=0x17f hud=43e2ccd0 back=40ac9cd0 real=0 interp=455878d0 bridge-lock=1 arm=0->0 result=1 disable-interp=0(known=0) foreground=0 monitors=0000000003DB2751/0000000067FB33F1 cpu=0.104ms
20:58:15.865  qpc=4333914301313 [fg-transition] start=4333914299450 frame=0000000000002FF9 idx=1/3 queue=000000002EC43CD0 reset=0 enable=1 recording=1 not-rendering=0 metering=0 fullscreen=0 slmode=1 known=0x17f hud=43e2ccd0 back=40ac6cd0 real=45586cd0 interp=45587ed0 bridge-lock=1 arm=0->0 result=1 disable-interp=0(known=0) foreground=0 monitors=0000000003DB2751/0000000067FB33F1 cpu=0.186ms
20:58:15.898  qpc=4333914634644 [fg-transition] start=4333914633397 frame=0000000000002FF9 idx=2/3 queue=000000002EC43CD0 reset=0 enable=1 recording=1 not-rendering=0 metering=0 fullscreen=0 slmode=1 known=0x17f hud=43e2ccd0 back=40ac6cd0 real=0 interp=455878d0 bridge-lock=1 arm=0->0 result=1 disable-interp=0(known=0) foreground=0 monitors=0000000003DB2751/0000000067FB33F1 cpu=0.124ms
20:58:15.898  qpc=4333914636941 [fg-transition] start=4333914636309 frame=0000000000002FF9 idx=3/3 queue=000000002EC43CD0 reset=0 enable=1 recording=1 not-rendering=0 metering=0 fullscreen=0 slmode=1 known=0x17f hud=43e2ccd0 back=40ac6cd0 real=0 interp=455872d0 bridge-lock=1 arm=0->0 result=1 disable-interp=0(known=0) foreground=0 monitors=0000000003DB2751/0000000067FB33F1 cpu=0.063ms
20:58:15.899  qpc=4333914638827 [fg-transition] start=4333914637409 frame=0000000000002FFA idx=1/3 queue=000000002EC43CD0 reset=0 enable=1 recording=1 not-rendering=0 metering=0 fullscreen=0 slmode=1 known=0x17f hud=43e2ccd0 back=40ac78d0 real=45587ed0 interp=45586cd0 bridge-lock=1 arm=0->0 result=1 disable-interp=0(known=0) foreground=0 monitors=0000000003DB2751/0000000067FB33F1 cpu=0.142ms
20:58:15.934  qpc=4333914990337 [fg-transition] start=4333914989072 frame=0000000000002FFA idx=2/3 queue=000000002EC43CD0 reset=0 enable=1 recording=1 not-rendering=0 metering=0 fullscreen=0 slmode=1 known=0x17f hud=43e2ccd0 back=40ac78d0 real=0 interp=455872d0 bridge-lock=1 arm=0->0 result=1 disable-interp=0(known=0) foreground=0 monitors=0000000003DB2751/0000000067FB33F1 cpu=0.126ms
20:58:15.934  qpc=4333914992721 [fg-transition] start=4333914992060 frame=0000000000002FFA idx=3/3 queue=000000002EC43CD0 reset=0 enable=1 recording=1 not-rendering=0 metering=0 fullscreen=0 slmode=1 known=0x17f hud=43e2ccd0 back=40ac78d0 real=0 interp=455878d0 bridge-lock=1 arm=0->0 result=1 disable-interp=0(known=0) foreground=0 monitors=0000000003DB2751/0000000067FB33F1 cpu=0.066ms
20:58:15.934  qpc=4333914994665 [fg-transition] start=4333914993171 frame=0000000000002FFB idx=1/3 queue=000000002EC43CD0 reset=0 enable=1 recording=1 not-rendering=0 metering=0 fullscreen=0 slmode=1 known=0x17f hud=43e2ccd0 back=40ac9cd0 real=45586cd0 interp=45587ed0 bridge-lock=1 arm=0->0 result=1 disable-interp=0(known=0) foreground=0 monitors=0000000003DB2751/0000000067FB33F1 cpu=0.149ms
20:58:15.968  qpc=4333915336054 [fg-transition] start=4333915334756 frame=0000000000002FFB idx=2/3 queue=000000002EC43CD0 reset=0 enable=1 recording=1 not-rendering=0 metering=0 fullscreen=0 slmode=1 known=0x17f hud=43e2ccd0 back=40ac9cd0 real=0 interp=455878d0 bridge-lock=1 arm=0->0 result=1 disable-interp=0(known=0) foreground=0 monitors=0000000003DB2751/0000000067FB33F1 cpu=0.130ms
20:58:15.969  qpc=4333915338395 [fg-transition] start=4333915337730 frame=0000000000002FFB idx=3/3 queue=000000002EC43CD0 reset=0 enable=1 recording=1 not-rendering=0 metering=0 fullscreen=0 slmode=1 known=0x17f hud=43e2ccd0 back=40ac9cd0 real=0 interp=455872d0 bridge-lock=1 arm=0->0 result=1 disable-interp=0(known=0) foreground=0 monitors=0000000003DB2751/0000000067FB33F1 cpu=0.067ms
20:58:15.969  qpc=4333915340312 [fg-transition] start=4333915338868 frame=0000000000002FFC idx=1/3 queue=000000002EC43CD0 reset=0 enable=1 recording=1 not-rendering=0 metering=0 fullscreen=0 slmode=1 known=0x17f hud=43e2ccd0 back=40ac6cd0 real=45587ed0 interp=45586cd0 bridge-lock=1 arm=0->0 result=1 disable-interp=0(known=0) foreground=0 monitors=0000000003DB2751/0000000067FB33F1 cpu=0.144ms
20:58:17.743  qpc=4333933097246 [focus-fg] state: enabled=1 hooked=1 foreground=0 minimized=0 hwnd=000000001D530C1A scope_calls=10854 original_false=4089 kept=4089 presents=12336 FG_evaluates=32554
20:58:27.039  [fg-relay] rate/15.0s p2 import_opt=1: presents=37.5/s present-gate[point=37.5 ready=0.0 fallback=0.0 inactive=0.0]/s noinfo=0.0/s stale=0.0/s unlearned=0.0/s attempts=0.0/s armed=0.0/s skipped=0.0/s busy=0.0/s arm-reject[state=0.0 request=0.0 refused=0.0 stopping=0.0 res=0.0 size=0.0]/s pool[cap=0.0 family=0.0 create=0.0 alloc=0.0]/s copy-drop[fence=0.0 reset=0.0 begin=0.0 end=0.0 submit=0.0]/s cf[seq=0.0/s idle=0.0/s nrfence=0.0/s] slotbusy=0.0/s copyfence-busy=0.0/s nr-gpuwait=0.0/s flips=0.0/s
20:58:27.040  [fg-relay] rate2: fginput eval=112.2/s index!=1=0.0/s eval-gate[off=0.0 fallback=0.0 notready=0.0 noinput=0.0 noqueue=0.0]/s relay eval=0.0/s consume=0.0/s inplace=0.0/s(ok 0.0/s) unarmed=0.0/s mismatch=0.0/s relbusy=0.0/s relok=0.0/s relfail=0.0/s release-stage[queue=0.0 pool=0.0 fence=0.0 reset=0.0 begin=0.0 end=0.0 submit=0.0]/s watchdog=0.0/s | worker plays=0.0/s ok=0.0/s fail=0.0/s nr_absent=0.0/s copyfail=0.0/s
20:58:27.040  [fg-relay] rate3: arm->arm avg=0.00ms max=0.00ms n=0 | arm->work avg=0.00ms max=0.00ms | arm->eval avg=0.00ms max=0.00ms | copywait avg=0.000ms max=0.000ms | copy-land<= avg=0.00ms max=0.00ms | work avg=0.00ms max=0.00ms | totals armed=0 unarmed=0 skipped=0 busy=0 mismatch=0 copies_failed=0 writes=0 conflicts=0
20:58:27.040  [fg-relay] rate4: throttle depth=1 off=0 | sleep calls=37.5/s waits=0.0/s clear=0.0/s timeouts=0.0/s avg=0.00ms | present calls=37.5/s waits=0.0/s clear=0.0/s timeouts=0.0/s avg=0.00ms | max=0.00ms (process)
20:58:32.743  qpc=4334083103264 [focus-fg] state: enabled=1 hooked=1 foreground=0 minimized=0 hwnd=000000001D530C1A scope_calls=11304 original_false=4539 kept=4539 presents=12786 FG_evaluates=33904
20:58:34.679  qpc=4334102435909 [fg-transition] start=4334102434593 frame=000000000000322A idx=2/3 queue=000000002EC43CD0 reset=0 enable=1 recording=1 not-rendering=0 metering=0 fullscreen=0 slmode=1 known=0x17f hud=43e2ccd0 back=40ac6cd0 real=0 interp=455872d0 bridge-lock=1 arm=0->0 result=1 disable-interp=0(known=0) foreground=1 monitors=0000000003DB2751/0000000003DB2751 cpu=0.131ms
20:58:34.679  qpc=4334102438511 [fg-transition] start=4334102437791 frame=000000000000322A idx=3/3 queue=000000002EC43CD0 reset=0 enable=1 recording=1 not-rendering=0 metering=0 fullscreen=0 slmode=1 known=0x17f hud=43e2ccd0 back=40ac6cd0 real=0 interp=455878d0 bridge-lock=1 arm=0->0 result=1 disable-interp=0(known=0) foreground=1 monitors=0000000003DB2751/0000000003DB2751 cpu=0.072ms
20:58:34.679  qpc=4334102440521 [fg-transition] start=4334102438992 frame=000000000000322B idx=1/3 queue=000000002EC43CD0 reset=0 enable=1 recording=1 not-rendering=0 metering=0 fullscreen=0 slmode=1 known=0x17f hud=43e2ccd0 back=40ac78d0 real=45586cd0 interp=45587ed0 bridge-lock=1 arm=0->0 result=1 disable-interp=0(known=0) foreground=1 monitors=0000000003DB2751/0000000003DB2751 cpu=0.153ms
20:58:34.700  qpc=4334102644425 [fg-transition] start=4334102643061 frame=000000000000322B idx=2/3 queue=000000002EC43CD0 reset=0 enable=1 recording=1 not-rendering=0 metering=0 fullscreen=0 slmode=1 known=0x17f hud=43e2ccd0 back=40ac78d0 real=0 interp=455878d0 bridge-lock=1 arm=0->0 result=1 disable-interp=0(known=0) foreground=1 monitors=0000000003DB2751/0000000003DB2751 cpu=0.136ms
20:58:34.701  qpc=4334102647947 [fg-transition] start=4334102647040 frame=000000000000322B idx=3/3 queue=000000002EC43CD0 reset=0 enable=1 recording=1 not-rendering=0 metering=0 fullscreen=0 slmode=1 known=0x17f hud=43e2ccd0 back=40ac78d0 real=0 interp=455872d0 bridge-lock=1 arm=0->0 result=1 disable-interp=0(known=0) foreground=1 monitors=0000000003DB2751/0000000003DB2751 cpu=0.090ms
20:58:34.701  qpc=4334102650714 [fg-transition] start=4334102648746 frame=000000000000322C idx=1/3 queue=000000002EC43CD0 reset=0 enable=1 recording=1 not-rendering=0 metering=0 fullscreen=0 slmode=1 known=0x17f hud=43e2ccd0 back=40ac9cd0 real=45587ed0 interp=45586cd0 bridge-lock=1 arm=0->0 result=1 disable-interp=0(known=0) foreground=1 monitors=0000000003DB2751/0000000003DB2751 cpu=0.197ms
20:58:34.721  qpc=4334102853777 [fg-transition] start=4334102851833 frame=000000000000322C idx=2/3 queue=000000002EC43CD0 reset=0 enable=1 recording=1 not-rendering=0 metering=0 fullscreen=0 slmode=1 known=0x17f hud=43e2ccd0 back=40ac9cd0 real=0 interp=455872d0 bridge-lock=1 arm=0->0 result=1 disable-interp=0(known=0) foreground=1 monitors=0000000003DB2751/0000000003DB2751 cpu=0.194ms
20:58:34.722  qpc=4334102856713 [fg-transition] start=4334102855927 frame=000000000000322C idx=3/3 queue=000000002EC43CD0 reset=0 enable=1 recording=1 not-rendering=0 metering=0 fullscreen=0 slmode=1 known=0x17f hud=43e2ccd0 back=40ac9cd0 real=0 interp=455878d0 bridge-lock=1 arm=0->0 result=1 disable-interp=0(known=0) foreground=1 monitors=0000000003DB2751/0000000003DB2751 cpu=0.079ms
20:58:34.722  qpc=4334102869519 [fg-transition] start=4334102866899 frame=000000000000322D idx=1/3 queue=000000002EC43CD0 reset=0 enable=1 recording=1 not-rendering=0 metering=0 fullscreen=0 slmode=1 known=0x17f hud=43e2ccd0 back=40ac6cd0 real=45586cd0 interp=45587ed0 bridge-lock=1 arm=0->0 result=1 disable-interp=0(known=0) foreground=1 monitors=0000000003DB2751/0000000003DB2751 cpu=0.262ms
20:58:34.741  qpc=4334103045531 [fg-transition] start=4334103043772 frame=000000000000322D idx=2/3 queue=000000002EC43CD0 reset=0 enable=1 recording=1 not-rendering=0 metering=0 fullscreen=0 slmode=1 known=0x17f hud=43e2ccd0 back=40ac6cd0 real=0 interp=455878d0 bridge-lock=1 arm=0->0 result=1 disable-interp=0(known=0) foreground=1 monitors=0000000003DB2751/0000000003DB2751 cpu=0.175ms
20:58:34.742  qpc=4334103049194 [fg-transition] start=4334103047907 frame=000000000000322D idx=3/3 queue=000000002EC43CD0 reset=0 enable=1 recording=1 not-rendering=0 metering=0 fullscreen=0 slmode=1 known=0x17f hud=43e2ccd0 back=40ac6cd0 real=0 interp=455872d0 bridge-lock=1 arm=0->0 result=1 disable-interp=0(known=0) foreground=1 monitors=0000000003DB2751/0000000003DB2751 cpu=0.129ms
20:58:34.742  qpc=4334103053245 [fg-transition] start=4334103050318 frame=000000000000322E idx=1/3 queue=000000002EC43CD0 reset=0 enable=1 recording=1 not-rendering=0 metering=0 fullscreen=0 slmode=1 known=0x17f hud=43e2ccd0 back=40ac78d0 real=45587ed0 interp=45586cd0 bridge-lock=1 arm=0->0 result=1 disable-interp=0(known=0) foreground=1 monitors=0000000003DB2751/0000000003DB2751 cpu=0.292ms
20:58:34.742  qpc=4334103085048 [focus-fg] state: enabled=1 hooked=1 foreground=1 minimized=0 hwnd=000000001D530C1A scope_calls=11364 original_false=4596 kept=4596 presents=12846 FG_evaluates=34090
20:58:42.041  [fg-relay] rate/15.0s p2 import_opt=1: presents=44.3/s present-gate[point=44.3 ready=0.0 fallback=0.0 inactive=0.0]/s noinfo=0.0/s stale=0.0/s unlearned=0.0/s attempts=0.0/s armed=0.0/s skipped=0.0/s busy=0.0/s arm-reject[state=0.0 request=0.0 refused=0.0 stopping=0.0 res=0.0 size=0.0]/s pool[cap=0.0 family=0.0 create=0.0 alloc=0.0]/s copy-drop[fence=0.0 reset=0.0 begin=0.0 end=0.0 submit=0.0]/s cf[seq=0.0/s idle=0.0/s nrfence=0.0/s] slotbusy=0.0/s copyfence-busy=0.0/s nr-gpuwait=0.0/s flips=0.0/s
20:58:42.042  [fg-relay] rate2: fginput eval=133.2/s index!=1=0.0/s eval-gate[off=0.0 fallback=0.0 notready=0.0 noinput=0.0 noqueue=0.0]/s relay eval=0.0/s consume=0.0/s inplace=0.0/s(ok 0.0/s) unarmed=0.0/s mismatch=0.0/s relbusy=0.0/s relok=0.0/s relfail=0.0/s release-stage[queue=0.0 pool=0.0 fence=0.0 reset=0.0 begin=0.0 end=0.0 submit=0.0]/s watchdog=0.0/s | worker plays=0.0/s ok=0.0/s fail=0.0/s nr_absent=0.0/s copyfail=0.0/s
20:58:42.042  [fg-relay] rate3: arm->arm avg=0.00ms max=0.00ms n=0 | arm->work avg=0.00ms max=0.00ms | arm->eval avg=0.00ms max=0.00ms | copywait avg=0.000ms max=0.000ms | copy-land<= avg=0.00ms max=0.00ms | work avg=0.00ms max=0.00ms | totals armed=0 unarmed=0 skipped=0 busy=0 mismatch=0 copies_failed=0 writes=0 conflicts=0
20:58:42.042  [fg-relay] rate4: throttle depth=1 off=0 | sleep calls=44.3/s waits=0.0/s clear=0.0/s timeouts=0.0/s avg=0.00ms | present calls=44.3/s waits=0.0/s clear=0.0/s timeouts=0.0/s avg=0.00ms | max=0.00ms (process)
20:58:43.576  qpc=4334191404713 [fg-transition] start=4334191403464 frame=000000000000343A idx=2/3 queue=000000002EC43CD0 reset=0 enable=1 recording=1 not-rendering=0 metering=0 fullscreen=0 slmode=1 known=0x17f hud=43e2ccd0 back=40ac6cd0 real=0 interp=455872d0 bridge-lock=1 arm=0->0 result=1 disable-interp=0(known=0) foreground=0 monitors=0000000003DB2751/0000000000000000 cpu=0.125ms
20:58:43.576  qpc=4334191407236 [fg-transition] start=4334191406541 frame=000000000000343A idx=3/3 queue=000000002EC43CD0 reset=0 enable=1 recording=1 not-rendering=0 metering=0 fullscreen=0 slmode=1 known=0x17f hud=43e2ccd0 back=40ac6cd0 real=0 interp=455878d0 bridge-lock=1 arm=0->0 result=1 disable-interp=0(known=0) foreground=0 monitors=0000000003DB2751/0000000000000000 cpu=0.069ms
20:58:43.576  qpc=4334191409243 [fg-transition] start=4334191407705 frame=000000000000343B idx=1/3 queue=000000002EC43CD0 reset=0 enable=1 recording=1 not-rendering=0 metering=0 fullscreen=0 slmode=1 known=0x17f hud=43e2ccd0 back=40ac78d0 real=45586cd0 interp=45587ed0 bridge-lock=1 arm=0->0 result=1 disable-interp=0(known=0) foreground=0 monitors=0000000003DB2751/0000000000000000 cpu=0.154ms
20:58:43.610  qpc=4334191747900 [fg-transition] start=4334191746562 frame=000000000000343B idx=2/3 queue=000000002EC43CD0 reset=0 enable=1 recording=1 not-rendering=0 metering=0 fullscreen=0 slmode=1 known=0x17f hud=43e2ccd0 back=40ac78d0 real=0 interp=455878d0 bridge-lock=1 arm=0->0 result=1 disable-interp=0(known=0) foreground=0 monitors=0000000003DB2751/0000000067FB33F1 cpu=0.134ms
20:58:43.610  qpc=4334191750206 [fg-transition] start=4334191749548 frame=000000000000343B idx=3/3 queue=000000002EC43CD0 reset=0 enable=1 recording=1 not-rendering=0 metering=0 fullscreen=0 slmode=1 known=0x17f hud=43e2ccd0 back=40ac78d0 real=0 interp=455872d0 bridge-lock=1 arm=0->0 result=1 disable-interp=0(known=0) foreground=0 monitors=0000000003DB2751/0000000067FB33F1 cpu=0.066ms
20:58:43.610  qpc=4334191752366 [fg-transition] start=4334191750672 frame=000000000000343C idx=1/3 queue=000000002EC43CD0 reset=0 enable=1 recording=1 not-rendering=0 metering=0 fullscreen=0 slmode=1 known=0x17f hud=43e2ccd0 back=40ac9cd0 real=45587ed0 interp=45586cd0 bridge-lock=1 arm=0->0 result=1 disable-interp=0(known=0) foreground=0 monitors=0000000003DB2751/0000000067FB33F1 cpu=0.169ms
20:58:43.646  qpc=4334192110336 [fg-transition] start=4334192107189 frame=000000000000343C idx=2/3 queue=000000002EC43CD0 reset=0 enable=1 recording=1 not-rendering=0 metering=0 fullscreen=0 slmode=1 known=0x17f hud=43e2ccd0 back=40ac9cd0 real=0 interp=455872d0 bridge-lock=1 arm=0->0 result=1 disable-interp=0(known=0) foreground=0 monitors=0000000003DB2751/0000000067FB33F1 cpu=0.314ms
20:58:43.646  qpc=4334192113196 [fg-transition] start=4334192112441 frame=000000000000343C idx=3/3 queue=000000002EC43CD0 reset=0 enable=1 recording=1 not-rendering=0 metering=0 fullscreen=0 slmode=1 known=0x17f hud=43e2ccd0 back=40ac9cd0 real=0 interp=455878d0 bridge-lock=1 arm=0->0 result=1 disable-interp=0(known=0) foreground=0 monitors=0000000003DB2751/0000000067FB33F1 cpu=0.075ms
20:58:43.647  qpc=4334192115349 [fg-transition] start=4334192113845 frame=000000000000343D idx=1/3 queue=000000002EC43CD0 reset=0 enable=1 recording=1 not-rendering=0 metering=0 fullscreen=0 slmode=1 known=0x17f hud=43e2ccd0 back=40ac6cd0 real=45586cd0 interp=45587ed0 bridge-lock=1 arm=0->0 result=1 disable-interp=0(known=0) foreground=0 monitors=0000000003DB2751/0000000067FB33F1 cpu=0.150ms
20:58:43.680  qpc=4334192451251 [fg-transition] start=4334192449881 frame=000000000000343D idx=2/3 queue=000000002EC43CD0 reset=0 enable=1 recording=1 not-rendering=0 metering=0 fullscreen=0 slmode=1 known=0x17f hud=43e2ccd0 back=40ac6cd0 real=0 interp=455878d0 bridge-lock=1 arm=0->0 result=1 disable-interp=0(known=0) foreground=0 monitors=0000000003DB2751/0000000067FB33F1 cpu=0.136ms
20:58:43.680  qpc=4334192453711 [fg-transition] start=4334192453055 frame=000000000000343D idx=3/3 queue=000000002EC43CD0 reset=0 enable=1 recording=1 not-rendering=0 metering=0 fullscreen=0 slmode=1 known=0x17f hud=43e2ccd0 back=40ac6cd0 real=0 interp=455872d0 bridge-lock=1 arm=0->0 result=1 disable-interp=0(known=0) foreground=0 monitors=0000000003DB2751/0000000067FB33F1 cpu=0.066ms
20:58:43.680  qpc=4334192457226 [fg-transition] start=4334192454411 frame=000000000000343E idx=1/3 queue=000000002EC43CD0 reset=0 enable=1 recording=1 not-rendering=0 metering=0 fullscreen=0 slmode=1 known=0x17f hud=43e2ccd0 back=40ac78d0 real=45587ed0 interp=45586cd0 bridge-lock=1 arm=0->0 result=1 disable-interp=0(known=0) foreground=0 monitors=0000000003DB2751/0000000067FB33F1 cpu=0.281ms
20:58:43.828  qpc=4334193947978 [focus-fg] state: enabled=1 hooked=1 foreground=0 minimized=0 hwnd=000000001D530C1A scope_calls=11896 original_false=4603 kept=4603 presents=13378 FG_evaluates=35686
20:58:44.708  === Vulkan CreateFeature1 #30  feature_id=18  VkDevice=000000002FEE00D0  thread 22972 ===
20:58:44.708  === Vulkan CreateFeature1 #30 returned -1160773630, handle=0000000000000000 ===
20:58:57.037  [fg-relay] rate/15.0s p2 import_opt=1: presents=32.9/s present-gate[point=32.9 ready=0.0 fallback=0.0 inactive=0.0]/s noinfo=0.0/s stale=0.0/s unlearned=0.0/s attempts=0.0/s armed=0.0/s skipped=0.0/s busy=0.0/s arm-reject[state=0.0 request=0.0 refused=0.0 stopping=0.0 res=0.0 size=0.0]/s pool[cap=0.0 family=0.0 create=0.0 alloc=0.0]/s copy-drop[fence=0.0 reset=0.0 begin=0.0 end=0.0 submit=0.0]/s cf[seq=0.0/s idle=0.0/s nrfence=0.0/s] slotbusy=0.0/s copyfence-busy=0.0/s nr-gpuwait=0.0/s flips=0.0/s
20:58:57.038  [fg-relay] rate2: fginput eval=98.6/s index!=1=0.0/s eval-gate[off=0.0 fallback=0.0 notready=0.0 noinput=0.0 noqueue=0.0]/s relay eval=0.0/s consume=0.0/s inplace=0.0/s(ok 0.0/s) unarmed=0.0/s mismatch=0.0/s relbusy=0.0/s relok=0.0/s relfail=0.0/s release-stage[queue=0.0 pool=0.0 fence=0.0 reset=0.0 begin=0.0 end=0.0 submit=0.0]/s watchdog=0.0/s | worker plays=0.0/s ok=0.0/s fail=0.0/s nr_absent=0.0/s copyfail=0.0/s
20:58:57.038  [fg-relay] rate3: arm->arm avg=0.00ms max=0.00ms n=0 | arm->work avg=0.00ms max=0.00ms | arm->eval avg=0.00ms max=0.00ms | copywait avg=0.000ms max=0.000ms | copy-land<= avg=0.00ms max=0.00ms | work avg=0.00ms max=0.00ms | totals armed=0 unarmed=0 skipped=0 busy=0 mismatch=0 copies_failed=0 writes=0 conflicts=0
20:58:57.038  [fg-relay] rate4: throttle depth=1 off=0 | sleep calls=32.9/s waits=0.0/s clear=0.0/s timeouts=0.0/s avg=0.00ms | present calls=32.9/s waits=0.0/s clear=0.0/s timeouts=0.0/s avg=0.00ms | max=0.00ms (process)
20:58:58.839  qpc=4334344064297 [focus-fg] state: enabled=1 hooked=1 foreground=0 minimized=0 hwnd=000000001D530C1A scope_calls=12346 original_false=5053 kept=5053 presents=13828 FG_evaluates=37030
20:59:12.037  [fg-relay] rate/15.0s p2 import_opt=1: presents=30.0/s present-gate[point=30.0 ready=0.0 fallback=0.0 inactive=0.0]/s noinfo=0.0/s stale=0.0/s unlearned=0.0/s attempts=0.0/s armed=0.0/s skipped=0.0/s busy=0.0/s arm-reject[state=0.0 request=0.0 refused=0.0 stopping=0.0 res=0.0 size=0.0]/s pool[cap=0.0 family=0.0 create=0.0 alloc=0.0]/s copy-drop[fence=0.0 reset=0.0 begin=0.0 end=0.0 submit=0.0]/s cf[seq=0.0/s idle=0.0/s nrfence=0.0/s] slotbusy=0.0/s copyfence-busy=0.0/s nr-gpuwait=0.0/s flips=0.0/s
20:59:12.038  [fg-relay] rate2: fginput eval=90.0/s index!=1=0.0/s eval-gate[off=0.0 fallback=0.0 notready=0.0 noinput=0.0 noqueue=0.0]/s relay eval=0.0/s consume=0.0/s inplace=0.0/s(ok 0.0/s) unarmed=0.0/s mismatch=0.0/s relbusy=0.0/s relok=0.0/s relfail=0.0/s release-stage[queue=0.0 pool=0.0 fence=0.0 reset=0.0 begin=0.0 end=0.0 submit=0.0]/s watchdog=0.0/s | worker plays=0.0/s ok=0.0/s fail=0.0/s nr_absent=0.0/s copyfail=0.0/s
20:59:12.038  [fg-relay] rate3: arm->arm avg=0.00ms max=0.00ms n=0 | arm->work avg=0.00ms max=0.00ms | arm->eval avg=0.00ms max=0.00ms | copywait avg=0.000ms max=0.000ms | copy-land<= avg=0.00ms max=0.00ms | work avg=0.00ms max=0.00ms | totals armed=0 unarmed=0 skipped=0 busy=0 mismatch=0 copies_failed=0 writes=0 conflicts=0
20:59:12.038  [fg-relay] rate4: throttle depth=1 off=0 | sleep calls=30.0/s waits=0.0/s clear=0.0/s timeouts=0.0/s avg=0.00ms | present calls=30.0/s waits=0.0/s clear=0.0/s timeouts=0.0/s avg=0.00ms | max=0.00ms (process)
20:59:13.839  qpc=4334494070766 [focus-fg] state: enabled=1 hooked=1 foreground=0 minimized=0 hwnd=000000001D530C1A scope_calls=12796 original_false=5503 kept=5503 presents=14278 FG_evaluates=38380
20:59:14.735  === Vulkan CreateFeature1 #31  feature_id=18  VkDevice=000000002FEE00D0  thread 22972 ===
20:59:14.735  === Vulkan CreateFeature1 #31 returned -1160773630, handle=0000000000000000 ===
20:59:27.036  [fg-relay] rate/15.0s p2 import_opt=1: presents=30.0/s present-gate[point=30.0 ready=0.0 fallback=0.0 inactive=0.0]/s noinfo=0.0/s stale=0.0/s unlearned=0.0/s attempts=0.0/s armed=0.0/s skipped=0.0/s busy=0.0/s arm-reject[state=0.0 request=0.0 refused=0.0 stopping=0.0 res=0.0 size=0.0]/s pool[cap=0.0 family=0.0 create=0.0 alloc=0.0]/s copy-drop[fence=0.0 reset=0.0 begin=0.0 end=0.0 submit=0.0]/s cf[seq=0.0/s idle=0.0/s nrfence=0.0/s] slotbusy=0.0/s copyfence-busy=0.0/s nr-gpuwait=0.0/s flips=0.0/s
20:59:27.036  [fg-relay] rate2: fginput eval=90.0/s index!=1=0.0/s eval-gate[off=0.0 fallback=0.0 notready=0.0 noinput=0.0 noqueue=0.0]/s relay eval=0.0/s consume=0.0/s inplace=0.0/s(ok 0.0/s) unarmed=0.0/s mismatch=0.0/s relbusy=0.0/s relok=0.0/s relfail=0.0/s release-stage[queue=0.0 pool=0.0 fence=0.0 reset=0.0 begin=0.0 end=0.0 submit=0.0]/s watchdog=0.0/s | worker plays=0.0/s ok=0.0/s fail=0.0/s nr_absent=0.0/s copyfail=0.0/s
20:59:27.036  [fg-relay] rate3: arm->arm avg=0.00ms max=0.00ms n=0 | arm->work avg=0.00ms max=0.00ms | arm->eval avg=0.00ms max=0.00ms | copywait avg=0.000ms max=0.000ms | copy-land<= avg=0.00ms max=0.00ms | work avg=0.00ms max=0.00ms | totals armed=0 unarmed=0 skipped=0 busy=0 mismatch=0 copies_failed=0 writes=0 conflicts=0
20:59:27.037  [fg-relay] rate4: throttle depth=1 off=0 | sleep calls=30.0/s waits=0.0/s clear=0.0/s timeouts=0.0/s avg=0.00ms | present calls=30.0/s waits=0.0/s clear=0.0/s timeouts=0.0/s avg=0.00ms | max=0.00ms (process)
20:59:28.839  qpc=4334644065703 [focus-fg] state: enabled=1 hooked=1 foreground=0 minimized=0 hwnd=000000001D530C1A scope_calls=13246 original_false=5953 kept=5953 presents=14728 FG_evaluates=39730
20:59:36.644  qpc=4334722081619 [fg-transition] start=4334722079567 frame=0000000000003A70 idx=2/3 queue=000000002EC43CD0 reset=0 enable=1 recording=1 not-rendering=0 metering=0 fullscreen=0 slmode=1 known=0x17f hud=43e2ccd0 back=40ac6cd0 real=0 interp=455872d0 bridge-lock=1 arm=0->0 result=1 disable-interp=0(known=0) foreground=1 monitors=0000000003DB2751/0000000003DB2751 cpu=0.205ms
20:59:36.644  qpc=4334722085102 [fg-transition] start=4334722084162 frame=0000000000003A70 idx=3/3 queue=000000002EC43CD0 reset=0 enable=1 recording=1 not-rendering=0 metering=0 fullscreen=0 slmode=1 known=0x17f hud=43e2ccd0 back=40ac6cd0 real=0 interp=455878d0 bridge-lock=1 arm=0->0 result=1 disable-interp=0(known=0) foreground=1 monitors=0000000003DB2751/0000000003DB2751 cpu=0.094ms
20:59:36.645  qpc=4334722087788 [fg-transition] start=4334722085784 frame=0000000000003A71 idx=1/3 queue=000000002EC43CD0 reset=0 enable=1 recording=1 not-rendering=0 metering=0 fullscreen=0 slmode=1 known=0x17f hud=43e2ccd0 back=40ac78d0 real=45586cd0 interp=45587ed0 bridge-lock=1 arm=0->0 result=1 disable-interp=0(known=0) foreground=1 monitors=0000000003DB2751/0000000003DB2751 cpu=0.200ms
20:59:36.665  qpc=4334722295400 [fg-transition] start=4334722292938 frame=0000000000003A71 idx=2/3 queue=000000002EC43CD0 reset=0 enable=1 recording=1 not-rendering=0 metering=0 fullscreen=0 slmode=1 known=0x17f hud=43e2ccd0 back=40ac78d0 real=0 interp=455878d0 bridge-lock=1 arm=0->0 result=1 disable-interp=0(known=0) foreground=1 monitors=0000000003DB2751/0000000003DB2751 cpu=0.246ms
20:59:36.666  qpc=4334722298610 [fg-transition] start=4334722297797 frame=0000000000003A71 idx=3/3 queue=000000002EC43CD0 reset=0 enable=1 recording=1 not-rendering=0 metering=0 fullscreen=0 slmode=1 known=0x17f hud=43e2ccd0 back=40ac78d0 real=0 interp=455872d0 bridge-lock=1 arm=0->0 result=1 disable-interp=0(known=0) foreground=1 monitors=0000000003DB2751/0000000003DB2751 cpu=0.081ms
20:59:36.666  qpc=4334722301176 [fg-transition] start=4334722299212 frame=0000000000003A72 idx=1/3 queue=000000002EC43CD0 reset=0 enable=1 recording=1 not-rendering=0 metering=0 fullscreen=0 slmode=1 known=0x17f hud=43e2ccd0 back=40ac9cd0 real=45587ed0 interp=45586cd0 bridge-lock=1 arm=0->0 result=1 disable-interp=0(known=0) foreground=1 monitors=0000000003DB2751/0000000003DB2751 cpu=0.196ms
20:59:36.686  qpc=4334722504042 [fg-transition] start=4334722502343 frame=0000000000003A72 idx=2/3 queue=000000002EC43CD0 reset=0 enable=1 recording=1 not-rendering=0 metering=0 fullscreen=0 slmode=1 known=0x17f hud=43e2ccd0 back=40ac9cd0 real=0 interp=455872d0 bridge-lock=1 arm=0->0 result=1 disable-interp=0(known=0) foreground=1 monitors=0000000003DB2751/0000000003DB2751 cpu=0.170ms
20:59:36.687  qpc=4334722507152 [fg-transition] start=4334722506042 frame=0000000000003A72 idx=3/3 queue=000000002EC43CD0 reset=0 enable=1 recording=1 not-rendering=0 metering=0 fullscreen=0 slmode=1 known=0x17f hud=43e2ccd0 back=40ac9cd0 real=0 interp=455878d0 bridge-lock=1 arm=0->0 result=1 disable-interp=0(known=0) foreground=1 monitors=0000000003DB2751/0000000003DB2751 cpu=0.111ms
20:59:36.691  qpc=4334722563559 [fg-transition] start=4334722560897 frame=0000000000003A73 idx=1/3 queue=000000002EC43CD0 reset=0 enable=1 recording=1 not-rendering=0 metering=0 fullscreen=0 slmode=1 known=0x17f hud=43e2ccd0 back=40ac6cd0 real=45586cd0 interp=45587ed0 bridge-lock=1 arm=0->0 result=1 disable-interp=0(known=0) foreground=1 monitors=0000000003DB2751/0000000003DB2751 cpu=0.266ms
20:59:36.705  qpc=4334722687757 [fg-transition] start=4334722686385 frame=0000000000003A73 idx=2/3 queue=000000002EC43CD0 reset=0 enable=1 recording=1 not-rendering=0 metering=0 fullscreen=0 slmode=1 known=0x17f hud=43e2ccd0 back=40ac6cd0 real=0 interp=455878d0 bridge-lock=1 arm=0->0 result=1 disable-interp=0(known=0) foreground=1 monitors=0000000003DB2751/0000000003DB2751 cpu=0.137ms
20:59:36.705  qpc=4334722690196 [fg-transition] start=4334722689340 frame=0000000000003A73 idx=3/3 queue=000000002EC43CD0 reset=0 enable=1 recording=1 not-rendering=0 metering=0 fullscreen=0 slmode=1 known=0x17f hud=43e2ccd0 back=40ac6cd0 real=0 interp=455872d0 bridge-lock=1 arm=0->0 result=1 disable-interp=0(known=0) foreground=1 monitors=0000000003DB2751/0000000003DB2751 cpu=0.086ms
20:59:36.705  qpc=4334722692677 [fg-transition] start=4334722690788 frame=0000000000003A74 idx=1/3 queue=000000002EC43CD0 reset=0 enable=1 recording=1 not-rendering=0 metering=0 fullscreen=0 slmode=1 known=0x17f hud=43e2ccd0 back=40ac78d0 real=45587ed0 interp=45586cd0 bridge-lock=1 arm=0->0 result=1 disable-interp=0(known=0) foreground=1 monitors=0000000003DB2751/0000000003DB2751 cpu=0.189ms
20:59:36.838  qpc=4334724060745 [focus-fg] state: enabled=1 hooked=1 foreground=1 minimized=0 hwnd=000000001D530C1A scope_calls=13490 original_false=6186 kept=6186 presents=14972 FG_evaluates=40465
20:59:42.047  [fg-relay] rate/15.0s p2 import_opt=1: presents=39.8/s present-gate[point=39.8 ready=0.0 fallback=0.0 inactive=0.0]/s noinfo=0.0/s stale=0.0/s unlearned=0.0/s attempts=0.0/s armed=0.0/s skipped=0.0/s busy=0.0/s arm-reject[state=0.0 request=0.0 refused=0.0 stopping=0.0 res=0.0 size=0.0]/s pool[cap=0.0 family=0.0 create=0.0 alloc=0.0]/s copy-drop[fence=0.0 reset=0.0 begin=0.0 end=0.0 submit=0.0]/s cf[seq=0.0/s idle=0.0/s nrfence=0.0/s] slotbusy=0.0/s copyfence-busy=0.0/s nr-gpuwait=0.0/s flips=0.0/s
20:59:42.048  [fg-relay] rate2: fginput eval=119.5/s index!=1=0.0/s eval-gate[off=0.0 fallback=0.0 notready=0.0 noinput=0.0 noqueue=0.0]/s relay eval=0.0/s consume=0.0/s inplace=0.0/s(ok 0.0/s) unarmed=0.0/s mismatch=0.0/s relbusy=0.0/s relok=0.0/s relfail=0.0/s release-stage[queue=0.0 pool=0.0 fence=0.0 reset=0.0 begin=0.0 end=0.0 submit=0.0]/s watchdog=0.0/s | worker plays=0.0/s ok=0.0/s fail=0.0/s nr_absent=0.0/s copyfail=0.0/s
20:59:42.048  [fg-relay] rate3: arm->arm avg=0.00ms max=0.00ms n=0 | arm->work avg=0.00ms max=0.00ms | arm->eval avg=0.00ms max=0.00ms | copywait avg=0.000ms max=0.000ms | copy-land<= avg=0.00ms max=0.00ms | work avg=0.00ms max=0.00ms | totals armed=0 unarmed=0 skipped=0 busy=0 mismatch=0 copies_failed=0 writes=0 conflicts=0
20:59:42.048  [fg-relay] rate4: throttle depth=1 off=0 | sleep calls=39.8/s waits=0.0/s clear=0.0/s timeouts=0.0/s avg=0.00ms | present calls=39.8/s waits=0.0/s clear=0.0/s timeouts=0.0/s avg=0.00ms | max=0.00ms (process)
20:59:44.748  === Vulkan CreateFeature1 #32  feature_id=18  VkDevice=000000002FEE00D0  thread 22972 ===
20:59:44.748  === Vulkan CreateFeature1 #32 returned -1160773630, handle=0000000000000000 ===
20:59:51.833  qpc=4334874006301 [focus-fg] state: enabled=1 hooked=1 foreground=1 minimized=0 hwnd=000000001D530C1A scope_calls=14372 original_false=6186 kept=6186 presents=15854 FG_evaluates=43111
20:59:57.063  [fg-relay] rate/15.0s p2 import_opt=1: presents=59.3/s present-gate[point=59.3 ready=0.0 fallback=0.0 inactive=0.0]/s noinfo=0.0/s stale=0.0/s unlearned=0.0/s attempts=0.0/s armed=0.0/s skipped=0.0/s busy=0.0/s arm-reject[state=0.0 request=0.0 refused=0.0 stopping=0.0 res=0.0 size=0.0]/s pool[cap=0.0 family=0.0 create=0.0 alloc=0.0]/s copy-drop[fence=0.0 reset=0.0 begin=0.0 end=0.0 submit=0.0]/s cf[seq=0.0/s idle=0.0/s nrfence=0.0/s] slotbusy=0.0/s copyfence-busy=0.0/s nr-gpuwait=0.0/s flips=0.0/s
20:59:57.064  [fg-relay] rate2: fginput eval=178.0/s index!=1=0.0/s eval-gate[off=0.0 fallback=0.0 notready=0.0 noinput=0.0 noqueue=0.0]/s relay eval=0.0/s consume=0.0/s inplace=0.0/s(ok 0.0/s) unarmed=0.0/s mismatch=0.0/s relbusy=0.0/s relok=0.0/s relfail=0.0/s release-stage[queue=0.0 pool=0.0 fence=0.0 reset=0.0 begin=0.0 end=0.0 submit=0.0]/s watchdog=0.0/s | worker plays=0.0/s ok=0.0/s fail=0.0/s nr_absent=0.0/s copyfail=0.0/s
20:59:57.064  [fg-relay] rate3: arm->arm avg=0.00ms max=0.00ms n=0 | arm->work avg=0.00ms max=0.00ms | arm->eval avg=0.00ms max=0.00ms | copywait avg=0.000ms max=0.000ms | copy-land<= avg=0.00ms max=0.00ms | work avg=0.00ms max=0.00ms | totals armed=0 unarmed=0 skipped=0 busy=0 mismatch=0 copies_failed=0 writes=0 conflicts=0
20:59:57.064  [fg-relay] rate4: throttle depth=1 off=0 | sleep calls=59.3/s waits=0.0/s clear=0.0/s timeouts=0.0/s avg=0.00ms | present calls=59.3/s waits=0.0/s clear=0.0/s timeouts=0.0/s avg=0.00ms | max=0.00ms (process)
