01:21:21.059  dlss5-bridge 1.4.13-pre8-vk-fgrelay-20261002 (built Oct  2 2026 00:27:10) attached.
01:21:21.059    host: C:\Program Files\Hypergryph Launcher\games\Endfield Game\Endfield.exe
01:21:21.059    d3d11.dll: C:\Program Files\Hypergryph Launcher\games\Endfield Game\Endfield.exe
01:21:21.059    reshade: C:\ProgramData\ReShade\ReShade64.dll
01:21:21.059    windows: Windows 11, 10.0 build 26200
01:21:21.059    files next to this add-on:
01:21:21.085      nvngx_dlssnr.dll           present  version 310.8.0.0, 165840496 bytes, 2026-09-11 22:41
01:21:21.087      nvngx_dlss.dll             present  version 310.5.2.0, 54779504 bytes, 2026-07-11 10:59
01:21:21.087    add-ons present:
01:21:21.087      dlss5-bridge.addon64         version 1.4.13.20, 706560 bytes, 2026-10-01 16:31
01:21:21.087          loaded at 00007FFA3DD90000
01:21:21.088      renodx-dlss5.addon64         version 0.2026.926.210, 3141632 bytes, 2026-09-27 13:21
01:21:21.090          sha256 DCD93881E976AD033D83C2BB01F4BC3E4DDC59C15FE0DD4CA165BC5FC7D1AC68 -- not on this add-on's measured list, which is one machine's experience and not a compatibility statement. If its panel says active while the picture does not change, unwrap=0 in dlss5-bridge.cfg is the first thing to try.
01:21:21.091      renodx-endfield-enhancer.addon64   version 0.2026.927.2054, 4484608 bytes, 2026-10-01 13:36
01:21:21.094          sha256 3B552B839FE578DD6F1DF2ADE57FAE5086938B978C3C896C6DEAD1AAA4E2D22A -- not on this add-on's measured list, which is one machine's experience and not a compatibility statement. If its panel says active while the picture does not change, unwrap=0 in dlss5-bridge.cfg is the first thing to try.
01:21:21.095    DLSS 5 add-on settings, read from ReShade.ini [RenoDX.DLSS5]:
01:21:21.095      ConfigVersion=7
01:21:21.095      EnableHooks=1
01:21:21.095      NeuralUplift=1
01:21:21.095      NRAdaptiveExposure=1
01:21:21.095      NRAutoMask=1
01:21:21.095      NRChainedHistory=1
01:21:21.095      NRChromaClamp=1
01:21:21.095      NRCodecMode=2
01:21:21.096      NRColorStrength=1
01:21:21.096      NRCostMeter=1
01:21:21.096      NRDepthMode=0
01:21:21.096      NRDetailStability=0
01:21:21.096      NRDiffuseWhiteNits=203
01:21:21.096      NRDisableRelease=0
01:21:21.096      NRDisplayPedestal=0
01:21:21.096      NREditTrace=0
01:21:21.096      NREnableUpscaling=0
01:21:21.096      NRFeedMode=2
01:21:21.097      NRFollowInputRes=0
01:21:21.097      NRGlobalTone=2
01:21:21.097      NRGpuTimers=0
01:21:21.097      NRHookPoint=2
01:21:21.097      NRIntensity=2
01:21:21.097      NRLinearUnitNits=0
01:21:21.097      NRLocalStructure=2
01:21:21.097      NRLocalTone=1
01:21:21.098      NRLookBrighten=0.75
01:21:21.098      NRLookColour=0.5
01:21:21.098      NRLookDarken=0.75
01:21:21.098      NRLookDetail=2
01:21:21.098      NRLookDetailRadius=1
01:21:21.098      NRLookHalo=0
01:21:21.098      NRLookHaloBrightSide=0
01:21:21.099      NRLookHighlights=0.5
01:21:21.099      NRLookHue=1
01:21:21.099      NRLookMaxBrighten=0
01:21:21.099      NRLookMaxColour=0
01:21:21.099      NRLookMaxDarken=0
01:21:21.099      NRLookMidtones=1
01:21:21.099      NRLookMode=1
01:21:21.099      NRLookShadows=0.5
01:21:21.099      NRLookStabilize=0
01:21:21.100      NRLookStabilizeDetail=0
01:21:21.100      NRLookStabilizeMs=60
01:21:21.100      NRLookStrength=1.1
01:21:21.100      NRLookTone=2
01:21:21.100      NRLookUpsample=0
01:21:21.100      NRMaxWorksets=4
01:21:21.100      NRMVecScaleX=1
01:21:21.100      NRMVecScaleY=1
01:21:21.100      NRNeuralFloorGuard=1
01:21:21.100      NRNormAttackStops=4
01:21:21.101      NRNormCutAware=1
01:21:21.101      NRNormGovernor=0
01:21:21.101      NRNormReleaseStops=0.5
01:21:21.101      NRNormSlewStops=0.02
01:21:21.101      NRPaperWhiteScale=2.5375
01:21:21.101      NRPass2AutoMask=1
01:21:21.101      NRPass2Color=1
01:21:21.101      NRPass2FollowPass1=1
01:21:21.101      NRPass2Intensity=2
01:21:21.102      NRPass2LocalTone=1.5
01:21:21.102      NRPass2Skin=0
01:21:21.102      NRPass2Structure=1.25
01:21:21.102      NRPass2Style=2
01:21:21.102      NRPass2Transfer=1
01:21:21.103      NRPass2UICorrection=1
01:21:21.103      NRPass3AutoMask=0
01:21:21.103      NRPass3Color=1
01:21:21.103      NRPass3FollowPass1=0
01:21:21.103      NRPass3Intensity=2
01:21:21.103      NRPass3LocalTone=1
01:21:21.103      NRPass3Skin=-1
01:21:21.104      NRPass3Structure=1
01:21:21.104      NRPass3Style=0
01:21:21.104      NRPass3Transfer=1
01:21:21.104      NRPass3UICorrection=0
01:21:21.104      NRPass4AutoMask=0
01:21:21.104      NRPass4Color=1
01:21:21.104      NRPass4FollowPass1=0
01:21:21.105      NRPass4Intensity=2
01:21:21.105      NRPass4LocalTone=1
01:21:21.105      NRPass4Skin=-1
01:21:21.105      NRPass4Structure=1
01:21:21.105      NRPass4Style=0
01:21:21.105      NRPass4Transfer=0
01:21:21.105      NRPass4UICorrection=0
01:21:21.105      NRPasses=2
01:21:21.105      NRPQCalibration=1
01:21:21.106      NRPresentEncoding=0
01:21:21.106      NRPresentFgSource=0
01:21:21.106      NRPresentFrames=0
01:21:21.106      NRPresentGuides=0
01:21:21.106      NRPresentUICorrection=1
01:21:21.106      NRPresentWhiteNits=0
01:21:21.106      NRPreset=2
01:21:21.106      NRPreUpscale=0
01:21:21.106      NRProxyAnchor=4
01:21:21.106      NRResolutionScale=0.58
01:21:21.107      NRScreenshotFormat=0
01:21:21.107      NRScreenshotJpegQuality=95
01:21:21.107      NRScreenshotKey=116
01:21:21.107      NRScreenshotLayout=0
01:21:21.107      NRScreenshotMaxMB=10
01:21:21.107      NRScreenshotSource=0
01:21:21.107      NRShutdownQuiesce=1
01:21:21.108      NRSkinIndependent=1
01:21:21.108      NRSkinStructure=0
01:21:21.108      NRSourceEncoding=0
01:21:21.108      NRSourcePrimaries=0
01:21:21.108      NRStyle=2
01:21:21.108      NRStyleHighlightGuard=0
01:21:21.108      NRToggleKey=106
01:21:21.108      NRTransferMode=1
01:21:21.109      NRTransferStrength=1
01:21:21.109      NRUICorrection=1
01:21:21.109      NRWorksetFreePolicy=0
01:21:21.109      UiIssueNotice=1
01:21:21.109      UiLanguage=zh-Hans
01:21:21.109      UiMode=modern
01:21:21.109      UiWelcomed=1
01:21:21.110  [bridge] config: stage=3 mode=2 flags=-1 subrects=1 reset_every=0 pixels=0 skip_game=1 dred=1 skip_exe=1 unwrap=1 source=auto synth=0 hash_out=1 synth_after=0 mv_sign_x=0 mv_sign_y=0 ofa_grid=2 ofa_perf=20 vk_present=1 vk_sync=0
01:21:21.110  [bridge] settings read from C:\Program Files\Hypergryph Launcher\games\Endfield Game\dlss5-bridge.cfg
01:21:21.119  [bridge] the driver's route to neural rendering is closed for this process: entry 18 of the loader's feature table at 00007FFA2B3443E0 named "dlssnr" and now names nothing, which is what the previous driver had there. The DLSS 5 add-on drives that feature itself, as it did before the driver update. Nothing on disk is changed and no other feature is touched. Set ngx_loader=1 in dlss5-bridge.cfg to leave the driver's route alone.
01:21:21.119  [synth] registered for ReShade effect events at add-on API 18 (synth floor 10).
01:21:21.119  [vkmirror] colour format tables agree on 7 of 7 entries.
01:21:21.120  [vkmirror] vk_mirror=1: the Vulkan NGX entry points will be hooked and a Vulkan game's own DLSS contract mirrored onto the private D3D12 session.
01:21:21.120  [panel] status panel registered in ReShade's overlay. Asked for the ImGui 19000 function table; ReShade reports its own ImGui as 1.92.5.
01:21:21.121  NGX layer 0: C:\WINDOWS\System32\DriverStore\FileRepository\nv_dispsi.inf_amd64_b8459fc8f905f657\_nvngx.dll (base=00007FFA2B270000)
01:21:21.121    version 32.0.16.1692
01:21:21.122    NVSDK_NGX_D3D11_CreateFeature     = 00007FFA2B2D5C60
01:21:21.122    NVSDK_NGX_D3D11_EvaluateFeature   = 00007FFA2B2D5E30
01:21:21.122    NVSDK_NGX_D3D11_EvaluateFeature_C = 0000000000000000
01:21:21.122    NVSDK_NGX_D3D11_ReleaseFeature    = 00007FFA2B2D5D30
01:21:21.122    CreateFeature    prologue: 48 89 6C 24 18 56 57 41 56 48 83 EC 40 48 
01:21:21.122    EvaluateFeature  prologue: 48 89 5C 24 08 48 89 6C 24 10 48 89 74 24 
01:21:21.461    hooked: CreateFeature=yes EvaluateFeature=yes EvaluateFeature_C=absent
01:21:21.462    hooked: D3D11 ReleaseFeature=yes
01:21:21.462    NVSDK_NGX_VULKAN_CreateFeature     = 00007FFA2B27D230
01:21:21.462    NVSDK_NGX_VULKAN_CreateFeature1    = 00007FFA2B27D340
01:21:21.462    NVSDK_NGX_VULKAN_EvaluateFeature   = 00007FFA2B27D4E0
01:21:21.462    NVSDK_NGX_VULKAN_EvaluateFeature_C = 0000000000000000
01:21:21.462    NVSDK_NGX_VULKAN_ReleaseFeature    = 00007FFA2B27D3E0
01:21:21.463    VK CreateFeature prologue: 48 89 5C 24 10 48 89 6C 24 18 48 89 74 24 
01:21:21.463    VK CreateFeature1 prologue: 48 89 6C 24 10 48 89 74 24 18 48 89 7C 24 
01:21:21.463    VK EvaluateFeature prologue: 48 89 5C 24 08 48 89 6C 24 10 48 89 74 24 
01:21:21.932    hooked: VULKAN CreateFeature=yes CreateFeature1=yes EvaluateFeature=yes EvaluateFeature_C=absent
01:21:21.932    hooked: VULKAN ReleaseFeature=yes
01:21:21.933  [nr-compat] processing unavailable: Generic add-on is not loaded (renodx-dlss5.addon64). Generic builds confirmed to work with this bridge: 8.5.0-rc10 / 已经确定可以正常使用该版本插件的Generic插件：8.5.0-rc10
01:21:22.168  [fg-relay] Import=1: the ReShade layer's vkCreateDevice at 00007FFA2B5E07A0 is hooked. Every device created from here on gets VK_KHR_external_semaphore_win32 appended to its extension list, and a driver that refuses the name gets the caller's own list retried unchanged.
01:21:22.169  qpc=4491777361609 [focus-fg] state: enabled=1 hooked=0 foreground=0 minimized=0 hwnd=0000000000000000 scope_calls=0 original_false=0 kept=0 presents=0 FG_evaluates=0
01:21:22.181  [composition-guard] capture exclusion requested: applied
01:21:22.579  qpc=4491778727425 [fg-relay] interposer hook: present=hooked
01:21:22.579  qpc=4491781461802 [fg-trace] queue discovery exports: get_queue=hooked get_queue2=hooked
01:21:23.121  NGX layer 1: C:\Program Files\Hypergryph Launcher\games\Endfield Game\nvngx_dlss.dll (base=00007FF939FA0000)
01:21:23.122    version 310.5.2.0
01:21:23.122    NVSDK_NGX_D3D11_CreateFeature     = 00007FF939FE5160
01:21:23.122    NVSDK_NGX_D3D11_EvaluateFeature   = 00007FF939FE52C0
01:21:23.122    NVSDK_NGX_D3D11_EvaluateFeature_C = 0000000000000000
01:21:23.122    NVSDK_NGX_D3D11_ReleaseFeature    = 00007FF939FE5720
01:21:23.123    CreateFeature    prologue: 48 89 5C 24 08 48 89 6C 24 10 56 57 41 56 
01:21:23.123    EvaluateFeature  prologue: 48 89 5C 24 08 48 89 6C 24 10 48 89 74 24 
01:21:23.380      00007FF939FE5720 is a thunk table entry; the hook goes to its destination 00007FF939FE3440 so the patch does not overwrite the entries beside it.
01:21:23.499    hooked: CreateFeature=yes EvaluateFeature=yes EvaluateFeature_C=absent
01:21:23.499    hooked: D3D11 ReleaseFeature=yes
01:21:23.499    NVSDK_NGX_VULKAN_CreateFeature     = 00007FF93A0679C0
01:21:23.499    NVSDK_NGX_VULKAN_CreateFeature1    = 00007FF93A0679E0
01:21:23.499    NVSDK_NGX_VULKAN_EvaluateFeature   = 00007FF93A0679F0
01:21:23.499    NVSDK_NGX_VULKAN_EvaluateFeature_C = 0000000000000000
01:21:23.500    NVSDK_NGX_VULKAN_ReleaseFeature    = 00007FF93A068020
01:21:23.500    VK CreateFeature prologue: 48 83 EC 38 4C 89 4C 24 20 4D 8B C8 44 8B 
01:21:23.500    VK CreateFeature1 prologue: E9 4B F1 FF FF CC CC CC CC CC CC CC CC CC  <== a thunk into its own module, not a hook
01:21:23.500        the hook jumps into C:\Program Files\Hypergryph Launcher\games\Endfield Game\nvngx_dlss.dll +0xC6B30
01:21:23.500    VK EvaluateFeature prologue: 48 89 5C 24 08 48 89 6C 24 10 48 89 74 24 
01:21:23.623      00007FF93A0679E0 is a thunk table entry; the hook goes to its destination 00007FF93A066B30 so the patch does not overwrite the entries beside it.
01:21:23.871      00007FF93A068020 is a thunk table entry; the hook goes to its destination 00007FF93A066F90 so the patch does not overwrite the entries beside it.
01:21:23.996    hooked: VULKAN CreateFeature=yes CreateFeature1=yes EvaluateFeature=yes EvaluateFeature_C=absent
01:21:23.997    hooked: VULKAN ReleaseFeature=yes
01:21:23.999  [nr-compat] Generic build identified; SHA256=DCD93881E976AD033D83C2BB01F4BC3E4DDC59C15FE0DD4CA165BC5FC7D1AC68. No version/hash gate. Generic builds confirmed to work with this bridge: 8.5.0-rc10 / 已经确定可以正常使用该版本插件的Generic插件：8.5.0-rc10
01:21:24.001  [nr-compat] configuration condition recovered; normal processing may resume.
01:21:24.015  NGX layer 1 retirement finalized.
01:21:24.016  NGX layer 1: C:\Program Files\Hypergryph Launcher\games\Endfield Game\nvngx_deepdvc.dll (base=00007FFA2A740000)
01:21:24.016    version 310.5.2.0
01:21:24.017    NVSDK_NGX_D3D11_CreateFeature     = 00007FFA2A760140
01:21:24.017    NVSDK_NGX_D3D11_EvaluateFeature   = 00007FFA2A760260
01:21:24.017    NVSDK_NGX_D3D11_EvaluateFeature_C = 0000000000000000
01:21:24.017    NVSDK_NGX_D3D11_ReleaseFeature    = 00007FFA2A760550
01:21:24.018    CreateFeature    prologue: 48 89 5C 24 10 48 89 6C 24 18 57 48 83 EC 
01:21:24.018    EvaluateFeature  prologue: 48 89 5C 24 08 48 89 6C 24 10 48 89 74 24 
01:21:24.269      00007FFA2A760550 is a thunk table entry; the hook goes to its destination 00007FFA2A75E9F0 so the patch does not overwrite the entries beside it.
01:21:24.399    hooked: CreateFeature=yes EvaluateFeature=yes EvaluateFeature_C=absent
01:21:24.399    hooked: D3D11 ReleaseFeature=yes
01:21:24.399    NVSDK_NGX_VULKAN_CreateFeature     = 00007FFA2A7644E0
01:21:24.399    NVSDK_NGX_VULKAN_CreateFeature1    = 00007FFA2A764500
01:21:24.399    NVSDK_NGX_VULKAN_EvaluateFeature   = 00007FFA2A764510
01:21:24.399    NVSDK_NGX_VULKAN_EvaluateFeature_C = 0000000000000000
01:21:24.399    NVSDK_NGX_VULKAN_ReleaseFeature    = 00007FFA2A764A90
01:21:24.400    VK CreateFeature prologue: 48 83 EC 38 4C 89 4C 24 20 4D 8B C8 44 8B 
01:21:24.400    VK CreateFeature1 prologue: E9 8B F2 FF FF CC CC CC CC CC CC CC CC CC  <== a thunk into its own module, not a hook
01:21:24.400        the hook jumps into C:\Program Files\Hypergryph Launcher\games\Endfield Game\nvngx_deepdvc.dll +0x23790
01:21:24.400    VK EvaluateFeature prologue: 48 89 5C 24 08 48 89 6C 24 10 48 89 74 24 
01:21:24.521      00007FFA2A764500 is a thunk table entry; the hook goes to its destination 00007FFA2A763790 so the patch does not overwrite the entries beside it.
01:21:24.775      00007FFA2A764A90 is a thunk table entry; the hook goes to its destination 00007FFA2A763B80 so the patch does not overwrite the entries beside it.
01:21:24.899    hooked: VULKAN CreateFeature=yes CreateFeature1=yes EvaluateFeature=yes EvaluateFeature_C=absent
01:21:24.899    hooked: VULKAN ReleaseFeature=yes
01:21:24.899  NGX layer 2: C:\Program Files\Hypergryph Launcher\games\Endfield Game\nvngx_dlssd.dll (base=0000000127780000)
01:21:24.900    version 310.5.2.0
01:21:24.900    NVSDK_NGX_D3D11_CreateFeature     = 00000001277BA930
01:21:24.900    NVSDK_NGX_D3D11_EvaluateFeature   = 00000001277BAA90
01:21:24.900    NVSDK_NGX_D3D11_EvaluateFeature_C = 0000000000000000
01:21:24.900    NVSDK_NGX_D3D11_ReleaseFeature    = 00000001277BAEF0
01:21:24.900    CreateFeature    prologue: 48 89 5C 24 08 48 89 6C 24 10 56 57 41 56 
01:21:24.901    EvaluateFeature  prologue: 48 89 5C 24 08 48 89 6C 24 10 48 89 74 24 
01:21:25.145      00000001277BAEF0 is a thunk table entry; the hook goes to its destination 00000001277B8C10 so the patch does not overwrite the entries beside it.
01:21:25.270    hooked: CreateFeature=yes EvaluateFeature=yes EvaluateFeature_C=absent
01:21:25.271    hooked: D3D11 ReleaseFeature=yes
01:21:25.271    NVSDK_NGX_VULKAN_CreateFeature     = 000000012783B4C0
01:21:25.271    NVSDK_NGX_VULKAN_CreateFeature1    = 000000012783B4E0
01:21:25.271    NVSDK_NGX_VULKAN_EvaluateFeature   = 000000012783B4F0
01:21:25.271    NVSDK_NGX_VULKAN_EvaluateFeature_C = 0000000000000000
01:21:25.271    NVSDK_NGX_VULKAN_ReleaseFeature    = 000000012783BB20
01:21:25.271    VK CreateFeature prologue: 48 83 EC 38 4C 89 4C 24 20 4D 8B C8 44 8B 
01:21:25.272    VK CreateFeature1 prologue: E9 4B F1 FF FF CC CC CC CC CC CC CC CC CC  <== a thunk into its own module, not a hook
01:21:25.272        the hook jumps into C:\Program Files\Hypergryph Launcher\games\Endfield Game\nvngx_dlssd.dll +0xBA630
01:21:25.272    VK EvaluateFeature prologue: 48 89 5C 24 08 48 89 6C 24 10 48 89 74 24 
01:21:25.424      000000012783B4E0 is a thunk table entry; the hook goes to its destination 000000012783A630 so the patch does not overwrite the entries beside it.
01:21:25.668      000000012783BB20 is a thunk table entry; the hook goes to its destination 000000012783AA90 so the patch does not overwrite the entries beside it.
01:21:25.800    hooked: VULKAN CreateFeature=yes CreateFeature1=yes EvaluateFeature=yes EvaluateFeature_C=absent
01:21:25.800    hooked: VULKAN ReleaseFeature=yes
01:21:26.172  qpc=4491814847024 [fg-relay] Reflex sleep hook: slGetPluginFunction=00007FFAA869AE10 slReflexSleep=00007FFAA869AD90 hooked
01:21:26.172  qpc=4491816117364 [focus-fg] SetOptions diagnostic hook ready (arguments unchanged)
01:21:26.172  qpc=4491817389143 [focus-fg] FreeResources diagnostic hook ready (arguments unchanged)
01:21:26.173  qpc=4491817391960 [focus-fg] unavailable: unique Streamline focus-gate contract was not found; native focus behaviour retained (this is unrelated to Generic version compatibility)
01:21:26.274  [fg-guides] Vulkan capability device=000000002FE700D0 instance=0000000122837750 physical=00000001248E1C50 queries=1 blit-formats=1 graphics-families=0x1. compute-families=0x5 local-types=0x12.
01:21:26.274  [fg-relay] Import=1: the device created at 000000002FE700D0 already carried VK_KHR_external_semaphore_win32; it is recorded for the import.
01:21:26.519  NGX layer 3: C:\Program Files\Hypergryph Launcher\games\Endfield Game\nvngx_dlss.dll (base=00007FF939FA0000)
01:21:26.520    version 310.5.2.0
01:21:26.520    NVSDK_NGX_D3D11_CreateFeature     = 00007FF939FE5160
01:21:26.520    NVSDK_NGX_D3D11_EvaluateFeature   = 00007FF939FE52C0
01:21:26.520    NVSDK_NGX_D3D11_EvaluateFeature_C = 0000000000000000
01:21:26.520    NVSDK_NGX_D3D11_ReleaseFeature    = 00007FF939FE5720
01:21:26.520    CreateFeature    prologue: 48 89 5C 24 08 48 89 6C 24 10 56 57 41 56 
01:21:26.520    EvaluateFeature  prologue: 48 89 5C 24 08 48 89 6C 24 10 48 89 74 24 
01:21:26.771      00007FF939FE5720 is a thunk table entry; the hook goes to its destination 00007FF939FE3440 so the patch does not overwrite the entries beside it.
01:21:26.906    hooked: CreateFeature=yes EvaluateFeature=yes EvaluateFeature_C=absent
01:21:26.906    hooked: D3D11 ReleaseFeature=yes
01:21:26.907    NVSDK_NGX_VULKAN_CreateFeature     = 00007FF93A0679C0
01:21:26.907    NVSDK_NGX_VULKAN_CreateFeature1    = 00007FF93A0679E0
01:21:26.907    NVSDK_NGX_VULKAN_EvaluateFeature   = 00007FF93A0679F0
01:21:26.907    NVSDK_NGX_VULKAN_EvaluateFeature_C = 0000000000000000
01:21:26.907    NVSDK_NGX_VULKAN_ReleaseFeature    = 00007FF93A068020
01:21:26.907    VK CreateFeature prologue: 48 83 EC 38 4C 89 4C 24 20 4D 8B C8 44 8B 
01:21:26.907    VK CreateFeature1 prologue: E9 4B F1 FF FF CC CC CC CC CC CC CC CC CC  <== a thunk into its own module, not a hook
01:21:26.907        the hook jumps into C:\Program Files\Hypergryph Launcher\games\Endfield Game\nvngx_dlss.dll +0xC6B30
01:21:26.908    VK EvaluateFeature prologue: 48 89 5C 24 08 48 89 6C 24 10 48 89 74 24 
01:21:27.037      00007FF93A0679E0 is a thunk table entry; the hook goes to its destination 00007FF93A066B30 so the patch does not overwrite the entries beside it.
01:21:27.299      00007FF93A068020 is a thunk table entry; the hook goes to its destination 00007FF93A066F90 so the patch does not overwrite the entries beside it.
01:21:27.428    hooked: VULKAN CreateFeature=yes CreateFeature1=yes EvaluateFeature=yes EvaluateFeature_C=absent
01:21:27.428    hooked: VULKAN ReleaseFeature=yes
01:21:27.457  NGX layer 3 retirement finalized.
01:21:29.042  [vkmirror] ReShade created an effect runtime on Vulkan. The mirror takes it.
01:21:29.166  qpc=4491847332091 [fg-trace] layer queue discovery: 00007FF9D9316D70 hooked
01:21:29.309  [fg-relay] shutdown has no relay session or GPU objects; the next runtime can open its first relay.
01:21:29.317  [vkmirror] ReShade created an effect runtime on Vulkan. The mirror takes it.
01:21:29.317  [vkmirror] a new ReShade effect runtime exists, so the mirror is armed again and rebuilds on the next evaluate.
01:21:29.630  [fg-relay] shutdown has no relay session or GPU objects; the next runtime can open its first relay.
01:21:29.639  [vkmirror] ReShade created an effect runtime on Vulkan. The mirror takes it.
01:21:29.639  [vkmirror] a new ReShade effect runtime exists, so the mirror is armed again and rebuilds on the next evaluate.
01:21:29.645  qpc=4491852128461 [focus-fg] state: enabled=1 hooked=0 foreground=1 minimized=0 hwnd=0000000012AA281C scope_calls=0 original_false=0 kept=0 presents=0 FG_evaluates=0
01:21:30.821  [fg-relay] shutdown has no relay session or GPU objects; the next runtime can open its first relay.
01:21:30.831  [vkmirror] ReShade created an effect runtime on Vulkan. The mirror takes it.
01:21:30.831  [vkmirror] a new ReShade effect runtime exists, so the mirror is armed again and rebuilds on the next evaluate.
01:21:30.943  NGX layer 3: C:\Program Files\Hypergryph Launcher\games\Endfield Game\nvngx_dlssnr.dll (base=00007FF8C6790000)
01:21:30.943    version 310.8.0.0
01:21:30.943    NVSDK_NGX_D3D11_CreateFeature     = 00007FF8C67A38B0
01:21:30.943    NVSDK_NGX_D3D11_EvaluateFeature   = 00007FF8C67A3B20
01:21:30.944    NVSDK_NGX_D3D11_EvaluateFeature_C = 0000000000000000
01:21:30.944    NVSDK_NGX_D3D11_ReleaseFeature    = 00007FF8C67A4190
01:21:30.944    CreateFeature    prologue: 40 53 55 56 48 81 EC 80 02 00 00 48 8B 05 
01:21:30.944    EvaluateFeature  prologue: 40 53 55 56 57 41 56 48 81 EC 60 02 00 00 
01:21:31.268    hooked: CreateFeature=yes EvaluateFeature=yes EvaluateFeature_C=absent
01:21:31.268    hooked: D3D11 ReleaseFeature=yes
01:21:31.268    NVSDK_NGX_VULKAN_CreateFeature     = 00007FF8C67B4A20
01:21:31.268    NVSDK_NGX_VULKAN_CreateFeature1    = 00007FF8C67B4B70
01:21:31.269    NVSDK_NGX_VULKAN_EvaluateFeature   = 00007FF8C67B4C80
01:21:31.269    NVSDK_NGX_VULKAN_EvaluateFeature_C = 0000000000000000
01:21:31.269    NVSDK_NGX_VULKAN_ReleaseFeature    = 00007FF8C67B5410
01:21:31.269    VK CreateFeature prologue: 40 53 55 56 57 41 56 48 81 EC 60 02 00 00 
01:21:31.270    VK CreateFeature1 prologue: 40 53 55 56 57 41 56 48 81 EC 60 02 00 00 
01:21:31.270    VK EvaluateFeature prologue: 48 89 5C 24 08 48 89 6C 24 10 48 89 74 24 
01:21:31.630    hooked: VULKAN CreateFeature=yes CreateFeature1=yes EvaluateFeature=yes EvaluateFeature_C=absent
01:21:31.630    hooked: VULKAN ReleaseFeature=yes
01:21:45.132  qpc=4492006969815 [fg-trace] vkGetDeviceQueue(layer) family=0 index=1 -> queue=000000002EBA28D0 thread=103292
01:21:45.132  qpc=4492006972338 [fg-trace] vkGetDeviceQueue(layer) family=2 index=1 -> queue=000000002EBA50D0 thread=103292
01:21:45.145  [fg-relay] shutdown has no relay session or GPU objects; the next runtime can open its first relay.
01:21:45.153  [vkmirror] ReShade created an effect runtime on Vulkan. The mirror takes it.
01:21:45.154  [vkmirror] a new ReShade effect runtime exists, so the mirror is armed again and rebuilds on the next evaluate.
01:21:45.161  === Vulkan CreateFeature #1  feature_id=1  thread 79160 ===
01:21:45.184  [feature-lifecycle] Vulkan created feature=1 handle=00000004FDFF9710 generation=1 live=1
01:21:45.184  === Vulkan CreateFeature #1 returned 1, handle=00000004FDFF9710 ===
01:21:45.184  [vkmirror] the game's create states 5120x2160 -> 5120x2160. That is the shape the mirror will use, in preference to the four scalars its evaluates carry.
01:21:45.186  [fg-history] native game SR Reset=1; foreground=1.
01:21:45.186  [fg-input] native Vulkan DLSS is forwarded without a mirror; the real frame is processed once at the frame-generation input.
01:21:45.304  === Vulkan CreateFeature1 #2  feature_id=18  VkDevice=000000002FE700D0  thread 79160 ===
01:21:45.304  === Vulkan CreateFeature1 #2 returned -1160773630, handle=0000000000000000 ===
01:21:45.306  qpc=4492008717272 [fg-trace] vkGetDeviceQueue(layer) family=0 index=0 -> queue=000000002EBA14D0 thread=79160
01:21:45.306  qpc=4492008717881 [fg-trace] vkGetDeviceQueue(layer) family=2 index=0 -> queue=000000002EBA3CD0 thread=79160
01:21:45.352  [fg-relay] shutdown has no relay session or GPU objects; the next runtime can open its first relay.
01:21:45.359  [vkmirror] ReShade created an effect runtime on Vulkan. The mirror takes it.
01:21:45.359  [vkmirror] a new ReShade effect runtime exists, so the mirror is armed again and rebuilds on the next evaluate.
01:21:45.382  [fg-relay] shutdown has no relay session or GPU objects; the next runtime can open its first relay.
01:21:45.389  [vkmirror] ReShade created an effect runtime on Vulkan. The mirror takes it.
01:21:45.389  [vkmirror] a new ReShade effect runtime exists, so the mirror is armed again and rebuilds on the next evaluate.
01:21:45.444  [fg-history] native game SR Reset=0; foreground=1.
01:21:45.445  === Vulkan CreateFeature1 #3  feature_id=18  VkDevice=000000002FE700D0  thread 79160 ===
01:21:45.445  === Vulkan CreateFeature1 #3 returned -1160773630, handle=0000000000000000 ===
01:21:45.491  [fg-relay] shutdown has no relay session or GPU objects; the next runtime can open its first relay.
01:21:45.498  [vkmirror] ReShade created an effect runtime on Vulkan. The mirror takes it.
01:21:45.499  [vkmirror] a new ReShade effect runtime exists, so the mirror is armed again and rebuilds on the next evaluate.
01:21:46.453  === Vulkan CreateFeature1 #4  feature_id=18  VkDevice=000000002FE700D0  thread 79160 ===
01:21:46.453  === Vulkan CreateFeature1 #4 returned -1160773630, handle=0000000000000000 ===
01:21:46.494  [fg-relay] shutdown has no relay session or GPU objects; the next runtime can open its first relay.
01:21:46.502  [vkmirror] ReShade created an effect runtime on Vulkan. The mirror takes it.
01:21:46.502  [vkmirror] a new ReShade effect runtime exists, so the mirror is armed again and rebuilds on the next evaluate.
01:21:48.461  === Vulkan CreateFeature1 #5  feature_id=18  VkDevice=000000002FE700D0  thread 79160 ===
01:21:48.461  === Vulkan CreateFeature1 #5 returned -1160773630, handle=0000000000000000 ===
01:21:50.946  qpc=4492065109073 [focus-fg] game SetOptions unchanged: readable=1 version=4 mode=0 generated=1 flags=0x8 retain_when_off=1 guides=0x0 colour=0x0 result=0x0 foreground=1 minimized=0
01:21:51.908  [feature-lifecycle] Vulkan release handle=00000004FDFF9710 feature=1 generation=1 result=1 removed=1
01:21:57.113  qpc=4492126802157 [focus-fg] state: enabled=1 hooked=0 foreground=1 minimized=0 hwnd=0000000012AA281C scope_calls=0 original_false=0 kept=0 presents=484 FG_evaluates=0
01:22:00.324  [fg-relay] rate/15.0s p2 import_opt=1: presents=40.6/s present-gate[point=40.6 ready=0.0 fallback=0.0 inactive=0.0]/s noinfo=0.0/s stale=0.0/s unlearned=0.0/s attempts=0.0/s armed=0.0/s skipped=0.0/s busy=0.0/s arm-reject[state=0.0 request=0.0 refused=0.0 stopping=0.0 res=0.0 size=0.0]/s pool[cap=0.0 family=0.0 create=0.0 alloc=0.0]/s copy-drop[fence=0.0 reset=0.0 begin=0.0 end=0.0 submit=0.0]/s cf[seq=0.0/s idle=0.0/s nrfence=0.0/s] slotbusy=0.0/s copyfence-busy=0.0/s nr-gpuwait=0.0/s flips=0.0/s
01:22:00.324  [fg-relay] rate2: fginput eval=0.0/s index!=1=0.0/s eval-gate[off=0.0 fallback=0.0 notready=0.0 noinput=0.0 noqueue=0.0]/s relay eval=0.0/s consume=0.0/s inplace=0.0/s(ok 0.0/s) unarmed=0.0/s mismatch=0.0/s relbusy=0.0/s relok=0.0/s relfail=0.0/s release-stage[queue=0.0 pool=0.0 fence=0.0 reset=0.0 begin=0.0 end=0.0 submit=0.0]/s watchdog=0.0/s | worker plays=0.0/s ok=0.0/s fail=0.0/s nr_absent=0.0/s copyfail=0.0/s
01:22:00.324  [fg-relay] rate3: arm->arm avg=0.00ms max=0.00ms n=0 | arm->work avg=0.00ms max=0.00ms | arm->eval avg=0.00ms max=0.00ms | copywait avg=0.000ms max=0.000ms | copy-land<= avg=0.00ms max=0.00ms | work avg=0.00ms max=0.00ms | totals armed=0 unarmed=0 skipped=0 busy=0 mismatch=0 copies_failed=0 writes=0 conflicts=0
01:22:00.324  [fg-relay] rate4: throttle depth=1 off=0 | sleep calls=40.6/s waits=0.0/s clear=0.0/s timeouts=0.0/s avg=0.00ms | present calls=40.6/s waits=0.0/s clear=0.0/s timeouts=0.0/s avg=0.00ms | max=0.00ms (process)
01:22:01.804  === Vulkan CreateFeature #6  feature_id=1  thread 79160 ===
01:22:01.824  [feature-lifecycle] Vulkan created feature=1 handle=00000025C9FD26D0 generation=2 live=1
01:22:01.824  === Vulkan CreateFeature #6 returned 1, handle=00000025C9FD26D0 ===
01:22:01.825  [fg-history] native game SR Reset=1; foreground=1.
01:22:01.826  === Vulkan CreateFeature1 #7  feature_id=18  VkDevice=000000002FE700D0  thread 79160 ===
01:22:01.826  === Vulkan CreateFeature1 #7 returned -1160773630, handle=0000000000000000 ===
01:22:01.827  === Vulkan CreateFeature #8  feature_id=11  thread 79160 ===
01:22:01.827  [vkmirror] creating Frame Generation through CreateFeature1 with the command buffer's VkDevice 000000002FE700D0.
01:22:01.829  qpc=4492173943847 [focus-fg] game SetOptions unchanged: readable=1 version=4 mode=1 generated=3 flags=0x0 retain_when_off=0 guides=0x0 colour=0x0 result=0x0 foreground=1 minimized=0
01:22:01.858  [feature-lifecycle] Vulkan created feature=11 handle=00000027D67BCBE0 generation=3 live=2
01:22:01.859  === Vulkan CreateFeature #8 returned 1, handle=00000027D67BCBE0 ===
01:22:01.959  [fg-history] native game SR Reset=0; foreground=1.
01:22:01.959  === Vulkan CreateFeature1 #9  feature_id=18  VkDevice=000000002FE700D0  thread 79160 ===
01:22:01.959  === Vulkan CreateFeature1 #9 returned -1160773630, handle=0000000000000000 ===
01:22:02.038  [present-adapter] enabled, idle. Awaiting a new request token; existing requests are ignored.
01:22:02.038  [fg-input] AutoRun: continuous NR at the frame-generation input; a request with frames=0 stops it. pipeline=serial park
01:22:02.039  
01:22:02.039  ################ synth: opening on this add-on's own D3D12 device ################
01:22:02.044  [bridge] D3D12 device created at feature level 12_1.
01:22:02.044  [bridge] the D3D12 device came back wrapped by ReShade: 000000268E5A7440 over 0000000160125940. NGX is given the unwrapped one, so no other add-on is handed D3D12 objects it never asked for.
01:22:02.045  [bridge] add-ons loaded at this point, with their bases:
01:22:02.045  [bridge]   dlss5-bridge.addon64 at 00007FFA3DD90000
01:22:02.045  [bridge]   renodx-dlss5.addon64 at 00000001234F0000
01:22:02.046  [bridge]   renodx-endfield-enhancer.addon64 at 00007FFA2AAF0000
01:22:02.076  [synth] this add-on's own D3D12 device is 0000000160125940 and its graphics queue is 000000268D9541F0
01:22:02.076  [bridge] NGX D3D12 entry points taken from C:\WINDOWS\System32\DriverStore\FileRepository\nv_dispsi.inf_amd64_b8459fc8f905f657\_nvngx.dll
01:22:02.076  [synth] NGX data path: C:\Program Files\Hypergryph Launcher\games\Endfield Game\
01:22:02.286  NGX layer 4: C:\Program Files\Hypergryph Launcher\games\Endfield Game\nvngx_dlss.dll (base=00007FF8AE410000)
01:22:02.287    version 310.5.2.0
01:22:02.287    NVSDK_NGX_D3D11_CreateFeature     = 00007FF8AE455160
01:22:02.287    NVSDK_NGX_D3D11_EvaluateFeature   = 00007FF8AE4552C0
01:22:02.287    NVSDK_NGX_D3D11_EvaluateFeature_C = 0000000000000000
01:22:02.288    NVSDK_NGX_D3D11_ReleaseFeature    = 00007FF8AE455720
01:22:02.288    CreateFeature    prologue: 48 89 5C 24 08 48 89 6C 24 10 56 57 41 56 
01:22:02.288    EvaluateFeature  prologue: 48 89 5C 24 08 48 89 6C 24 10 48 89 74 24 
01:22:02.288  [composition-guard] shown at 3840,0 alpha=1
01:22:02.604      00007FF8AE455720 is a thunk table entry; the hook goes to its destination 00007FF8AE453440 so the patch does not overwrite the entries beside it.
01:22:02.725    hooked: CreateFeature=yes EvaluateFeature=yes EvaluateFeature_C=absent
01:22:02.725    hooked: D3D11 ReleaseFeature=yes
01:22:02.725    NVSDK_NGX_VULKAN_CreateFeature     = 00007FF8AE4D79C0
01:22:02.725    NVSDK_NGX_VULKAN_CreateFeature1    = 00007FF8AE4D79E0
01:22:02.725    NVSDK_NGX_VULKAN_EvaluateFeature   = 00007FF8AE4D79F0
01:22:02.725    NVSDK_NGX_VULKAN_EvaluateFeature_C = 0000000000000000
01:22:02.725    NVSDK_NGX_VULKAN_ReleaseFeature    = 00007FF8AE4D8020
01:22:02.726    VK CreateFeature prologue: 48 83 EC 38 4C 89 4C 24 20 4D 8B C8 44 8B 
01:22:02.726    VK CreateFeature1 prologue: E9 4B F1 FF FF CC CC CC CC CC CC CC CC CC  <== a thunk into its own module, not a hook
01:22:02.726        the hook jumps into C:\Program Files\Hypergryph Launcher\games\Endfield Game\nvngx_dlss.dll +0xC6B30
01:22:02.726    VK EvaluateFeature prologue: 48 89 5C 24 08 48 89 6C 24 10 48 89 74 24 
01:22:02.856      00007FF8AE4D79E0 is a thunk table entry; the hook goes to its destination 00007FF8AE4D6B30 so the patch does not overwrite the entries beside it.
01:22:03.083      00007FF8AE4D8020 is a thunk table entry; the hook goes to its destination 00007FF8AE4D6F90 so the patch does not overwrite the entries beside it.
01:22:03.157  [synth] Init_Ext(version=0x13) -> ok
01:22:03.158  [synth] D3D12 session ready on this add-on's own D3D12 device. The frame does not start on this device, so every texture NGX reads is created shareable here and imported by the API the game renders with.
01:22:03.158  [synth] Vulkan side ready: VkDevice 000000002FE700D0, VK_KHR_external_memory_win32 enabled, VK_KHR_push_descriptor enabled, 23 entry points resolved out of vulkan-1.dll with no import of it.
01:22:03.159  [fg-colour] active=5120x2160 HUD-less texture=5120x2160 origin=0,0 backbuffer texture=5120x2160 origin=0,0; outside pixels preserved.
01:22:03.159  [fg-input] building the private feature and its Vulkan import for 5120x2160 R8G8B8A8_UNORM
01:22:03.168  [bridge] shader compiler: C:\Program Files\Hypergryph Launcher\games\Endfield Game\d3dcompiler_47.dll
01:22:03.178  [bridge] sRGB conversion ready: R8G8B8A8_UNORM -> linear BT.709 (normalized SDR) -> original encoding.
01:22:03.178  [synth] colour in R8G8B8A8_UNORM, output R8G8B8A8_UNORM -- the frame is copied into the first and the result is copied back out of the second, because NGX reads one as a shader resource and writes the other through a UAV in the same call.
01:22:03.178  [synth]   Color  fmt 28 5120x2160 flags=0x20: sample yes, typed UAV yes, UAV load yes, UAV store yes
01:22:03.178  [synth]   Output fmt 28 5120x2160 flags=0x24: sample yes, typed UAV yes, UAV load yes, UAV store yes
01:22:03.179  [synth]   Depth  fmt 41 5120x2160 flags=0x20: sample yes, typed UAV yes, UAV load yes, UAV store yes
01:22:03.179  [synth]   MV     fmt 34 5120x2160 flags=0x20: sample yes, typed UAV yes, UAV load yes, UAV store yes
01:22:03.179  [bridge] the synthetic contract's create flags 8: DepthInverted
01:22:03.213    hooked: VULKAN CreateFeature=yes CreateFeature1=yes EvaluateFeature=yes EvaluateFeature_C=absent
01:22:03.213    hooked: VULKAN ReleaseFeature=yes
01:22:03.281  [synth] feature ready on this add-on's own D3D12 device: 5120x2160 -> 5120x2160 handle=000000270F0393D0
01:22:03.281  [synth] imported memory: the image allows types 0x00000003, the imported handle allows 0x00000002 (query returned 0), and the lowest of the two together is taken, index 1. UNVERIFIED on AMD and on Intel -- if the import fails or the picture is wrong on one of those, this line is the first thing to compare.
01:22:03.282  [synth] 5 D3D12 textures imported into the game's VkDevice -- the four slots, and the pipeline's second Output -- and a 44236800-byte buffer made for the depth aspect to travel through.
01:22:03.283  [present-adapter] NGX evaluate module: _nvngx.dll internal=nvngx.dll product=NGX.
01:22:03.283  [present-adapter] NGX evaluate module: 160_E658700.bin internal=DLSS product=NVIDIA Deep Learning SuperSampling.
01:22:03.283  [present-adapter] NGX evaluate module: 160_E658700.bin internal=DLSS-G product=NVIDIA DLSS-G MFGLW.
01:22:03.283  [present-adapter] NGX evaluate module: nvngx_deepdvc.dll internal=DEEPDVC product=NVIDIA DEEPDVC.
01:22:03.283  [present-adapter] NGX evaluate module: nvngx_dlssd.dll internal=DLSS product=NVIDIA DLSS Ray Reconstruction.
01:22:03.284  [present-adapter] NGX evaluate module: nvngx_dlssnr.dll internal=DLSSNR product=NVIDIA DLSSNR.
01:22:03.406  [present-adapter] private SR carrier copy ready on 160_E658700.bin; external SR calls remain tail-forwarded.
01:22:03.514  [present-adapter] NR entry witness ready (tail-forward, CPU observation only).
01:22:03.518  [fg-input] ready: HUD-less -> linear sRGB carrier -> Generic NR -> UI-preserving composite; FG interpolates processed frames. guides: mv=game (scale 5120.000,2160.000) depth=game inverted=1
01:22:03.519  [fg-history] FG Reset burst starts; contract_changed=1 bridge_pending=1 foreground=1.
01:22:03.519  [fg-guides] output=5120x2160 depth=5120x2160 rect=0,0+5120x2160 mv=5120x2160 rect=0,0+5120x2160 mv-scale=5120,2160 carrier-scale=5120,2160 jitter=0.125,0.277778 jittered=0 inverted=1 reset=1 gpu-nearest=0/0.
01:22:03.520  [fg-census] evaluate observed: MultiFrameIndex=2 thread=76352
01:22:03.520  [fg-census] pass 1 begins: 131 keys, types tried u/i/f/d/ull/ptr.
01:22:03.520  [fg-census] DLSSG.AutomodeOverrideReset u=0 i=0 f=0 d=0 ull=0
01:22:03.520  [fg-census] DLSSG.Backbuffer ptr=000000268D80C050
01:22:03.520  [fg-census] DLSSG.BackbufferFormat u=37 i=37 f=37 d=37 ull=37
01:22:03.521  [fg-census] DLSSG.BackbufferFrameID ptr=0000000000000286
01:22:03.521  [fg-census] DLSSG.BackbufferSubrectBaseX u=0 i=0 f=0 d=0 ull=0
01:22:03.521  [fg-census] DLSSG.BackbufferSubrectBaseY u=0 i=0 f=0 d=0 ull=0
01:22:03.521  [fg-census] DLSSG.BackbufferSubrectHeight u=2160 i=2160 f=2160 d=2160 ull=2160
01:22:03.521  [fg-census] DLSSG.BackbufferSubrectWidth u=5120 i=5120 f=5120 d=5120 ull=5120
01:22:03.521  [fg-census] DLSSG.BidirectionalDistortionField ptr=0000000000000000
01:22:03.521  [fg-census] DLSSG.BidirectionalDistortionFieldLowPrecision.Bias u=0 i=0 f=0 d=0 ull=0
01:22:03.522  [fg-census] DLSSG.BidirectionalDistortionFieldLowPrecision.IsLowPrecision u=0 i=0 f=0 d=0 ull=0
01:22:03.522  [fg-census] DLSSG.BidirectionalDistortionFieldLowPrecision.Scale u=1 i=1 f=1 d=1 ull=1
01:22:03.522  [fg-census] DLSSG.BidirectionalDistortionFieldSubrectBaseX u=0 i=0 f=0 d=0 ull=0
01:22:03.522  [fg-census] DLSSG.BidirectionalDistortionFieldSubrectBaseY u=0 i=0 f=0 d=0 ull=0
01:22:03.522  [fg-census] DLSSG.BidirectionalDistortionFieldSubrectHeight u=0 i=0 f=0 d=0 ull=0
01:22:03.522  [fg-census] DLSSG.BidirectionalDistortionFieldSubrectWidth u=0 i=0 f=0 d=0 ull=0
01:22:03.522  [fg-census] DLSSG.CameraAspectRatio u=2 i=2 f=2.37037 d=2.37037039 ull=2
01:22:03.522  [fg-census] DLSSG.CameraFOV u=1 i=1 f=1.0472 d=1.04719758 ull=1
01:22:03.522  [fg-census] DLSSG.CameraFar u=10000 i=10000 f=10000 d=10000 ull=10000
01:22:03.522  [fg-census] DLSSG.CameraFwdX u=0 i=0 f=0.96303 d=0.963029742 ull=0
01:22:03.522  [fg-census] DLSSG.CameraFwdY u=0 i=0 f=0.0470044 d=0.0470043719 ull=0
01:22:03.522  [fg-census] DLSSG.CameraFwdZ u=0 i=0 f=-0.265263 d=-0.265262723 ull=0
01:22:03.523  [fg-census] DLSSG.CameraMotionIncluded u=1 i=1 f=1 d=1 ull=1
01:22:03.523  [fg-census] DLSSG.CameraNear u=0 i=0 f=0.1 d=0.100000001 ull=0
01:22:03.523  [fg-census] DLSSG.CameraPinholeOffsetX u=0 i=0 f=0 d=0 ull=0
01:22:03.523  [fg-census] DLSSG.CameraPinholeOffsetY u=0 i=0 f=0 d=0 ull=0
01:22:03.524  [fg-census] DLSSG.CameraPosX u=0 i=0 f=-1.19209e-07 d=-1.1920929e-07 ull=0
01:22:03.524  [fg-census] DLSSG.CameraPosY u=4294967295 i=-1 f=-1.37852 d=-1.37852454 ull=18446744073709551615
01:22:03.524  [fg-census] DLSSG.CameraPosZ u=4294967293 i=-3 f=-3.86705 d=-3.8670547 ull=18446744073709551613
01:22:03.524  [fg-census] DLSSG.CameraRightX u=0 i=0 f=-0.269395 d=-0.269395113 ull=0
01:22:03.524  [fg-census] DLSSG.CameraRightY u=0 i=0 f=0.168031 d=0.16803059 ull=0
01:22:03.524  [fg-census] DLSSG.CameraRightZ u=0 i=0 f=-0.948257 d=-0.948257327 ull=0
01:22:03.524  [fg-census] DLSSG.CameraUpX u=0 i=0 f=7.45058e-09 d=7.4505806e-09 ull=0
01:22:03.524  [fg-census] DLSSG.CameraUpY u=0 i=0 f=0.984661 d=0.984660506 ull=0
01:22:03.525  [fg-census] DLSSG.CameraUpZ u=0 i=0 f=0.174481 d=0.174481198 ull=0
01:22:03.524  [fg-input] frame=1 5120x2160 vkfmt=37 mode=NR pipeline=serial nr_entries=0 sr_entries=1 sr_copies=1 ok=1 busy_skips=0 token=1.
01:22:03.525  [fg-census] DLSSG.CameraViewToClip ptr=000000268D80BE68 m=[0.7307 0 0 0 | 0 1.732 0 0 | 0 0 9.954e-06 -1 | 0 0 0.1 0]
01:22:03.525  [fg-census] DLSSG.ClipToCameraView ptr=000000268D80BEA8 m=[1.369 -0 -0 0 | 0 -0.5774 -0 0 | 0 -0 -0 10 | 0 -0 -1 9.954e-05]
01:22:03.525  [fg-census] DLSSG.ClipToLensClip ptr=000000268D80BEE8 m=[1 0 0 0 | 0 1 0 0 | 0 0 1 0 | 0 0 0 1]
01:22:03.526  [fg-census] DLSSG.ClipToPrevClip ptr=000000268D80BF28 m=[1 0 0 0 | -3.725e-09 1 4.263e-14 9.313e-10 | -8.711e-07 0 1 0 | 2.979e-08 1.876e-08 0 1]
01:22:03.526  [fg-census] DLSSG.CmdAlloc ptr=00000000408219D0
01:22:03.526  [fg-census] DLSSG.CmdQueue ptr=000000002EBA3CD0
01:22:03.526  [fg-census] DLSSG.ColorBuffersHDR u=0 i=0 f=0 d=0 ull=0
01:22:03.527  [fg-census] DLSSG.Depth ptr=000000268D80C088
01:22:03.527  [fg-census] DLSSG.DepthInverted u=1 i=1 f=1 d=1 ull=1
01:22:03.527  [fg-census] DLSSG.DepthSubrectBaseX u=0 i=0 f=0 d=0 ull=0
01:22:03.527  [fg-census] DLSSG.DepthSubrectBaseY u=0 i=0 f=0 d=0 ull=0
01:22:03.528  [fg-census] DLSSG.DepthSubrectHeight u=2160 i=2160 f=2160 d=2160 ull=2160
01:22:03.528  [fg-census] DLSSG.DepthSubrectWidth u=5120 i=5120 f=5120 d=5120 ull=5120
01:22:03.528  [fg-census] DLSSG.DynamicResolution u=0 i=0 f=0 d=0 ull=0
01:22:03.528  [fg-census] DLSSG.EnableInterp u=1 i=1 f=1 d=1 ull=1
01:22:03.528  [fg-census] DLSSG.EstimateVRAMCallback ptr=00007FF948677A90
01:22:03.528  [fg-census] DLSSG.EvalFlags u=0 i=0 f=0 d=0 ull=0
01:22:03.528  [fg-census] DLSSG.FenceEvent ptr=0000000000000000
01:22:03.528  [fg-census] DLSSG.HUDLess ptr=000000268D80C130
01:22:03.529  [fg-census] DLSSG.HUDLessSubrectBaseX u=0 i=0 f=0 d=0 ull=0
01:22:03.529  [fg-census] DLSSG.HUDLessSubrectBaseY u=0 i=0 f=0 d=0 ull=0
01:22:03.529  [fg-census] DLSSG.HUDLessSubrectHeight u=2160 i=2160 f=2160 d=2160 ull=2160
01:22:03.529  [fg-census] DLSSG.HUDLessSubrectWidth u=5120 i=5120 f=5120 d=5120 ull=5120
01:22:03.529  [fg-census] DLSSG.Height u=2160 i=2160 f=2160 d=2160 ull=2160
01:22:03.529  [fg-census] DLSSG.InternalHeight u=0 i=0 f=0 d=0 ull=0
01:22:03.529  [fg-census] DLSSG.InternalWidth u=0 i=0 f=0 d=0 ull=0
01:22:03.529  [fg-census] DLSSG.IsRecording u=1 i=1 f=1 d=1 ull=1
01:22:03.529  [fg-census] DLSSG.JitterOffsetX u=0 i=0 f=0.125 d=0.125 ull=0
01:22:03.530  [fg-census] DLSSG.JitterOffsetY u=0 i=0 f=0.277778 d=0.277777791 ull=0
01:22:03.530  [fg-census] DLSSG.MVecs ptr=000000268D80C0C0
01:22:03.530  [fg-census] DLSSG.MVecsSubrectBaseX u=0 i=0 f=0 d=0 ull=0
01:22:03.530  [fg-census] DLSSG.MVecsSubrectBaseY u=0 i=0 f=0 d=0 ull=0
01:22:03.530  [fg-census] DLSSG.MVecsSubrectHeight u=2160 i=2160 f=2160 d=2160 ull=2160
01:22:03.530  [fg-census] DLSSG.MVecsSubrectWidth u=5120 i=5120 f=5120 d=5120 ull=5120
01:22:03.530  [fg-census] DLSSG.MenuDetectionEnabled u=0 i=0 f=0 d=0 ull=0
01:22:03.530  [fg-census] DLSSG.MinRelativeLinearDepthObjectSeparation u=40 i=40 f=40 d=40 ull=40
01:22:03.530  [fg-census] DLSSG.ModelVersion u=512 i=512 f=512 d=512 ull=512
01:22:03.530  [fg-census] DLSSG.MultiFrameCount u=3 i=3 f=3 d=3 ull=3
01:22:03.530  [fg-census] DLSSG.MultiFrameCountMax u=5 i=5 f=5 d=5 ull=5
01:22:03.531  [fg-census] DLSSG.MultiFrameIndex u=2 i=2 f=2 d=2 ull=2
01:22:03.531  [fg-census] DLSSG.MvecDilated u=0 i=0 f=0 d=0 ull=0
01:22:03.531  [fg-census] DLSSG.MvecInvalidValue u=0 i=-2147483648 f=3.40282e+38 d=3.40282347e+38 ull=9223372036854775808
01:22:03.531  [fg-census] DLSSG.MvecJittered u=0 i=0 f=0 d=0 ull=0
01:22:03.531  [fg-census] DLSSG.MvecScaleX u=5120 i=5120 f=5120 d=5120 ull=5120
01:22:03.531  [fg-census] DLSSG.MvecScaleY u=2160 i=2160 f=2160 d=2160 ull=2160
01:22:03.531  [fg-census] DLSSG.NoWarp ptr=0000000000000000
01:22:03.531  [fg-census] DLSSG.NoWarpSubrectBaseX u=0 i=0 f=0 d=0 ull=0
01:22:03.531  [fg-census] DLSSG.NoWarpSubrectBaseY u=0 i=0 f=0 d=0 ull=0
01:22:03.531  [fg-census] DLSSG.NoWarpSubrectHeight u=0 i=0 f=0 d=0 ull=0
01:22:03.532  [fg-census] DLSSG.NoWarpSubrectWidth u=0 i=0 f=0 d=0 ull=0
01:22:03.532  [fg-census] DLSSG.NotRenderingGameFrames u=0 i=0 f=0 d=0 ull=0
01:22:03.532  [fg-census] DLSSG.OrthoProjection u=0 i=0 f=0 d=0 ull=0
01:22:03.532  [fg-census] DLSSG.OutputDisableInterpolation ptr=000000268D80C1D8
01:22:03.532  [fg-census] DLSSG.OutputInterpolated ptr=0000002700720FB0
01:22:03.532  [fg-census] DLSSG.OutputReal ptr=0000000000000000
01:22:03.532  [fg-census] DLSSG.PrevClipToClip ptr=000000268D80BF68 m=[1 0 0 0 | 3.725e-09 1 -4.263e-14 -9.313e-10 | 8.711e-07 0 1 0 | -2.979e-08 -1.876e-08 7.997e-22 1]
01:22:03.532  [fg-census] DLSSG.QueueSubmitCallback ptr=0000000000000000
01:22:03.533  [fg-census] DLSSG.QueueSubmitCallbackData ptr=0000000000000000
01:22:03.533  [fg-census] DLSSG.Reset u=1 i=1 f=1 d=1 ull=1
01:22:03.533  [fg-census] DLSSG.SyncFlushCallback ptr=0000000000000000
01:22:03.533  [fg-census] DLSSG.SyncFlushCallbackData ptr=0000000000000000
01:22:03.533  [fg-census] DLSSG.SyncSignalCallback ptr=0000000000000000
01:22:03.533  [fg-census] DLSSG.SyncSignalCallbackData ptr=0000000000000000
01:22:03.533  [fg-census] DLSSG.SyncSignalOnlyCallback ptr=0000000000000000
01:22:03.533  [fg-census] DLSSG.SyncSignalOnlyCallbackData ptr=0000000000000000
01:22:03.533  [fg-census] DLSSG.SyncWaitCallback ptr=0000000000000000
01:22:03.533  [fg-census] DLSSG.SyncWaitCallbackData ptr=0000000000000000
01:22:03.534  [fg-census] DLSSG.SyncWaitOnlyCallback ptr=0000000000000000
01:22:03.534  [fg-census] DLSSG.SyncWaitOnlyCallbackData ptr=0000000000000000
01:22:03.534  [fg-census] DLSSG.UI ptr=0000000000000000
01:22:03.534  [fg-census] DLSSG.UISubrectBaseX u=0 i=0 f=0 d=0 ull=0
01:22:03.534  [fg-census] DLSSG.UISubrectBaseY u=0 i=0 f=0 d=0 ull=0
01:22:03.534  [fg-census] DLSSG.UISubrectHeight u=0 i=0 f=0 d=0 ull=0
01:22:03.534  [fg-census] DLSSG.UISubrectWidth u=0 i=0 f=0 d=0 ull=0
01:22:03.534  [fg-census] DLSSG.VkOFAModeRequest u=1 i=1 f=1 d=1 ull=1
01:22:03.535  [fg-census] DLSSG.Width u=5120 i=5120 f=5120 d=5120 ull=5120
01:22:03.535  [fg-census] DLSSG.run_lowres_mvec_pass u=1 i=1 f=1 d=1 ull=1
01:22:03.535  [fg-census] pass 1 ends.
01:22:03.535  [fg-census] evaluate observed: MultiFrameIndex=3 thread=76352
01:22:03.535  [fg-census] pass 2 begins: 131 keys, types tried u/i/f/d/ull/ptr.
01:22:03.535  [fg-census] DLSSG.AutomodeOverrideReset u=0 i=0 f=0 d=0 ull=0
01:22:03.536  [fg-census] DLSSG.Backbuffer ptr=000000268D80C050
01:22:03.536  [fg-census] DLSSG.BackbufferFormat u=37 i=37 f=37 d=37 ull=37
01:22:03.536  [fg-census] DLSSG.BackbufferFrameID ptr=0000000000000286
01:22:03.536  [fg-census] DLSSG.BackbufferSubrectBaseX u=0 i=0 f=0 d=0 ull=0
01:22:03.536  [fg-census] DLSSG.BackbufferSubrectBaseY u=0 i=0 f=0 d=0 ull=0
01:22:03.536  [fg-census] DLSSG.BackbufferSubrectHeight u=2160 i=2160 f=2160 d=2160 ull=2160
01:22:03.536  [fg-census] DLSSG.BackbufferSubrectWidth u=5120 i=5120 f=5120 d=5120 ull=5120
01:22:03.536  [fg-census] DLSSG.BidirectionalDistortionField ptr=0000000000000000
01:22:03.537  [fg-census] DLSSG.BidirectionalDistortionFieldLowPrecision.Bias u=0 i=0 f=0 d=0 ull=0
01:22:03.537  [fg-census] DLSSG.BidirectionalDistortionFieldLowPrecision.IsLowPrecision u=0 i=0 f=0 d=0 ull=0
01:22:03.537  [fg-census] DLSSG.BidirectionalDistortionFieldLowPrecision.Scale u=1 i=1 f=1 d=1 ull=1
01:22:03.537  [fg-census] DLSSG.BidirectionalDistortionFieldSubrectBaseX u=0 i=0 f=0 d=0 ull=0
01:22:03.537  [fg-census] DLSSG.BidirectionalDistortionFieldSubrectBaseY u=0 i=0 f=0 d=0 ull=0
01:22:03.537  [fg-census] DLSSG.BidirectionalDistortionFieldSubrectHeight u=0 i=0 f=0 d=0 ull=0
01:22:03.537  [fg-census] DLSSG.BidirectionalDistortionFieldSubrectWidth u=0 i=0 f=0 d=0 ull=0
01:22:03.537  [fg-census] DLSSG.CameraAspectRatio u=2 i=2 f=2.37037 d=2.37037039 ull=2
01:22:03.537  [fg-census] DLSSG.CameraFOV u=1 i=1 f=1.0472 d=1.04719758 ull=1
01:22:03.537  [fg-census] DLSSG.CameraFar u=10000 i=10000 f=10000 d=10000 ull=10000
01:22:03.537  [fg-census] DLSSG.CameraFwdX u=0 i=0 f=0.96303 d=0.963029742 ull=0
01:22:03.538  [fg-census] DLSSG.CameraFwdY u=0 i=0 f=0.0470044 d=0.0470043719 ull=0
01:22:03.538  [fg-census] DLSSG.CameraFwdZ u=0 i=0 f=-0.265263 d=-0.265262723 ull=0
01:22:03.538  [fg-census] DLSSG.CameraMotionIncluded u=1 i=1 f=1 d=1 ull=1
01:22:03.538  [fg-census] DLSSG.CameraNear u=0 i=0 f=0.1 d=0.100000001 ull=0
01:22:03.538  [fg-census] DLSSG.CameraPinholeOffsetX u=0 i=0 f=0 d=0 ull=0
01:22:03.538  [fg-census] DLSSG.CameraPinholeOffsetY u=0 i=0 f=0 d=0 ull=0
01:22:03.538  [fg-census] DLSSG.CameraPosX u=0 i=0 f=-1.19209e-07 d=-1.1920929e-07 ull=0
01:22:03.538  [fg-census] DLSSG.CameraPosY u=4294967295 i=-1 f=-1.37852 d=-1.37852454 ull=18446744073709551615
01:22:03.538  [fg-census] DLSSG.CameraPosZ u=4294967293 i=-3 f=-3.86705 d=-3.8670547 ull=18446744073709551613
01:22:03.539  [fg-census] DLSSG.CameraRightX u=0 i=0 f=-0.269395 d=-0.269395113 ull=0
01:22:03.539  [fg-census] DLSSG.CameraRightY u=0 i=0 f=0.168031 d=0.16803059 ull=0
01:22:03.539  [fg-census] DLSSG.CameraRightZ u=0 i=0 f=-0.948257 d=-0.948257327 ull=0
01:22:03.539  [fg-census] DLSSG.CameraUpX u=0 i=0 f=7.45058e-09 d=7.4505806e-09 ull=0
01:22:03.539  [fg-census] DLSSG.CameraUpY u=0 i=0 f=0.984661 d=0.984660506 ull=0
01:22:03.539  [fg-census] DLSSG.CameraUpZ u=0 i=0 f=0.174481 d=0.174481198 ull=0
01:22:03.539  [fg-census] DLSSG.CameraViewToClip ptr=000000268D80BE68 m=[0.7307 0 0 0 | 0 1.732 0 0 | 0 0 9.954e-06 -1 | 0 0 0.1 0]
01:22:03.539  [fg-census] DLSSG.ClipToCameraView ptr=000000268D80BEA8 m=[1.369 -0 -0 0 | 0 -0.5774 -0 0 | 0 -0 -0 10 | 0 -0 -1 9.954e-05]
01:22:03.539  [fg-census] DLSSG.ClipToLensClip ptr=000000268D80BEE8 m=[1 0 0 0 | 0 1 0 0 | 0 0 1 0 | 0 0 0 1]
01:22:03.540  [fg-census] DLSSG.ClipToPrevClip ptr=000000268D80BF28 m=[1 0 0 0 | -3.725e-09 1 4.263e-14 9.313e-10 | -8.711e-07 0 1 0 | 2.979e-08 1.876e-08 0 1]
01:22:03.540  [fg-census] DLSSG.CmdAlloc ptr=0000000040821ED0
01:22:03.540  [fg-census] DLSSG.CmdQueue ptr=000000002EBA3CD0
01:22:03.540  [fg-census] DLSSG.ColorBuffersHDR u=0 i=0 f=0 d=0 ull=0
01:22:03.540  [fg-census] DLSSG.Depth ptr=000000268D80C088
01:22:03.540  [fg-census] DLSSG.DepthInverted u=1 i=1 f=1 d=1 ull=1
01:22:03.540  [fg-census] DLSSG.DepthSubrectBaseX u=0 i=0 f=0 d=0 ull=0
01:22:03.540  [fg-census] DLSSG.DepthSubrectBaseY u=0 i=0 f=0 d=0 ull=0
01:22:03.540  [fg-census] DLSSG.DepthSubrectHeight u=2160 i=2160 f=2160 d=2160 ull=2160
01:22:03.540  [fg-census] DLSSG.DepthSubrectWidth u=5120 i=5120 f=5120 d=5120 ull=5120
01:22:03.541  [fg-census] DLSSG.DynamicResolution u=0 i=0 f=0 d=0 ull=0
01:22:03.541  [fg-census] DLSSG.EnableInterp u=1 i=1 f=1 d=1 ull=1
01:22:03.541  [fg-census] DLSSG.EstimateVRAMCallback ptr=00007FF948677A90
01:22:03.541  [fg-census] DLSSG.EvalFlags u=0 i=0 f=0 d=0 ull=0
01:22:03.541  [fg-census] DLSSG.FenceEvent ptr=0000000000000000
01:22:03.541  [fg-census] DLSSG.HUDLess ptr=000000268D80C130
01:22:03.541  [fg-census] DLSSG.HUDLessSubrectBaseX u=0 i=0 f=0 d=0 ull=0
01:22:03.541  [fg-census] DLSSG.HUDLessSubrectBaseY u=0 i=0 f=0 d=0 ull=0
01:22:03.542  [fg-census] DLSSG.HUDLessSubrectHeight u=2160 i=2160 f=2160 d=2160 ull=2160
01:22:03.542  [fg-census] DLSSG.HUDLessSubrectWidth u=5120 i=5120 f=5120 d=5120 ull=5120
01:22:03.542  [fg-census] DLSSG.Height u=2160 i=2160 f=2160 d=2160 ull=2160
01:22:03.542  [fg-census] DLSSG.InternalHeight u=0 i=0 f=0 d=0 ull=0
01:22:03.542  [fg-census] DLSSG.InternalWidth u=0 i=0 f=0 d=0 ull=0
01:22:03.542  [fg-census] DLSSG.IsRecording u=1 i=1 f=1 d=1 ull=1
01:22:03.542  [fg-census] DLSSG.JitterOffsetX u=0 i=0 f=0.125 d=0.125 ull=0
01:22:03.542  [fg-census] DLSSG.JitterOffsetY u=0 i=0 f=0.277778 d=0.277777791 ull=0
01:22:03.543  [fg-census] DLSSG.MVecs ptr=000000268D80C0C0
01:22:03.543  [fg-census] DLSSG.MVecsSubrectBaseX u=0 i=0 f=0 d=0 ull=0
01:22:03.543  [fg-census] DLSSG.MVecsSubrectBaseY u=0 i=0 f=0 d=0 ull=0
01:22:03.543  [fg-census] DLSSG.MVecsSubrectHeight u=2160 i=2160 f=2160 d=2160 ull=2160
01:22:03.543  [fg-census] DLSSG.MVecsSubrectWidth u=5120 i=5120 f=5120 d=5120 ull=5120
01:22:03.543  [fg-census] DLSSG.MenuDetectionEnabled u=0 i=0 f=0 d=0 ull=0
01:22:03.543  [fg-census] DLSSG.MinRelativeLinearDepthObjectSeparation u=40 i=40 f=40 d=40 ull=40
01:22:03.544  [fg-census] DLSSG.ModelVersion u=512 i=512 f=512 d=512 ull=512
01:22:03.544  [fg-census] DLSSG.MultiFrameCount u=3 i=3 f=3 d=3 ull=3
01:22:03.544  [fg-census] DLSSG.MultiFrameCountMax u=5 i=5 f=5 d=5 ull=5
01:22:03.544  [fg-census] DLSSG.MultiFrameIndex u=3 i=3 f=3 d=3 ull=3
01:22:03.545  [fg-census] DLSSG.MvecDilated u=0 i=0 f=0 d=0 ull=0
01:22:03.545  [fg-census] DLSSG.MvecInvalidValue u=0 i=-2147483648 f=3.40282e+38 d=3.40282347e+38 ull=9223372036854775808
01:22:03.545  [fg-census] DLSSG.MvecJittered u=0 i=0 f=0 d=0 ull=0
01:22:03.545  [fg-census] DLSSG.MvecScaleX u=5120 i=5120 f=5120 d=5120 ull=5120
01:22:03.545  [fg-census] DLSSG.MvecScaleY u=2160 i=2160 f=2160 d=2160 ull=2160
01:22:03.545  [fg-census] DLSSG.NoWarp ptr=0000000000000000
01:22:03.545  [fg-census] DLSSG.NoWarpSubrectBaseX u=0 i=0 f=0 d=0 ull=0
01:22:03.545  [fg-census] DLSSG.NoWarpSubrectBaseY u=0 i=0 f=0 d=0 ull=0
01:22:03.546  [fg-census] DLSSG.NoWarpSubrectHeight u=0 i=0 f=0 d=0 ull=0
01:22:03.546  [fg-census] DLSSG.NoWarpSubrectWidth u=0 i=0 f=0 d=0 ull=0
01:22:03.546  [fg-census] DLSSG.NotRenderingGameFrames u=0 i=0 f=0 d=0 ull=0
01:22:03.546  [fg-census] DLSSG.OrthoProjection u=0 i=0 f=0 d=0 ull=0
01:22:03.546  [fg-census] DLSSG.OutputDisableInterpolation ptr=000000268D80C1D8
01:22:03.546  [fg-census] DLSSG.OutputInterpolated ptr=0000002700720FE8
01:22:03.546  [fg-census] DLSSG.OutputReal ptr=0000000000000000
01:22:03.546  [fg-census] DLSSG.PrevClipToClip ptr=000000268D80BF68 m=[1 0 0 0 | 3.725e-09 1 -4.263e-14 -9.313e-10 | 8.711e-07 0 1 0 | -2.979e-08 -1.876e-08 7.997e-22 1]
01:22:03.546  [fg-census] DLSSG.QueueSubmitCallback ptr=0000000000000000
01:22:03.547  [fg-census] DLSSG.QueueSubmitCallbackData ptr=0000000000000000
01:22:03.547  [fg-census] DLSSG.Reset u=1 i=1 f=1 d=1 ull=1
01:22:03.547  [fg-census] DLSSG.SyncFlushCallback ptr=0000000000000000
01:22:03.547  [fg-census] DLSSG.SyncFlushCallbackData ptr=0000000000000000
01:22:03.547  [fg-census] DLSSG.SyncSignalCallback ptr=0000000000000000
01:22:03.547  [fg-census] DLSSG.SyncSignalCallbackData ptr=0000000000000000
01:22:03.547  [fg-census] DLSSG.SyncSignalOnlyCallback ptr=0000000000000000
01:22:03.547  [fg-census] DLSSG.SyncSignalOnlyCallbackData ptr=0000000000000000
01:22:03.547  [fg-census] DLSSG.SyncWaitCallback ptr=0000000000000000
01:22:03.547  [fg-census] DLSSG.SyncWaitCallbackData ptr=0000000000000000
01:22:03.547  [fg-census] DLSSG.SyncWaitOnlyCallback ptr=0000000000000000
01:22:03.547  [fg-census] DLSSG.SyncWaitOnlyCallbackData ptr=0000000000000000
01:22:03.547  [fg-census] DLSSG.UI ptr=0000000000000000
01:22:03.547  [fg-census] DLSSG.UISubrectBaseX u=0 i=0 f=0 d=0 ull=0
01:22:03.547  [fg-census] DLSSG.UISubrectBaseY u=0 i=0 f=0 d=0 ull=0
01:22:03.547  [fg-census] DLSSG.UISubrectHeight u=0 i=0 f=0 d=0 ull=0
01:22:03.548  [fg-census] DLSSG.UISubrectWidth u=0 i=0 f=0 d=0 ull=0
01:22:03.548  [fg-census] DLSSG.VkOFAModeRequest u=1 i=1 f=1 d=1 ull=1
01:22:03.548  [fg-census] DLSSG.Width u=5120 i=5120 f=5120 d=5120 ull=5120
01:22:03.548  [fg-census] DLSSG.run_lowres_mvec_pass u=1 i=1 f=1 d=1 ull=1
01:22:03.549  [fg-census] pass 2 ends.
01:22:03.550  NGX layer 4 retirement finalized.
01:22:03.551  qpc=4492190868944 [fg-transition] start=4492176049253 frame=0000000000000286 idx=1/3 queue=000000002EBA3CD0 reset=1 enable=1 recording=1 not-rendering=0 metering=0 fullscreen=0 slmode=0 known=0x3f hud=44cd00d0 back=3e200cd0 real=4355ded0 interp=45c30cd0 bridge-lock=1 arm=0->0 result=1 disable-interp=0(known=0) foreground=1 monitors=0000000003DB2751/0000000003DB2751 cpu=1481.968ms
01:22:03.551  qpc=4492191022338 [fg-transition] start=4492190871020 frame=0000000000000286 idx=2/3 queue=000000002EBA3CD0 reset=1 enable=1 recording=1 not-rendering=0 metering=0 fullscreen=0 slmode=0 known=0x3f hud=44cd00d0 back=3e200cd0 real=0 interp=45c306d0 bridge-lock=1 arm=0->0 result=1 disable-interp=0(known=0) foreground=1 monitors=0000000003DB2751/0000000003DB2751 cpu=15.132ms
01:22:03.551  qpc=4492191159624 [fg-transition] start=4492191023265 frame=0000000000000286 idx=3/3 queue=000000002EBA3CD0 reset=1 enable=1 recording=1 not-rendering=0 metering=0 fullscreen=0 slmode=0 known=0x3f hud=44cd00d0 back=3e200cd0 real=0 interp=45c300d0 bridge-lock=1 arm=0->0 result=1 disable-interp=0(known=0) foreground=1 monitors=0000000003DB2751/0000000003DB2751 cpu=13.636ms
01:22:04.338  === Vulkan CreateFeature1 #10  feature_id=18  VkDevice=000000002FE700D0  thread 79160 ===
01:22:04.338  === Vulkan CreateFeature1 #10 returned -1160773630, handle=0000000000000000 ===
01:22:04.339  [fg-census] evaluate observed: MultiFrameIndex=1 thread=76352
01:22:04.339  [fg-census] pass 3 begins: 131 keys, types tried u/i/f/d/ull/ptr.
01:22:04.339  [fg-census] DLSSG.AutomodeOverrideReset u=0 i=0 f=0 d=0 ull=0
01:22:04.339  [fg-census] DLSSG.Backbuffer ptr=000000268D8097A0
01:22:04.340  [fg-census] DLSSG.BackbufferFormat u=37 i=37 f=37 d=37 ull=37
01:22:04.340  [fg-census] DLSSG.BackbufferFrameID ptr=0000000000000287
01:22:04.340  [fg-census] DLSSG.BackbufferSubrectBaseX u=0 i=0 f=0 d=0 ull=0
01:22:04.341  [fg-census] DLSSG.BackbufferSubrectBaseY u=0 i=0 f=0 d=0 ull=0
01:22:04.341  [fg-census] DLSSG.BackbufferSubrectHeight u=2160 i=2160 f=2160 d=2160 ull=2160
01:22:04.341  [fg-census] DLSSG.BackbufferSubrectWidth u=5120 i=5120 f=5120 d=5120 ull=5120
01:22:04.341  [fg-census] DLSSG.BidirectionalDistortionField ptr=0000000000000000
01:22:04.341  [fg-census] DLSSG.BidirectionalDistortionFieldLowPrecision.Bias u=0 i=0 f=0 d=0 ull=0
01:22:04.342  [fg-census] DLSSG.BidirectionalDistortionFieldLowPrecision.IsLowPrecision u=0 i=0 f=0 d=0 ull=0
01:22:04.342  [fg-census] DLSSG.BidirectionalDistortionFieldLowPrecision.Scale u=1 i=1 f=1 d=1 ull=1
01:22:04.342  [fg-census] DLSSG.BidirectionalDistortionFieldSubrectBaseX u=0 i=0 f=0 d=0 ull=0
01:22:04.342  [fg-census] DLSSG.BidirectionalDistortionFieldSubrectBaseY u=0 i=0 f=0 d=0 ull=0
01:22:04.342  [fg-census] DLSSG.BidirectionalDistortionFieldSubrectHeight u=0 i=0 f=0 d=0 ull=0
01:22:04.342  [fg-census] DLSSG.BidirectionalDistortionFieldSubrectWidth u=0 i=0 f=0 d=0 ull=0
01:22:04.343  [fg-census] DLSSG.CameraAspectRatio u=2 i=2 f=2.37037 d=2.37037039 ull=2
01:22:04.343  [fg-census] DLSSG.CameraFOV u=1 i=1 f=1.0472 d=1.04719758 ull=1
01:22:04.343  [fg-census] DLSSG.CameraFar u=10000 i=10000 f=10000 d=10000 ull=10000
01:22:04.343  [fg-census] DLSSG.CameraFwdX u=0 i=0 f=0.963028 d=0.963028491 ull=0
01:22:04.343  [fg-census] DLSSG.CameraFwdY u=0 i=0 f=0.0470057 d=0.0470056906 ull=0
01:22:04.343  [fg-census] DLSSG.CameraFwdZ u=0 i=0 f=-0.265267 d=-0.265267134 ull=0
01:22:04.343  [fg-census] DLSSG.CameraMotionIncluded u=1 i=1 f=1 d=1 ull=1
01:22:04.343  [fg-census] DLSSG.CameraNear u=0 i=0 f=0.1 d=0.100000001 ull=0
01:22:04.344  [fg-census] DLSSG.CameraPinholeOffsetX u=0 i=0 f=0 d=0 ull=0
01:22:04.344  [fg-census] DLSSG.CameraPinholeOffsetY u=0 i=0 f=0 d=0 ull=0
01:22:04.344  [fg-census] DLSSG.CameraPosX u=4294966738 i=-558 f=-558.582 d=-558.581604 ull=18446744073709551058
01:22:04.344  [fg-census] DLSSG.CameraPosY u=4294967190 i=-106 f=-106.668 d=-106.66806 ull=18446744073709551510
01:22:04.345  [fg-census] DLSSG.CameraPosZ u=4294966235 i=-1061 f=-1061.21 d=-1061.20728 ull=18446744073709550555
01:22:04.345  [fg-census] DLSSG.CameraRightX u=0 i=0 f=-0.2694 d=-0.269399643 ull=0
01:22:04.345  [fg-census] DLSSG.CameraRightY u=0 i=0 f=0.168032 d=0.168032289 ull=0
01:22:04.346  [fg-census] DLSSG.CameraRightZ u=0 i=0 f=-0.948256 d=-0.948255837 ull=0
01:22:04.346  [fg-census] DLSSG.CameraUpX u=0 i=0 f=1.49012e-08 d=1.49011612e-08 ull=0
01:22:04.346  [fg-census] DLSSG.CameraUpY u=0 i=0 f=0.98466 d=0.984660149 ull=0
01:22:04.346  [fg-census] DLSSG.CameraUpZ u=0 i=0 f=0.174483 d=0.17448318 ull=0
01:22:04.347  [fg-census] DLSSG.CameraViewToClip ptr=000000268D8095B8 m=[0.7307 0 0 0 | 0 1.732 0 0 | 0 0 9.954e-06 -1 | 0 0 0.1 0]
01:22:04.347  [fg-census] DLSSG.ClipToCameraView ptr=000000268D8095F8 m=[1.369 -0 -0 0 | 0 -0.5774 -0 0 | 0 -0 -0 10 | 0 -0 -1 9.954e-05]
01:22:04.347  [fg-census] DLSSG.ClipToLensClip ptr=000000268D809638 m=[1 0 0 0 | 0 1 0 0 | 0 0 1 0 | 0 0 0 1]
01:22:04.347  [fg-census] DLSSG.ClipToPrevClip ptr=000000268D809678 m=[1 1.907e-06 6.344e-11 -6.348e-06 | -3.427e-07 1 1.14e-11 -1.145e-06 | 4082 -1824 1.105 -1.057e+04 | 0.04063 -0.01815 1.048e-06 0.8948]
01:22:04.347  [fg-census] DLSSG.CmdAlloc ptr=00000000408223D0
01:22:04.348  [fg-census] DLSSG.CmdQueue ptr=000000002EBA3CD0
01:22:04.348  [fg-census] DLSSG.ColorBuffersHDR u=0 i=0 f=0 d=0 ull=0
01:22:04.348  [fg-census] DLSSG.Depth ptr=000000268D8097D8
01:22:04.348  [fg-census] DLSSG.DepthInverted u=1 i=1 f=1 d=1 ull=1
01:22:04.348  [fg-census] DLSSG.DepthSubrectBaseX u=0 i=0 f=0 d=0 ull=0
01:22:04.349  [fg-census] DLSSG.DepthSubrectBaseY u=0 i=0 f=0 d=0 ull=0
01:22:04.349  [fg-census] DLSSG.DepthSubrectHeight u=2160 i=2160 f=2160 d=2160 ull=2160
01:22:04.349  [fg-census] DLSSG.DepthSubrectWidth u=5120 i=5120 f=5120 d=5120 ull=5120
01:22:04.349  [fg-census] DLSSG.DynamicResolution u=0 i=0 f=0 d=0 ull=0
01:22:04.349  [fg-census] DLSSG.EnableInterp u=1 i=1 f=1 d=1 ull=1
01:22:04.349  [fg-census] DLSSG.EstimateVRAMCallback ptr=00007FF948677A90
01:22:04.350  [fg-census] DLSSG.EvalFlags u=0 i=0 f=0 d=0 ull=0
01:22:04.350  [fg-census] DLSSG.FenceEvent ptr=0000000000000000
01:22:04.350  [fg-census] DLSSG.HUDLess ptr=000000268D809880
01:22:04.350  [fg-census] DLSSG.HUDLessSubrectBaseX u=0 i=0 f=0 d=0 ull=0
01:22:04.350  [fg-census] DLSSG.HUDLessSubrectBaseY u=0 i=0 f=0 d=0 ull=0
01:22:04.351  [fg-census] DLSSG.HUDLessSubrectHeight u=2160 i=2160 f=2160 d=2160 ull=2160
01:22:04.351  [fg-census] DLSSG.HUDLessSubrectWidth u=5120 i=5120 f=5120 d=5120 ull=5120
01:22:04.351  [fg-census] DLSSG.Height u=2160 i=2160 f=2160 d=2160 ull=2160
01:22:04.351  [fg-census] DLSSG.InternalHeight u=0 i=0 f=0 d=0 ull=0
01:22:04.351  [fg-census] DLSSG.InternalWidth u=0 i=0 f=0 d=0 ull=0
01:22:04.351  [fg-census] DLSSG.IsRecording u=1 i=1 f=1 d=1 ull=1
01:22:04.352  [fg-census] DLSSG.JitterOffsetX u=0 i=0 f=-0.375 d=-0.375 ull=0
01:22:04.352  [fg-census] DLSSG.JitterOffsetY u=0 i=0 f=-0.0555556 d=-0.055555582 ull=0
01:22:04.352  [fg-census] DLSSG.MVecs ptr=000000268D809810
01:22:04.352  [fg-census] DLSSG.MVecsSubrectBaseX u=0 i=0 f=0 d=0 ull=0
01:22:04.352  [fg-census] DLSSG.MVecsSubrectBaseY u=0 i=0 f=0 d=0 ull=0
01:22:04.352  [fg-census] DLSSG.MVecsSubrectHeight u=2160 i=2160 f=2160 d=2160 ull=2160
01:22:04.353  [fg-census] DLSSG.MVecsSubrectWidth u=5120 i=5120 f=5120 d=5120 ull=5120
01:22:04.353  [fg-census] DLSSG.MenuDetectionEnabled u=0 i=0 f=0 d=0 ull=0
01:22:04.353  [fg-census] DLSSG.MinRelativeLinearDepthObjectSeparation u=40 i=40 f=40 d=40 ull=40
01:22:04.353  [fg-census] DLSSG.ModelVersion u=512 i=512 f=512 d=512 ull=512
01:22:04.353  [fg-census] DLSSG.MultiFrameCount u=3 i=3 f=3 d=3 ull=3
01:22:04.353  [fg-census] DLSSG.MultiFrameCountMax u=5 i=5 f=5 d=5 ull=5
01:22:04.354  [fg-census] DLSSG.MultiFrameIndex u=1 i=1 f=1 d=1 ull=1
01:22:04.354  [fg-census] DLSSG.MvecDilated u=0 i=0 f=0 d=0 ull=0
01:22:04.354  [fg-census] DLSSG.MvecInvalidValue u=0 i=-2147483648 f=3.40282e+38 d=3.40282347e+38 ull=9223372036854775808
01:22:04.354  [fg-census] DLSSG.MvecJittered u=0 i=0 f=0 d=0 ull=0
01:22:04.354  [fg-census] DLSSG.MvecScaleX u=5120 i=5120 f=5120 d=5120 ull=5120
01:22:04.354  [fg-census] DLSSG.MvecScaleY u=2160 i=2160 f=2160 d=2160 ull=2160
01:22:04.355  [fg-census] DLSSG.NoWarp ptr=0000000000000000
01:22:04.355  [fg-census] DLSSG.NoWarpSubrectBaseX u=0 i=0 f=0 d=0 ull=0
01:22:04.355  [fg-census] DLSSG.NoWarpSubrectBaseY u=0 i=0 f=0 d=0 ull=0
01:22:04.355  [fg-census] DLSSG.NoWarpSubrectHeight u=0 i=0 f=0 d=0 ull=0
01:22:04.355  [fg-census] DLSSG.NoWarpSubrectWidth u=0 i=0 f=0 d=0 ull=0
01:22:04.355  [fg-census] DLSSG.NotRenderingGameFrames u=0 i=0 f=0 d=0 ull=0
01:22:04.356  [fg-census] DLSSG.OrthoProjection u=0 i=0 f=0 d=0 ull=0
01:22:04.356  [fg-census] DLSSG.OutputDisableInterpolation ptr=000000268D809928
01:22:04.356  [fg-census] DLSSG.OutputInterpolated ptr=00000028FF48B788
01:22:04.356  [fg-census] DLSSG.OutputReal ptr=00000028FF48B830
01:22:04.356  [fg-census] DLSSG.PrevClipToClip ptr=000000268D8096B8 m=[1 -1.908e-06 -6.341e-11 6.345e-06 | 3.428e-07 1 -1.14e-11 1.144e-06 | -4082 1824 0.8948 1.057e+04 | -0.04063 0.01815 -1.048e-06 1.105]
01:22:04.356  [fg-census] DLSSG.QueueSubmitCallback ptr=0000000000000000
01:22:04.356  [fg-census] DLSSG.QueueSubmitCallbackData ptr=0000000000000000
01:22:04.357  [fg-census] DLSSG.Reset u=0 i=0 f=0 d=0 ull=0
01:22:04.357  [fg-census] DLSSG.SyncFlushCallback ptr=0000000000000000
01:22:04.357  [fg-census] DLSSG.SyncFlushCallbackData ptr=0000000000000000
01:22:04.357  [fg-census] DLSSG.SyncSignalCallback ptr=0000000000000000
01:22:04.357  [fg-census] DLSSG.SyncSignalCallbackData ptr=0000000000000000
01:22:04.357  [fg-census] DLSSG.SyncSignalOnlyCallback ptr=0000000000000000
01:22:04.357  [fg-census] DLSSG.SyncSignalOnlyCallbackData ptr=0000000000000000
01:22:04.357  [fg-census] DLSSG.SyncWaitCallback ptr=0000000000000000
01:22:04.357  [fg-census] DLSSG.SyncWaitCallbackData ptr=0000000000000000
01:22:04.357  [fg-census] DLSSG.SyncWaitOnlyCallback ptr=0000000000000000
01:22:04.358  [fg-census] DLSSG.SyncWaitOnlyCallbackData ptr=0000000000000000
01:22:04.358  [fg-census] DLSSG.UI ptr=0000000000000000
01:22:04.358  [fg-census] DLSSG.UISubrectBaseX u=0 i=0 f=0 d=0 ull=0
01:22:04.358  [fg-census] DLSSG.UISubrectBaseY u=0 i=0 f=0 d=0 ull=0
01:22:04.358  [fg-census] DLSSG.UISubrectHeight u=0 i=0 f=0 d=0 ull=0
01:22:04.358  [fg-census] DLSSG.UISubrectWidth u=0 i=0 f=0 d=0 ull=0
01:22:04.358  [fg-census] DLSSG.VkOFAModeRequest u=1 i=1 f=1 d=1 ull=1
01:22:04.358  [fg-census] DLSSG.Width u=5120 i=5120 f=5120 d=5120 ull=5120
01:22:04.359  [fg-census] DLSSG.run_lowres_mvec_pass u=1 i=1 f=1 d=1 ull=1
01:22:04.359  [fg-census] pass 3 ends.
01:22:04.360  [fg-relay] open. Copy completion is signalled to the private queue on the GPU (exported timeline semaphore); the park release is set on the GPU (imported D3D12 fence). Pipeline=2 Import=1.
01:22:04.360  [fg-relay] command pool for queue 000000002EBA3CD0: family=2.
01:22:04.360  [fg-history] FG Reset burst ends: 1 real frames, 844 ms.
01:22:04.360  [fg-guides] output=5120x2160 depth=5120x2160 rect=0,0+5120x2160 mv=5120x2160 rect=0,0+5120x2160 mv-scale=5120,2160 carrier-scale=5120,2160 jitter=-0.375,-0.0555556 jittered=0 inverted=1 reset=1 gpu-nearest=0/0.
01:22:04.360  [fg-relay] armed by evaluate: hud=44cd00d0 back=3e2012d0 depth=41b390d0 mv=41b3a8d0 5120x2160 copy=1 nr=1 import=1 slot=1 arm=1 gpu-wait-nr=0 pending=0.
01:22:04.361  [fg-relay] evaluate: slot=1 nr=1 import=1 stage=3.
01:22:04.588  [fg-relay] frame=1 slot=1 nr=1 ok=1 wrote=1 nr_entries=0 import=1 armed=1 skipped=0 busy=0 mismatch=0 conflicts=0.
01:22:04.590  [fg-guides] output=5120x2160 depth=5120x2160 rect=0,0+5120x2160 mv=5120x2160 rect=0,0+5120x2160 mv-scale=5120,2160 carrier-scale=5120,2160 jitter=0.4375,-0.388889 jittered=0 inverted=1 reset=1 gpu-nearest=0/0.
01:22:04.591  [fg-relay] armed by evaluate: hud=44cd00d0 back=3e2000d0 depth=41b390d0 mv=41b3a8d0 5120x2160 copy=2 nr=2 import=1 slot=2 arm=2 gpu-wait-nr=1 pending=0.
01:22:04.591  qpc=4492201563587 [fg-transition] start=4492199065731 frame=0000000000000287 idx=1/3 queue=000000002EBA3CD0 reset=0 enable=1 recording=1 not-rendering=0 metering=0 fullscreen=0 slmode=0 known=0x3f hud=44cd00d0 back=3e2012d0 real=45c30cd0 interp=4355ded0 bridge-lock=1 arm=0->1 result=1 disable-interp=0(known=0) foreground=1 monitors=0000000003DB2751/0000000003DB2751 cpu=249.785ms
01:22:04.591  qpc=4492201567184 [fg-transition] start=4492201566303 frame=0000000000000287 idx=2/3 queue=000000002EBA3CD0 reset=0 enable=1 recording=1 not-rendering=0 metering=0 fullscreen=0 slmode=0 known=0x3f hud=44cd00d0 back=3e2012d0 real=0 interp=45c300d0 bridge-lock=1 arm=1->1 result=1 disable-interp=0(known=0) foreground=1 monitors=0000000003DB2751/0000000003DB2751 cpu=0.088ms
01:22:04.591  [fg-relay] evaluate: slot=2 nr=2 import=1 stage=3.
01:22:04.591  qpc=4492201568533 [fg-transition] start=4492201567777 frame=0000000000000287 idx=3/3 queue=000000002EBA3CD0 reset=0 enable=1 recording=1 not-rendering=0 metering=0 fullscreen=0 slmode=0 known=0x3f hud=44cd00d0 back=3e2012d0 real=0 interp=45c306d0 bridge-lock=1 arm=1->1 result=1 disable-interp=0(known=0) foreground=1 monitors=0000000003DB2751/0000000003DB2751 cpu=0.075ms
01:22:04.696  [fg-relay] frame=2 slot=2 nr=2 ok=1 wrote=1 nr_entries=1 import=1 armed=2 skipped=0 busy=0 mismatch=0 conflicts=0.
01:22:04.699  qpc=4492202640507 [fg-transition] start=4492201573848 frame=0000000000000288 idx=1/3 queue=000000002EBA3CD0 reset=0 enable=1 recording=1 not-rendering=0 metering=0 fullscreen=0 slmode=0 known=0x3f hud=44cd00d0 back=3e2000d0 real=4355ded0 interp=45c30cd0 bridge-lock=1 arm=1->2 result=1 disable-interp=0(known=0) foreground=1 monitors=0000000003DB2751/0000000003DB2751 cpu=106.666ms
01:22:04.706  [fg-relay] armed by evaluate: hud=44cd00d0 back=3e200cd0 depth=41b390d0 mv=41b3a8d0 5120x2160 copy=3 nr=3 import=1 slot=3 arm=3 gpu-wait-nr=2 pending=0.
01:22:04.706  [fg-relay] evaluate: slot=3 nr=3 import=1 stage=3.
01:22:04.707  qpc=4492202725157 [fg-transition] start=4492202724076 frame=0000000000000288 idx=2/3 queue=000000002EBA3CD0 reset=0 enable=1 recording=1 not-rendering=0 metering=0 fullscreen=0 slmode=0 known=0x3f hud=44cd00d0 back=3e2000d0 real=0 interp=45c306d0 bridge-lock=1 arm=2->2 result=1 disable-interp=0(known=0) foreground=1 monitors=0000000003DB2751/0000000003DB2751 cpu=0.108ms
01:22:04.707  qpc=4492202727151 [fg-transition] start=4492202726469 frame=0000000000000288 idx=3/3 queue=000000002EBA3CD0 reset=0 enable=1 recording=1 not-rendering=0 metering=0 fullscreen=0 slmode=0 known=0x3f hud=44cd00d0 back=3e2000d0 real=0 interp=45c300d0 bridge-lock=1 arm=2->2 result=1 disable-interp=0(known=0) foreground=1 monitors=0000000003DB2751/0000000003DB2751 cpu=0.068ms
01:22:04.711  [fg-relay] frame=3 slot=3 nr=3 ok=1 wrote=1 nr_entries=2 import=1 armed=3 skipped=0 busy=0 mismatch=0 conflicts=0.
01:22:04.712  qpc=4492202781723 [fg-transition] start=4492202727602 frame=0000000000000289 idx=1/3 queue=000000002EBA3CD0 reset=0 enable=1 recording=1 not-rendering=0 metering=0 fullscreen=0 slmode=0 known=0x3f hud=44cd00d0 back=3e200cd0 real=45c30cd0 interp=4355ded0 bridge-lock=1 arm=2->3 result=1 disable-interp=0(known=0) foreground=1 monitors=0000000003DB2751/0000000003DB2751 cpu=5.412ms
01:22:04.735  qpc=4492203006679 [fg-transition] start=4492203005346 frame=0000000000000289 idx=2/3 queue=000000002EBA3CD0 reset=0 enable=1 recording=1 not-rendering=0 metering=0 fullscreen=0 slmode=0 known=0x3f hud=44cd00d0 back=3e200cd0 real=0 interp=45c300d0 bridge-lock=1 arm=3->3 result=1 disable-interp=0(known=0) foreground=1 monitors=0000000003DB2751/0000000003DB2751 cpu=0.133ms
01:22:04.735  qpc=4492203008934 [fg-transition] start=4492203008245 frame=0000000000000289 idx=3/3 queue=000000002EBA3CD0 reset=0 enable=1 recording=1 not-rendering=0 metering=0 fullscreen=0 slmode=0 known=0x3f hud=44cd00d0 back=3e200cd0 real=0 interp=45c306d0 bridge-lock=1 arm=3->3 result=1 disable-interp=0(known=0) foreground=1 monitors=0000000003DB2751/0000000003DB2751 cpu=0.069ms
01:22:13.556  qpc=4492291238755 [focus-fg] state: enabled=1 hooked=0 foreground=1 minimized=0 hwnd=0000000012AA281C scope_calls=0 original_false=0 kept=0 presents=902 FG_evaluates=766
01:22:15.317  [fg-relay] rate/15.0s p2 import_opt=1: presents=23.2/s present-gate[point=23.2 ready=0.0 fallback=0.0 inactive=0.0]/s noinfo=0.0/s stale=0.0/s unlearned=0.0/s attempts=20.7/s armed=20.7/s skipped=0.0/s busy=0.0/s arm-reject[state=0.0 request=0.0 refused=0.0 stopping=0.0 res=0.0 size=0.0]/s pool[cap=0.0 family=0.0 create=0.0 alloc=0.0]/s copy-drop[fence=0.0 reset=0.0 begin=0.0 end=0.0 submit=0.0]/s cf[seq=0.0/s idle=0.0/s nrfence=0.0/s] slotbusy=0.0/s copyfence-busy=0.0/s nr-gpuwait=18.5/s flips=0.0/s
01:22:15.317  [fg-relay] rate2: fginput eval=62.3/s index!=1=41.5/s eval-gate[off=0.0 fallback=0.0 notready=0.1 noinput=0.0 noqueue=0.0]/s relay eval=20.7/s consume=0.0/s inplace=20.7/s(ok 20.7/s) unarmed=0.0/s mismatch=0.0/s relbusy=0.0/s relok=20.7/s relfail=0.0/s release-stage[queue=0.0 pool=0.0 fence=0.0 reset=0.0 begin=0.0 end=0.0 submit=0.0]/s watchdog=0.0/s | worker plays=20.7/s ok=20.7/s fail=0.0/s nr_absent=0.1/s copyfail=0.0/s
01:22:15.317  [fg-relay] rate3: arm->arm avg=35.29ms max=230.43ms n=310 | arm->work avg=0.01ms max=0.14ms | arm->eval avg=0.00ms max=0.00ms | copywait avg=0.008ms max=0.092ms | copy-land<= avg=35.35ms max=230.47ms | work avg=5.21ms max=228.23ms | totals armed=311 unarmed=0 skipped=0 busy=0 mismatch=0 copies_failed=0 writes=311 conflicts=0
01:22:15.317  [fg-relay] rate4: throttle depth=1 off=0 | sleep calls=23.2/s waits=19.3/s clear=1.3/s timeouts=0.1/s avg=20.78ms | present calls=23.2/s waits=0.0/s clear=0.0/s timeouts=0.0/s avg=0.00ms | max=99.95ms (process)
01:22:24.245  [bridge] 600 frames delivered so far.
01:22:29.632  qpc=4492451993751 [focus-fg] state: enabled=1 hooked=0 foreground=1 minimized=0 hwnd=0000000012AA281C scope_calls=0 original_false=0 kept=0 presents=1423 FG_evaluates=2329
01:22:30.323  [fg-relay] rate/15.0s p2 import_opt=1: presents=32.5/s present-gate[point=32.5 ready=0.0 fallback=0.0 inactive=0.0]/s noinfo=0.0/s stale=0.0/s unlearned=0.0/s attempts=32.5/s armed=32.5/s skipped=0.0/s busy=0.0/s arm-reject[state=0.0 request=0.0 refused=0.0 stopping=0.0 res=0.0 size=0.0]/s pool[cap=0.0 family=0.0 create=0.0 alloc=0.0]/s copy-drop[fence=0.0 reset=0.0 begin=0.0 end=0.0 submit=0.0]/s cf[seq=0.0/s idle=0.0/s nrfence=0.0/s] slotbusy=0.0/s copyfence-busy=0.0/s nr-gpuwait=32.5/s flips=0.0/s
01:22:30.323  [fg-relay] rate2: fginput eval=97.6/s index!=1=65.1/s eval-gate[off=0.0 fallback=0.0 notready=0.0 noinput=0.0 noqueue=0.0]/s relay eval=32.5/s consume=0.0/s inplace=32.5/s(ok 32.5/s) unarmed=0.0/s mismatch=0.0/s relbusy=0.0/s relok=32.5/s relfail=0.0/s release-stage[queue=0.0 pool=0.0 fence=0.0 reset=0.0 begin=0.0 end=0.0 submit=0.0]/s watchdog=0.0/s | worker plays=32.5/s ok=32.5/s fail=0.0/s nr_absent=0.0/s copyfail=0.0/s
01:22:30.323  [fg-relay] rate3: arm->arm avg=32.51ms max=230.43ms n=798 | arm->work avg=0.01ms max=0.14ms | arm->eval avg=0.00ms max=0.00ms | copywait avg=0.008ms max=0.092ms | copy-land<= avg=32.50ms max=230.47ms | work avg=4.66ms max=228.23ms | totals armed=799 unarmed=0 skipped=0 busy=0 mismatch=0 copies_failed=0 writes=799 conflicts=0
01:22:30.323  [fg-relay] rate4: throttle depth=1 off=0 | sleep calls=32.5/s waits=32.5/s clear=0.0/s timeouts=0.0/s avg=22.28ms | present calls=32.5/s waits=0.0/s clear=0.0/s timeouts=0.0/s avg=0.00ms | max=99.95ms (process)
01:22:34.486  [fg-guides] output=5120x2160 depth=5120x2160 rect=0,0+5120x2160 mv=5120x2160 rect=0,0+5120x2160 mv-scale=5120,2160 carrier-scale=5120,2160 jitter=0.25,-0.166667 jittered=0 inverted=1 reset=1 gpu-nearest=0/0.
01:22:44.504  qpc=4492600705977 [focus-fg] game SetOptions unchanged: readable=1 version=4 mode=0 generated=1 flags=0x8 retain_when_off=1 guides=0x0 colour=0x0 result=0x0 foreground=1 minimized=0
01:22:44.817  qpc=4492603847039 [focus-fg] state: enabled=1 hooked=0 foreground=1 minimized=0 hwnd=0000000012AA281C scope_calls=0 original_false=0 kept=0 presents=1815 FG_evaluates=3411
01:22:45.316  [fg-relay] rate/15.0s p2 import_opt=1: presents=31.1/s present-gate[point=31.1 ready=0.0 fallback=0.0 inactive=0.0]/s noinfo=0.0/s stale=0.0/s unlearned=0.0/s attempts=22.5/s armed=22.5/s skipped=0.0/s busy=0.0/s arm-reject[state=0.0 request=0.0 refused=0.0 stopping=0.0 res=0.0 size=0.0]/s pool[cap=0.0 family=0.0 create=0.0 alloc=0.0]/s copy-drop[fence=0.0 reset=0.0 begin=0.0 end=0.0 submit=0.0]/s cf[seq=0.0/s idle=0.0/s nrfence=0.0/s] slotbusy=0.0/s copyfence-busy=0.0/s nr-gpuwait=22.3/s flips=0.0/s
01:22:45.316  [fg-relay] rate2: fginput eval=67.5/s index!=1=45.1/s eval-gate[off=0.0 fallback=0.0 notready=0.0 noinput=0.0 noqueue=0.0]/s relay eval=22.5/s consume=0.0/s inplace=22.5/s(ok 22.5/s) unarmed=0.0/s mismatch=0.0/s relbusy=0.0/s relok=22.5/s relfail=0.0/s release-stage[queue=0.0 pool=0.0 fence=0.0 reset=0.0 begin=0.0 end=0.0 submit=0.0]/s watchdog=0.0/s | worker plays=22.5/s ok=22.5/s fail=0.0/s nr_absent=0.1/s copyfail=0.0/s
01:22:45.316  [fg-relay] rate3: arm->arm avg=35.36ms max=230.43ms n=1135 | arm->work avg=0.01ms max=0.14ms | arm->eval avg=0.00ms max=0.00ms | copywait avg=0.008ms max=0.092ms | copy-land<= avg=35.34ms max=230.47ms | work avg=5.56ms max=228.23ms | totals armed=1136 unarmed=0 skipped=0 busy=0 mismatch=0 copies_failed=0 writes=1136 conflicts=0
01:22:45.316  [fg-relay] rate4: throttle depth=1 off=0 | sleep calls=31.1/s waits=22.5/s clear=8.7/s timeouts=0.1/s avg=32.49ms | present calls=31.1/s waits=0.0/s clear=0.0/s timeouts=0.0/s avg=0.00ms | max=106.41ms (process)
01:22:46.242  [composition-guard] hidden: config=1 nr_at_fg=1 fg_running=0 window_shown=1
01:22:48.757  [fg-history] FG Reset burst starts; contract_changed=0 bridge_pending=1 foreground=1.
01:22:48.757  [fg-guides] output=5120x2160 depth=5120x2160 rect=0,0+5120x2160 mv=5120x2160 rect=0,0+5120x2160 mv-scale=5120,2160 carrier-scale=5120,2160 jitter=0.4375,-0.388889 jittered=0 inverted=1 reset=1 gpu-nearest=0/0.
01:22:48.758  qpc=4492643232993 [focus-fg] game SetOptions unchanged: readable=1 version=4 mode=1 generated=3 flags=0x0 retain_when_off=0 guides=0x0 colour=0x0 result=0x0 foreground=1 minimized=0
01:22:48.791  [fg-history] FG Reset burst ends: 1 real frames, 32 ms.
01:22:48.792  qpc=4492643579045 [fg-transition] start=4492643236978 frame=00000000000009E0 idx=1/3 queue=000000002EBA3CD0 reset=1 enable=1 recording=1 not-rendering=0 metering=0 fullscreen=0 slmode=0 known=0x3f hud=44cd00d0 back=3e2012d0 real=45c30cd0 interp=4355ded0 bridge-lock=1 arm=1136->1137 result=1 disable-interp=0(known=0) foreground=1 monitors=0000000003DB2751/0000000003DB2751 cpu=34.206ms
01:22:48.792  qpc=4492643581670 [fg-transition] start=4492643581436 frame=00000000000009E0 idx=2/3 queue=000000002EBA3CD0 reset=1 enable=1 recording=1 not-rendering=0 metering=0 fullscreen=0 slmode=0 known=0x3f hud=44cd00d0 back=3e2012d0 real=0 interp=45c300d0 bridge-lock=1 arm=1137->1137 result=1 disable-interp=0(known=0) foreground=1 monitors=0000000003DB2751/0000000003DB2751 cpu=0.023ms
01:22:48.793  qpc=4492643582122 [fg-transition] start=4492643581984 frame=00000000000009E0 idx=3/3 queue=000000002EBA3CD0 reset=1 enable=1 recording=1 not-rendering=0 metering=0 fullscreen=0 slmode=0 known=0x3f hud=44cd00d0 back=3e2012d0 real=0 interp=45c306d0 bridge-lock=1 arm=1137->1137 result=1 disable-interp=0(known=0) foreground=1 monitors=0000000003DB2751/0000000003DB2751 cpu=0.014ms
01:22:48.820  qpc=4492643842706 [fg-transition] start=4492643584568 frame=00000000000009E1 idx=1/3 queue=000000002EBA3CD0 reset=0 enable=1 recording=1 not-rendering=0 metering=0 fullscreen=0 slmode=0 known=0x3f hud=44cd00d0 back=3e2000d0 real=4355ded0 interp=45c30cd0 bridge-lock=1 arm=1137->1138 result=1 disable-interp=0(known=0) foreground=1 monitors=0000000003DB2751/0000000003DB2751 cpu=25.814ms
01:22:48.856  qpc=4492644213816 [fg-transition] start=4492644212522 frame=00000000000009E1 idx=2/3 queue=000000002EBA3CD0 reset=0 enable=1 recording=1 not-rendering=0 metering=0 fullscreen=0 slmode=0 known=0x3f hud=44cd00d0 back=3e2000d0 real=0 interp=45c306d0 bridge-lock=1 arm=1138->1138 result=1 disable-interp=0(known=0) foreground=1 monitors=0000000003DB2751/0000000003DB2751 cpu=0.129ms
01:22:48.856  qpc=4492644215730 [fg-transition] start=4492644215081 frame=00000000000009E1 idx=3/3 queue=000000002EBA3CD0 reset=0 enable=1 recording=1 not-rendering=0 metering=0 fullscreen=0 slmode=0 known=0x3f hud=44cd00d0 back=3e2000d0 real=0 interp=45c300d0 bridge-lock=1 arm=1138->1138 result=1 disable-interp=0(known=0) foreground=1 monitors=0000000003DB2751/0000000003DB2751 cpu=0.065ms
01:22:48.862  qpc=4492644274758 [fg-transition] start=4492644216140 frame=00000000000009E2 idx=1/3 queue=000000002EBA3CD0 reset=0 enable=1 recording=1 not-rendering=0 metering=0 fullscreen=0 slmode=0 known=0x3f hud=44cd00d0 back=3e200cd0 real=45c30cd0 interp=4355ded0 bridge-lock=1 arm=1138->1139 result=1 disable-interp=0(known=0) foreground=1 monitors=0000000003DB2751/0000000003DB2751 cpu=5.862ms
01:22:48.876  qpc=4492644420015 [fg-transition] start=4492644418696 frame=00000000000009E2 idx=2/3 queue=000000002EBA3CD0 reset=0 enable=1 recording=1 not-rendering=0 metering=0 fullscreen=0 slmode=0 known=0x3f hud=44cd00d0 back=3e200cd0 real=0 interp=45c300d0 bridge-lock=1 arm=1139->1139 result=1 disable-interp=0(known=0) foreground=1 monitors=0000000003DB2751/0000000003DB2751 cpu=0.132ms
01:22:48.877  qpc=4492644422347 [fg-transition] start=4492644421636 frame=00000000000009E2 idx=3/3 queue=000000002EBA3CD0 reset=0 enable=1 recording=1 not-rendering=0 metering=0 fullscreen=0 slmode=0 known=0x3f hud=44cd00d0 back=3e200cd0 real=0 interp=45c306d0 bridge-lock=1 arm=1139->1139 result=1 disable-interp=0(known=0) foreground=1 monitors=0000000003DB2751/0000000003DB2751 cpu=0.071ms
01:22:48.908  qpc=4492644738280 [fg-transition] start=4492644450422 frame=00000000000009E3 idx=1/3 queue=000000002EBA3CD0 reset=0 enable=1 recording=1 not-rendering=0 metering=0 fullscreen=0 slmode=0 known=0x3f hud=44cd00d0 back=3e2012d0 real=4355ded0 interp=45c30cd0 bridge-lock=1 arm=1139->1140 result=1 disable-interp=0(known=0) foreground=1 monitors=0000000003DB2751/0000000003DB2751 cpu=28.786ms
01:22:48.948  qpc=4492645138526 [fg-transition] start=4492645137190 frame=00000000000009E3 idx=2/3 queue=000000002EBA3CD0 reset=0 enable=1 recording=1 not-rendering=0 metering=0 fullscreen=0 slmode=0 known=0x3f hud=44cd00d0 back=3e2012d0 real=0 interp=45c306d0 bridge-lock=1 arm=1140->1140 result=1 disable-interp=0(known=0) foreground=1 monitors=0000000003DB2751/0000000003DB2751 cpu=0.133ms
01:22:48.948  qpc=4492645140565 [fg-transition] start=4492645139884 frame=00000000000009E3 idx=3/3 queue=000000002EBA3CD0 reset=0 enable=1 recording=1 not-rendering=0 metering=0 fullscreen=0 slmode=0 known=0x3f hud=44cd00d0 back=3e2012d0 real=0 interp=45c300d0 bridge-lock=1 arm=1140->1140 result=1 disable-interp=0(known=0) foreground=1 monitors=0000000003DB2751/0000000003DB2751 cpu=0.068ms
01:22:48.999  [composition-guard] shown at 3840,0 alpha=1
01:22:49.670  qpc=4492652350485 [fg-transition] start=4492652349201 frame=00000000000009F2 idx=2/3 queue=000000002EBA3CD0 reset=0 enable=1 recording=1 not-rendering=0 metering=0 fullscreen=0 slmode=0 known=0x3f hud=44cd00d0 back=3e2012d0 real=0 interp=45c300d0 bridge-lock=1 arm=1155->1155 result=1 disable-interp=0(known=0) foreground=0 monitors=0000000003DB2751/0000000067FB33F1 cpu=0.128ms
01:22:49.670  qpc=4492652352741 [fg-transition] start=4492652352058 frame=00000000000009F2 idx=3/3 queue=000000002EBA3CD0 reset=0 enable=1 recording=1 not-rendering=0 metering=0 fullscreen=0 slmode=0 known=0x3f hud=44cd00d0 back=3e2012d0 real=0 interp=45c306d0 bridge-lock=1 arm=1155->1155 result=1 disable-interp=0(known=0) foreground=0 monitors=0000000003DB2751/0000000067FB33F1 cpu=0.068ms
01:22:49.680  qpc=4492652453280 [fg-transition] start=4492652353162 frame=00000000000009F3 idx=1/3 queue=000000002EBA3CD0 reset=0 enable=1 recording=1 not-rendering=0 metering=0 fullscreen=0 slmode=0 known=0x3f hud=44cd00d0 back=3e2000d0 real=4355ded0 interp=45c30cd0 bridge-lock=1 arm=1155->1156 result=1 disable-interp=0(known=0) foreground=0 monitors=0000000003DB2751/0000000067FB33F1 cpu=10.012ms
01:22:49.719  qpc=4492652837831 [fg-transition] start=4492652836555 frame=00000000000009F3 idx=2/3 queue=000000002EBA3CD0 reset=0 enable=1 recording=1 not-rendering=0 metering=0 fullscreen=0 slmode=0 known=0x3f hud=44cd00d0 back=3e2000d0 real=0 interp=45c306d0 bridge-lock=1 arm=1156->1156 result=1 disable-interp=0(known=0) foreground=0 monitors=0000000003DB2751/0000000067FB33F1 cpu=0.127ms
01:22:49.719  qpc=4492652840691 [fg-transition] start=4492652839684 frame=00000000000009F3 idx=3/3 queue=000000002EBA3CD0 reset=0 enable=1 recording=1 not-rendering=0 metering=0 fullscreen=0 slmode=0 known=0x3f hud=44cd00d0 back=3e2000d0 real=0 interp=45c300d0 bridge-lock=1 arm=1156->1156 result=1 disable-interp=0(known=0) foreground=0 monitors=0000000003DB2751/0000000067FB33F1 cpu=0.101ms
01:22:49.938  qpc=4492655054729 [focus-fg] state: enabled=1 hooked=0 foreground=0 minimized=0 hwnd=0000000012AA281C scope_calls=0 original_false=0 kept=0 presents=2550 FG_evaluates=3471
01:22:51.255  [composition-guard] hidden: config=1 nr_at_fg=1 fg_running=0 window_shown=1
01:22:51.602  [fg-history] FG Reset burst starts; contract_changed=0 bridge_pending=1 foreground=1.
01:22:51.602  [fg-guides] output=5120x2160 depth=5120x2160 rect=0,0+5120x2160 mv=5120x2160 rect=0,0+5120x2160 mv-scale=5120,2160 carrier-scale=5120,2160 jitter=0.4375,-0.388889 jittered=0 inverted=1 reset=1 gpu-nearest=0/0.
01:22:51.607  qpc=4492671718701 [fg-transition] start=4492671687975 frame=0000000000000A68 idx=1/3 queue=000000002EBA3CD0 reset=1 enable=1 recording=1 not-rendering=0 metering=0 fullscreen=0 slmode=0 known=0x3f hud=44cd00d0 back=3e2000d0 real=45c30cd0 interp=4355ded0 bridge-lock=1 arm=1156->1157 result=1 disable-interp=0(known=0) foreground=1 monitors=0000000003DB2751/0000000003DB2751 cpu=3.072ms
01:22:51.607  qpc=4492671721244 [fg-transition] start=4492671720933 frame=0000000000000A68 idx=2/3 queue=000000002EBA3CD0 reset=1 enable=1 recording=1 not-rendering=0 metering=0 fullscreen=0 slmode=0 known=0x3f hud=44cd00d0 back=3e2000d0 real=0 interp=45c300d0 bridge-lock=1 arm=1157->1157 result=1 disable-interp=0(known=0) foreground=1 monitors=0000000003DB2751/0000000003DB2751 cpu=0.031ms
01:22:51.607  qpc=4492671721864 [fg-transition] start=4492671721670 frame=0000000000000A68 idx=3/3 queue=000000002EBA3CD0 reset=1 enable=1 recording=1 not-rendering=0 metering=0 fullscreen=0 slmode=0 known=0x3f hud=44cd00d0 back=3e2000d0 real=0 interp=45c306d0 bridge-lock=1 arm=1157->1157 result=1 disable-interp=0(known=0) foreground=1 monitors=0000000003DB2751/0000000003DB2751 cpu=0.019ms
01:22:51.614  [fg-history] FG Reset burst ends: 1 real frames, 16 ms.
01:22:51.644  qpc=4492672083408 [fg-transition] start=4492671806992 frame=0000000000000A69 idx=1/3 queue=000000002EBA3CD0 reset=0 enable=1 recording=1 not-rendering=0 metering=0 fullscreen=0 slmode=0 known=0x3f hud=44cd00d0 back=3e200cd0 real=4355ded0 interp=45c30cd0 bridge-lock=1 arm=1157->1158 result=1 disable-interp=0(known=0) foreground=1 monitors=0000000003DB2751/0000000003DB2751 cpu=27.641ms
01:22:51.680  qpc=4492672458013 [fg-transition] start=4492672456732 frame=0000000000000A69 idx=2/3 queue=000000002EBA3CD0 reset=0 enable=1 recording=1 not-rendering=0 metering=0 fullscreen=0 slmode=0 known=0x3f hud=44cd00d0 back=3e200cd0 real=0 interp=45c306d0 bridge-lock=1 arm=1158->1158 result=1 disable-interp=0(known=0) foreground=1 monitors=0000000003DB2751/0000000003DB2751 cpu=0.128ms
01:22:51.680  qpc=4492672460290 [fg-transition] start=4492672459617 frame=0000000000000A69 idx=3/3 queue=000000002EBA3CD0 reset=0 enable=1 recording=1 not-rendering=0 metering=0 fullscreen=0 slmode=0 known=0x3f hud=44cd00d0 back=3e200cd0 real=0 interp=45c300d0 bridge-lock=1 arm=1158->1158 result=1 disable-interp=0(known=0) foreground=1 monitors=0000000003DB2751/0000000003DB2751 cpu=0.067ms
01:22:51.688  qpc=4492672541765 [fg-transition] start=4492672460726 frame=0000000000000A6A idx=1/3 queue=000000002EBA3CD0 reset=0 enable=1 recording=1 not-rendering=0 metering=0 fullscreen=0 slmode=0 known=0x3f hud=44cd00d0 back=3e2012d0 real=45c30cd0 interp=4355ded0 bridge-lock=1 arm=1158->1159 result=1 disable-interp=0(known=0) foreground=1 monitors=0000000003DB2751/0000000003DB2751 cpu=8.104ms
01:22:51.703  qpc=4492672687806 [fg-transition] start=4492672686515 frame=0000000000000A6A idx=2/3 queue=000000002EBA3CD0 reset=0 enable=1 recording=1 not-rendering=0 metering=0 fullscreen=0 slmode=0 known=0x3f hud=44cd00d0 back=3e2012d0 real=0 interp=45c300d0 bridge-lock=1 arm=1159->1159 result=1 disable-interp=0(known=0) foreground=1 monitors=0000000003DB2751/0000000003DB2751 cpu=0.129ms
01:22:51.703  qpc=4492672690273 [fg-transition] start=4492672689478 frame=0000000000000A6A idx=3/3 queue=000000002EBA3CD0 reset=0 enable=1 recording=1 not-rendering=0 metering=0 fullscreen=0 slmode=0 known=0x3f hud=44cd00d0 back=3e2012d0 real=0 interp=45c306d0 bridge-lock=1 arm=1159->1159 result=1 disable-interp=0(known=0) foreground=1 monitors=0000000003DB2751/0000000003DB2751 cpu=0.079ms
01:22:51.734  qpc=4492672987508 [fg-transition] start=4492672690776 frame=0000000000000A6B idx=1/3 queue=000000002EBA3CD0 reset=0 enable=1 recording=1 not-rendering=0 metering=0 fullscreen=0 slmode=0 known=0x3f hud=44cd00d0 back=3e2000d0 real=4355ded0 interp=45c30cd0 bridge-lock=1 arm=1159->1160 result=1 disable-interp=0(known=0) foreground=1 monitors=0000000003DB2751/0000000003DB2751 cpu=29.673ms
01:22:51.757  [composition-guard] shown at 3840,0 alpha=1
01:22:51.772  qpc=4492673376203 [fg-transition] start=4492673374815 frame=0000000000000A6B idx=2/3 queue=000000002EBA3CD0 reset=0 enable=1 recording=1 not-rendering=0 metering=0 fullscreen=0 slmode=0 known=0x3f hud=44cd00d0 back=3e2000d0 real=0 interp=45c306d0 bridge-lock=1 arm=1160->1160 result=1 disable-interp=0(known=0) foreground=1 monitors=0000000003DB2751/0000000003DB2751 cpu=0.138ms
01:22:51.772  qpc=4492673378536 [fg-transition] start=4492673377846 frame=0000000000000A6B idx=3/3 queue=000000002EBA3CD0 reset=0 enable=1 recording=1 not-rendering=0 metering=0 fullscreen=0 slmode=0 known=0x3f hud=44cd00d0 back=3e2000d0 real=0 interp=45c300d0 bridge-lock=1 arm=1160->1160 result=1 disable-interp=0(known=0) foreground=1 monitors=0000000003DB2751/0000000003DB2751 cpu=0.069ms
01:22:51.937  qpc=4492675039372 [focus-fg] state: enabled=1 hooked=0 foreground=1 minimized=0 hwnd=0000000012AA281C scope_calls=0 original_false=0 kept=0 presents=2672 FG_evaluates=3493
01:22:52.397  qpc=4492679606680 [fg-transition] start=4492679604668 frame=0000000000000A78 idx=2/3 queue=000000002EBA3CD0 reset=0 enable=1 recording=1 not-rendering=0 metering=0 fullscreen=0 slmode=0 known=0x3f hud=44cd00d0 back=3e200cd0 real=0 interp=45c300d0 bridge-lock=1 arm=1173->1173 result=1 disable-interp=0(known=0) foreground=0 monitors=0000000003DB2751/0000000067FB33F1 cpu=0.201ms
01:22:52.397  qpc=4492679610512 [fg-transition] start=4492679609072 frame=0000000000000A78 idx=3/3 queue=000000002EBA3CD0 reset=0 enable=1 recording=1 not-rendering=0 metering=0 fullscreen=0 slmode=0 known=0x3f hud=44cd00d0 back=3e200cd0 real=0 interp=45c306d0 bridge-lock=1 arm=1173->1173 result=1 disable-interp=0(known=0) foreground=0 monitors=0000000003DB2751/0000000067FB33F1 cpu=0.144ms
01:22:52.397  qpc=4492679622045 [fg-transition] start=4492679611392 frame=0000000000000A79 idx=1/3 queue=000000002EBA3CD0 reset=0 enable=1 recording=1 not-rendering=0 metering=0 fullscreen=0 slmode=0 known=0x3f hud=44cd00d0 back=3e2012d0 real=4355ded0 interp=45c30cd0 bridge-lock=1 arm=1173->1174 result=1 disable-interp=0(known=0) foreground=0 monitors=0000000003DB2751/0000000067FB33F1 cpu=1.065ms
01:22:52.444  qpc=4492680090330 [fg-transition] start=4492680088949 frame=0000000000000A79 idx=2/3 queue=000000002EBA3CD0 reset=0 enable=1 recording=1 not-rendering=0 metering=0 fullscreen=0 slmode=0 known=0x3f hud=44cd00d0 back=3e2012d0 real=0 interp=45c306d0 bridge-lock=1 arm=1174->1174 result=1 disable-interp=0(known=0) foreground=0 monitors=0000000003DB2751/0000000067FB33F1 cpu=0.138ms
01:22:52.444  qpc=4492680092776 [fg-transition] start=4492680092071 frame=0000000000000A79 idx=3/3 queue=000000002EBA3CD0 reset=0 enable=1 recording=1 not-rendering=0 metering=0 fullscreen=0 slmode=0 known=0x3f hud=44cd00d0 back=3e2012d0 real=0 interp=45c300d0 bridge-lock=1 arm=1174->1174 result=1 disable-interp=0(known=0) foreground=0 monitors=0000000003DB2751/0000000067FB33F1 cpu=0.070ms
01:22:52.935  qpc=4492685030195 [focus-fg] state: enabled=1 hooked=0 foreground=0 minimized=0 hwnd=0000000012AA281C scope_calls=0 original_false=0 kept=0 presents=2718 FG_evaluates=3525
01:22:54.017  [composition-guard] hidden: config=1 nr_at_fg=1 fg_running=0 window_shown=1
01:22:55.044  [fg-relay] command pool for queue 000000002EBA28D0: family=0.
01:22:55.044  [fg-history] FG Reset burst starts; contract_changed=0 bridge_pending=1 foreground=1.
01:22:55.044  [fg-guides] output=5120x2160 depth=5120x2160 rect=0,0+5120x2160 mv=5120x2160 rect=0,0+5120x2160 mv-scale=5120,2160 carrier-scale=5120,2160 jitter=-0.375,-0.0555556 jittered=0 inverted=1 reset=1 gpu-nearest=0/0.
01:22:55.050  qpc=4492706143165 [fg-transition] start=4492706105413 frame=0000000000000B47 idx=1/3 queue=000000002EBA28D0 reset=1 enable=1 recording=1 not-rendering=0 metering=0 fullscreen=0 slmode=0 known=0x3f hud=44cd00d0 back=3e200cd0 real=45c300d0 interp=4355ded0 bridge-lock=1 arm=1174->1175 result=1 disable-interp=0(known=0) foreground=1 monitors=0000000003DB2751/0000000003DB2751 cpu=3.775ms
01:22:55.050  qpc=4492706154432 [fg-transition] start=4492706153810 frame=0000000000000B47 idx=2/3 queue=000000002EBA28D0 reset=1 enable=1 recording=1 not-rendering=0 metering=0 fullscreen=0 slmode=0 known=0x3f hud=44cd00d0 back=3e200cd0 real=0 interp=4355ded0 bridge-lock=1 arm=1175->1175 result=1 disable-interp=0(known=0) foreground=1 monitors=0000000003DB2751/0000000003DB2751 cpu=0.062ms
01:22:55.050  qpc=4492706162408 [fg-transition] start=4492706161903 frame=0000000000000B47 idx=3/3 queue=000000002EBA28D0 reset=1 enable=1 recording=1 not-rendering=0 metering=0 fullscreen=0 slmode=0 known=0x3f hud=44cd00d0 back=3e200cd0 real=0 interp=4355ded0 bridge-lock=1 arm=1175->1175 result=1 disable-interp=0(known=0) foreground=1 monitors=0000000003DB2751/0000000003DB2751 cpu=0.050ms
01:22:55.075  [fg-history] FG Reset burst ends: 1 real frames, 31 ms.
01:22:55.087  qpc=4492706526828 [fg-transition] start=4492706423546 frame=0000000000000B48 idx=1/3 queue=000000002EBA28D0 reset=0 enable=1 recording=1 not-rendering=0 metering=0 fullscreen=0 slmode=0 known=0x3f hud=44cd00d0 back=3e2012d0 real=4355ded0 interp=45c300d0 bridge-lock=1 arm=1175->1176 result=1 disable-interp=0(known=0) foreground=1 monitors=0000000003DB2751/0000000003DB2751 cpu=10.328ms
01:22:55.088  qpc=4492706538156 [fg-transition] start=4492706537139 frame=0000000000000B48 idx=2/3 queue=000000002EBA28D0 reset=0 enable=1 recording=1 not-rendering=0 metering=0 fullscreen=0 slmode=0 known=0x3f hud=44cd00d0 back=3e2012d0 real=0 interp=45c300d0 bridge-lock=1 arm=1176->1176 result=1 disable-interp=0(known=0) foreground=1 monitors=0000000003DB2751/0000000003DB2751 cpu=0.102ms
01:22:55.088  qpc=4492706539474 [fg-transition] start=4492706538677 frame=0000000000000B48 idx=3/3 queue=000000002EBA28D0 reset=0 enable=1 recording=1 not-rendering=0 metering=0 fullscreen=0 slmode=0 known=0x3f hud=44cd00d0 back=3e2012d0 real=0 interp=45c300d0 bridge-lock=1 arm=1176->1176 result=1 disable-interp=0(known=0) foreground=1 monitors=0000000003DB2751/0000000003DB2751 cpu=0.080ms
01:22:55.129  qpc=4492706942221 [fg-transition] start=4492706658703 frame=0000000000000B49 idx=1/3 queue=000000002EBA28D0 reset=0 enable=1 recording=1 not-rendering=0 metering=0 fullscreen=0 slmode=0 known=0x3f hud=44cd00d0 back=3e2000d0 real=45c300d0 interp=4355ded0 bridge-lock=1 arm=1176->1177 result=1 disable-interp=0(known=0) foreground=1 monitors=0000000003DB2751/0000000003DB2751 cpu=28.351ms
01:22:55.129  qpc=4492706946435 [fg-transition] start=4492706945191 frame=0000000000000B49 idx=2/3 queue=000000002EBA28D0 reset=0 enable=1 recording=1 not-rendering=0 metering=0 fullscreen=0 slmode=0 known=0x3f hud=44cd00d0 back=3e2000d0 real=0 interp=4355ded0 bridge-lock=1 arm=1177->1177 result=1 disable-interp=0(known=0) foreground=1 monitors=0000000003DB2751/0000000003DB2751 cpu=0.124ms
01:22:55.130  qpc=4492706947819 [fg-transition] start=4492706947092 frame=0000000000000B49 idx=3/3 queue=000000002EBA28D0 reset=0 enable=1 recording=1 not-rendering=0 metering=0 fullscreen=0 slmode=0 known=0x3f hud=44cd00d0 back=3e2000d0 real=0 interp=4355ded0 bridge-lock=1 arm=1177->1177 result=1 disable-interp=0(known=0) foreground=1 monitors=0000000003DB2751/0000000003DB2751 cpu=0.073ms
01:22:55.177  qpc=4492707416023 [fg-transition] start=4492707208947 frame=0000000000000B4A idx=1/3 queue=000000002EBA28D0 reset=0 enable=1 recording=1 not-rendering=0 metering=0 fullscreen=0 slmode=0 known=0x3f hud=44cd00d0 back=3e200cd0 real=4355ded0 interp=45c300d0 bridge-lock=1 arm=1177->1178 result=1 disable-interp=0(known=0) foreground=1 monitors=0000000003DB2751/0000000003DB2751 cpu=20.707ms
01:22:55.177  qpc=4492707426053 [fg-transition] start=4492707424995 frame=0000000000000B4A idx=2/3 queue=000000002EBA28D0 reset=0 enable=1 recording=1 not-rendering=0 metering=0 fullscreen=0 slmode=0 known=0x3f hud=44cd00d0 back=3e200cd0 real=0 interp=45c300d0 bridge-lock=1 arm=1178->1178 result=1 disable-interp=0(known=0) foreground=1 monitors=0000000003DB2751/0000000003DB2751 cpu=0.106ms
01:22:55.180  qpc=4492707457615 [fg-transition] start=4492707456188 frame=0000000000000B4A idx=3/3 queue=000000002EBA28D0 reset=0 enable=1 recording=1 not-rendering=0 metering=0 fullscreen=0 slmode=0 known=0x3f hud=44cd00d0 back=3e200cd0 real=0 interp=45c300d0 bridge-lock=1 arm=1178->1178 result=1 disable-interp=0(known=0) foreground=1 monitors=0000000003DB2751/0000000003DB2751 cpu=0.142ms
01:22:55.273  [composition-guard] shown at 3840,0 alpha=1
01:22:55.582  [fg-history] FG Reset burst starts; contract_changed=0 bridge_pending=0 foreground=1.
01:22:55.585  qpc=4492711509575 [fg-transition] start=4492711482115 frame=0000000000000B5A idx=1/3 queue=000000002EBA3CD0 reset=1 enable=1 recording=1 not-rendering=0 metering=0 fullscreen=0 slmode=0 known=0x3f hud=44cd00d0 back=3e2012d0 real=43ee90d0 interp=45c300d0 bridge-lock=1 arm=1183->1184 result=1 disable-interp=0(known=0) foreground=1 monitors=0000000003DB2751/0000000003DB2751 cpu=2.745ms
01:22:55.586  qpc=4492711512044 [fg-transition] start=4492711511723 frame=0000000000000B5A idx=2/3 queue=000000002EBA3CD0 reset=1 enable=1 recording=1 not-rendering=0 metering=0 fullscreen=0 slmode=0 known=0x3f hud=44cd00d0 back=3e2012d0 real=0 interp=4355ded0 bridge-lock=1 arm=1184->1184 result=1 disable-interp=0(known=0) foreground=1 monitors=0000000003DB2751/0000000003DB2751 cpu=0.032ms
01:22:55.586  qpc=4492711512535 [fg-transition] start=4492711512385 frame=0000000000000B5A idx=3/3 queue=000000002EBA3CD0 reset=1 enable=1 recording=1 not-rendering=0 metering=0 fullscreen=0 slmode=0 known=0x3f hud=44cd00d0 back=3e2012d0 real=0 interp=43ee96d0 bridge-lock=1 arm=1184->1184 result=1 disable-interp=0(known=0) foreground=1 monitors=0000000003DB2751/0000000003DB2751 cpu=0.015ms
01:22:55.600  [fg-history] FG Reset burst ends: 1 real frames, 15 ms.
01:22:55.626  qpc=4492711915526 [fg-transition] start=4492711668429 frame=0000000000000B5B idx=1/3 queue=000000002EBA3CD0 reset=0 enable=1 recording=1 not-rendering=0 metering=0 fullscreen=0 slmode=0 known=0x3f hud=44cd00d0 back=3e2000d0 real=45c300d0 interp=43ee90d0 bridge-lock=1 arm=1184->1185 result=1 disable-interp=0(known=0) foreground=1 monitors=0000000003DB2751/0000000003DB2751 cpu=24.709ms
01:22:55.629  qpc=4492711951628 [fg-transition] start=4492711950439 frame=0000000000000B5B idx=2/3 queue=000000002EBA3CD0 reset=0 enable=1 recording=1 not-rendering=0 metering=0 fullscreen=0 slmode=0 known=0x3f hud=44cd00d0 back=3e2000d0 real=0 interp=43ee96d0 bridge-lock=1 arm=1185->1185 result=1 disable-interp=0(known=0) foreground=1 monitors=0000000003DB2751/0000000003DB2751 cpu=0.119ms
01:22:55.630  qpc=4492711954308 [fg-transition] start=4492711953462 frame=0000000000000B5B idx=3/3 queue=000000002EBA3CD0 reset=0 enable=1 recording=1 not-rendering=0 metering=0 fullscreen=0 slmode=0 known=0x3f hud=44cd00d0 back=3e2000d0 real=0 interp=4355ded0 bridge-lock=1 arm=1185->1185 result=1 disable-interp=0(known=0) foreground=1 monitors=0000000003DB2751/0000000003DB2751 cpu=0.084ms
01:22:55.680  qpc=4492712459167 [fg-transition] start=4492712440246 frame=0000000000000B5C idx=1/3 queue=000000002EBA3CD0 reset=0 enable=1 recording=1 not-rendering=0 metering=0 fullscreen=0 slmode=0 known=0x3f hud=44cd00d0 back=3e200cd0 real=43ee90d0 interp=45c300d0 bridge-lock=1 arm=1185->1186 result=1 disable-interp=0(known=0) foreground=1 monitors=0000000003DB2751/0000000003DB2751 cpu=1.892ms
01:22:55.681  qpc=4492712462107 [fg-transition] start=4492712461061 frame=0000000000000B5C idx=2/3 queue=000000002EBA3CD0 reset=0 enable=1 recording=1 not-rendering=0 metering=0 fullscreen=0 slmode=0 known=0x3f hud=44cd00d0 back=3e200cd0 real=0 interp=4355ded0 bridge-lock=1 arm=1186->1186 result=1 disable-interp=0(known=0) foreground=1 monitors=0000000003DB2751/0000000003DB2751 cpu=0.104ms
01:22:55.681  qpc=4492712463109 [fg-transition] start=4492712462522 frame=0000000000000B5C idx=3/3 queue=000000002EBA3CD0 reset=0 enable=1 recording=1 not-rendering=0 metering=0 fullscreen=0 slmode=0 known=0x3f hud=44cd00d0 back=3e200cd0 real=0 interp=43ee96d0 bridge-lock=1 arm=1186->1186 result=1 disable-interp=0(known=0) foreground=1 monitors=0000000003DB2751/0000000003DB2751 cpu=0.059ms
01:22:55.716  qpc=4492712817901 [fg-transition] start=4492712649240 frame=0000000000000B5D idx=1/3 queue=000000002EBA3CD0 reset=0 enable=1 recording=1 not-rendering=0 metering=0 fullscreen=0 slmode=0 known=0x3f hud=44cd00d0 back=3e2012d0 real=45c300d0 interp=43ee90d0 bridge-lock=1 arm=1186->1187 result=1 disable-interp=0(known=0) foreground=1 monitors=0000000003DB2751/0000000003DB2751 cpu=16.866ms
01:22:55.753  qpc=4492713184808 [fg-transition] start=4492713183412 frame=0000000000000B5D idx=2/3 queue=000000002EBA3CD0 reset=0 enable=1 recording=1 not-rendering=0 metering=0 fullscreen=0 slmode=0 known=0x3f hud=44cd00d0 back=3e2012d0 real=0 interp=43ee96d0 bridge-lock=1 arm=1187->1187 result=1 disable-interp=0(known=0) foreground=1 monitors=0000000003DB2751/0000000003DB2751 cpu=0.139ms
01:22:55.754  qpc=4492713187648 [fg-transition] start=4492713186494 frame=0000000000000B5D idx=3/3 queue=000000002EBA3CD0 reset=0 enable=1 recording=1 not-rendering=0 metering=0 fullscreen=0 slmode=0 known=0x3f hud=44cd00d0 back=3e2012d0 real=0 interp=4355ded0 bridge-lock=1 arm=1187->1187 result=1 disable-interp=0(known=0) foreground=1 monitors=0000000003DB2751/0000000003DB2751 cpu=0.115ms
01:22:55.983  qpc=4492715501327 [focus-fg] state: enabled=1 hooked=0 foreground=1 minimized=0 hwnd=0000000012AA281C scope_calls=0 original_false=0 kept=0 presents=2915 FG_evaluates=3577
01:22:56.301  [bridge] 1200 frames delivered so far.
01:22:57.217  qpc=4492727825792 [fg-transition] start=4492727824413 frame=0000000000000B7B idx=2/3 queue=000000002EBA3CD0 reset=0 enable=1 recording=1 not-rendering=0 metering=0 fullscreen=0 slmode=0 known=0x3f hud=44cd00d0 back=3e2012d0 real=0 interp=43ee96d0 bridge-lock=1 arm=1217->1217 result=1 disable-interp=0(known=0) foreground=0 monitors=0000000003DB2751/0000000067FB33F1 cpu=0.138ms
01:22:57.217  qpc=4492727828229 [fg-transition] start=4492727827525 frame=0000000000000B7B idx=3/3 queue=000000002EBA3CD0 reset=0 enable=1 recording=1 not-rendering=0 metering=0 fullscreen=0 slmode=0 known=0x3f hud=44cd00d0 back=3e2012d0 real=0 interp=4355ded0 bridge-lock=1 arm=1217->1217 result=1 disable-interp=0(known=0) foreground=0 monitors=0000000003DB2751/0000000067FB33F1 cpu=0.070ms
01:22:57.226  qpc=4492727926511 [fg-transition] start=4492727829049 frame=0000000000000B7C idx=1/3 queue=000000002EBA3CD0 reset=0 enable=1 recording=1 not-rendering=0 metering=0 fullscreen=0 slmode=0 known=0x3f hud=44cd00d0 back=3e2000d0 real=43ee90d0 interp=45c300d0 bridge-lock=1 arm=1217->1218 result=1 disable-interp=0(known=0) foreground=0 monitors=0000000003DB2751/0000000067FB33F1 cpu=9.746ms
01:22:57.266  qpc=4492728315266 [fg-transition] start=4492728313939 frame=0000000000000B7C idx=2/3 queue=000000002EBA3CD0 reset=0 enable=1 recording=1 not-rendering=0 metering=0 fullscreen=0 slmode=0 known=0x3f hud=44cd00d0 back=3e2000d0 real=0 interp=4355ded0 bridge-lock=1 arm=1218->1218 result=1 disable-interp=0(known=0) foreground=0 monitors=0000000003DB2751/0000000067FB33F1 cpu=0.132ms
01:22:57.266  qpc=4492728317536 [fg-transition] start=4492728316821 frame=0000000000000B7C idx=3/3 queue=000000002EBA3CD0 reset=0 enable=1 recording=1 not-rendering=0 metering=0 fullscreen=0 slmode=0 known=0x3f hud=44cd00d0 back=3e2000d0 real=0 interp=43ee96d0 bridge-lock=1 arm=1218->1218 result=1 disable-interp=0(known=0) foreground=0 monitors=0000000003DB2751/0000000067FB33F1 cpu=0.071ms
01:22:57.998  qpc=4492735653918 [focus-fg] state: enabled=1 hooked=0 foreground=0 minimized=0 hwnd=0000000012AA281C scope_calls=0 original_false=0 kept=0 presents=2997 FG_evaluates=3657
01:22:58.781  [composition-guard] hidden: config=1 nr_at_fg=1 fg_running=0 window_shown=1
01:23:00.313  [fg-relay] rate/15.0s p2 import_opt=1: presents=85.4/s present-gate[point=85.4 ready=0.0 fallback=0.0 inactive=0.0]/s noinfo=0.0/s stale=0.0/s unlearned=0.0/s attempts=5.5/s armed=5.5/s skipped=0.0/s busy=0.0/s arm-reject[state=0.0 request=0.0 refused=0.0 stopping=0.0 res=0.0 size=0.0]/s pool[cap=0.0 family=0.0 create=0.0 alloc=0.0]/s copy-drop[fence=0.0 reset=0.0 begin=0.0 end=0.0 submit=0.0]/s cf[seq=0.0/s idle=0.0/s nrfence=0.0/s] slotbusy=0.0/s copyfence-busy=0.0/s nr-gpuwait=5.1/s flips=0.0/s
01:23:00.314  [fg-relay] rate2: fginput eval=16.4/s index!=1=10.9/s eval-gate[off=0.0 fallback=0.0 notready=0.0 noinput=0.0 noqueue=0.0]/s relay eval=5.5/s consume=0.0/s inplace=5.5/s(ok 5.5/s) unarmed=0.0/s mismatch=0.0/s relbusy=0.0/s relok=5.5/s relfail=0.0/s release-stage[queue=0.0 pool=0.0 fence=0.0 reset=0.0 begin=0.0 end=0.0 submit=0.0]/s watchdog=0.0/s | worker plays=5.5/s ok=5.5/s fail=0.0/s nr_absent=0.0/s copyfail=0.0/s
01:23:00.314  [fg-relay] rate3: arm->arm avg=43.43ms max=4263.64ms n=1217 | arm->work avg=0.01ms max=0.14ms | arm->eval avg=0.00ms max=0.00ms | copywait avg=0.008ms max=0.092ms | copy-land<= avg=43.47ms max=4263.02ms | work avg=5.92ms max=228.23ms | totals armed=1218 unarmed=0 skipped=0 busy=0 mismatch=0 copies_failed=0 writes=1218 conflicts=0
01:23:00.314  [fg-relay] rate4: throttle depth=1 off=0 | sleep calls=85.4/s waits=5.3/s clear=80.1/s timeouts=0.0/s avg=37.03ms | present calls=85.4/s waits=0.0/s clear=0.0/s timeouts=0.0/s avg=0.00ms | max=106.41ms (process)
01:23:02.224  === Vulkan CreateFeature1 #11  feature_id=18  VkDevice=000000002FE700D0  thread 79160 ===
01:23:02.225  === Vulkan CreateFeature1 #11 returned -1160773630, handle=0000000000000000 ===
01:23:06.238  === Vulkan CreateFeature1 #12  feature_id=18  VkDevice=000000002FE700D0  thread 79160 ===
01:23:06.238  === Vulkan CreateFeature1 #12 returned -1160773630, handle=0000000000000000 ===
01:23:11.788  [fg-history] FG Reset burst starts; contract_changed=0 bridge_pending=1 foreground=1.
01:23:11.788  [fg-guides] output=5120x2160 depth=5120x2160 rect=0,0+5120x2160 mv=5120x2160 rect=0,0+5120x2160 mv-scale=5120,2160 carrier-scale=5120,2160 jitter=-0.375,-0.0555556 jittered=0 inverted=1 reset=1 gpu-nearest=0/0.
01:23:11.792  qpc=4492873575998 [fg-transition] start=4492873547437 frame=0000000000001047 idx=1/3 queue=000000002EBA28D0 reset=1 enable=1 recording=1 not-rendering=0 metering=0 fullscreen=0 slmode=0 known=0x3f hud=44cd00d0 back=3e2000d0 real=45c300d0 interp=4355ded0 bridge-lock=1 arm=1218->1219 result=1 disable-interp=0(known=0) foreground=1 monitors=0000000003DB2751/0000000003DB2751 cpu=2.856ms
01:23:11.793  qpc=4492873584770 [fg-transition] start=4492873584426 frame=0000000000001047 idx=2/3 queue=000000002EBA28D0 reset=1 enable=1 recording=1 not-rendering=0 metering=0 fullscreen=0 slmode=0 known=0x3f hud=44cd00d0 back=3e2000d0 real=0 interp=4355ded0 bridge-lock=1 arm=1219->1219 result=1 disable-interp=0(known=0) foreground=1 monitors=0000000003DB2751/0000000003DB2751 cpu=0.034ms
01:23:11.793  qpc=4492873588587 [fg-transition] start=4492873588360 frame=0000000000001047 idx=3/3 queue=000000002EBA28D0 reset=1 enable=1 recording=1 not-rendering=0 metering=0 fullscreen=0 slmode=0 known=0x3f hud=44cd00d0 back=3e2000d0 real=0 interp=4355ded0 bridge-lock=1 arm=1219->1219 result=1 disable-interp=0(known=0) foreground=1 monitors=0000000003DB2751/0000000003DB2751 cpu=0.023ms
01:23:11.797  [fg-history] FG Reset burst ends: 1 real frames, 0 ms.
01:23:11.827  qpc=4492873918773 [fg-transition] start=4492873635309 frame=0000000000001048 idx=1/3 queue=000000002EBA28D0 reset=0 enable=1 recording=1 not-rendering=0 metering=0 fullscreen=0 slmode=0 known=0x3f hud=44cd00d0 back=3e200cd0 real=4355ded0 interp=45c300d0 bridge-lock=1 arm=1219->1220 result=1 disable-interp=0(known=0) foreground=1 monitors=0000000003DB2751/0000000003DB2751 cpu=28.346ms
01:23:11.827  qpc=4492873929530 [fg-transition] start=4492873928616 frame=0000000000001048 idx=2/3 queue=000000002EBA28D0 reset=0 enable=1 recording=1 not-rendering=0 metering=0 fullscreen=0 slmode=0 known=0x3f hud=44cd00d0 back=3e200cd0 real=0 interp=45c300d0 bridge-lock=1 arm=1220->1220 result=1 disable-interp=0(known=0) foreground=1 monitors=0000000003DB2751/0000000003DB2751 cpu=0.091ms
01:23:11.827  qpc=4492873930688 [fg-transition] start=4492873929967 frame=0000000000001048 idx=3/3 queue=000000002EBA28D0 reset=0 enable=1 recording=1 not-rendering=0 metering=0 fullscreen=0 slmode=0 known=0x3f hud=44cd00d0 back=3e200cd0 real=0 interp=45c300d0 bridge-lock=1 arm=1220->1220 result=1 disable-interp=0(known=0) foreground=1 monitors=0000000003DB2751/0000000003DB2751 cpu=0.072ms
01:23:11.836  [composition-guard] shown at 3840,0 alpha=1
01:23:11.863  qpc=4492874288885 [fg-transition] start=4492874032068 frame=0000000000001049 idx=1/3 queue=000000002EBA28D0 reset=0 enable=1 recording=1 not-rendering=0 metering=0 fullscreen=0 slmode=0 known=0x3f hud=44cd00d0 back=3e2012d0 real=45c300d0 interp=4355ded0 bridge-lock=1 arm=1220->1221 result=1 disable-interp=0(known=0) foreground=1 monitors=0000000003DB2751/0000000003DB2751 cpu=25.681ms
01:23:11.864  qpc=4492874291487 [fg-transition] start=4492874290745 frame=0000000000001049 idx=2/3 queue=000000002EBA28D0 reset=0 enable=1 recording=1 not-rendering=0 metering=0 fullscreen=0 slmode=0 known=0x3f hud=44cd00d0 back=3e2012d0 real=0 interp=4355ded0 bridge-lock=1 arm=1221->1221 result=1 disable-interp=0(known=0) foreground=1 monitors=0000000003DB2751/0000000003DB2751 cpu=0.074ms
01:23:11.864  qpc=4492874292750 [fg-transition] start=4492874291951 frame=0000000000001049 idx=3/3 queue=000000002EBA28D0 reset=0 enable=1 recording=1 not-rendering=0 metering=0 fullscreen=0 slmode=0 known=0x3f hud=44cd00d0 back=3e2012d0 real=0 interp=4355ded0 bridge-lock=1 arm=1221->1221 result=1 disable-interp=0(known=0) foreground=1 monitors=0000000003DB2751/0000000003DB2751 cpu=0.080ms
01:23:11.906  qpc=4492874714516 [fg-transition] start=4492874465960 frame=000000000000104A idx=1/3 queue=000000002EBA28D0 reset=0 enable=1 recording=1 not-rendering=0 metering=0 fullscreen=0 slmode=0 known=0x3f hud=44cd00d0 back=3e2000d0 real=4355ded0 interp=45c300d0 bridge-lock=1 arm=1221->1222 result=1 disable-interp=0(known=0) foreground=1 monitors=0000000003DB2751/0000000003DB2751 cpu=24.855ms
01:23:11.906  qpc=4492874723475 [fg-transition] start=4492874722286 frame=000000000000104A idx=2/3 queue=000000002EBA28D0 reset=0 enable=1 recording=1 not-rendering=0 metering=0 fullscreen=0 slmode=0 known=0x3f hud=44cd00d0 back=3e2000d0 real=0 interp=45c300d0 bridge-lock=1 arm=1222->1222 result=1 disable-interp=0(known=0) foreground=1 monitors=0000000003DB2751/0000000003DB2751 cpu=0.119ms
01:23:11.907  qpc=4492874728704 [fg-transition] start=4492874727605 frame=000000000000104A idx=3/3 queue=000000002EBA28D0 reset=0 enable=1 recording=1 not-rendering=0 metering=0 fullscreen=0 slmode=0 known=0x3f hud=44cd00d0 back=3e2000d0 real=0 interp=45c300d0 bridge-lock=1 arm=1222->1222 result=1 disable-interp=0(known=0) foreground=1 monitors=0000000003DB2751/0000000003DB2751 cpu=0.110ms
01:23:12.008  qpc=4492875752223 [focus-fg] state: enabled=1 hooked=0 foreground=1 minimized=0 hwnd=0000000012AA281C scope_calls=0 original_false=0 kept=0 presents=4173 FG_evaluates=3672
01:23:12.123  [fg-history] FG Reset burst starts; contract_changed=0 bridge_pending=0 foreground=1.
01:23:12.127  qpc=4492876919411 [fg-transition] start=4492876883675 frame=0000000000001055 idx=1/3 queue=000000002EBA3CD0 reset=1 enable=1 recording=1 not-rendering=0 metering=0 fullscreen=0 slmode=0 known=0x3f hud=44cd00d0 back=3e2012d0 real=44836cd0 interp=45c300d0 bridge-lock=1 arm=1223->1224 result=1 disable-interp=0(known=0) foreground=1 monitors=0000000003DB2751/0000000003DB2751 cpu=3.573ms
01:23:12.127  qpc=4492876922041 [fg-transition] start=4492876921764 frame=0000000000001055 idx=2/3 queue=000000002EBA3CD0 reset=1 enable=1 recording=1 not-rendering=0 metering=0 fullscreen=0 slmode=0 known=0x3f hud=44cd00d0 back=3e2012d0 real=0 interp=4355ded0 bridge-lock=1 arm=1224->1224 result=1 disable-interp=0(known=0) foreground=1 monitors=0000000003DB2751/0000000003DB2751 cpu=0.028ms
01:23:12.127  qpc=4492876922598 [fg-transition] start=4492876922449 frame=0000000000001055 idx=3/3 queue=000000002EBA3CD0 reset=1 enable=1 recording=1 not-rendering=0 metering=0 fullscreen=0 slmode=0 known=0x3f hud=44cd00d0 back=3e2012d0 real=0 interp=4483f6d0 bridge-lock=1 arm=1224->1224 result=1 disable-interp=0(known=0) foreground=1 monitors=0000000003DB2751/0000000003DB2751 cpu=0.015ms
01:23:12.136  [fg-history] FG Reset burst ends: 1 real frames, 15 ms.
01:23:12.162  qpc=4492877273827 [fg-transition] start=4492877026216 frame=0000000000001056 idx=1/3 queue=000000002EBA3CD0 reset=0 enable=1 recording=1 not-rendering=0 metering=0 fullscreen=0 slmode=0 known=0x3f hud=44cd00d0 back=3e2000d0 real=45c300d0 interp=44836cd0 bridge-lock=1 arm=1224->1225 result=1 disable-interp=0(known=0) foreground=1 monitors=0000000003DB2751/0000000003DB2751 cpu=24.761ms
01:23:12.164  qpc=4492877300522 [fg-transition] start=4492877299427 frame=0000000000001056 idx=2/3 queue=000000002EBA3CD0 reset=0 enable=1 recording=1 not-rendering=0 metering=0 fullscreen=0 slmode=0 known=0x3f hud=44cd00d0 back=3e2000d0 real=0 interp=4483f6d0 bridge-lock=1 arm=1225->1225 result=1 disable-interp=0(known=0) foreground=1 monitors=0000000003DB2751/0000000003DB2751 cpu=0.109ms
01:23:12.165  qpc=4492877302520 [fg-transition] start=4492877301813 frame=0000000000001056 idx=3/3 queue=000000002EBA3CD0 reset=0 enable=1 recording=1 not-rendering=0 metering=0 fullscreen=0 slmode=0 known=0x3f hud=44cd00d0 back=3e2000d0 real=0 interp=4355ded0 bridge-lock=1 arm=1225->1225 result=1 disable-interp=0(known=0) foreground=1 monitors=0000000003DB2751/0000000003DB2751 cpu=0.071ms
01:23:12.208  qpc=4492877730379 [fg-transition] start=4492877419274 frame=0000000000001057 idx=1/3 queue=000000002EBA3CD0 reset=0 enable=1 recording=1 not-rendering=0 metering=0 fullscreen=0 slmode=0 known=0x3f hud=44cd00d0 back=3e200cd0 real=44836cd0 interp=45c300d0 bridge-lock=1 arm=1225->1226 result=1 disable-interp=0(known=0) foreground=1 monitors=0000000003DB2751/0000000003DB2751 cpu=31.110ms
01:23:12.222  qpc=4492877876029 [fg-transition] start=4492877874703 frame=0000000000001057 idx=2/3 queue=000000002EBA3CD0 reset=0 enable=1 recording=1 not-rendering=0 metering=0 fullscreen=0 slmode=0 known=0x3f hud=44cd00d0 back=3e200cd0 real=0 interp=4355ded0 bridge-lock=1 arm=1226->1226 result=1 disable-interp=0(known=0) foreground=1 monitors=0000000003DB2751/0000000003DB2751 cpu=0.132ms
01:23:12.222  qpc=4492877878778 [fg-transition] start=4492877878027 frame=0000000000001057 idx=3/3 queue=000000002EBA3CD0 reset=0 enable=1 recording=1 not-rendering=0 metering=0 fullscreen=0 slmode=0 known=0x3f hud=44cd00d0 back=3e200cd0 real=0 interp=4483f6d0 bridge-lock=1 arm=1226->1226 result=1 disable-interp=0(known=0) foreground=1 monitors=0000000003DB2751/0000000003DB2751 cpu=0.075ms
01:23:12.248  qpc=4492878137717 [fg-transition] start=4492877879265 frame=0000000000001058 idx=1/3 queue=000000002EBA3CD0 reset=0 enable=1 recording=1 not-rendering=0 metering=0 fullscreen=0 slmode=0 known=0x3f hud=44cd00d0 back=3e2012d0 real=45c300d0 interp=44836cd0 bridge-lock=1 arm=1226->1227 result=1 disable-interp=0(known=0) foreground=1 monitors=0000000003DB2751/0000000003DB2751 cpu=25.845ms
01:23:12.284  qpc=4492878495850 [fg-transition] start=4492878493915 frame=0000000000001058 idx=2/3 queue=000000002EBA3CD0 reset=0 enable=1 recording=1 not-rendering=0 metering=0 fullscreen=0 slmode=0 known=0x3f hud=44cd00d0 back=3e2012d0 real=0 interp=4483f6d0 bridge-lock=1 arm=1227->1227 result=1 disable-interp=0(known=0) foreground=1 monitors=0000000003DB2751/0000000003DB2751 cpu=0.193ms
01:23:12.284  qpc=4492878498124 [fg-transition] start=4492878497439 frame=0000000000001058 idx=3/3 queue=000000002EBA3CD0 reset=0 enable=1 recording=1 not-rendering=0 metering=0 fullscreen=0 slmode=0 known=0x3f hud=44cd00d0 back=3e2012d0 real=0 interp=4355ded0 bridge-lock=1 arm=1227->1227 result=1 disable-interp=0(known=0) foreground=1 monitors=0000000003DB2751/0000000003DB2751 cpu=0.068ms
01:23:15.341  [fg-relay] rate/15.0s p2 import_opt=1: presents=70.3/s present-gate[point=70.3 ready=0.0 fallback=0.0 inactive=0.0]/s noinfo=0.0/s stale=0.0/s unlearned=0.0/s attempts=4.9/s armed=4.9/s skipped=0.0/s busy=0.0/s arm-reject[state=0.0 request=0.0 refused=0.0 stopping=0.0 res=0.0 size=0.0]/s pool[cap=0.0 family=0.0 create=0.0 alloc=0.0]/s copy-drop[fence=0.0 reset=0.0 begin=0.0 end=0.0 submit=0.0]/s cf[seq=0.0/s idle=0.0/s nrfence=0.0/s] slotbusy=0.0/s copyfence-busy=0.0/s nr-gpuwait=4.7/s flips=0.0/s
01:23:15.341  [fg-relay] rate2: fginput eval=14.5/s index!=1=9.6/s eval-gate[off=0.0 fallback=0.0 notready=0.0 noinput=0.0 noqueue=0.0]/s relay eval=4.9/s consume=0.0/s inplace=4.9/s(ok 4.9/s) unarmed=0.0/s mismatch=0.0/s relbusy=0.0/s relok=4.9/s relfail=0.0/s release-stage[queue=0.0 pool=0.0 fence=0.0 reset=0.0 begin=0.0 end=0.0 submit=0.0]/s watchdog=0.0/s | worker plays=4.9/s ok=4.9/s fail=0.0/s nr_absent=0.0/s copyfail=0.0/s
01:23:15.342  [fg-relay] rate3: arm->arm avg=55.01ms max=14572.37ms n=1290 | arm->work avg=0.01ms max=0.14ms | arm->eval avg=0.00ms max=0.00ms | copywait avg=0.008ms max=0.092ms | copy-land<= avg=55.07ms max=14571.84ms | work avg=6.16ms max=228.23ms | totals armed=1291 unarmed=0 skipped=0 busy=0 mismatch=0 copies_failed=0 writes=1291 conflicts=0
01:23:15.342  [fg-relay] rate4: throttle depth=1 off=0 | sleep calls=70.3/s waits=4.8/s clear=65.4/s timeouts=0.0/s avg=37.95ms | present calls=70.3/s waits=0.0/s clear=0.0/s timeouts=0.0/s avg=0.00ms | max=106.41ms (process)
01:23:16.293  qpc=4492918584830 [fg-transition] start=4492918583486 frame=00000000000010AB idx=2/3 queue=000000002EBA3CD0 reset=0 enable=1 recording=1 not-rendering=0 metering=0 fullscreen=0 slmode=0 known=0x3f hud=44cd00d0 back=3e200cd0 real=0 interp=4355ded0 bridge-lock=1 arm=1310->1310 result=1 disable-interp=0(known=0) foreground=0 monitors=0000000003DB2751/0000000067FB33F1 cpu=0.134ms
01:23:16.293  qpc=4492918587184 [fg-transition] start=4492918586505 frame=00000000000010AB idx=3/3 queue=000000002EBA3CD0 reset=0 enable=1 recording=1 not-rendering=0 metering=0 fullscreen=0 slmode=0 known=0x3f hud=44cd00d0 back=3e200cd0 real=0 interp=4483f6d0 bridge-lock=1 arm=1310->1310 result=1 disable-interp=0(known=0) foreground=0 monitors=0000000003DB2751/0000000067FB33F1 cpu=0.068ms
01:23:16.302  qpc=4492918680341 [fg-transition] start=4492918587646 frame=00000000000010AC idx=1/3 queue=000000002EBA3CD0 reset=0 enable=1 recording=1 not-rendering=0 metering=0 fullscreen=0 slmode=0 known=0x3f hud=44cd00d0 back=3e2012d0 real=45c300d0 interp=44836cd0 bridge-lock=1 arm=1310->1311 result=1 disable-interp=0(known=0) foreground=0 monitors=0000000003DB2751/0000000067FB33F1 cpu=9.269ms
01:23:16.342  qpc=4492919074086 [fg-transition] start=4492919072471 frame=00000000000010AC idx=2/3 queue=000000002EBA3CD0 reset=0 enable=1 recording=1 not-rendering=0 metering=0 fullscreen=0 slmode=0 known=0x3f hud=44cd00d0 back=3e2012d0 real=0 interp=4483f6d0 bridge-lock=1 arm=1311->1311 result=1 disable-interp=0(known=0) foreground=0 monitors=0000000003DB2751/0000000067FB33F1 cpu=0.161ms
01:23:16.342  qpc=4492919076920 [fg-transition] start=4492919075988 frame=00000000000010AC idx=3/3 queue=000000002EBA3CD0 reset=0 enable=1 recording=1 not-rendering=0 metering=0 fullscreen=0 slmode=0 known=0x3f hud=44cd00d0 back=3e2012d0 real=0 interp=4355ded0 bridge-lock=1 arm=1311->1311 result=1 disable-interp=0(known=0) foreground=0 monitors=0000000003DB2751/0000000067FB33F1 cpu=0.093ms
01:23:17.072  qpc=4492926398448 [focus-fg] state: enabled=1 hooked=0 foreground=0 minimized=0 hwnd=0000000012AA281C scope_calls=0 original_false=0 kept=0 presents=4311 FG_evaluates=3936
01:23:17.846  [composition-guard] hidden: config=1 nr_at_fg=1 fg_running=0 window_shown=1
01:23:21.294  === Vulkan CreateFeature1 #13  feature_id=18  VkDevice=000000002FE700D0  thread 79160 ===
01:23:21.295  === Vulkan CreateFeature1 #13 returned -1160773630, handle=0000000000000000 ===
01:23:30.329  [fg-relay] rate/15.0s p2 import_opt=1: presents=78.5/s present-gate[point=78.5 ready=0.0 fallback=0.0 inactive=0.0]/s noinfo=0.0/s stale=0.0/s unlearned=0.0/s attempts=1.3/s armed=1.3/s skipped=0.0/s busy=0.0/s arm-reject[state=0.0 request=0.0 refused=0.0 stopping=0.0 res=0.0 size=0.0]/s pool[cap=0.0 family=0.0 create=0.0 alloc=0.0]/s copy-drop[fence=0.0 reset=0.0 begin=0.0 end=0.0 submit=0.0]/s cf[seq=0.0/s idle=0.0/s nrfence=0.0/s] slotbusy=0.0/s copyfence-busy=0.0/s nr-gpuwait=1.3/s flips=0.0/s
01:23:30.330  [fg-relay] rate2: fginput eval=4.1/s index!=1=2.8/s eval-gate[off=0.0 fallback=0.0 notready=0.0 noinput=0.0 noqueue=0.0]/s relay eval=1.3/s consume=0.0/s inplace=1.3/s(ok 1.3/s) unarmed=0.0/s mismatch=0.0/s relbusy=0.0/s relok=1.3/s relfail=0.0/s release-stage[queue=0.0 pool=0.0 fence=0.0 reset=0.0 begin=0.0 end=0.0 submit=0.0]/s watchdog=0.0/s | worker plays=1.3/s ok=1.3/s fail=0.0/s nr_absent=0.0/s copyfail=0.0/s
01:23:30.330  [fg-relay] rate3: arm->arm avg=54.91ms max=14572.37ms n=1310 | arm->work avg=0.01ms max=0.14ms | arm->eval avg=0.00ms max=0.00ms | copywait avg=0.008ms max=0.092ms | copy-land<= avg=54.97ms max=14571.84ms | work avg=6.20ms max=228.23ms | totals armed=1311 unarmed=0 skipped=0 busy=0 mismatch=0 copies_failed=0 writes=1311 conflicts=0
01:23:30.330  [fg-relay] rate4: throttle depth=1 off=0 | sleep calls=78.4/s waits=1.4/s clear=77.1/s timeouts=0.0/s avg=36.59ms | present calls=78.5/s waits=0.0/s clear=0.0/s timeouts=0.0/s avg=0.00ms | max=106.41ms (process)
01:23:32.069  qpc=4493076368484 [focus-fg] state: enabled=1 hooked=0 foreground=0 minimized=0 hwnd=0000000012AA281C scope_calls=0 original_false=0 kept=0 presents=5574 FG_evaluates=3936
01:23:37.307  === Vulkan CreateFeature1 #14  feature_id=18  VkDevice=000000002FE700D0  thread 79160 ===
01:23:37.307  === Vulkan CreateFeature1 #14 returned -1160773630, handle=0000000000000000 ===
01:23:45.328  [fg-relay] rate/15.0s p2 import_opt=1: presents=84.9/s present-gate[point=84.9 ready=0.0 fallback=0.0 inactive=0.0]/s noinfo=0.0/s stale=0.0/s unlearned=0.0/s attempts=0.0/s armed=0.0/s skipped=0.0/s busy=0.0/s arm-reject[state=0.0 request=0.0 refused=0.0 stopping=0.0 res=0.0 size=0.0]/s pool[cap=0.0 family=0.0 create=0.0 alloc=0.0]/s copy-drop[fence=0.0 reset=0.0 begin=0.0 end=0.0 submit=0.0]/s cf[seq=0.0/s idle=0.0/s nrfence=0.0/s] slotbusy=0.0/s copyfence-busy=0.0/s nr-gpuwait=0.0/s flips=0.0/s
01:23:45.329  [fg-relay] rate2: fginput eval=0.0/s index!=1=0.0/s eval-gate[off=0.0 fallback=0.0 notready=0.0 noinput=0.0 noqueue=0.0]/s relay eval=0.0/s consume=0.0/s inplace=0.0/s(ok 0.0/s) unarmed=0.0/s mismatch=0.0/s relbusy=0.0/s relok=0.0/s relfail=0.0/s release-stage[queue=0.0 pool=0.0 fence=0.0 reset=0.0 begin=0.0 end=0.0 submit=0.0]/s watchdog=0.0/s | worker plays=0.0/s ok=0.0/s fail=0.0/s nr_absent=0.0/s copyfail=0.0/s
01:23:45.329  [fg-relay] rate3: arm->arm avg=54.91ms max=14572.37ms n=1310 | arm->work avg=0.01ms max=0.14ms | arm->eval avg=0.00ms max=0.00ms | copywait avg=0.008ms max=0.092ms | copy-land<= avg=54.97ms max=14571.84ms | work avg=6.20ms max=228.23ms | totals armed=1311 unarmed=0 skipped=0 busy=0 mismatch=0 copies_failed=0 writes=1311 conflicts=0
01:23:45.329  [fg-relay] rate4: throttle depth=1 off=0 | sleep calls=84.9/s waits=0.0/s clear=84.9/s timeouts=0.0/s avg=0.00ms | present calls=84.9/s waits=0.0/s clear=0.0/s timeouts=0.0/s avg=0.00ms | max=106.41ms (process)
01:23:47.068  qpc=4493226357581 [focus-fg] state: enabled=1 hooked=0 foreground=0 minimized=0 hwnd=0000000012AA281C scope_calls=0 original_false=0 kept=0 presents=6847 FG_evaluates=3936
01:23:53.633  [fg-history] FG Reset burst starts; contract_changed=0 bridge_pending=1 foreground=1.
01:23:53.633  [fg-guides] output=5120x2160 depth=5120x2160 rect=0,0+5120x2160 mv=5120x2160 rect=0,0+5120x2160 mv-scale=5120,2160 carrier-scale=5120,2160 jitter=-0,0.166667 jittered=0 inverted=1 reset=1 gpu-nearest=0/0.
01:23:53.637  qpc=4493292028926 [fg-transition] start=4493291996304 frame=0000000000001CE9 idx=1/3 queue=000000002EBA28D0 reset=1 enable=1 recording=1 not-rendering=0 metering=0 fullscreen=0 slmode=0 known=0x3f hud=44cd00d0 back=3e2000d0 real=4355ded0 interp=45c300d0 bridge-lock=1 arm=1311->1312 result=1 disable-interp=0(known=0) foreground=1 monitors=0000000003DB2751/0000000003DB2751 cpu=3.261ms
01:23:53.637  qpc=4493292039660 [fg-transition] start=4493292039317 frame=0000000000001CE9 idx=2/3 queue=000000002EBA28D0 reset=1 enable=1 recording=1 not-rendering=0 metering=0 fullscreen=0 slmode=0 known=0x3f hud=44cd00d0 back=3e2000d0 real=0 interp=45c300d0 bridge-lock=1 arm=1312->1312 result=1 disable-interp=0(known=0) foreground=1 monitors=0000000003DB2751/0000000003DB2751 cpu=0.034ms
01:23:53.637  qpc=4493292049488 [fg-transition] start=4493292049121 frame=0000000000001CE9 idx=3/3 queue=000000002EBA28D0 reset=1 enable=1 recording=1 not-rendering=0 metering=0 fullscreen=0 slmode=0 known=0x3f hud=44cd00d0 back=3e2000d0 real=0 interp=45c300d0 bridge-lock=1 arm=1312->1312 result=1 disable-interp=0(known=0) foreground=1 monitors=0000000003DB2751/0000000003DB2751 cpu=0.036ms
01:23:53.655  [composition-guard] shown at 3840,0 alpha=1
01:23:53.675  [fg-history] FG Reset burst ends: 1 real frames, 47 ms.
01:23:53.680  qpc=4493292448732 [fg-transition] start=4493292422824 frame=0000000000001CEA idx=1/3 queue=000000002EBA28D0 reset=0 enable=1 recording=1 not-rendering=0 metering=0 fullscreen=0 slmode=0 known=0x3f hud=44cd00d0 back=3e200cd0 real=45c300d0 interp=4355ded0 bridge-lock=1 arm=1312->1313 result=1 disable-interp=0(known=0) foreground=1 monitors=0000000003DB2751/0000000003DB2751 cpu=2.590ms
01:23:53.680  qpc=4493292451694 [fg-transition] start=4493292450693 frame=0000000000001CEA idx=2/3 queue=000000002EBA28D0 reset=0 enable=1 recording=1 not-rendering=0 metering=0 fullscreen=0 slmode=0 known=0x3f hud=44cd00d0 back=3e200cd0 real=0 interp=4355ded0 bridge-lock=1 arm=1313->1313 result=1 disable-interp=0(known=0) foreground=1 monitors=0000000003DB2751/0000000003DB2751 cpu=0.100ms
01:23:53.680  qpc=4493292453143 [fg-transition] start=4493292452234 frame=0000000000001CEA idx=3/3 queue=000000002EBA28D0 reset=0 enable=1 recording=1 not-rendering=0 metering=0 fullscreen=0 slmode=0 known=0x3f hud=44cd00d0 back=3e200cd0 real=0 interp=4355ded0 bridge-lock=1 arm=1313->1313 result=1 disable-interp=0(known=0) foreground=1 monitors=0000000003DB2751/0000000003DB2751 cpu=0.091ms
01:23:53.715  qpc=4493292796881 [fg-transition] start=4493292529709 frame=0000000000001CEB idx=1/3 queue=000000002EBA28D0 reset=0 enable=1 recording=1 not-rendering=0 metering=0 fullscreen=0 slmode=0 known=0x3f hud=44cd00d0 back=3e2012d0 real=4355ded0 interp=45c300d0 bridge-lock=1 arm=1313->1314 result=1 disable-interp=0(known=0) foreground=1 monitors=0000000003DB2751/0000000003DB2751 cpu=26.717ms
01:23:53.715  qpc=4493292799569 [fg-transition] start=4493292798761 frame=0000000000001CEB idx=2/3 queue=000000002EBA28D0 reset=0 enable=1 recording=1 not-rendering=0 metering=0 fullscreen=0 slmode=0 known=0x3f hud=44cd00d0 back=3e2012d0 real=0 interp=45c300d0 bridge-lock=1 arm=1314->1314 result=1 disable-interp=0(known=0) foreground=1 monitors=0000000003DB2751/0000000003DB2751 cpu=0.081ms
01:23:53.715  qpc=4493292800536 [fg-transition] start=4493292799952 frame=0000000000001CEB idx=3/3 queue=000000002EBA28D0 reset=0 enable=1 recording=1 not-rendering=0 metering=0 fullscreen=0 slmode=0 known=0x3f hud=44cd00d0 back=3e2012d0 real=0 interp=45c300d0 bridge-lock=1 arm=1314->1314 result=1 disable-interp=0(known=0) foreground=1 monitors=0000000003DB2751/0000000003DB2751 cpu=0.058ms
01:23:53.733  qpc=4493292984503 [fg-transition] start=4493292978219 frame=0000000000001CEC idx=1/3 queue=000000002EBA28D0 reset=0 enable=1 recording=1 not-rendering=0 metering=0 fullscreen=0 slmode=0 known=0x3f hud=44cd00d0 back=3e2000d0 real=45c300d0 interp=4355ded0 bridge-lock=1 arm=1314->1315 result=1 disable-interp=0(known=0) foreground=1 monitors=0000000003DB2751/0000000003DB2751 cpu=0.628ms
01:23:53.759  qpc=4493293237020 [fg-transition] start=4493292996489 frame=0000000000001CEC idx=2/3 queue=000000002EBA28D0 reset=0 enable=1 recording=1 not-rendering=0 metering=0 fullscreen=0 slmode=0 known=0x3f hud=44cd00d0 back=3e2000d0 real=0 interp=4355ded0 bridge-lock=1 arm=1315->1315 result=1 disable-interp=0(known=0) foreground=1 monitors=0000000003DB2751/0000000003DB2751 cpu=24.053ms
01:23:53.759  qpc=4493293246561 [fg-transition] start=4493293244799 frame=0000000000001CEC idx=3/3 queue=000000002EBA28D0 reset=0 enable=1 recording=1 not-rendering=0 metering=0 fullscreen=0 slmode=0 known=0x3f hud=44cd00d0 back=3e2000d0 real=0 interp=4355ded0 bridge-lock=1 arm=1315->1315 result=1 disable-interp=0(known=0) foreground=1 monitors=0000000003DB2751/0000000003DB2751 cpu=0.176ms
01:23:53.975  [fg-history] FG Reset burst starts; contract_changed=0 bridge_pending=0 foreground=1.
01:23:53.979  qpc=4493295437950 [fg-transition] start=4493295409897 frame=0000000000001CF8 idx=1/3 queue=000000002EBA3CD0 reset=1 enable=1 recording=1 not-rendering=0 metering=0 fullscreen=0 slmode=0 known=0x3f hud=44cd00d0 back=3e2000d0 real=43b7f6d0 interp=4355ded0 bridge-lock=1 arm=1316->1317 result=1 disable-interp=0(known=0) foreground=1 monitors=0000000003DB2751/0000000003DB2751 cpu=2.805ms
01:23:53.979  qpc=4493295440593 [fg-transition] start=4493295440246 frame=0000000000001CF8 idx=2/3 queue=000000002EBA3CD0 reset=1 enable=1 recording=1 not-rendering=0 metering=0 fullscreen=0 slmode=0 known=0x3f hud=44cd00d0 back=3e2000d0 real=0 interp=45c300d0 bridge-lock=1 arm=1317->1317 result=1 disable-interp=0(known=0) foreground=1 monitors=0000000003DB2751/0000000003DB2751 cpu=0.035ms
01:23:53.979  qpc=4493295441355 [fg-transition] start=4493295441118 frame=0000000000001CF8 idx=3/3 queue=000000002EBA3CD0 reset=1 enable=1 recording=1 not-rendering=0 metering=0 fullscreen=0 slmode=0 known=0x3f hud=44cd00d0 back=3e2000d0 real=0 interp=43b79cd0 bridge-lock=1 arm=1317->1317 result=1 disable-interp=0(known=0) foreground=1 monitors=0000000003DB2751/0000000003DB2751 cpu=0.024ms
01:23:53.990  [fg-history] FG Reset burst ends: 1 real frames, 16 ms.
01:23:54.016  qpc=4493295815978 [fg-transition] start=4493295568585 frame=0000000000001CF9 idx=1/3 queue=000000002EBA3CD0 reset=0 enable=1 recording=1 not-rendering=0 metering=0 fullscreen=0 slmode=0 known=0x3f hud=44cd00d0 back=3e200cd0 real=4355ded0 interp=43b7f6d0 bridge-lock=1 arm=1317->1318 result=1 disable-interp=0(known=0) foreground=1 monitors=0000000003DB2751/0000000003DB2751 cpu=24.739ms
01:23:54.021  qpc=4493295855627 [fg-transition] start=4493295854414 frame=0000000000001CF9 idx=2/3 queue=000000002EBA3CD0 reset=0 enable=1 recording=1 not-rendering=0 metering=0 fullscreen=0 slmode=0 known=0x3f hud=44cd00d0 back=3e200cd0 real=0 interp=43b79cd0 bridge-lock=1 arm=1318->1318 result=1 disable-interp=0(known=0) foreground=1 monitors=0000000003DB2751/0000000003DB2751 cpu=0.121ms
01:23:54.021  qpc=4493295858520 [fg-transition] start=4493295857343 frame=0000000000001CF9 idx=3/3 queue=000000002EBA3CD0 reset=0 enable=1 recording=1 not-rendering=0 metering=0 fullscreen=0 slmode=0 known=0x3f hud=44cd00d0 back=3e200cd0 real=0 interp=45c300d0 bridge-lock=1 arm=1318->1318 result=1 disable-interp=0(known=0) foreground=1 monitors=0000000003DB2751/0000000003DB2751 cpu=0.117ms
01:23:54.058  qpc=4493296230972 [fg-transition] start=4493295971714 frame=0000000000001CFA idx=1/3 queue=000000002EBA3CD0 reset=0 enable=1 recording=1 not-rendering=0 metering=0 fullscreen=0 slmode=0 known=0x3f hud=44cd00d0 back=3e2012d0 real=43b7f6d0 interp=4355ded0 bridge-lock=1 arm=1318->1319 result=1 disable-interp=0(known=0) foreground=1 monitors=0000000003DB2751/0000000003DB2751 cpu=25.925ms
01:23:54.069  qpc=4493296366890 [focus-fg] state: enabled=1 hooked=0 foreground=1 minimized=0 hwnd=0000000012AA281C scope_calls=0 original_false=0 kept=0 presents=7419 FG_evaluates=3958
01:23:54.080  qpc=4493296373701 [fg-transition] start=4493296372533 frame=0000000000001CFA idx=2/3 queue=000000002EBA3CD0 reset=0 enable=1 recording=1 not-rendering=0 metering=0 fullscreen=0 slmode=0 known=0x3f hud=44cd00d0 back=3e2012d0 real=0 interp=45c300d0 bridge-lock=1 arm=1319->1319 result=1 disable-interp=0(known=0) foreground=1 monitors=0000000003DB2751/0000000003DB2751 cpu=0.117ms
01:23:54.080  qpc=4493296374732 [fg-transition] start=4493296374145 frame=0000000000001CFA idx=3/3 queue=000000002EBA3CD0 reset=0 enable=1 recording=1 not-rendering=0 metering=0 fullscreen=0 slmode=0 known=0x3f hud=44cd00d0 back=3e2012d0 real=0 interp=43b79cd0 bridge-lock=1 arm=1319->1319 result=1 disable-interp=0(known=0) foreground=1 monitors=0000000003DB2751/0000000003DB2751 cpu=0.059ms
01:23:54.107  qpc=4493296723174 [fg-transition] start=4493296375374 frame=0000000000001CFB idx=1/3 queue=000000002EBA3CD0 reset=0 enable=1 recording=1 not-rendering=0 metering=0 fullscreen=0 slmode=0 known=0x3f hud=44cd00d0 back=3e2000d0 real=4355ded0 interp=43b7f6d0 bridge-lock=1 arm=1319->1320 result=1 disable-interp=0(known=0) foreground=1 monitors=0000000003DB2751/0000000003DB2751 cpu=34.780ms
01:23:54.144  qpc=4493297093848 [fg-transition] start=4493297091894 frame=0000000000001CFB idx=2/3 queue=000000002EBA3CD0 reset=0 enable=1 recording=1 not-rendering=0 metering=0 fullscreen=0 slmode=0 known=0x3f hud=44cd00d0 back=3e2000d0 real=0 interp=43b79cd0 bridge-lock=1 arm=1320->1320 result=1 disable-interp=0(known=0) foreground=1 monitors=0000000003DB2751/0000000003DB2751 cpu=0.195ms
01:23:54.144  qpc=4493297096377 [fg-transition] start=4493297095509 frame=0000000000001CFB idx=3/3 queue=000000002EBA3CD0 reset=0 enable=1 recording=1 not-rendering=0 metering=0 fullscreen=0 slmode=0 known=0x3f hud=44cd00d0 back=3e2000d0 real=0 interp=45c300d0 bridge-lock=1 arm=1320->1320 result=1 disable-interp=0(known=0) foreground=1 monitors=0000000003DB2751/0000000003DB2751 cpu=0.087ms
01:23:57.265  qpc=4493328299226 [fg-transition] start=4493328297383 frame=0000000000001D3A idx=2/3 queue=000000002EBA3CD0 reset=0 enable=1 recording=1 not-rendering=0 metering=0 fullscreen=0 slmode=0 known=0x3f hud=44cd00d0 back=3e2000d0 real=0 interp=45c300d0 bridge-lock=1 arm=1383->1383 result=1 disable-interp=0(known=0) foreground=0 monitors=0000000003DB2751/0000000067FB33F1 cpu=0.184ms
01:23:57.265  qpc=4493328302057 [fg-transition] start=4493328301344 frame=0000000000001D3A idx=3/3 queue=000000002EBA3CD0 reset=0 enable=1 recording=1 not-rendering=0 metering=0 fullscreen=0 slmode=0 known=0x3f hud=44cd00d0 back=3e2000d0 real=0 interp=43b79cd0 bridge-lock=1 arm=1383->1383 result=1 disable-interp=0(known=0) foreground=0 monitors=0000000003DB2751/0000000067FB33F1 cpu=0.071ms
01:23:58.916  [composition-guard] hidden: config=1 nr_at_fg=1 fg_running=0 window_shown=1
01:23:59.180  qpc=4493347481003 [focus-fg] state: enabled=1 hooked=0 foreground=0 minimized=0 hwnd=0000000012AA281C scope_calls=0 original_false=0 kept=0 presents=7640 FG_evaluates=4152
01:24:00.333  [fg-relay] rate/15.0s p2 import_opt=1: presents=69.2/s present-gate[point=69.2 ready=0.0 fallback=0.0 inactive=0.0]/s noinfo=0.0/s stale=0.0/s unlearned=0.0/s attempts=4.8/s armed=4.8/s skipped=0.0/s busy=0.0/s arm-reject[state=0.0 request=0.0 refused=0.0 stopping=0.0 res=0.0 size=0.0]/s pool[cap=0.0 family=0.0 create=0.0 alloc=0.0]/s copy-drop[fence=0.0 reset=0.0 begin=0.0 end=0.0 submit=0.0]/s cf[seq=0.0/s idle=0.0/s nrfence=0.0/s] slotbusy=0.0/s copyfence-busy=0.0/s nr-gpuwait=4.6/s flips=0.0/s
01:24:00.334  [fg-relay] rate2: fginput eval=14.4/s index!=1=9.6/s eval-gate[off=0.0 fallback=0.0 notready=0.0 noinput=0.0 noqueue=0.0]/s relay eval=4.8/s consume=0.0/s inplace=4.8/s(ok 4.8/s) unarmed=0.0/s mismatch=0.0/s relbusy=0.0/s relok=4.8/s relfail=0.0/s release-stage[queue=0.0 pool=0.0 fence=0.0 reset=0.0 begin=0.0 end=0.0 submit=0.0]/s watchdog=0.0/s | worker plays=4.8/s ok=4.8/s fail=0.0/s nr_absent=0.0/s copyfail=0.0/s
01:24:00.334  [fg-relay] rate3: arm->arm avg=81.66ms max=37341.25ms n=1382 | arm->work avg=0.01ms max=0.14ms | arm->eval avg=0.00ms max=0.00ms | copywait avg=0.008ms max=0.092ms | copy-land<= avg=81.95ms max=37340.86ms | work avg=6.40ms max=228.23ms | totals armed=1383 unarmed=0 skipped=0 busy=0 mismatch=0 copies_failed=0 writes=1383 conflicts=0
01:24:00.334  [fg-relay] rate4: throttle depth=1 off=0 | sleep calls=69.2/s waits=4.7/s clear=64.5/s timeouts=0.0/s avg=40.76ms | present calls=69.2/s waits=0.0/s clear=0.0/s timeouts=0.0/s avg=0.00ms | max=106.41ms (process)
01:24:07.312  === Vulkan CreateFeature1 #15  feature_id=18  VkDevice=000000002FE700D0  thread 79160 ===
01:24:07.313  === Vulkan CreateFeature1 #15 returned -1160773630, handle=0000000000000000 ===
01:24:14.178  qpc=4493497449309 [focus-fg] state: enabled=1 hooked=0 foreground=0 minimized=0 hwnd=0000000012AA281C scope_calls=0 original_false=0 kept=0 presents=8903 FG_evaluates=4152
01:24:15.330  [fg-relay] rate/15.0s p2 import_opt=1: presents=84.1/s present-gate[point=84.1 ready=0.0 fallback=0.0 inactive=0.0]/s noinfo=0.0/s stale=0.0/s unlearned=0.0/s attempts=0.0/s armed=0.0/s skipped=0.0/s busy=0.0/s arm-reject[state=0.0 request=0.0 refused=0.0 stopping=0.0 res=0.0 size=0.0]/s pool[cap=0.0 family=0.0 create=0.0 alloc=0.0]/s copy-drop[fence=0.0 reset=0.0 begin=0.0 end=0.0 submit=0.0]/s cf[seq=0.0/s idle=0.0/s nrfence=0.0/s] slotbusy=0.0/s copyfence-busy=0.0/s nr-gpuwait=0.0/s flips=0.0/s
01:24:15.330  [fg-relay] rate2: fginput eval=0.0/s index!=1=0.0/s eval-gate[off=0.0 fallback=0.0 notready=0.0 noinput=0.0 noqueue=0.0]/s relay eval=0.0/s consume=0.0/s inplace=0.0/s(ok 0.0/s) unarmed=0.0/s mismatch=0.0/s relbusy=0.0/s relok=0.0/s relfail=0.0/s release-stage[queue=0.0 pool=0.0 fence=0.0 reset=0.0 begin=0.0 end=0.0 submit=0.0]/s watchdog=0.0/s | worker plays=0.0/s ok=0.0/s fail=0.0/s nr_absent=0.0/s copyfail=0.0/s
01:24:15.330  [fg-relay] rate3: arm->arm avg=81.66ms max=37341.25ms n=1382 | arm->work avg=0.01ms max=0.14ms | arm->eval avg=0.00ms max=0.00ms | copywait avg=0.008ms max=0.092ms | copy-land<= avg=81.95ms max=37340.86ms | work avg=6.40ms max=228.23ms | totals armed=1383 unarmed=0 skipped=0 busy=0 mismatch=0 copies_failed=0 writes=1383 conflicts=0
01:24:15.330  [fg-relay] rate4: throttle depth=1 off=0 | sleep calls=84.2/s waits=0.0/s clear=84.2/s timeouts=0.0/s avg=0.00ms | present calls=84.1/s waits=0.0/s clear=0.0/s timeouts=0.0/s avg=0.00ms | max=106.41ms (process)
01:24:29.175  qpc=4493647426168 [focus-fg] state: enabled=1 hooked=0 foreground=0 minimized=0 hwnd=0000000012AA281C scope_calls=0 original_false=0 kept=0 presents=10171 FG_evaluates=4152
01:24:30.333  [fg-relay] rate/15.0s p2 import_opt=1: presents=84.5/s present-gate[point=84.5 ready=0.0 fallback=0.0 inactive=0.0]/s noinfo=0.0/s stale=0.0/s unlearned=0.0/s attempts=0.0/s armed=0.0/s skipped=0.0/s busy=0.0/s arm-reject[state=0.0 request=0.0 refused=0.0 stopping=0.0 res=0.0 size=0.0]/s pool[cap=0.0 family=0.0 create=0.0 alloc=0.0]/s copy-drop[fence=0.0 reset=0.0 begin=0.0 end=0.0 submit=0.0]/s cf[seq=0.0/s idle=0.0/s nrfence=0.0/s] slotbusy=0.0/s copyfence-busy=0.0/s nr-gpuwait=0.0/s flips=0.0/s
01:24:30.333  [fg-relay] rate2: fginput eval=0.0/s index!=1=0.0/s eval-gate[off=0.0 fallback=0.0 notready=0.0 noinput=0.0 noqueue=0.0]/s relay eval=0.0/s consume=0.0/s inplace=0.0/s(ok 0.0/s) unarmed=0.0/s mismatch=0.0/s relbusy=0.0/s relok=0.0/s relfail=0.0/s release-stage[queue=0.0 pool=0.0 fence=0.0 reset=0.0 begin=0.0 end=0.0 submit=0.0]/s watchdog=0.0/s | worker plays=0.0/s ok=0.0/s fail=0.0/s nr_absent=0.0/s copyfail=0.0/s
01:24:30.333  [fg-relay] rate3: arm->arm avg=81.66ms max=37341.25ms n=1382 | arm->work avg=0.01ms max=0.14ms | arm->eval avg=0.00ms max=0.00ms | copywait avg=0.008ms max=0.092ms | copy-land<= avg=81.95ms max=37340.86ms | work avg=6.40ms max=228.23ms | totals armed=1383 unarmed=0 skipped=0 busy=0 mismatch=0 copies_failed=0 writes=1383 conflicts=0
01:24:30.333  [fg-relay] rate4: throttle depth=1 off=0 | sleep calls=84.5/s waits=0.0/s clear=84.5/s timeouts=0.0/s avg=0.00ms | present calls=84.5/s waits=0.0/s clear=0.0/s timeouts=0.0/s avg=0.00ms | max=106.41ms (process)
01:24:37.320  === Vulkan CreateFeature1 #16  feature_id=18  VkDevice=000000002FE700D0  thread 79160 ===
01:24:37.321  === Vulkan CreateFeature1 #16 returned -1160773630, handle=0000000000000000 ===
01:24:44.178  qpc=4493797452588 [focus-fg] state: enabled=1 hooked=0 foreground=0 minimized=0 hwnd=0000000012AA281C scope_calls=0 original_false=0 kept=0 presents=11435 FG_evaluates=4152
01:24:45.336  [fg-relay] rate/15.0s p2 import_opt=1: presents=84.3/s present-gate[point=84.3 ready=0.0 fallback=0.0 inactive=0.0]/s noinfo=0.0/s stale=0.0/s unlearned=0.0/s attempts=0.0/s armed=0.0/s skipped=0.0/s busy=0.0/s arm-reject[state=0.0 request=0.0 refused=0.0 stopping=0.0 res=0.0 size=0.0]/s pool[cap=0.0 family=0.0 create=0.0 alloc=0.0]/s copy-drop[fence=0.0 reset=0.0 begin=0.0 end=0.0 submit=0.0]/s cf[seq=0.0/s idle=0.0/s nrfence=0.0/s] slotbusy=0.0/s copyfence-busy=0.0/s nr-gpuwait=0.0/s flips=0.0/s
01:24:45.337  [fg-relay] rate2: fginput eval=0.0/s index!=1=0.0/s eval-gate[off=0.0 fallback=0.0 notready=0.0 noinput=0.0 noqueue=0.0]/s relay eval=0.0/s consume=0.0/s inplace=0.0/s(ok 0.0/s) unarmed=0.0/s mismatch=0.0/s relbusy=0.0/s relok=0.0/s relfail=0.0/s release-stage[queue=0.0 pool=0.0 fence=0.0 reset=0.0 begin=0.0 end=0.0 submit=0.0]/s watchdog=0.0/s | worker plays=0.0/s ok=0.0/s fail=0.0/s nr_absent=0.0/s copyfail=0.0/s
01:24:45.337  [fg-relay] rate3: arm->arm avg=81.66ms max=37341.25ms n=1382 | arm->work avg=0.01ms max=0.14ms | arm->eval avg=0.00ms max=0.00ms | copywait avg=0.008ms max=0.092ms | copy-land<= avg=81.95ms max=37340.86ms | work avg=6.40ms max=228.23ms | totals armed=1383 unarmed=0 skipped=0 busy=0 mismatch=0 copies_failed=0 writes=1383 conflicts=0
01:24:45.337  [fg-relay] rate4: throttle depth=1 off=0 | sleep calls=84.3/s waits=0.0/s clear=84.3/s timeouts=0.0/s avg=0.00ms | present calls=84.3/s waits=0.0/s clear=0.0/s timeouts=0.0/s avg=0.00ms | max=106.41ms (process)
01:24:59.183  qpc=4493947503314 [focus-fg] state: enabled=1 hooked=0 foreground=0 minimized=0 hwnd=0000000012AA281C scope_calls=0 original_false=0 kept=0 presents=12710 FG_evaluates=4152
01:25:00.338  [fg-relay] rate/15.0s p2 import_opt=1: presents=84.9/s present-gate[point=84.9 ready=0.0 fallback=0.0 inactive=0.0]/s noinfo=0.0/s stale=0.0/s unlearned=0.0/s attempts=0.0/s armed=0.0/s skipped=0.0/s busy=0.0/s arm-reject[state=0.0 request=0.0 refused=0.0 stopping=0.0 res=0.0 size=0.0]/s pool[cap=0.0 family=0.0 create=0.0 alloc=0.0]/s copy-drop[fence=0.0 reset=0.0 begin=0.0 end=0.0 submit=0.0]/s cf[seq=0.0/s idle=0.0/s nrfence=0.0/s] slotbusy=0.0/s copyfence-busy=0.0/s nr-gpuwait=0.0/s flips=0.0/s
01:25:00.338  [fg-relay] rate2: fginput eval=0.0/s index!=1=0.0/s eval-gate[off=0.0 fallback=0.0 notready=0.0 noinput=0.0 noqueue=0.0]/s relay eval=0.0/s consume=0.0/s inplace=0.0/s(ok 0.0/s) unarmed=0.0/s mismatch=0.0/s relbusy=0.0/s relok=0.0/s relfail=0.0/s release-stage[queue=0.0 pool=0.0 fence=0.0 reset=0.0 begin=0.0 end=0.0 submit=0.0]/s watchdog=0.0/s | worker plays=0.0/s ok=0.0/s fail=0.0/s nr_absent=0.0/s copyfail=0.0/s
01:25:00.338  [fg-relay] rate3: arm->arm avg=81.66ms max=37341.25ms n=1382 | arm->work avg=0.01ms max=0.14ms | arm->eval avg=0.00ms max=0.00ms | copywait avg=0.008ms max=0.092ms | copy-land<= avg=81.95ms max=37340.86ms | work avg=6.40ms max=228.23ms | totals armed=1383 unarmed=0 skipped=0 busy=0 mismatch=0 copies_failed=0 writes=1383 conflicts=0
01:25:00.338  [fg-relay] rate4: throttle depth=1 off=0 | sleep calls=84.9/s waits=0.0/s clear=84.9/s timeouts=0.0/s avg=0.00ms | present calls=84.9/s waits=0.0/s clear=0.0/s timeouts=0.0/s avg=0.00ms | max=106.41ms (process)
01:25:07.323  === Vulkan CreateFeature1 #17  feature_id=18  VkDevice=000000002FE700D0  thread 79160 ===
01:25:07.324  === Vulkan CreateFeature1 #17 returned -1160773630, handle=0000000000000000 ===
01:25:14.182  qpc=4494097501003 [focus-fg] state: enabled=1 hooked=0 foreground=0 minimized=0 hwnd=0000000012AA281C scope_calls=0 original_false=0 kept=0 presents=13983 FG_evaluates=4152
01:25:15.330  [fg-relay] rate/15.0s p2 import_opt=1: presents=85.0/s present-gate[point=85.0 ready=0.0 fallback=0.0 inactive=0.0]/s noinfo=0.0/s stale=0.0/s unlearned=0.0/s attempts=0.0/s armed=0.0/s skipped=0.0/s busy=0.0/s arm-reject[state=0.0 request=0.0 refused=0.0 stopping=0.0 res=0.0 size=0.0]/s pool[cap=0.0 family=0.0 create=0.0 alloc=0.0]/s copy-drop[fence=0.0 reset=0.0 begin=0.0 end=0.0 submit=0.0]/s cf[seq=0.0/s idle=0.0/s nrfence=0.0/s] slotbusy=0.0/s copyfence-busy=0.0/s nr-gpuwait=0.0/s flips=0.0/s
01:25:15.330  [fg-relay] rate2: fginput eval=0.0/s index!=1=0.0/s eval-gate[off=0.0 fallback=0.0 notready=0.0 noinput=0.0 noqueue=0.0]/s relay eval=0.0/s consume=0.0/s inplace=0.0/s(ok 0.0/s) unarmed=0.0/s mismatch=0.0/s relbusy=0.0/s relok=0.0/s relfail=0.0/s release-stage[queue=0.0 pool=0.0 fence=0.0 reset=0.0 begin=0.0 end=0.0 submit=0.0]/s watchdog=0.0/s | worker plays=0.0/s ok=0.0/s fail=0.0/s nr_absent=0.0/s copyfail=0.0/s
01:25:15.330  [fg-relay] rate3: arm->arm avg=81.66ms max=37341.25ms n=1382 | arm->work avg=0.01ms max=0.14ms | arm->eval avg=0.00ms max=0.00ms | copywait avg=0.008ms max=0.092ms | copy-land<= avg=81.95ms max=37340.86ms | work avg=6.40ms max=228.23ms | totals armed=1383 unarmed=0 skipped=0 busy=0 mismatch=0 copies_failed=0 writes=1383 conflicts=0
01:25:15.331  [fg-relay] rate4: throttle depth=1 off=0 | sleep calls=85.0/s waits=0.0/s clear=85.0/s timeouts=0.0/s avg=0.00ms | present calls=85.0/s waits=0.0/s clear=0.0/s timeouts=0.0/s avg=0.00ms | max=106.41ms (process)
01:25:29.180  qpc=4494247474585 [focus-fg] state: enabled=1 hooked=0 foreground=0 minimized=0 hwnd=0000000012AA281C scope_calls=0 original_false=0 kept=0 presents=15260 FG_evaluates=4152
01:25:30.330  [fg-relay] rate/15.0s p2 import_opt=1: presents=85.2/s present-gate[point=85.2 ready=0.0 fallback=0.0 inactive=0.0]/s noinfo=0.0/s stale=0.0/s unlearned=0.0/s attempts=0.0/s armed=0.0/s skipped=0.0/s busy=0.0/s arm-reject[state=0.0 request=0.0 refused=0.0 stopping=0.0 res=0.0 size=0.0]/s pool[cap=0.0 family=0.0 create=0.0 alloc=0.0]/s copy-drop[fence=0.0 reset=0.0 begin=0.0 end=0.0 submit=0.0]/s cf[seq=0.0/s idle=0.0/s nrfence=0.0/s] slotbusy=0.0/s copyfence-busy=0.0/s nr-gpuwait=0.0/s flips=0.0/s
01:25:30.331  [fg-relay] rate2: fginput eval=0.0/s index!=1=0.0/s eval-gate[off=0.0 fallback=0.0 notready=0.0 noinput=0.0 noqueue=0.0]/s relay eval=0.0/s consume=0.0/s inplace=0.0/s(ok 0.0/s) unarmed=0.0/s mismatch=0.0/s relbusy=0.0/s relok=0.0/s relfail=0.0/s release-stage[queue=0.0 pool=0.0 fence=0.0 reset=0.0 begin=0.0 end=0.0 submit=0.0]/s watchdog=0.0/s | worker plays=0.0/s ok=0.0/s fail=0.0/s nr_absent=0.0/s copyfail=0.0/s
01:25:30.331  [fg-relay] rate3: arm->arm avg=81.66ms max=37341.25ms n=1382 | arm->work avg=0.01ms max=0.14ms | arm->eval avg=0.00ms max=0.00ms | copywait avg=0.008ms max=0.092ms | copy-land<= avg=81.95ms max=37340.86ms | work avg=6.40ms max=228.23ms | totals armed=1383 unarmed=0 skipped=0 busy=0 mismatch=0 copies_failed=0 writes=1383 conflicts=0
01:25:30.331  [fg-relay] rate4: throttle depth=1 off=0 | sleep calls=85.3/s waits=0.0/s clear=85.3/s timeouts=0.0/s avg=0.00ms | present calls=85.2/s waits=0.0/s clear=0.0/s timeouts=0.0/s avg=0.00ms | max=106.41ms (process)
01:25:37.328  === Vulkan CreateFeature1 #18  feature_id=18  VkDevice=000000002FE700D0  thread 79160 ===
01:25:37.328  === Vulkan CreateFeature1 #18 returned -1160773630, handle=0000000000000000 ===
01:25:44.185  qpc=4494397527803 [focus-fg] state: enabled=1 hooked=0 foreground=0 minimized=0 hwnd=0000000012AA281C scope_calls=0 original_false=0 kept=0 presents=16544 FG_evaluates=4152
01:25:45.329  [fg-relay] rate/15.0s p2 import_opt=1: presents=85.5/s present-gate[point=85.5 ready=0.0 fallback=0.0 inactive=0.0]/s noinfo=0.0/s stale=0.0/s unlearned=0.0/s attempts=0.0/s armed=0.0/s skipped=0.0/s busy=0.0/s arm-reject[state=0.0 request=0.0 refused=0.0 stopping=0.0 res=0.0 size=0.0]/s pool[cap=0.0 family=0.0 create=0.0 alloc=0.0]/s copy-drop[fence=0.0 reset=0.0 begin=0.0 end=0.0 submit=0.0]/s cf[seq=0.0/s idle=0.0/s nrfence=0.0/s] slotbusy=0.0/s copyfence-busy=0.0/s nr-gpuwait=0.0/s flips=0.0/s
01:25:45.330  [fg-relay] rate2: fginput eval=0.0/s index!=1=0.0/s eval-gate[off=0.0 fallback=0.0 notready=0.0 noinput=0.0 noqueue=0.0]/s relay eval=0.0/s consume=0.0/s inplace=0.0/s(ok 0.0/s) unarmed=0.0/s mismatch=0.0/s relbusy=0.0/s relok=0.0/s relfail=0.0/s release-stage[queue=0.0 pool=0.0 fence=0.0 reset=0.0 begin=0.0 end=0.0 submit=0.0]/s watchdog=0.0/s | worker plays=0.0/s ok=0.0/s fail=0.0/s nr_absent=0.0/s copyfail=0.0/s
01:25:45.330  [fg-relay] rate3: arm->arm avg=81.66ms max=37341.25ms n=1382 | arm->work avg=0.01ms max=0.14ms | arm->eval avg=0.00ms max=0.00ms | copywait avg=0.008ms max=0.092ms | copy-land<= avg=81.95ms max=37340.86ms | work avg=6.40ms max=228.23ms | totals armed=1383 unarmed=0 skipped=0 busy=0 mismatch=0 copies_failed=0 writes=1383 conflicts=0
01:25:45.330  [fg-relay] rate4: throttle depth=1 off=0 | sleep calls=85.5/s waits=0.0/s clear=85.5/s timeouts=0.0/s avg=0.00ms | present calls=85.5/s waits=0.0/s clear=0.0/s timeouts=0.0/s avg=0.00ms | max=106.41ms (process)
01:26:00.180  qpc=4494557476510 [focus-fg] state: enabled=1 hooked=0 foreground=0 minimized=0 hwnd=0000000012AA281C scope_calls=0 original_false=0 kept=0 presents=17909 FG_evaluates=4152
01:26:00.330  [fg-relay] rate/15.0s p2 import_opt=1: presents=85.3/s present-gate[point=85.3 ready=0.0 fallback=0.0 inactive=0.0]/s noinfo=0.0/s stale=0.0/s unlearned=0.0/s attempts=0.0/s armed=0.0/s skipped=0.0/s busy=0.0/s arm-reject[state=0.0 request=0.0 refused=0.0 stopping=0.0 res=0.0 size=0.0]/s pool[cap=0.0 family=0.0 create=0.0 alloc=0.0]/s copy-drop[fence=0.0 reset=0.0 begin=0.0 end=0.0 submit=0.0]/s cf[seq=0.0/s idle=0.0/s nrfence=0.0/s] slotbusy=0.0/s copyfence-busy=0.0/s nr-gpuwait=0.0/s flips=0.0/s
01:26:00.331  [fg-relay] rate2: fginput eval=0.0/s index!=1=0.0/s eval-gate[off=0.0 fallback=0.0 notready=0.0 noinput=0.0 noqueue=0.0]/s relay eval=0.0/s consume=0.0/s inplace=0.0/s(ok 0.0/s) unarmed=0.0/s mismatch=0.0/s relbusy=0.0/s relok=0.0/s relfail=0.0/s release-stage[queue=0.0 pool=0.0 fence=0.0 reset=0.0 begin=0.0 end=0.0 submit=0.0]/s watchdog=0.0/s | worker plays=0.0/s ok=0.0/s fail=0.0/s nr_absent=0.0/s copyfail=0.0/s
01:26:00.331  [fg-relay] rate3: arm->arm avg=81.66ms max=37341.25ms n=1382 | arm->work avg=0.01ms max=0.14ms | arm->eval avg=0.00ms max=0.00ms | copywait avg=0.008ms max=0.092ms | copy-land<= avg=81.95ms max=37340.86ms | work avg=6.40ms max=228.23ms | totals armed=1383 unarmed=0 skipped=0 busy=0 mismatch=0 copies_failed=0 writes=1383 conflicts=0
01:26:00.331  [fg-relay] rate4: throttle depth=1 off=0 | sleep calls=85.3/s waits=0.0/s clear=85.3/s timeouts=0.0/s avg=0.00ms | present calls=85.3/s waits=0.0/s clear=0.0/s timeouts=0.0/s avg=0.00ms | max=106.41ms (process)
01:26:07.337  === Vulkan CreateFeature1 #19  feature_id=18  VkDevice=000000002FE700D0  thread 79160 ===
01:26:07.337  === Vulkan CreateFeature1 #19 returned -1160773630, handle=0000000000000000 ===
01:26:15.178  qpc=4494707448358 [focus-fg] state: enabled=1 hooked=0 foreground=0 minimized=0 hwnd=0000000012AA281C scope_calls=0 original_false=0 kept=0 presents=19185 FG_evaluates=4152
01:26:15.331  [fg-relay] rate/15.0s p2 import_opt=1: presents=85.1/s present-gate[point=85.1 ready=0.0 fallback=0.0 inactive=0.0]/s noinfo=0.0/s stale=0.0/s unlearned=0.0/s attempts=0.0/s armed=0.0/s skipped=0.0/s busy=0.0/s arm-reject[state=0.0 request=0.0 refused=0.0 stopping=0.0 res=0.0 size=0.0]/s pool[cap=0.0 family=0.0 create=0.0 alloc=0.0]/s copy-drop[fence=0.0 reset=0.0 begin=0.0 end=0.0 submit=0.0]/s cf[seq=0.0/s idle=0.0/s nrfence=0.0/s] slotbusy=0.0/s copyfence-busy=0.0/s nr-gpuwait=0.0/s flips=0.0/s
01:26:15.331  [fg-relay] rate2: fginput eval=0.0/s index!=1=0.0/s eval-gate[off=0.0 fallback=0.0 notready=0.0 noinput=0.0 noqueue=0.0]/s relay eval=0.0/s consume=0.0/s inplace=0.0/s(ok 0.0/s) unarmed=0.0/s mismatch=0.0/s relbusy=0.0/s relok=0.0/s relfail=0.0/s release-stage[queue=0.0 pool=0.0 fence=0.0 reset=0.0 begin=0.0 end=0.0 submit=0.0]/s watchdog=0.0/s | worker plays=0.0/s ok=0.0/s fail=0.0/s nr_absent=0.0/s copyfail=0.0/s
01:26:15.331  [fg-relay] rate3: arm->arm avg=81.66ms max=37341.25ms n=1382 | arm->work avg=0.01ms max=0.14ms | arm->eval avg=0.00ms max=0.00ms | copywait avg=0.008ms max=0.092ms | copy-land<= avg=81.95ms max=37340.86ms | work avg=6.40ms max=228.23ms | totals armed=1383 unarmed=0 skipped=0 busy=0 mismatch=0 copies_failed=0 writes=1383 conflicts=0
01:26:15.331  [fg-relay] rate4: throttle depth=1 off=0 | sleep calls=85.1/s waits=0.0/s clear=85.1/s timeouts=0.0/s avg=0.00ms | present calls=85.1/s waits=0.0/s clear=0.0/s timeouts=0.0/s avg=0.00ms | max=106.41ms (process)
01:26:30.182  qpc=4494857490246 [focus-fg] state: enabled=1 hooked=0 foreground=0 minimized=0 hwnd=0000000012AA281C scope_calls=0 original_false=0 kept=0 presents=20460 FG_evaluates=4152
01:26:30.330  [fg-relay] rate/15.0s p2 import_opt=1: presents=85.0/s present-gate[point=85.0 ready=0.0 fallback=0.0 inactive=0.0]/s noinfo=0.0/s stale=0.0/s unlearned=0.0/s attempts=0.0/s armed=0.0/s skipped=0.0/s busy=0.0/s arm-reject[state=0.0 request=0.0 refused=0.0 stopping=0.0 res=0.0 size=0.0]/s pool[cap=0.0 family=0.0 create=0.0 alloc=0.0]/s copy-drop[fence=0.0 reset=0.0 begin=0.0 end=0.0 submit=0.0]/s cf[seq=0.0/s idle=0.0/s nrfence=0.0/s] slotbusy=0.0/s copyfence-busy=0.0/s nr-gpuwait=0.0/s flips=0.0/s
01:26:30.331  [fg-relay] rate2: fginput eval=0.0/s index!=1=0.0/s eval-gate[off=0.0 fallback=0.0 notready=0.0 noinput=0.0 noqueue=0.0]/s relay eval=0.0/s consume=0.0/s inplace=0.0/s(ok 0.0/s) unarmed=0.0/s mismatch=0.0/s relbusy=0.0/s relok=0.0/s relfail=0.0/s release-stage[queue=0.0 pool=0.0 fence=0.0 reset=0.0 begin=0.0 end=0.0 submit=0.0]/s watchdog=0.0/s | worker plays=0.0/s ok=0.0/s fail=0.0/s nr_absent=0.0/s copyfail=0.0/s
01:26:30.331  [fg-relay] rate3: arm->arm avg=81.66ms max=37341.25ms n=1382 | arm->work avg=0.01ms max=0.14ms | arm->eval avg=0.00ms max=0.00ms | copywait avg=0.008ms max=0.092ms | copy-land<= avg=81.95ms max=37340.86ms | work avg=6.40ms max=228.23ms | totals armed=1383 unarmed=0 skipped=0 busy=0 mismatch=0 copies_failed=0 writes=1383 conflicts=0
01:26:30.331  [fg-relay] rate4: throttle depth=1 off=0 | sleep calls=85.0/s waits=0.0/s clear=85.0/s timeouts=0.0/s avg=0.00ms | present calls=85.0/s waits=0.0/s clear=0.0/s timeouts=0.0/s avg=0.00ms | max=106.41ms (process)
01:26:37.340  === Vulkan CreateFeature1 #20  feature_id=18  VkDevice=000000002FE700D0  thread 79160 ===
01:26:37.341  === Vulkan CreateFeature1 #20 returned -1160773630, handle=0000000000000000 ===
01:26:45.185  qpc=4495007517430 [focus-fg] state: enabled=1 hooked=0 foreground=0 minimized=0 hwnd=0000000012AA281C scope_calls=0 original_false=0 kept=0 presents=21655 FG_evaluates=4152
01:26:45.328  [fg-relay] rate/15.0s p2 import_opt=1: presents=79.6/s present-gate[point=79.6 ready=0.0 fallback=0.0 inactive=0.0]/s noinfo=0.0/s stale=0.0/s unlearned=0.0/s attempts=0.0/s armed=0.0/s skipped=0.0/s busy=0.0/s arm-reject[state=0.0 request=0.0 refused=0.0 stopping=0.0 res=0.0 size=0.0]/s pool[cap=0.0 family=0.0 create=0.0 alloc=0.0]/s copy-drop[fence=0.0 reset=0.0 begin=0.0 end=0.0 submit=0.0]/s cf[seq=0.0/s idle=0.0/s nrfence=0.0/s] slotbusy=0.0/s copyfence-busy=0.0/s nr-gpuwait=0.0/s flips=0.0/s
01:26:45.328  [fg-relay] rate2: fginput eval=0.0/s index!=1=0.0/s eval-gate[off=0.0 fallback=0.0 notready=0.0 noinput=0.0 noqueue=0.0]/s relay eval=0.0/s consume=0.0/s inplace=0.0/s(ok 0.0/s) unarmed=0.0/s mismatch=0.0/s relbusy=0.0/s relok=0.0/s relfail=0.0/s release-stage[queue=0.0 pool=0.0 fence=0.0 reset=0.0 begin=0.0 end=0.0 submit=0.0]/s watchdog=0.0/s | worker plays=0.0/s ok=0.0/s fail=0.0/s nr_absent=0.0/s copyfail=0.0/s
01:26:45.329  [fg-relay] rate3: arm->arm avg=81.66ms max=37341.25ms n=1382 | arm->work avg=0.01ms max=0.14ms | arm->eval avg=0.00ms max=0.00ms | copywait avg=0.008ms max=0.092ms | copy-land<= avg=81.95ms max=37340.86ms | work avg=6.40ms max=228.23ms | totals armed=1383 unarmed=0 skipped=0 busy=0 mismatch=0 copies_failed=0 writes=1383 conflicts=0
01:26:45.329  [fg-relay] rate4: throttle depth=1 off=0 | sleep calls=79.6/s waits=0.0/s clear=79.6/s timeouts=0.0/s avg=0.00ms | present calls=79.6/s waits=0.0/s clear=0.0/s timeouts=0.0/s avg=0.00ms | max=106.41ms (process)
01:27:00.177  qpc=4495157447906 [focus-fg] state: enabled=1 hooked=0 foreground=0 minimized=0 hwnd=0000000012AA281C scope_calls=0 original_false=0 kept=0 presents=22852 FG_evaluates=4152
01:27:00.355  [fg-relay] rate/15.0s p2 import_opt=1: presents=79.7/s present-gate[point=79.7 ready=0.0 fallback=0.0 inactive=0.0]/s noinfo=0.0/s stale=0.0/s unlearned=0.0/s attempts=0.0/s armed=0.0/s skipped=0.0/s busy=0.0/s arm-reject[state=0.0 request=0.0 refused=0.0 stopping=0.0 res=0.0 size=0.0]/s pool[cap=0.0 family=0.0 create=0.0 alloc=0.0]/s copy-drop[fence=0.0 reset=0.0 begin=0.0 end=0.0 submit=0.0]/s cf[seq=0.0/s idle=0.0/s nrfence=0.0/s] slotbusy=0.0/s copyfence-busy=0.0/s nr-gpuwait=0.0/s flips=0.0/s
01:27:00.355  [fg-relay] rate2: fginput eval=0.0/s index!=1=0.0/s eval-gate[off=0.0 fallback=0.0 notready=0.0 noinput=0.0 noqueue=0.0]/s relay eval=0.0/s consume=0.0/s inplace=0.0/s(ok 0.0/s) unarmed=0.0/s mismatch=0.0/s relbusy=0.0/s relok=0.0/s relfail=0.0/s release-stage[queue=0.0 pool=0.0 fence=0.0 reset=0.0 begin=0.0 end=0.0 submit=0.0]/s watchdog=0.0/s | worker plays=0.0/s ok=0.0/s fail=0.0/s nr_absent=0.0/s copyfail=0.0/s
01:27:00.355  [fg-relay] rate3: arm->arm avg=81.66ms max=37341.25ms n=1382 | arm->work avg=0.01ms max=0.14ms | arm->eval avg=0.00ms max=0.00ms | copywait avg=0.008ms max=0.092ms | copy-land<= avg=81.95ms max=37340.86ms | work avg=6.40ms max=228.23ms | totals armed=1383 unarmed=0 skipped=0 busy=0 mismatch=0 copies_failed=0 writes=1383 conflicts=0
01:27:00.355  [fg-relay] rate4: throttle depth=1 off=0 | sleep calls=79.7/s waits=0.0/s clear=79.7/s timeouts=0.0/s avg=0.00ms | present calls=79.7/s waits=0.0/s clear=0.0/s timeouts=0.0/s avg=0.00ms | max=106.41ms (process)
01:27:07.352  === Vulkan CreateFeature1 #21  feature_id=18  VkDevice=000000002FE700D0  thread 79160 ===
01:27:07.353  === Vulkan CreateFeature1 #21 returned -1160773630, handle=0000000000000000 ===
01:27:15.354  [fg-relay] rate/15.0s p2 import_opt=1: presents=82.5/s present-gate[point=82.5 ready=0.0 fallback=0.0 inactive=0.0]/s noinfo=0.0/s stale=0.0/s unlearned=0.0/s attempts=0.0/s armed=0.0/s skipped=0.0/s busy=0.0/s arm-reject[state=0.0 request=0.0 refused=0.0 stopping=0.0 res=0.0 size=0.0]/s pool[cap=0.0 family=0.0 create=0.0 alloc=0.0]/s copy-drop[fence=0.0 reset=0.0 begin=0.0 end=0.0 submit=0.0]/s cf[seq=0.0/s idle=0.0/s nrfence=0.0/s] slotbusy=0.0/s copyfence-busy=0.0/s nr-gpuwait=0.0/s flips=0.0/s
01:27:15.354  [fg-relay] rate2: fginput eval=0.0/s index!=1=0.0/s eval-gate[off=0.0 fallback=0.0 notready=0.0 noinput=0.0 noqueue=0.0]/s relay eval=0.0/s consume=0.0/s inplace=0.0/s(ok 0.0/s) unarmed=0.0/s mismatch=0.0/s relbusy=0.0/s relok=0.0/s relfail=0.0/s release-stage[queue=0.0 pool=0.0 fence=0.0 reset=0.0 begin=0.0 end=0.0 submit=0.0]/s watchdog=0.0/s | worker plays=0.0/s ok=0.0/s fail=0.0/s nr_absent=0.0/s copyfail=0.0/s
01:27:15.354  [fg-relay] rate3: arm->arm avg=81.66ms max=37341.25ms n=1382 | arm->work avg=0.01ms max=0.14ms | arm->eval avg=0.00ms max=0.00ms | copywait avg=0.008ms max=0.092ms | copy-land<= avg=81.95ms max=37340.86ms | work avg=6.40ms max=228.23ms | totals armed=1383 unarmed=0 skipped=0 busy=0 mismatch=0 copies_failed=0 writes=1383 conflicts=0
01:27:15.354  [fg-relay] rate4: throttle depth=1 off=0 | sleep calls=82.4/s waits=0.0/s clear=82.4/s timeouts=0.0/s avg=0.00ms | present calls=82.5/s waits=0.0/s clear=0.0/s timeouts=0.0/s avg=0.00ms | max=106.41ms (process)
01:27:16.180  qpc=4495317472439 [focus-fg] state: enabled=1 hooked=0 foreground=0 minimized=0 hwnd=0000000012AA281C scope_calls=0 original_false=0 kept=0 presents=24170 FG_evaluates=4152
01:27:30.352  [fg-relay] rate/15.0s p2 import_opt=1: presents=84.9/s present-gate[point=84.9 ready=0.0 fallback=0.0 inactive=0.0]/s noinfo=0.0/s stale=0.0/s unlearned=0.0/s attempts=0.0/s armed=0.0/s skipped=0.0/s busy=0.0/s arm-reject[state=0.0 request=0.0 refused=0.0 stopping=0.0 res=0.0 size=0.0]/s pool[cap=0.0 family=0.0 create=0.0 alloc=0.0]/s copy-drop[fence=0.0 reset=0.0 begin=0.0 end=0.0 submit=0.0]/s cf[seq=0.0/s idle=0.0/s nrfence=0.0/s] slotbusy=0.0/s copyfence-busy=0.0/s nr-gpuwait=0.0/s flips=0.0/s
01:27:30.352  [fg-relay] rate2: fginput eval=0.0/s index!=1=0.0/s eval-gate[off=0.0 fallback=0.0 notready=0.0 noinput=0.0 noqueue=0.0]/s relay eval=0.0/s consume=0.0/s inplace=0.0/s(ok 0.0/s) unarmed=0.0/s mismatch=0.0/s relbusy=0.0/s relok=0.0/s relfail=0.0/s release-stage[queue=0.0 pool=0.0 fence=0.0 reset=0.0 begin=0.0 end=0.0 submit=0.0]/s watchdog=0.0/s | worker plays=0.0/s ok=0.0/s fail=0.0/s nr_absent=0.0/s copyfail=0.0/s
01:27:30.352  [fg-relay] rate3: arm->arm avg=81.66ms max=37341.25ms n=1382 | arm->work avg=0.01ms max=0.14ms | arm->eval avg=0.00ms max=0.00ms | copywait avg=0.008ms max=0.092ms | copy-land<= avg=81.95ms max=37340.86ms | work avg=6.40ms max=228.23ms | totals armed=1383 unarmed=0 skipped=0 busy=0 mismatch=0 copies_failed=0 writes=1383 conflicts=0
01:27:30.353  [fg-relay] rate4: throttle depth=1 off=0 | sleep calls=84.9/s waits=0.0/s clear=84.9/s timeouts=0.0/s avg=0.00ms | present calls=84.9/s waits=0.0/s clear=0.0/s timeouts=0.0/s avg=0.00ms | max=106.41ms (process)
01:27:32.178  qpc=4495477451208 [focus-fg] state: enabled=1 hooked=0 foreground=0 minimized=0 hwnd=0000000012AA281C scope_calls=0 original_false=0 kept=0 presents=25528 FG_evaluates=4152
01:27:37.364  === Vulkan CreateFeature1 #22  feature_id=18  VkDevice=000000002FE700D0  thread 79160 ===
01:27:37.364  === Vulkan CreateFeature1 #22 returned -1160773630, handle=0000000000000000 ===
01:27:45.354  [fg-relay] rate/15.0s p2 import_opt=1: presents=85.2/s present-gate[point=85.2 ready=0.0 fallback=0.0 inactive=0.0]/s noinfo=0.0/s stale=0.0/s unlearned=0.0/s attempts=0.0/s armed=0.0/s skipped=0.0/s busy=0.0/s arm-reject[state=0.0 request=0.0 refused=0.0 stopping=0.0 res=0.0 size=0.0]/s pool[cap=0.0 family=0.0 create=0.0 alloc=0.0]/s copy-drop[fence=0.0 reset=0.0 begin=0.0 end=0.0 submit=0.0]/s cf[seq=0.0/s idle=0.0/s nrfence=0.0/s] slotbusy=0.0/s copyfence-busy=0.0/s nr-gpuwait=0.0/s flips=0.0/s
01:27:45.354  [fg-relay] rate2: fginput eval=0.0/s index!=1=0.0/s eval-gate[off=0.0 fallback=0.0 notready=0.0 noinput=0.0 noqueue=0.0]/s relay eval=0.0/s consume=0.0/s inplace=0.0/s(ok 0.0/s) unarmed=0.0/s mismatch=0.0/s relbusy=0.0/s relok=0.0/s relfail=0.0/s release-stage[queue=0.0 pool=0.0 fence=0.0 reset=0.0 begin=0.0 end=0.0 submit=0.0]/s watchdog=0.0/s | worker plays=0.0/s ok=0.0/s fail=0.0/s nr_absent=0.0/s copyfail=0.0/s
01:27:45.354  [fg-relay] rate3: arm->arm avg=81.66ms max=37341.25ms n=1382 | arm->work avg=0.01ms max=0.14ms | arm->eval avg=0.00ms max=0.00ms | copywait avg=0.008ms max=0.092ms | copy-land<= avg=81.95ms max=37340.86ms | work avg=6.40ms max=228.23ms | totals armed=1383 unarmed=0 skipped=0 busy=0 mismatch=0 copies_failed=0 writes=1383 conflicts=0
01:27:45.354  [fg-relay] rate4: throttle depth=1 off=0 | sleep calls=85.2/s waits=0.0/s clear=85.2/s timeouts=0.0/s avg=0.00ms | present calls=85.2/s waits=0.0/s clear=0.0/s timeouts=0.0/s avg=0.00ms | max=106.41ms (process)
01:27:47.177  qpc=4495627443672 [focus-fg] state: enabled=1 hooked=0 foreground=0 minimized=0 hwnd=0000000012AA281C scope_calls=0 original_false=0 kept=0 presents=26806 FG_evaluates=4152
01:28:00.353  [fg-relay] rate/15.0s p2 import_opt=1: presents=85.3/s present-gate[point=85.3 ready=0.0 fallback=0.0 inactive=0.0]/s noinfo=0.0/s stale=0.0/s unlearned=0.0/s attempts=0.0/s armed=0.0/s skipped=0.0/s busy=0.0/s arm-reject[state=0.0 request=0.0 refused=0.0 stopping=0.0 res=0.0 size=0.0]/s pool[cap=0.0 family=0.0 create=0.0 alloc=0.0]/s copy-drop[fence=0.0 reset=0.0 begin=0.0 end=0.0 submit=0.0]/s cf[seq=0.0/s idle=0.0/s nrfence=0.0/s] slotbusy=0.0/s copyfence-busy=0.0/s nr-gpuwait=0.0/s flips=0.0/s
01:28:00.354  [fg-relay] rate2: fginput eval=0.0/s index!=1=0.0/s eval-gate[off=0.0 fallback=0.0 notready=0.0 noinput=0.0 noqueue=0.0]/s relay eval=0.0/s consume=0.0/s inplace=0.0/s(ok 0.0/s) unarmed=0.0/s mismatch=0.0/s relbusy=0.0/s relok=0.0/s relfail=0.0/s release-stage[queue=0.0 pool=0.0 fence=0.0 reset=0.0 begin=0.0 end=0.0 submit=0.0]/s watchdog=0.0/s | worker plays=0.0/s ok=0.0/s fail=0.0/s nr_absent=0.0/s copyfail=0.0/s
01:28:00.354  [fg-relay] rate3: arm->arm avg=81.66ms max=37341.25ms n=1382 | arm->work avg=0.01ms max=0.14ms | arm->eval avg=0.00ms max=0.00ms | copywait avg=0.008ms max=0.092ms | copy-land<= avg=81.95ms max=37340.86ms | work avg=6.40ms max=228.23ms | totals armed=1383 unarmed=0 skipped=0 busy=0 mismatch=0 copies_failed=0 writes=1383 conflicts=0
01:28:00.354  [fg-relay] rate4: throttle depth=1 off=0 | sleep calls=85.3/s waits=0.0/s clear=85.3/s timeouts=0.0/s avg=0.00ms | present calls=85.3/s waits=0.0/s clear=0.0/s timeouts=0.0/s avg=0.00ms | max=106.41ms (process)
01:28:02.183  qpc=4495777507852 [focus-fg] state: enabled=1 hooked=0 foreground=0 minimized=0 hwnd=0000000012AA281C scope_calls=0 original_false=0 kept=0 presents=28086 FG_evaluates=4152
01:28:07.373  === Vulkan CreateFeature1 #23  feature_id=18  VkDevice=000000002FE700D0  thread 79160 ===
01:28:07.374  === Vulkan CreateFeature1 #23 returned -1160773630, handle=0000000000000000 ===
01:28:15.355  [fg-relay] rate/15.0s p2 import_opt=1: presents=85.1/s present-gate[point=85.1 ready=0.0 fallback=0.0 inactive=0.0]/s noinfo=0.0/s stale=0.0/s unlearned=0.0/s attempts=0.0/s armed=0.0/s skipped=0.0/s busy=0.0/s arm-reject[state=0.0 request=0.0 refused=0.0 stopping=0.0 res=0.0 size=0.0]/s pool[cap=0.0 family=0.0 create=0.0 alloc=0.0]/s copy-drop[fence=0.0 reset=0.0 begin=0.0 end=0.0 submit=0.0]/s cf[seq=0.0/s idle=0.0/s nrfence=0.0/s] slotbusy=0.0/s copyfence-busy=0.0/s nr-gpuwait=0.0/s flips=0.0/s
01:28:15.356  [fg-relay] rate2: fginput eval=0.0/s index!=1=0.0/s eval-gate[off=0.0 fallback=0.0 notready=0.0 noinput=0.0 noqueue=0.0]/s relay eval=0.0/s consume=0.0/s inplace=0.0/s(ok 0.0/s) unarmed=0.0/s mismatch=0.0/s relbusy=0.0/s relok=0.0/s relfail=0.0/s release-stage[queue=0.0 pool=0.0 fence=0.0 reset=0.0 begin=0.0 end=0.0 submit=0.0]/s watchdog=0.0/s | worker plays=0.0/s ok=0.0/s fail=0.0/s nr_absent=0.0/s copyfail=0.0/s
01:28:15.356  [fg-relay] rate3: arm->arm avg=81.66ms max=37341.25ms n=1382 | arm->work avg=0.01ms max=0.14ms | arm->eval avg=0.00ms max=0.00ms | copywait avg=0.008ms max=0.092ms | copy-land<= avg=81.95ms max=37340.86ms | work avg=6.40ms max=228.23ms | totals armed=1383 unarmed=0 skipped=0 busy=0 mismatch=0 copies_failed=0 writes=1383 conflicts=0
01:28:15.356  [fg-relay] rate4: throttle depth=1 off=0 | sleep calls=85.1/s waits=0.0/s clear=85.1/s timeouts=0.0/s avg=0.00ms | present calls=85.1/s waits=0.0/s clear=0.0/s timeouts=0.0/s avg=0.00ms | max=106.41ms (process)
01:28:17.178  qpc=4495927448302 [focus-fg] state: enabled=1 hooked=0 foreground=0 minimized=0 hwnd=0000000012AA281C scope_calls=0 original_false=0 kept=0 presents=29362 FG_evaluates=4152
01:28:30.354  [fg-relay] rate/15.0s p2 import_opt=1: presents=83.1/s present-gate[point=83.1 ready=0.0 fallback=0.0 inactive=0.0]/s noinfo=0.0/s stale=0.0/s unlearned=0.0/s attempts=0.0/s armed=0.0/s skipped=0.0/s busy=0.0/s arm-reject[state=0.0 request=0.0 refused=0.0 stopping=0.0 res=0.0 size=0.0]/s pool[cap=0.0 family=0.0 create=0.0 alloc=0.0]/s copy-drop[fence=0.0 reset=0.0 begin=0.0 end=0.0 submit=0.0]/s cf[seq=0.0/s idle=0.0/s nrfence=0.0/s] slotbusy=0.0/s copyfence-busy=0.0/s nr-gpuwait=0.0/s flips=0.0/s
01:28:30.355  [fg-relay] rate2: fginput eval=0.0/s index!=1=0.0/s eval-gate[off=0.0 fallback=0.0 notready=0.0 noinput=0.0 noqueue=0.0]/s relay eval=0.0/s consume=0.0/s inplace=0.0/s(ok 0.0/s) unarmed=0.0/s mismatch=0.0/s relbusy=0.0/s relok=0.0/s relfail=0.0/s release-stage[queue=0.0 pool=0.0 fence=0.0 reset=0.0 begin=0.0 end=0.0 submit=0.0]/s watchdog=0.0/s | worker plays=0.0/s ok=0.0/s fail=0.0/s nr_absent=0.0/s copyfail=0.0/s
01:28:30.355  [fg-relay] rate3: arm->arm avg=81.66ms max=37341.25ms n=1382 | arm->work avg=0.01ms max=0.14ms | arm->eval avg=0.00ms max=0.00ms | copywait avg=0.008ms max=0.092ms | copy-land<= avg=81.95ms max=37340.86ms | work avg=6.40ms max=228.23ms | totals armed=1383 unarmed=0 skipped=0 busy=0 mismatch=0 copies_failed=0 writes=1383 conflicts=0
01:28:30.355  [fg-relay] rate4: throttle depth=1 off=0 | sleep calls=83.1/s waits=0.0/s clear=83.1/s timeouts=0.0/s avg=0.00ms | present calls=83.1/s waits=0.0/s clear=0.0/s timeouts=0.0/s avg=0.00ms | max=106.41ms (process)
01:28:33.201  qpc=4496087683692 [focus-fg] state: enabled=1 hooked=0 foreground=0 minimized=0 hwnd=0000000012AA281C scope_calls=0 original_false=0 kept=0 presents=30684 FG_evaluates=4152
01:28:37.379  === Vulkan CreateFeature1 #24  feature_id=18  VkDevice=000000002FE700D0  thread 79160 ===
01:28:37.380  === Vulkan CreateFeature1 #24 returned -1160773630, handle=0000000000000000 ===
01:28:45.350  [fg-relay] rate/15.0s p2 import_opt=1: presents=80.3/s present-gate[point=80.3 ready=0.0 fallback=0.0 inactive=0.0]/s noinfo=0.0/s stale=0.0/s unlearned=0.0/s attempts=0.0/s armed=0.0/s skipped=0.0/s busy=0.0/s arm-reject[state=0.0 request=0.0 refused=0.0 stopping=0.0 res=0.0 size=0.0]/s pool[cap=0.0 family=0.0 create=0.0 alloc=0.0]/s copy-drop[fence=0.0 reset=0.0 begin=0.0 end=0.0 submit=0.0]/s cf[seq=0.0/s idle=0.0/s nrfence=0.0/s] slotbusy=0.0/s copyfence-busy=0.0/s nr-gpuwait=0.0/s flips=0.0/s
01:28:45.350  [fg-relay] rate2: fginput eval=0.0/s index!=1=0.0/s eval-gate[off=0.0 fallback=0.0 notready=0.0 noinput=0.0 noqueue=0.0]/s relay eval=0.0/s consume=0.0/s inplace=0.0/s(ok 0.0/s) unarmed=0.0/s mismatch=0.0/s relbusy=0.0/s relok=0.0/s relfail=0.0/s release-stage[queue=0.0 pool=0.0 fence=0.0 reset=0.0 begin=0.0 end=0.0 submit=0.0]/s watchdog=0.0/s | worker plays=0.0/s ok=0.0/s fail=0.0/s nr_absent=0.0/s copyfail=0.0/s
01:28:45.350  [fg-relay] rate3: arm->arm avg=81.66ms max=37341.25ms n=1382 | arm->work avg=0.01ms max=0.14ms | arm->eval avg=0.00ms max=0.00ms | copywait avg=0.008ms max=0.092ms | copy-land<= avg=81.95ms max=37340.86ms | work avg=6.40ms max=228.23ms | totals armed=1383 unarmed=0 skipped=0 busy=0 mismatch=0 copies_failed=0 writes=1383 conflicts=0
01:28:45.350  [fg-relay] rate4: throttle depth=1 off=0 | sleep calls=80.3/s waits=0.0/s clear=80.3/s timeouts=0.0/s avg=0.00ms | present calls=80.3/s waits=0.0/s clear=0.0/s timeouts=0.0/s avg=0.00ms | max=106.41ms (process)
01:28:49.199  qpc=4496247666685 [focus-fg] state: enabled=1 hooked=0 foreground=0 minimized=0 hwnd=0000000012AA281C scope_calls=0 original_false=0 kept=0 presents=31970 FG_evaluates=4152
01:29:00.357  [fg-relay] rate/15.0s p2 import_opt=1: presents=81.1/s present-gate[point=81.1 ready=0.0 fallback=0.0 inactive=0.0]/s noinfo=0.0/s stale=0.0/s unlearned=0.0/s attempts=0.0/s armed=0.0/s skipped=0.0/s busy=0.0/s arm-reject[state=0.0 request=0.0 refused=0.0 stopping=0.0 res=0.0 size=0.0]/s pool[cap=0.0 family=0.0 create=0.0 alloc=0.0]/s copy-drop[fence=0.0 reset=0.0 begin=0.0 end=0.0 submit=0.0]/s cf[seq=0.0/s idle=0.0/s nrfence=0.0/s] slotbusy=0.0/s copyfence-busy=0.0/s nr-gpuwait=0.0/s flips=0.0/s
01:29:00.357  [fg-relay] rate2: fginput eval=0.0/s index!=1=0.0/s eval-gate[off=0.0 fallback=0.0 notready=0.0 noinput=0.0 noqueue=0.0]/s relay eval=0.0/s consume=0.0/s inplace=0.0/s(ok 0.0/s) unarmed=0.0/s mismatch=0.0/s relbusy=0.0/s relok=0.0/s relfail=0.0/s release-stage[queue=0.0 pool=0.0 fence=0.0 reset=0.0 begin=0.0 end=0.0 submit=0.0]/s watchdog=0.0/s | worker plays=0.0/s ok=0.0/s fail=0.0/s nr_absent=0.0/s copyfail=0.0/s
01:29:00.357  [fg-relay] rate3: arm->arm avg=81.66ms max=37341.25ms n=1382 | arm->work avg=0.01ms max=0.14ms | arm->eval avg=0.00ms max=0.00ms | copywait avg=0.008ms max=0.092ms | copy-land<= avg=81.95ms max=37340.86ms | work avg=6.40ms max=228.23ms | totals armed=1383 unarmed=0 skipped=0 busy=0 mismatch=0 copies_failed=0 writes=1383 conflicts=0
01:29:00.357  [fg-relay] rate4: throttle depth=1 off=0 | sleep calls=81.1/s waits=0.0/s clear=81.1/s timeouts=0.0/s avg=0.00ms | present calls=81.1/s waits=0.0/s clear=0.0/s timeouts=0.0/s avg=0.00ms | max=106.41ms (process)
01:29:04.199  qpc=4496397665836 [focus-fg] state: enabled=1 hooked=0 foreground=0 minimized=0 hwnd=0000000012AA281C scope_calls=0 original_false=0 kept=0 presents=33188 FG_evaluates=4152
01:29:07.381  === Vulkan CreateFeature1 #25  feature_id=18  VkDevice=000000002FE700D0  thread 79160 ===
01:29:07.381  === Vulkan CreateFeature1 #25 returned -1160773630, handle=0000000000000000 ===
01:29:15.348  [fg-relay] rate/15.0s p2 import_opt=1: presents=82.9/s present-gate[point=82.9 ready=0.0 fallback=0.0 inactive=0.0]/s noinfo=0.0/s stale=0.0/s unlearned=0.0/s attempts=0.0/s armed=0.0/s skipped=0.0/s busy=0.0/s arm-reject[state=0.0 request=0.0 refused=0.0 stopping=0.0 res=0.0 size=0.0]/s pool[cap=0.0 family=0.0 create=0.0 alloc=0.0]/s copy-drop[fence=0.0 reset=0.0 begin=0.0 end=0.0 submit=0.0]/s cf[seq=0.0/s idle=0.0/s nrfence=0.0/s] slotbusy=0.0/s copyfence-busy=0.0/s nr-gpuwait=0.0/s flips=0.0/s
01:29:15.349  [fg-relay] rate2: fginput eval=0.0/s index!=1=0.0/s eval-gate[off=0.0 fallback=0.0 notready=0.0 noinput=0.0 noqueue=0.0]/s relay eval=0.0/s consume=0.0/s inplace=0.0/s(ok 0.0/s) unarmed=0.0/s mismatch=0.0/s relbusy=0.0/s relok=0.0/s relfail=0.0/s release-stage[queue=0.0 pool=0.0 fence=0.0 reset=0.0 begin=0.0 end=0.0 submit=0.0]/s watchdog=0.0/s | worker plays=0.0/s ok=0.0/s fail=0.0/s nr_absent=0.0/s copyfail=0.0/s
01:29:15.349  [fg-relay] rate3: arm->arm avg=81.66ms max=37341.25ms n=1382 | arm->work avg=0.01ms max=0.14ms | arm->eval avg=0.00ms max=0.00ms | copywait avg=0.008ms max=0.092ms | copy-land<= avg=81.95ms max=37340.86ms | work avg=6.40ms max=228.23ms | totals armed=1383 unarmed=0 skipped=0 busy=0 mismatch=0 copies_failed=0 writes=1383 conflicts=0
01:29:15.349  [fg-relay] rate4: throttle depth=1 off=0 | sleep calls=82.9/s waits=0.0/s clear=82.9/s timeouts=0.0/s avg=0.00ms | present calls=82.9/s waits=0.0/s clear=0.0/s timeouts=0.0/s avg=0.00ms | max=106.41ms (process)
01:29:19.197  qpc=4496547641015 [focus-fg] state: enabled=1 hooked=0 foreground=0 minimized=0 hwnd=0000000012AA281C scope_calls=0 original_false=0 kept=0 presents=34443 FG_evaluates=4152
01:29:30.346  [fg-relay] rate/15.0s p2 import_opt=1: presents=84.7/s present-gate[point=84.7 ready=0.0 fallback=0.0 inactive=0.0]/s noinfo=0.0/s stale=0.0/s unlearned=0.0/s attempts=0.0/s armed=0.0/s skipped=0.0/s busy=0.0/s arm-reject[state=0.0 request=0.0 refused=0.0 stopping=0.0 res=0.0 size=0.0]/s pool[cap=0.0 family=0.0 create=0.0 alloc=0.0]/s copy-drop[fence=0.0 reset=0.0 begin=0.0 end=0.0 submit=0.0]/s cf[seq=0.0/s idle=0.0/s nrfence=0.0/s] slotbusy=0.0/s copyfence-busy=0.0/s nr-gpuwait=0.0/s flips=0.0/s
01:29:30.346  [fg-relay] rate2: fginput eval=0.0/s index!=1=0.0/s eval-gate[off=0.0 fallback=0.0 notready=0.0 noinput=0.0 noqueue=0.0]/s relay eval=0.0/s consume=0.0/s inplace=0.0/s(ok 0.0/s) unarmed=0.0/s mismatch=0.0/s relbusy=0.0/s relok=0.0/s relfail=0.0/s release-stage[queue=0.0 pool=0.0 fence=0.0 reset=0.0 begin=0.0 end=0.0 submit=0.0]/s watchdog=0.0/s | worker plays=0.0/s ok=0.0/s fail=0.0/s nr_absent=0.0/s copyfail=0.0/s
01:29:30.346  [fg-relay] rate3: arm->arm avg=81.66ms max=37341.25ms n=1382 | arm->work avg=0.01ms max=0.14ms | arm->eval avg=0.00ms max=0.00ms | copywait avg=0.008ms max=0.092ms | copy-land<= avg=81.95ms max=37340.86ms | work avg=6.40ms max=228.23ms | totals armed=1383 unarmed=0 skipped=0 busy=0 mismatch=0 copies_failed=0 writes=1383 conflicts=0
01:29:30.346  [fg-relay] rate4: throttle depth=1 off=0 | sleep calls=84.8/s waits=0.0/s clear=84.8/s timeouts=0.0/s avg=0.00ms | present calls=84.7/s waits=0.0/s clear=0.0/s timeouts=0.0/s avg=0.00ms | max=106.41ms (process)
01:29:34.193  qpc=4496697606996 [focus-fg] state: enabled=1 hooked=0 foreground=0 minimized=0 hwnd=0000000012AA281C scope_calls=0 original_false=0 kept=0 presents=35712 FG_evaluates=4152
01:29:37.382  === Vulkan CreateFeature1 #26  feature_id=18  VkDevice=000000002FE700D0  thread 79160 ===
01:29:37.382  === Vulkan CreateFeature1 #26 returned -1160773630, handle=0000000000000000 ===
01:29:45.349  [fg-relay] rate/15.0s p2 import_opt=1: presents=84.7/s present-gate[point=84.7 ready=0.0 fallback=0.0 inactive=0.0]/s noinfo=0.0/s stale=0.0/s unlearned=0.0/s attempts=0.0/s armed=0.0/s skipped=0.0/s busy=0.0/s arm-reject[state=0.0 request=0.0 refused=0.0 stopping=0.0 res=0.0 size=0.0]/s pool[cap=0.0 family=0.0 create=0.0 alloc=0.0]/s copy-drop[fence=0.0 reset=0.0 begin=0.0 end=0.0 submit=0.0]/s cf[seq=0.0/s idle=0.0/s nrfence=0.0/s] slotbusy=0.0/s copyfence-busy=0.0/s nr-gpuwait=0.0/s flips=0.0/s
01:29:45.350  [fg-relay] rate2: fginput eval=0.0/s index!=1=0.0/s eval-gate[off=0.0 fallback=0.0 notready=0.0 noinput=0.0 noqueue=0.0]/s relay eval=0.0/s consume=0.0/s inplace=0.0/s(ok 0.0/s) unarmed=0.0/s mismatch=0.0/s relbusy=0.0/s relok=0.0/s relfail=0.0/s release-stage[queue=0.0 pool=0.0 fence=0.0 reset=0.0 begin=0.0 end=0.0 submit=0.0]/s watchdog=0.0/s | worker plays=0.0/s ok=0.0/s fail=0.0/s nr_absent=0.0/s copyfail=0.0/s
01:29:45.350  [fg-relay] rate3: arm->arm avg=81.66ms max=37341.25ms n=1382 | arm->work avg=0.01ms max=0.14ms | arm->eval avg=0.00ms max=0.00ms | copywait avg=0.008ms max=0.092ms | copy-land<= avg=81.95ms max=37340.86ms | work avg=6.40ms max=228.23ms | totals armed=1383 unarmed=0 skipped=0 busy=0 mismatch=0 copies_failed=0 writes=1383 conflicts=0
01:29:45.351  [fg-relay] rate4: throttle depth=1 off=0 | sleep calls=84.6/s waits=0.0/s clear=84.6/s timeouts=0.0/s avg=0.00ms | present calls=84.7/s waits=0.0/s clear=0.0/s timeouts=0.0/s avg=0.00ms | max=106.41ms (process)
01:29:49.198  qpc=4496847652488 [focus-fg] state: enabled=1 hooked=0 foreground=0 minimized=0 hwnd=0000000012AA281C scope_calls=0 original_false=0 kept=0 presents=36987 FG_evaluates=4152
01:30:00.352  [fg-relay] rate/15.0s p2 import_opt=1: presents=85.3/s present-gate[point=85.3 ready=0.0 fallback=0.0 inactive=0.0]/s noinfo=0.0/s stale=0.0/s unlearned=0.0/s attempts=0.0/s armed=0.0/s skipped=0.0/s busy=0.0/s arm-reject[state=0.0 request=0.0 refused=0.0 stopping=0.0 res=0.0 size=0.0]/s pool[cap=0.0 family=0.0 create=0.0 alloc=0.0]/s copy-drop[fence=0.0 reset=0.0 begin=0.0 end=0.0 submit=0.0]/s cf[seq=0.0/s idle=0.0/s nrfence=0.0/s] slotbusy=0.0/s copyfence-busy=0.0/s nr-gpuwait=0.0/s flips=0.0/s
01:30:00.353  [fg-relay] rate2: fginput eval=0.0/s index!=1=0.0/s eval-gate[off=0.0 fallback=0.0 notready=0.0 noinput=0.0 noqueue=0.0]/s relay eval=0.0/s consume=0.0/s inplace=0.0/s(ok 0.0/s) unarmed=0.0/s mismatch=0.0/s relbusy=0.0/s relok=0.0/s relfail=0.0/s release-stage[queue=0.0 pool=0.0 fence=0.0 reset=0.0 begin=0.0 end=0.0 submit=0.0]/s watchdog=0.0/s | worker plays=0.0/s ok=0.0/s fail=0.0/s nr_absent=0.0/s copyfail=0.0/s
01:30:00.353  [fg-relay] rate3: arm->arm avg=81.66ms max=37341.25ms n=1382 | arm->work avg=0.01ms max=0.14ms | arm->eval avg=0.00ms max=0.00ms | copywait avg=0.008ms max=0.092ms | copy-land<= avg=81.95ms max=37340.86ms | work avg=6.40ms max=228.23ms | totals armed=1383 unarmed=0 skipped=0 busy=0 mismatch=0 copies_failed=0 writes=1383 conflicts=0
01:30:00.353  [fg-relay] rate4: throttle depth=1 off=0 | sleep calls=85.3/s waits=0.0/s clear=85.3/s timeouts=0.0/s avg=0.00ms | present calls=85.3/s waits=0.0/s clear=0.0/s timeouts=0.0/s avg=0.00ms | max=106.41ms (process)
01:30:04.191  qpc=4496997583986 [focus-fg] state: enabled=1 hooked=0 foreground=0 minimized=0 hwnd=0000000012AA281C scope_calls=0 original_false=0 kept=0 presents=38266 FG_evaluates=4152
01:30:07.386  === Vulkan CreateFeature1 #27  feature_id=18  VkDevice=000000002FE700D0  thread 79160 ===
01:30:07.387  === Vulkan CreateFeature1 #27 returned -1160773630, handle=0000000000000000 ===
01:30:15.346  [fg-relay] rate/15.0s p2 import_opt=1: presents=85.4/s present-gate[point=85.4 ready=0.0 fallback=0.0 inactive=0.0]/s noinfo=0.0/s stale=0.0/s unlearned=0.0/s attempts=0.0/s armed=0.0/s skipped=0.0/s busy=0.0/s arm-reject[state=0.0 request=0.0 refused=0.0 stopping=0.0 res=0.0 size=0.0]/s pool[cap=0.0 family=0.0 create=0.0 alloc=0.0]/s copy-drop[fence=0.0 reset=0.0 begin=0.0 end=0.0 submit=0.0]/s cf[seq=0.0/s idle=0.0/s nrfence=0.0/s] slotbusy=0.0/s copyfence-busy=0.0/s nr-gpuwait=0.0/s flips=0.0/s
01:30:15.346  [fg-relay] rate2: fginput eval=0.0/s index!=1=0.0/s eval-gate[off=0.0 fallback=0.0 notready=0.0 noinput=0.0 noqueue=0.0]/s relay eval=0.0/s consume=0.0/s inplace=0.0/s(ok 0.0/s) unarmed=0.0/s mismatch=0.0/s relbusy=0.0/s relok=0.0/s relfail=0.0/s release-stage[queue=0.0 pool=0.0 fence=0.0 reset=0.0 begin=0.0 end=0.0 submit=0.0]/s watchdog=0.0/s | worker plays=0.0/s ok=0.0/s fail=0.0/s nr_absent=0.0/s copyfail=0.0/s
01:30:15.346  [fg-relay] rate3: arm->arm avg=81.66ms max=37341.25ms n=1382 | arm->work avg=0.01ms max=0.14ms | arm->eval avg=0.00ms max=0.00ms | copywait avg=0.008ms max=0.092ms | copy-land<= avg=81.95ms max=37340.86ms | work avg=6.40ms max=228.23ms | totals armed=1383 unarmed=0 skipped=0 busy=0 mismatch=0 copies_failed=0 writes=1383 conflicts=0
01:30:15.346  [fg-relay] rate4: throttle depth=1 off=0 | sleep calls=85.4/s waits=0.0/s clear=85.4/s timeouts=0.0/s avg=0.00ms | present calls=85.4/s waits=0.0/s clear=0.0/s timeouts=0.0/s avg=0.00ms | max=106.41ms (process)
01:30:19.196  qpc=4497147629075 [focus-fg] state: enabled=1 hooked=0 foreground=0 minimized=0 hwnd=0000000012AA281C scope_calls=0 original_false=0 kept=0 presents=39551 FG_evaluates=4152
01:30:30.355  [fg-relay] rate/15.0s p2 import_opt=1: presents=85.5/s present-gate[point=85.5 ready=0.0 fallback=0.0 inactive=0.0]/s noinfo=0.0/s stale=0.0/s unlearned=0.0/s attempts=0.0/s armed=0.0/s skipped=0.0/s busy=0.0/s arm-reject[state=0.0 request=0.0 refused=0.0 stopping=0.0 res=0.0 size=0.0]/s pool[cap=0.0 family=0.0 create=0.0 alloc=0.0]/s copy-drop[fence=0.0 reset=0.0 begin=0.0 end=0.0 submit=0.0]/s cf[seq=0.0/s idle=0.0/s nrfence=0.0/s] slotbusy=0.0/s copyfence-busy=0.0/s nr-gpuwait=0.0/s flips=0.0/s
01:30:30.355  [fg-relay] rate2: fginput eval=0.0/s index!=1=0.0/s eval-gate[off=0.0 fallback=0.0 notready=0.0 noinput=0.0 noqueue=0.0]/s relay eval=0.0/s consume=0.0/s inplace=0.0/s(ok 0.0/s) unarmed=0.0/s mismatch=0.0/s relbusy=0.0/s relok=0.0/s relfail=0.0/s release-stage[queue=0.0 pool=0.0 fence=0.0 reset=0.0 begin=0.0 end=0.0 submit=0.0]/s watchdog=0.0/s | worker plays=0.0/s ok=0.0/s fail=0.0/s nr_absent=0.0/s copyfail=0.0/s
01:30:30.355  [fg-relay] rate3: arm->arm avg=81.66ms max=37341.25ms n=1382 | arm->work avg=0.01ms max=0.14ms | arm->eval avg=0.00ms max=0.00ms | copywait avg=0.008ms max=0.092ms | copy-land<= avg=81.95ms max=37340.86ms | work avg=6.40ms max=228.23ms | totals armed=1383 unarmed=0 skipped=0 busy=0 mismatch=0 copies_failed=0 writes=1383 conflicts=0
01:30:30.355  [fg-relay] rate4: throttle depth=1 off=0 | sleep calls=85.5/s waits=0.0/s clear=85.5/s timeouts=0.0/s avg=0.00ms | present calls=85.5/s waits=0.0/s clear=0.0/s timeouts=0.0/s avg=0.00ms | max=106.41ms (process)
01:30:34.197  qpc=4497297646684 [focus-fg] state: enabled=1 hooked=0 foreground=0 minimized=0 hwnd=0000000012AA281C scope_calls=0 original_false=0 kept=0 presents=40828 FG_evaluates=4152
01:30:37.391  === Vulkan CreateFeature1 #28  feature_id=18  VkDevice=000000002FE700D0  thread 79160 ===
01:30:37.391  === Vulkan CreateFeature1 #28 returned -1160773630, handle=0000000000000000 ===
01:30:45.353  [fg-relay] rate/15.0s p2 import_opt=1: presents=84.9/s present-gate[point=84.9 ready=0.0 fallback=0.0 inactive=0.0]/s noinfo=0.0/s stale=0.0/s unlearned=0.0/s attempts=0.0/s armed=0.0/s skipped=0.0/s busy=0.0/s arm-reject[state=0.0 request=0.0 refused=0.0 stopping=0.0 res=0.0 size=0.0]/s pool[cap=0.0 family=0.0 create=0.0 alloc=0.0]/s copy-drop[fence=0.0 reset=0.0 begin=0.0 end=0.0 submit=0.0]/s cf[seq=0.0/s idle=0.0/s nrfence=0.0/s] slotbusy=0.0/s copyfence-busy=0.0/s nr-gpuwait=0.0/s flips=0.0/s
01:30:45.353  [fg-relay] rate2: fginput eval=0.0/s index!=1=0.0/s eval-gate[off=0.0 fallback=0.0 notready=0.0 noinput=0.0 noqueue=0.0]/s relay eval=0.0/s consume=0.0/s inplace=0.0/s(ok 0.0/s) unarmed=0.0/s mismatch=0.0/s relbusy=0.0/s relok=0.0/s relfail=0.0/s release-stage[queue=0.0 pool=0.0 fence=0.0 reset=0.0 begin=0.0 end=0.0 submit=0.0]/s watchdog=0.0/s | worker plays=0.0/s ok=0.0/s fail=0.0/s nr_absent=0.0/s copyfail=0.0/s
01:30:45.353  [fg-relay] rate3: arm->arm avg=81.66ms max=37341.25ms n=1382 | arm->work avg=0.01ms max=0.14ms | arm->eval avg=0.00ms max=0.00ms | copywait avg=0.008ms max=0.092ms | copy-land<= avg=81.95ms max=37340.86ms | work avg=6.40ms max=228.23ms | totals armed=1383 unarmed=0 skipped=0 busy=0 mismatch=0 copies_failed=0 writes=1383 conflicts=0
01:30:45.353  [fg-relay] rate4: throttle depth=1 off=0 | sleep calls=84.9/s waits=0.0/s clear=84.9/s timeouts=0.0/s avg=0.00ms | present calls=84.9/s waits=0.0/s clear=0.0/s timeouts=0.0/s avg=0.00ms | max=106.41ms (process)
01:30:49.199  qpc=4497447661005 [focus-fg] state: enabled=1 hooked=0 foreground=0 minimized=0 hwnd=0000000012AA281C scope_calls=0 original_false=0 kept=0 presents=42102 FG_evaluates=4152
01:31:00.351  [fg-relay] rate/15.0s p2 import_opt=1: presents=85.1/s present-gate[point=85.1 ready=0.0 fallback=0.0 inactive=0.0]/s noinfo=0.0/s stale=0.0/s unlearned=0.0/s attempts=0.0/s armed=0.0/s skipped=0.0/s busy=0.0/s arm-reject[state=0.0 request=0.0 refused=0.0 stopping=0.0 res=0.0 size=0.0]/s pool[cap=0.0 family=0.0 create=0.0 alloc=0.0]/s copy-drop[fence=0.0 reset=0.0 begin=0.0 end=0.0 submit=0.0]/s cf[seq=0.0/s idle=0.0/s nrfence=0.0/s] slotbusy=0.0/s copyfence-busy=0.0/s nr-gpuwait=0.0/s flips=0.0/s
01:31:00.351  [fg-relay] rate2: fginput eval=0.0/s index!=1=0.0/s eval-gate[off=0.0 fallback=0.0 notready=0.0 noinput=0.0 noqueue=0.0]/s relay eval=0.0/s consume=0.0/s inplace=0.0/s(ok 0.0/s) unarmed=0.0/s mismatch=0.0/s relbusy=0.0/s relok=0.0/s relfail=0.0/s release-stage[queue=0.0 pool=0.0 fence=0.0 reset=0.0 begin=0.0 end=0.0 submit=0.0]/s watchdog=0.0/s | worker plays=0.0/s ok=0.0/s fail=0.0/s nr_absent=0.0/s copyfail=0.0/s
01:31:00.351  [fg-relay] rate3: arm->arm avg=81.66ms max=37341.25ms n=1382 | arm->work avg=0.01ms max=0.14ms | arm->eval avg=0.00ms max=0.00ms | copywait avg=0.008ms max=0.092ms | copy-land<= avg=81.95ms max=37340.86ms | work avg=6.40ms max=228.23ms | totals armed=1383 unarmed=0 skipped=0 busy=0 mismatch=0 copies_failed=0 writes=1383 conflicts=0
01:31:00.351  [fg-relay] rate4: throttle depth=1 off=0 | sleep calls=85.1/s waits=0.0/s clear=85.1/s timeouts=0.0/s avg=0.00ms | present calls=85.1/s waits=0.0/s clear=0.0/s timeouts=0.0/s avg=0.00ms | max=106.41ms (process)
01:31:04.195  qpc=4497597619750 [focus-fg] state: enabled=1 hooked=0 foreground=0 minimized=0 hwnd=0000000012AA281C scope_calls=0 original_false=0 kept=0 presents=43380 FG_evaluates=4152
01:31:07.400  === Vulkan CreateFeature1 #29  feature_id=18  VkDevice=000000002FE700D0  thread 79160 ===
01:31:07.401  === Vulkan CreateFeature1 #29 returned -1160773630, handle=0000000000000000 ===
01:31:15.349  [fg-relay] rate/15.0s p2 import_opt=1: presents=85.2/s present-gate[point=85.2 ready=0.0 fallback=0.0 inactive=0.0]/s noinfo=0.0/s stale=0.0/s unlearned=0.0/s attempts=0.0/s armed=0.0/s skipped=0.0/s busy=0.0/s arm-reject[state=0.0 request=0.0 refused=0.0 stopping=0.0 res=0.0 size=0.0]/s pool[cap=0.0 family=0.0 create=0.0 alloc=0.0]/s copy-drop[fence=0.0 reset=0.0 begin=0.0 end=0.0 submit=0.0]/s cf[seq=0.0/s idle=0.0/s nrfence=0.0/s] slotbusy=0.0/s copyfence-busy=0.0/s nr-gpuwait=0.0/s flips=0.0/s
01:31:15.349  [fg-relay] rate2: fginput eval=0.0/s index!=1=0.0/s eval-gate[off=0.0 fallback=0.0 notready=0.0 noinput=0.0 noqueue=0.0]/s relay eval=0.0/s consume=0.0/s inplace=0.0/s(ok 0.0/s) unarmed=0.0/s mismatch=0.0/s relbusy=0.0/s relok=0.0/s relfail=0.0/s release-stage[queue=0.0 pool=0.0 fence=0.0 reset=0.0 begin=0.0 end=0.0 submit=0.0]/s watchdog=0.0/s | worker plays=0.0/s ok=0.0/s fail=0.0/s nr_absent=0.0/s copyfail=0.0/s
01:31:15.349  [fg-relay] rate3: arm->arm avg=81.66ms max=37341.25ms n=1382 | arm->work avg=0.01ms max=0.14ms | arm->eval avg=0.00ms max=0.00ms | copywait avg=0.008ms max=0.092ms | copy-land<= avg=81.95ms max=37340.86ms | work avg=6.40ms max=228.23ms | totals armed=1383 unarmed=0 skipped=0 busy=0 mismatch=0 copies_failed=0 writes=1383 conflicts=0
01:31:15.350  [fg-relay] rate4: throttle depth=1 off=0 | sleep calls=85.2/s waits=0.0/s clear=85.2/s timeouts=0.0/s avg=0.00ms | present calls=85.2/s waits=0.0/s clear=0.0/s timeouts=0.0/s avg=0.00ms | max=106.41ms (process)
01:31:19.203  qpc=4497747703812 [focus-fg] state: enabled=1 hooked=0 foreground=0 minimized=0 hwnd=0000000012AA281C scope_calls=0 original_false=0 kept=0 presents=44658 FG_evaluates=4152
01:31:30.347  [fg-relay] rate/15.0s p2 import_opt=1: presents=84.1/s present-gate[point=84.1 ready=0.0 fallback=0.0 inactive=0.0]/s noinfo=0.0/s stale=0.0/s unlearned=0.0/s attempts=0.0/s armed=0.0/s skipped=0.0/s busy=0.0/s arm-reject[state=0.0 request=0.0 refused=0.0 stopping=0.0 res=0.0 size=0.0]/s pool[cap=0.0 family=0.0 create=0.0 alloc=0.0]/s copy-drop[fence=0.0 reset=0.0 begin=0.0 end=0.0 submit=0.0]/s cf[seq=0.0/s idle=0.0/s nrfence=0.0/s] slotbusy=0.0/s copyfence-busy=0.0/s nr-gpuwait=0.0/s flips=0.0/s
01:31:30.347  [fg-relay] rate2: fginput eval=0.0/s index!=1=0.0/s eval-gate[off=0.0 fallback=0.0 notready=0.0 noinput=0.0 noqueue=0.0]/s relay eval=0.0/s consume=0.0/s inplace=0.0/s(ok 0.0/s) unarmed=0.0/s mismatch=0.0/s relbusy=0.0/s relok=0.0/s relfail=0.0/s release-stage[queue=0.0 pool=0.0 fence=0.0 reset=0.0 begin=0.0 end=0.0 submit=0.0]/s watchdog=0.0/s | worker plays=0.0/s ok=0.0/s fail=0.0/s nr_absent=0.0/s copyfail=0.0/s
01:31:30.347  [fg-relay] rate3: arm->arm avg=81.66ms max=37341.25ms n=1382 | arm->work avg=0.01ms max=0.14ms | arm->eval avg=0.00ms max=0.00ms | copywait avg=0.008ms max=0.092ms | copy-land<= avg=81.95ms max=37340.86ms | work avg=6.40ms max=228.23ms | totals armed=1383 unarmed=0 skipped=0 busy=0 mismatch=0 copies_failed=0 writes=1383 conflicts=0
01:31:30.348  [fg-relay] rate4: throttle depth=1 off=0 | sleep calls=84.1/s waits=0.0/s clear=84.1/s timeouts=0.0/s avg=0.00ms | present calls=84.1/s waits=0.0/s clear=0.0/s timeouts=0.0/s avg=0.00ms | max=106.41ms (process)
01:31:35.198  qpc=4497907648804 [focus-fg] state: enabled=1 hooked=0 foreground=0 minimized=0 hwnd=0000000012AA281C scope_calls=0 original_false=0 kept=0 presents=46002 FG_evaluates=4152
01:31:37.412  === Vulkan CreateFeature1 #30  feature_id=18  VkDevice=000000002FE700D0  thread 79160 ===
01:31:37.413  === Vulkan CreateFeature1 #30 returned -1160773630, handle=0000000000000000 ===
01:31:45.345  [fg-relay] rate/15.0s p2 import_opt=1: presents=84.5/s present-gate[point=84.5 ready=0.0 fallback=0.0 inactive=0.0]/s noinfo=0.0/s stale=0.0/s unlearned=0.0/s attempts=0.0/s armed=0.0/s skipped=0.0/s busy=0.0/s arm-reject[state=0.0 request=0.0 refused=0.0 stopping=0.0 res=0.0 size=0.0]/s pool[cap=0.0 family=0.0 create=0.0 alloc=0.0]/s copy-drop[fence=0.0 reset=0.0 begin=0.0 end=0.0 submit=0.0]/s cf[seq=0.0/s idle=0.0/s nrfence=0.0/s] slotbusy=0.0/s copyfence-busy=0.0/s nr-gpuwait=0.0/s flips=0.0/s
01:31:45.345  [fg-relay] rate2: fginput eval=0.0/s index!=1=0.0/s eval-gate[off=0.0 fallback=0.0 notready=0.0 noinput=0.0 noqueue=0.0]/s relay eval=0.0/s consume=0.0/s inplace=0.0/s(ok 0.0/s) unarmed=0.0/s mismatch=0.0/s relbusy=0.0/s relok=0.0/s relfail=0.0/s release-stage[queue=0.0 pool=0.0 fence=0.0 reset=0.0 begin=0.0 end=0.0 submit=0.0]/s watchdog=0.0/s | worker plays=0.0/s ok=0.0/s fail=0.0/s nr_absent=0.0/s copyfail=0.0/s
01:31:45.345  [fg-relay] rate3: arm->arm avg=81.66ms max=37341.25ms n=1382 | arm->work avg=0.01ms max=0.14ms | arm->eval avg=0.00ms max=0.00ms | copywait avg=0.008ms max=0.092ms | copy-land<= avg=81.95ms max=37340.86ms | work avg=6.40ms max=228.23ms | totals armed=1383 unarmed=0 skipped=0 busy=0 mismatch=0 copies_failed=0 writes=1383 conflicts=0
01:31:45.345  [fg-relay] rate4: throttle depth=1 off=0 | sleep calls=84.5/s waits=0.0/s clear=84.5/s timeouts=0.0/s avg=0.00ms | present calls=84.5/s waits=0.0/s clear=0.0/s timeouts=0.0/s avg=0.00ms | max=106.41ms (process)
01:31:50.196  qpc=4498057643357 [focus-fg] state: enabled=1 hooked=0 foreground=0 minimized=0 hwnd=0000000012AA281C scope_calls=0 original_false=0 kept=0 presents=47272 FG_evaluates=4152
01:32:00.349  [fg-relay] rate/15.0s p2 import_opt=1: presents=84.7/s present-gate[point=84.7 ready=0.0 fallback=0.0 inactive=0.0]/s noinfo=0.0/s stale=0.0/s unlearned=0.0/s attempts=0.0/s armed=0.0/s skipped=0.0/s busy=0.0/s arm-reject[state=0.0 request=0.0 refused=0.0 stopping=0.0 res=0.0 size=0.0]/s pool[cap=0.0 family=0.0 create=0.0 alloc=0.0]/s copy-drop[fence=0.0 reset=0.0 begin=0.0 end=0.0 submit=0.0]/s cf[seq=0.0/s idle=0.0/s nrfence=0.0/s] slotbusy=0.0/s copyfence-busy=0.0/s nr-gpuwait=0.0/s flips=0.0/s
01:32:00.349  [fg-relay] rate2: fginput eval=0.0/s index!=1=0.0/s eval-gate[off=0.0 fallback=0.0 notready=0.0 noinput=0.0 noqueue=0.0]/s relay eval=0.0/s consume=0.0/s inplace=0.0/s(ok 0.0/s) unarmed=0.0/s mismatch=0.0/s relbusy=0.0/s relok=0.0/s relfail=0.0/s release-stage[queue=0.0 pool=0.0 fence=0.0 reset=0.0 begin=0.0 end=0.0 submit=0.0]/s watchdog=0.0/s | worker plays=0.0/s ok=0.0/s fail=0.0/s nr_absent=0.0/s copyfail=0.0/s
01:32:00.349  [fg-relay] rate3: arm->arm avg=81.66ms max=37341.25ms n=1382 | arm->work avg=0.01ms max=0.14ms | arm->eval avg=0.00ms max=0.00ms | copywait avg=0.008ms max=0.092ms | copy-land<= avg=81.95ms max=37340.86ms | work avg=6.40ms max=228.23ms | totals armed=1383 unarmed=0 skipped=0 busy=0 mismatch=0 copies_failed=0 writes=1383 conflicts=0
01:32:00.349  [fg-relay] rate4: throttle depth=1 off=0 | sleep calls=84.7/s waits=0.0/s clear=84.7/s timeouts=0.0/s avg=0.00ms | present calls=84.7/s waits=0.0/s clear=0.0/s timeouts=0.0/s avg=0.00ms | max=106.41ms (process)
01:32:05.194  qpc=4498207615501 [focus-fg] state: enabled=1 hooked=0 foreground=0 minimized=0 hwnd=0000000012AA281C scope_calls=0 original_false=0 kept=0 presents=48540 FG_evaluates=4152
01:32:07.419  === Vulkan CreateFeature1 #31  feature_id=18  VkDevice=000000002FE700D0  thread 79160 ===
01:32:07.420  === Vulkan CreateFeature1 #31 returned -1160773630, handle=0000000000000000 ===
01:32:15.351  [fg-relay] rate/15.0s p2 import_opt=1: presents=84.5/s present-gate[point=84.5 ready=0.0 fallback=0.0 inactive=0.0]/s noinfo=0.0/s stale=0.0/s unlearned=0.0/s attempts=0.0/s armed=0.0/s skipped=0.0/s busy=0.0/s arm-reject[state=0.0 request=0.0 refused=0.0 stopping=0.0 res=0.0 size=0.0]/s pool[cap=0.0 family=0.0 create=0.0 alloc=0.0]/s copy-drop[fence=0.0 reset=0.0 begin=0.0 end=0.0 submit=0.0]/s cf[seq=0.0/s idle=0.0/s nrfence=0.0/s] slotbusy=0.0/s copyfence-busy=0.0/s nr-gpuwait=0.0/s flips=0.0/s
01:32:15.351  [fg-relay] rate2: fginput eval=0.0/s index!=1=0.0/s eval-gate[off=0.0 fallback=0.0 notready=0.0 noinput=0.0 noqueue=0.0]/s relay eval=0.0/s consume=0.0/s inplace=0.0/s(ok 0.0/s) unarmed=0.0/s mismatch=0.0/s relbusy=0.0/s relok=0.0/s relfail=0.0/s release-stage[queue=0.0 pool=0.0 fence=0.0 reset=0.0 begin=0.0 end=0.0 submit=0.0]/s watchdog=0.0/s | worker plays=0.0/s ok=0.0/s fail=0.0/s nr_absent=0.0/s copyfail=0.0/s
01:32:15.351  [fg-relay] rate3: arm->arm avg=81.66ms max=37341.25ms n=1382 | arm->work avg=0.01ms max=0.14ms | arm->eval avg=0.00ms max=0.00ms | copywait avg=0.008ms max=0.092ms | copy-land<= avg=81.95ms max=37340.86ms | work avg=6.40ms max=228.23ms | totals armed=1383 unarmed=0 skipped=0 busy=0 mismatch=0 copies_failed=0 writes=1383 conflicts=0
01:32:15.351  [fg-relay] rate4: throttle depth=1 off=0 | sleep calls=84.5/s waits=0.0/s clear=84.5/s timeouts=0.0/s avg=0.00ms | present calls=84.5/s waits=0.0/s clear=0.0/s timeouts=0.0/s avg=0.00ms | max=106.41ms (process)
01:32:21.193  qpc=4498367599032 [focus-fg] state: enabled=1 hooked=0 foreground=0 minimized=0 hwnd=0000000012AA281C scope_calls=0 original_false=0 kept=0 presents=49892 FG_evaluates=4152
01:32:30.349  [fg-relay] rate/15.0s p2 import_opt=1: presents=84.5/s present-gate[point=84.5 ready=0.0 fallback=0.0 inactive=0.0]/s noinfo=0.0/s stale=0.0/s unlearned=0.0/s attempts=0.0/s armed=0.0/s skipped=0.0/s busy=0.0/s arm-reject[state=0.0 request=0.0 refused=0.0 stopping=0.0 res=0.0 size=0.0]/s pool[cap=0.0 family=0.0 create=0.0 alloc=0.0]/s copy-drop[fence=0.0 reset=0.0 begin=0.0 end=0.0 submit=0.0]/s cf[seq=0.0/s idle=0.0/s nrfence=0.0/s] slotbusy=0.0/s copyfence-busy=0.0/s nr-gpuwait=0.0/s flips=0.0/s
01:32:30.349  [fg-relay] rate2: fginput eval=0.0/s index!=1=0.0/s eval-gate[off=0.0 fallback=0.0 notready=0.0 noinput=0.0 noqueue=0.0]/s relay eval=0.0/s consume=0.0/s inplace=0.0/s(ok 0.0/s) unarmed=0.0/s mismatch=0.0/s relbusy=0.0/s relok=0.0/s relfail=0.0/s release-stage[queue=0.0 pool=0.0 fence=0.0 reset=0.0 begin=0.0 end=0.0 submit=0.0]/s watchdog=0.0/s | worker plays=0.0/s ok=0.0/s fail=0.0/s nr_absent=0.0/s copyfail=0.0/s
01:32:30.349  [fg-relay] rate3: arm->arm avg=81.66ms max=37341.25ms n=1382 | arm->work avg=0.01ms max=0.14ms | arm->eval avg=0.00ms max=0.00ms | copywait avg=0.008ms max=0.092ms | copy-land<= avg=81.95ms max=37340.86ms | work avg=6.40ms max=228.23ms | totals armed=1383 unarmed=0 skipped=0 busy=0 mismatch=0 copies_failed=0 writes=1383 conflicts=0
01:32:30.349  [fg-relay] rate4: throttle depth=1 off=0 | sleep calls=84.5/s waits=0.0/s clear=84.5/s timeouts=0.0/s avg=0.00ms | present calls=84.5/s waits=0.0/s clear=0.0/s timeouts=0.0/s avg=0.00ms | max=106.41ms (process)
01:32:36.194  qpc=4498517610494 [focus-fg] state: enabled=1 hooked=0 foreground=0 minimized=0 hwnd=0000000012AA281C scope_calls=0 original_false=0 kept=0 presents=51161 FG_evaluates=4152
01:32:37.422  === Vulkan CreateFeature1 #32  feature_id=18  VkDevice=000000002FE700D0  thread 79160 ===
01:32:37.423  === Vulkan CreateFeature1 #32 returned -1160773630, handle=0000000000000000 ===
01:32:45.354  [fg-relay] rate/15.0s p2 import_opt=1: presents=84.7/s present-gate[point=84.7 ready=0.0 fallback=0.0 inactive=0.0]/s noinfo=0.0/s stale=0.0/s unlearned=0.0/s attempts=0.0/s armed=0.0/s skipped=0.0/s busy=0.0/s arm-reject[state=0.0 request=0.0 refused=0.0 stopping=0.0 res=0.0 size=0.0]/s pool[cap=0.0 family=0.0 create=0.0 alloc=0.0]/s copy-drop[fence=0.0 reset=0.0 begin=0.0 end=0.0 submit=0.0]/s cf[seq=0.0/s idle=0.0/s nrfence=0.0/s] slotbusy=0.0/s copyfence-busy=0.0/s nr-gpuwait=0.0/s flips=0.0/s
01:32:45.354  [fg-relay] rate2: fginput eval=0.0/s index!=1=0.0/s eval-gate[off=0.0 fallback=0.0 notready=0.0 noinput=0.0 noqueue=0.0]/s relay eval=0.0/s consume=0.0/s inplace=0.0/s(ok 0.0/s) unarmed=0.0/s mismatch=0.0/s relbusy=0.0/s relok=0.0/s relfail=0.0/s release-stage[queue=0.0 pool=0.0 fence=0.0 reset=0.0 begin=0.0 end=0.0 submit=0.0]/s watchdog=0.0/s | worker plays=0.0/s ok=0.0/s fail=0.0/s nr_absent=0.0/s copyfail=0.0/s
01:32:45.354  [fg-relay] rate3: arm->arm avg=81.66ms max=37341.25ms n=1382 | arm->work avg=0.01ms max=0.14ms | arm->eval avg=0.00ms max=0.00ms | copywait avg=0.008ms max=0.092ms | copy-land<= avg=81.95ms max=37340.86ms | work avg=6.40ms max=228.23ms | totals armed=1383 unarmed=0 skipped=0 busy=0 mismatch=0 copies_failed=0 writes=1383 conflicts=0
01:32:45.354  [fg-relay] rate4: throttle depth=1 off=0 | sleep calls=84.7/s waits=0.0/s clear=84.7/s timeouts=0.0/s avg=0.00ms | present calls=84.7/s waits=0.0/s clear=0.0/s timeouts=0.0/s avg=0.00ms | max=106.41ms (process)
01:32:51.197  qpc=4498667643834 [focus-fg] state: enabled=1 hooked=0 foreground=0 minimized=0 hwnd=0000000012AA281C scope_calls=0 original_false=0 kept=0 presents=52430 FG_evaluates=4152
01:33:00.355  [fg-relay] rate/15.0s p2 import_opt=1: presents=84.7/s present-gate[point=84.7 ready=0.0 fallback=0.0 inactive=0.0]/s noinfo=0.0/s stale=0.0/s unlearned=0.0/s attempts=0.0/s armed=0.0/s skipped=0.0/s busy=0.0/s arm-reject[state=0.0 request=0.0 refused=0.0 stopping=0.0 res=0.0 size=0.0]/s pool[cap=0.0 family=0.0 create=0.0 alloc=0.0]/s copy-drop[fence=0.0 reset=0.0 begin=0.0 end=0.0 submit=0.0]/s cf[seq=0.0/s idle=0.0/s nrfence=0.0/s] slotbusy=0.0/s copyfence-busy=0.0/s nr-gpuwait=0.0/s flips=0.0/s
01:33:00.355  [fg-relay] rate2: fginput eval=0.0/s index!=1=0.0/s eval-gate[off=0.0 fallback=0.0 notready=0.0 noinput=0.0 noqueue=0.0]/s relay eval=0.0/s consume=0.0/s inplace=0.0/s(ok 0.0/s) unarmed=0.0/s mismatch=0.0/s relbusy=0.0/s relok=0.0/s relfail=0.0/s release-stage[queue=0.0 pool=0.0 fence=0.0 reset=0.0 begin=0.0 end=0.0 submit=0.0]/s watchdog=0.0/s | worker plays=0.0/s ok=0.0/s fail=0.0/s nr_absent=0.0/s copyfail=0.0/s
01:33:00.355  [fg-relay] rate3: arm->arm avg=81.66ms max=37341.25ms n=1382 | arm->work avg=0.01ms max=0.14ms | arm->eval avg=0.00ms max=0.00ms | copywait avg=0.008ms max=0.092ms | copy-land<= avg=81.95ms max=37340.86ms | work avg=6.40ms max=228.23ms | totals armed=1383 unarmed=0 skipped=0 busy=0 mismatch=0 copies_failed=0 writes=1383 conflicts=0
01:33:00.355  [fg-relay] rate4: throttle depth=1 off=0 | sleep calls=84.7/s waits=0.0/s clear=84.7/s timeouts=0.0/s avg=0.00ms | present calls=84.7/s waits=0.0/s clear=0.0/s timeouts=0.0/s avg=0.00ms | max=106.41ms (process)
01:33:06.200  qpc=4498817668839 [focus-fg] state: enabled=1 hooked=0 foreground=0 minimized=0 hwnd=0000000012AA281C scope_calls=0 original_false=0 kept=0 presents=53701 FG_evaluates=4152
01:33:07.425  === Vulkan CreateFeature1 #33  feature_id=18  VkDevice=000000002FE700D0  thread 79160 ===
01:33:07.426  === Vulkan CreateFeature1 #33 returned -1160773630, handle=0000000000000000 ===
01:33:15.348  [fg-relay] rate/15.0s p2 import_opt=1: presents=84.5/s present-gate[point=84.5 ready=0.0 fallback=0.0 inactive=0.0]/s noinfo=0.0/s stale=0.0/s unlearned=0.0/s attempts=0.0/s armed=0.0/s skipped=0.0/s busy=0.0/s arm-reject[state=0.0 request=0.0 refused=0.0 stopping=0.0 res=0.0 size=0.0]/s pool[cap=0.0 family=0.0 create=0.0 alloc=0.0]/s copy-drop[fence=0.0 reset=0.0 begin=0.0 end=0.0 submit=0.0]/s cf[seq=0.0/s idle=0.0/s nrfence=0.0/s] slotbusy=0.0/s copyfence-busy=0.0/s nr-gpuwait=0.0/s flips=0.0/s
01:33:15.348  [fg-relay] rate2: fginput eval=0.0/s index!=1=0.0/s eval-gate[off=0.0 fallback=0.0 notready=0.0 noinput=0.0 noqueue=0.0]/s relay eval=0.0/s consume=0.0/s inplace=0.0/s(ok 0.0/s) unarmed=0.0/s mismatch=0.0/s relbusy=0.0/s relok=0.0/s relfail=0.0/s release-stage[queue=0.0 pool=0.0 fence=0.0 reset=0.0 begin=0.0 end=0.0 submit=0.0]/s watchdog=0.0/s | worker plays=0.0/s ok=0.0/s fail=0.0/s nr_absent=0.0/s copyfail=0.0/s
01:33:15.348  [fg-relay] rate3: arm->arm avg=81.66ms max=37341.25ms n=1382 | arm->work avg=0.01ms max=0.14ms | arm->eval avg=0.00ms max=0.00ms | copywait avg=0.008ms max=0.092ms | copy-land<= avg=81.95ms max=37340.86ms | work avg=6.40ms max=228.23ms | totals armed=1383 unarmed=0 skipped=0 busy=0 mismatch=0 copies_failed=0 writes=1383 conflicts=0
01:33:15.348  [fg-relay] rate4: throttle depth=1 off=0 | sleep calls=84.5/s waits=0.0/s clear=84.5/s timeouts=0.0/s avg=0.00ms | present calls=84.5/s waits=0.0/s clear=0.0/s timeouts=0.0/s avg=0.00ms | max=106.41ms (process)
01:33:21.200  qpc=4498967669667 [focus-fg] state: enabled=1 hooked=0 foreground=0 minimized=0 hwnd=0000000012AA281C scope_calls=0 original_false=0 kept=0 presents=54970 FG_evaluates=4152
01:33:30.345  [fg-relay] rate/15.0s p2 import_opt=1: presents=83.9/s present-gate[point=83.9 ready=0.0 fallback=0.0 inactive=0.0]/s noinfo=0.0/s stale=0.0/s unlearned=0.0/s attempts=0.0/s armed=0.0/s skipped=0.0/s busy=0.0/s arm-reject[state=0.0 request=0.0 refused=0.0 stopping=0.0 res=0.0 size=0.0]/s pool[cap=0.0 family=0.0 create=0.0 alloc=0.0]/s copy-drop[fence=0.0 reset=0.0 begin=0.0 end=0.0 submit=0.0]/s cf[seq=0.0/s idle=0.0/s nrfence=0.0/s] slotbusy=0.0/s copyfence-busy=0.0/s nr-gpuwait=0.0/s flips=0.0/s
01:33:30.346  [fg-relay] rate2: fginput eval=0.0/s index!=1=0.0/s eval-gate[off=0.0 fallback=0.0 notready=0.0 noinput=0.0 noqueue=0.0]/s relay eval=0.0/s consume=0.0/s inplace=0.0/s(ok 0.0/s) unarmed=0.0/s mismatch=0.0/s relbusy=0.0/s relok=0.0/s relfail=0.0/s release-stage[queue=0.0 pool=0.0 fence=0.0 reset=0.0 begin=0.0 end=0.0 submit=0.0]/s watchdog=0.0/s | worker plays=0.0/s ok=0.0/s fail=0.0/s nr_absent=0.0/s copyfail=0.0/s
01:33:30.346  [fg-relay] rate3: arm->arm avg=81.66ms max=37341.25ms n=1382 | arm->work avg=0.01ms max=0.14ms | arm->eval avg=0.00ms max=0.00ms | copywait avg=0.008ms max=0.092ms | copy-land<= avg=81.95ms max=37340.86ms | work avg=6.40ms max=228.23ms | totals armed=1383 unarmed=0 skipped=0 busy=0 mismatch=0 copies_failed=0 writes=1383 conflicts=0
01:33:30.346  [fg-relay] rate4: throttle depth=1 off=0 | sleep calls=83.9/s waits=0.0/s clear=83.9/s timeouts=0.0/s avg=0.00ms | present calls=83.9/s waits=0.0/s clear=0.0/s timeouts=0.0/s avg=0.00ms | max=106.41ms (process)
01:33:37.193  qpc=4499127601490 [focus-fg] state: enabled=1 hooked=0 foreground=0 minimized=0 hwnd=0000000012AA281C scope_calls=0 original_false=0 kept=0 presents=56304 FG_evaluates=4152
01:33:37.435  === Vulkan CreateFeature1 #34  feature_id=18  VkDevice=000000002FE700D0  thread 79160 ===
01:33:37.435  === Vulkan CreateFeature1 #34 returned -1160773630, handle=0000000000000000 ===
01:33:45.354  [fg-relay] rate/15.0s p2 import_opt=1: presents=83.7/s present-gate[point=83.7 ready=0.0 fallback=0.0 inactive=0.0]/s noinfo=0.0/s stale=0.0/s unlearned=0.0/s attempts=0.0/s armed=0.0/s skipped=0.0/s busy=0.0/s arm-reject[state=0.0 request=0.0 refused=0.0 stopping=0.0 res=0.0 size=0.0]/s pool[cap=0.0 family=0.0 create=0.0 alloc=0.0]/s copy-drop[fence=0.0 reset=0.0 begin=0.0 end=0.0 submit=0.0]/s cf[seq=0.0/s idle=0.0/s nrfence=0.0/s] slotbusy=0.0/s copyfence-busy=0.0/s nr-gpuwait=0.0/s flips=0.0/s
01:33:45.355  [fg-relay] rate2: fginput eval=0.0/s index!=1=0.0/s eval-gate[off=0.0 fallback=0.0 notready=0.0 noinput=0.0 noqueue=0.0]/s relay eval=0.0/s consume=0.0/s inplace=0.0/s(ok 0.0/s) unarmed=0.0/s mismatch=0.0/s relbusy=0.0/s relok=0.0/s relfail=0.0/s release-stage[queue=0.0 pool=0.0 fence=0.0 reset=0.0 begin=0.0 end=0.0 submit=0.0]/s watchdog=0.0/s | worker plays=0.0/s ok=0.0/s fail=0.0/s nr_absent=0.0/s copyfail=0.0/s
01:33:45.355  [fg-relay] rate3: arm->arm avg=81.66ms max=37341.25ms n=1382 | arm->work avg=0.01ms max=0.14ms | arm->eval avg=0.00ms max=0.00ms | copywait avg=0.008ms max=0.092ms | copy-land<= avg=81.95ms max=37340.86ms | work avg=6.40ms max=228.23ms | totals armed=1383 unarmed=0 skipped=0 busy=0 mismatch=0 copies_failed=0 writes=1383 conflicts=0
01:33:45.355  [fg-relay] rate4: throttle depth=1 off=0 | sleep calls=83.7/s waits=0.0/s clear=83.7/s timeouts=0.0/s avg=0.00ms | present calls=83.7/s waits=0.0/s clear=0.0/s timeouts=0.0/s avg=0.00ms | max=106.41ms (process)
01:33:52.198  qpc=4499277649778 [focus-fg] state: enabled=1 hooked=0 foreground=0 minimized=0 hwnd=0000000012AA281C scope_calls=0 original_false=0 kept=0 presents=57564 FG_evaluates=4152
01:34:00.353  [fg-relay] rate/15.0s p2 import_opt=1: presents=84.5/s present-gate[point=84.5 ready=0.0 fallback=0.0 inactive=0.0]/s noinfo=0.0/s stale=0.0/s unlearned=0.0/s attempts=0.0/s armed=0.0/s skipped=0.0/s busy=0.0/s arm-reject[state=0.0 request=0.0 refused=0.0 stopping=0.0 res=0.0 size=0.0]/s pool[cap=0.0 family=0.0 create=0.0 alloc=0.0]/s copy-drop[fence=0.0 reset=0.0 begin=0.0 end=0.0 submit=0.0]/s cf[seq=0.0/s idle=0.0/s nrfence=0.0/s] slotbusy=0.0/s copyfence-busy=0.0/s nr-gpuwait=0.0/s flips=0.0/s
01:34:00.354  [fg-relay] rate2: fginput eval=0.0/s index!=1=0.0/s eval-gate[off=0.0 fallback=0.0 notready=0.0 noinput=0.0 noqueue=0.0]/s relay eval=0.0/s consume=0.0/s inplace=0.0/s(ok 0.0/s) unarmed=0.0/s mismatch=0.0/s relbusy=0.0/s relok=0.0/s relfail=0.0/s release-stage[queue=0.0 pool=0.0 fence=0.0 reset=0.0 begin=0.0 end=0.0 submit=0.0]/s watchdog=0.0/s | worker plays=0.0/s ok=0.0/s fail=0.0/s nr_absent=0.0/s copyfail=0.0/s
01:34:00.354  [fg-relay] rate3: arm->arm avg=81.66ms max=37341.25ms n=1382 | arm->work avg=0.01ms max=0.14ms | arm->eval avg=0.00ms max=0.00ms | copywait avg=0.008ms max=0.092ms | copy-land<= avg=81.95ms max=37340.86ms | work avg=6.40ms max=228.23ms | totals armed=1383 unarmed=0 skipped=0 busy=0 mismatch=0 copies_failed=0 writes=1383 conflicts=0
01:34:00.354  [fg-relay] rate4: throttle depth=1 off=0 | sleep calls=84.5/s waits=0.0/s clear=84.5/s timeouts=0.0/s avg=0.00ms | present calls=84.5/s waits=0.0/s clear=0.0/s timeouts=0.0/s avg=0.00ms | max=106.41ms (process)
01:34:07.203  qpc=4499427698116 [focus-fg] state: enabled=1 hooked=0 foreground=0 minimized=0 hwnd=0000000012AA281C scope_calls=0 original_false=0 kept=0 presents=58838 FG_evaluates=4152
01:34:07.445  === Vulkan CreateFeature1 #35  feature_id=18  VkDevice=000000002FE700D0  thread 79160 ===
01:34:07.445  === Vulkan CreateFeature1 #35 returned -1160773630, handle=0000000000000000 ===
01:34:15.345  [fg-relay] rate/15.0s p2 import_opt=1: presents=84.8/s present-gate[point=84.8 ready=0.0 fallback=0.0 inactive=0.0]/s noinfo=0.0/s stale=0.0/s unlearned=0.0/s attempts=0.0/s armed=0.0/s skipped=0.0/s busy=0.0/s arm-reject[state=0.0 request=0.0 refused=0.0 stopping=0.0 res=0.0 size=0.0]/s pool[cap=0.0 family=0.0 create=0.0 alloc=0.0]/s copy-drop[fence=0.0 reset=0.0 begin=0.0 end=0.0 submit=0.0]/s cf[seq=0.0/s idle=0.0/s nrfence=0.0/s] slotbusy=0.0/s copyfence-busy=0.0/s nr-gpuwait=0.0/s flips=0.0/s
01:34:15.345  [fg-relay] rate2: fginput eval=0.0/s index!=1=0.0/s eval-gate[off=0.0 fallback=0.0 notready=0.0 noinput=0.0 noqueue=0.0]/s relay eval=0.0/s consume=0.0/s inplace=0.0/s(ok 0.0/s) unarmed=0.0/s mismatch=0.0/s relbusy=0.0/s relok=0.0/s relfail=0.0/s release-stage[queue=0.0 pool=0.0 fence=0.0 reset=0.0 begin=0.0 end=0.0 submit=0.0]/s watchdog=0.0/s | worker plays=0.0/s ok=0.0/s fail=0.0/s nr_absent=0.0/s copyfail=0.0/s
01:34:15.345  [fg-relay] rate3: arm->arm avg=81.66ms max=37341.25ms n=1382 | arm->work avg=0.01ms max=0.14ms | arm->eval avg=0.00ms max=0.00ms | copywait avg=0.008ms max=0.092ms | copy-land<= avg=81.95ms max=37340.86ms | work avg=6.40ms max=228.23ms | totals armed=1383 unarmed=0 skipped=0 busy=0 mismatch=0 copies_failed=0 writes=1383 conflicts=0
01:34:15.345  [fg-relay] rate4: throttle depth=1 off=0 | sleep calls=84.8/s waits=0.0/s clear=84.8/s timeouts=0.0/s avg=0.00ms | present calls=84.8/s waits=0.0/s clear=0.0/s timeouts=0.0/s avg=0.00ms | max=106.41ms (process)
01:34:22.201  qpc=4499577689731 [focus-fg] state: enabled=1 hooked=0 foreground=0 minimized=0 hwnd=0000000012AA281C scope_calls=0 original_false=0 kept=0 presents=60112 FG_evaluates=4152
01:34:30.350  [fg-relay] rate/15.0s p2 import_opt=1: presents=85.5/s present-gate[point=85.5 ready=0.0 fallback=0.0 inactive=0.0]/s noinfo=0.0/s stale=0.0/s unlearned=0.0/s attempts=0.0/s armed=0.0/s skipped=0.0/s busy=0.0/s arm-reject[state=0.0 request=0.0 refused=0.0 stopping=0.0 res=0.0 size=0.0]/s pool[cap=0.0 family=0.0 create=0.0 alloc=0.0]/s copy-drop[fence=0.0 reset=0.0 begin=0.0 end=0.0 submit=0.0]/s cf[seq=0.0/s idle=0.0/s nrfence=0.0/s] slotbusy=0.0/s copyfence-busy=0.0/s nr-gpuwait=0.0/s flips=0.0/s
01:34:30.351  [fg-relay] rate2: fginput eval=0.0/s index!=1=0.0/s eval-gate[off=0.0 fallback=0.0 notready=0.0 noinput=0.0 noqueue=0.0]/s relay eval=0.0/s consume=0.0/s inplace=0.0/s(ok 0.0/s) unarmed=0.0/s mismatch=0.0/s relbusy=0.0/s relok=0.0/s relfail=0.0/s release-stage[queue=0.0 pool=0.0 fence=0.0 reset=0.0 begin=0.0 end=0.0 submit=0.0]/s watchdog=0.0/s | worker plays=0.0/s ok=0.0/s fail=0.0/s nr_absent=0.0/s copyfail=0.0/s
01:34:30.351  [fg-relay] rate3: arm->arm avg=81.66ms max=37341.25ms n=1382 | arm->work avg=0.01ms max=0.14ms | arm->eval avg=0.00ms max=0.00ms | copywait avg=0.008ms max=0.092ms | copy-land<= avg=81.95ms max=37340.86ms | work avg=6.40ms max=228.23ms | totals armed=1383 unarmed=0 skipped=0 busy=0 mismatch=0 copies_failed=0 writes=1383 conflicts=0
01:34:30.351  [fg-relay] rate4: throttle depth=1 off=0 | sleep calls=85.5/s waits=0.0/s clear=85.5/s timeouts=0.0/s avg=0.00ms | present calls=85.5/s waits=0.0/s clear=0.0/s timeouts=0.0/s avg=0.00ms | max=106.41ms (process)
01:34:37.197  qpc=4499727638337 [focus-fg] state: enabled=1 hooked=0 foreground=0 minimized=0 hwnd=0000000012AA281C scope_calls=0 original_false=0 kept=0 presents=61392 FG_evaluates=4152
01:34:37.452  === Vulkan CreateFeature1 #36  feature_id=18  VkDevice=000000002FE700D0  thread 79160 ===
01:34:37.452  === Vulkan CreateFeature1 #36 returned -1160773630, handle=0000000000000000 ===
01:34:45.353  [fg-relay] rate/15.0s p2 import_opt=1: presents=85.1/s present-gate[point=85.1 ready=0.0 fallback=0.0 inactive=0.0]/s noinfo=0.0/s stale=0.0/s unlearned=0.0/s attempts=0.0/s armed=0.0/s skipped=0.0/s busy=0.0/s arm-reject[state=0.0 request=0.0 refused=0.0 stopping=0.0 res=0.0 size=0.0]/s pool[cap=0.0 family=0.0 create=0.0 alloc=0.0]/s copy-drop[fence=0.0 reset=0.0 begin=0.0 end=0.0 submit=0.0]/s cf[seq=0.0/s idle=0.0/s nrfence=0.0/s] slotbusy=0.0/s copyfence-busy=0.0/s nr-gpuwait=0.0/s flips=0.0/s
01:34:45.353  [fg-relay] rate2: fginput eval=0.0/s index!=1=0.0/s eval-gate[off=0.0 fallback=0.0 notready=0.0 noinput=0.0 noqueue=0.0]/s relay eval=0.0/s consume=0.0/s inplace=0.0/s(ok 0.0/s) unarmed=0.0/s mismatch=0.0/s relbusy=0.0/s relok=0.0/s relfail=0.0/s release-stage[queue=0.0 pool=0.0 fence=0.0 reset=0.0 begin=0.0 end=0.0 submit=0.0]/s watchdog=0.0/s | worker plays=0.0/s ok=0.0/s fail=0.0/s nr_absent=0.0/s copyfail=0.0/s
01:34:45.353  [fg-relay] rate3: arm->arm avg=81.66ms max=37341.25ms n=1382 | arm->work avg=0.01ms max=0.14ms | arm->eval avg=0.00ms max=0.00ms | copywait avg=0.008ms max=0.092ms | copy-land<= avg=81.95ms max=37340.86ms | work avg=6.40ms max=228.23ms | totals armed=1383 unarmed=0 skipped=0 busy=0 mismatch=0 copies_failed=0 writes=1383 conflicts=0
01:34:45.353  [fg-relay] rate4: throttle depth=1 off=0 | sleep calls=85.1/s waits=0.0/s clear=85.1/s timeouts=0.0/s avg=0.00ms | present calls=85.1/s waits=0.0/s clear=0.0/s timeouts=0.0/s avg=0.00ms | max=106.41ms (process)
01:34:52.198  qpc=4499877648000 [focus-fg] state: enabled=1 hooked=0 foreground=0 minimized=0 hwnd=0000000012AA281C scope_calls=0 original_false=0 kept=0 presents=62671 FG_evaluates=4152
01:35:00.349  [fg-relay] rate/15.0s p2 import_opt=1: presents=85.5/s present-gate[point=85.5 ready=0.0 fallback=0.0 inactive=0.0]/s noinfo=0.0/s stale=0.0/s unlearned=0.0/s attempts=0.0/s armed=0.0/s skipped=0.0/s busy=0.0/s arm-reject[state=0.0 request=0.0 refused=0.0 stopping=0.0 res=0.0 size=0.0]/s pool[cap=0.0 family=0.0 create=0.0 alloc=0.0]/s copy-drop[fence=0.0 reset=0.0 begin=0.0 end=0.0 submit=0.0]/s cf[seq=0.0/s idle=0.0/s nrfence=0.0/s] slotbusy=0.0/s copyfence-busy=0.0/s nr-gpuwait=0.0/s flips=0.0/s
01:35:00.349  [fg-relay] rate2: fginput eval=0.0/s index!=1=0.0/s eval-gate[off=0.0 fallback=0.0 notready=0.0 noinput=0.0 noqueue=0.0]/s relay eval=0.0/s consume=0.0/s inplace=0.0/s(ok 0.0/s) unarmed=0.0/s mismatch=0.0/s relbusy=0.0/s relok=0.0/s relfail=0.0/s release-stage[queue=0.0 pool=0.0 fence=0.0 reset=0.0 begin=0.0 end=0.0 submit=0.0]/s watchdog=0.0/s | worker plays=0.0/s ok=0.0/s fail=0.0/s nr_absent=0.0/s copyfail=0.0/s
01:35:00.349  [fg-relay] rate3: arm->arm avg=81.66ms max=37341.25ms n=1382 | arm->work avg=0.01ms max=0.14ms | arm->eval avg=0.00ms max=0.00ms | copywait avg=0.008ms max=0.092ms | copy-land<= avg=81.95ms max=37340.86ms | work avg=6.40ms max=228.23ms | totals armed=1383 unarmed=0 skipped=0 busy=0 mismatch=0 copies_failed=0 writes=1383 conflicts=0
01:35:00.349  [fg-relay] rate4: throttle depth=1 off=0 | sleep calls=85.5/s waits=0.0/s clear=85.5/s timeouts=0.0/s avg=0.00ms | present calls=85.5/s waits=0.0/s clear=0.0/s timeouts=0.0/s avg=0.00ms | max=106.41ms (process)
01:35:07.199  qpc=4500027660991 [focus-fg] state: enabled=1 hooked=0 foreground=0 minimized=0 hwnd=0000000012AA281C scope_calls=0 original_false=0 kept=0 presents=63953 FG_evaluates=4152
01:35:07.462  === Vulkan CreateFeature1 #37  feature_id=18  VkDevice=000000002FE700D0  thread 79160 ===
01:35:07.463  === Vulkan CreateFeature1 #37 returned -1160773630, handle=0000000000000000 ===
01:35:15.351  [fg-relay] rate/15.0s p2 import_opt=1: presents=85.0/s present-gate[point=85.0 ready=0.0 fallback=0.0 inactive=0.0]/s noinfo=0.0/s stale=0.0/s unlearned=0.0/s attempts=0.0/s armed=0.0/s skipped=0.0/s busy=0.0/s arm-reject[state=0.0 request=0.0 refused=0.0 stopping=0.0 res=0.0 size=0.0]/s pool[cap=0.0 family=0.0 create=0.0 alloc=0.0]/s copy-drop[fence=0.0 reset=0.0 begin=0.0 end=0.0 submit=0.0]/s cf[seq=0.0/s idle=0.0/s nrfence=0.0/s] slotbusy=0.0/s copyfence-busy=0.0/s nr-gpuwait=0.0/s flips=0.0/s
01:35:15.352  [fg-relay] rate2: fginput eval=0.0/s index!=1=0.0/s eval-gate[off=0.0 fallback=0.0 notready=0.0 noinput=0.0 noqueue=0.0]/s relay eval=0.0/s consume=0.0/s inplace=0.0/s(ok 0.0/s) unarmed=0.0/s mismatch=0.0/s relbusy=0.0/s relok=0.0/s relfail=0.0/s release-stage[queue=0.0 pool=0.0 fence=0.0 reset=0.0 begin=0.0 end=0.0 submit=0.0]/s watchdog=0.0/s | worker plays=0.0/s ok=0.0/s fail=0.0/s nr_absent=0.0/s copyfail=0.0/s
01:35:15.352  [fg-relay] rate3: arm->arm avg=81.66ms max=37341.25ms n=1382 | arm->work avg=0.01ms max=0.14ms | arm->eval avg=0.00ms max=0.00ms | copywait avg=0.008ms max=0.092ms | copy-land<= avg=81.95ms max=37340.86ms | work avg=6.40ms max=228.23ms | totals armed=1383 unarmed=0 skipped=0 busy=0 mismatch=0 copies_failed=0 writes=1383 conflicts=0
01:35:15.352  [fg-relay] rate4: throttle depth=1 off=0 | sleep calls=85.1/s waits=0.0/s clear=85.1/s timeouts=0.0/s avg=0.00ms | present calls=85.0/s waits=0.0/s clear=0.0/s timeouts=0.0/s avg=0.00ms | max=106.41ms (process)
01:35:22.195  qpc=4500177628474 [focus-fg] state: enabled=1 hooked=0 foreground=0 minimized=0 hwnd=0000000012AA281C scope_calls=0 original_false=0 kept=0 presents=65226 FG_evaluates=4152
01:35:30.344  [fg-relay] rate/15.0s p2 import_opt=1: presents=85.0/s present-gate[point=85.0 ready=0.0 fallback=0.0 inactive=0.0]/s noinfo=0.0/s stale=0.0/s unlearned=0.0/s attempts=0.0/s armed=0.0/s skipped=0.0/s busy=0.0/s arm-reject[state=0.0 request=0.0 refused=0.0 stopping=0.0 res=0.0 size=0.0]/s pool[cap=0.0 family=0.0 create=0.0 alloc=0.0]/s copy-drop[fence=0.0 reset=0.0 begin=0.0 end=0.0 submit=0.0]/s cf[seq=0.0/s idle=0.0/s nrfence=0.0/s] slotbusy=0.0/s copyfence-busy=0.0/s nr-gpuwait=0.0/s flips=0.0/s
01:35:30.344  [fg-relay] rate2: fginput eval=0.0/s index!=1=0.0/s eval-gate[off=0.0 fallback=0.0 notready=0.0 noinput=0.0 noqueue=0.0]/s relay eval=0.0/s consume=0.0/s inplace=0.0/s(ok 0.0/s) unarmed=0.0/s mismatch=0.0/s relbusy=0.0/s relok=0.0/s relfail=0.0/s release-stage[queue=0.0 pool=0.0 fence=0.0 reset=0.0 begin=0.0 end=0.0 submit=0.0]/s watchdog=0.0/s | worker plays=0.0/s ok=0.0/s fail=0.0/s nr_absent=0.0/s copyfail=0.0/s
01:35:30.345  [fg-relay] rate3: arm->arm avg=81.66ms max=37341.25ms n=1382 | arm->work avg=0.01ms max=0.14ms | arm->eval avg=0.00ms max=0.00ms | copywait avg=0.008ms max=0.092ms | copy-land<= avg=81.95ms max=37340.86ms | work avg=6.40ms max=228.23ms | totals armed=1383 unarmed=0 skipped=0 busy=0 mismatch=0 copies_failed=0 writes=1383 conflicts=0
01:35:30.345  [fg-relay] rate4: throttle depth=1 off=0 | sleep calls=84.9/s waits=0.0/s clear=84.9/s timeouts=0.0/s avg=0.00ms | present calls=85.0/s waits=0.0/s clear=0.0/s timeouts=0.0/s avg=0.00ms | max=106.41ms (process)
01:35:37.198  qpc=4500327655842 [focus-fg] state: enabled=1 hooked=0 foreground=0 minimized=0 hwnd=0000000012AA281C scope_calls=0 original_false=0 kept=0 presents=66498 FG_evaluates=4152
01:35:37.471  === Vulkan CreateFeature1 #38  feature_id=18  VkDevice=000000002FE700D0  thread 79160 ===
01:35:37.472  === Vulkan CreateFeature1 #38 returned -1160773630, handle=0000000000000000 ===
01:35:45.354  [fg-relay] rate/15.0s p2 import_opt=1: presents=84.6/s present-gate[point=84.6 ready=0.0 fallback=0.0 inactive=0.0]/s noinfo=0.0/s stale=0.0/s unlearned=0.0/s attempts=0.0/s armed=0.0/s skipped=0.0/s busy=0.0/s arm-reject[state=0.0 request=0.0 refused=0.0 stopping=0.0 res=0.0 size=0.0]/s pool[cap=0.0 family=0.0 create=0.0 alloc=0.0]/s copy-drop[fence=0.0 reset=0.0 begin=0.0 end=0.0 submit=0.0]/s cf[seq=0.0/s idle=0.0/s nrfence=0.0/s] slotbusy=0.0/s copyfence-busy=0.0/s nr-gpuwait=0.0/s flips=0.0/s
01:35:45.354  [fg-relay] rate2: fginput eval=0.0/s index!=1=0.0/s eval-gate[off=0.0 fallback=0.0 notready=0.0 noinput=0.0 noqueue=0.0]/s relay eval=0.0/s consume=0.0/s inplace=0.0/s(ok 0.0/s) unarmed=0.0/s mismatch=0.0/s relbusy=0.0/s relok=0.0/s relfail=0.0/s release-stage[queue=0.0 pool=0.0 fence=0.0 reset=0.0 begin=0.0 end=0.0 submit=0.0]/s watchdog=0.0/s | worker plays=0.0/s ok=0.0/s fail=0.0/s nr_absent=0.0/s copyfail=0.0/s
01:35:45.354  [fg-relay] rate3: arm->arm avg=81.66ms max=37341.25ms n=1382 | arm->work avg=0.01ms max=0.14ms | arm->eval avg=0.00ms max=0.00ms | copywait avg=0.008ms max=0.092ms | copy-land<= avg=81.95ms max=37340.86ms | work avg=6.40ms max=228.23ms | totals armed=1383 unarmed=0 skipped=0 busy=0 mismatch=0 copies_failed=0 writes=1383 conflicts=0
01:35:45.354  [fg-relay] rate4: throttle depth=1 off=0 | sleep calls=84.6/s waits=0.0/s clear=84.6/s timeouts=0.0/s avg=0.00ms | present calls=84.6/s waits=0.0/s clear=0.0/s timeouts=0.0/s avg=0.00ms | max=106.41ms (process)
01:35:53.201  qpc=4500487689141 [focus-fg] state: enabled=1 hooked=0 foreground=0 minimized=0 hwnd=0000000012AA281C scope_calls=0 original_false=0 kept=0 presents=67854 FG_evaluates=4152
01:36:00.351  [fg-relay] rate/15.0s p2 import_opt=1: presents=84.8/s present-gate[point=84.8 ready=0.0 fallback=0.0 inactive=0.0]/s noinfo=0.0/s stale=0.0/s unlearned=0.0/s attempts=0.0/s armed=0.0/s skipped=0.0/s busy=0.0/s arm-reject[state=0.0 request=0.0 refused=0.0 stopping=0.0 res=0.0 size=0.0]/s pool[cap=0.0 family=0.0 create=0.0 alloc=0.0]/s copy-drop[fence=0.0 reset=0.0 begin=0.0 end=0.0 submit=0.0]/s cf[seq=0.0/s idle=0.0/s nrfence=0.0/s] slotbusy=0.0/s copyfence-busy=0.0/s nr-gpuwait=0.0/s flips=0.0/s
01:36:00.351  [fg-relay] rate2: fginput eval=0.0/s index!=1=0.0/s eval-gate[off=0.0 fallback=0.0 notready=0.0 noinput=0.0 noqueue=0.0]/s relay eval=0.0/s consume=0.0/s inplace=0.0/s(ok 0.0/s) unarmed=0.0/s mismatch=0.0/s relbusy=0.0/s relok=0.0/s relfail=0.0/s release-stage[queue=0.0 pool=0.0 fence=0.0 reset=0.0 begin=0.0 end=0.0 submit=0.0]/s watchdog=0.0/s | worker plays=0.0/s ok=0.0/s fail=0.0/s nr_absent=0.0/s copyfail=0.0/s
01:36:00.351  [fg-relay] rate3: arm->arm avg=81.66ms max=37341.25ms n=1382 | arm->work avg=0.01ms max=0.14ms | arm->eval avg=0.00ms max=0.00ms | copywait avg=0.008ms max=0.092ms | copy-land<= avg=81.95ms max=37340.86ms | work avg=6.40ms max=228.23ms | totals armed=1383 unarmed=0 skipped=0 busy=0 mismatch=0 copies_failed=0 writes=1383 conflicts=0
01:36:00.351  [fg-relay] rate4: throttle depth=1 off=0 | sleep calls=84.8/s waits=0.0/s clear=84.8/s timeouts=0.0/s avg=0.00ms | present calls=84.8/s waits=0.0/s clear=0.0/s timeouts=0.0/s avg=0.00ms | max=106.41ms (process)
01:36:07.473  === Vulkan CreateFeature1 #39  feature_id=18  VkDevice=000000002FE700D0  thread 79160 ===
01:36:07.474  === Vulkan CreateFeature1 #39 returned -1160773630, handle=0000000000000000 ===
01:36:08.196  qpc=4500637643406 [focus-fg] state: enabled=1 hooked=0 foreground=0 minimized=0 hwnd=0000000012AA281C scope_calls=0 original_false=0 kept=0 presents=69130 FG_evaluates=4152
01:36:15.349  [fg-relay] rate/15.0s p2 import_opt=1: presents=85.3/s present-gate[point=85.3 ready=0.0 fallback=0.0 inactive=0.0]/s noinfo=0.0/s stale=0.0/s unlearned=0.0/s attempts=0.0/s armed=0.0/s skipped=0.0/s busy=0.0/s arm-reject[state=0.0 request=0.0 refused=0.0 stopping=0.0 res=0.0 size=0.0]/s pool[cap=0.0 family=0.0 create=0.0 alloc=0.0]/s copy-drop[fence=0.0 reset=0.0 begin=0.0 end=0.0 submit=0.0]/s cf[seq=0.0/s idle=0.0/s nrfence=0.0/s] slotbusy=0.0/s copyfence-busy=0.0/s nr-gpuwait=0.0/s flips=0.0/s
01:36:15.349  [fg-relay] rate2: fginput eval=0.0/s index!=1=0.0/s eval-gate[off=0.0 fallback=0.0 notready=0.0 noinput=0.0 noqueue=0.0]/s relay eval=0.0/s consume=0.0/s inplace=0.0/s(ok 0.0/s) unarmed=0.0/s mismatch=0.0/s relbusy=0.0/s relok=0.0/s relfail=0.0/s release-stage[queue=0.0 pool=0.0 fence=0.0 reset=0.0 begin=0.0 end=0.0 submit=0.0]/s watchdog=0.0/s | worker plays=0.0/s ok=0.0/s fail=0.0/s nr_absent=0.0/s copyfail=0.0/s
01:36:15.349  [fg-relay] rate3: arm->arm avg=81.66ms max=37341.25ms n=1382 | arm->work avg=0.01ms max=0.14ms | arm->eval avg=0.00ms max=0.00ms | copywait avg=0.008ms max=0.092ms | copy-land<= avg=81.95ms max=37340.86ms | work avg=6.40ms max=228.23ms | totals armed=1383 unarmed=0 skipped=0 busy=0 mismatch=0 copies_failed=0 writes=1383 conflicts=0
01:36:15.349  [fg-relay] rate4: throttle depth=1 off=0 | sleep calls=85.3/s waits=0.0/s clear=85.3/s timeouts=0.0/s avg=0.00ms | present calls=85.3/s waits=0.0/s clear=0.0/s timeouts=0.0/s avg=0.00ms | max=106.41ms (process)
01:36:24.193  qpc=4500797602808 [focus-fg] state: enabled=1 hooked=0 foreground=0 minimized=0 hwnd=0000000012AA281C scope_calls=0 original_false=0 kept=0 presents=70494 FG_evaluates=4152
01:36:30.352  [fg-relay] rate/15.0s p2 import_opt=1: presents=85.3/s present-gate[point=85.3 ready=0.0 fallback=0.0 inactive=0.0]/s noinfo=0.0/s stale=0.0/s unlearned=0.0/s attempts=0.0/s armed=0.0/s skipped=0.0/s busy=0.0/s arm-reject[state=0.0 request=0.0 refused=0.0 stopping=0.0 res=0.0 size=0.0]/s pool[cap=0.0 family=0.0 create=0.0 alloc=0.0]/s copy-drop[fence=0.0 reset=0.0 begin=0.0 end=0.0 submit=0.0]/s cf[seq=0.0/s idle=0.0/s nrfence=0.0/s] slotbusy=0.0/s copyfence-busy=0.0/s nr-gpuwait=0.0/s flips=0.0/s
01:36:30.352  [fg-relay] rate2: fginput eval=0.0/s index!=1=0.0/s eval-gate[off=0.0 fallback=0.0 notready=0.0 noinput=0.0 noqueue=0.0]/s relay eval=0.0/s consume=0.0/s inplace=0.0/s(ok 0.0/s) unarmed=0.0/s mismatch=0.0/s relbusy=0.0/s relok=0.0/s relfail=0.0/s release-stage[queue=0.0 pool=0.0 fence=0.0 reset=0.0 begin=0.0 end=0.0 submit=0.0]/s watchdog=0.0/s | worker plays=0.0/s ok=0.0/s fail=0.0/s nr_absent=0.0/s copyfail=0.0/s
01:36:30.352  [fg-relay] rate3: arm->arm avg=81.66ms max=37341.25ms n=1382 | arm->work avg=0.01ms max=0.14ms | arm->eval avg=0.00ms max=0.00ms | copywait avg=0.008ms max=0.092ms | copy-land<= avg=81.95ms max=37340.86ms | work avg=6.40ms max=228.23ms | totals armed=1383 unarmed=0 skipped=0 busy=0 mismatch=0 copies_failed=0 writes=1383 conflicts=0
01:36:30.353  [fg-relay] rate4: throttle depth=1 off=0 | sleep calls=85.3/s waits=0.0/s clear=85.3/s timeouts=0.0/s avg=0.00ms | present calls=85.3/s waits=0.0/s clear=0.0/s timeouts=0.0/s avg=0.00ms | max=106.41ms (process)
01:36:37.478  === Vulkan CreateFeature1 #40  feature_id=18  VkDevice=000000002FE700D0  thread 79160 ===
01:36:37.478  === Vulkan CreateFeature1 #40 returned -1160773630, handle=0000000000000000 ===
01:36:39.197  qpc=4500947643095 [focus-fg] state: enabled=1 hooked=0 foreground=0 minimized=0 hwnd=0000000012AA281C scope_calls=0 original_false=0 kept=0 presents=71769 FG_evaluates=4152
01:36:45.351  [fg-relay] rate/15.0s p2 import_opt=1: presents=84.7/s present-gate[point=84.7 ready=0.0 fallback=0.0 inactive=0.0]/s noinfo=0.0/s stale=0.0/s unlearned=0.0/s attempts=0.0/s armed=0.0/s skipped=0.0/s busy=0.0/s arm-reject[state=0.0 request=0.0 refused=0.0 stopping=0.0 res=0.0 size=0.0]/s pool[cap=0.0 family=0.0 create=0.0 alloc=0.0]/s copy-drop[fence=0.0 reset=0.0 begin=0.0 end=0.0 submit=0.0]/s cf[seq=0.0/s idle=0.0/s nrfence=0.0/s] slotbusy=0.0/s copyfence-busy=0.0/s nr-gpuwait=0.0/s flips=0.0/s
01:36:45.351  [fg-relay] rate2: fginput eval=0.0/s index!=1=0.0/s eval-gate[off=0.0 fallback=0.0 notready=0.0 noinput=0.0 noqueue=0.0]/s relay eval=0.0/s consume=0.0/s inplace=0.0/s(ok 0.0/s) unarmed=0.0/s mismatch=0.0/s relbusy=0.0/s relok=0.0/s relfail=0.0/s release-stage[queue=0.0 pool=0.0 fence=0.0 reset=0.0 begin=0.0 end=0.0 submit=0.0]/s watchdog=0.0/s | worker plays=0.0/s ok=0.0/s fail=0.0/s nr_absent=0.0/s copyfail=0.0/s
01:36:45.351  [fg-relay] rate3: arm->arm avg=81.66ms max=37341.25ms n=1382 | arm->work avg=0.01ms max=0.14ms | arm->eval avg=0.00ms max=0.00ms | copywait avg=0.008ms max=0.092ms | copy-land<= avg=81.95ms max=37340.86ms | work avg=6.40ms max=228.23ms | totals armed=1383 unarmed=0 skipped=0 busy=0 mismatch=0 copies_failed=0 writes=1383 conflicts=0
01:36:45.351  [fg-relay] rate4: throttle depth=1 off=0 | sleep calls=84.7/s waits=0.0/s clear=84.7/s timeouts=0.0/s avg=0.00ms | present calls=84.7/s waits=0.0/s clear=0.0/s timeouts=0.0/s avg=0.00ms | max=106.41ms (process)
01:36:54.198  qpc=4501097655520 [focus-fg] state: enabled=1 hooked=0 foreground=0 minimized=0 hwnd=0000000012AA281C scope_calls=0 original_false=0 kept=0 presents=73039 FG_evaluates=4152
01:37:00.352  [fg-relay] rate/15.0s p2 import_opt=1: presents=84.5/s present-gate[point=84.5 ready=0.0 fallback=0.0 inactive=0.0]/s noinfo=0.0/s stale=0.0/s unlearned=0.0/s attempts=0.0/s armed=0.0/s skipped=0.0/s busy=0.0/s arm-reject[state=0.0 request=0.0 refused=0.0 stopping=0.0 res=0.0 size=0.0]/s pool[cap=0.0 family=0.0 create=0.0 alloc=0.0]/s copy-drop[fence=0.0 reset=0.0 begin=0.0 end=0.0 submit=0.0]/s cf[seq=0.0/s idle=0.0/s nrfence=0.0/s] slotbusy=0.0/s copyfence-busy=0.0/s nr-gpuwait=0.0/s flips=0.0/s
01:37:00.352  [fg-relay] rate2: fginput eval=0.0/s index!=1=0.0/s eval-gate[off=0.0 fallback=0.0 notready=0.0 noinput=0.0 noqueue=0.0]/s relay eval=0.0/s consume=0.0/s inplace=0.0/s(ok 0.0/s) unarmed=0.0/s mismatch=0.0/s relbusy=0.0/s relok=0.0/s relfail=0.0/s release-stage[queue=0.0 pool=0.0 fence=0.0 reset=0.0 begin=0.0 end=0.0 submit=0.0]/s watchdog=0.0/s | worker plays=0.0/s ok=0.0/s fail=0.0/s nr_absent=0.0/s copyfail=0.0/s
01:37:00.352  [fg-relay] rate3: arm->arm avg=81.66ms max=37341.25ms n=1382 | arm->work avg=0.01ms max=0.14ms | arm->eval avg=0.00ms max=0.00ms | copywait avg=0.008ms max=0.092ms | copy-land<= avg=81.95ms max=37340.86ms | work avg=6.40ms max=228.23ms | totals armed=1383 unarmed=0 skipped=0 busy=0 mismatch=0 copies_failed=0 writes=1383 conflicts=0
01:37:00.352  [fg-relay] rate4: throttle depth=1 off=0 | sleep calls=84.5/s waits=0.0/s clear=84.5/s timeouts=0.0/s avg=0.00ms | present calls=84.5/s waits=0.0/s clear=0.0/s timeouts=0.0/s avg=0.00ms | max=106.41ms (process)
01:37:07.488  === Vulkan CreateFeature1 #41  feature_id=18  VkDevice=000000002FE700D0  thread 79160 ===
01:37:07.488  === Vulkan CreateFeature1 #41 returned -1160773630, handle=0000000000000000 ===
01:37:09.199  qpc=4501247661106 [focus-fg] state: enabled=1 hooked=0 foreground=0 minimized=0 hwnd=0000000012AA281C scope_calls=0 original_false=0 kept=0 presents=74283 FG_evaluates=4152
01:37:15.350  [fg-relay] rate/15.0s p2 import_opt=1: presents=80.9/s present-gate[point=80.9 ready=0.0 fallback=0.0 inactive=0.0]/s noinfo=0.0/s stale=0.0/s unlearned=0.0/s attempts=0.0/s armed=0.0/s skipped=0.0/s busy=0.0/s arm-reject[state=0.0 request=0.0 refused=0.0 stopping=0.0 res=0.0 size=0.0]/s pool[cap=0.0 family=0.0 create=0.0 alloc=0.0]/s copy-drop[fence=0.0 reset=0.0 begin=0.0 end=0.0 submit=0.0]/s cf[seq=0.0/s idle=0.0/s nrfence=0.0/s] slotbusy=0.0/s copyfence-busy=0.0/s nr-gpuwait=0.0/s flips=0.0/s
01:37:15.350  [fg-relay] rate2: fginput eval=0.0/s index!=1=0.0/s eval-gate[off=0.0 fallback=0.0 notready=0.0 noinput=0.0 noqueue=0.0]/s relay eval=0.0/s consume=0.0/s inplace=0.0/s(ok 0.0/s) unarmed=0.0/s mismatch=0.0/s relbusy=0.0/s relok=0.0/s relfail=0.0/s release-stage[queue=0.0 pool=0.0 fence=0.0 reset=0.0 begin=0.0 end=0.0 submit=0.0]/s watchdog=0.0/s | worker plays=0.0/s ok=0.0/s fail=0.0/s nr_absent=0.0/s copyfail=0.0/s
01:37:15.350  [fg-relay] rate3: arm->arm avg=81.66ms max=37341.25ms n=1382 | arm->work avg=0.01ms max=0.14ms | arm->eval avg=0.00ms max=0.00ms | copywait avg=0.008ms max=0.092ms | copy-land<= avg=81.95ms max=37340.86ms | work avg=6.40ms max=228.23ms | totals armed=1383 unarmed=0 skipped=0 busy=0 mismatch=0 copies_failed=0 writes=1383 conflicts=0
01:37:15.351  [fg-relay] rate4: throttle depth=1 off=0 | sleep calls=80.9/s waits=0.0/s clear=80.9/s timeouts=0.0/s avg=0.00ms | present calls=80.9/s waits=0.0/s clear=0.0/s timeouts=0.0/s avg=0.00ms | max=106.41ms (process)
01:37:26.200  qpc=4501417675822 [focus-fg] state: enabled=1 hooked=0 foreground=0 minimized=0 hwnd=0000000012AA281C scope_calls=0 original_false=0 kept=0 presents=75619 FG_evaluates=4152
01:37:30.345  [fg-relay] rate/15.0s p2 import_opt=1: presents=78.1/s present-gate[point=78.1 ready=0.0 fallback=0.0 inactive=0.0]/s noinfo=0.0/s stale=0.0/s unlearned=0.0/s attempts=0.0/s armed=0.0/s skipped=0.0/s busy=0.0/s arm-reject[state=0.0 request=0.0 refused=0.0 stopping=0.0 res=0.0 size=0.0]/s pool[cap=0.0 family=0.0 create=0.0 alloc=0.0]/s copy-drop[fence=0.0 reset=0.0 begin=0.0 end=0.0 submit=0.0]/s cf[seq=0.0/s idle=0.0/s nrfence=0.0/s] slotbusy=0.0/s copyfence-busy=0.0/s nr-gpuwait=0.0/s flips=0.0/s
01:37:30.345  [fg-relay] rate2: fginput eval=0.0/s index!=1=0.0/s eval-gate[off=0.0 fallback=0.0 notready=0.0 noinput=0.0 noqueue=0.0]/s relay eval=0.0/s consume=0.0/s inplace=0.0/s(ok 0.0/s) unarmed=0.0/s mismatch=0.0/s relbusy=0.0/s relok=0.0/s relfail=0.0/s release-stage[queue=0.0 pool=0.0 fence=0.0 reset=0.0 begin=0.0 end=0.0 submit=0.0]/s watchdog=0.0/s | worker plays=0.0/s ok=0.0/s fail=0.0/s nr_absent=0.0/s copyfail=0.0/s
01:37:30.345  [fg-relay] rate3: arm->arm avg=81.66ms max=37341.25ms n=1382 | arm->work avg=0.01ms max=0.14ms | arm->eval avg=0.00ms max=0.00ms | copywait avg=0.008ms max=0.092ms | copy-land<= avg=81.95ms max=37340.86ms | work avg=6.40ms max=228.23ms | totals armed=1383 unarmed=0 skipped=0 busy=0 mismatch=0 copies_failed=0 writes=1383 conflicts=0
01:37:30.345  [fg-relay] rate4: throttle depth=1 off=0 | sleep calls=78.1/s waits=0.0/s clear=78.1/s timeouts=0.0/s avg=0.00ms | present calls=78.1/s waits=0.0/s clear=0.0/s timeouts=0.0/s avg=0.00ms | max=106.41ms (process)
01:37:37.489  === Vulkan CreateFeature1 #42  feature_id=18  VkDevice=000000002FE700D0  thread 79160 ===
01:37:37.489  === Vulkan CreateFeature1 #42 returned -1160773630, handle=0000000000000000 ===
01:37:41.204  qpc=4501567711085 [focus-fg] state: enabled=1 hooked=0 foreground=0 minimized=0 hwnd=0000000012AA281C scope_calls=0 original_false=0 kept=0 presents=76804 FG_evaluates=4152
01:37:45.345  [fg-relay] rate/15.0s p2 import_opt=1: presents=78.9/s present-gate[point=78.9 ready=0.0 fallback=0.0 inactive=0.0]/s noinfo=0.0/s stale=0.0/s unlearned=0.0/s attempts=0.0/s armed=0.0/s skipped=0.0/s busy=0.0/s arm-reject[state=0.0 request=0.0 refused=0.0 stopping=0.0 res=0.0 size=0.0]/s pool[cap=0.0 family=0.0 create=0.0 alloc=0.0]/s copy-drop[fence=0.0 reset=0.0 begin=0.0 end=0.0 submit=0.0]/s cf[seq=0.0/s idle=0.0/s nrfence=0.0/s] slotbusy=0.0/s copyfence-busy=0.0/s nr-gpuwait=0.0/s flips=0.0/s
01:37:45.346  [fg-relay] rate2: fginput eval=0.0/s index!=1=0.0/s eval-gate[off=0.0 fallback=0.0 notready=0.0 noinput=0.0 noqueue=0.0]/s relay eval=0.0/s consume=0.0/s inplace=0.0/s(ok 0.0/s) unarmed=0.0/s mismatch=0.0/s relbusy=0.0/s relok=0.0/s relfail=0.0/s release-stage[queue=0.0 pool=0.0 fence=0.0 reset=0.0 begin=0.0 end=0.0 submit=0.0]/s watchdog=0.0/s | worker plays=0.0/s ok=0.0/s fail=0.0/s nr_absent=0.0/s copyfail=0.0/s
01:37:45.346  [fg-relay] rate3: arm->arm avg=81.66ms max=37341.25ms n=1382 | arm->work avg=0.01ms max=0.14ms | arm->eval avg=0.00ms max=0.00ms | copywait avg=0.008ms max=0.092ms | copy-land<= avg=81.95ms max=37340.86ms | work avg=6.40ms max=228.23ms | totals armed=1383 unarmed=0 skipped=0 busy=0 mismatch=0 copies_failed=0 writes=1383 conflicts=0
01:37:45.346  [fg-relay] rate4: throttle depth=1 off=0 | sleep calls=78.9/s waits=0.0/s clear=78.9/s timeouts=0.0/s avg=0.00ms | present calls=78.9/s waits=0.0/s clear=0.0/s timeouts=0.0/s avg=0.00ms | max=106.41ms (process)
01:37:58.213  qpc=4501737809043 [focus-fg] state: enabled=1 hooked=0 foreground=0 minimized=0 hwnd=0000000012AA281C scope_calls=0 original_false=0 kept=0 presents=78124 FG_evaluates=4152
01:38:00.358  [fg-relay] rate/15.0s p2 import_opt=1: presents=77.6/s present-gate[point=77.6 ready=0.0 fallback=0.0 inactive=0.0]/s noinfo=0.0/s stale=0.0/s unlearned=0.0/s attempts=0.0/s armed=0.0/s skipped=0.0/s busy=0.0/s arm-reject[state=0.0 request=0.0 refused=0.0 stopping=0.0 res=0.0 size=0.0]/s pool[cap=0.0 family=0.0 create=0.0 alloc=0.0]/s copy-drop[fence=0.0 reset=0.0 begin=0.0 end=0.0 submit=0.0]/s cf[seq=0.0/s idle=0.0/s nrfence=0.0/s] slotbusy=0.0/s copyfence-busy=0.0/s nr-gpuwait=0.0/s flips=0.0/s
01:38:00.358  [fg-relay] rate2: fginput eval=0.0/s index!=1=0.0/s eval-gate[off=0.0 fallback=0.0 notready=0.0 noinput=0.0 noqueue=0.0]/s relay eval=0.0/s consume=0.0/s inplace=0.0/s(ok 0.0/s) unarmed=0.0/s mismatch=0.0/s relbusy=0.0/s relok=0.0/s relfail=0.0/s release-stage[queue=0.0 pool=0.0 fence=0.0 reset=0.0 begin=0.0 end=0.0 submit=0.0]/s watchdog=0.0/s | worker plays=0.0/s ok=0.0/s fail=0.0/s nr_absent=0.0/s copyfail=0.0/s
01:38:00.358  [fg-relay] rate3: arm->arm avg=81.66ms max=37341.25ms n=1382 | arm->work avg=0.01ms max=0.14ms | arm->eval avg=0.00ms max=0.00ms | copywait avg=0.008ms max=0.092ms | copy-land<= avg=81.95ms max=37340.86ms | work avg=6.40ms max=228.23ms | totals armed=1383 unarmed=0 skipped=0 busy=0 mismatch=0 copies_failed=0 writes=1383 conflicts=0
01:38:00.358  [fg-relay] rate4: throttle depth=1 off=0 | sleep calls=77.7/s waits=0.0/s clear=77.7/s timeouts=0.0/s avg=0.00ms | present calls=77.6/s waits=0.0/s clear=0.0/s timeouts=0.0/s avg=0.00ms | max=106.41ms (process)
01:38:07.502  === Vulkan CreateFeature1 #43  feature_id=18  VkDevice=000000002FE700D0  thread 79160 ===
01:38:07.502  === Vulkan CreateFeature1 #43 returned -1160773630, handle=0000000000000000 ===
01:38:15.227  qpc=4501907941005 [focus-fg] state: enabled=1 hooked=0 foreground=0 minimized=0 hwnd=0000000012AA281C scope_calls=0 original_false=0 kept=0 presents=79455 FG_evaluates=4152
01:38:15.349  [fg-relay] rate/15.0s p2 import_opt=1: presents=78.3/s present-gate[point=78.3 ready=0.0 fallback=0.0 inactive=0.0]/s noinfo=0.0/s stale=0.0/s unlearned=0.0/s attempts=0.0/s armed=0.0/s skipped=0.0/s busy=0.0/s arm-reject[state=0.0 request=0.0 refused=0.0 stopping=0.0 res=0.0 size=0.0]/s pool[cap=0.0 family=0.0 create=0.0 alloc=0.0]/s copy-drop[fence=0.0 reset=0.0 begin=0.0 end=0.0 submit=0.0]/s cf[seq=0.0/s idle=0.0/s nrfence=0.0/s] slotbusy=0.0/s copyfence-busy=0.0/s nr-gpuwait=0.0/s flips=0.0/s
01:38:15.350  [fg-relay] rate2: fginput eval=0.0/s index!=1=0.0/s eval-gate[off=0.0 fallback=0.0 notready=0.0 noinput=0.0 noqueue=0.0]/s relay eval=0.0/s consume=0.0/s inplace=0.0/s(ok 0.0/s) unarmed=0.0/s mismatch=0.0/s relbusy=0.0/s relok=0.0/s relfail=0.0/s release-stage[queue=0.0 pool=0.0 fence=0.0 reset=0.0 begin=0.0 end=0.0 submit=0.0]/s watchdog=0.0/s | worker plays=0.0/s ok=0.0/s fail=0.0/s nr_absent=0.0/s copyfail=0.0/s
01:38:15.350  [fg-relay] rate3: arm->arm avg=81.66ms max=37341.25ms n=1382 | arm->work avg=0.01ms max=0.14ms | arm->eval avg=0.00ms max=0.00ms | copywait avg=0.008ms max=0.092ms | copy-land<= avg=81.95ms max=37340.86ms | work avg=6.40ms max=228.23ms | totals armed=1383 unarmed=0 skipped=0 busy=0 mismatch=0 copies_failed=0 writes=1383 conflicts=0
01:38:15.350  [fg-relay] rate4: throttle depth=1 off=0 | sleep calls=78.2/s waits=0.0/s clear=78.2/s timeouts=0.0/s avg=0.00ms | present calls=78.3/s waits=0.0/s clear=0.0/s timeouts=0.0/s avg=0.00ms | max=106.41ms (process)
01:38:30.230  qpc=4502057969822 [focus-fg] state: enabled=1 hooked=0 foreground=0 minimized=0 hwnd=0000000012AA281C scope_calls=0 original_false=0 kept=0 presents=80658 FG_evaluates=4152
01:38:30.354  [fg-relay] rate/15.0s p2 import_opt=1: presents=80.2/s present-gate[point=80.2 ready=0.0 fallback=0.0 inactive=0.0]/s noinfo=0.0/s stale=0.0/s unlearned=0.0/s attempts=0.0/s armed=0.0/s skipped=0.0/s busy=0.0/s arm-reject[state=0.0 request=0.0 refused=0.0 stopping=0.0 res=0.0 size=0.0]/s pool[cap=0.0 family=0.0 create=0.0 alloc=0.0]/s copy-drop[fence=0.0 reset=0.0 begin=0.0 end=0.0 submit=0.0]/s cf[seq=0.0/s idle=0.0/s nrfence=0.0/s] slotbusy=0.0/s copyfence-busy=0.0/s nr-gpuwait=0.0/s flips=0.0/s
01:38:30.355  [fg-relay] rate2: fginput eval=0.0/s index!=1=0.0/s eval-gate[off=0.0 fallback=0.0 notready=0.0 noinput=0.0 noqueue=0.0]/s relay eval=0.0/s consume=0.0/s inplace=0.0/s(ok 0.0/s) unarmed=0.0/s mismatch=0.0/s relbusy=0.0/s relok=0.0/s relfail=0.0/s release-stage[queue=0.0 pool=0.0 fence=0.0 reset=0.0 begin=0.0 end=0.0 submit=0.0]/s watchdog=0.0/s | worker plays=0.0/s ok=0.0/s fail=0.0/s nr_absent=0.0/s copyfail=0.0/s
01:38:30.355  [fg-relay] rate3: arm->arm avg=81.66ms max=37341.25ms n=1382 | arm->work avg=0.01ms max=0.14ms | arm->eval avg=0.00ms max=0.00ms | copywait avg=0.008ms max=0.092ms | copy-land<= avg=81.95ms max=37340.86ms | work avg=6.40ms max=228.23ms | totals armed=1383 unarmed=0 skipped=0 busy=0 mismatch=0 copies_failed=0 writes=1383 conflicts=0
01:38:30.355  [fg-relay] rate4: throttle depth=1 off=0 | sleep calls=80.2/s waits=0.0/s clear=80.2/s timeouts=0.0/s avg=0.00ms | present calls=80.2/s waits=0.0/s clear=0.0/s timeouts=0.0/s avg=0.00ms | max=106.41ms (process)
01:38:37.503  === Vulkan CreateFeature1 #44  feature_id=18  VkDevice=000000002FE700D0  thread 79160 ===
01:38:37.503  === Vulkan CreateFeature1 #44 returned -1160773630, handle=0000000000000000 ===
01:38:45.228  qpc=4502207951584 [focus-fg] state: enabled=1 hooked=0 foreground=0 minimized=0 hwnd=0000000012AA281C scope_calls=0 original_false=0 kept=0 presents=81862 FG_evaluates=4152
01:38:45.347  [fg-relay] rate/15.0s p2 import_opt=1: presents=80.3/s present-gate[point=80.3 ready=0.0 fallback=0.0 inactive=0.0]/s noinfo=0.0/s stale=0.0/s unlearned=0.0/s attempts=0.0/s armed=0.0/s skipped=0.0/s busy=0.0/s arm-reject[state=0.0 request=0.0 refused=0.0 stopping=0.0 res=0.0 size=0.0]/s pool[cap=0.0 family=0.0 create=0.0 alloc=0.0]/s copy-drop[fence=0.0 reset=0.0 begin=0.0 end=0.0 submit=0.0]/s cf[seq=0.0/s idle=0.0/s nrfence=0.0/s] slotbusy=0.0/s copyfence-busy=0.0/s nr-gpuwait=0.0/s flips=0.0/s
01:38:45.347  [fg-relay] rate2: fginput eval=0.0/s index!=1=0.0/s eval-gate[off=0.0 fallback=0.0 notready=0.0 noinput=0.0 noqueue=0.0]/s relay eval=0.0/s consume=0.0/s inplace=0.0/s(ok 0.0/s) unarmed=0.0/s mismatch=0.0/s relbusy=0.0/s relok=0.0/s relfail=0.0/s release-stage[queue=0.0 pool=0.0 fence=0.0 reset=0.0 begin=0.0 end=0.0 submit=0.0]/s watchdog=0.0/s | worker plays=0.0/s ok=0.0/s fail=0.0/s nr_absent=0.0/s copyfail=0.0/s
01:38:45.348  [fg-relay] rate3: arm->arm avg=81.66ms max=37341.25ms n=1382 | arm->work avg=0.01ms max=0.14ms | arm->eval avg=0.00ms max=0.00ms | copywait avg=0.008ms max=0.092ms | copy-land<= avg=81.95ms max=37340.86ms | work avg=6.40ms max=228.23ms | totals armed=1383 unarmed=0 skipped=0 busy=0 mismatch=0 copies_failed=0 writes=1383 conflicts=0
01:38:45.348  [fg-relay] rate4: throttle depth=1 off=0 | sleep calls=80.3/s waits=0.0/s clear=80.3/s timeouts=0.0/s avg=0.00ms | present calls=80.3/s waits=0.0/s clear=0.0/s timeouts=0.0/s avg=0.00ms | max=106.41ms (process)
01:39:00.356  [fg-relay] rate/15.0s p2 import_opt=1: presents=80.1/s present-gate[point=80.1 ready=0.0 fallback=0.0 inactive=0.0]/s noinfo=0.0/s stale=0.0/s unlearned=0.0/s attempts=0.0/s armed=0.0/s skipped=0.0/s busy=0.0/s arm-reject[state=0.0 request=0.0 refused=0.0 stopping=0.0 res=0.0 size=0.0]/s pool[cap=0.0 family=0.0 create=0.0 alloc=0.0]/s copy-drop[fence=0.0 reset=0.0 begin=0.0 end=0.0 submit=0.0]/s cf[seq=0.0/s idle=0.0/s nrfence=0.0/s] slotbusy=0.0/s copyfence-busy=0.0/s nr-gpuwait=0.0/s flips=0.0/s
01:39:00.356  [fg-relay] rate2: fginput eval=0.0/s index!=1=0.0/s eval-gate[off=0.0 fallback=0.0 notready=0.0 noinput=0.0 noqueue=0.0]/s relay eval=0.0/s consume=0.0/s inplace=0.0/s(ok 0.0/s) unarmed=0.0/s mismatch=0.0/s relbusy=0.0/s relok=0.0/s relfail=0.0/s release-stage[queue=0.0 pool=0.0 fence=0.0 reset=0.0 begin=0.0 end=0.0 submit=0.0]/s watchdog=0.0/s | worker plays=0.0/s ok=0.0/s fail=0.0/s nr_absent=0.0/s copyfail=0.0/s
01:39:00.357  [fg-relay] rate3: arm->arm avg=81.66ms max=37341.25ms n=1382 | arm->work avg=0.01ms max=0.14ms | arm->eval avg=0.00ms max=0.00ms | copywait avg=0.008ms max=0.092ms | copy-land<= avg=81.95ms max=37340.86ms | work avg=6.40ms max=228.23ms | totals armed=1383 unarmed=0 skipped=0 busy=0 mismatch=0 copies_failed=0 writes=1383 conflicts=0
01:39:00.357  [fg-relay] rate4: throttle depth=1 off=0 | sleep calls=80.1/s waits=0.0/s clear=80.1/s timeouts=0.0/s avg=0.00ms | present calls=80.1/s waits=0.0/s clear=0.0/s timeouts=0.0/s avg=0.00ms | max=106.41ms (process)
01:39:03.234  qpc=4502388012037 [focus-fg] state: enabled=1 hooked=0 foreground=0 minimized=0 hwnd=0000000012AA281C scope_calls=0 original_false=0 kept=0 presents=83300 FG_evaluates=4152
01:39:07.508  === Vulkan CreateFeature1 #45  feature_id=18  VkDevice=000000002FE700D0  thread 79160 ===
01:39:07.509  === Vulkan CreateFeature1 #45 returned -1160773630, handle=0000000000000000 ===
01:39:15.353  [fg-relay] rate/15.0s p2 import_opt=1: presents=78.3/s present-gate[point=78.3 ready=0.0 fallback=0.0 inactive=0.0]/s noinfo=0.0/s stale=0.0/s unlearned=0.0/s attempts=0.0/s armed=0.0/s skipped=0.0/s busy=0.0/s arm-reject[state=0.0 request=0.0 refused=0.0 stopping=0.0 res=0.0 size=0.0]/s pool[cap=0.0 family=0.0 create=0.0 alloc=0.0]/s copy-drop[fence=0.0 reset=0.0 begin=0.0 end=0.0 submit=0.0]/s cf[seq=0.0/s idle=0.0/s nrfence=0.0/s] slotbusy=0.0/s copyfence-busy=0.0/s nr-gpuwait=0.0/s flips=0.0/s
01:39:15.353  [fg-relay] rate2: fginput eval=0.0/s index!=1=0.0/s eval-gate[off=0.0 fallback=0.0 notready=0.0 noinput=0.0 noqueue=0.0]/s relay eval=0.0/s consume=0.0/s inplace=0.0/s(ok 0.0/s) unarmed=0.0/s mismatch=0.0/s relbusy=0.0/s relok=0.0/s relfail=0.0/s release-stage[queue=0.0 pool=0.0 fence=0.0 reset=0.0 begin=0.0 end=0.0 submit=0.0]/s watchdog=0.0/s | worker plays=0.0/s ok=0.0/s fail=0.0/s nr_absent=0.0/s copyfail=0.0/s
01:39:15.353  [fg-relay] rate3: arm->arm avg=81.66ms max=37341.25ms n=1382 | arm->work avg=0.01ms max=0.14ms | arm->eval avg=0.00ms max=0.00ms | copywait avg=0.008ms max=0.092ms | copy-land<= avg=81.95ms max=37340.86ms | work avg=6.40ms max=228.23ms | totals armed=1383 unarmed=0 skipped=0 busy=0 mismatch=0 copies_failed=0 writes=1383 conflicts=0
01:39:15.353  [fg-relay] rate4: throttle depth=1 off=0 | sleep calls=78.3/s waits=0.0/s clear=78.3/s timeouts=0.0/s avg=0.00ms | present calls=78.3/s waits=0.0/s clear=0.0/s timeouts=0.0/s avg=0.00ms | max=106.41ms (process)
01:39:20.237  qpc=4502558049372 [focus-fg] state: enabled=1 hooked=0 foreground=0 minimized=0 hwnd=0000000012AA281C scope_calls=0 original_false=0 kept=0 presents=84630 FG_evaluates=4152
01:39:30.355  [fg-relay] rate/15.0s p2 import_opt=1: presents=78.8/s present-gate[point=78.8 ready=0.0 fallback=0.0 inactive=0.0]/s noinfo=0.0/s stale=0.0/s unlearned=0.0/s attempts=0.0/s armed=0.0/s skipped=0.0/s busy=0.0/s arm-reject[state=0.0 request=0.0 refused=0.0 stopping=0.0 res=0.0 size=0.0]/s pool[cap=0.0 family=0.0 create=0.0 alloc=0.0]/s copy-drop[fence=0.0 reset=0.0 begin=0.0 end=0.0 submit=0.0]/s cf[seq=0.0/s idle=0.0/s nrfence=0.0/s] slotbusy=0.0/s copyfence-busy=0.0/s nr-gpuwait=0.0/s flips=0.0/s
01:39:30.356  [fg-relay] rate2: fginput eval=0.0/s index!=1=0.0/s eval-gate[off=0.0 fallback=0.0 notready=0.0 noinput=0.0 noqueue=0.0]/s relay eval=0.0/s consume=0.0/s inplace=0.0/s(ok 0.0/s) unarmed=0.0/s mismatch=0.0/s relbusy=0.0/s relok=0.0/s relfail=0.0/s release-stage[queue=0.0 pool=0.0 fence=0.0 reset=0.0 begin=0.0 end=0.0 submit=0.0]/s watchdog=0.0/s | worker plays=0.0/s ok=0.0/s fail=0.0/s nr_absent=0.0/s copyfail=0.0/s
01:39:30.356  [fg-relay] rate3: arm->arm avg=81.66ms max=37341.25ms n=1382 | arm->work avg=0.01ms max=0.14ms | arm->eval avg=0.00ms max=0.00ms | copywait avg=0.008ms max=0.092ms | copy-land<= avg=81.95ms max=37340.86ms | work avg=6.40ms max=228.23ms | totals armed=1383 unarmed=0 skipped=0 busy=0 mismatch=0 copies_failed=0 writes=1383 conflicts=0
01:39:30.356  [fg-relay] rate4: throttle depth=1 off=0 | sleep calls=78.8/s waits=0.0/s clear=78.8/s timeouts=0.0/s avg=0.00ms | present calls=78.8/s waits=0.0/s clear=0.0/s timeouts=0.0/s avg=0.00ms | max=106.41ms (process)
01:39:37.249  qpc=4502728166449 [focus-fg] state: enabled=1 hooked=0 foreground=0 minimized=0 hwnd=0000000012AA281C scope_calls=0 original_false=0 kept=0 presents=85980 FG_evaluates=4152
01:39:37.517  === Vulkan CreateFeature1 #46  feature_id=18  VkDevice=000000002FE700D0  thread 79160 ===
01:39:37.518  === Vulkan CreateFeature1 #46 returned -1160773630, handle=0000000000000000 ===
01:39:45.355  [fg-relay] rate/15.0s p2 import_opt=1: presents=81.3/s present-gate[point=81.3 ready=0.0 fallback=0.0 inactive=0.0]/s noinfo=0.0/s stale=0.0/s unlearned=0.0/s attempts=0.0/s armed=0.0/s skipped=0.0/s busy=0.0/s arm-reject[state=0.0 request=0.0 refused=0.0 stopping=0.0 res=0.0 size=0.0]/s pool[cap=0.0 family=0.0 create=0.0 alloc=0.0]/s copy-drop[fence=0.0 reset=0.0 begin=0.0 end=0.0 submit=0.0]/s cf[seq=0.0/s idle=0.0/s nrfence=0.0/s] slotbusy=0.0/s copyfence-busy=0.0/s nr-gpuwait=0.0/s flips=0.0/s
01:39:45.355  [fg-relay] rate2: fginput eval=0.0/s index!=1=0.0/s eval-gate[off=0.0 fallback=0.0 notready=0.0 noinput=0.0 noqueue=0.0]/s relay eval=0.0/s consume=0.0/s inplace=0.0/s(ok 0.0/s) unarmed=0.0/s mismatch=0.0/s relbusy=0.0/s relok=0.0/s relfail=0.0/s release-stage[queue=0.0 pool=0.0 fence=0.0 reset=0.0 begin=0.0 end=0.0 submit=0.0]/s watchdog=0.0/s | worker plays=0.0/s ok=0.0/s fail=0.0/s nr_absent=0.0/s copyfail=0.0/s
01:39:45.356  [fg-relay] rate3: arm->arm avg=81.66ms max=37341.25ms n=1382 | arm->work avg=0.01ms max=0.14ms | arm->eval avg=0.00ms max=0.00ms | copywait avg=0.008ms max=0.092ms | copy-land<= avg=81.95ms max=37340.86ms | work avg=6.40ms max=228.23ms | totals armed=1383 unarmed=0 skipped=0 busy=0 mismatch=0 copies_failed=0 writes=1383 conflicts=0
01:39:45.356  [fg-relay] rate4: throttle depth=1 off=0 | sleep calls=81.3/s waits=0.0/s clear=81.3/s timeouts=0.0/s avg=0.00ms | present calls=81.3/s waits=0.0/s clear=0.0/s timeouts=0.0/s avg=0.00ms | max=106.41ms (process)
01:39:54.247  qpc=4502898143578 [focus-fg] state: enabled=1 hooked=0 foreground=0 minimized=0 hwnd=0000000012AA281C scope_calls=0 original_false=0 kept=0 presents=87389 FG_evaluates=4152
01:40:00.346  [fg-relay] rate/15.0s p2 import_opt=1: presents=83.8/s present-gate[point=83.8 ready=0.0 fallback=0.0 inactive=0.0]/s noinfo=0.0/s stale=0.0/s unlearned=0.0/s attempts=0.0/s armed=0.0/s skipped=0.0/s busy=0.0/s arm-reject[state=0.0 request=0.0 refused=0.0 stopping=0.0 res=0.0 size=0.0]/s pool[cap=0.0 family=0.0 create=0.0 alloc=0.0]/s copy-drop[fence=0.0 reset=0.0 begin=0.0 end=0.0 submit=0.0]/s cf[seq=0.0/s idle=0.0/s nrfence=0.0/s] slotbusy=0.0/s copyfence-busy=0.0/s nr-gpuwait=0.0/s flips=0.0/s
01:40:00.346  [fg-relay] rate2: fginput eval=0.0/s index!=1=0.0/s eval-gate[off=0.0 fallback=0.0 notready=0.0 noinput=0.0 noqueue=0.0]/s relay eval=0.0/s consume=0.0/s inplace=0.0/s(ok 0.0/s) unarmed=0.0/s mismatch=0.0/s relbusy=0.0/s relok=0.0/s relfail=0.0/s release-stage[queue=0.0 pool=0.0 fence=0.0 reset=0.0 begin=0.0 end=0.0 submit=0.0]/s watchdog=0.0/s | worker plays=0.0/s ok=0.0/s fail=0.0/s nr_absent=0.0/s copyfail=0.0/s
01:40:00.346  [fg-relay] rate3: arm->arm avg=81.66ms max=37341.25ms n=1382 | arm->work avg=0.01ms max=0.14ms | arm->eval avg=0.00ms max=0.00ms | copywait avg=0.008ms max=0.092ms | copy-land<= avg=81.95ms max=37340.86ms | work avg=6.40ms max=228.23ms | totals armed=1383 unarmed=0 skipped=0 busy=0 mismatch=0 copies_failed=0 writes=1383 conflicts=0
01:40:00.346  [fg-relay] rate4: throttle depth=1 off=0 | sleep calls=83.8/s waits=0.0/s clear=83.8/s timeouts=0.0/s avg=0.00ms | present calls=83.8/s waits=0.0/s clear=0.0/s timeouts=0.0/s avg=0.00ms | max=106.41ms (process)
01:40:07.519  === Vulkan CreateFeature1 #47  feature_id=18  VkDevice=000000002FE700D0  thread 79160 ===
01:40:07.520  === Vulkan CreateFeature1 #47 returned -1160773630, handle=0000000000000000 ===
01:40:11.242  qpc=4503068091738 [focus-fg] state: enabled=1 hooked=0 foreground=0 minimized=0 hwnd=0000000012AA281C scope_calls=0 original_false=0 kept=0 presents=88833 FG_evaluates=4152
01:40:15.351  [fg-relay] rate/15.0s p2 import_opt=1: presents=84.0/s present-gate[point=84.0 ready=0.0 fallback=0.0 inactive=0.0]/s noinfo=0.0/s stale=0.0/s unlearned=0.0/s attempts=0.0/s armed=0.0/s skipped=0.0/s busy=0.0/s arm-reject[state=0.0 request=0.0 refused=0.0 stopping=0.0 res=0.0 size=0.0]/s pool[cap=0.0 family=0.0 create=0.0 alloc=0.0]/s copy-drop[fence=0.0 reset=0.0 begin=0.0 end=0.0 submit=0.0]/s cf[seq=0.0/s idle=0.0/s nrfence=0.0/s] slotbusy=0.0/s copyfence-busy=0.0/s nr-gpuwait=0.0/s flips=0.0/s
01:40:15.352  [fg-relay] rate2: fginput eval=0.0/s index!=1=0.0/s eval-gate[off=0.0 fallback=0.0 notready=0.0 noinput=0.0 noqueue=0.0]/s relay eval=0.0/s consume=0.0/s inplace=0.0/s(ok 0.0/s) unarmed=0.0/s mismatch=0.0/s relbusy=0.0/s relok=0.0/s relfail=0.0/s release-stage[queue=0.0 pool=0.0 fence=0.0 reset=0.0 begin=0.0 end=0.0 submit=0.0]/s watchdog=0.0/s | worker plays=0.0/s ok=0.0/s fail=0.0/s nr_absent=0.0/s copyfail=0.0/s
01:40:15.352  [fg-relay] rate3: arm->arm avg=81.66ms max=37341.25ms n=1382 | arm->work avg=0.01ms max=0.14ms | arm->eval avg=0.00ms max=0.00ms | copywait avg=0.008ms max=0.092ms | copy-land<= avg=81.95ms max=37340.86ms | work avg=6.40ms max=228.23ms | totals armed=1383 unarmed=0 skipped=0 busy=0 mismatch=0 copies_failed=0 writes=1383 conflicts=0
01:40:15.352  [fg-relay] rate4: throttle depth=1 off=0 | sleep calls=84.0/s waits=0.0/s clear=84.0/s timeouts=0.0/s avg=0.00ms | present calls=84.0/s waits=0.0/s clear=0.0/s timeouts=0.0/s avg=0.00ms | max=106.41ms (process)
01:40:27.245  qpc=4503228122077 [focus-fg] state: enabled=1 hooked=0 foreground=0 minimized=0 hwnd=0000000012AA281C scope_calls=0 original_false=0 kept=0 presents=90121 FG_evaluates=4152
01:40:30.354  [fg-relay] rate/15.0s p2 import_opt=1: presents=80.2/s present-gate[point=80.2 ready=0.0 fallback=0.0 inactive=0.0]/s noinfo=0.0/s stale=0.0/s unlearned=0.0/s attempts=0.0/s armed=0.0/s skipped=0.0/s busy=0.0/s arm-reject[state=0.0 request=0.0 refused=0.0 stopping=0.0 res=0.0 size=0.0]/s pool[cap=0.0 family=0.0 create=0.0 alloc=0.0]/s copy-drop[fence=0.0 reset=0.0 begin=0.0 end=0.0 submit=0.0]/s cf[seq=0.0/s idle=0.0/s nrfence=0.0/s] slotbusy=0.0/s copyfence-busy=0.0/s nr-gpuwait=0.0/s flips=0.0/s
01:40:30.354  [fg-relay] rate2: fginput eval=0.0/s index!=1=0.0/s eval-gate[off=0.0 fallback=0.0 notready=0.0 noinput=0.0 noqueue=0.0]/s relay eval=0.0/s consume=0.0/s inplace=0.0/s(ok 0.0/s) unarmed=0.0/s mismatch=0.0/s relbusy=0.0/s relok=0.0/s relfail=0.0/s release-stage[queue=0.0 pool=0.0 fence=0.0 reset=0.0 begin=0.0 end=0.0 submit=0.0]/s watchdog=0.0/s | worker plays=0.0/s ok=0.0/s fail=0.0/s nr_absent=0.0/s copyfail=0.0/s
01:40:30.354  [fg-relay] rate3: arm->arm avg=81.66ms max=37341.25ms n=1382 | arm->work avg=0.01ms max=0.14ms | arm->eval avg=0.00ms max=0.00ms | copywait avg=0.008ms max=0.092ms | copy-land<= avg=81.95ms max=37340.86ms | work avg=6.40ms max=228.23ms | totals armed=1383 unarmed=0 skipped=0 busy=0 mismatch=0 copies_failed=0 writes=1383 conflicts=0
01:40:30.354  [fg-relay] rate4: throttle depth=1 off=0 | sleep calls=80.3/s waits=0.0/s clear=80.3/s timeouts=0.0/s avg=0.00ms | present calls=80.2/s waits=0.0/s clear=0.0/s timeouts=0.0/s avg=0.00ms | max=106.41ms (process)
01:40:37.534  === Vulkan CreateFeature1 #48  feature_id=18  VkDevice=000000002FE700D0  thread 79160 ===
01:40:37.534  === Vulkan CreateFeature1 #48 returned -1160773630, handle=0000000000000000 ===
01:40:43.241  qpc=4503388084854 [focus-fg] state: enabled=1 hooked=0 foreground=0 minimized=0 hwnd=0000000012AA281C scope_calls=0 original_false=0 kept=0 presents=91406 FG_evaluates=4152
01:40:45.347  [fg-relay] rate/15.0s p2 import_opt=1: presents=80.3/s present-gate[point=80.3 ready=0.0 fallback=0.0 inactive=0.0]/s noinfo=0.0/s stale=0.0/s unlearned=0.0/s attempts=0.0/s armed=0.0/s skipped=0.0/s busy=0.0/s arm-reject[state=0.0 request=0.0 refused=0.0 stopping=0.0 res=0.0 size=0.0]/s pool[cap=0.0 family=0.0 create=0.0 alloc=0.0]/s copy-drop[fence=0.0 reset=0.0 begin=0.0 end=0.0 submit=0.0]/s cf[seq=0.0/s idle=0.0/s nrfence=0.0/s] slotbusy=0.0/s copyfence-busy=0.0/s nr-gpuwait=0.0/s flips=0.0/s
01:40:45.347  [fg-relay] rate2: fginput eval=0.0/s index!=1=0.0/s eval-gate[off=0.0 fallback=0.0 notready=0.0 noinput=0.0 noqueue=0.0]/s relay eval=0.0/s consume=0.0/s inplace=0.0/s(ok 0.0/s) unarmed=0.0/s mismatch=0.0/s relbusy=0.0/s relok=0.0/s relfail=0.0/s release-stage[queue=0.0 pool=0.0 fence=0.0 reset=0.0 begin=0.0 end=0.0 submit=0.0]/s watchdog=0.0/s | worker plays=0.0/s ok=0.0/s fail=0.0/s nr_absent=0.0/s copyfail=0.0/s
01:40:45.347  [fg-relay] rate3: arm->arm avg=81.66ms max=37341.25ms n=1382 | arm->work avg=0.01ms max=0.14ms | arm->eval avg=0.00ms max=0.00ms | copywait avg=0.008ms max=0.092ms | copy-land<= avg=81.95ms max=37340.86ms | work avg=6.40ms max=228.23ms | totals armed=1383 unarmed=0 skipped=0 busy=0 mismatch=0 copies_failed=0 writes=1383 conflicts=0
01:40:45.347  [fg-relay] rate4: throttle depth=1 off=0 | sleep calls=80.3/s waits=0.0/s clear=80.3/s timeouts=0.0/s avg=0.00ms | present calls=80.3/s waits=0.0/s clear=0.0/s timeouts=0.0/s avg=0.00ms | max=106.41ms (process)
01:41:00.350  [fg-relay] rate/15.0s p2 import_opt=1: presents=80.5/s present-gate[point=80.5 ready=0.0 fallback=0.0 inactive=0.0]/s noinfo=0.0/s stale=0.0/s unlearned=0.0/s attempts=0.0/s armed=0.0/s skipped=0.0/s busy=0.0/s arm-reject[state=0.0 request=0.0 refused=0.0 stopping=0.0 res=0.0 size=0.0]/s pool[cap=0.0 family=0.0 create=0.0 alloc=0.0]/s copy-drop[fence=0.0 reset=0.0 begin=0.0 end=0.0 submit=0.0]/s cf[seq=0.0/s idle=0.0/s nrfence=0.0/s] slotbusy=0.0/s copyfence-busy=0.0/s nr-gpuwait=0.0/s flips=0.0/s
01:41:00.351  [fg-relay] rate2: fginput eval=0.0/s index!=1=0.0/s eval-gate[off=0.0 fallback=0.0 notready=0.0 noinput=0.0 noqueue=0.0]/s relay eval=0.0/s consume=0.0/s inplace=0.0/s(ok 0.0/s) unarmed=0.0/s mismatch=0.0/s relbusy=0.0/s relok=0.0/s relfail=0.0/s release-stage[queue=0.0 pool=0.0 fence=0.0 reset=0.0 begin=0.0 end=0.0 submit=0.0]/s watchdog=0.0/s | worker plays=0.0/s ok=0.0/s fail=0.0/s nr_absent=0.0/s copyfail=0.0/s
01:41:00.351  [fg-relay] rate3: arm->arm avg=81.66ms max=37341.25ms n=1382 | arm->work avg=0.01ms max=0.14ms | arm->eval avg=0.00ms max=0.00ms | copywait avg=0.008ms max=0.092ms | copy-land<= avg=81.95ms max=37340.86ms | work avg=6.40ms max=228.23ms | totals armed=1383 unarmed=0 skipped=0 busy=0 mismatch=0 copies_failed=0 writes=1383 conflicts=0
01:41:00.351  [fg-relay] rate4: throttle depth=1 off=0 | sleep calls=80.5/s waits=0.0/s clear=80.5/s timeouts=0.0/s avg=0.00ms | present calls=80.5/s waits=0.0/s clear=0.0/s timeouts=0.0/s avg=0.00ms | max=106.41ms (process)
01:41:01.246  qpc=4503568127996 [focus-fg] state: enabled=1 hooked=0 foreground=0 minimized=0 hwnd=0000000012AA281C scope_calls=0 original_false=0 kept=0 presents=92854 FG_evaluates=4152
01:41:07.539  === Vulkan CreateFeature1 #49  feature_id=18  VkDevice=000000002FE700D0  thread 79160 ===
01:41:07.539  === Vulkan CreateFeature1 #49 returned -1160773630, handle=0000000000000000 ===
01:41:15.346  [fg-relay] rate/15.0s p2 import_opt=1: presents=80.3/s present-gate[point=80.3 ready=0.0 fallback=0.0 inactive=0.0]/s noinfo=0.0/s stale=0.0/s unlearned=0.0/s attempts=0.0/s armed=0.0/s skipped=0.0/s busy=0.0/s arm-reject[state=0.0 request=0.0 refused=0.0 stopping=0.0 res=0.0 size=0.0]/s pool[cap=0.0 family=0.0 create=0.0 alloc=0.0]/s copy-drop[fence=0.0 reset=0.0 begin=0.0 end=0.0 submit=0.0]/s cf[seq=0.0/s idle=0.0/s nrfence=0.0/s] slotbusy=0.0/s copyfence-busy=0.0/s nr-gpuwait=0.0/s flips=0.0/s
01:41:15.346  [fg-relay] rate2: fginput eval=0.0/s index!=1=0.0/s eval-gate[off=0.0 fallback=0.0 notready=0.0 noinput=0.0 noqueue=0.0]/s relay eval=0.0/s consume=0.0/s inplace=0.0/s(ok 0.0/s) unarmed=0.0/s mismatch=0.0/s relbusy=0.0/s relok=0.0/s relfail=0.0/s release-stage[queue=0.0 pool=0.0 fence=0.0 reset=0.0 begin=0.0 end=0.0 submit=0.0]/s watchdog=0.0/s | worker plays=0.0/s ok=0.0/s fail=0.0/s nr_absent=0.0/s copyfail=0.0/s
01:41:15.346  [fg-relay] rate3: arm->arm avg=81.66ms max=37341.25ms n=1382 | arm->work avg=0.01ms max=0.14ms | arm->eval avg=0.00ms max=0.00ms | copywait avg=0.008ms max=0.092ms | copy-land<= avg=81.95ms max=37340.86ms | work avg=6.40ms max=228.23ms | totals armed=1383 unarmed=0 skipped=0 busy=0 mismatch=0 copies_failed=0 writes=1383 conflicts=0
01:41:15.346  [fg-relay] rate4: throttle depth=1 off=0 | sleep calls=80.3/s waits=0.0/s clear=80.3/s timeouts=0.0/s avg=0.00ms | present calls=80.3/s waits=0.0/s clear=0.0/s timeouts=0.0/s avg=0.00ms | max=106.41ms (process)
01:41:17.254  qpc=4503728213747 [focus-fg] state: enabled=1 hooked=0 foreground=0 minimized=0 hwnd=0000000012AA281C scope_calls=0 original_false=0 kept=0 presents=94140 FG_evaluates=4152
01:41:30.351  [fg-relay] rate/15.0s p2 import_opt=1: presents=80.3/s present-gate[point=80.3 ready=0.0 fallback=0.0 inactive=0.0]/s noinfo=0.0/s stale=0.0/s unlearned=0.0/s attempts=0.0/s armed=0.0/s skipped=0.0/s busy=0.0/s arm-reject[state=0.0 request=0.0 refused=0.0 stopping=0.0 res=0.0 size=0.0]/s pool[cap=0.0 family=0.0 create=0.0 alloc=0.0]/s copy-drop[fence=0.0 reset=0.0 begin=0.0 end=0.0 submit=0.0]/s cf[seq=0.0/s idle=0.0/s nrfence=0.0/s] slotbusy=0.0/s copyfence-busy=0.0/s nr-gpuwait=0.0/s flips=0.0/s
01:41:30.351  [fg-relay] rate2: fginput eval=0.0/s index!=1=0.0/s eval-gate[off=0.0 fallback=0.0 notready=0.0 noinput=0.0 noqueue=0.0]/s relay eval=0.0/s consume=0.0/s inplace=0.0/s(ok 0.0/s) unarmed=0.0/s mismatch=0.0/s relbusy=0.0/s relok=0.0/s relfail=0.0/s release-stage[queue=0.0 pool=0.0 fence=0.0 reset=0.0 begin=0.0 end=0.0 submit=0.0]/s watchdog=0.0/s | worker plays=0.0/s ok=0.0/s fail=0.0/s nr_absent=0.0/s copyfail=0.0/s
01:41:30.351  [fg-relay] rate3: arm->arm avg=81.66ms max=37341.25ms n=1382 | arm->work avg=0.01ms max=0.14ms | arm->eval avg=0.00ms max=0.00ms | copywait avg=0.008ms max=0.092ms | copy-land<= avg=81.95ms max=37340.86ms | work avg=6.40ms max=228.23ms | totals armed=1383 unarmed=0 skipped=0 busy=0 mismatch=0 copies_failed=0 writes=1383 conflicts=0
01:41:30.351  [fg-relay] rate4: throttle depth=1 off=0 | sleep calls=80.3/s waits=0.0/s clear=80.3/s timeouts=0.0/s avg=0.00ms | present calls=80.3/s waits=0.0/s clear=0.0/s timeouts=0.0/s avg=0.00ms | max=106.41ms (process)
01:41:34.241  qpc=4503898077820 [focus-fg] state: enabled=1 hooked=0 foreground=0 minimized=0 hwnd=0000000012AA281C scope_calls=0 original_false=0 kept=0 presents=95505 FG_evaluates=4152
01:41:37.541  === Vulkan CreateFeature1 #50  feature_id=18  VkDevice=000000002FE700D0  thread 79160 ===
01:41:37.541  === Vulkan CreateFeature1 #50 returned -1160773630, handle=0000000000000000 ===
01:41:45.353  [fg-relay] rate/15.0s p2 import_opt=1: presents=80.4/s present-gate[point=80.4 ready=0.0 fallback=0.0 inactive=0.0]/s noinfo=0.0/s stale=0.0/s unlearned=0.0/s attempts=0.0/s armed=0.0/s skipped=0.0/s busy=0.0/s arm-reject[state=0.0 request=0.0 refused=0.0 stopping=0.0 res=0.0 size=0.0]/s pool[cap=0.0 family=0.0 create=0.0 alloc=0.0]/s copy-drop[fence=0.0 reset=0.0 begin=0.0 end=0.0 submit=0.0]/s cf[seq=0.0/s idle=0.0/s nrfence=0.0/s] slotbusy=0.0/s copyfence-busy=0.0/s nr-gpuwait=0.0/s flips=0.0/s
01:41:45.353  [fg-relay] rate2: fginput eval=0.0/s index!=1=0.0/s eval-gate[off=0.0 fallback=0.0 notready=0.0 noinput=0.0 noqueue=0.0]/s relay eval=0.0/s consume=0.0/s inplace=0.0/s(ok 0.0/s) unarmed=0.0/s mismatch=0.0/s relbusy=0.0/s relok=0.0/s relfail=0.0/s release-stage[queue=0.0 pool=0.0 fence=0.0 reset=0.0 begin=0.0 end=0.0 submit=0.0]/s watchdog=0.0/s | worker plays=0.0/s ok=0.0/s fail=0.0/s nr_absent=0.0/s copyfail=0.0/s
01:41:45.354  [fg-relay] rate3: arm->arm avg=81.66ms max=37341.25ms n=1382 | arm->work avg=0.01ms max=0.14ms | arm->eval avg=0.00ms max=0.00ms | copywait avg=0.008ms max=0.092ms | copy-land<= avg=81.95ms max=37340.86ms | work avg=6.40ms max=228.23ms | totals armed=1383 unarmed=0 skipped=0 busy=0 mismatch=0 copies_failed=0 writes=1383 conflicts=0
01:41:45.354  [fg-relay] rate4: throttle depth=1 off=0 | sleep calls=80.4/s waits=0.0/s clear=80.4/s timeouts=0.0/s avg=0.00ms | present calls=80.4/s waits=0.0/s clear=0.0/s timeouts=0.0/s avg=0.00ms | max=106.41ms (process)
01:41:51.247  qpc=4504068145523 [focus-fg] state: enabled=1 hooked=0 foreground=0 minimized=0 hwnd=0000000012AA281C scope_calls=0 original_false=0 kept=0 presents=96896 FG_evaluates=4152
01:42:00.344  [fg-relay] rate/15.0s p2 import_opt=1: presents=84.5/s present-gate[point=84.5 ready=0.0 fallback=0.0 inactive=0.0]/s noinfo=0.0/s stale=0.0/s unlearned=0.0/s attempts=0.0/s armed=0.0/s skipped=0.0/s busy=0.0/s arm-reject[state=0.0 request=0.0 refused=0.0 stopping=0.0 res=0.0 size=0.0]/s pool[cap=0.0 family=0.0 create=0.0 alloc=0.0]/s copy-drop[fence=0.0 reset=0.0 begin=0.0 end=0.0 submit=0.0]/s cf[seq=0.0/s idle=0.0/s nrfence=0.0/s] slotbusy=0.0/s copyfence-busy=0.0/s nr-gpuwait=0.0/s flips=0.0/s
01:42:00.344  [fg-relay] rate2: fginput eval=0.0/s index!=1=0.0/s eval-gate[off=0.0 fallback=0.0 notready=0.0 noinput=0.0 noqueue=0.0]/s relay eval=0.0/s consume=0.0/s inplace=0.0/s(ok 0.0/s) unarmed=0.0/s mismatch=0.0/s relbusy=0.0/s relok=0.0/s relfail=0.0/s release-stage[queue=0.0 pool=0.0 fence=0.0 reset=0.0 begin=0.0 end=0.0 submit=0.0]/s watchdog=0.0/s | worker plays=0.0/s ok=0.0/s fail=0.0/s nr_absent=0.0/s copyfail=0.0/s
01:42:00.344  [fg-relay] rate3: arm->arm avg=81.66ms max=37341.25ms n=1382 | arm->work avg=0.01ms max=0.14ms | arm->eval avg=0.00ms max=0.00ms | copywait avg=0.008ms max=0.092ms | copy-land<= avg=81.95ms max=37340.86ms | work avg=6.40ms max=228.23ms | totals armed=1383 unarmed=0 skipped=0 busy=0 mismatch=0 copies_failed=0 writes=1383 conflicts=0
01:42:00.344  [fg-relay] rate4: throttle depth=1 off=0 | sleep calls=84.5/s waits=0.0/s clear=84.5/s timeouts=0.0/s avg=0.00ms | present calls=84.5/s waits=0.0/s clear=0.0/s timeouts=0.0/s avg=0.00ms | max=106.41ms (process)
01:42:07.552  === Vulkan CreateFeature1 #51  feature_id=18  VkDevice=000000002FE700D0  thread 79160 ===
01:42:07.552  === Vulkan CreateFeature1 #51 returned -1160773630, handle=0000000000000000 ===
01:42:08.249  qpc=4504238162280 [focus-fg] state: enabled=1 hooked=0 foreground=0 minimized=0 hwnd=0000000012AA281C scope_calls=0 original_false=0 kept=0 presents=98338 FG_evaluates=4152
01:42:15.352  [fg-relay] rate/15.0s p2 import_opt=1: presents=84.9/s present-gate[point=84.9 ready=0.0 fallback=0.0 inactive=0.0]/s noinfo=0.0/s stale=0.0/s unlearned=0.0/s attempts=0.0/s armed=0.0/s skipped=0.0/s busy=0.0/s arm-reject[state=0.0 request=0.0 refused=0.0 stopping=0.0 res=0.0 size=0.0]/s pool[cap=0.0 family=0.0 create=0.0 alloc=0.0]/s copy-drop[fence=0.0 reset=0.0 begin=0.0 end=0.0 submit=0.0]/s cf[seq=0.0/s idle=0.0/s nrfence=0.0/s] slotbusy=0.0/s copyfence-busy=0.0/s nr-gpuwait=0.0/s flips=0.0/s
01:42:15.353  [fg-relay] rate2: fginput eval=0.0/s index!=1=0.0/s eval-gate[off=0.0 fallback=0.0 notready=0.0 noinput=0.0 noqueue=0.0]/s relay eval=0.0/s consume=0.0/s inplace=0.0/s(ok 0.0/s) unarmed=0.0/s mismatch=0.0/s relbusy=0.0/s relok=0.0/s relfail=0.0/s release-stage[queue=0.0 pool=0.0 fence=0.0 reset=0.0 begin=0.0 end=0.0 submit=0.0]/s watchdog=0.0/s | worker plays=0.0/s ok=0.0/s fail=0.0/s nr_absent=0.0/s copyfail=0.0/s
01:42:15.353  [fg-relay] rate3: arm->arm avg=81.66ms max=37341.25ms n=1382 | arm->work avg=0.01ms max=0.14ms | arm->eval avg=0.00ms max=0.00ms | copywait avg=0.008ms max=0.092ms | copy-land<= avg=81.95ms max=37340.86ms | work avg=6.40ms max=228.23ms | totals armed=1383 unarmed=0 skipped=0 busy=0 mismatch=0 copies_failed=0 writes=1383 conflicts=0
01:42:15.353  [fg-relay] rate4: throttle depth=1 off=0 | sleep calls=84.8/s waits=0.0/s clear=84.8/s timeouts=0.0/s avg=0.00ms | present calls=84.9/s waits=0.0/s clear=0.0/s timeouts=0.0/s avg=0.00ms | max=106.41ms (process)
01:42:25.250  qpc=4504408173108 [focus-fg] state: enabled=1 hooked=0 foreground=0 minimized=0 hwnd=0000000012AA281C scope_calls=0 original_false=0 kept=0 presents=99774 FG_evaluates=4152
01:42:30.353  [fg-relay] rate/15.0s p2 import_opt=1: presents=84.1/s present-gate[point=84.1 ready=0.0 fallback=0.0 inactive=0.0]/s noinfo=0.0/s stale=0.0/s unlearned=0.0/s attempts=0.0/s armed=0.0/s skipped=0.0/s busy=0.0/s arm-reject[state=0.0 request=0.0 refused=0.0 stopping=0.0 res=0.0 size=0.0]/s pool[cap=0.0 family=0.0 create=0.0 alloc=0.0]/s copy-drop[fence=0.0 reset=0.0 begin=0.0 end=0.0 submit=0.0]/s cf[seq=0.0/s idle=0.0/s nrfence=0.0/s] slotbusy=0.0/s copyfence-busy=0.0/s nr-gpuwait=0.0/s flips=0.0/s
01:42:30.353  [fg-relay] rate2: fginput eval=0.0/s index!=1=0.0/s eval-gate[off=0.0 fallback=0.0 notready=0.0 noinput=0.0 noqueue=0.0]/s relay eval=0.0/s consume=0.0/s inplace=0.0/s(ok 0.0/s) unarmed=0.0/s mismatch=0.0/s relbusy=0.0/s relok=0.0/s relfail=0.0/s release-stage[queue=0.0 pool=0.0 fence=0.0 reset=0.0 begin=0.0 end=0.0 submit=0.0]/s watchdog=0.0/s | worker plays=0.0/s ok=0.0/s fail=0.0/s nr_absent=0.0/s copyfail=0.0/s
01:42:30.354  [fg-relay] rate3: arm->arm avg=81.66ms max=37341.25ms n=1382 | arm->work avg=0.01ms max=0.14ms | arm->eval avg=0.00ms max=0.00ms | copywait avg=0.008ms max=0.092ms | copy-land<= avg=81.95ms max=37340.86ms | work avg=6.40ms max=228.23ms | totals armed=1383 unarmed=0 skipped=0 busy=0 mismatch=0 copies_failed=0 writes=1383 conflicts=0
01:42:30.354  [fg-relay] rate4: throttle depth=1 off=0 | sleep calls=84.1/s waits=0.0/s clear=84.1/s timeouts=0.0/s avg=0.00ms | present calls=84.1/s waits=0.0/s clear=0.0/s timeouts=0.0/s avg=0.00ms | max=106.41ms (process)
01:42:37.556  === Vulkan CreateFeature1 #52  feature_id=18  VkDevice=000000002FE700D0  thread 79160 ===
01:42:37.557  === Vulkan CreateFeature1 #52 returned -1160773630, handle=0000000000000000 ===
01:42:41.243  qpc=4504568109537 [focus-fg] state: enabled=1 hooked=0 foreground=0 minimized=0 hwnd=0000000012AA281C scope_calls=0 original_false=0 kept=0 presents=101121 FG_evaluates=4152
01:42:45.348  [fg-relay] rate/15.0s p2 import_opt=1: presents=84.7/s present-gate[point=84.7 ready=0.0 fallback=0.0 inactive=0.0]/s noinfo=0.0/s stale=0.0/s unlearned=0.0/s attempts=0.0/s armed=0.0/s skipped=0.0/s busy=0.0/s arm-reject[state=0.0 request=0.0 refused=0.0 stopping=0.0 res=0.0 size=0.0]/s pool[cap=0.0 family=0.0 create=0.0 alloc=0.0]/s copy-drop[fence=0.0 reset=0.0 begin=0.0 end=0.0 submit=0.0]/s cf[seq=0.0/s idle=0.0/s nrfence=0.0/s] slotbusy=0.0/s copyfence-busy=0.0/s nr-gpuwait=0.0/s flips=0.0/s
01:42:45.349  [fg-relay] rate2: fginput eval=0.0/s index!=1=0.0/s eval-gate[off=0.0 fallback=0.0 notready=0.0 noinput=0.0 noqueue=0.0]/s relay eval=0.0/s consume=0.0/s inplace=0.0/s(ok 0.0/s) unarmed=0.0/s mismatch=0.0/s relbusy=0.0/s relok=0.0/s relfail=0.0/s release-stage[queue=0.0 pool=0.0 fence=0.0 reset=0.0 begin=0.0 end=0.0 submit=0.0]/s watchdog=0.0/s | worker plays=0.0/s ok=0.0/s fail=0.0/s nr_absent=0.0/s copyfail=0.0/s
01:42:45.349  [fg-relay] rate3: arm->arm avg=81.66ms max=37341.25ms n=1382 | arm->work avg=0.01ms max=0.14ms | arm->eval avg=0.00ms max=0.00ms | copywait avg=0.008ms max=0.092ms | copy-land<= avg=81.95ms max=37340.86ms | work avg=6.40ms max=228.23ms | totals armed=1383 unarmed=0 skipped=0 busy=0 mismatch=0 copies_failed=0 writes=1383 conflicts=0
01:42:45.349  [fg-relay] rate4: throttle depth=1 off=0 | sleep calls=84.7/s waits=0.0/s clear=84.7/s timeouts=0.0/s avg=0.00ms | present calls=84.7/s waits=0.0/s clear=0.0/s timeouts=0.0/s avg=0.00ms | max=106.41ms (process)
01:42:56.246  qpc=4504718131876 [focus-fg] state: enabled=1 hooked=0 foreground=0 minimized=0 hwnd=0000000012AA281C scope_calls=0 original_false=0 kept=0 presents=102386 FG_evaluates=4152
01:43:00.349  [fg-relay] rate/15.0s p2 import_opt=1: presents=84.1/s present-gate[point=84.1 ready=0.0 fallback=0.0 inactive=0.0]/s noinfo=0.0/s stale=0.0/s unlearned=0.0/s attempts=0.0/s armed=0.0/s skipped=0.0/s busy=0.0/s arm-reject[state=0.0 request=0.0 refused=0.0 stopping=0.0 res=0.0 size=0.0]/s pool[cap=0.0 family=0.0 create=0.0 alloc=0.0]/s copy-drop[fence=0.0 reset=0.0 begin=0.0 end=0.0 submit=0.0]/s cf[seq=0.0/s idle=0.0/s nrfence=0.0/s] slotbusy=0.0/s copyfence-busy=0.0/s nr-gpuwait=0.0/s flips=0.0/s
01:43:00.350  [fg-relay] rate2: fginput eval=0.0/s index!=1=0.0/s eval-gate[off=0.0 fallback=0.0 notready=0.0 noinput=0.0 noqueue=0.0]/s relay eval=0.0/s consume=0.0/s inplace=0.0/s(ok 0.0/s) unarmed=0.0/s mismatch=0.0/s relbusy=0.0/s relok=0.0/s relfail=0.0/s release-stage[queue=0.0 pool=0.0 fence=0.0 reset=0.0 begin=0.0 end=0.0 submit=0.0]/s watchdog=0.0/s | worker plays=0.0/s ok=0.0/s fail=0.0/s nr_absent=0.0/s copyfail=0.0/s
01:43:00.350  [fg-relay] rate3: arm->arm avg=81.66ms max=37341.25ms n=1382 | arm->work avg=0.01ms max=0.14ms | arm->eval avg=0.00ms max=0.00ms | copywait avg=0.008ms max=0.092ms | copy-land<= avg=81.95ms max=37340.86ms | work avg=6.40ms max=228.23ms | totals armed=1383 unarmed=0 skipped=0 busy=0 mismatch=0 copies_failed=0 writes=1383 conflicts=0
01:43:00.350  [fg-relay] rate4: throttle depth=1 off=0 | sleep calls=84.1/s waits=0.0/s clear=84.1/s timeouts=0.0/s avg=0.00ms | present calls=84.1/s waits=0.0/s clear=0.0/s timeouts=0.0/s avg=0.00ms | max=106.41ms (process)
01:43:07.557  === Vulkan CreateFeature1 #53  feature_id=18  VkDevice=000000002FE700D0  thread 79160 ===
01:43:07.557  === Vulkan CreateFeature1 #53 returned -1160773630, handle=0000000000000000 ===
01:43:12.250  qpc=4504878175779 [focus-fg] state: enabled=1 hooked=0 foreground=0 minimized=0 hwnd=0000000012AA281C scope_calls=0 original_false=0 kept=0 presents=103729 FG_evaluates=4152
01:43:15.352  [fg-relay] rate/15.0s p2 import_opt=1: presents=83.7/s present-gate[point=83.7 ready=0.0 fallback=0.0 inactive=0.0]/s noinfo=0.0/s stale=0.0/s unlearned=0.0/s attempts=0.0/s armed=0.0/s skipped=0.0/s busy=0.0/s arm-reject[state=0.0 request=0.0 refused=0.0 stopping=0.0 res=0.0 size=0.0]/s pool[cap=0.0 family=0.0 create=0.0 alloc=0.0]/s copy-drop[fence=0.0 reset=0.0 begin=0.0 end=0.0 submit=0.0]/s cf[seq=0.0/s idle=0.0/s nrfence=0.0/s] slotbusy=0.0/s copyfence-busy=0.0/s nr-gpuwait=0.0/s flips=0.0/s
01:43:15.352  [fg-relay] rate2: fginput eval=0.0/s index!=1=0.0/s eval-gate[off=0.0 fallback=0.0 notready=0.0 noinput=0.0 noqueue=0.0]/s relay eval=0.0/s consume=0.0/s inplace=0.0/s(ok 0.0/s) unarmed=0.0/s mismatch=0.0/s relbusy=0.0/s relok=0.0/s relfail=0.0/s release-stage[queue=0.0 pool=0.0 fence=0.0 reset=0.0 begin=0.0 end=0.0 submit=0.0]/s watchdog=0.0/s | worker plays=0.0/s ok=0.0/s fail=0.0/s nr_absent=0.0/s copyfail=0.0/s
01:43:15.352  [fg-relay] rate3: arm->arm avg=81.66ms max=37341.25ms n=1382 | arm->work avg=0.01ms max=0.14ms | arm->eval avg=0.00ms max=0.00ms | copywait avg=0.008ms max=0.092ms | copy-land<= avg=81.95ms max=37340.86ms | work avg=6.40ms max=228.23ms | totals armed=1383 unarmed=0 skipped=0 busy=0 mismatch=0 copies_failed=0 writes=1383 conflicts=0
01:43:15.352  [fg-relay] rate4: throttle depth=1 off=0 | sleep calls=83.7/s waits=0.0/s clear=83.7/s timeouts=0.0/s avg=0.00ms | present calls=83.7/s waits=0.0/s clear=0.0/s timeouts=0.0/s avg=0.00ms | max=106.41ms (process)
01:43:28.239  qpc=4505038067663 [focus-fg] state: enabled=1 hooked=0 foreground=0 minimized=0 hwnd=0000000012AA281C scope_calls=0 original_false=0 kept=0 presents=105037 FG_evaluates=4152
01:43:30.344  [fg-relay] rate/15.0s p2 import_opt=1: presents=81.4/s present-gate[point=81.4 ready=0.0 fallback=0.0 inactive=0.0]/s noinfo=0.0/s stale=0.0/s unlearned=0.0/s attempts=0.0/s armed=0.0/s skipped=0.0/s busy=0.0/s arm-reject[state=0.0 request=0.0 refused=0.0 stopping=0.0 res=0.0 size=0.0]/s pool[cap=0.0 family=0.0 create=0.0 alloc=0.0]/s copy-drop[fence=0.0 reset=0.0 begin=0.0 end=0.0 submit=0.0]/s cf[seq=0.0/s idle=0.0/s nrfence=0.0/s] slotbusy=0.0/s copyfence-busy=0.0/s nr-gpuwait=0.0/s flips=0.0/s
01:43:30.344  [fg-relay] rate2: fginput eval=0.0/s index!=1=0.0/s eval-gate[off=0.0 fallback=0.0 notready=0.0 noinput=0.0 noqueue=0.0]/s relay eval=0.0/s consume=0.0/s inplace=0.0/s(ok 0.0/s) unarmed=0.0/s mismatch=0.0/s relbusy=0.0/s relok=0.0/s relfail=0.0/s release-stage[queue=0.0 pool=0.0 fence=0.0 reset=0.0 begin=0.0 end=0.0 submit=0.0]/s watchdog=0.0/s | worker plays=0.0/s ok=0.0/s fail=0.0/s nr_absent=0.0/s copyfail=0.0/s
01:43:30.345  [fg-relay] rate3: arm->arm avg=81.66ms max=37341.25ms n=1382 | arm->work avg=0.01ms max=0.14ms | arm->eval avg=0.00ms max=0.00ms | copywait avg=0.008ms max=0.092ms | copy-land<= avg=81.95ms max=37340.86ms | work avg=6.40ms max=228.23ms | totals armed=1383 unarmed=0 skipped=0 busy=0 mismatch=0 copies_failed=0 writes=1383 conflicts=0
01:43:30.345  [fg-relay] rate4: throttle depth=1 off=0 | sleep calls=81.4/s waits=0.0/s clear=81.4/s timeouts=0.0/s avg=0.00ms | present calls=81.4/s waits=0.0/s clear=0.0/s timeouts=0.0/s avg=0.00ms | max=106.41ms (process)
01:43:37.569  === Vulkan CreateFeature1 #54  feature_id=18  VkDevice=000000002FE700D0  thread 79160 ===
01:43:37.569  === Vulkan CreateFeature1 #54 returned -1160773630, handle=0000000000000000 ===
01:43:45.243  qpc=4505208100651 [focus-fg] state: enabled=1 hooked=0 foreground=0 minimized=0 hwnd=0000000012AA281C scope_calls=0 original_false=0 kept=0 presents=106431 FG_evaluates=4152
01:43:45.350  [fg-relay] rate/15.0s p2 import_opt=1: presents=82.1/s present-gate[point=82.1 ready=0.0 fallback=0.0 inactive=0.0]/s noinfo=0.0/s stale=0.0/s unlearned=0.0/s attempts=0.0/s armed=0.0/s skipped=0.0/s busy=0.0/s arm-reject[state=0.0 request=0.0 refused=0.0 stopping=0.0 res=0.0 size=0.0]/s pool[cap=0.0 family=0.0 create=0.0 alloc=0.0]/s copy-drop[fence=0.0 reset=0.0 begin=0.0 end=0.0 submit=0.0]/s cf[seq=0.0/s idle=0.0/s nrfence=0.0/s] slotbusy=0.0/s copyfence-busy=0.0/s nr-gpuwait=0.0/s flips=0.0/s
01:43:45.350  [fg-relay] rate2: fginput eval=0.0/s index!=1=0.0/s eval-gate[off=0.0 fallback=0.0 notready=0.0 noinput=0.0 noqueue=0.0]/s relay eval=0.0/s consume=0.0/s inplace=0.0/s(ok 0.0/s) unarmed=0.0/s mismatch=0.0/s relbusy=0.0/s relok=0.0/s relfail=0.0/s release-stage[queue=0.0 pool=0.0 fence=0.0 reset=0.0 begin=0.0 end=0.0 submit=0.0]/s watchdog=0.0/s | worker plays=0.0/s ok=0.0/s fail=0.0/s nr_absent=0.0/s copyfail=0.0/s
01:43:45.350  [fg-relay] rate3: arm->arm avg=81.66ms max=37341.25ms n=1382 | arm->work avg=0.01ms max=0.14ms | arm->eval avg=0.00ms max=0.00ms | copywait avg=0.008ms max=0.092ms | copy-land<= avg=81.95ms max=37340.86ms | work avg=6.40ms max=228.23ms | totals armed=1383 unarmed=0 skipped=0 busy=0 mismatch=0 copies_failed=0 writes=1383 conflicts=0
01:43:45.350  [fg-relay] rate4: throttle depth=1 off=0 | sleep calls=82.1/s waits=0.0/s clear=82.1/s timeouts=0.0/s avg=0.00ms | present calls=82.1/s waits=0.0/s clear=0.0/s timeouts=0.0/s avg=0.00ms | max=106.41ms (process)
01:44:00.251  qpc=4505358177423 [focus-fg] state: enabled=1 hooked=0 foreground=0 minimized=0 hwnd=0000000012AA281C scope_calls=0 original_false=0 kept=0 presents=107661 FG_evaluates=4152
01:44:00.352  [fg-relay] rate/15.0s p2 import_opt=1: presents=82.0/s present-gate[point=82.0 ready=0.0 fallback=0.0 inactive=0.0]/s noinfo=0.0/s stale=0.0/s unlearned=0.0/s attempts=0.0/s armed=0.0/s skipped=0.0/s busy=0.0/s arm-reject[state=0.0 request=0.0 refused=0.0 stopping=0.0 res=0.0 size=0.0]/s pool[cap=0.0 family=0.0 create=0.0 alloc=0.0]/s copy-drop[fence=0.0 reset=0.0 begin=0.0 end=0.0 submit=0.0]/s cf[seq=0.0/s idle=0.0/s nrfence=0.0/s] slotbusy=0.0/s copyfence-busy=0.0/s nr-gpuwait=0.0/s flips=0.0/s
01:44:00.353  [fg-relay] rate2: fginput eval=0.0/s index!=1=0.0/s eval-gate[off=0.0 fallback=0.0 notready=0.0 noinput=0.0 noqueue=0.0]/s relay eval=0.0/s consume=0.0/s inplace=0.0/s(ok 0.0/s) unarmed=0.0/s mismatch=0.0/s relbusy=0.0/s relok=0.0/s relfail=0.0/s release-stage[queue=0.0 pool=0.0 fence=0.0 reset=0.0 begin=0.0 end=0.0 submit=0.0]/s watchdog=0.0/s | worker plays=0.0/s ok=0.0/s fail=0.0/s nr_absent=0.0/s copyfail=0.0/s
01:44:00.353  [fg-relay] rate3: arm->arm avg=81.66ms max=37341.25ms n=1382 | arm->work avg=0.01ms max=0.14ms | arm->eval avg=0.00ms max=0.00ms | copywait avg=0.008ms max=0.092ms | copy-land<= avg=81.95ms max=37340.86ms | work avg=6.40ms max=228.23ms | totals armed=1383 unarmed=0 skipped=0 busy=0 mismatch=0 copies_failed=0 writes=1383 conflicts=0
01:44:00.353  [fg-relay] rate4: throttle depth=1 off=0 | sleep calls=82.1/s waits=0.0/s clear=82.1/s timeouts=0.0/s avg=0.00ms | present calls=82.0/s waits=0.0/s clear=0.0/s timeouts=0.0/s avg=0.00ms | max=106.41ms (process)
01:44:07.575  === Vulkan CreateFeature1 #55  feature_id=18  VkDevice=000000002FE700D0  thread 79160 ===
01:44:07.575  === Vulkan CreateFeature1 #55 returned -1160773630, handle=0000000000000000 ===
01:44:15.349  [fg-relay] rate/15.0s p2 import_opt=1: presents=85.3/s present-gate[point=85.3 ready=0.0 fallback=0.0 inactive=0.0]/s noinfo=0.0/s stale=0.0/s unlearned=0.0/s attempts=0.0/s armed=0.0/s skipped=0.0/s busy=0.0/s arm-reject[state=0.0 request=0.0 refused=0.0 stopping=0.0 res=0.0 size=0.0]/s pool[cap=0.0 family=0.0 create=0.0 alloc=0.0]/s copy-drop[fence=0.0 reset=0.0 begin=0.0 end=0.0 submit=0.0]/s cf[seq=0.0/s idle=0.0/s nrfence=0.0/s] slotbusy=0.0/s copyfence-busy=0.0/s nr-gpuwait=0.0/s flips=0.0/s
01:44:15.349  [fg-relay] rate2: fginput eval=0.0/s index!=1=0.0/s eval-gate[off=0.0 fallback=0.0 notready=0.0 noinput=0.0 noqueue=0.0]/s relay eval=0.0/s consume=0.0/s inplace=0.0/s(ok 0.0/s) unarmed=0.0/s mismatch=0.0/s relbusy=0.0/s relok=0.0/s relfail=0.0/s release-stage[queue=0.0 pool=0.0 fence=0.0 reset=0.0 begin=0.0 end=0.0 submit=0.0]/s watchdog=0.0/s | worker plays=0.0/s ok=0.0/s fail=0.0/s nr_absent=0.0/s copyfail=0.0/s
01:44:15.349  [fg-relay] rate3: arm->arm avg=81.66ms max=37341.25ms n=1382 | arm->work avg=0.01ms max=0.14ms | arm->eval avg=0.00ms max=0.00ms | copywait avg=0.008ms max=0.092ms | copy-land<= avg=81.95ms max=37340.86ms | work avg=6.40ms max=228.23ms | totals armed=1383 unarmed=0 skipped=0 busy=0 mismatch=0 copies_failed=0 writes=1383 conflicts=0
01:44:15.349  [fg-relay] rate4: throttle depth=1 off=0 | sleep calls=85.2/s waits=0.0/s clear=85.2/s timeouts=0.0/s avg=0.00ms | present calls=85.3/s waits=0.0/s clear=0.0/s timeouts=0.0/s avg=0.00ms | max=106.41ms (process)
01:44:16.249  qpc=4505518161023 [focus-fg] state: enabled=1 hooked=0 foreground=0 minimized=0 hwnd=0000000012AA281C scope_calls=0 original_false=0 kept=0 presents=109026 FG_evaluates=4152
01:44:30.350  [fg-relay] rate/15.0s p2 import_opt=1: presents=85.3/s present-gate[point=85.3 ready=0.0 fallback=0.0 inactive=0.0]/s noinfo=0.0/s stale=0.0/s unlearned=0.0/s attempts=0.0/s armed=0.0/s skipped=0.0/s busy=0.0/s arm-reject[state=0.0 request=0.0 refused=0.0 stopping=0.0 res=0.0 size=0.0]/s pool[cap=0.0 family=0.0 create=0.0 alloc=0.0]/s copy-drop[fence=0.0 reset=0.0 begin=0.0 end=0.0 submit=0.0]/s cf[seq=0.0/s idle=0.0/s nrfence=0.0/s] slotbusy=0.0/s copyfence-busy=0.0/s nr-gpuwait=0.0/s flips=0.0/s
01:44:30.350  [fg-relay] rate2: fginput eval=0.0/s index!=1=0.0/s eval-gate[off=0.0 fallback=0.0 notready=0.0 noinput=0.0 noqueue=0.0]/s relay eval=0.0/s consume=0.0/s inplace=0.0/s(ok 0.0/s) unarmed=0.0/s mismatch=0.0/s relbusy=0.0/s relok=0.0/s relfail=0.0/s release-stage[queue=0.0 pool=0.0 fence=0.0 reset=0.0 begin=0.0 end=0.0 submit=0.0]/s watchdog=0.0/s | worker plays=0.0/s ok=0.0/s fail=0.0/s nr_absent=0.0/s copyfail=0.0/s
01:44:30.350  [fg-relay] rate3: arm->arm avg=81.66ms max=37341.25ms n=1382 | arm->work avg=0.01ms max=0.14ms | arm->eval avg=0.00ms max=0.00ms | copywait avg=0.008ms max=0.092ms | copy-land<= avg=81.95ms max=37340.86ms | work avg=6.40ms max=228.23ms | totals armed=1383 unarmed=0 skipped=0 busy=0 mismatch=0 copies_failed=0 writes=1383 conflicts=0
01:44:30.350  [fg-relay] rate4: throttle depth=1 off=0 | sleep calls=85.3/s waits=0.0/s clear=85.3/s timeouts=0.0/s avg=0.00ms | present calls=85.3/s waits=0.0/s clear=0.0/s timeouts=0.0/s avg=0.00ms | max=106.41ms (process)
01:44:31.244  qpc=4505668110314 [focus-fg] state: enabled=1 hooked=0 foreground=0 minimized=0 hwnd=0000000012AA281C scope_calls=0 original_false=0 kept=0 presents=110305 FG_evaluates=4152
01:44:37.581  === Vulkan CreateFeature1 #56  feature_id=18  VkDevice=000000002FE700D0  thread 79160 ===
01:44:37.581  === Vulkan CreateFeature1 #56 returned -1160773630, handle=0000000000000000 ===
01:44:45.345  [fg-relay] rate/15.0s p2 import_opt=1: presents=85.1/s present-gate[point=85.1 ready=0.0 fallback=0.0 inactive=0.0]/s noinfo=0.0/s stale=0.0/s unlearned=0.0/s attempts=0.0/s armed=0.0/s skipped=0.0/s busy=0.0/s arm-reject[state=0.0 request=0.0 refused=0.0 stopping=0.0 res=0.0 size=0.0]/s pool[cap=0.0 family=0.0 create=0.0 alloc=0.0]/s copy-drop[fence=0.0 reset=0.0 begin=0.0 end=0.0 submit=0.0]/s cf[seq=0.0/s idle=0.0/s nrfence=0.0/s] slotbusy=0.0/s copyfence-busy=0.0/s nr-gpuwait=0.0/s flips=0.0/s
01:44:45.345  [fg-relay] rate2: fginput eval=0.0/s index!=1=0.0/s eval-gate[off=0.0 fallback=0.0 notready=0.0 noinput=0.0 noqueue=0.0]/s relay eval=0.0/s consume=0.0/s inplace=0.0/s(ok 0.0/s) unarmed=0.0/s mismatch=0.0/s relbusy=0.0/s relok=0.0/s relfail=0.0/s release-stage[queue=0.0 pool=0.0 fence=0.0 reset=0.0 begin=0.0 end=0.0 submit=0.0]/s watchdog=0.0/s | worker plays=0.0/s ok=0.0/s fail=0.0/s nr_absent=0.0/s copyfail=0.0/s
01:44:45.346  [fg-relay] rate3: arm->arm avg=81.66ms max=37341.25ms n=1382 | arm->work avg=0.01ms max=0.14ms | arm->eval avg=0.00ms max=0.00ms | copywait avg=0.008ms max=0.092ms | copy-land<= avg=81.95ms max=37340.86ms | work avg=6.40ms max=228.23ms | totals armed=1383 unarmed=0 skipped=0 busy=0 mismatch=0 copies_failed=0 writes=1383 conflicts=0
01:44:45.346  [fg-relay] rate4: throttle depth=1 off=0 | sleep calls=85.1/s waits=0.0/s clear=85.1/s timeouts=0.0/s avg=0.00ms | present calls=85.1/s waits=0.0/s clear=0.0/s timeouts=0.0/s avg=0.00ms | max=106.41ms (process)
01:44:49.250  qpc=4505848171799 [focus-fg] state: enabled=1 hooked=0 foreground=0 minimized=0 hwnd=0000000012AA281C scope_calls=0 original_false=0 kept=0 presents=111837 FG_evaluates=4152
01:45:00.349  [fg-relay] rate/15.0s p2 import_opt=1: presents=84.9/s present-gate[point=84.9 ready=0.0 fallback=0.0 inactive=0.0]/s noinfo=0.0/s stale=0.0/s unlearned=0.0/s attempts=0.0/s armed=0.0/s skipped=0.0/s busy=0.0/s arm-reject[state=0.0 request=0.0 refused=0.0 stopping=0.0 res=0.0 size=0.0]/s pool[cap=0.0 family=0.0 create=0.0 alloc=0.0]/s copy-drop[fence=0.0 reset=0.0 begin=0.0 end=0.0 submit=0.0]/s cf[seq=0.0/s idle=0.0/s nrfence=0.0/s] slotbusy=0.0/s copyfence-busy=0.0/s nr-gpuwait=0.0/s flips=0.0/s
01:45:00.350  [fg-relay] rate2: fginput eval=0.0/s index!=1=0.0/s eval-gate[off=0.0 fallback=0.0 notready=0.0 noinput=0.0 noqueue=0.0]/s relay eval=0.0/s consume=0.0/s inplace=0.0/s(ok 0.0/s) unarmed=0.0/s mismatch=0.0/s relbusy=0.0/s relok=0.0/s relfail=0.0/s release-stage[queue=0.0 pool=0.0 fence=0.0 reset=0.0 begin=0.0 end=0.0 submit=0.0]/s watchdog=0.0/s | worker plays=0.0/s ok=0.0/s fail=0.0/s nr_absent=0.0/s copyfail=0.0/s
01:45:00.350  [fg-relay] rate3: arm->arm avg=81.66ms max=37341.25ms n=1382 | arm->work avg=0.01ms max=0.14ms | arm->eval avg=0.00ms max=0.00ms | copywait avg=0.008ms max=0.092ms | copy-land<= avg=81.95ms max=37340.86ms | work avg=6.40ms max=228.23ms | totals armed=1383 unarmed=0 skipped=0 busy=0 mismatch=0 copies_failed=0 writes=1383 conflicts=0
01:45:00.350  [fg-relay] rate4: throttle depth=1 off=0 | sleep calls=84.9/s waits=0.0/s clear=84.9/s timeouts=0.0/s avg=0.00ms | present calls=84.9/s waits=0.0/s clear=0.0/s timeouts=0.0/s avg=0.00ms | max=106.41ms (process)
01:45:05.245  qpc=4506008123990 [focus-fg] state: enabled=1 hooked=0 foreground=0 minimized=0 hwnd=0000000012AA281C scope_calls=0 original_false=0 kept=0 presents=113190 FG_evaluates=4152
01:45:06.296  [fg-history] FG Reset burst starts; contract_changed=0 bridge_pending=1 foreground=1.
01:45:06.297  [fg-guides] output=5120x2160 depth=5120x2160 rect=0,0+5120x2160 mv=5120x2160 rect=0,0+5120x2160 mv-scale=5120,2160 carrier-scale=5120,2160 jitter=-0.25,0.388889 jittered=0 inverted=1 reset=1 gpu-nearest=0/0.
01:45:06.301  qpc=4506018646391 [fg-transition] start=4506018631640 frame=000000000001BA7B idx=1/3 queue=000000002EBA28D0 reset=1 enable=1 recording=1 not-rendering=0 metering=0 fullscreen=0 slmode=0 known=0x3f hud=44cd00d0 back=3e200cd0 real=4355ded0 interp=45c300d0 bridge-lock=1 arm=1383->1384 result=1 disable-interp=0(known=0) foreground=1 monitors=0000000003DB2751/0000000003DB2751 cpu=1.475ms
01:45:06.301  qpc=4506018667978 [fg-transition] start=4506018658454 frame=000000000001BA7B idx=2/3 queue=000000002EBA28D0 reset=1 enable=1 recording=1 not-rendering=0 metering=0 fullscreen=0 slmode=0 known=0x3f hud=44cd00d0 back=3e200cd0 real=0 interp=45c300d0 bridge-lock=1 arm=1384->1384 result=1 disable-interp=0(known=0) foreground=1 monitors=0000000003DB2751/0000000003DB2751 cpu=0.952ms
01:45:06.301  qpc=4506018674610 [fg-transition] start=4506018674323 frame=000000000001BA7B idx=3/3 queue=000000002EBA28D0 reset=1 enable=1 recording=1 not-rendering=0 metering=0 fullscreen=0 slmode=0 known=0x3f hud=44cd00d0 back=3e200cd0 real=0 interp=45c300d0 bridge-lock=1 arm=1384->1384 result=1 disable-interp=0(known=0) foreground=1 monitors=0000000003DB2751/0000000003DB2751 cpu=0.029ms
01:45:06.305  [fg-history] FG Reset burst ends: 1 real frames, 15 ms.
01:45:06.340  qpc=4506019040375 [fg-transition] start=4506018719719 frame=000000000001BA7C idx=1/3 queue=000000002EBA28D0 reset=0 enable=1 recording=1 not-rendering=0 metering=0 fullscreen=0 slmode=0 known=0x3f hud=44cd00d0 back=3e2012d0 real=45c300d0 interp=4355ded0 bridge-lock=1 arm=1384->1385 result=1 disable-interp=0(known=0) foreground=1 monitors=0000000003DB2751/0000000003DB2751 cpu=32.065ms
01:45:06.340  qpc=4506019061024 [fg-transition] start=4506019059929 frame=000000000001BA7C idx=2/3 queue=000000002EBA28D0 reset=0 enable=1 recording=1 not-rendering=0 metering=0 fullscreen=0 slmode=0 known=0x3f hud=44cd00d0 back=3e2012d0 real=0 interp=4355ded0 bridge-lock=1 arm=1385->1385 result=1 disable-interp=0(known=0) foreground=1 monitors=0000000003DB2751/0000000003DB2751 cpu=0.109ms
01:45:06.340  qpc=4506019063384 [fg-transition] start=4506019062493 frame=000000000001BA7C idx=3/3 queue=000000002EBA28D0 reset=0 enable=1 recording=1 not-rendering=0 metering=0 fullscreen=0 slmode=0 known=0x3f hud=44cd00d0 back=3e2012d0 real=0 interp=4355ded0 bridge-lock=1 arm=1385->1385 result=1 disable-interp=0(known=0) foreground=1 monitors=0000000003DB2751/0000000003DB2751 cpu=0.089ms
01:45:06.356  [composition-guard] shown at 3840,0 alpha=1
01:45:06.391  qpc=4506019539677 [fg-transition] start=4506019517112 frame=000000000001BA7D idx=1/3 queue=000000002EBA28D0 reset=0 enable=1 recording=1 not-rendering=0 metering=0 fullscreen=0 slmode=0 known=0x3f hud=44cd00d0 back=3e2000d0 real=4355ded0 interp=45c300d0 bridge-lock=1 arm=1385->1386 result=1 disable-interp=0(known=0) foreground=1 monitors=0000000003DB2751/0000000003DB2751 cpu=2.256ms
01:45:06.391  qpc=4506019550395 [fg-transition] start=4506019549302 frame=000000000001BA7D idx=2/3 queue=000000002EBA28D0 reset=0 enable=1 recording=1 not-rendering=0 metering=0 fullscreen=0 slmode=0 known=0x3f hud=44cd00d0 back=3e2000d0 real=0 interp=45c300d0 bridge-lock=1 arm=1386->1386 result=1 disable-interp=0(known=0) foreground=1 monitors=0000000003DB2751/0000000003DB2751 cpu=0.109ms
01:45:06.391  qpc=4506019561990 [fg-transition] start=4506019560622 frame=000000000001BA7D idx=3/3 queue=000000002EBA28D0 reset=0 enable=1 recording=1 not-rendering=0 metering=0 fullscreen=0 slmode=0 known=0x3f hud=44cd00d0 back=3e2000d0 real=0 interp=45c300d0 bridge-lock=1 arm=1386->1386 result=1 disable-interp=0(known=0) foreground=1 monitors=0000000003DB2751/0000000003DB2751 cpu=0.136ms
01:45:06.432  qpc=4506019956748 [fg-transition] start=4506019678048 frame=000000000001BA7E idx=1/3 queue=000000002EBA28D0 reset=0 enable=1 recording=1 not-rendering=0 metering=0 fullscreen=0 slmode=0 known=0x3f hud=44cd00d0 back=3e200cd0 real=45c300d0 interp=4355ded0 bridge-lock=1 arm=1386->1387 result=1 disable-interp=0(known=0) foreground=1 monitors=0000000003DB2751/0000000003DB2751 cpu=27.870ms
01:45:06.432  qpc=4506019988862 [fg-transition] start=4506019987521 frame=000000000001BA7E idx=2/3 queue=000000002EBA28D0 reset=0 enable=1 recording=1 not-rendering=0 metering=0 fullscreen=0 slmode=0 known=0x3f hud=44cd00d0 back=3e200cd0 real=0 interp=4355ded0 bridge-lock=1 arm=1387->1387 result=1 disable-interp=0(known=0) foreground=1 monitors=0000000003DB2751/0000000003DB2751 cpu=0.134ms
01:45:06.437  qpc=4506020014804 [fg-transition] start=4506020013739 frame=000000000001BA7E idx=3/3 queue=000000002EBA28D0 reset=0 enable=1 recording=1 not-rendering=0 metering=0 fullscreen=0 slmode=0 known=0x3f hud=44cd00d0 back=3e200cd0 real=0 interp=4355ded0 bridge-lock=1 arm=1387->1387 result=1 disable-interp=0(known=0) foreground=1 monitors=0000000003DB2751/0000000003DB2751 cpu=0.106ms
01:45:06.609  [fg-history] FG Reset burst starts; contract_changed=0 bridge_pending=0 foreground=1.
01:45:06.614  qpc=4506021775607 [fg-transition] start=4506021748246 frame=000000000001BA88 idx=1/3 queue=000000002EBA3CD0 reset=1 enable=1 recording=1 not-rendering=0 metering=0 fullscreen=0 slmode=0 known=0x3f hud=44cd00d0 back=3e2012d0 real=43afded0 interp=45c300d0 bridge-lock=1 arm=1387->1388 result=1 disable-interp=0(known=0) foreground=1 monitors=0000000003DB2751/0000000003DB2751 cpu=2.736ms
01:45:06.615  qpc=4506021779799 [fg-transition] start=4506021777995 frame=000000000001BA88 idx=2/3 queue=000000002EBA3CD0 reset=1 enable=1 recording=1 not-rendering=0 metering=0 fullscreen=0 slmode=0 known=0x3f hud=44cd00d0 back=3e2012d0 real=0 interp=4355ded0 bridge-lock=1 arm=1388->1388 result=1 disable-interp=0(known=0) foreground=1 monitors=0000000003DB2751/0000000003DB2751 cpu=0.180ms
01:45:06.615  qpc=4506021780770 [fg-transition] start=4506021780513 frame=000000000001BA88 idx=3/3 queue=000000002EBA3CD0 reset=1 enable=1 recording=1 not-rendering=0 metering=0 fullscreen=0 slmode=0 known=0x3f hud=44cd00d0 back=3e2012d0 real=0 interp=43afa2d0 bridge-lock=1 arm=1388->1388 result=1 disable-interp=0(known=0) foreground=1 monitors=0000000003DB2751/0000000003DB2751 cpu=0.026ms
01:45:06.620  [fg-history] FG Reset burst ends: 1 real frames, 16 ms.
01:45:06.649  qpc=4506022125931 [fg-transition] start=4506021874661 frame=000000000001BA89 idx=1/3 queue=000000002EBA3CD0 reset=0 enable=1 recording=1 not-rendering=0 metering=0 fullscreen=0 slmode=0 known=0x3f hud=44cd00d0 back=3e2000d0 real=45c300d0 interp=43afded0 bridge-lock=1 arm=1388->1389 result=1 disable-interp=0(known=0) foreground=1 monitors=0000000003DB2751/0000000003DB2751 cpu=25.127ms
01:45:06.654  qpc=4506022182205 [fg-transition] start=4506022180307 frame=000000000001BA89 idx=2/3 queue=000000002EBA3CD0 reset=0 enable=1 recording=1 not-rendering=0 metering=0 fullscreen=0 slmode=0 known=0x3f hud=44cd00d0 back=3e2000d0 real=0 interp=43afa2d0 bridge-lock=1 arm=1389->1389 result=1 disable-interp=0(known=0) foreground=1 monitors=0000000003DB2751/0000000003DB2751 cpu=0.190ms
01:45:06.655  qpc=4506022184608 [fg-transition] start=4506022183814 frame=000000000001BA89 idx=3/3 queue=000000002EBA3CD0 reset=0 enable=1 recording=1 not-rendering=0 metering=0 fullscreen=0 slmode=0 known=0x3f hud=44cd00d0 back=3e2000d0 real=0 interp=4355ded0 bridge-lock=1 arm=1389->1389 result=1 disable-interp=0(known=0) foreground=1 monitors=0000000003DB2751/0000000003DB2751 cpu=0.079ms
01:45:06.690  qpc=4506022539535 [fg-transition] start=4506022278671 frame=000000000001BA8A idx=1/3 queue=000000002EBA3CD0 reset=0 enable=1 recording=1 not-rendering=0 metering=0 fullscreen=0 slmode=0 known=0x3f hud=44cd00d0 back=3e200cd0 real=43afded0 interp=45c300d0 bridge-lock=1 arm=1389->1390 result=1 disable-interp=0(known=0) foreground=1 monitors=0000000003DB2751/0000000003DB2751 cpu=26.086ms
01:45:06.703  qpc=4506022678184 [fg-transition] start=4506022676985 frame=000000000001BA8A idx=2/3 queue=000000002EBA3CD0 reset=0 enable=1 recording=1 not-rendering=0 metering=0 fullscreen=0 slmode=0 known=0x3f hud=44cd00d0 back=3e200cd0 real=0 interp=4355ded0 bridge-lock=1 arm=1390->1390 result=1 disable-interp=0(known=0) foreground=1 monitors=0000000003DB2751/0000000003DB2751 cpu=0.120ms
01:45:06.703  qpc=4506022680425 [fg-transition] start=4506022679568 frame=000000000001BA8A idx=3/3 queue=000000002EBA3CD0 reset=0 enable=1 recording=1 not-rendering=0 metering=0 fullscreen=0 slmode=0 known=0x3f hud=44cd00d0 back=3e200cd0 real=0 interp=43afa2d0 bridge-lock=1 arm=1390->1390 result=1 disable-interp=0(known=0) foreground=1 monitors=0000000003DB2751/0000000003DB2751 cpu=0.086ms
01:45:06.739  qpc=4506023032325 [fg-transition] start=4506022684184 frame=000000000001BA8B idx=1/3 queue=000000002EBA3CD0 reset=0 enable=1 recording=1 not-rendering=0 metering=0 fullscreen=0 slmode=0 known=0x3f hud=44cd00d0 back=3e2012d0 real=45c300d0 interp=43afded0 bridge-lock=1 arm=1390->1391 result=1 disable-interp=0(known=0) foreground=1 monitors=0000000003DB2751/0000000003DB2751 cpu=34.814ms
01:45:06.776  qpc=4506023398932 [fg-transition] start=4506023397660 frame=000000000001BA8B idx=2/3 queue=000000002EBA3CD0 reset=0 enable=1 recording=1 not-rendering=0 metering=0 fullscreen=0 slmode=0 known=0x3f hud=44cd00d0 back=3e2012d0 real=0 interp=43afa2d0 bridge-lock=1 arm=1391->1391 result=1 disable-interp=0(known=0) foreground=1 monitors=0000000003DB2751/0000000003DB2751 cpu=0.127ms
01:45:06.776  qpc=4506023401161 [fg-transition] start=4506023400498 frame=000000000001BA8B idx=3/3 queue=000000002EBA3CD0 reset=0 enable=1 recording=1 not-rendering=0 metering=0 fullscreen=0 slmode=0 known=0x3f hud=44cd00d0 back=3e2012d0 real=0 interp=4355ded0 bridge-lock=1 arm=1391->1391 result=1 disable-interp=0(known=0) foreground=1 monitors=0000000003DB2751/0000000003DB2751 cpu=0.066ms
01:45:07.240  qpc=4506028067991 [focus-fg] state: enabled=1 hooked=0 foreground=1 minimized=0 hwnd=0000000012AA281C scope_calls=0 original_false=0 kept=0 presents=113302 FG_evaluates=4204
01:45:10.365  [composition-guard] hidden: config=1 nr_at_fg=1 fg_running=0 window_shown=1
01:45:10.465  [feature-lifecycle] Vulkan release handle=00000027D67BCBE0 feature=11 generation=3 result=1 removed=1
01:45:10.480  [feature-lifecycle] Vulkan release handle=00000025C9FD26D0 feature=1 generation=2 result=1 removed=1
