13:40:58.818  dlss5-bridge 1.4.13-pre8-vk-fgrelay (built Sep 29 2026 12:31:11) attached.
13:40:58.819    host: C:\Program Files\Hypergryph Launcher\games\Endfield Game\Endfield.exe
13:40:58.819    d3d11.dll: C:\Program Files\Hypergryph Launcher\games\Endfield Game\Endfield.exe
13:40:58.819    reshade: C:\ProgramData\ReShade\ReShade64.dll
13:40:58.819    windows: Windows 11, 10.0 build 26200
13:40:58.819    files next to this add-on:
13:40:58.844      nvngx_dlssnr.dll           present  version 310.8.0.0, 165840496 bytes, 2026-09-11 22:41
13:40:58.845      nvngx_dlss.dll             present  version 310.5.2.0, 54779504 bytes, 2026-07-11 10:59
13:40:58.845    add-ons present:
13:40:58.845      dlss5-bridge.addon64         version 1.4.13.10, 646656 bytes, 2026-09-29 05:40
13:40:58.846          loaded at 00007FFA3F300000
13:40:58.846      nr-parameter-probe.addon64.disabled-20260926   version no version resource, 371200 bytes, 2026-09-20 15:08
13:40:58.846      renodx-dlss5.addon64         version 0.2026.926.210, 3141632 bytes, 2026-09-27 13:21
13:40:58.848          sha256 DCD93881E976AD033D83C2BB01F4BC3E4DDC59C15FE0DD4CA165BC5FC7D1AC68 -- not on this add-on's measured list, which is one machine's experience and not a compatibility statement. If its panel says active while the picture does not change, unwrap=0 in dlss5-bridge.cfg is the first thing to try.
13:40:58.848    DLSS 5 add-on settings, read from ReShade.ini [RenoDX.DLSS5]:
13:40:58.848      ConfigVersion=7
13:40:58.849      EnableHooks=1
13:40:58.849      NeuralUplift=1
13:40:58.849      NRAdaptiveExposure=1
13:40:58.849      NRAutoMask=1
13:40:58.849      NRChainedHistory=1
13:40:58.849      NRChromaClamp=1
13:40:58.849      NRCodecMode=2
13:40:58.849      NRColorStrength=1
13:40:58.849      NRCostMeter=1
13:40:58.849      NRDepthMode=0
13:40:58.849      NRDetailStability=0
13:40:58.849      NRDiffuseWhiteNits=203
13:40:58.849      NRDisableRelease=0
13:40:58.850      NRDisplayPedestal=0
13:40:58.850      NREditTrace=0
13:40:58.850      NREnableUpscaling=0
13:40:58.850      NRFeedMode=2
13:40:58.850      NRFollowInputRes=0
13:40:58.850      NRGlobalTone=2
13:40:58.850      NRGpuTimers=0
13:40:58.850      NRHookPoint=2
13:40:58.850      NRIntensity=2
13:40:58.850      NRLinearUnitNits=0
13:40:58.850      NRLocalStructure=1
13:40:58.850      NRLocalTone=2
13:40:58.850      NRLookBrighten=1
13:40:58.851      NRLookColour=1
13:40:58.851      NRLookDarken=1
13:40:58.851      NRLookDetail=1
13:40:58.851      NRLookDetailRadius=1
13:40:58.851      NRLookHalo=0
13:40:58.851      NRLookHaloBrightSide=0
13:40:58.851      NRLookHighlights=1
13:40:58.851      NRLookHue=1
13:40:58.851      NRLookMaxBrighten=0
13:40:58.851      NRLookMaxColour=0
13:40:58.851      NRLookMaxDarken=0
13:40:58.851      NRLookMidtones=1
13:40:58.851      NRLookMode=1
13:40:58.851      NRLookShadows=1
13:40:58.851      NRLookStabilize=0
13:40:58.852      NRLookStabilizeDetail=0
13:40:58.852      NRLookStabilizeMs=60
13:40:58.852      NRLookStrength=1
13:40:58.852      NRLookTone=1
13:40:58.852      NRLookUpsample=0
13:40:58.852      NRMaxWorksets=4
13:40:58.852      NRMVecScaleX=1
13:40:58.852      NRMVecScaleY=1
13:40:58.852      NRNeuralFloorGuard=1
13:40:58.852      NRNormAttackStops=4
13:40:58.852      NRNormCutAware=1
13:40:58.852      NRNormGovernor=0
13:40:58.852      NRNormReleaseStops=0.5
13:40:58.852      NRNormSlewStops=0.02
13:40:58.853      NRPaperWhiteScale=2.5375
13:40:58.853      NRPass2AutoMask=1
13:40:58.853      NRPass2Color=1
13:40:58.853      NRPass2FollowPass1=0
13:40:58.853      NRPass2Intensity=2
13:40:58.853      NRPass2LocalTone=1.5
13:40:58.853      NRPass2Skin=0
13:40:58.853      NRPass2Structure=1.25
13:40:58.853      NRPass2Style=2
13:40:58.853      NRPass2Transfer=1
13:40:58.853      NRPass2UICorrection=1
13:40:58.853      NRPass3AutoMask=0
13:40:58.853      NRPass3Color=1
13:40:58.853      NRPass3FollowPass1=0
13:40:58.853      NRPass3Intensity=2
13:40:58.853      NRPass3LocalTone=1
13:40:58.854      NRPass3Skin=-1
13:40:58.854      NRPass3Structure=1
13:40:58.854      NRPass3Style=0
13:40:58.854      NRPass3Transfer=1
13:40:58.854      NRPass3UICorrection=0
13:40:58.854      NRPass4AutoMask=0
13:40:58.854      NRPass4Color=1
13:40:58.854      NRPass4FollowPass1=0
13:40:58.854      NRPass4Intensity=2
13:40:58.854      NRPass4LocalTone=1
13:40:58.854      NRPass4Skin=-1
13:40:58.854      NRPass4Structure=1
13:40:58.854      NRPass4Style=0
13:40:58.855      NRPass4Transfer=0
13:40:58.855      NRPass4UICorrection=0
13:40:58.855      NRPasses=2
13:40:58.855      NRPQCalibration=1
13:40:58.855      NRPresentEncoding=0
13:40:58.855      NRPresentFgSource=1
13:40:58.855      NRPresentFrames=0
13:40:58.855      NRPresentGuides=0
13:40:58.855      NRPresentUICorrection=1
13:40:58.855      NRPresentWhiteNits=0
13:40:58.855      NRPreset=2
13:40:58.855      NRPreUpscale=0
13:40:58.855      NRProxyAnchor=4
13:40:58.855      NRResolutionScale=1
13:40:58.856      NRScreenshotFormat=0
13:40:58.856      NRScreenshotJpegQuality=95
13:40:58.856      NRScreenshotKey=116
13:40:58.856      NRScreenshotLayout=0
13:40:58.856      NRScreenshotMaxMB=10
13:40:58.856      NRScreenshotSource=0
13:40:58.856      NRShutdownQuiesce=1
13:40:58.856      NRSkinIndependent=1
13:40:58.856      NRSkinStructure=0
13:40:58.856      NRSourceEncoding=0
13:40:58.856      NRSourcePrimaries=0
13:40:58.856      NRStyle=2
13:40:58.856      NRStyleHighlightGuard=0
13:40:58.856      NRToggleKey=106
13:40:58.856      NRTransferMode=1
13:40:58.856      NRTransferStrength=1
13:40:58.857      NRUICorrection=1
13:40:58.857      NRWorksetFreePolicy=0
13:40:58.857      UiIssueNotice=1
13:40:58.857      UiLanguage=zh-Hans
13:40:58.857      UiMode=modern
13:40:58.857      UiWelcomed=1
13:40:58.857  [bridge] config: stage=3 mode=2 flags=-1 subrects=1 reset_every=0 pixels=0 skip_game=1 dred=1 skip_exe=1 unwrap=1 source=auto synth=0 hash_out=1 synth_after=0 mv_sign_x=0 mv_sign_y=0 ofa_grid=2 ofa_perf=20 vk_present=1 vk_sync=0
13:40:58.857  [bridge] settings read from C:\Program Files\Hypergryph Launcher\games\Endfield Game\dlss5-bridge.cfg
13:40:58.866  [bridge] the driver's route to neural rendering is closed for this process: entry 18 of the loader's feature table at 00007FF9B10B43E0 named "dlssnr" and now names nothing, which is what the previous driver had there. The DLSS 5 add-on drives that feature itself, as it did before the driver update. Nothing on disk is changed and no other feature is touched. Set ngx_loader=1 in dlss5-bridge.cfg to leave the driver's route alone.
13:40:58.867  [synth] registered for ReShade effect events at add-on API 18 (synth floor 10).
13:40:58.867  [vkmirror] colour format tables agree on 7 of 7 entries.
13:40:58.867  [vkmirror] vk_mirror=1: the Vulkan NGX entry points will be hooked and a Vulkan game's own DLSS contract mirrored onto the private D3D12 session.
13:40:58.867  [panel] status panel registered in ReShade's overlay. Asked for the ImGui 19000 function table; ReShade reports its own ImGui as 1.92.5.
13:40:58.868  NGX layer 0: C:\WINDOWS\System32\DriverStore\FileRepository\nv_dispsi.inf_amd64_b8459fc8f905f657\_nvngx.dll (base=00007FF9B0FE0000)
13:40:58.868    version 32.0.16.1692
13:40:58.868    NVSDK_NGX_D3D11_CreateFeature     = 00007FF9B1045C60
13:40:58.869    NVSDK_NGX_D3D11_EvaluateFeature   = 00007FF9B1045E30
13:40:58.869    NVSDK_NGX_D3D11_EvaluateFeature_C = 0000000000000000
13:40:58.869    CreateFeature    prologue: 48 89 6C 24 18 56 57 41 56 48 83 EC 40 48 
13:40:58.869    EvaluateFeature  prologue: 48 89 5C 24 08 48 89 6C 24 10 48 89 74 24 
13:40:59.044    hooked: CreateFeature=yes EvaluateFeature=yes EvaluateFeature_C=absent
13:40:59.044    NVSDK_NGX_VULKAN_CreateFeature     = 00007FF9B0FED230
13:40:59.045    NVSDK_NGX_VULKAN_CreateFeature1    = 00007FF9B0FED340
13:40:59.045    NVSDK_NGX_VULKAN_EvaluateFeature   = 00007FF9B0FED4E0
13:40:59.045    NVSDK_NGX_VULKAN_EvaluateFeature_C = 0000000000000000
13:40:59.045    VK CreateFeature prologue: 48 89 5C 24 10 48 89 6C 24 18 48 89 74 24 
13:40:59.045    VK CreateFeature1 prologue: 48 89 6C 24 10 48 89 74 24 18 48 89 7C 24 
13:40:59.045    VK EvaluateFeature prologue: 48 89 5C 24 08 48 89 6C 24 10 48 89 74 24 
13:40:59.290    hooked: VULKAN CreateFeature=yes CreateFeature1=yes EvaluateFeature=yes EvaluateFeature_C=absent
13:40:59.378  [fg-relay] Import=1: the ReShade layer's vkCreateDevice at 00007FF9518B07A0 is hooked. Every device created from here on gets VK_KHR_external_semaphore_win32 appended to its extension list, and a driver that refuses the name gets the caller's own list retried unchanged.
13:41:00.024  qpc=2343564454004 [fg-relay] interposer hook: present=hooked
13:41:00.025  qpc=2343566718489 [fg-trace] queue discovery exports: get_queue=hooked get_queue2=hooked
13:41:00.485  NGX layer 1: C:\Program Files\Hypergryph Launcher\games\Endfield Game\nvngx_dlss.dll (base=00007FF9310E0000)
13:41:00.485    version 310.5.2.0
13:41:00.485    NVSDK_NGX_D3D11_CreateFeature     = 00007FF931125160
13:41:00.485    NVSDK_NGX_D3D11_EvaluateFeature   = 00007FF9311252C0
13:41:00.485    NVSDK_NGX_D3D11_EvaluateFeature_C = 0000000000000000
13:41:00.486    CreateFeature    prologue: 48 89 5C 24 08 48 89 6C 24 10 56 57 41 56 
13:41:00.486    EvaluateFeature  prologue: 48 89 5C 24 08 48 89 6C 24 10 48 89 74 24 
13:41:00.687    hooked: CreateFeature=yes EvaluateFeature=yes EvaluateFeature_C=absent
13:41:00.687    NVSDK_NGX_VULKAN_CreateFeature     = 00007FF9311A79C0
13:41:00.687    NVSDK_NGX_VULKAN_CreateFeature1    = 00007FF9311A79E0
13:41:00.687    NVSDK_NGX_VULKAN_EvaluateFeature   = 00007FF9311A79F0
13:41:00.687    NVSDK_NGX_VULKAN_EvaluateFeature_C = 0000000000000000
13:41:00.687    VK CreateFeature prologue: 48 83 EC 38 4C 89 4C 24 20 4D 8B C8 44 8B 
13:41:00.687    VK CreateFeature1 prologue: E9 4B F1 FF FF CC CC CC CC CC CC CC CC CC  <== a thunk into its own module, not a hook
13:41:00.687        the hook jumps into C:\Program Files\Hypergryph Launcher\games\Endfield Game\nvngx_dlss.dll +0xC6B30
13:41:00.687    VK EvaluateFeature prologue: 48 89 5C 24 08 48 89 6C 24 10 48 89 74 24 
13:41:00.782      00007FF9311A79E0 is a thunk table entry; the hook goes to its destination 00007FF9311A6B30 so the patch does not overwrite the entries beside it.
13:41:00.970    hooked: VULKAN CreateFeature=yes CreateFeature1=yes EvaluateFeature=yes EvaluateFeature_C=absent
13:41:00.982  NGX layer 1 retirement finalized.
13:41:00.983    leaving nvngx_dlssg.dll untouched: Frame Generation is not an SR entry point.
13:41:01.090  NGX layer 1: C:\Program Files\Hypergryph Launcher\games\Endfield Game\nvngx_deepdvc.dll (base=00007FF9A6390000)
13:41:01.091    version 310.5.2.0
13:41:01.091    NVSDK_NGX_D3D11_CreateFeature     = 00007FF9A63B0140
13:41:01.091    NVSDK_NGX_D3D11_EvaluateFeature   = 00007FF9A63B0260
13:41:01.091    NVSDK_NGX_D3D11_EvaluateFeature_C = 0000000000000000
13:41:01.091    CreateFeature    prologue: 48 89 5C 24 10 48 89 6C 24 18 57 48 83 EC 
13:41:01.091    EvaluateFeature  prologue: 48 89 5C 24 08 48 89 6C 24 10 48 89 74 24 
13:41:01.296    hooked: CreateFeature=yes EvaluateFeature=yes EvaluateFeature_C=absent
13:41:01.296    NVSDK_NGX_VULKAN_CreateFeature     = 00007FF9A63B44E0
13:41:01.297    NVSDK_NGX_VULKAN_CreateFeature1    = 00007FF9A63B4500
13:41:01.297    NVSDK_NGX_VULKAN_EvaluateFeature   = 00007FF9A63B4510
13:41:01.297    NVSDK_NGX_VULKAN_EvaluateFeature_C = 0000000000000000
13:41:01.297    VK CreateFeature prologue: 48 83 EC 38 4C 89 4C 24 20 4D 8B C8 44 8B 
13:41:01.297    VK CreateFeature1 prologue: E9 8B F2 FF FF CC CC CC CC CC CC CC CC CC  <== a thunk into its own module, not a hook
13:41:01.298        the hook jumps into C:\Program Files\Hypergryph Launcher\games\Endfield Game\nvngx_deepdvc.dll +0x23790
13:41:01.298    VK EvaluateFeature prologue: 48 89 5C 24 08 48 89 6C 24 10 48 89 74 24 
13:41:01.401      00007FF9A63B4500 is a thunk table entry; the hook goes to its destination 00007FF9A63B3790 so the patch does not overwrite the entries beside it.
13:41:01.621    hooked: VULKAN CreateFeature=yes CreateFeature1=yes EvaluateFeature=yes EvaluateFeature_C=absent
13:41:01.632  NGX layer 2: C:\Program Files\Hypergryph Launcher\games\Endfield Game\nvngx_dlssd.dll (base=00007FF9436D0000)
13:41:01.633    version 310.5.2.0
13:41:01.633    NVSDK_NGX_D3D11_CreateFeature     = 00007FF94370A930
13:41:01.633    NVSDK_NGX_D3D11_EvaluateFeature   = 00007FF94370AA90
13:41:01.633    NVSDK_NGX_D3D11_EvaluateFeature_C = 0000000000000000
13:41:01.633    CreateFeature    prologue: 48 89 5C 24 08 48 89 6C 24 10 56 57 41 56 
13:41:01.633    EvaluateFeature  prologue: 48 89 5C 24 08 48 89 6C 24 10 48 89 74 24 
13:41:01.819    hooked: CreateFeature=yes EvaluateFeature=yes EvaluateFeature_C=absent
13:41:01.820    NVSDK_NGX_VULKAN_CreateFeature     = 00007FF94378B4C0
13:41:01.820    NVSDK_NGX_VULKAN_CreateFeature1    = 00007FF94378B4E0
13:41:01.820    NVSDK_NGX_VULKAN_EvaluateFeature   = 00007FF94378B4F0
13:41:01.820    NVSDK_NGX_VULKAN_EvaluateFeature_C = 0000000000000000
13:41:01.820    VK CreateFeature prologue: 48 83 EC 38 4C 89 4C 24 20 4D 8B C8 44 8B 
13:41:01.820    VK CreateFeature1 prologue: E9 4B F1 FF FF CC CC CC CC CC CC CC CC CC  <== a thunk into its own module, not a hook
13:41:01.820        the hook jumps into C:\Program Files\Hypergryph Launcher\games\Endfield Game\nvngx_dlssd.dll +0xBA630
13:41:01.820    VK EvaluateFeature prologue: 48 89 5C 24 08 48 89 6C 24 10 48 89 74 24 
13:41:01.913      00007FF94378B4E0 is a thunk table entry; the hook goes to its destination 00007FF94378A630 so the patch does not overwrite the entries beside it.
13:41:02.099    hooked: VULKAN CreateFeature=yes CreateFeature1=yes EvaluateFeature=yes EvaluateFeature_C=absent
13:41:02.193  qpc=2343588410111 [fg-relay] Reflex sleep hook: slGetPluginFunction=00007FFA3F0AE0E0 slReflexSleep=00007FFA3F0ADE60 hooked
13:41:03.136  [fg-relay] Import=1: the device created at 000000002FA000D0 already carried VK_KHR_external_semaphore_win32; it is recorded for the import.
13:41:03.372  NGX layer 3: C:\Program Files\Hypergryph Launcher\games\Endfield Game\nvngx_dlss.dll (base=00007FF9310E0000)
13:41:03.372    version 310.5.2.0
13:41:03.372    NVSDK_NGX_D3D11_CreateFeature     = 00007FF931125160
13:41:03.372    NVSDK_NGX_D3D11_EvaluateFeature   = 00007FF9311252C0
13:41:03.373    NVSDK_NGX_D3D11_EvaluateFeature_C = 0000000000000000
13:41:03.373    CreateFeature    prologue: 48 89 5C 24 08 48 89 6C 24 10 56 57 41 56 
13:41:03.373    EvaluateFeature  prologue: 48 89 5C 24 08 48 89 6C 24 10 48 89 74 24 
13:41:03.572    hooked: CreateFeature=yes EvaluateFeature=yes EvaluateFeature_C=absent
13:41:03.572    NVSDK_NGX_VULKAN_CreateFeature     = 00007FF9311A79C0
13:41:03.573    NVSDK_NGX_VULKAN_CreateFeature1    = 00007FF9311A79E0
13:41:03.573    NVSDK_NGX_VULKAN_EvaluateFeature   = 00007FF9311A79F0
13:41:03.573    NVSDK_NGX_VULKAN_EvaluateFeature_C = 0000000000000000
13:41:03.573    VK CreateFeature prologue: 48 83 EC 38 4C 89 4C 24 20 4D 8B C8 44 8B 
13:41:03.573    VK CreateFeature1 prologue: E9 4B F1 FF FF CC CC CC CC CC CC CC CC CC  <== a thunk into its own module, not a hook
13:41:03.573        the hook jumps into C:\Program Files\Hypergryph Launcher\games\Endfield Game\nvngx_dlss.dll +0xC6B30
13:41:03.573    VK EvaluateFeature prologue: 48 89 5C 24 08 48 89 6C 24 10 48 89 74 24 
13:41:03.664      00007FF9311A79E0 is a thunk table entry; the hook goes to its destination 00007FF9311A6B30 so the patch does not overwrite the entries beside it.
13:41:03.846    hooked: VULKAN CreateFeature=yes CreateFeature1=yes EvaluateFeature=yes EvaluateFeature_C=absent
13:41:03.865  NGX layer 3 retirement finalized.
13:41:05.802  [vkmirror] ReShade created an effect runtime on Vulkan. The mirror takes it.
13:41:05.905  qpc=2343625526536 [fg-trace] layer queue discovery: 00007FF9D9316D70 hooked
13:41:06.120  [vkmirror] ReShade created an effect runtime on Vulkan. The mirror takes it.
13:41:06.288  [vkmirror] ReShade created an effect runtime on Vulkan. The mirror takes it.
13:41:07.842  NGX layer 3: C:\Program Files\Hypergryph Launcher\games\Endfield Game\nvngx_dlssnr.dll (base=00007FF8F6A70000)
13:41:07.842    version 310.8.0.0
13:41:07.842    NVSDK_NGX_D3D11_CreateFeature     = 00007FF8F6A838B0
13:41:07.842    NVSDK_NGX_D3D11_EvaluateFeature   = 00007FF8F6A83B20
13:41:07.842    NVSDK_NGX_D3D11_EvaluateFeature_C = 0000000000000000
13:41:07.842    CreateFeature    prologue: 40 53 55 56 48 81 EC 80 02 00 00 48 8B 05 
13:41:07.843    EvaluateFeature  prologue: 40 53 55 56 57 41 56 48 81 EC 60 02 00 00 
13:41:08.011    hooked: CreateFeature=yes EvaluateFeature=yes EvaluateFeature_C=absent
13:41:08.011    NVSDK_NGX_VULKAN_CreateFeature     = 00007FF8F6A94A20
13:41:08.011    NVSDK_NGX_VULKAN_CreateFeature1    = 00007FF8F6A94B70
13:41:08.011    NVSDK_NGX_VULKAN_EvaluateFeature   = 00007FF8F6A94C80
13:41:08.011    NVSDK_NGX_VULKAN_EvaluateFeature_C = 0000000000000000
13:41:08.011    VK CreateFeature prologue: 40 53 55 56 57 41 56 48 81 EC 60 02 00 00 
13:41:08.011    VK CreateFeature1 prologue: 40 53 55 56 57 41 56 48 81 EC 60 02 00 00 
13:41:08.011    VK EvaluateFeature prologue: 48 89 5C 24 08 48 89 6C 24 10 48 89 74 24 
13:41:08.265    hooked: VULKAN CreateFeature=yes CreateFeature1=yes EvaluateFeature=yes EvaluateFeature_C=absent
13:41:21.590  qpc=2343782365796 [fg-trace] vkGetDeviceQueue(layer) family=0 index=1 -> queue=000000002E8D28D0 thread=72616
13:41:21.590  qpc=2343782368563 [fg-trace] vkGetDeviceQueue(layer) family=2 index=1 -> queue=000000002E8D50D0 thread=72616
13:41:21.608  [vkmirror] ReShade created an effect runtime on Vulkan. The mirror takes it.
13:41:21.614  === Vulkan CreateFeature1 #1  feature_id=1  VkDevice=000000002FA000D0  thread 24632 ===
13:41:21.636  === Vulkan CreateFeature1 #1 returned 1, handle=000000013C168E50 ===
13:41:21.636  [vkmirror] the game's create states 5120x2160 -> 5120x2160. That is the shape the mirror will use, in preference to the four scalars its evaluates carry.
13:41:21.637  [fg-input] native Vulkan DLSS is forwarded without a mirror; the real frame is processed once at the frame-generation input.
13:41:21.748  === Vulkan CreateFeature1 #2  feature_id=18  VkDevice=000000002FA000D0  thread 24632 ===
13:41:21.748  === Vulkan CreateFeature1 #2 returned -1160773630, handle=0000000000000000 ===
13:41:21.750  qpc=2343783964894 [fg-trace] vkGetDeviceQueue(layer) family=0 index=0 -> queue=000000002E8D14D0 thread=24632
13:41:21.750  qpc=2343783965722 [fg-trace] vkGetDeviceQueue(layer) family=2 index=0 -> queue=000000002E8D3CD0 thread=24632
13:41:21.811  [vkmirror] ReShade created an effect runtime on Vulkan. The mirror takes it.
13:41:21.841  [vkmirror] ReShade created an effect runtime on Vulkan. The mirror takes it.
13:41:21.894  === Vulkan CreateFeature1 #3  feature_id=18  VkDevice=000000002FA000D0  thread 24632 ===
13:41:21.894  === Vulkan CreateFeature1 #3 returned -1160773630, handle=0000000000000000 ===
13:41:21.953  [vkmirror] ReShade created an effect runtime on Vulkan. The mirror takes it.
13:41:22.899  === Vulkan CreateFeature1 #4  feature_id=18  VkDevice=000000002FA000D0  thread 24632 ===
13:41:22.899  === Vulkan CreateFeature1 #4 returned -1160773630, handle=0000000000000000 ===
13:41:24.901  === Vulkan CreateFeature1 #5  feature_id=18  VkDevice=000000002FA000D0  thread 24632 ===
13:41:24.901  === Vulkan CreateFeature1 #5 returned -1160773630, handle=0000000000000000 ===
13:41:36.756  [fg-relay] rate/15.0s p2 import_opt=1: presents=35.5/s present-gate[point=35.5 ready=0.0 fallback=0.0 inactive=0.0]/s noinfo=0.0/s stale=0.0/s unlearned=0.0/s attempts=0.0/s armed=0.0/s skipped=0.0/s busy=0.0/s arm-reject[state=0.0 request=0.0 refused=0.0 stopping=0.0 res=0.0 size=0.0]/s pool[cap=0.0 family=0.0 create=0.0 alloc=0.0]/s copy-drop[fence=0.0 reset=0.0 begin=0.0 end=0.0 submit=0.0]/s cf[seq=0.0/s idle=0.0/s nrfence=0.0/s] slotbusy=0.0/s copyfence-busy=0.0/s nr-gpuwait=0.0/s flips=0.0/s
13:41:36.757  [fg-relay] rate2: fginput eval=0.0/s index!=1=0.0/s eval-gate[off=0.0 fallback=0.0 notready=0.0 noinput=0.0 noqueue=0.0]/s relay eval=0.0/s consume=0.0/s inplace=0.0/s(ok 0.0/s) unarmed=0.0/s mismatch=0.0/s relbusy=0.0/s relok=0.0/s relfail=0.0/s release-stage[queue=0.0 pool=0.0 fence=0.0 reset=0.0 begin=0.0 end=0.0 submit=0.0]/s watchdog=0.0/s | worker plays=0.0/s ok=0.0/s fail=0.0/s nr_absent=0.0/s copyfail=0.0/s
13:41:36.757  [fg-relay] rate3: arm->arm avg=0.00ms max=0.00ms n=0 | arm->work avg=0.00ms max=0.00ms | arm->eval avg=0.00ms max=0.00ms | copywait avg=0.000ms max=0.000ms | copy-land<= avg=0.00ms max=0.00ms | work avg=0.00ms max=0.00ms | totals armed=0 unarmed=0 skipped=0 busy=0 mismatch=0 copies_failed=0 writes=0 conflicts=0
13:41:36.758  [fg-relay] rate4: throttle depth=1 off=0 | sleep calls=35.5/s waits=0.0/s clear=0.0/s timeouts=0.0/s avg=0.00ms | present calls=35.5/s waits=0.0/s clear=0.0/s timeouts=0.0/s avg=0.00ms | max=0.00ms (process)
13:41:37.830  === Vulkan CreateFeature1 #6  feature_id=1  VkDevice=000000002FA000D0  thread 24632 ===
13:41:37.847  === Vulkan CreateFeature1 #6 returned 1, handle=0000002864617AD0 ===
13:41:37.849  === Vulkan CreateFeature1 #7  feature_id=18  VkDevice=000000002FA000D0  thread 24632 ===
13:41:37.849  === Vulkan CreateFeature1 #7 returned -1160773630, handle=0000000000000000 ===
13:41:37.850  === Vulkan CreateFeature1 #8  feature_id=11  VkDevice=000000002FA000D0  thread 24632 ===
13:41:37.872  === Vulkan CreateFeature1 #8 returned 1, handle=00000026906C6C20 ===
13:41:37.872    feature 11 is not super resolution; evaluates on this handle will be forwarded and otherwise ignored.
13:41:37.882  === Vulkan CreateFeature1 #9  feature_id=18  VkDevice=000000002FA000D0  thread 24632 ===
13:41:37.882  === Vulkan CreateFeature1 #9 returned -1160773630, handle=0000000000000000 ===
13:41:38.029  [present-adapter] enabled, idle. Awaiting a new request token; existing requests are ignored.
13:41:38.031  [fg-input] AutoRun: continuous NR at the frame-generation input; a request with frames=0 stops it. pipeline=serial park
13:41:38.032  
13:41:38.032  ################ synth: opening on this add-on's own D3D12 device ################
13:41:38.037  [bridge] D3D12 device created at feature level 12_1.
13:41:38.037  [bridge] the D3D12 device came back wrapped by ReShade: 0000002650AE2170 over 000000013D84EF60. NGX is given the unwrapped one, so no other add-on is handed D3D12 objects it never asked for.
13:41:38.037  [bridge] add-ons loaded at this point, with their bases:
13:41:38.037  [bridge]   dlss5-bridge.addon64 at 00007FFA3F300000
13:41:38.038  [bridge]   renodx-dlss5.addon64 at 00007FF9A7060000
13:41:38.063  [synth] this add-on's own D3D12 device is 000000013D84EF60 and its graphics queue is 0000002690993400
13:41:38.064  [bridge] NGX D3D12 entry points taken from C:\WINDOWS\System32\DriverStore\FileRepository\nv_dispsi.inf_amd64_b8459fc8f905f657\_nvngx.dll
13:41:38.064  [synth] NGX data path: C:\Program Files\Hypergryph Launcher\games\Endfield Game\
13:41:38.257  NGX layer 4: C:\Program Files\Hypergryph Launcher\games\Endfield Game\nvngx_dlss.dll (base=00007FF8CD170000)
13:41:38.258    version 310.5.2.0
13:41:38.258    NVSDK_NGX_D3D11_CreateFeature     = 00007FF8CD1B5160
13:41:38.258    NVSDK_NGX_D3D11_EvaluateFeature   = 00007FF8CD1B52C0
13:41:38.258    NVSDK_NGX_D3D11_EvaluateFeature_C = 0000000000000000
13:41:38.258    CreateFeature    prologue: 48 89 5C 24 08 48 89 6C 24 10 56 57 41 56 
13:41:38.258    EvaluateFeature  prologue: 48 89 5C 24 08 48 89 6C 24 10 48 89 74 24 
13:41:38.429    hooked: CreateFeature=yes EvaluateFeature=yes EvaluateFeature_C=absent
13:41:38.430    NVSDK_NGX_VULKAN_CreateFeature     = 00007FF8CD2379C0
13:41:38.430    NVSDK_NGX_VULKAN_CreateFeature1    = 00007FF8CD2379E0
13:41:38.430    NVSDK_NGX_VULKAN_EvaluateFeature   = 00007FF8CD2379F0
13:41:38.430    NVSDK_NGX_VULKAN_EvaluateFeature_C = 0000000000000000
13:41:38.430    VK CreateFeature prologue: 48 83 EC 38 4C 89 4C 24 20 4D 8B C8 44 8B 
13:41:38.430    VK CreateFeature1 prologue: E9 4B F1 FF FF CC CC CC CC CC CC CC CC CC  <== a thunk into its own module, not a hook
13:41:38.430        the hook jumps into C:\Program Files\Hypergryph Launcher\games\Endfield Game\nvngx_dlss.dll +0xC6B30
13:41:38.430    VK EvaluateFeature prologue: 48 89 5C 24 08 48 89 6C 24 10 48 89 74 24 
13:41:38.526      00007FF8CD2379E0 is a thunk table entry; the hook goes to its destination 00007FF8CD236B30 so the patch does not overwrite the entries beside it.
13:41:38.699    hooked: VULKAN CreateFeature=yes CreateFeature1=yes EvaluateFeature=yes EvaluateFeature_C=absent
13:41:38.992  [synth] Init_Ext(version=0x13) -> ok
13:41:38.992  [synth] D3D12 session ready on this add-on's own D3D12 device. The frame does not start on this device, so every texture NGX reads is created shareable here and imported by the API the game renders with.
13:41:38.993  [synth] Vulkan side ready: VkDevice 000000002FA000D0, VK_KHR_external_memory_win32 enabled, VK_KHR_push_descriptor enabled, 22 entry points resolved out of vulkan-1.dll with no import of it.
13:41:38.994  [fg-input] building the private feature and its Vulkan import for 5120x2160 R8G8B8A8_UNORM
13:41:39.000  [bridge] shader compiler: C:\Program Files\Hypergryph Launcher\games\Endfield Game\d3dcompiler_47.dll
13:41:39.007  [bridge] sRGB conversion ready: R8G8B8A8_UNORM -> linear BT.709 (normalized SDR) -> original encoding.
13:41:39.007  [synth] colour in R8G8B8A8_UNORM, output R8G8B8A8_UNORM -- the frame is copied into the first and the result is copied back out of the second, because NGX reads one as a shader resource and writes the other through a UAV in the same call.
13:41:39.007  [synth]   Color  fmt 28 5120x2160 flags=0x20: sample yes, typed UAV yes, UAV load yes, UAV store yes
13:41:39.007  [synth]   Output fmt 28 5120x2160 flags=0x24: sample yes, typed UAV yes, UAV load yes, UAV store yes
13:41:39.008  [synth]   Depth  fmt 41 5120x2160 flags=0x20: sample yes, typed UAV yes, UAV load yes, UAV store yes
13:41:39.008  [synth]   MV     fmt 34 5120x2160 flags=0x20: sample yes, typed UAV yes, UAV load yes, UAV store yes
13:41:39.008  [bridge] the synthetic contract's create flags 8: DepthInverted
13:41:39.087  [synth] feature ready on this add-on's own D3D12 device: 5120x2160 -> 5120x2160 handle=0000002928AB25B0
13:41:39.088  [synth] imported memory: the image allows types 0x00000003, the imported handle allows 0x00000002 (query returned 0), and the lowest of the two together is taken, index 1. UNVERIFIED on AMD and on Intel -- if the import fails or the picture is wrong on one of those, this line is the first thing to compare.
13:41:39.088  [synth] 5 D3D12 textures imported into the game's VkDevice -- the four slots, and the pipeline's second Output -- and a 44236800-byte buffer made for the depth aspect to travel through.
13:41:39.089  [present-adapter] NGX evaluate module: _nvngx.dll internal=nvngx.dll product=NGX.
13:41:39.089  [present-adapter] NGX evaluate module: 160_E658700.bin internal=DLSS product=NVIDIA Deep Learning SuperSampling.
13:41:39.089  [present-adapter] NGX evaluate module: nvngx_dlssg.dll internal=DLSS-G product=NVIDIA DLSS-G MFGLW.
13:41:39.089  [present-adapter] NGX evaluate module: nvngx_deepdvc.dll internal=DEEPDVC product=NVIDIA DEEPDVC.
13:41:39.090  [present-adapter] NGX evaluate module: nvngx_dlssd.dll internal=DLSS product=NVIDIA DLSS Ray Reconstruction.
13:41:39.090  [present-adapter] NGX evaluate module: nvngx_dlssnr.dll internal=DLSSNR product=NVIDIA DLSSNR.
13:41:39.189  [present-adapter] private SR carrier copy ready; external SR calls remain tail-forwarded.
13:41:39.282  [present-adapter] NR entry witness ready (tail-forward, CPU observation only).
13:41:39.286  [fg-input] ready: HUD-less -> linear sRGB carrier -> Generic NR -> UI-preserving composite; FG interpolates processed frames. guides: mv=game (scale 5120.000,2160.000) depth=game inverted=1
13:41:39.288  === Vulkan CreateFeature1 #10  feature_id=18  VkDevice=000000002FA000D0  thread 24632 ===
13:41:39.288  === Vulkan CreateFeature1 #10 returned -1160773630, handle=0000000000000000 ===
13:41:39.288  [fg-census] evaluate observed: MultiFrameIndex=2 thread=56072
13:41:39.289  [fg-census] pass 1 begins: 131 keys, types tried u/i/f/d/ull/ptr.
13:41:39.289  [fg-census] DLSSG.AutomodeOverrideReset u=0 i=0 f=0 d=0 ull=0
13:41:39.289  [fg-census] DLSSG.Backbuffer ptr=000000269097D258
13:41:39.289  [fg-census] DLSSG.BackbufferFormat u=37 i=37 f=37 d=37 ull=37
13:41:39.289  [fg-census] DLSSG.BackbufferFrameID ptr=0000000000000228
13:41:39.289  [fg-census] DLSSG.BackbufferSubrectBaseX u=0 i=0 f=0 d=0 ull=0
13:41:39.289  [fg-census] DLSSG.BackbufferSubrectBaseY u=0 i=0 f=0 d=0 ull=0
13:41:39.289  [fg-census] DLSSG.BackbufferSubrectHeight u=2160 i=2160 f=2160 d=2160 ull=2160
13:41:39.289  [fg-census] DLSSG.BackbufferSubrectWidth u=5120 i=5120 f=5120 d=5120 ull=5120
13:41:39.289  [fg-census] DLSSG.BidirectionalDistortionField ptr=0000000000000000
13:41:39.289  [fg-census] DLSSG.BidirectionalDistortionFieldLowPrecision.Bias u=0 i=0 f=0 d=0 ull=0
13:41:39.289  [fg-census] DLSSG.BidirectionalDistortionFieldLowPrecision.IsLowPrecision u=0 i=0 f=0 d=0 ull=0
13:41:39.289  [fg-census] DLSSG.BidirectionalDistortionFieldLowPrecision.Scale u=1 i=1 f=1 d=1 ull=1
13:41:39.289  [fg-census] DLSSG.BidirectionalDistortionFieldSubrectBaseX u=0 i=0 f=0 d=0 ull=0
13:41:39.290  [fg-census] DLSSG.BidirectionalDistortionFieldSubrectBaseY u=0 i=0 f=0 d=0 ull=0
13:41:39.290  [fg-census] DLSSG.BidirectionalDistortionFieldSubrectHeight u=0 i=0 f=0 d=0 ull=0
13:41:39.290  [fg-census] DLSSG.BidirectionalDistortionFieldSubrectWidth u=0 i=0 f=0 d=0 ull=0
13:41:39.290  [fg-census] DLSSG.CameraAspectRatio u=2 i=2 f=2.37037 d=2.37037039 ull=2
13:41:39.290  [fg-census] DLSSG.CameraFOV u=1 i=1 f=1.01229 d=1.01229095 ull=1
13:41:39.290  [fg-census] DLSSG.CameraFar u=10000 i=10000 f=10000 d=10000 ull=10000
13:41:39.290  [fg-census] DLSSG.CameraFwdX u=0 i=0 f=-0.905534 d=-0.905534148 ull=0
13:41:39.290  [fg-census] DLSSG.CameraFwdY u=0 i=0 f=0.0740277 d=0.0740277022 ull=0
13:41:39.290  [fg-census] DLSSG.CameraFwdZ u=0 i=0 f=-0.417765 d=-0.417765021 ull=0
13:41:39.290  [fg-census] DLSSG.CameraMotionIncluded u=1 i=1 f=1 d=1 ull=1
13:41:39.290  [fg-census] DLSSG.CameraNear u=0 i=0 f=0.1 d=0.100000001 ull=0
13:41:39.290  [fg-census] DLSSG.CameraPinholeOffsetX u=0 i=0 f=0 d=0 ull=0
13:41:39.291  [fg-census] DLSSG.CameraPinholeOffsetY u=0 i=0 f=0 d=0 ull=0
13:41:39.291  [fg-input] frame=1 5120x2160 vkfmt=37 mode=NR pipeline=serial nr_entries=0 sr_entries=1 sr_copies=1 ok=1 busy_skips=0 token=1.
13:41:39.291  [fg-census] DLSSG.CameraPosX u=0 i=0 f=-2.38419e-07 d=-2.38418579e-07 ull=0
13:41:39.291  [fg-census] DLSSG.CameraPosY u=4294967295 i=-1 f=-1.37852 d=-1.37852454 ull=18446744073709551615
13:41:39.291  [fg-census] DLSSG.CameraPosZ u=4294967293 i=-3 f=-3.86705 d=-3.86705446 ull=18446744073709551613
13:41:39.291  [fg-census] DLSSG.CameraRightX u=0 i=0 f=-0.424273 d=-0.424273252 ull=0
13:41:39.291  [fg-census] DLSSG.CameraRightY u=0 i=0 f=-0.157999 d=-0.157998681 ull=0
13:41:39.291  [fg-census] DLSSG.CameraRightZ u=0 i=0 f=0.891644 d=0.891643763 ull=0
13:41:39.291  [fg-census] DLSSG.CameraUpX u=0 i=0 f=-7.45058e-09 d=-7.4505806e-09 ull=0
13:41:39.291  [fg-census] DLSSG.CameraUpY u=0 i=0 f=0.984661 d=0.984660506 ull=0
13:41:39.291  [fg-census] DLSSG.CameraUpZ u=0 i=0 f=0.174481 d=0.174481183 ull=0
13:41:39.291  [fg-census] DLSSG.CameraViewToClip ptr=000000269097D4A8 m=[0.7611 0 0 0 | 0 1.804 0 0 | 0 0 9.954e-06 -1 | 0 0 0.1 0]
13:41:39.291  [fg-census] DLSSG.ClipToCameraView ptr=000000269097D4E8 m=[1.314 -0 -0 0 | 0 -0.5543 -0 0 | 0 -0 -0 10 | 0 -0 -1 9.954e-05]
13:41:39.291  [fg-census] DLSSG.ClipToLensClip ptr=000000269097D528 m=[1 0 0 0 | 0 1 0 0 | 0 0 1 0 | 0 0 0 1]
13:41:39.291  [fg-census] DLSSG.ClipToPrevClip ptr=000000269097D568 m=[1 1.49e-08 4.547e-13 -2.98e-08 | 1.863e-09 1 0 1.863e-09 | 9.28e-08 -1.907e-06 1 0 | 2.978e-08 -4.121e-08 -9.095e-13 1]
13:41:39.291  [fg-census] DLSSG.CmdAlloc ptr=000000003E9C0FD0
13:41:39.291  [fg-census] DLSSG.CmdQueue ptr=000000002E8D3CD0
13:41:39.292  [fg-census] DLSSG.ColorBuffersHDR u=0 i=0 f=0 d=0 ull=0
13:41:39.292  [fg-census] DLSSG.Depth ptr=000000269097D138
13:41:39.292  [fg-census] DLSSG.DepthInverted u=1 i=1 f=1 d=1 ull=1
13:41:39.292  [fg-census] DLSSG.DepthSubrectBaseX u=0 i=0 f=0 d=0 ull=0
13:41:39.292  [fg-census] DLSSG.DepthSubrectBaseY u=0 i=0 f=0 d=0 ull=0
13:41:39.292  [fg-census] DLSSG.DepthSubrectHeight u=2160 i=2160 f=2160 d=2160 ull=2160
13:41:39.292  [fg-census] DLSSG.DepthSubrectWidth u=5120 i=5120 f=5120 d=5120 ull=5120
13:41:39.292  [fg-census] DLSSG.Dynamic.ReflexDriven u=0 i=0 f=0 d=0 ull=0
13:41:39.292  [fg-census] DLSSG.DynamicMaxFrameCount u=5 i=5 f=5 d=5 ull=5
13:41:39.292  [fg-census] DLSSG.DynamicResolution u=0 i=0 f=0 d=0 ull=0
13:41:39.292  [fg-census] DLSSG.EnableInterp u=1 i=1 f=1 d=1 ull=1
13:41:39.292  [fg-census] DLSSG.EstimateVRAMCallback ptr=00007FF94BFD7A70
13:41:39.292  [fg-census] DLSSG.EvalFlags u=0 i=0 f=0 d=0 ull=0
13:41:39.292  [fg-census] DLSSG.FenceEvent ptr=0000000000000000
13:41:39.292  [fg-census] DLSSG.FlipMetering u=0 i=0 f=0 d=0 ull=0
13:41:39.292  [fg-census] DLSSG.HUDLess ptr=000000269097D2B8
13:41:39.293  [fg-census] DLSSG.HUDLessSubrectBaseX u=0 i=0 f=0 d=0 ull=0
13:41:39.293  [fg-census] DLSSG.HUDLessSubrectBaseY u=0 i=0 f=0 d=0 ull=0
13:41:39.293  [fg-census] DLSSG.HUDLessSubrectHeight u=2160 i=2160 f=2160 d=2160 ull=2160
13:41:39.293  [fg-census] DLSSG.HUDLessSubrectWidth u=5120 i=5120 f=5120 d=5120 ull=5120
13:41:39.293  [fg-census] DLSSG.Height u=2160 i=2160 f=2160 d=2160 ull=2160
13:41:39.293  [fg-census] DLSSG.InternalHeight u=0 i=0 f=0 d=0 ull=0
13:41:39.294  [fg-census] DLSSG.InternalWidth u=0 i=0 f=0 d=0 ull=0
13:41:39.294  [fg-census] DLSSG.IsRecording u=1 i=1 f=1 d=1 ull=1
13:41:39.294  [fg-census] DLSSG.JitterOffsetX u=0 i=0 f=-0.375 d=-0.375 ull=0
13:41:39.294  [fg-census] DLSSG.JitterOffsetY u=0 i=0 f=-0.0555556 d=-0.055555582 ull=0
13:41:39.294  [fg-census] DLSSG.MVecs ptr=000000269097D198
13:41:39.294  [fg-census] DLSSG.MVecsSubrectBaseX u=0 i=0 f=0 d=0 ull=0
13:41:39.294  [fg-census] DLSSG.MVecsSubrectBaseY u=0 i=0 f=0 d=0 ull=0
13:41:39.294  [fg-census] DLSSG.MVecsSubrectHeight u=2160 i=2160 f=2160 d=2160 ull=2160
13:41:39.294  [fg-census] DLSSG.MVecsSubrectWidth u=5120 i=5120 f=5120 d=5120 ull=5120
13:41:39.294  [fg-census] DLSSG.MenuDetectionEnabled u=0 i=0 f=0 d=0 ull=0
13:41:39.294  [fg-census] DLSSG.MinRelativeLinearDepthObjectSeparation u=40 i=40 f=40 d=40 ull=40
13:41:39.294  [fg-census] DLSSG.ModelVersion u=512 i=512 f=512 d=512 ull=512
13:41:39.294  [fg-census] DLSSG.MultiFrameCount u=5 i=5 f=5 d=5 ull=5
13:41:39.294  [fg-census] DLSSG.MultiFrameCountMax u=5 i=5 f=5 d=5 ull=5
13:41:39.295  [fg-census] DLSSG.MultiFrameIndex u=2 i=2 f=2 d=2 ull=2
13:41:39.295  [fg-census] DLSSG.MvecDilated u=0 i=0 f=0 d=0 ull=0
13:41:39.295  [fg-census] DLSSG.MvecInvalidValue u=0 i=-2147483648 f=3.40282e+38 d=3.40282347e+38 ull=9223372036854775808
13:41:39.295  [fg-census] DLSSG.MvecJittered u=0 i=0 f=0 d=0 ull=0
13:41:39.295  [fg-census] DLSSG.MvecScaleX u=5120 i=5120 f=5120 d=5120 ull=5120
13:41:39.295  [fg-census] DLSSG.MvecScaleY u=2160 i=2160 f=2160 d=2160 ull=2160
13:41:39.295  [fg-census] DLSSG.NoWarp ptr=0000000000000000
13:41:39.295  [fg-census] DLSSG.NoWarpSubrectBaseX u=0 i=0 f=0 d=0 ull=0
13:41:39.295  [fg-census] DLSSG.NoWarpSubrectBaseY u=0 i=0 f=0 d=0 ull=0
13:41:39.295  [fg-census] DLSSG.NoWarpSubrectHeight u=0 i=0 f=0 d=0 ull=0
13:41:39.295  [fg-census] DLSSG.NoWarpSubrectWidth u=0 i=0 f=0 d=0 ull=0
13:41:39.295  [fg-census] DLSSG.NotRenderingGameFrames u=0 i=0 f=0 d=0 ull=0
13:41:39.295  [fg-census] DLSSG.NvAppOvrAppliedVal.MultiFrameCount u=5 i=5 f=5 d=5 ull=5
13:41:39.295  [fg-census] DLSSG.NvAppOvrAppliedVal.StreamlineMode u=1 i=1 f=1 d=1 ull=1
13:41:39.295  [fg-census] DLSSG.OrthoProjection u=0 i=0 f=0 d=0 ull=0
13:41:39.295  [fg-census] DLSSG.OutputDisableInterpolation ptr=000000269097D438
13:41:39.296  [fg-census] DLSSG.OutputInterpolated ptr=0000002864926488
13:41:39.296  [fg-census] DLSSG.OutputReal ptr=0000000000000000
13:41:39.296  [fg-census] DLSSG.PrevClipToClip ptr=000000269097D5A8 m=[1 -1.49e-08 -4.547e-13 2.98e-08 | -1.863e-09 1 -8.47e-22 -1.863e-09 | -9.28e-08 1.907e-06 1 -6.319e-15 | -2.978e-08 4.121e-08 9.095e-13 1]
13:41:39.296  [fg-census] DLSSG.QueueSubmitCallback ptr=0000000000000000
13:41:39.296  [fg-census] DLSSG.QueueSubmitCallbackData ptr=0000000000000000
13:41:39.296  [fg-census] DLSSG.RefreshRate u=119 i=119 f=119.996 d=119.996002 ull=119
13:41:39.296  [fg-census] DLSSG.Reset u=1 i=1 f=1 d=1 ull=1
13:41:39.296  [fg-census] DLSSG.StreamlineMode u=1 i=1 f=1 d=1 ull=1
13:41:39.296  [fg-census] DLSSG.StreamlineVersionTag ptr=00007FFA3DC5CB50
13:41:39.296  [fg-census] DLSSG.SyncFlushCallback ptr=0000000000000000
13:41:39.296  [fg-census] DLSSG.SyncFlushCallbackData ptr=0000000000000000
13:41:39.296  [fg-census] DLSSG.SyncSignalCallback ptr=0000000000000000
13:41:39.296  [fg-census] DLSSG.SyncSignalCallbackData ptr=0000000000000000
13:41:39.296  [fg-census] DLSSG.SyncSignalOnlyCallback ptr=0000000000000000
13:41:39.296  [fg-census] DLSSG.SyncSignalOnlyCallbackData ptr=0000000000000000
13:41:39.296  [fg-census] DLSSG.SyncWaitCallback ptr=0000000000000000
13:41:39.296  [fg-census] DLSSG.SyncWaitCallbackData ptr=0000000000000000
13:41:39.296  [fg-census] DLSSG.SyncWaitOnlyCallback ptr=0000000000000000
13:41:39.297  [fg-census] DLSSG.SyncWaitOnlyCallbackData ptr=0000000000000000
13:41:39.297  [fg-census] DLSSG.TargetFrameRate u=119 i=119 f=119.996 d=119.996002 ull=119
13:41:39.297  [fg-census] DLSSG.UI ptr=0000000000000000
13:41:39.297  [fg-census] DLSSG.UIAlpha ptr=0000000000000000
13:41:39.297  [fg-census] DLSSG.UIAlphaSubrectBaseX u=0 i=0 f=0 d=0 ull=0
13:41:39.297  [fg-census] DLSSG.UIAlphaSubrectBaseY u=0 i=0 f=0 d=0 ull=0
13:41:39.297  [fg-census] DLSSG.UIAlphaSubrectHeight u=0 i=0 f=0 d=0 ull=0
13:41:39.297  [fg-census] DLSSG.UIAlphaSubrectWidth u=0 i=0 f=0 d=0 ull=0
13:41:39.297  [fg-census] DLSSG.UISubrectBaseX u=0 i=0 f=0 d=0 ull=0
13:41:39.297  [fg-census] DLSSG.UISubrectBaseY u=0 i=0 f=0 d=0 ull=0
13:41:39.297  [fg-census] DLSSG.UISubrectHeight u=0 i=0 f=0 d=0 ull=0
13:41:39.297  [fg-census] DLSSG.UISubrectWidth u=0 i=0 f=0 d=0 ull=0
13:41:39.297  [fg-census] DLSSG.UserInterfaceRecompositionEnabled u=0 i=0 f=0 d=0 ull=0
13:41:39.297  [fg-census] DLSSG.VSyncDriverRequested u=1 i=1 f=1 d=1 ull=1
13:41:39.297  [fg-census] DLSSG.VSyncOn u=0 i=0 f=0 d=0 ull=0
13:41:39.297  [fg-census] DLSSG.VSyncSupported u=0 i=0 f=0 d=0 ull=0
13:41:39.297  [fg-census] DLSSG.VkOFAModeRequest u=1 i=1 f=1 d=1 ull=1
13:41:39.297  [fg-census] DLSSG.Width u=5120 i=5120 f=5120 d=5120 ull=5120
13:41:39.297  [fg-census] DLSSG.run_lowres_mvec_pass u=1 i=1 f=1 d=1 ull=1
13:41:39.298  [fg-census] pass 1 ends.
13:41:39.298  [fg-census] evaluate observed: MultiFrameIndex=3 thread=56072
13:41:39.298  [fg-census] pass 2 begins: 131 keys, types tried u/i/f/d/ull/ptr.
13:41:39.298  [fg-census] DLSSG.AutomodeOverrideReset u=0 i=0 f=0 d=0 ull=0
13:41:39.298  [fg-census] DLSSG.Backbuffer ptr=000000269097D258
13:41:39.298  [fg-census] DLSSG.BackbufferFormat u=37 i=37 f=37 d=37 ull=37
13:41:39.298  [fg-census] DLSSG.BackbufferFrameID ptr=0000000000000228
13:41:39.298  [fg-census] DLSSG.BackbufferSubrectBaseX u=0 i=0 f=0 d=0 ull=0
13:41:39.298  [fg-census] DLSSG.BackbufferSubrectBaseY u=0 i=0 f=0 d=0 ull=0
13:41:39.298  [fg-census] DLSSG.BackbufferSubrectHeight u=2160 i=2160 f=2160 d=2160 ull=2160
13:41:39.298  [fg-census] DLSSG.BackbufferSubrectWidth u=5120 i=5120 f=5120 d=5120 ull=5120
13:41:39.298  [fg-census] DLSSG.BidirectionalDistortionField ptr=0000000000000000
13:41:39.298  [fg-census] DLSSG.BidirectionalDistortionFieldLowPrecision.Bias u=0 i=0 f=0 d=0 ull=0
13:41:39.298  [fg-census] DLSSG.BidirectionalDistortionFieldLowPrecision.IsLowPrecision u=0 i=0 f=0 d=0 ull=0
13:41:39.298  [fg-census] DLSSG.BidirectionalDistortionFieldLowPrecision.Scale u=1 i=1 f=1 d=1 ull=1
13:41:39.298  [fg-census] DLSSG.BidirectionalDistortionFieldSubrectBaseX u=0 i=0 f=0 d=0 ull=0
13:41:39.299  [fg-census] DLSSG.BidirectionalDistortionFieldSubrectBaseY u=0 i=0 f=0 d=0 ull=0
13:41:39.299  [fg-census] DLSSG.BidirectionalDistortionFieldSubrectHeight u=0 i=0 f=0 d=0 ull=0
13:41:39.299  [fg-census] DLSSG.BidirectionalDistortionFieldSubrectWidth u=0 i=0 f=0 d=0 ull=0
13:41:39.299  [fg-census] DLSSG.CameraAspectRatio u=2 i=2 f=2.37037 d=2.37037039 ull=2
13:41:39.299  [fg-census] DLSSG.CameraFOV u=1 i=1 f=1.01229 d=1.01229095 ull=1
13:41:39.299  [fg-census] DLSSG.CameraFar u=10000 i=10000 f=10000 d=10000 ull=10000
13:41:39.299  [fg-census] DLSSG.CameraFwdX u=0 i=0 f=-0.905534 d=-0.905534148 ull=0
13:41:39.299  [fg-census] DLSSG.CameraFwdY u=0 i=0 f=0.0740277 d=0.0740277022 ull=0
13:41:39.299  [fg-census] DLSSG.CameraFwdZ u=0 i=0 f=-0.417765 d=-0.417765021 ull=0
13:41:39.299  [fg-census] DLSSG.CameraMotionIncluded u=1 i=1 f=1 d=1 ull=1
13:41:39.299  [fg-census] DLSSG.CameraNear u=0 i=0 f=0.1 d=0.100000001 ull=0
13:41:39.299  [fg-census] DLSSG.CameraPinholeOffsetX u=0 i=0 f=0 d=0 ull=0
13:41:39.299  [fg-census] DLSSG.CameraPinholeOffsetY u=0 i=0 f=0 d=0 ull=0
13:41:39.299  [fg-census] DLSSG.CameraPosX u=0 i=0 f=-2.38419e-07 d=-2.38418579e-07 ull=0
13:41:39.299  [fg-census] DLSSG.CameraPosY u=4294967295 i=-1 f=-1.37852 d=-1.37852454 ull=18446744073709551615
13:41:39.299  [fg-census] DLSSG.CameraPosZ u=4294967293 i=-3 f=-3.86705 d=-3.86705446 ull=18446744073709551613
13:41:39.300  [fg-census] DLSSG.CameraRightX u=0 i=0 f=-0.424273 d=-0.424273252 ull=0
13:41:39.300  [fg-census] DLSSG.CameraRightY u=0 i=0 f=-0.157999 d=-0.157998681 ull=0
13:41:39.300  [fg-census] DLSSG.CameraRightZ u=0 i=0 f=0.891644 d=0.891643763 ull=0
13:41:39.300  [fg-census] DLSSG.CameraUpX u=0 i=0 f=-7.45058e-09 d=-7.4505806e-09 ull=0
13:41:39.300  [fg-census] DLSSG.CameraUpY u=0 i=0 f=0.984661 d=0.984660506 ull=0
13:41:39.300  [fg-census] DLSSG.CameraUpZ u=0 i=0 f=0.174481 d=0.174481183 ull=0
13:41:39.300  [fg-census] DLSSG.CameraViewToClip ptr=000000269097D4A8 m=[0.7611 0 0 0 | 0 1.804 0 0 | 0 0 9.954e-06 -1 | 0 0 0.1 0]
13:41:39.300  [fg-census] DLSSG.ClipToCameraView ptr=000000269097D4E8 m=[1.314 -0 -0 0 | 0 -0.5543 -0 0 | 0 -0 -0 10 | 0 -0 -1 9.954e-05]
13:41:39.300  [fg-census] DLSSG.ClipToLensClip ptr=000000269097D528 m=[1 0 0 0 | 0 1 0 0 | 0 0 1 0 | 0 0 0 1]
13:41:39.300  [fg-census] DLSSG.ClipToPrevClip ptr=000000269097D568 m=[1 1.49e-08 4.547e-13 -2.98e-08 | 1.863e-09 1 0 1.863e-09 | 9.28e-08 -1.907e-06 1 0 | 2.978e-08 -4.121e-08 -9.095e-13 1]
13:41:39.300  [fg-census] DLSSG.CmdAlloc ptr=000000003E9C14D0
13:41:39.300  [fg-census] DLSSG.CmdQueue ptr=000000002E8D3CD0
13:41:39.300  [fg-census] DLSSG.ColorBuffersHDR u=0 i=0 f=0 d=0 ull=0
13:41:39.300  [fg-census] DLSSG.Depth ptr=000000269097D138
13:41:39.300  [fg-census] DLSSG.DepthInverted u=1 i=1 f=1 d=1 ull=1
13:41:39.300  [fg-census] DLSSG.DepthSubrectBaseX u=0 i=0 f=0 d=0 ull=0
13:41:39.300  [fg-census] DLSSG.DepthSubrectBaseY u=0 i=0 f=0 d=0 ull=0
13:41:39.300  [fg-census] DLSSG.DepthSubrectHeight u=2160 i=2160 f=2160 d=2160 ull=2160
13:41:39.301  [fg-census] DLSSG.DepthSubrectWidth u=5120 i=5120 f=5120 d=5120 ull=5120
13:41:39.301  [fg-census] DLSSG.Dynamic.ReflexDriven u=0 i=0 f=0 d=0 ull=0
13:41:39.301  [fg-census] DLSSG.DynamicMaxFrameCount u=5 i=5 f=5 d=5 ull=5
13:41:39.301  [fg-census] DLSSG.DynamicResolution u=0 i=0 f=0 d=0 ull=0
13:41:39.301  [fg-census] DLSSG.EnableInterp u=1 i=1 f=1 d=1 ull=1
13:41:39.301  [fg-census] DLSSG.EstimateVRAMCallback ptr=00007FF94BFD7A70
13:41:39.301  [fg-census] DLSSG.EvalFlags u=0 i=0 f=0 d=0 ull=0
13:41:39.301  [fg-census] DLSSG.FenceEvent ptr=0000000000000000
13:41:39.301  [fg-census] DLSSG.FlipMetering u=0 i=0 f=0 d=0 ull=0
13:41:39.301  [fg-census] DLSSG.HUDLess ptr=000000269097D2B8
13:41:39.301  [fg-census] DLSSG.HUDLessSubrectBaseX u=0 i=0 f=0 d=0 ull=0
13:41:39.301  [fg-census] DLSSG.HUDLessSubrectBaseY u=0 i=0 f=0 d=0 ull=0
13:41:39.301  [fg-census] DLSSG.HUDLessSubrectHeight u=2160 i=2160 f=2160 d=2160 ull=2160
13:41:39.301  [fg-census] DLSSG.HUDLessSubrectWidth u=5120 i=5120 f=5120 d=5120 ull=5120
13:41:39.301  [fg-census] DLSSG.Height u=2160 i=2160 f=2160 d=2160 ull=2160
13:41:39.301  [fg-census] DLSSG.InternalHeight u=0 i=0 f=0 d=0 ull=0
13:41:39.302  [fg-census] DLSSG.InternalWidth u=0 i=0 f=0 d=0 ull=0
13:41:39.302  [fg-census] DLSSG.IsRecording u=1 i=1 f=1 d=1 ull=1
13:41:39.302  [fg-census] DLSSG.JitterOffsetX u=0 i=0 f=-0.375 d=-0.375 ull=0
13:41:39.302  [fg-census] DLSSG.JitterOffsetY u=0 i=0 f=-0.0555556 d=-0.055555582 ull=0
13:41:39.302  [fg-census] DLSSG.MVecs ptr=000000269097D198
13:41:39.302  [fg-census] DLSSG.MVecsSubrectBaseX u=0 i=0 f=0 d=0 ull=0
13:41:39.302  [fg-census] DLSSG.MVecsSubrectBaseY u=0 i=0 f=0 d=0 ull=0
13:41:39.302  [fg-census] DLSSG.MVecsSubrectHeight u=2160 i=2160 f=2160 d=2160 ull=2160
13:41:39.302  [fg-census] DLSSG.MVecsSubrectWidth u=5120 i=5120 f=5120 d=5120 ull=5120
13:41:39.302  [fg-census] DLSSG.MenuDetectionEnabled u=0 i=0 f=0 d=0 ull=0
13:41:39.302  [fg-census] DLSSG.MinRelativeLinearDepthObjectSeparation u=40 i=40 f=40 d=40 ull=40
13:41:39.302  [fg-census] DLSSG.ModelVersion u=512 i=512 f=512 d=512 ull=512
13:41:39.302  [fg-census] DLSSG.MultiFrameCount u=5 i=5 f=5 d=5 ull=5
13:41:39.302  [fg-census] DLSSG.MultiFrameCountMax u=5 i=5 f=5 d=5 ull=5
13:41:39.302  [fg-census] DLSSG.MultiFrameIndex u=3 i=3 f=3 d=3 ull=3
13:41:39.302  [fg-census] DLSSG.MvecDilated u=0 i=0 f=0 d=0 ull=0
13:41:39.302  [fg-census] DLSSG.MvecInvalidValue u=0 i=-2147483648 f=3.40282e+38 d=3.40282347e+38 ull=9223372036854775808
13:41:39.302  [fg-census] DLSSG.MvecJittered u=0 i=0 f=0 d=0 ull=0
13:41:39.302  [fg-census] DLSSG.MvecScaleX u=5120 i=5120 f=5120 d=5120 ull=5120
13:41:39.303  [fg-census] DLSSG.MvecScaleY u=2160 i=2160 f=2160 d=2160 ull=2160
13:41:39.303  [fg-census] DLSSG.NoWarp ptr=0000000000000000
13:41:39.303  [fg-census] DLSSG.NoWarpSubrectBaseX u=0 i=0 f=0 d=0 ull=0
13:41:39.303  [fg-census] DLSSG.NoWarpSubrectBaseY u=0 i=0 f=0 d=0 ull=0
13:41:39.303  [fg-census] DLSSG.NoWarpSubrectHeight u=0 i=0 f=0 d=0 ull=0
13:41:39.303  [fg-census] DLSSG.NoWarpSubrectWidth u=0 i=0 f=0 d=0 ull=0
13:41:39.303  [fg-census] DLSSG.NotRenderingGameFrames u=0 i=0 f=0 d=0 ull=0
13:41:39.304  [fg-census] DLSSG.NvAppOvrAppliedVal.MultiFrameCount u=5 i=5 f=5 d=5 ull=5
13:41:39.304  [fg-census] DLSSG.NvAppOvrAppliedVal.StreamlineMode u=1 i=1 f=1 d=1 ull=1
13:41:39.304  [fg-census] DLSSG.OrthoProjection u=0 i=0 f=0 d=0 ull=0
13:41:39.304  [fg-census] DLSSG.OutputDisableInterpolation ptr=000000269097D438
13:41:39.304  [fg-census] DLSSG.OutputInterpolated ptr=0000002864926548
13:41:39.304  [fg-census] DLSSG.OutputReal ptr=0000000000000000
13:41:39.304  [fg-census] DLSSG.PrevClipToClip ptr=000000269097D5A8 m=[1 -1.49e-08 -4.547e-13 2.98e-08 | -1.863e-09 1 -8.47e-22 -1.863e-09 | -9.28e-08 1.907e-06 1 -6.319e-15 | -2.978e-08 4.121e-08 9.095e-13 1]
13:41:39.304  [fg-census] DLSSG.QueueSubmitCallback ptr=0000000000000000
13:41:39.304  [fg-census] DLSSG.QueueSubmitCallbackData ptr=0000000000000000
13:41:39.304  [fg-census] DLSSG.RefreshRate u=119 i=119 f=119.996 d=119.996002 ull=119
13:41:39.304  [fg-census] DLSSG.Reset u=1 i=1 f=1 d=1 ull=1
13:41:39.304  [fg-census] DLSSG.StreamlineMode u=1 i=1 f=1 d=1 ull=1
13:41:39.304  [fg-census] DLSSG.StreamlineVersionTag ptr=00007FFA3DC5CB50
13:41:39.305  [fg-census] DLSSG.SyncFlushCallback ptr=0000000000000000
13:41:39.305  [fg-census] DLSSG.SyncFlushCallbackData ptr=0000000000000000
13:41:39.305  [fg-census] DLSSG.SyncSignalCallback ptr=0000000000000000
13:41:39.305  [fg-census] DLSSG.SyncSignalCallbackData ptr=0000000000000000
13:41:39.305  [fg-census] DLSSG.SyncSignalOnlyCallback ptr=0000000000000000
13:41:39.305  [fg-census] DLSSG.SyncSignalOnlyCallbackData ptr=0000000000000000
13:41:39.305  [fg-census] DLSSG.SyncWaitCallback ptr=0000000000000000
13:41:39.305  [fg-census] DLSSG.SyncWaitCallbackData ptr=0000000000000000
13:41:39.305  [fg-census] DLSSG.SyncWaitOnlyCallback ptr=0000000000000000
13:41:39.305  [fg-census] DLSSG.SyncWaitOnlyCallbackData ptr=0000000000000000
13:41:39.305  [fg-census] DLSSG.TargetFrameRate u=119 i=119 f=119.996 d=119.996002 ull=119
13:41:39.305  [fg-census] DLSSG.UI ptr=0000000000000000
13:41:39.305  [fg-census] DLSSG.UIAlpha ptr=0000000000000000
13:41:39.305  [fg-census] DLSSG.UIAlphaSubrectBaseX u=0 i=0 f=0 d=0 ull=0
13:41:39.305  [fg-census] DLSSG.UIAlphaSubrectBaseY u=0 i=0 f=0 d=0 ull=0
13:41:39.306  [fg-census] DLSSG.UIAlphaSubrectHeight u=0 i=0 f=0 d=0 ull=0
13:41:39.306  [fg-census] DLSSG.UIAlphaSubrectWidth u=0 i=0 f=0 d=0 ull=0
13:41:39.306  [fg-census] DLSSG.UISubrectBaseX u=0 i=0 f=0 d=0 ull=0
13:41:39.306  [fg-census] DLSSG.UISubrectBaseY u=0 i=0 f=0 d=0 ull=0
13:41:39.306  [fg-census] DLSSG.UISubrectHeight u=0 i=0 f=0 d=0 ull=0
13:41:39.306  [fg-census] DLSSG.UISubrectWidth u=0 i=0 f=0 d=0 ull=0
13:41:39.306  [fg-census] DLSSG.UserInterfaceRecompositionEnabled u=0 i=0 f=0 d=0 ull=0
13:41:39.306  [fg-census] DLSSG.VSyncDriverRequested u=1 i=1 f=1 d=1 ull=1
13:41:39.306  [fg-census] DLSSG.VSyncOn u=0 i=0 f=0 d=0 ull=0
13:41:39.306  [fg-census] DLSSG.VSyncSupported u=0 i=0 f=0 d=0 ull=0
13:41:39.306  [fg-census] DLSSG.VkOFAModeRequest u=1 i=1 f=1 d=1 ull=1
13:41:39.306  [fg-census] DLSSG.Width u=5120 i=5120 f=5120 d=5120 ull=5120
13:41:39.306  [fg-census] DLSSG.run_lowres_mvec_pass u=1 i=1 f=1 d=1 ull=1
13:41:39.306  [fg-census] pass 2 ends.
13:41:39.306  [fg-census] evaluate observed: MultiFrameIndex=4 thread=56072
13:41:39.306  [fg-census] pass 3 begins: 131 keys, types tried u/i/f/d/ull/ptr.
13:41:39.306  [fg-census] DLSSG.AutomodeOverrideReset u=0 i=0 f=0 d=0 ull=0
13:41:39.306  [fg-census] DLSSG.Backbuffer ptr=000000269097D258
13:41:39.306  [fg-census] DLSSG.BackbufferFormat u=37 i=37 f=37 d=37 ull=37
13:41:39.306  [fg-census] DLSSG.BackbufferFrameID ptr=0000000000000228
13:41:39.307  [fg-census] DLSSG.BackbufferSubrectBaseX u=0 i=0 f=0 d=0 ull=0
13:41:39.307  [fg-census] DLSSG.BackbufferSubrectBaseY u=0 i=0 f=0 d=0 ull=0
13:41:39.307  [fg-census] DLSSG.BackbufferSubrectHeight u=2160 i=2160 f=2160 d=2160 ull=2160
13:41:39.307  [fg-census] DLSSG.BackbufferSubrectWidth u=5120 i=5120 f=5120 d=5120 ull=5120
13:41:39.307  [fg-census] DLSSG.BidirectionalDistortionField ptr=0000000000000000
13:41:39.307  [fg-census] DLSSG.BidirectionalDistortionFieldLowPrecision.Bias u=0 i=0 f=0 d=0 ull=0
13:41:39.307  [fg-census] DLSSG.BidirectionalDistortionFieldLowPrecision.IsLowPrecision u=0 i=0 f=0 d=0 ull=0
13:41:39.308  [fg-census] DLSSG.BidirectionalDistortionFieldLowPrecision.Scale u=1 i=1 f=1 d=1 ull=1
13:41:39.308  [fg-census] DLSSG.BidirectionalDistortionFieldSubrectBaseX u=0 i=0 f=0 d=0 ull=0
13:41:39.308  [fg-census] DLSSG.BidirectionalDistortionFieldSubrectBaseY u=0 i=0 f=0 d=0 ull=0
13:41:39.308  [fg-census] DLSSG.BidirectionalDistortionFieldSubrectHeight u=0 i=0 f=0 d=0 ull=0
13:41:39.308  [fg-census] DLSSG.BidirectionalDistortionFieldSubrectWidth u=0 i=0 f=0 d=0 ull=0
13:41:39.308  [fg-census] DLSSG.CameraAspectRatio u=2 i=2 f=2.37037 d=2.37037039 ull=2
13:41:39.308  [fg-census] DLSSG.CameraFOV u=1 i=1 f=1.01229 d=1.01229095 ull=1
13:41:39.308  [fg-census] DLSSG.CameraFar u=10000 i=10000 f=10000 d=10000 ull=10000
13:41:39.308  [fg-census] DLSSG.CameraFwdX u=0 i=0 f=-0.905534 d=-0.905534148 ull=0
13:41:39.308  [fg-census] DLSSG.CameraFwdY u=0 i=0 f=0.0740277 d=0.0740277022 ull=0
13:41:39.308  [fg-census] DLSSG.CameraFwdZ u=0 i=0 f=-0.417765 d=-0.417765021 ull=0
13:41:39.308  [fg-census] DLSSG.CameraMotionIncluded u=1 i=1 f=1 d=1 ull=1
13:41:39.308  [fg-census] DLSSG.CameraNear u=0 i=0 f=0.1 d=0.100000001 ull=0
13:41:39.308  [fg-census] DLSSG.CameraPinholeOffsetX u=0 i=0 f=0 d=0 ull=0
13:41:39.308  [fg-census] DLSSG.CameraPinholeOffsetY u=0 i=0 f=0 d=0 ull=0
13:41:39.308  [fg-census] DLSSG.CameraPosX u=0 i=0 f=-2.38419e-07 d=-2.38418579e-07 ull=0
13:41:39.308  [fg-census] DLSSG.CameraPosY u=4294967295 i=-1 f=-1.37852 d=-1.37852454 ull=18446744073709551615
13:41:39.309  [fg-census] DLSSG.CameraPosZ u=4294967293 i=-3 f=-3.86705 d=-3.86705446 ull=18446744073709551613
13:41:39.309  [fg-census] DLSSG.CameraRightX u=0 i=0 f=-0.424273 d=-0.424273252 ull=0
13:41:39.309  [fg-census] DLSSG.CameraRightY u=0 i=0 f=-0.157999 d=-0.157998681 ull=0
13:41:39.309  [fg-census] DLSSG.CameraRightZ u=0 i=0 f=0.891644 d=0.891643763 ull=0
13:41:39.309  [fg-census] DLSSG.CameraUpX u=0 i=0 f=-7.45058e-09 d=-7.4505806e-09 ull=0
13:41:39.309  [fg-census] DLSSG.CameraUpY u=0 i=0 f=0.984661 d=0.984660506 ull=0
13:41:39.309  [fg-census] DLSSG.CameraUpZ u=0 i=0 f=0.174481 d=0.174481183 ull=0
13:41:39.309  [fg-census] DLSSG.CameraViewToClip ptr=000000269097D4A8 m=[0.7611 0 0 0 | 0 1.804 0 0 | 0 0 9.954e-06 -1 | 0 0 0.1 0]
13:41:39.309  [fg-census] DLSSG.ClipToCameraView ptr=000000269097D4E8 m=[1.314 -0 -0 0 | 0 -0.5543 -0 0 | 0 -0 -0 10 | 0 -0 -1 9.954e-05]
13:41:39.309  [fg-census] DLSSG.ClipToLensClip ptr=000000269097D528 m=[1 0 0 0 | 0 1 0 0 | 0 0 1 0 | 0 0 0 1]
13:41:39.309  [fg-census] DLSSG.ClipToPrevClip ptr=000000269097D568 m=[1 1.49e-08 4.547e-13 -2.98e-08 | 1.863e-09 1 0 1.863e-09 | 9.28e-08 -1.907e-06 1 0 | 2.978e-08 -4.121e-08 -9.095e-13 1]
13:41:39.309  [fg-census] DLSSG.CmdAlloc ptr=000000003E9C19D0
13:41:39.309  [fg-census] DLSSG.CmdQueue ptr=000000002E8D3CD0
13:41:39.309  [fg-census] DLSSG.ColorBuffersHDR u=0 i=0 f=0 d=0 ull=0
13:41:39.309  [fg-census] DLSSG.Depth ptr=000000269097D138
13:41:39.309  [fg-census] DLSSG.DepthInverted u=1 i=1 f=1 d=1 ull=1
13:41:39.309  [fg-census] DLSSG.DepthSubrectBaseX u=0 i=0 f=0 d=0 ull=0
13:41:39.310  [fg-census] DLSSG.DepthSubrectBaseY u=0 i=0 f=0 d=0 ull=0
13:41:39.310  [fg-census] DLSSG.DepthSubrectHeight u=2160 i=2160 f=2160 d=2160 ull=2160
13:41:39.310  [fg-census] DLSSG.DepthSubrectWidth u=5120 i=5120 f=5120 d=5120 ull=5120
13:41:39.310  [fg-census] DLSSG.Dynamic.ReflexDriven u=0 i=0 f=0 d=0 ull=0
13:41:39.310  [fg-census] DLSSG.DynamicMaxFrameCount u=5 i=5 f=5 d=5 ull=5
13:41:39.310  [fg-census] DLSSG.DynamicResolution u=0 i=0 f=0 d=0 ull=0
13:41:39.310  [fg-census] DLSSG.EnableInterp u=1 i=1 f=1 d=1 ull=1
13:41:39.310  [fg-census] DLSSG.EstimateVRAMCallback ptr=00007FF94BFD7A70
13:41:39.310  [fg-census] DLSSG.EvalFlags u=0 i=0 f=0 d=0 ull=0
13:41:39.310  [fg-census] DLSSG.FenceEvent ptr=0000000000000000
13:41:39.310  [fg-census] DLSSG.FlipMetering u=0 i=0 f=0 d=0 ull=0
13:41:39.310  [fg-census] DLSSG.HUDLess ptr=000000269097D2B8
13:41:39.310  [fg-census] DLSSG.HUDLessSubrectBaseX u=0 i=0 f=0 d=0 ull=0
13:41:39.310  [fg-census] DLSSG.HUDLessSubrectBaseY u=0 i=0 f=0 d=0 ull=0
13:41:39.310  [fg-census] DLSSG.HUDLessSubrectHeight u=2160 i=2160 f=2160 d=2160 ull=2160
13:41:39.310  [fg-census] DLSSG.HUDLessSubrectWidth u=5120 i=5120 f=5120 d=5120 ull=5120
13:41:39.310  [fg-census] DLSSG.Height u=2160 i=2160 f=2160 d=2160 ull=2160
13:41:39.310  [fg-census] DLSSG.InternalHeight u=0 i=0 f=0 d=0 ull=0
13:41:39.311  [fg-census] DLSSG.InternalWidth u=0 i=0 f=0 d=0 ull=0
13:41:39.311  [fg-census] DLSSG.IsRecording u=1 i=1 f=1 d=1 ull=1
13:41:39.311  [fg-census] DLSSG.JitterOffsetX u=0 i=0 f=-0.375 d=-0.375 ull=0
13:41:39.311  [fg-census] DLSSG.JitterOffsetY u=0 i=0 f=-0.0555556 d=-0.055555582 ull=0
13:41:39.311  [fg-census] DLSSG.MVecs ptr=000000269097D198
13:41:39.311  [fg-census] DLSSG.MVecsSubrectBaseX u=0 i=0 f=0 d=0 ull=0
13:41:39.311  [fg-census] DLSSG.MVecsSubrectBaseY u=0 i=0 f=0 d=0 ull=0
13:41:39.311  [fg-census] DLSSG.MVecsSubrectHeight u=2160 i=2160 f=2160 d=2160 ull=2160
13:41:39.311  [fg-census] DLSSG.MVecsSubrectWidth u=5120 i=5120 f=5120 d=5120 ull=5120
13:41:39.311  [fg-census] DLSSG.MenuDetectionEnabled u=0 i=0 f=0 d=0 ull=0
13:41:39.311  [fg-census] DLSSG.MinRelativeLinearDepthObjectSeparation u=40 i=40 f=40 d=40 ull=40
13:41:39.311  [fg-census] DLSSG.ModelVersion u=512 i=512 f=512 d=512 ull=512
13:41:39.311  [fg-census] DLSSG.MultiFrameCount u=5 i=5 f=5 d=5 ull=5
13:41:39.311  [fg-census] DLSSG.MultiFrameCountMax u=5 i=5 f=5 d=5 ull=5
13:41:39.311  [fg-census] DLSSG.MultiFrameIndex u=4 i=4 f=4 d=4 ull=4
13:41:39.311  [fg-census] DLSSG.MvecDilated u=0 i=0 f=0 d=0 ull=0
13:41:39.311  [fg-census] DLSSG.MvecInvalidValue u=0 i=-2147483648 f=3.40282e+38 d=3.40282347e+38 ull=9223372036854775808
13:41:39.311  [fg-census] DLSSG.MvecJittered u=0 i=0 f=0 d=0 ull=0
13:41:39.311  [fg-census] DLSSG.MvecScaleX u=5120 i=5120 f=5120 d=5120 ull=5120
13:41:39.312  [fg-census] DLSSG.MvecScaleY u=2160 i=2160 f=2160 d=2160 ull=2160
13:41:39.312  [fg-census] DLSSG.NoWarp ptr=0000000000000000
13:41:39.312  [fg-census] DLSSG.NoWarpSubrectBaseX u=0 i=0 f=0 d=0 ull=0
13:41:39.312  [fg-census] DLSSG.NoWarpSubrectBaseY u=0 i=0 f=0 d=0 ull=0
13:41:39.312  [fg-census] DLSSG.NoWarpSubrectHeight u=0 i=0 f=0 d=0 ull=0
13:41:39.312  [fg-census] DLSSG.NoWarpSubrectWidth u=0 i=0 f=0 d=0 ull=0
13:41:39.312  [fg-census] DLSSG.NotRenderingGameFrames u=0 i=0 f=0 d=0 ull=0
13:41:39.312  [fg-census] DLSSG.NvAppOvrAppliedVal.MultiFrameCount u=5 i=5 f=5 d=5 ull=5
13:41:39.312  [fg-census] DLSSG.NvAppOvrAppliedVal.StreamlineMode u=1 i=1 f=1 d=1 ull=1
13:41:39.312  [fg-census] DLSSG.OrthoProjection u=0 i=0 f=0 d=0 ull=0
13:41:39.312  [fg-census] DLSSG.OutputDisableInterpolation ptr=000000269097D438
13:41:39.312  [fg-census] DLSSG.OutputInterpolated ptr=0000002864926608
13:41:39.312  [fg-census] DLSSG.OutputReal ptr=0000000000000000
13:41:39.312  [fg-census] DLSSG.PrevClipToClip ptr=000000269097D5A8 m=[1 -1.49e-08 -4.547e-13 2.98e-08 | -1.863e-09 1 -8.47e-22 -1.863e-09 | -9.28e-08 1.907e-06 1 -6.319e-15 | -2.978e-08 4.121e-08 9.095e-13 1]
13:41:39.312  [fg-census] DLSSG.QueueSubmitCallback ptr=0000000000000000
13:41:39.312  [fg-census] DLSSG.QueueSubmitCallbackData ptr=0000000000000000
13:41:39.312  [fg-census] DLSSG.RefreshRate u=119 i=119 f=119.996 d=119.996002 ull=119
13:41:39.312  [fg-census] DLSSG.Reset u=1 i=1 f=1 d=1 ull=1
13:41:39.312  [fg-census] DLSSG.StreamlineMode u=1 i=1 f=1 d=1 ull=1
13:41:39.312  [fg-census] DLSSG.StreamlineVersionTag ptr=00007FFA3DC5CB50
13:41:39.312  [fg-census] DLSSG.SyncFlushCallback ptr=0000000000000000
13:41:39.312  [fg-census] DLSSG.SyncFlushCallbackData ptr=0000000000000000
13:41:39.312  [fg-census] DLSSG.SyncSignalCallback ptr=0000000000000000
13:41:39.313  [fg-census] DLSSG.SyncSignalCallbackData ptr=0000000000000000
13:41:39.313  [fg-census] DLSSG.SyncSignalOnlyCallback ptr=0000000000000000
13:41:39.313  [fg-census] DLSSG.SyncSignalOnlyCallbackData ptr=0000000000000000
13:41:39.313  [fg-census] DLSSG.SyncWaitCallback ptr=0000000000000000
13:41:39.313  [fg-census] DLSSG.SyncWaitCallbackData ptr=0000000000000000
13:41:39.313  [fg-census] DLSSG.SyncWaitOnlyCallback ptr=0000000000000000
13:41:39.313  [fg-census] DLSSG.SyncWaitOnlyCallbackData ptr=0000000000000000
13:41:39.313  [fg-census] DLSSG.TargetFrameRate u=119 i=119 f=119.996 d=119.996002 ull=119
13:41:39.313  [fg-census] DLSSG.UI ptr=0000000000000000
13:41:39.313  [fg-census] DLSSG.UIAlpha ptr=0000000000000000
13:41:39.314  [fg-census] DLSSG.UIAlphaSubrectBaseX u=0 i=0 f=0 d=0 ull=0
13:41:39.314  [fg-census] DLSSG.UIAlphaSubrectBaseY u=0 i=0 f=0 d=0 ull=0
13:41:39.314  [fg-census] DLSSG.UIAlphaSubrectHeight u=0 i=0 f=0 d=0 ull=0
13:41:39.314  [fg-census] DLSSG.UIAlphaSubrectWidth u=0 i=0 f=0 d=0 ull=0
13:41:39.314  [fg-census] DLSSG.UISubrectBaseX u=0 i=0 f=0 d=0 ull=0
13:41:39.314  [fg-census] DLSSG.UISubrectBaseY u=0 i=0 f=0 d=0 ull=0
13:41:39.314  [fg-census] DLSSG.UISubrectHeight u=0 i=0 f=0 d=0 ull=0
13:41:39.314  [fg-census] DLSSG.UISubrectWidth u=0 i=0 f=0 d=0 ull=0
13:41:39.314  [fg-census] DLSSG.UserInterfaceRecompositionEnabled u=0 i=0 f=0 d=0 ull=0
13:41:39.314  [fg-census] DLSSG.VSyncDriverRequested u=1 i=1 f=1 d=1 ull=1
13:41:39.314  [fg-census] DLSSG.VSyncOn u=0 i=0 f=0 d=0 ull=0
13:41:39.314  [fg-census] DLSSG.VSyncSupported u=0 i=0 f=0 d=0 ull=0
13:41:39.314  [fg-census] DLSSG.VkOFAModeRequest u=1 i=1 f=1 d=1 ull=1
13:41:39.314  [fg-census] DLSSG.Width u=5120 i=5120 f=5120 d=5120 ull=5120
13:41:39.314  [fg-census] DLSSG.run_lowres_mvec_pass u=1 i=1 f=1 d=1 ull=1
13:41:39.314  [fg-census] pass 3 ends.
13:41:39.315  [fg-relay] open. Copy completion is signalled to the private queue on the GPU (exported timeline semaphore); the park release is set on the GPU (imported D3D12 fence). Pipeline=2 Import=1.
13:41:39.315  [fg-relay] command pool for queue 000000002E8D3CD0: family=2.
13:41:39.316  [fg-relay] armed by evaluate: hud=4328c0d0 back=4045c6d0 depth=4339f6d0 mv=4339f0d0 5120x2160 copy=1 nr=1 import=1 slot=1 arm=1 gpu-wait-nr=0 pending=0.
13:41:39.316  [fg-relay] evaluate: slot=1 nr=1 import=1 stage=3.
13:41:39.537  [fg-relay] frame=1 slot=1 nr=1 ok=1 wrote=1 nr_entries=0 import=1 armed=1 skipped=0 busy=0 mismatch=0 conflicts=0.
13:41:39.539  [fg-relay] armed by evaluate: hud=4328c0d0 back=4045ccd0 depth=4339f6d0 mv=4339f0d0 5120x2160 copy=2 nr=2 import=1 slot=2 arm=2 gpu-wait-nr=1 pending=0.
13:41:39.539  [fg-relay] evaluate: slot=2 nr=2 import=1 stage=3.
13:41:39.637  [fg-relay] frame=2 slot=2 nr=2 ok=1 wrote=1 nr_entries=1 import=1 armed=2 skipped=0 busy=0 mismatch=0 conflicts=0.
13:41:39.644  NGX layer 4 retirement finalized.
13:41:41.265  [fg-relay] armed by evaluate: hud=4328c0d0 back=404572d0 depth=4339f6d0 mv=4339f0d0 5120x2160 copy=3 nr=3 import=1 slot=3 arm=3 gpu-wait-nr=2 pending=0.
13:41:41.265  [fg-relay] evaluate: slot=3 nr=3 import=1 stage=3.
13:41:41.277  [fg-relay] frame=3 slot=3 nr=3 ok=1 wrote=1 nr_entries=2 import=1 armed=3 skipped=0 busy=0 mismatch=0 conflicts=0.
13:41:51.750  [fg-relay] rate/15.0s p2 import_opt=1: presents=16.5/s present-gate[point=16.5 ready=0.0 fallback=0.0 inactive=0.0]/s noinfo=0.0/s stale=0.0/s unlearned=0.0/s attempts=15.1/s armed=15.1/s skipped=0.0/s busy=0.0/s arm-reject[state=0.0 request=0.0 refused=0.0 stopping=0.0 res=0.0 size=0.0]/s pool[cap=0.0 family=0.0 create=0.0 alloc=0.0]/s copy-drop[fence=0.0 reset=0.0 begin=0.0 end=0.0 submit=0.0]/s cf[seq=0.0/s idle=0.0/s nrfence=0.0/s] slotbusy=0.0/s copyfence-busy=0.0/s nr-gpuwait=13.6/s flips=0.0/s
13:41:51.750  [fg-relay] rate2: fginput eval=75.7/s index!=1=60.5/s eval-gate[off=0.0 fallback=0.0 notready=0.1 noinput=0.0 noqueue=0.0]/s relay eval=15.1/s consume=0.0/s inplace=15.1/s(ok 15.1/s) unarmed=0.0/s mismatch=0.0/s relbusy=0.0/s relok=15.1/s relfail=0.0/s release-stage[queue=0.0 pool=0.0 fence=0.0 reset=0.0 begin=0.0 end=0.0 submit=0.0]/s watchdog=0.0/s | worker plays=15.1/s ok=15.1/s fail=0.0/s nr_absent=0.1/s copyfail=0.0/s
13:41:51.750  [fg-relay] rate3: arm->arm avg=55.17ms max=1726.25ms n=225 | arm->work avg=0.01ms max=0.08ms | arm->eval avg=0.00ms max=0.00ms | copywait avg=0.006ms max=0.013ms | copy-land<= avg=55.38ms max=1725.50ms | work avg=5.89ms max=221.72ms | totals armed=226 unarmed=0 skipped=0 busy=0 mismatch=0 copies_failed=0 writes=226 conflicts=0
13:41:51.750  [fg-relay] rate4: throttle depth=1 off=0 | sleep calls=16.5/s waits=14.2/s clear=0.8/s timeouts=0.0/s avg=32.39ms | present calls=16.5/s waits=0.0/s clear=0.0/s timeouts=0.0/s avg=0.00ms | max=38.58ms (process)
13:42:06.765  [fg-relay] rate/15.0s p2 import_opt=1: presents=22.8/s present-gate[point=22.8 ready=0.0 fallback=0.0 inactive=0.0]/s noinfo=0.0/s stale=0.0/s unlearned=0.0/s attempts=22.8/s armed=22.8/s skipped=0.0/s busy=0.0/s arm-reject[state=0.0 request=0.0 refused=0.0 stopping=0.0 res=0.0 size=0.0]/s pool[cap=0.0 family=0.0 create=0.0 alloc=0.0]/s copy-drop[fence=0.0 reset=0.0 begin=0.0 end=0.0 submit=0.0]/s cf[seq=0.0/s idle=0.0/s nrfence=0.0/s] slotbusy=0.0/s copyfence-busy=0.0/s nr-gpuwait=22.7/s flips=0.0/s
13:42:06.765  [fg-relay] rate2: fginput eval=114.2/s index!=1=91.4/s eval-gate[off=0.0 fallback=0.0 notready=0.0 noinput=0.0 noqueue=0.0]/s relay eval=22.8/s consume=0.0/s inplace=22.8/s(ok 22.8/s) unarmed=0.0/s mismatch=0.0/s relbusy=0.0/s relok=22.8/s relfail=0.0/s release-stage[queue=0.0 pool=0.0 fence=0.0 reset=0.0 begin=0.0 end=0.0 submit=0.0]/s watchdog=0.0/s | worker plays=22.8/s ok=22.8/s fail=0.0/s nr_absent=0.0/s copyfail=0.0/s
13:42:06.765  [fg-relay] rate3: arm->arm avg=48.30ms max=1726.25ms n=568 | arm->work avg=0.01ms max=0.08ms | arm->eval avg=0.00ms max=0.00ms | copywait avg=0.006ms max=0.015ms | copy-land<= avg=48.35ms max=1725.50ms | work avg=4.86ms max=221.72ms | totals armed=569 unarmed=0 skipped=0 busy=0 mismatch=0 copies_failed=0 writes=569 conflicts=0
13:42:06.765  [fg-relay] rate4: throttle depth=1 off=0 | sleep calls=22.8/s waits=22.8/s clear=0.0/s timeouts=0.0/s avg=33.90ms | present calls=22.8/s waits=0.0/s clear=0.0/s timeouts=0.0/s avg=0.00ms | max=38.58ms (process)
13:42:08.066  [bridge] 600 frames delivered so far.
13:42:10.090  [fg-input] released the private session; the native mirror may take it.
13:42:10.090    (entry point: NVSDK_NGX_VULKAN_EvaluateFeature)
13:42:10.090  --- Vulkan EvaluateFeature #1 returned 1 ---
13:42:10.090  === Vulkan evaluate #1 ===
13:42:10.090    contract: 5120x2160 -> 5120x2160  quality=5  jitter -0.2500,0.3889  MV.Scale 5120.0,2160.0
13:42:10.090  [bridge] the game's own create flags 11: IsHDR MVLowRes DepthInverted
13:42:10.090  [bridge] sent to D3D12, copied from the game flags 11: IsHDR MVLowRes DepthInverted
13:42:10.090    Color         VkImage=00000000404818D0 view=000000003EA45F50 VkFormat=122 5120x2160 aspect=0x1 mip=0 layer=0
13:42:10.090    Output        VkImage=000000004339D2D0 view=0000000043485050 VkFormat=97 5120x2160 aspect=0x1 mip=0 layer=0
13:42:10.090    Depth         VkImage=000000004048CCD0 view=000000003EA421D0 VkFormat=130 5120x2160 aspect=0x1 mip=0 layer=0
13:42:10.091    MV            VkImage=00000000404812D0 view=000000003EA406D0 VkFormat=83 5120x2160 aspect=0x1 mip=0 layer=0
13:42:10.091  [vkmirror] the game supplies an exposure texture (VkFormat 76 1x1 aspect=0x1); it is mirrored to D3D12 so both sides run the same contract.
13:42:10.091  [vkmirror] building the D3D12 feature and its Vulkan import for 5120x2160 -> 5120x2160 R11G11B10_FLOAT (no feature yet)
13:42:10.094  [synth] colour in R11G11B10_FLOAT, output R16G16B16A16_FLOAT -- the frame is copied into the first and the result is copied back out of the second, because NGX reads one as a shader resource and writes the other through a UAV in the same call.
13:42:10.094  [synth]   Color  fmt 26 5120x2160 flags=0x20: sample yes, typed UAV yes, UAV load yes, UAV store yes
13:42:10.094  [synth]   Output fmt 10 5120x2160 flags=0x24: sample yes, typed UAV yes, UAV load yes, UAV store yes
13:42:10.095  [synth]   Depth  fmt 41 5120x2160 flags=0x20: sample yes, typed UAV yes, UAV load yes, UAV store yes
13:42:10.095  [synth]   MV     fmt 34 5120x2160 flags=0x20: sample yes, typed UAV yes, UAV load yes, UAV store yes
13:42:10.095  [bridge] the mirrored contract's create flags 11: IsHDR MVLowRes DepthInverted
13:42:10.108  [synth] feature ready on this add-on's own D3D12 device: 5120x2160 -> 5120x2160 handle=0000002928AB25B0
13:42:10.108  [synth] imported memory: the image allows types 0x00000003, the imported handle allows 0x00000002 (query returned 0), and the lowest of the two together is taken, index 1. UNVERIFIED on AMD and on Intel -- if the import fails or the picture is wrong on one of those, this line is the first thing to compare.
13:42:10.108  [synth] 5 D3D12 textures imported into the game's VkDevice -- the four slots, the game's exposure texture -- and a 44236800-byte buffer made for the depth aspect to travel through.
13:42:10.108  [vkmirror] frame 1 recorded (5120x2160 -> 5120x2160), stage=3
13:42:10.146    (entry point: NVSDK_NGX_VULKAN_EvaluateFeature)
13:42:10.978  --- Vulkan EvaluateFeature #2 returned 1 ---
13:42:10.979  === Vulkan evaluate #2 ===
13:42:10.979    contract: 5120x2160 -> 5120x2160  quality=5  jitter 0.3750,0.0556  MV.Scale 5120.0,2160.0
13:42:10.979  [bridge] the game's own create flags 11: IsHDR MVLowRes DepthInverted
13:42:10.979  [bridge] sent to D3D12, copied from the game flags 11: IsHDR MVLowRes DepthInverted
13:42:10.979    Color         VkImage=000000004048AED0 view=000000003EA40B50 VkFormat=122 5120x2160 aspect=0x1 mip=0 layer=0
13:42:10.979    Output        VkImage=000000004339D2D0 view=0000000043485050 VkFormat=97 5120x2160 aspect=0x1 mip=0 layer=0
13:42:10.979    Depth         VkImage=000000004048CCD0 view=000000003EA421D0 VkFormat=130 5120x2160 aspect=0x1 mip=0 layer=0
13:42:10.979    MV            VkImage=00000000404812D0 view=000000003EA406D0 VkFormat=83 5120x2160 aspect=0x1 mip=0 layer=0
13:42:10.985    (entry point: NVSDK_NGX_VULKAN_EvaluateFeature)
13:42:10.986  --- Vulkan EvaluateFeature #3 returned 1 ---
13:42:11.112  === Vulkan evaluate #3 ===
13:42:11.112    contract: 5120x2160 -> 5120x2160  quality=5  jitter -0.1250,-0.2778  MV.Scale 5120.0,2160.0
13:42:11.113  [bridge] the game's own create flags 11: IsHDR MVLowRes DepthInverted
13:42:11.113  [bridge] sent to D3D12, copied from the game flags 11: IsHDR MVLowRes DepthInverted
13:42:11.113    Color         VkImage=00000000404818D0 view=000000003EA45F50 VkFormat=122 5120x2160 aspect=0x1 mip=0 layer=0
13:42:11.113    Output        VkImage=000000004339D2D0 view=0000000043485050 VkFormat=97 5120x2160 aspect=0x1 mip=0 layer=0
13:42:11.113    Depth         VkImage=000000004048CCD0 view=000000003EA421D0 VkFormat=130 5120x2160 aspect=0x1 mip=0 layer=0
13:42:11.113    MV            VkImage=00000000404812D0 view=000000003EA406D0 VkFormat=83 5120x2160 aspect=0x1 mip=0 layer=0
13:42:11.118    (entry point: NVSDK_NGX_VULKAN_EvaluateFeature)
13:42:11.119  --- Vulkan EvaluateFeature #4 returned 1 ---
13:42:11.174    (entry point: NVSDK_NGX_VULKAN_EvaluateFeature)
13:42:11.175  --- Vulkan EvaluateFeature #5 returned 1 ---
13:42:21.794  [fg-relay] rate/15.0s p2 import_opt=1: presents=19.0/s present-gate[point=19.0 ready=0.0 fallback=0.0 inactive=0.0]/s noinfo=0.0/s stale=0.0/s unlearned=0.0/s attempts=4.8/s armed=4.8/s skipped=0.0/s busy=0.0/s arm-reject[state=0.0 request=0.0 refused=0.0 stopping=0.0 res=0.0 size=0.0]/s pool[cap=0.0 family=0.0 create=0.0 alloc=0.0]/s copy-drop[fence=0.0 reset=0.0 begin=0.0 end=0.0 submit=0.0]/s cf[seq=0.0/s idle=0.0/s nrfence=0.0/s] slotbusy=0.0/s copyfence-busy=0.0/s nr-gpuwait=4.7/s flips=0.0/s
13:42:21.794  [fg-relay] rate2: fginput eval=91.5/s index!=1=19.2/s eval-gate[off=0.0 fallback=0.0 notready=0.0 noinput=0.0 noqueue=0.0]/s relay eval=4.8/s consume=0.0/s inplace=4.8/s(ok 4.8/s) unarmed=0.0/s mismatch=0.0/s relbusy=0.0/s relok=4.8/s relfail=0.0/s release-stage[queue=0.0 pool=0.0 fence=0.0 reset=0.0 begin=0.0 end=0.0 submit=0.0]/s watchdog=0.0/s | worker plays=4.8/s ok=4.8/s fail=0.0/s nr_absent=0.1/s copyfail=0.0/s
13:42:21.794  [fg-relay] rate3: arm->arm avg=47.96ms max=1726.25ms n=640 | arm->work avg=0.01ms max=0.08ms | arm->eval avg=0.00ms max=0.00ms | copywait avg=0.006ms max=0.015ms | copy-land<= avg=48.00ms max=1725.50ms | work avg=5.06ms max=221.72ms | totals armed=641 unarmed=0 skipped=0 busy=0 mismatch=0 copies_failed=0 writes=641 conflicts=0
13:42:21.794  [fg-relay] rate4: throttle depth=1 off=0 | sleep calls=19.0/s waits=4.9/s clear=0.1/s timeouts=0.0/s avg=36.64ms | present calls=19.0/s waits=0.0/s clear=0.0/s timeouts=0.0/s avg=0.00ms | max=94.58ms (process)
13:42:36.793  [fg-relay] rate/15.0s p2 import_opt=1: presents=20.0/s present-gate[point=20.0 ready=0.0 fallback=0.0 inactive=0.0]/s noinfo=0.0/s stale=0.0/s unlearned=0.0/s attempts=0.0/s armed=0.0/s skipped=0.0/s busy=0.0/s arm-reject[state=0.0 request=0.0 refused=0.0 stopping=0.0 res=0.0 size=0.0]/s pool[cap=0.0 family=0.0 create=0.0 alloc=0.0]/s copy-drop[fence=0.0 reset=0.0 begin=0.0 end=0.0 submit=0.0]/s cf[seq=0.0/s idle=0.0/s nrfence=0.0/s] slotbusy=0.0/s copyfence-busy=0.0/s nr-gpuwait=0.0/s flips=0.0/s
13:42:36.793  [fg-relay] rate2: fginput eval=93.2/s index!=1=0.0/s eval-gate[off=0.0 fallback=0.0 notready=0.0 noinput=0.0 noqueue=0.0]/s relay eval=0.0/s consume=0.0/s inplace=0.0/s(ok 0.0/s) unarmed=0.0/s mismatch=0.0/s relbusy=0.0/s relok=0.0/s relfail=0.0/s release-stage[queue=0.0 pool=0.0 fence=0.0 reset=0.0 begin=0.0 end=0.0 submit=0.0]/s watchdog=0.0/s | worker plays=0.0/s ok=0.0/s fail=0.0/s nr_absent=0.0/s copyfail=0.0/s
13:42:36.793  [fg-relay] rate3: arm->arm avg=47.96ms max=1726.25ms n=640 | arm->work avg=0.01ms max=0.08ms | arm->eval avg=0.00ms max=0.00ms | copywait avg=0.006ms max=0.015ms | copy-land<= avg=48.00ms max=1725.50ms | work avg=5.06ms max=221.72ms | totals armed=641 unarmed=0 skipped=0 busy=0 mismatch=0 copies_failed=0 writes=641 conflicts=0
13:42:36.793  [fg-relay] rate4: throttle depth=1 off=0 | sleep calls=20.0/s waits=0.0/s clear=0.0/s timeouts=0.0/s avg=0.00ms | present calls=20.0/s waits=0.0/s clear=0.0/s timeouts=0.0/s avg=0.00ms | max=94.58ms (process)
13:42:39.113  [bridge] 1200 frames delivered so far.
13:42:51.784  [fg-relay] rate/15.0s p2 import_opt=1: presents=19.9/s present-gate[point=19.9 ready=0.0 fallback=0.0 inactive=0.0]/s noinfo=0.0/s stale=0.0/s unlearned=0.0/s attempts=0.0/s armed=0.0/s skipped=0.0/s busy=0.0/s arm-reject[state=0.0 request=0.0 refused=0.0 stopping=0.0 res=0.0 size=0.0]/s pool[cap=0.0 family=0.0 create=0.0 alloc=0.0]/s copy-drop[fence=0.0 reset=0.0 begin=0.0 end=0.0 submit=0.0]/s cf[seq=0.0/s idle=0.0/s nrfence=0.0/s] slotbusy=0.0/s copyfence-busy=0.0/s nr-gpuwait=0.0/s flips=0.0/s
13:42:51.784  [fg-relay] rate2: fginput eval=98.1/s index!=1=0.0/s eval-gate[off=0.0 fallback=0.0 notready=0.0 noinput=0.0 noqueue=0.0]/s relay eval=0.0/s consume=0.0/s inplace=0.0/s(ok 0.0/s) unarmed=0.0/s mismatch=0.0/s relbusy=0.0/s relok=0.0/s relfail=0.0/s release-stage[queue=0.0 pool=0.0 fence=0.0 reset=0.0 begin=0.0 end=0.0 submit=0.0]/s watchdog=0.0/s | worker plays=0.0/s ok=0.0/s fail=0.0/s nr_absent=0.0/s copyfail=0.0/s
13:42:51.784  [fg-relay] rate3: arm->arm avg=47.96ms max=1726.25ms n=640 | arm->work avg=0.01ms max=0.08ms | arm->eval avg=0.00ms max=0.00ms | copywait avg=0.006ms max=0.015ms | copy-land<= avg=48.00ms max=1725.50ms | work avg=5.06ms max=221.72ms | totals armed=641 unarmed=0 skipped=0 busy=0 mismatch=0 copies_failed=0 writes=641 conflicts=0
13:42:51.784  [fg-relay] rate4: throttle depth=1 off=0 | sleep calls=19.9/s waits=0.0/s clear=0.0/s timeouts=0.0/s avg=0.00ms | present calls=19.9/s waits=0.0/s clear=0.0/s timeouts=0.0/s avg=0.00ms | max=94.58ms (process)
13:43:06.815  [fg-relay] rate/15.0s p2 import_opt=1: presents=20.1/s present-gate[point=20.1 ready=0.0 fallback=0.0 inactive=0.0]/s noinfo=0.0/s stale=0.0/s unlearned=0.0/s attempts=0.0/s armed=0.0/s skipped=0.0/s busy=0.0/s arm-reject[state=0.0 request=0.0 refused=0.0 stopping=0.0 res=0.0 size=0.0]/s pool[cap=0.0 family=0.0 create=0.0 alloc=0.0]/s copy-drop[fence=0.0 reset=0.0 begin=0.0 end=0.0 submit=0.0]/s cf[seq=0.0/s idle=0.0/s nrfence=0.0/s] slotbusy=0.0/s copyfence-busy=0.0/s nr-gpuwait=0.0/s flips=0.0/s
13:43:06.815  [fg-relay] rate2: fginput eval=99.8/s index!=1=0.0/s eval-gate[off=0.0 fallback=0.0 notready=0.0 noinput=0.0 noqueue=0.0]/s relay eval=0.0/s consume=0.0/s inplace=0.0/s(ok 0.0/s) unarmed=0.0/s mismatch=0.0/s relbusy=0.0/s relok=0.0/s relfail=0.0/s release-stage[queue=0.0 pool=0.0 fence=0.0 reset=0.0 begin=0.0 end=0.0 submit=0.0]/s watchdog=0.0/s | worker plays=0.0/s ok=0.0/s fail=0.0/s nr_absent=0.0/s copyfail=0.0/s
13:43:06.816  [fg-relay] rate3: arm->arm avg=47.96ms max=1726.25ms n=640 | arm->work avg=0.01ms max=0.08ms | arm->eval avg=0.00ms max=0.00ms | copywait avg=0.006ms max=0.015ms | copy-land<= avg=48.00ms max=1725.50ms | work avg=5.06ms max=221.72ms | totals armed=641 unarmed=0 skipped=0 busy=0 mismatch=0 copies_failed=0 writes=641 conflicts=0
13:43:06.816  [fg-relay] rate4: throttle depth=1 off=0 | sleep calls=20.1/s waits=0.0/s clear=0.0/s timeouts=0.0/s avg=0.00ms | present calls=20.1/s waits=0.0/s clear=0.0/s timeouts=0.0/s avg=0.00ms | max=94.58ms (process)
13:43:09.045  [bridge] 1800 frames delivered so far.
13:43:11.035  [fg-input] the native mirror released the private session; Present is served at the frame-generation input.
13:43:11.036  [fg-input] building the private feature and its Vulkan import for 5120x2160 R8G8B8A8_UNORM
13:43:11.042  [bridge] sRGB conversion ready: R8G8B8A8_UNORM -> linear BT.709 (normalized SDR) -> original encoding.
13:43:11.043  [synth] colour in R8G8B8A8_UNORM, output R8G8B8A8_UNORM -- the frame is copied into the first and the result is copied back out of the second, because NGX reads one as a shader resource and writes the other through a UAV in the same call.
13:43:11.043  [synth]   Color  fmt 28 5120x2160 flags=0x20: sample yes, typed UAV yes, UAV load yes, UAV store yes
13:43:11.043  [synth]   Output fmt 28 5120x2160 flags=0x24: sample yes, typed UAV yes, UAV load yes, UAV store yes
13:43:11.043  [synth]   Depth  fmt 41 5120x2160 flags=0x20: sample yes, typed UAV yes, UAV load yes, UAV store yes
13:43:11.043  [synth]   MV     fmt 34 5120x2160 flags=0x20: sample yes, typed UAV yes, UAV load yes, UAV store yes
13:43:11.043  [bridge] the synthetic contract's create flags 8: DepthInverted
13:43:11.065  [synth] feature ready on this add-on's own D3D12 device: 5120x2160 -> 5120x2160 handle=00000029CF87D7D0
13:43:11.066  [synth] imported memory: the image allows types 0x00000003, the imported handle allows 0x00000002 (query returned 0), and the lowest of the two together is taken, index 1. UNVERIFIED on AMD and on Intel -- if the import fails or the picture is wrong on one of those, this line is the first thing to compare.
13:43:11.066  [synth] 5 D3D12 textures imported into the game's VkDevice -- the four slots, and the pipeline's second Output -- and a 44236800-byte buffer made for the depth aspect to travel through.
13:43:11.066  [fg-input] ready: HUD-less -> linear sRGB carrier -> Generic NR -> UI-preserving composite; FG interpolates processed frames. guides: mv=game (scale 5120.000,2160.000) depth=game inverted=1
13:43:11.179  [fg-relay] open. Copy completion is signalled to the private queue on the GPU (exported timeline semaphore); the park release is set on the GPU (imported D3D12 fence). Pipeline=2 Import=1.
13:43:11.179  [fg-relay] frame not armed (unarmed=1 skipped=1 busy=0): FG runs on the game's own image this group.
13:43:11.284  [fg-input] frame=2 5120x2160 vkfmt=37 mode=NR pipeline=serial nr_entries=0 sr_entries=1 sr_copies=1 ok=1 busy_skips=0 token=1.
13:43:11.304  [fg-relay] command pool for queue 000000002E8D3CD0: family=2.
13:43:21.831  [fg-relay] rate/15.0s p2 import_opt=1: presents=21.5/s present-gate[point=21.5 ready=0.0 fallback=0.0 inactive=0.0]/s noinfo=0.0/s stale=0.0/s unlearned=0.0/s attempts=16.0/s armed=16.0/s skipped=0.1/s busy=0.0/s arm-reject[state=0.0 request=0.0 refused=0.0 stopping=0.0 res=0.0 size=0.0]/s pool[cap=0.0 family=0.0 create=0.0 alloc=0.0]/s copy-drop[fence=0.0 reset=0.0 begin=0.0 end=0.0 submit=0.0]/s cf[seq=0.0/s idle=0.1/s nrfence=0.0/s] slotbusy=0.0/s copyfence-busy=0.0/s nr-gpuwait=15.6/s flips=0.1/s
13:43:21.831  [fg-relay] rate2: fginput eval=106.8/s index!=1=64.2/s eval-gate[off=0.0 fallback=0.0 notready=0.1 noinput=0.0 noqueue=0.0]/s relay eval=16.0/s consume=0.0/s inplace=16.0/s(ok 16.0/s) unarmed=0.1/s mismatch=0.0/s relbusy=0.0/s relok=16.0/s relfail=0.0/s release-stage[queue=0.0 pool=0.0 fence=0.0 reset=0.0 begin=0.0 end=0.0 submit=0.0]/s watchdog=0.0/s | worker plays=16.0/s ok=16.0/s fail=0.0/s nr_absent=0.0/s copyfail=0.0/s
13:43:21.831  [fg-relay] rate3: arm->arm avg=116.47ms max=61292.43ms n=880 | arm->work avg=0.01ms max=0.10ms | arm->eval avg=0.00ms max=0.00ms | copywait avg=0.006ms max=0.015ms | copy-land<= avg=46.89ms max=1725.50ms | work avg=4.93ms max=221.72ms | totals armed=881 unarmed=1 skipped=1 busy=0 mismatch=0 copies_failed=0 writes=881 conflicts=0
13:43:21.831  [fg-relay] rate4: throttle depth=1 off=0 | sleep calls=21.6/s waits=15.8/s clear=0.1/s timeouts=0.0/s avg=34.27ms | present calls=21.5/s waits=0.0/s clear=0.0/s timeouts=0.0/s avg=0.00ms | max=94.58ms (process)
13:43:32.554  [fg-relay] command pool for queue 000000002E8D28D0: family=0.
13:43:36.843  [fg-relay] rate/15.0s p2 import_opt=1: presents=36.6/s present-gate[point=36.6 ready=0.0 fallback=0.0 inactive=0.0]/s noinfo=0.0/s stale=0.0/s unlearned=0.0/s attempts=17.8/s armed=17.8/s skipped=0.0/s busy=0.0/s arm-reject[state=0.0 request=0.0 refused=0.0 stopping=0.0 res=0.0 size=0.0]/s pool[cap=0.0 family=0.0 create=0.0 alloc=0.0]/s copy-drop[fence=0.0 reset=0.0 begin=0.0 end=0.0 submit=0.0]/s cf[seq=0.0/s idle=0.0/s nrfence=0.0/s] slotbusy=0.0/s copyfence-busy=0.0/s nr-gpuwait=17.4/s flips=0.0/s
13:43:36.843  [fg-relay] rate2: fginput eval=89.2/s index!=1=71.4/s eval-gate[off=0.0 fallback=0.0 notready=0.0 noinput=0.0 noqueue=0.0]/s relay eval=17.8/s consume=0.0/s inplace=17.8/s(ok 17.8/s) unarmed=0.0/s mismatch=0.0/s relbusy=0.0/s relok=17.8/s relfail=0.0/s release-stage[queue=0.0 pool=0.0 fence=0.0 reset=0.0 begin=0.0 end=0.0 submit=0.0]/s watchdog=0.0/s | worker plays=17.8/s ok=17.8/s fail=0.0/s nr_absent=0.0/s copyfail=0.0/s
13:43:36.843  [fg-relay] rate3: arm->arm avg=102.36ms max=61292.43ms n=1148 | arm->work avg=0.01ms max=0.10ms | arm->eval avg=0.00ms max=0.00ms | copywait avg=0.006ms max=0.017ms | copy-land<= avg=49.13ms max=3105.35ms | work avg=4.93ms max=221.72ms | totals armed=1149 unarmed=1 skipped=1 busy=0 mismatch=0 copies_failed=0 writes=1149 conflicts=0
13:43:36.844  [fg-relay] rate4: throttle depth=1 off=0 | sleep calls=36.6/s waits=17.8/s clear=18.8/s timeouts=0.0/s avg=33.40ms | present calls=36.6/s waits=0.0/s clear=0.0/s timeouts=0.0/s avg=0.00ms | max=94.58ms (process)
13:43:39.244  [bridge] 2400 frames delivered so far.
13:43:51.851  [fg-relay] rate/15.0s p2 import_opt=1: presents=22.8/s present-gate[point=22.8 ready=0.0 fallback=0.0 inactive=0.0]/s noinfo=0.0/s stale=0.0/s unlearned=0.0/s attempts=22.8/s armed=22.8/s skipped=0.0/s busy=0.0/s arm-reject[state=0.0 request=0.0 refused=0.0 stopping=0.0 res=0.0 size=0.0]/s pool[cap=0.0 family=0.0 create=0.0 alloc=0.0]/s copy-drop[fence=0.0 reset=0.0 begin=0.0 end=0.0 submit=0.0]/s cf[seq=0.0/s idle=0.0/s nrfence=0.0/s] slotbusy=0.0/s copyfence-busy=0.0/s nr-gpuwait=22.8/s flips=0.0/s
13:43:51.851  [fg-relay] rate2: fginput eval=114.0/s index!=1=91.2/s eval-gate[off=0.0 fallback=0.0 notready=0.0 noinput=0.0 noqueue=0.0]/s relay eval=22.8/s consume=0.0/s inplace=22.8/s(ok 22.8/s) unarmed=0.0/s mismatch=0.0/s relbusy=0.0/s relok=22.8/s relfail=0.0/s release-stage[queue=0.0 pool=0.0 fence=0.0 reset=0.0 begin=0.0 end=0.0 submit=0.0]/s watchdog=0.0/s | worker plays=22.8/s ok=22.8/s fail=0.0/s nr_absent=0.0/s copyfail=0.0/s
13:43:51.852  [fg-relay] rate3: arm->arm avg=88.94ms max=61292.43ms n=1490 | arm->work avg=0.01ms max=0.10ms | arm->eval avg=0.00ms max=0.00ms | copywait avg=0.006ms max=0.017ms | copy-land<= avg=47.91ms max=3105.35ms | work avg=4.77ms max=221.72ms | totals armed=1491 unarmed=1 skipped=1 busy=0 mismatch=0 copies_failed=0 writes=1491 conflicts=0
13:43:51.852  [fg-relay] rate4: throttle depth=1 off=0 | sleep calls=22.8/s waits=22.8/s clear=0.0/s timeouts=0.0/s avg=33.95ms | present calls=22.8/s waits=0.0/s clear=0.0/s timeouts=0.0/s avg=0.00ms | max=94.58ms (process)
13:44:05.278  [fg-relay] armed by evaluate: hud=4328c0d0 back=4045c6d0 depth=4339f6d0 mv=4339f0d0 5120x2160 copy=1159 nr=1159 import=1 slot=0 arm=1159 gpu-wait-nr=1158 pending=1.
13:44:05.278  [fg-relay] evaluate: slot=0 nr=1159 import=1 stage=3.
13:44:05.284  [fg-relay] frame=1800 slot=0 nr=1159 ok=1 wrote=1 nr_entries=2 import=1 armed=1800 skipped=1 busy=0 mismatch=0 conflicts=0.
13:44:05.457  [bridge] 3000 frames delivered so far.
13:44:06.868  [fg-relay] rate/15.0s p2 import_opt=1: presents=23.0/s present-gate[point=23.0 ready=0.0 fallback=0.0 inactive=0.0]/s noinfo=0.0/s stale=0.0/s unlearned=0.0/s attempts=23.0/s armed=23.0/s skipped=0.0/s busy=0.0/s arm-reject[state=0.0 request=0.0 refused=0.0 stopping=0.0 res=0.0 size=0.0]/s pool[cap=0.0 family=0.0 create=0.0 alloc=0.0]/s copy-drop[fence=0.0 reset=0.0 begin=0.0 end=0.0 submit=0.0]/s cf[seq=0.0/s idle=0.0/s nrfence=0.0/s] slotbusy=0.0/s copyfence-busy=0.0/s nr-gpuwait=23.0/s flips=0.0/s
13:44:06.869  [fg-relay] rate2: fginput eval=114.9/s index!=1=91.9/s eval-gate[off=0.0 fallback=0.0 notready=0.0 noinput=0.0 noqueue=0.0]/s relay eval=23.0/s consume=0.0/s inplace=23.0/s(ok 23.0/s) unarmed=0.0/s mismatch=0.0/s relbusy=0.0/s relok=23.0/s relfail=0.0/s release-stage[queue=0.0 pool=0.0 fence=0.0 reset=0.0 begin=0.0 end=0.0 submit=0.0]/s watchdog=0.0/s | worker plays=23.0/s ok=23.0/s fail=0.0/s nr_absent=0.0/s copyfail=0.0/s
13:44:06.869  [fg-relay] rate3: arm->arm avg=80.40ms max=61292.43ms n=1835 | arm->work avg=0.01ms max=0.10ms | arm->eval avg=0.00ms max=0.00ms | copywait avg=0.006ms max=0.022ms | copy-land<= avg=47.08ms max=3105.35ms | work avg=4.65ms max=221.72ms | totals armed=1836 unarmed=1 skipped=1 busy=0 mismatch=0 copies_failed=0 writes=1836 conflicts=0
13:44:06.869  [fg-relay] rate4: throttle depth=1 off=0 | sleep calls=23.0/s waits=23.0/s clear=0.0/s timeouts=0.0/s avg=31.89ms | present calls=23.0/s waits=0.0/s clear=0.0/s timeouts=0.0/s avg=0.00ms | max=94.58ms (process)
13:44:14.705  === Vulkan CreateFeature1 #11  feature_id=18  VkDevice=000000002FA000D0  thread 24632 ===
13:44:14.705  === Vulkan CreateFeature1 #11 returned -1160773630, handle=0000000000000000 ===
13:44:14.714  === Vulkan CreateFeature1 #12  feature_id=18  VkDevice=000000002FA000D0  thread 24632 ===
13:44:14.714  === Vulkan CreateFeature1 #12 returned -1160773630, handle=0000000000000000 ===
13:44:15.720  === Vulkan CreateFeature1 #13  feature_id=18  VkDevice=000000002FA000D0  thread 24632 ===
13:44:15.720  === Vulkan CreateFeature1 #13 returned -1160773630, handle=0000000000000000 ===
13:44:17.729  === Vulkan CreateFeature1 #14  feature_id=18  VkDevice=000000002FA000D0  thread 24632 ===
13:44:17.729  === Vulkan CreateFeature1 #14 returned -1160773630, handle=0000000000000000 ===
13:44:21.738  === Vulkan CreateFeature1 #15  feature_id=18  VkDevice=000000002FA000D0  thread 24632 ===
13:44:21.738  === Vulkan CreateFeature1 #15 returned -1160773630, handle=0000000000000000 ===
13:44:21.863  [fg-relay] rate/15.0s p2 import_opt=1: presents=80.0/s present-gate[point=80.0 ready=0.0 fallback=0.0 inactive=0.0]/s noinfo=0.0/s stale=0.0/s unlearned=0.0/s attempts=4.4/s armed=4.4/s skipped=0.0/s busy=0.0/s arm-reject[state=0.0 request=0.0 refused=0.0 stopping=0.0 res=0.0 size=0.0]/s pool[cap=0.0 family=0.0 create=0.0 alloc=0.0]/s copy-drop[fence=0.0 reset=0.0 begin=0.0 end=0.0 submit=0.0]/s cf[seq=0.0/s idle=0.0/s nrfence=0.0/s] slotbusy=0.0/s copyfence-busy=0.0/s nr-gpuwait=4.4/s flips=0.0/s
13:44:21.863  [fg-relay] rate2: fginput eval=22.3/s index!=1=17.9/s eval-gate[off=0.0 fallback=0.0 notready=0.0 noinput=0.0 noqueue=0.0]/s relay eval=4.4/s consume=0.0/s inplace=4.4/s(ok 4.4/s) unarmed=0.0/s mismatch=0.0/s relbusy=0.0/s relok=4.4/s relfail=0.0/s release-stage[queue=0.0 pool=0.0 fence=0.0 reset=0.0 begin=0.0 end=0.0 submit=0.0]/s watchdog=0.0/s | worker plays=4.4/s ok=4.4/s fail=0.0/s nr_absent=0.0/s copyfail=0.0/s
13:44:21.863  [fg-relay] rate3: arm->arm avg=79.11ms max=61292.43ms n=1901 | arm->work avg=0.01ms max=0.10ms | arm->eval avg=0.00ms max=0.00ms | copywait avg=0.006ms max=0.022ms | copy-land<= avg=46.94ms max=3105.35ms | work avg=4.63ms max=221.72ms | totals armed=1902 unarmed=1 skipped=1 busy=0 mismatch=0 copies_failed=0 writes=1902 conflicts=0
13:44:21.863  [fg-relay] rate4: throttle depth=1 off=0 | sleep calls=79.9/s waits=4.5/s clear=75.5/s timeouts=0.0/s avg=32.07ms | present calls=80.0/s waits=0.0/s clear=0.0/s timeouts=0.0/s avg=0.00ms | max=94.58ms (process)
13:44:36.886  [fg-relay] rate/15.0s p2 import_opt=1: presents=52.7/s present-gate[point=52.7 ready=0.0 fallback=0.0 inactive=0.0]/s noinfo=0.0/s stale=0.0/s unlearned=0.0/s attempts=13.0/s armed=13.0/s skipped=0.0/s busy=0.0/s arm-reject[state=0.0 request=0.0 refused=0.0 stopping=0.0 res=0.0 size=0.0]/s pool[cap=0.0 family=0.0 create=0.0 alloc=0.0]/s copy-drop[fence=0.0 reset=0.0 begin=0.0 end=0.0 submit=0.0]/s cf[seq=0.0/s idle=0.0/s nrfence=0.0/s] slotbusy=0.0/s copyfence-busy=0.0/s nr-gpuwait=12.6/s flips=0.0/s
13:44:36.886  [fg-relay] rate2: fginput eval=64.7/s index!=1=51.7/s eval-gate[off=0.0 fallback=0.0 notready=0.0 noinput=0.0 noqueue=0.0]/s relay eval=13.0/s consume=0.0/s inplace=13.0/s(ok 13.0/s) unarmed=0.0/s mismatch=0.0/s relbusy=0.0/s relok=13.0/s relfail=0.0/s release-stage[queue=0.0 pool=0.0 fence=0.0 reset=0.0 begin=0.0 end=0.0 submit=0.0]/s watchdog=0.0/s | worker plays=13.0/s ok=13.0/s fail=0.0/s nr_absent=0.0/s copyfail=0.0/s
13:44:36.887  [fg-relay] rate3: arm->arm avg=84.71ms max=61292.43ms n=2096 | arm->work avg=0.01ms max=0.10ms | arm->eval avg=0.00ms max=0.00ms | copywait avg=0.006ms max=0.022ms | copy-land<= avg=55.62ms max=18524.57ms | work avg=4.68ms max=221.72ms | totals armed=2097 unarmed=1 skipped=1 busy=0 mismatch=0 copies_failed=0 writes=2097 conflicts=0
13:44:36.887  [fg-relay] rate4: throttle depth=1 off=0 | sleep calls=52.7/s waits=12.9/s clear=39.8/s timeouts=0.0/s avg=34.08ms | present calls=52.7/s waits=0.0/s clear=0.0/s timeouts=0.0/s avg=0.00ms | max=94.58ms (process)
13:44:51.908  [fg-relay] rate/15.0s p2 import_opt=1: presents=39.3/s present-gate[point=39.3 ready=0.0 fallback=0.0 inactive=0.0]/s noinfo=0.0/s stale=0.0/s unlearned=0.0/s attempts=17.6/s armed=17.6/s skipped=0.0/s busy=0.0/s arm-reject[state=0.0 request=0.0 refused=0.0 stopping=0.0 res=0.0 size=0.0]/s pool[cap=0.0 family=0.0 create=0.0 alloc=0.0]/s copy-drop[fence=0.0 reset=0.0 begin=0.0 end=0.0 submit=0.0]/s cf[seq=0.0/s idle=0.0/s nrfence=0.0/s] slotbusy=0.0/s copyfence-busy=0.0/s nr-gpuwait=17.2/s flips=0.0/s
13:44:51.909  [fg-relay] rate2: fginput eval=88.2/s index!=1=70.5/s eval-gate[off=0.0 fallback=0.0 notready=0.0 noinput=0.0 noqueue=0.0]/s relay eval=17.6/s consume=0.0/s inplace=17.6/s(ok 17.6/s) unarmed=0.0/s mismatch=0.0/s relbusy=0.0/s relok=17.6/s relfail=0.0/s release-stage[queue=0.0 pool=0.0 fence=0.0 reset=0.0 begin=0.0 end=0.0 submit=0.0]/s watchdog=0.0/s | worker plays=17.6/s ok=17.6/s fail=0.0/s nr_absent=0.0/s copyfail=0.0/s
13:44:51.909  [fg-relay] rate3: arm->arm avg=81.56ms max=61292.43ms n=2361 | arm->work avg=0.01ms max=0.10ms | arm->eval avg=0.00ms max=0.00ms | copywait avg=0.006ms max=0.057ms | copy-land<= avg=55.94ms max=18524.57ms | work avg=4.71ms max=221.72ms | totals armed=2362 unarmed=1 skipped=1 busy=0 mismatch=0 copies_failed=0 writes=2362 conflicts=0
13:44:51.909  [fg-relay] rate4: throttle depth=1 off=0 | sleep calls=39.3/s waits=17.6/s clear=21.7/s timeouts=0.0/s avg=33.84ms | present calls=39.3/s waits=0.0/s clear=0.0/s timeouts=0.0/s avg=0.00ms | max=94.58ms (process)
13:44:53.712  [bridge] 3600 frames delivered so far.
13:45:06.913  [fg-relay] rate/15.0s p2 import_opt=1: presents=25.5/s present-gate[point=25.5 ready=0.0 fallback=0.0 inactive=0.0]/s noinfo=0.0/s stale=0.0/s unlearned=0.0/s attempts=25.5/s armed=25.5/s skipped=0.0/s busy=0.0/s arm-reject[state=0.0 request=0.0 refused=0.0 stopping=0.0 res=0.0 size=0.0]/s pool[cap=0.0 family=0.0 create=0.0 alloc=0.0]/s copy-drop[fence=0.0 reset=0.0 begin=0.0 end=0.0 submit=0.0]/s cf[seq=0.0/s idle=0.0/s nrfence=0.0/s] slotbusy=0.0/s copyfence-busy=0.0/s nr-gpuwait=25.1/s flips=0.0/s
13:45:06.913  [fg-relay] rate2: fginput eval=127.7/s index!=1=102.1/s eval-gate[off=0.0 fallback=0.0 notready=0.0 noinput=0.0 noqueue=0.0]/s relay eval=25.5/s consume=0.0/s inplace=25.5/s(ok 25.5/s) unarmed=0.0/s mismatch=0.0/s relbusy=0.0/s relok=25.5/s relfail=0.0/s release-stage[queue=0.0 pool=0.0 fence=0.0 reset=0.0 begin=0.0 end=0.0 submit=0.0]/s watchdog=0.0/s | worker plays=25.5/s ok=25.5/s fail=0.0/s nr_absent=0.1/s copyfail=0.0/s
13:45:06.914  [fg-relay] rate3: arm->arm avg=75.65ms max=61292.43ms n=2744 | arm->work avg=0.01ms max=0.10ms | arm->eval avg=0.00ms max=0.00ms | copywait avg=0.006ms max=0.057ms | copy-land<= avg=53.59ms max=18524.57ms | work avg=4.58ms max=221.72ms | totals armed=2745 unarmed=1 skipped=1 busy=0 mismatch=0 copies_failed=0 writes=2745 conflicts=0
13:45:06.914  [fg-relay] rate4: throttle depth=1 off=0 | sleep calls=25.5/s waits=25.5/s clear=0.1/s timeouts=0.0/s avg=26.35ms | present calls=25.5/s waits=0.0/s clear=0.0/s timeouts=0.0/s avg=0.00ms | max=94.58ms (process)
13:45:14.694  [bridge] 4200 frames delivered so far.
13:45:21.914  [fg-relay] rate/15.0s p2 import_opt=1: presents=32.7/s present-gate[point=32.7 ready=0.0 fallback=0.0 inactive=0.0]/s noinfo=0.0/s stale=0.0/s unlearned=0.0/s attempts=32.6/s armed=32.6/s skipped=0.0/s busy=0.0/s arm-reject[state=0.0 request=0.0 refused=0.0 stopping=0.0 res=0.0 size=0.0]/s pool[cap=0.0 family=0.0 create=0.0 alloc=0.0]/s copy-drop[fence=0.0 reset=0.0 begin=0.0 end=0.0 submit=0.0]/s cf[seq=0.0/s idle=0.0/s nrfence=0.0/s] slotbusy=0.0/s copyfence-busy=0.0/s nr-gpuwait=32.5/s flips=0.0/s
13:45:21.915  [fg-relay] rate2: fginput eval=163.0/s index!=1=130.4/s eval-gate[off=0.0 fallback=0.0 notready=0.0 noinput=0.0 noqueue=0.0]/s relay eval=32.6/s consume=0.0/s inplace=32.6/s(ok 32.6/s) unarmed=0.0/s mismatch=0.0/s relbusy=0.0/s relok=32.6/s relfail=0.0/s release-stage[queue=0.0 pool=0.0 fence=0.0 reset=0.0 begin=0.0 end=0.0 submit=0.0]/s watchdog=0.0/s | worker plays=32.6/s ok=32.6/s fail=0.0/s nr_absent=0.1/s copyfail=0.0/s
13:45:21.915  [fg-relay] rate3: arm->arm avg=68.84ms max=61292.43ms n=3233 | arm->work avg=0.01ms max=0.10ms | arm->eval avg=0.00ms max=0.00ms | copywait avg=0.006ms max=0.057ms | copy-land<= avg=50.12ms max=18524.57ms | work avg=4.27ms max=221.72ms | totals armed=3234 unarmed=1 skipped=1 busy=0 mismatch=0 copies_failed=0 writes=3234 conflicts=0
13:45:21.915  [fg-relay] rate4: throttle depth=1 off=0 | sleep calls=32.7/s waits=32.6/s clear=0.1/s timeouts=0.0/s avg=18.92ms | present calls=32.7/s waits=0.0/s clear=0.0/s timeouts=0.0/s avg=0.00ms | max=94.58ms (process)
13:45:33.719  [fg-relay] armed by evaluate: hud=4328c0d0 back=4045ccd0 depth=4339f6d0 mv=4339f0d0 5120x2160 copy=2959 nr=2959 import=1 slot=0 arm=2959 gpu-wait-nr=2958 pending=1.
13:45:33.719  [fg-relay] evaluate: slot=0 nr=2959 import=1 stage=3.
13:45:33.722  [fg-relay] frame=3600 slot=0 nr=2959 ok=1 wrote=1 nr_entries=2 import=1 armed=3600 skipped=1 busy=0 mismatch=0 conflicts=0.
13:45:33.851  [bridge] 4800 frames delivered so far.
13:45:36.912  [fg-relay] rate/15.0s p2 import_opt=1: presents=30.7/s present-gate[point=30.7 ready=0.0 fallback=0.0 inactive=0.0]/s noinfo=0.0/s stale=0.0/s unlearned=0.0/s attempts=30.7/s armed=30.7/s skipped=0.0/s busy=0.0/s arm-reject[state=0.0 request=0.0 refused=0.0 stopping=0.0 res=0.0 size=0.0]/s pool[cap=0.0 family=0.0 create=0.0 alloc=0.0]/s copy-drop[fence=0.0 reset=0.0 begin=0.0 end=0.0 submit=0.0]/s cf[seq=0.0/s idle=0.0/s nrfence=0.0/s] slotbusy=0.0/s copyfence-busy=0.0/s nr-gpuwait=30.5/s flips=0.0/s
13:45:36.913  [fg-relay] rate2: fginput eval=153.7/s index!=1=122.9/s eval-gate[off=0.0 fallback=0.0 notready=0.0 noinput=0.0 noqueue=0.0]/s relay eval=30.7/s consume=0.0/s inplace=30.7/s(ok 30.7/s) unarmed=0.0/s mismatch=0.0/s relbusy=0.0/s relok=30.7/s relfail=0.0/s release-stage[queue=0.0 pool=0.0 fence=0.0 reset=0.0 begin=0.0 end=0.0 submit=0.0]/s watchdog=0.0/s | worker plays=30.7/s ok=30.7/s fail=0.0/s nr_absent=0.1/s copyfail=0.0/s
13:45:36.913  [fg-relay] rate3: arm->arm avg=64.31ms max=61292.43ms n=3694 | arm->work avg=0.01ms max=0.10ms | arm->eval avg=0.00ms max=0.00ms | copywait avg=0.006ms max=0.057ms | copy-land<= avg=47.92ms max=18524.57ms | work avg=4.07ms max=221.72ms | totals armed=3695 unarmed=1 skipped=1 busy=0 mismatch=0 copies_failed=0 writes=3695 conflicts=0
13:45:36.913  [fg-relay] rate4: throttle depth=1 off=0 | sleep calls=30.7/s waits=30.7/s clear=0.0/s timeouts=0.0/s avg=13.05ms | present calls=30.7/s waits=0.0/s clear=0.0/s timeouts=0.0/s avg=0.00ms | max=94.58ms (process)
13:45:51.260  [bridge] 5400 frames delivered so far.
13:45:51.922  [fg-relay] rate/15.0s p2 import_opt=1: presents=35.4/s present-gate[point=35.4 ready=0.0 fallback=0.0 inactive=0.0]/s noinfo=0.0/s stale=0.0/s unlearned=0.0/s attempts=35.4/s armed=35.4/s skipped=0.0/s busy=0.0/s arm-reject[state=0.0 request=0.0 refused=0.0 stopping=0.0 res=0.0 size=0.0]/s pool[cap=0.0 family=0.0 create=0.0 alloc=0.0]/s copy-drop[fence=0.0 reset=0.0 begin=0.0 end=0.0 submit=0.0]/s cf[seq=0.0/s idle=0.0/s nrfence=0.0/s] slotbusy=0.0/s copyfence-busy=0.0/s nr-gpuwait=34.5/s flips=0.0/s
13:45:51.922  [fg-relay] rate2: fginput eval=177.2/s index!=1=141.7/s eval-gate[off=0.0 fallback=0.0 notready=0.0 noinput=0.0 noqueue=0.0]/s relay eval=35.4/s consume=0.0/s inplace=35.4/s(ok 35.4/s) unarmed=0.0/s mismatch=0.0/s relbusy=0.0/s relok=35.4/s relfail=0.0/s release-stage[queue=0.0 pool=0.0 fence=0.0 reset=0.0 begin=0.0 end=0.0 submit=0.0]/s watchdog=0.0/s | worker plays=35.4/s ok=35.4/s fail=0.0/s nr_absent=0.0/s copyfail=0.0/s
13:45:51.922  [fg-relay] rate3: arm->arm avg=59.77ms max=61292.43ms n=4226 | arm->work avg=0.01ms max=0.10ms | arm->eval avg=0.00ms max=0.00ms | copywait avg=0.006ms max=0.057ms | copy-land<= avg=45.43ms max=18524.57ms | work avg=3.77ms max=221.72ms | totals armed=4227 unarmed=1 skipped=1 busy=0 mismatch=0 copies_failed=0 writes=4227 conflicts=0
13:45:51.922  [fg-relay] rate4: throttle depth=1 off=0 | sleep calls=35.4/s waits=35.4/s clear=0.0/s timeouts=0.0/s avg=8.60ms | present calls=35.4/s waits=0.0/s clear=0.0/s timeouts=0.0/s avg=0.00ms | max=94.58ms (process)
13:46:04.282  === Vulkan CreateFeature1 #16  feature_id=18  VkDevice=000000002FA000D0  thread 24632 ===
13:46:04.283  === Vulkan CreateFeature1 #16 returned -1160773630, handle=0000000000000000 ===
13:46:06.922  [fg-relay] rate/15.0s p2 import_opt=1: presents=57.1/s present-gate[point=57.1 ready=0.0 fallback=0.0 inactive=0.0]/s noinfo=0.0/s stale=0.0/s unlearned=0.0/s attempts=11.4/s armed=11.4/s skipped=0.0/s busy=0.0/s arm-reject[state=0.0 request=0.0 refused=0.0 stopping=0.0 res=0.0 size=0.0]/s pool[cap=0.0 family=0.0 create=0.0 alloc=0.0]/s copy-drop[fence=0.0 reset=0.0 begin=0.0 end=0.0 submit=0.0]/s cf[seq=0.0/s idle=0.0/s nrfence=0.0/s] slotbusy=0.0/s copyfence-busy=0.0/s nr-gpuwait=11.1/s flips=0.0/s
13:46:06.922  [fg-relay] rate2: fginput eval=57.3/s index!=1=45.9/s eval-gate[off=0.0 fallback=0.0 notready=0.0 noinput=0.0 noqueue=0.0]/s relay eval=11.4/s consume=0.0/s inplace=11.4/s(ok 11.4/s) unarmed=0.0/s mismatch=0.0/s relbusy=0.0/s relok=11.4/s relfail=0.0/s release-stage[queue=0.0 pool=0.0 fence=0.0 reset=0.0 begin=0.0 end=0.0 submit=0.0]/s watchdog=0.0/s | worker plays=11.4/s ok=11.4/s fail=0.0/s nr_absent=0.1/s copyfail=0.0/s
13:46:06.922  [fg-relay] rate3: arm->arm avg=59.12ms max=61292.43ms n=4397 | arm->work avg=0.01ms max=0.10ms | arm->eval avg=0.00ms max=0.00ms | copywait avg=0.006ms max=0.057ms | copy-land<= avg=45.34ms max=18524.57ms | work avg=3.83ms max=221.72ms | totals armed=4398 unarmed=1 skipped=1 busy=0 mismatch=0 copies_failed=0 writes=4398 conflicts=0
13:46:06.922  [fg-relay] rate4: throttle depth=1 off=0 | sleep calls=57.0/s waits=11.5/s clear=45.6/s timeouts=0.0/s avg=24.00ms | present calls=57.1/s waits=0.0/s clear=0.0/s timeouts=0.0/s avg=0.00ms | max=94.58ms (process)
13:46:21.946  [fg-relay] rate/15.0s p2 import_opt=1: presents=89.7/s present-gate[point=89.7 ready=0.0 fallback=0.0 inactive=0.0]/s noinfo=0.0/s stale=0.0/s unlearned=0.0/s attempts=0.8/s armed=0.8/s skipped=0.0/s busy=0.0/s arm-reject[state=0.0 request=0.0 refused=0.0 stopping=0.0 res=0.0 size=0.0]/s pool[cap=0.0 family=0.0 create=0.0 alloc=0.0]/s copy-drop[fence=0.0 reset=0.0 begin=0.0 end=0.0 submit=0.0]/s cf[seq=0.0/s idle=0.0/s nrfence=0.0/s] slotbusy=0.0/s copyfence-busy=0.0/s nr-gpuwait=0.5/s flips=0.0/s
13:46:21.947  [fg-relay] rate2: fginput eval=4.0/s index!=1=3.2/s eval-gate[off=0.0 fallback=0.0 notready=0.0 noinput=0.0 noqueue=0.0]/s relay eval=0.8/s consume=0.0/s inplace=0.8/s(ok 0.8/s) unarmed=0.0/s mismatch=0.0/s relbusy=0.0/s relok=0.8/s relfail=0.0/s release-stage[queue=0.0 pool=0.0 fence=0.0 reset=0.0 begin=0.0 end=0.0 submit=0.0]/s watchdog=0.0/s | worker plays=0.8/s ok=0.8/s fail=0.0/s nr_absent=0.0/s copyfail=0.0/s
13:46:21.947  [fg-relay] rate3: arm->arm avg=64.10ms max=61292.43ms n=4409 | arm->work avg=0.01ms max=0.10ms | arm->eval avg=0.00ms max=0.00ms | copywait avg=0.006ms max=0.057ms | copy-land<= avg=50.39ms max=18524.57ms | work avg=3.86ms max=221.72ms | totals armed=4410 unarmed=1 skipped=1 busy=0 mismatch=0 copies_failed=0 writes=4410 conflicts=0
13:46:21.947  [fg-relay] rate4: throttle depth=1 off=0 | sleep calls=89.8/s waits=0.7/s clear=89.0/s timeouts=0.0/s avg=35.27ms | present calls=89.7/s waits=0.0/s clear=0.0/s timeouts=0.0/s avg=0.00ms | max=94.58ms (process)
