01:34:46.587  dlss5-bridge 1.4.13-pre8-vk-quality6-probe (built Oct  1 2026 01:28:22) attached.
01:34:46.588    host: C:\Program Files\Hypergryph Launcher\games\Endfield Game\Endfield.exe
01:34:46.588    d3d11.dll: C:\Program Files\Hypergryph Launcher\games\Endfield Game\Endfield.exe
01:34:46.588    reshade: C:\ProgramData\ReShade\ReShade64.dll
01:34:46.588    windows: Windows 11, 10.0 build 26200
01:34:46.588    files next to this add-on:
01:34:46.615      nvngx_dlssnr.dll           present  version 310.8.0.0, 165840496 bytes, 2026-09-11 22:41
01:34:46.615      nvngx_dlss.dll             present  version 310.5.2.0, 54779504 bytes, 2026-07-11 10:59
01:34:46.616    add-ons present:
01:34:46.616      dlss5-bridge.addon64         version 1.4.13.16, 702464 bytes, 2026-09-30 17:28
01:34:46.617          loaded at 00007FF9FE270000
01:34:46.618      renodx-dlss5.addon64         version 0.2026.926.210, 3141632 bytes, 2026-09-27 13:21
01:34:46.619          sha256 DCD93881E976AD033D83C2BB01F4BC3E4DDC59C15FE0DD4CA165BC5FC7D1AC68 -- not on this add-on's measured list, which is one machine's experience and not a compatibility statement. If its panel says active while the picture does not change, unwrap=0 in dlss5-bridge.cfg is the first thing to try.
01:34:46.620    DLSS 5 add-on settings, read from ReShade.ini [RenoDX.DLSS5]:
01:34:46.620      ConfigVersion=7
01:34:46.620      EnableHooks=1
01:34:46.620      NeuralUplift=1
01:34:46.620      NRAdaptiveExposure=1
01:34:46.620      NRAutoMask=1
01:34:46.620      NRChainedHistory=1
01:34:46.620      NRChromaClamp=1
01:34:46.620      NRCodecMode=2
01:34:46.620      NRColorStrength=1
01:34:46.621      NRCostMeter=1
01:34:46.621      NRDepthMode=0
01:34:46.621      NRDetailStability=0
01:34:46.621      NRDiffuseWhiteNits=203
01:34:46.621      NRDisableRelease=0
01:34:46.621      NRDisplayPedestal=0
01:34:46.621      NREditTrace=0
01:34:46.621      NREnableUpscaling=0
01:34:46.621      NRFeedMode=2
01:34:46.621      NRFollowInputRes=0
01:34:46.621      NRGlobalTone=2
01:34:46.621      NRGpuTimers=0
01:34:46.622      NRHookPoint=2
01:34:46.622      NRIntensity=2
01:34:46.622      NRLinearUnitNits=0
01:34:46.622      NRLocalStructure=2
01:34:46.622      NRLocalTone=1
01:34:46.622      NRLookBrighten=0.75
01:34:46.622      NRLookColour=0.5
01:34:46.622      NRLookDarken=0.75
01:34:46.622      NRLookDetail=2
01:34:46.622      NRLookDetailRadius=1
01:34:46.623      NRLookHalo=0
01:34:46.623      NRLookHaloBrightSide=0
01:34:46.623      NRLookHighlights=0.5
01:34:46.623      NRLookHue=1
01:34:46.623      NRLookMaxBrighten=0
01:34:46.623      NRLookMaxColour=0
01:34:46.623      NRLookMaxDarken=0
01:34:46.623      NRLookMidtones=1
01:34:46.623      NRLookMode=1
01:34:46.623      NRLookShadows=0.5
01:34:46.623      NRLookStabilize=0
01:34:46.623      NRLookStabilizeDetail=0
01:34:46.623      NRLookStabilizeMs=60
01:34:46.624      NRLookStrength=1.1
01:34:46.624      NRLookTone=2
01:34:46.624      NRLookUpsample=0
01:34:46.624      NRMaxWorksets=4
01:34:46.624      NRMVecScaleX=1
01:34:46.624      NRMVecScaleY=1
01:34:46.624      NRNeuralFloorGuard=1
01:34:46.624      NRNormAttackStops=4
01:34:46.624      NRNormCutAware=1
01:34:46.624      NRNormGovernor=0
01:34:46.624      NRNormReleaseStops=0.5
01:34:46.624      NRNormSlewStops=0.02
01:34:46.624      NRPaperWhiteScale=2.5375
01:34:46.625      NRPass2AutoMask=1
01:34:46.625      NRPass2Color=1
01:34:46.625      NRPass2FollowPass1=1
01:34:46.625      NRPass2Intensity=2
01:34:46.625      NRPass2LocalTone=1.5
01:34:46.625      NRPass2Skin=0
01:34:46.625      NRPass2Structure=1.25
01:34:46.625      NRPass2Style=2
01:34:46.625      NRPass2Transfer=1
01:34:46.625      NRPass2UICorrection=1
01:34:46.625      NRPass3AutoMask=0
01:34:46.625      NRPass3Color=1
01:34:46.625      NRPass3FollowPass1=0
01:34:46.625      NRPass3Intensity=2
01:34:46.625      NRPass3LocalTone=1
01:34:46.625      NRPass3Skin=-1
01:34:46.625      NRPass3Structure=1
01:34:46.625      NRPass3Style=0
01:34:46.625      NRPass3Transfer=1
01:34:46.625      NRPass3UICorrection=0
01:34:46.626      NRPass4AutoMask=0
01:34:46.626      NRPass4Color=1
01:34:46.626      NRPass4FollowPass1=0
01:34:46.626      NRPass4Intensity=2
01:34:46.626      NRPass4LocalTone=1
01:34:46.626      NRPass4Skin=-1
01:34:46.627      NRPass4Structure=1
01:34:46.627      NRPass4Style=0
01:34:46.627      NRPass4Transfer=0
01:34:46.627      NRPass4UICorrection=0
01:34:46.627      NRPasses=2
01:34:46.627      NRPQCalibration=1
01:34:46.627      NRPresentEncoding=0
01:34:46.627      NRPresentFgSource=0
01:34:46.627      NRPresentFrames=0
01:34:46.627      NRPresentGuides=0
01:34:46.627      NRPresentUICorrection=1
01:34:46.628      NRPresentWhiteNits=0
01:34:46.628      NRPreset=2
01:34:46.628      NRPreUpscale=0
01:34:46.628      NRProxyAnchor=4
01:34:46.628      NRResolutionScale=1
01:34:46.628      NRScreenshotFormat=0
01:34:46.628      NRScreenshotJpegQuality=95
01:34:46.628      NRScreenshotKey=116
01:34:46.628      NRScreenshotLayout=0
01:34:46.628      NRScreenshotMaxMB=10
01:34:46.628      NRScreenshotSource=0
01:34:46.629      NRShutdownQuiesce=1
01:34:46.629      NRSkinIndependent=1
01:34:46.629      NRSkinStructure=0
01:34:46.629      NRSourceEncoding=0
01:34:46.629      NRSourcePrimaries=0
01:34:46.629      NRStyle=2
01:34:46.629      NRStyleHighlightGuard=0
01:34:46.629      NRToggleKey=106
01:34:46.629      NRTransferMode=1
01:34:46.629      NRTransferStrength=1
01:34:46.629      NRUICorrection=1
01:34:46.629      NRWorksetFreePolicy=0
01:34:46.629      UiIssueNotice=1
01:34:46.630      UiLanguage=zh-Hans
01:34:46.630      UiMode=modern
01:34:46.630      UiWelcomed=1
01:34:46.630  [bridge] config: stage=3 mode=2 flags=-1 subrects=1 reset_every=0 pixels=0 skip_game=1 dred=1 skip_exe=1 unwrap=1 source=auto synth=0 hash_out=1 synth_after=0 mv_sign_x=0 mv_sign_y=0 ofa_grid=2 ofa_perf=20 vk_present=1 vk_sync=0
01:34:46.630  [bridge] settings read from C:\Program Files\Hypergryph Launcher\games\Endfield Game\dlss5-bridge.cfg
01:34:46.638  [bridge] the driver's route to neural rendering is closed for this process: entry 18 of the loader's feature table at 00007FF9B10B43E0 named "dlssnr" and now names nothing, which is what the previous driver had there. The DLSS 5 add-on drives that feature itself, as it did before the driver update. Nothing on disk is changed and no other feature is touched. Set ngx_loader=1 in dlss5-bridge.cfg to leave the driver's route alone.
01:34:46.638  [synth] registered for ReShade effect events at add-on API 18 (synth floor 10).
01:34:46.639  [vkmirror] colour format tables agree on 7 of 7 entries.
01:34:46.639  [vkmirror] vk_mirror=1: the Vulkan NGX entry points will be hooked and a Vulkan game's own DLSS contract mirrored onto the private D3D12 session.
01:34:46.639  [panel] status panel registered in ReShade's overlay. Asked for the ImGui 19000 function table; ReShade reports its own ImGui as 1.92.5.
01:34:46.640  NGX layer 0: C:\WINDOWS\System32\DriverStore\FileRepository\nv_dispsi.inf_amd64_b8459fc8f905f657\_nvngx.dll (base=00007FF9B0FE0000)
01:34:46.640    version 32.0.16.1692
01:34:46.640    NVSDK_NGX_D3D11_CreateFeature     = 00007FF9B1045C60
01:34:46.640    NVSDK_NGX_D3D11_EvaluateFeature   = 00007FF9B1045E30
01:34:46.640    NVSDK_NGX_D3D11_EvaluateFeature_C = 0000000000000000
01:34:46.641    NVSDK_NGX_D3D11_ReleaseFeature    = 00007FF9B1045D30
01:34:46.641    CreateFeature    prologue: 48 89 6C 24 18 56 57 41 56 48 83 EC 40 48 
01:34:46.641    EvaluateFeature  prologue: 48 89 5C 24 08 48 89 6C 24 10 48 89 74 24 
01:34:46.936    hooked: CreateFeature=yes EvaluateFeature=yes EvaluateFeature_C=absent
01:34:46.937    hooked: D3D11 ReleaseFeature=yes
01:34:46.937    NVSDK_NGX_VULKAN_CreateFeature     = 00007FF9B0FED230
01:34:46.937    NVSDK_NGX_VULKAN_CreateFeature1    = 00007FF9B0FED340
01:34:46.937    NVSDK_NGX_VULKAN_EvaluateFeature   = 00007FF9B0FED4E0
01:34:46.937    NVSDK_NGX_VULKAN_EvaluateFeature_C = 0000000000000000
01:34:46.937    NVSDK_NGX_VULKAN_ReleaseFeature    = 00007FF9B0FED3E0
01:34:46.937    VK CreateFeature prologue: 48 89 5C 24 10 48 89 6C 24 18 48 89 74 24 
01:34:46.937    VK CreateFeature1 prologue: 48 89 6C 24 10 48 89 74 24 18 48 89 7C 24 
01:34:46.937    VK EvaluateFeature prologue: 48 89 5C 24 08 48 89 6C 24 10 48 89 74 24 
01:34:47.329    hooked: VULKAN CreateFeature=yes CreateFeature1=yes EvaluateFeature=yes EvaluateFeature_C=absent
01:34:47.329    hooked: VULKAN ReleaseFeature=yes
01:34:47.330  [nr-compat] processing unavailable: Generic add-on is not loaded (renodx-dlss5.addon64). 已经确定可以正常使用该版本插件的Generic插件：8.5.0-rc10
01:34:47.555  [fg-relay] Import=1: the ReShade layer's vkCreateDevice at 00007FF956B507A0 is hooked. Every device created from here on gets VK_KHR_external_semaphore_win32 appended to its extension list, and a driver that refuses the name gets the caller's own list retried unchanged.
01:34:47.555  qpc=3635842034318 [focus-fg] state: enabled=1 hooked=0 foreground=0 minimized=0 hwnd=0000000000000000 scope_calls=0 original_false=0 kept=0 presents=0 FG_evaluates=0
01:34:48.065  qpc=3635844229471 [fg-relay] interposer hook: present=hooked
01:34:48.065  qpc=3635847127336 [fg-trace] queue discovery exports: get_queue=hooked get_queue2=hooked
01:34:48.566  NGX layer 1: C:\Program Files\Hypergryph Launcher\games\Endfield Game\nvngx_dlss.dll (base=00007FF931150000)
01:34:48.567    version 310.5.2.0
01:34:48.567    NVSDK_NGX_D3D11_CreateFeature     = 00007FF931195160
01:34:48.567    NVSDK_NGX_D3D11_EvaluateFeature   = 00007FF9311952C0
01:34:48.567    NVSDK_NGX_D3D11_EvaluateFeature_C = 0000000000000000
01:34:48.567    NVSDK_NGX_D3D11_ReleaseFeature    = 00007FF931195720
01:34:48.567    CreateFeature    prologue: 48 89 5C 24 08 48 89 6C 24 10 56 57 41 56 
01:34:48.567    EvaluateFeature  prologue: 48 89 5C 24 08 48 89 6C 24 10 48 89 74 24 
01:34:48.784      00007FF931195720 is a thunk table entry; the hook goes to its destination 00007FF931193440 so the patch does not overwrite the entries beside it.
01:34:48.890    hooked: CreateFeature=yes EvaluateFeature=yes EvaluateFeature_C=absent
01:34:48.890    hooked: D3D11 ReleaseFeature=yes
01:34:48.890    NVSDK_NGX_VULKAN_CreateFeature     = 00007FF9312179C0
01:34:48.890    NVSDK_NGX_VULKAN_CreateFeature1    = 00007FF9312179E0
01:34:48.890    NVSDK_NGX_VULKAN_EvaluateFeature   = 00007FF9312179F0
01:34:48.890    NVSDK_NGX_VULKAN_EvaluateFeature_C = 0000000000000000
01:34:48.890    NVSDK_NGX_VULKAN_ReleaseFeature    = 00007FF931218020
01:34:48.890    VK CreateFeature prologue: 48 83 EC 38 4C 89 4C 24 20 4D 8B C8 44 8B 
01:34:48.890    VK CreateFeature1 prologue: E9 4B F1 FF FF CC CC CC CC CC CC CC CC CC  <== a thunk into its own module, not a hook
01:34:48.890        the hook jumps into C:\Program Files\Hypergryph Launcher\games\Endfield Game\nvngx_dlss.dll +0xC6B30
01:34:48.890    VK EvaluateFeature prologue: 48 89 5C 24 08 48 89 6C 24 10 48 89 74 24 
01:34:49.005      00007FF9312179E0 is a thunk table entry; the hook goes to its destination 00007FF931216B30 so the patch does not overwrite the entries beside it.
01:34:49.226      00007FF931218020 is a thunk table entry; the hook goes to its destination 00007FF931216F90 so the patch does not overwrite the entries beside it.
01:34:49.337    hooked: VULKAN CreateFeature=yes CreateFeature1=yes EvaluateFeature=yes EvaluateFeature_C=absent
01:34:49.337    hooked: VULKAN ReleaseFeature=yes
01:34:49.339  [nr-compat] Generic build identified; SHA256=DCD93881E976AD033D83C2BB01F4BC3E4DDC59C15FE0DD4CA165BC5FC7D1AC68. No version/hash gate. 已经确定可以正常使用该版本插件的Generic插件：8.5.0-rc10
01:34:49.340  [nr-compat] configuration condition recovered; normal processing may resume.
01:34:49.363  NGX layer 1 retirement finalized.
01:34:49.364  NGX layer 1: C:\Program Files\Hypergryph Launcher\games\Endfield Game\nvngx_deepdvc.dll (base=00007FF958780000)
01:34:49.364    version 310.5.2.0
01:34:49.364    NVSDK_NGX_D3D11_CreateFeature     = 00007FF9587A0140
01:34:49.364    NVSDK_NGX_D3D11_EvaluateFeature   = 00007FF9587A0260
01:34:49.364    NVSDK_NGX_D3D11_EvaluateFeature_C = 0000000000000000
01:34:49.364    NVSDK_NGX_D3D11_ReleaseFeature    = 00007FF9587A0550
01:34:49.365    CreateFeature    prologue: 48 89 5C 24 10 48 89 6C 24 18 57 48 83 EC 
01:34:49.365    EvaluateFeature  prologue: 48 89 5C 24 08 48 89 6C 24 10 48 89 74 24 
01:34:49.591      00007FF9587A0550 is a thunk table entry; the hook goes to its destination 00007FF95879E9F0 so the patch does not overwrite the entries beside it.
01:34:49.703    hooked: CreateFeature=yes EvaluateFeature=yes EvaluateFeature_C=absent
01:34:49.703    hooked: D3D11 ReleaseFeature=yes
01:34:49.703    NVSDK_NGX_VULKAN_CreateFeature     = 00007FF9587A44E0
01:34:49.704    NVSDK_NGX_VULKAN_CreateFeature1    = 00007FF9587A4500
01:34:49.704    NVSDK_NGX_VULKAN_EvaluateFeature   = 00007FF9587A4510
01:34:49.704    NVSDK_NGX_VULKAN_EvaluateFeature_C = 0000000000000000
01:34:49.704    NVSDK_NGX_VULKAN_ReleaseFeature    = 00007FF9587A4A90
01:34:49.704    VK CreateFeature prologue: 48 83 EC 38 4C 89 4C 24 20 4D 8B C8 44 8B 
01:34:49.704    VK CreateFeature1 prologue: E9 8B F2 FF FF CC CC CC CC CC CC CC CC CC  <== a thunk into its own module, not a hook
01:34:49.704        the hook jumps into C:\Program Files\Hypergryph Launcher\games\Endfield Game\nvngx_deepdvc.dll +0x23790
01:34:49.704    VK EvaluateFeature prologue: 48 89 5C 24 08 48 89 6C 24 10 48 89 74 24 
01:34:49.815      00007FF9587A4500 is a thunk table entry; the hook goes to its destination 00007FF9587A3790 so the patch does not overwrite the entries beside it.
01:34:50.032      00007FF9587A4A90 is a thunk table entry; the hook goes to its destination 00007FF9587A3B80 so the patch does not overwrite the entries beside it.
01:34:50.136    hooked: VULKAN CreateFeature=yes CreateFeature1=yes EvaluateFeature=yes EvaluateFeature_C=absent
01:34:50.137    hooked: VULKAN ReleaseFeature=yes
01:34:50.137  NGX layer 2: C:\Program Files\Hypergryph Launcher\games\Endfield Game\nvngx_dlssd.dll (base=00007FF932A50000)
01:34:50.137    version 310.5.2.0
01:34:50.137    NVSDK_NGX_D3D11_CreateFeature     = 00007FF932A8A930
01:34:50.137    NVSDK_NGX_D3D11_EvaluateFeature   = 00007FF932A8AA90
01:34:50.137    NVSDK_NGX_D3D11_EvaluateFeature_C = 0000000000000000
01:34:50.137    NVSDK_NGX_D3D11_ReleaseFeature    = 00007FF932A8AEF0
01:34:50.137    CreateFeature    prologue: 48 89 5C 24 08 48 89 6C 24 10 56 57 41 56 
01:34:50.138    EvaluateFeature  prologue: 48 89 5C 24 08 48 89 6C 24 10 48 89 74 24 
01:34:50.334      00007FF932A8AEF0 is a thunk table entry; the hook goes to its destination 00007FF932A88C10 so the patch does not overwrite the entries beside it.
01:34:50.429    hooked: CreateFeature=yes EvaluateFeature=yes EvaluateFeature_C=absent
01:34:50.429    hooked: D3D11 ReleaseFeature=yes
01:34:50.429    NVSDK_NGX_VULKAN_CreateFeature     = 00007FF932B0B4C0
01:34:50.429    NVSDK_NGX_VULKAN_CreateFeature1    = 00007FF932B0B4E0
01:34:50.429    NVSDK_NGX_VULKAN_EvaluateFeature   = 00007FF932B0B4F0
01:34:50.429    NVSDK_NGX_VULKAN_EvaluateFeature_C = 0000000000000000
01:34:50.430    NVSDK_NGX_VULKAN_ReleaseFeature    = 00007FF932B0BB20
01:34:50.430    VK CreateFeature prologue: 48 83 EC 38 4C 89 4C 24 20 4D 8B C8 44 8B 
01:34:50.430    VK CreateFeature1 prologue: E9 4B F1 FF FF CC CC CC CC CC CC CC CC CC  <== a thunk into its own module, not a hook
01:34:50.430        the hook jumps into C:\Program Files\Hypergryph Launcher\games\Endfield Game\nvngx_dlssd.dll +0xBA630
01:34:50.430    VK EvaluateFeature prologue: 48 89 5C 24 08 48 89 6C 24 10 48 89 74 24 
01:34:50.534      00007FF932B0B4E0 is a thunk table entry; the hook goes to its destination 00007FF932B0A630 so the patch does not overwrite the entries beside it.
01:34:50.741      00007FF932B0BB20 is a thunk table entry; the hook goes to its destination 00007FF932B0AA90 so the patch does not overwrite the entries beside it.
01:34:50.842    hooked: VULKAN CreateFeature=yes CreateFeature1=yes EvaluateFeature=yes EvaluateFeature_C=absent
01:34:50.842    hooked: VULKAN ReleaseFeature=yes
01:34:51.174  [fg-guides] Vulkan capability device=00000000322900D0 instance=0000000125DD4650 physical=000000007F4C39C0 queries=1 blit-formats=1 graphics-families=0x1. compute-families=0x5 local-types=0x12.
01:34:51.174  [fg-relay] Import=1: the device created at 00000000322900D0 already carried VK_KHR_external_semaphore_win32; it is recorded for the import.
01:34:51.308  qpc=3635876080787 [fg-relay] Reflex sleep hook: slGetPluginFunction=00007FFA3E32E0E0 slReflexSleep=00007FFA3E32DE60 hooked
01:34:51.308  qpc=3635877221413 [focus-fg] SetOptions diagnostic hook ready (arguments unchanged)
01:34:51.308  qpc=3635878420361 [focus-fg] FreeResources diagnostic hook ready (arguments unchanged)
01:34:51.308  qpc=3635879557965 [focus-fg] scoped focus gate ready: return_rva=0x4c0a7 interface=00007FFA2C5B7FD0 method=00007FFA2C4E66B0; explicit FG Off and all resource release remain native
01:34:51.430  NGX layer 3: C:\Program Files\Hypergryph Launcher\games\Endfield Game\nvngx_dlss.dll (base=00007FF92F5E0000)
01:34:51.430    version 310.5.2.0
01:34:51.430    NVSDK_NGX_D3D11_CreateFeature     = 00007FF92F625160
01:34:51.431    NVSDK_NGX_D3D11_EvaluateFeature   = 00007FF92F6252C0
01:34:51.431    NVSDK_NGX_D3D11_EvaluateFeature_C = 0000000000000000
01:34:51.431    NVSDK_NGX_D3D11_ReleaseFeature    = 00007FF92F625720
01:34:51.431    CreateFeature    prologue: 48 89 5C 24 08 48 89 6C 24 10 56 57 41 56 
01:34:51.431    EvaluateFeature  prologue: 48 89 5C 24 08 48 89 6C 24 10 48 89 74 24 
01:34:51.618      00007FF92F625720 is a thunk table entry; the hook goes to its destination 00007FF92F623440 so the patch does not overwrite the entries beside it.
01:34:51.735    hooked: CreateFeature=yes EvaluateFeature=yes EvaluateFeature_C=absent
01:34:51.736    hooked: D3D11 ReleaseFeature=yes
01:34:51.736    NVSDK_NGX_VULKAN_CreateFeature     = 00007FF92F6A79C0
01:34:51.736    NVSDK_NGX_VULKAN_CreateFeature1    = 00007FF92F6A79E0
01:34:51.736    NVSDK_NGX_VULKAN_EvaluateFeature   = 00007FF92F6A79F0
01:34:51.736    NVSDK_NGX_VULKAN_EvaluateFeature_C = 0000000000000000
01:34:51.736    NVSDK_NGX_VULKAN_ReleaseFeature    = 00007FF92F6A8020
01:34:51.736    VK CreateFeature prologue: 48 83 EC 38 4C 89 4C 24 20 4D 8B C8 44 8B 
01:34:51.736    VK CreateFeature1 prologue: E9 4B F1 FF FF CC CC CC CC CC CC CC CC CC  <== a thunk into its own module, not a hook
01:34:51.737        the hook jumps into C:\Program Files\Hypergryph Launcher\games\Endfield Game\nvngx_dlss.dll +0xC6B30
01:34:51.737    VK EvaluateFeature prologue: 48 89 5C 24 08 48 89 6C 24 10 48 89 74 24 
01:34:51.830      00007FF92F6A79E0 is a thunk table entry; the hook goes to its destination 00007FF92F6A6B30 so the patch does not overwrite the entries beside it.
01:34:52.034      00007FF92F6A8020 is a thunk table entry; the hook goes to its destination 00007FF92F6A6F90 so the patch does not overwrite the entries beside it.
01:34:52.133    hooked: VULKAN CreateFeature=yes CreateFeature1=yes EvaluateFeature=yes EvaluateFeature_C=absent
01:34:52.134    hooked: VULKAN ReleaseFeature=yes
01:34:52.157  NGX layer 3 retirement finalized.
01:34:53.856  [vkmirror] ReShade created an effect runtime on Vulkan. The mirror takes it.
01:34:53.954  qpc=3635906022290 [fg-trace] layer queue discovery: 00007FF9D9316D70 hooked
01:34:54.099  [fg-relay] shutdown has no relay session or GPU objects; the next runtime can open its first relay.
01:34:54.105  [vkmirror] ReShade created an effect runtime on Vulkan. The mirror takes it.
01:34:54.106  [vkmirror] a new ReShade effect runtime exists, so the mirror is armed again and rebuilds on the next evaluate.
01:34:54.246  [fg-relay] shutdown has no relay session or GPU objects; the next runtime can open its first relay.
01:34:54.253  [vkmirror] ReShade created an effect runtime on Vulkan. The mirror takes it.
01:34:54.254  [vkmirror] a new ReShade effect runtime exists, so the mirror is armed again and rebuilds on the next evaluate.
01:34:54.255  qpc=3635909027145 [focus-fg] state: enabled=1 hooked=1 foreground=1 minimized=0 hwnd=00000000025B2E8C scope_calls=0 original_false=0 kept=0 presents=0 FG_evaluates=0
01:34:55.584  NGX layer 3: C:\Program Files\Hypergryph Launcher\games\Endfield Game\nvngx_dlssnr.dll (base=00007FF8C6790000)
01:34:55.585    version 310.8.0.0
01:34:55.585    NVSDK_NGX_D3D11_CreateFeature     = 00007FF8C67A38B0
01:34:55.585    NVSDK_NGX_D3D11_EvaluateFeature   = 00007FF8C67A3B20
01:34:55.585    NVSDK_NGX_D3D11_EvaluateFeature_C = 0000000000000000
01:34:55.585    NVSDK_NGX_D3D11_ReleaseFeature    = 00007FF8C67A4190
01:34:55.585    CreateFeature    prologue: 40 53 55 56 48 81 EC 80 02 00 00 48 8B 05 
01:34:55.585    EvaluateFeature  prologue: 40 53 55 56 57 41 56 48 81 EC 60 02 00 00 
01:34:55.870    hooked: CreateFeature=yes EvaluateFeature=yes EvaluateFeature_C=absent
01:34:55.870    hooked: D3D11 ReleaseFeature=yes
01:34:55.870    NVSDK_NGX_VULKAN_CreateFeature     = 00007FF8C67B4A20
01:34:55.870    NVSDK_NGX_VULKAN_CreateFeature1    = 00007FF8C67B4B70
01:34:55.870    NVSDK_NGX_VULKAN_EvaluateFeature   = 00007FF8C67B4C80
01:34:55.870    NVSDK_NGX_VULKAN_EvaluateFeature_C = 0000000000000000
01:34:55.870    NVSDK_NGX_VULKAN_ReleaseFeature    = 00007FF8C67B5410
01:34:55.870    VK CreateFeature prologue: 40 53 55 56 57 41 56 48 81 EC 60 02 00 00 
01:34:55.870    VK CreateFeature1 prologue: 40 53 55 56 57 41 56 48 81 EC 60 02 00 00 
01:34:55.870    VK EvaluateFeature prologue: 48 89 5C 24 08 48 89 6C 24 10 48 89 74 24 
01:34:56.244    hooked: VULKAN CreateFeature=yes CreateFeature1=yes EvaluateFeature=yes EvaluateFeature_C=absent
01:34:56.244    hooked: VULKAN ReleaseFeature=yes
01:35:09.207  qpc=3636058528955 [fg-trace] vkGetDeviceQueue(layer) family=0 index=1 -> queue=00000000310228D0 thread=74412
01:35:09.207  qpc=3636058531545 [fg-trace] vkGetDeviceQueue(layer) family=2 index=1 -> queue=00000000310250D0 thread=74412
01:35:09.218  [fg-relay] shutdown has no relay session or GPU objects; the next runtime can open its first relay.
01:35:09.228  [vkmirror] ReShade created an effect runtime on Vulkan. The mirror takes it.
01:35:09.228  [vkmirror] a new ReShade effect runtime exists, so the mirror is armed again and rebuilds on the next evaluate.
01:35:09.236  === Vulkan CreateFeature1 #1  feature_id=1  VkDevice=00000000322900D0  thread 79344 ===
01:35:09.254  [feature-lifecycle] Vulkan created feature=1 handle=00000004F476AE50 generation=1 live=1
01:35:09.255  === Vulkan CreateFeature1 #1 returned 1, handle=00000004F476AE50 ===
01:35:09.255  [vkmirror] the game's create states 2970x1253 -> 5120x2160. That is the shape the mirror will use, in preference to the four scalars its evaluates carry.
01:35:09.255  [fg-history] native game SR Reset=1; foreground=1.
01:35:09.255  [fg-input] native Vulkan DLSS is forwarded without a mirror; the real frame is processed once at the frame-generation input.
01:35:09.372  === Vulkan CreateFeature1 #2  feature_id=18  VkDevice=00000000322900D0  thread 79344 ===
01:35:09.373  === Vulkan CreateFeature1 #2 returned -1160773630, handle=0000000000000000 ===
01:35:09.374  qpc=3636060213543 [fg-trace] vkGetDeviceQueue(layer) family=0 index=0 -> queue=00000000310214D0 thread=79344
01:35:09.375  qpc=3636060213617 [fg-trace] vkGetDeviceQueue(layer) family=2 index=0 -> queue=0000000031023CD0 thread=79344
01:35:09.492  [fg-relay] shutdown has no relay session or GPU objects; the next runtime can open its first relay.
01:35:09.504  [vkmirror] ReShade created an effect runtime on Vulkan. The mirror takes it.
01:35:09.505  [vkmirror] a new ReShade effect runtime exists, so the mirror is armed again and rebuilds on the next evaluate.
01:35:09.526  [fg-relay] shutdown has no relay session or GPU objects; the next runtime can open its first relay.
01:35:09.535  [vkmirror] ReShade created an effect runtime on Vulkan. The mirror takes it.
01:35:09.535  [vkmirror] a new ReShade effect runtime exists, so the mirror is armed again and rebuilds on the next evaluate.
01:35:09.580  [fg-history] native game SR Reset=0; foreground=1.
01:35:09.580  === Vulkan CreateFeature1 #3  feature_id=18  VkDevice=00000000322900D0  thread 79344 ===
01:35:09.580  === Vulkan CreateFeature1 #3 returned -1160773630, handle=0000000000000000 ===
01:35:09.624  [fg-relay] shutdown has no relay session or GPU objects; the next runtime can open its first relay.
01:35:09.632  [vkmirror] ReShade created an effect runtime on Vulkan. The mirror takes it.
01:35:09.633  [vkmirror] a new ReShade effect runtime exists, so the mirror is armed again and rebuilds on the next evaluate.
01:35:10.586  === Vulkan CreateFeature1 #4  feature_id=18  VkDevice=00000000322900D0  thread 79344 ===
01:35:10.586  === Vulkan CreateFeature1 #4 returned -1160773630, handle=0000000000000000 ===
01:35:12.589  === Vulkan CreateFeature1 #5  feature_id=18  VkDevice=00000000322900D0  thread 79344 ===
01:35:12.589  === Vulkan CreateFeature1 #5 returned -1160773630, handle=0000000000000000 ===
01:35:15.726  qpc=3636123712723 [focus-fg] game SetOptions unchanged: readable=1 version=4 mode=0 generated=1 flags=0x8 retain_when_off=1 guides=0x0 colour=0x0 result=0x0 foreground=1 minimized=0
01:35:16.766  [feature-lifecycle] Vulkan release handle=00000004F476AE50 feature=1 generation=1 result=1 removed=1
01:35:17.775  qpc=3636144229778 [focus-fg] state: enabled=1 hooked=1 foreground=0 minimized=0 hwnd=00000000025B2E8C scope_calls=0 original_false=0 kept=0 presents=492 FG_evaluates=0
01:35:18.785  qpc=3636154328111 [focus-fg] state: enabled=1 hooked=1 foreground=1 minimized=0 hwnd=00000000025B2E8C scope_calls=0 original_false=0 kept=0 presents=524 FG_evaluates=0
01:35:24.590  [fg-relay] rate/15.2s p2 import_opt=1: presents=43.2/s present-gate[point=43.2 ready=0.0 fallback=0.0 inactive=0.0]/s noinfo=0.0/s stale=0.0/s unlearned=0.0/s attempts=0.0/s armed=0.0/s skipped=0.0/s busy=0.0/s arm-reject[state=0.0 request=0.0 refused=0.0 stopping=0.0 res=0.0 size=0.0]/s pool[cap=0.0 family=0.0 create=0.0 alloc=0.0]/s copy-drop[fence=0.0 reset=0.0 begin=0.0 end=0.0 submit=0.0]/s cf[seq=0.0/s idle=0.0/s nrfence=0.0/s] slotbusy=0.0/s copyfence-busy=0.0/s nr-gpuwait=0.0/s flips=0.0/s
01:35:24.590  [fg-relay] rate2: fginput eval=0.0/s index!=1=0.0/s eval-gate[off=0.0 fallback=0.0 notready=0.0 noinput=0.0 noqueue=0.0]/s relay eval=0.0/s consume=0.0/s inplace=0.0/s(ok 0.0/s) unarmed=0.0/s mismatch=0.0/s relbusy=0.0/s relok=0.0/s relfail=0.0/s release-stage[queue=0.0 pool=0.0 fence=0.0 reset=0.0 begin=0.0 end=0.0 submit=0.0]/s watchdog=0.0/s | worker plays=0.0/s ok=0.0/s fail=0.0/s nr_absent=0.0/s copyfail=0.0/s
01:35:24.590  [fg-relay] rate3: arm->arm avg=0.00ms max=0.00ms n=0 | arm->work avg=0.00ms max=0.00ms | arm->eval avg=0.00ms max=0.00ms | copywait avg=0.000ms max=0.000ms | copy-land<= avg=0.00ms max=0.00ms | work avg=0.00ms max=0.00ms | totals armed=0 unarmed=0 skipped=0 busy=0 mismatch=0 copies_failed=0 writes=0 conflicts=0
01:35:24.590  [fg-relay] rate4: throttle depth=1 off=0 | sleep calls=43.3/s waits=0.0/s clear=0.0/s timeouts=0.0/s avg=0.00ms | present calls=43.2/s waits=0.0/s clear=0.0/s timeouts=0.0/s avg=0.00ms | max=0.00ms (process)
01:35:26.562  === Vulkan CreateFeature1 #6  feature_id=1  VkDevice=00000000322900D0  thread 79344 ===
01:35:26.580  [feature-lifecycle] Vulkan created feature=1 handle=00000027D9664EF0 generation=2 live=1
01:35:26.581  === Vulkan CreateFeature1 #6 returned 1, handle=00000027D9664EF0 ===
01:35:26.582  [fg-history] native game SR Reset=1; foreground=1.
01:35:26.582  === Vulkan CreateFeature1 #7  feature_id=18  VkDevice=00000000322900D0  thread 79344 ===
01:35:26.582  === Vulkan CreateFeature1 #7 returned -1160773630, handle=0000000000000000 ===
01:35:26.584  === Vulkan CreateFeature1 #8  feature_id=11  VkDevice=00000000322900D0  thread 79344 ===
01:35:26.585  qpc=3636232306487 [focus-fg] game SetOptions unchanged: readable=1 version=4 mode=1 generated=3 flags=0x0 retain_when_off=0 guides=0x0 colour=0x0 result=0x0 foreground=1 minimized=0
01:35:26.608  [feature-lifecycle] Vulkan created feature=11 handle=000000263DE2B5C0 generation=3 live=2
01:35:26.608  === Vulkan CreateFeature1 #8 returned 1, handle=000000263DE2B5C0 ===
01:35:26.621  [fg-history] native game SR Reset=0; foreground=1.
01:35:26.622  === Vulkan CreateFeature1 #9  feature_id=18  VkDevice=00000000322900D0  thread 79344 ===
01:35:26.622  === Vulkan CreateFeature1 #9 returned -1160773630, handle=0000000000000000 ===
01:35:26.683  [present-adapter] enabled, idle. Awaiting a new request token; existing requests are ignored.
01:35:26.684  [fg-input] AutoRun: continuous NR at the frame-generation input; a request with frames=0 stops it. pipeline=serial park
01:35:26.684  
01:35:26.684  ################ synth: opening on this add-on's own D3D12 device ################
01:35:26.689  [bridge] D3D12 device created at feature level 12_1.
01:35:26.689  [bridge] the D3D12 device came back wrapped by ReShade: 00000027D9AED370 over 000000013DC2F9A0. NGX is given the unwrapped one, so no other add-on is handed D3D12 objects it never asked for.
01:35:26.689  [bridge] add-ons loaded at this point, with their bases:
01:35:26.689  [bridge]   dlss5-bridge.addon64 at 00007FF9FE270000
01:35:26.689  [bridge]   renodx-dlss5.addon64 at 00007FF98F990000
01:35:26.720  [synth] this add-on's own D3D12 device is 000000013DC2F9A0 and its graphics queue is 000000012F38B380
01:35:26.720  [bridge] NGX D3D12 entry points taken from C:\WINDOWS\System32\DriverStore\FileRepository\nv_dispsi.inf_amd64_b8459fc8f905f657\_nvngx.dll
01:35:26.720  [synth] NGX data path: C:\Program Files\Hypergryph Launcher\games\Endfield Game\
01:35:26.914  NGX layer 4: C:\Program Files\Hypergryph Launcher\games\Endfield Game\nvngx_dlss.dll (base=00007FF8FB0E0000)
01:35:26.915    version 310.5.2.0
01:35:26.915    NVSDK_NGX_D3D11_CreateFeature     = 00007FF8FB125160
01:35:26.915    NVSDK_NGX_D3D11_EvaluateFeature   = 00007FF8FB1252C0
01:35:26.915    NVSDK_NGX_D3D11_EvaluateFeature_C = 0000000000000000
01:35:26.915    NVSDK_NGX_D3D11_ReleaseFeature    = 00007FF8FB125720
01:35:26.915    CreateFeature    prologue: 48 89 5C 24 08 48 89 6C 24 10 56 57 41 56 
01:35:26.915    EvaluateFeature  prologue: 48 89 5C 24 08 48 89 6C 24 10 48 89 74 24 
01:35:27.122      00007FF8FB125720 is a thunk table entry; the hook goes to its destination 00007FF8FB123440 so the patch does not overwrite the entries beside it.
01:35:27.228    hooked: CreateFeature=yes EvaluateFeature=yes EvaluateFeature_C=absent
01:35:27.228    hooked: D3D11 ReleaseFeature=yes
01:35:27.228    NVSDK_NGX_VULKAN_CreateFeature     = 00007FF8FB1A79C0
01:35:27.228    NVSDK_NGX_VULKAN_CreateFeature1    = 00007FF8FB1A79E0
01:35:27.228    NVSDK_NGX_VULKAN_EvaluateFeature   = 00007FF8FB1A79F0
01:35:27.228    NVSDK_NGX_VULKAN_EvaluateFeature_C = 0000000000000000
01:35:27.228    NVSDK_NGX_VULKAN_ReleaseFeature    = 00007FF8FB1A8020
01:35:27.228    VK CreateFeature prologue: 48 83 EC 38 4C 89 4C 24 20 4D 8B C8 44 8B 
01:35:27.229    VK CreateFeature1 prologue: E9 4B F1 FF FF CC CC CC CC CC CC CC CC CC  <== a thunk into its own module, not a hook
01:35:27.229        the hook jumps into C:\Program Files\Hypergryph Launcher\games\Endfield Game\nvngx_dlss.dll +0xC6B30
01:35:27.229    VK EvaluateFeature prologue: 48 89 5C 24 08 48 89 6C 24 10 48 89 74 24 
01:35:27.329      00007FF8FB1A79E0 is a thunk table entry; the hook goes to its destination 00007FF8FB1A6B30 so the patch does not overwrite the entries beside it.
01:35:27.536      00007FF8FB1A8020 is a thunk table entry; the hook goes to its destination 00007FF8FB1A6F90 so the patch does not overwrite the entries beside it.
01:35:27.649    hooked: VULKAN CreateFeature=yes CreateFeature1=yes EvaluateFeature=yes EvaluateFeature_C=absent
01:35:27.649    hooked: VULKAN ReleaseFeature=yes
01:35:27.677  [synth] Init_Ext(version=0x13) -> ok
01:35:27.677  [synth] D3D12 session ready on this add-on's own D3D12 device. The frame does not start on this device, so every texture NGX reads is created shareable here and imported by the API the game renders with.
01:35:27.677  [synth] Vulkan side ready: VkDevice 00000000322900D0, VK_KHR_external_memory_win32 enabled, VK_KHR_push_descriptor enabled, 23 entry points resolved out of vulkan-1.dll with no import of it.
01:35:27.678  [fg-colour] active=5120x2160 HUD-less texture=5120x2160 origin=0,0 backbuffer texture=5120x2160 origin=0,0; outside pixels preserved.
01:35:27.679  [fg-guides] GPU nearest ready: two device-local buffers of 44236800 bytes, integer raw-texel shader, concurrent queue-families=0x5.
01:35:27.679  [fg-input] building the private feature and its Vulkan import for 5120x2160 R8G8B8A8_UNORM
01:35:27.686  [bridge] shader compiler: C:\Program Files\Hypergryph Launcher\games\Endfield Game\d3dcompiler_47.dll
01:35:27.693  [bridge] sRGB conversion ready: R8G8B8A8_UNORM -> linear BT.709 (normalized SDR) -> original encoding.
01:35:27.693  [synth] colour in R8G8B8A8_UNORM, output R8G8B8A8_UNORM -- the frame is copied into the first and the result is copied back out of the second, because NGX reads one as a shader resource and writes the other through a UAV in the same call.
01:35:27.693  [synth]   Color  fmt 28 5120x2160 flags=0x20: sample yes, typed UAV yes, UAV load yes, UAV store yes
01:35:27.693  [synth]   Output fmt 28 5120x2160 flags=0x24: sample yes, typed UAV yes, UAV load yes, UAV store yes
01:35:27.693  [synth]   Depth  fmt 41 5120x2160 flags=0x20: sample yes, typed UAV yes, UAV load yes, UAV store yes
01:35:27.694  [synth]   MV     fmt 34 5120x2160 flags=0x20: sample yes, typed UAV yes, UAV load yes, UAV store yes
01:35:27.694  [bridge] the synthetic contract's create flags 8: DepthInverted
01:35:27.781  [synth] feature ready on this add-on's own D3D12 device: 5120x2160 -> 5120x2160 handle=00000028CC8762B0
01:35:27.782  [synth] imported memory: the image allows types 0x00000003, the imported handle allows 0x00000002 (query returned 0), and the lowest of the two together is taken, index 1. UNVERIFIED on AMD and on Intel -- if the import fails or the picture is wrong on one of those, this line is the first thing to compare.
01:35:27.783  [synth] 5 D3D12 textures imported into the game's VkDevice -- the four slots, and the pipeline's second Output -- and a 44236800-byte buffer made for the depth aspect to travel through.
01:35:27.784  [present-adapter] NGX evaluate module: _nvngx.dll internal=nvngx.dll product=NGX.
01:35:27.784  [present-adapter] NGX evaluate module: 160_E658700.bin internal=DLSS product=NVIDIA Deep Learning SuperSampling.
01:35:27.784  [present-adapter] NGX evaluate module: 160_E658700.bin internal=DLSS-G product=NVIDIA DLSS-G MFGLW.
01:35:27.784  [present-adapter] NGX evaluate module: nvngx_deepdvc.dll internal=DEEPDVC product=NVIDIA DEEPDVC.
01:35:27.784  [present-adapter] NGX evaluate module: nvngx_dlssd.dll internal=DLSS product=NVIDIA DLSS Ray Reconstruction.
01:35:27.784  [present-adapter] NGX evaluate module: nvngx_dlssnr.dll internal=DLSSNR product=NVIDIA DLSSNR.
01:35:27.878  [present-adapter] private SR carrier copy ready; external SR calls remain tail-forwarded.
01:35:27.977  [present-adapter] NR entry witness ready (tail-forward, CPU observation only).
01:35:27.981  [fg-input] ready: HUD-less -> linear sRGB carrier -> Generic NR -> UI-preserving composite; FG interpolates processed frames. guides: mv=game (scale 5120.000,2160.000) depth=game inverted=1
01:35:27.981  [fg-history] FG Reset burst starts; contract_changed=1 bridge_pending=1 foreground=1.
01:35:27.981  [fg-guides] output=5120x2160 depth=2970x1252 rect=0,0+2970x1252 mv=2970x1252 rect=0,0+2970x1252 mv-scale=2970,1252 carrier-scale=5120,2160 jitter=0.375,0.0555556 jittered=0 inverted=1 reset=1 gpu-nearest=1/1.
01:35:27.983  === Vulkan CreateFeature1 #10  feature_id=18  VkDevice=00000000322900D0  thread 79344 ===
01:35:27.984  === Vulkan CreateFeature1 #10 returned -1160773630, handle=0000000000000000 ===
01:35:27.983  [fg-census] evaluate observed: MultiFrameIndex=2 thread=74568
01:35:27.984  [fg-census] pass 1 begins: 131 keys, types tried u/i/f/d/ull/ptr.
01:35:27.984  [fg-census] DLSSG.AutomodeOverrideReset u=0 i=0 f=0 d=0 ull=0
01:35:27.984  [fg-census] DLSSG.Backbuffer ptr=0000002664B4B688
01:35:27.984  [fg-census] DLSSG.BackbufferFormat u=37 i=37 f=37 d=37 ull=37
01:35:27.984  [fg-census] DLSSG.BackbufferFrameID ptr=00000000000002BF
01:35:27.984  [fg-census] DLSSG.BackbufferSubrectBaseX u=0 i=0 f=0 d=0 ull=0
01:35:27.984  [fg-census] DLSSG.BackbufferSubrectBaseY u=0 i=0 f=0 d=0 ull=0
01:35:27.984  [fg-census] DLSSG.BackbufferSubrectHeight u=2160 i=2160 f=2160 d=2160 ull=2160
01:35:27.984  [fg-census] DLSSG.BackbufferSubrectWidth u=5120 i=5120 f=5120 d=5120 ull=5120
01:35:27.984  [fg-census] DLSSG.BidirectionalDistortionField ptr=0000000000000000
01:35:27.984  [fg-census] DLSSG.BidirectionalDistortionFieldLowPrecision.Bias u=0 i=0 f=0 d=0 ull=0
01:35:27.984  [fg-census] DLSSG.BidirectionalDistortionFieldLowPrecision.IsLowPrecision u=0 i=0 f=0 d=0 ull=0
01:35:27.984  [fg-census] DLSSG.BidirectionalDistortionFieldLowPrecision.Scale u=1 i=1 f=1 d=1 ull=1
01:35:27.984  [fg-census] DLSSG.BidirectionalDistortionFieldSubrectBaseX u=0 i=0 f=0 d=0 ull=0
01:35:27.984  [fg-census] DLSSG.BidirectionalDistortionFieldSubrectBaseY u=0 i=0 f=0 d=0 ull=0
01:35:27.984  [fg-census] DLSSG.BidirectionalDistortionFieldSubrectHeight u=0 i=0 f=0 d=0 ull=0
01:35:27.984  [fg-census] DLSSG.BidirectionalDistortionFieldSubrectWidth u=0 i=0 f=0 d=0 ull=0
01:35:27.984  [fg-census] DLSSG.CameraAspectRatio u=2 i=2 f=2.37037 d=2.37037039 ull=2
01:35:27.984  [fg-census] DLSSG.CameraFOV u=1 i=1 f=1.01229 d=1.01229095 ull=1
01:35:27.985  [fg-census] DLSSG.CameraFar u=10000 i=10000 f=10000 d=10000 ull=10000
01:35:27.985  [fg-census] DLSSG.CameraFwdX u=0 i=0 f=-0.947023 d=-0.947023332 ull=0
01:35:27.985  [fg-census] DLSSG.CameraFwdY u=0 i=0 f=0.0560373 d=0.0560372546 ull=0
01:35:27.985  [fg-census] DLSSG.CameraFwdZ u=0 i=0 f=-0.316238 d=-0.316238403 ull=0
01:35:27.985  [fg-census] DLSSG.CameraMotionIncluded u=1 i=1 f=1 d=1 ull=1
01:35:27.985  [fg-census] DLSSG.CameraNear u=0 i=0 f=0.1 d=0.100000001 ull=0
01:35:27.985  [fg-census] DLSSG.CameraPinholeOffsetX u=0 i=0 f=0 d=0 ull=0
01:35:27.985  [fg-census] DLSSG.CameraPinholeOffsetY u=0 i=0 f=0 d=0 ull=0
01:35:27.985  [fg-census] DLSSG.CameraPosX u=0 i=0 f=-1.19209e-07 d=-1.1920929e-07 ull=0
01:35:27.985  [fg-census] DLSSG.CameraPosY u=4294967295 i=-1 f=-1.37852 d=-1.37852454 ull=18446744073709551615
01:35:27.985  [fg-census] DLSSG.CameraPosZ u=4294967293 i=-3 f=-3.86705 d=-3.86705446 ull=18446744073709551613
01:35:27.985  [fg-census] DLSSG.CameraRightX u=0 i=0 f=-0.321165 d=-0.321164966 ull=0
01:35:27.985  [fg-census] DLSSG.CameraRightY u=0 i=0 f=-0.165238 d=-0.165237814 ull=0
01:35:27.985  [fg-census] DLSSG.CameraRightZ u=0 i=0 f=0.932496 d=0.932496488 ull=0
01:35:27.985  [fg-census] DLSSG.CameraUpX u=0 i=0 f=7.45058e-09 d=7.4505806e-09 ull=0
01:35:27.985  [fg-census] DLSSG.CameraUpY u=0 i=0 f=0.984661 d=0.984660506 ull=0
01:35:27.985  [fg-census] DLSSG.CameraUpZ u=0 i=0 f=0.174481 d=0.174481243 ull=0
01:35:27.985  [fg-census] DLSSG.CameraViewToClip ptr=0000002664B4B8D8 m=[0.7605 0 0 0 | 0 1.804 0 0 | 0 0 9.954e-06 -1 | 0 0 0.1 0]
01:35:27.986  [fg-census] DLSSG.ClipToCameraView ptr=0000002664B4B918 m=[1.315 -0 -0 0 | 0 -0.5543 -0 0 | 0 -0 -0 10 | 0 -0 -1 9.954e-05]
01:35:27.986  [fg-census] DLSSG.ClipToLensClip ptr=0000002664B4B958 m=[1 0 0 0 | 0 1 0 0 | 0 0 1 0 | 0 0 0 1]
01:35:27.986  [fg-census] DLSSG.ClipToPrevClip ptr=0000002664B4B998 m=[1 -1.49e-08 0 0 | 3.725e-09 1 -1.421e-14 9.313e-10 | -9.066e-07 0 1 0 | 2.979e-08 6.31e-08 0 1]
01:35:27.986  [fg-census] DLSSG.CmdAlloc ptr=0000000041BC14D0
01:35:27.986  [fg-census] DLSSG.CmdQueue ptr=0000000031023CD0
01:35:27.986  [fg-census] DLSSG.ColorBuffersHDR u=0 i=0 f=0 d=0 ull=0
01:35:27.987  [fg-census] DLSSG.Depth ptr=0000002664B4B568
01:35:27.987  [fg-census] DLSSG.DepthInverted u=1 i=1 f=1 d=1 ull=1
01:35:27.987  [fg-census] DLSSG.DepthSubrectBaseX u=0 i=0 f=0 d=0 ull=0
01:35:27.987  [fg-census] DLSSG.DepthSubrectBaseY u=0 i=0 f=0 d=0 ull=0
01:35:27.987  [fg-census] DLSSG.DepthSubrectHeight u=1252 i=1252 f=1252 d=1252 ull=1252
01:35:27.987  [fg-census] DLSSG.DepthSubrectWidth u=2970 i=2970 f=2970 d=2970 ull=2970
01:35:27.987  [fg-census] DLSSG.Dynamic.ReflexDriven u=0 i=0 f=0 d=0 ull=0
01:35:27.987  [fg-census] DLSSG.DynamicMaxFrameCount u=5 i=5 f=5 d=5 ull=5
01:35:27.987  [fg-census] DLSSG.DynamicResolution u=0 i=0 f=0 d=0 ull=0
01:35:27.987  [fg-census] DLSSG.EnableInterp u=1 i=1 f=1 d=1 ull=1
01:35:27.987  [fg-census] DLSSG.EstimateVRAMCallback ptr=00007FF935207A90
01:35:27.987  [fg-census] DLSSG.EvalFlags u=0 i=0 f=0 d=0 ull=0
01:35:27.987  [fg-input] frame=1 5120x2160 vkfmt=37 mode=NR pipeline=serial nr_entries=0 sr_entries=1 sr_copies=1 ok=1 busy_skips=0 token=1.
01:35:27.987  [fg-census] DLSSG.FenceEvent ptr=0000000000000000
01:35:27.988  [fg-census] DLSSG.FlipMetering u=0 i=0 f=0 d=0 ull=0
01:35:27.988  [fg-census] DLSSG.HUDLess ptr=0000002664B4B6E8
01:35:27.988  [fg-census] DLSSG.HUDLessSubrectBaseX u=0 i=0 f=0 d=0 ull=0
01:35:27.988  [fg-census] DLSSG.HUDLessSubrectBaseY u=0 i=0 f=0 d=0 ull=0
01:35:27.988  [fg-census] DLSSG.HUDLessSubrectHeight u=2160 i=2160 f=2160 d=2160 ull=2160
01:35:27.988  [fg-census] DLSSG.HUDLessSubrectWidth u=5120 i=5120 f=5120 d=5120 ull=5120
01:35:27.988  [fg-census] DLSSG.Height u=2160 i=2160 f=2160 d=2160 ull=2160
01:35:27.988  [fg-census] DLSSG.InternalHeight u=0 i=0 f=0 d=0 ull=0
01:35:27.988  [fg-census] DLSSG.InternalWidth u=0 i=0 f=0 d=0 ull=0
01:35:27.988  [fg-census] DLSSG.IsRecording u=1 i=1 f=1 d=1 ull=1
01:35:27.988  [fg-census] DLSSG.JitterOffsetX u=0 i=0 f=0.375 d=0.375 ull=0
01:35:27.988  [fg-census] DLSSG.JitterOffsetY u=0 i=0 f=0.0555556 d=0.0555555522 ull=0
01:35:27.988  [fg-census] DLSSG.MVecs ptr=0000002664B4B5C8
01:35:27.989  [fg-census] DLSSG.MVecsSubrectBaseX u=0 i=0 f=0 d=0 ull=0
01:35:27.989  [fg-census] DLSSG.MVecsSubrectBaseY u=0 i=0 f=0 d=0 ull=0
01:35:27.989  [fg-census] DLSSG.MVecsSubrectHeight u=1252 i=1252 f=1252 d=1252 ull=1252
01:35:27.989  [fg-census] DLSSG.MVecsSubrectWidth u=2970 i=2970 f=2970 d=2970 ull=2970
01:35:27.989  [fg-census] DLSSG.MenuDetectionEnabled u=0 i=0 f=0 d=0 ull=0
01:35:27.989  [fg-census] DLSSG.MinRelativeLinearDepthObjectSeparation u=40 i=40 f=40 d=40 ull=40
01:35:27.989  [fg-census] DLSSG.ModelVersion u=512 i=512 f=512 d=512 ull=512
01:35:27.989  [fg-census] DLSSG.MultiFrameCount u=3 i=3 f=3 d=3 ull=3
01:35:27.989  [fg-census] DLSSG.MultiFrameCountMax u=5 i=5 f=5 d=5 ull=5
01:35:27.989  [fg-census] DLSSG.MultiFrameIndex u=2 i=2 f=2 d=2 ull=2
01:35:27.989  [fg-census] DLSSG.MvecDilated u=0 i=0 f=0 d=0 ull=0
01:35:27.989  [fg-census] DLSSG.MvecInvalidValue u=0 i=-2147483648 f=3.40282e+38 d=3.40282347e+38 ull=9223372036854775808
01:35:27.989  [fg-census] DLSSG.MvecJittered u=0 i=0 f=0 d=0 ull=0
01:35:27.989  [fg-census] DLSSG.MvecScaleX u=2970 i=2970 f=2970 d=2970 ull=2970
01:35:27.989  [fg-census] DLSSG.MvecScaleY u=1252 i=1252 f=1252 d=1252 ull=1252
01:35:27.990  [fg-census] DLSSG.NoWarp ptr=0000000000000000
01:35:27.990  [fg-census] DLSSG.NoWarpSubrectBaseX u=0 i=0 f=0 d=0 ull=0
01:35:27.990  [fg-census] DLSSG.NoWarpSubrectBaseY u=0 i=0 f=0 d=0 ull=0
01:35:27.990  [fg-census] DLSSG.NoWarpSubrectHeight u=0 i=0 f=0 d=0 ull=0
01:35:27.990  [fg-census] DLSSG.NoWarpSubrectWidth u=0 i=0 f=0 d=0 ull=0
01:35:27.990  [fg-census] DLSSG.NotRenderingGameFrames u=0 i=0 f=0 d=0 ull=0
01:35:27.990  [fg-census] DLSSG.OrthoProjection u=0 i=0 f=0 d=0 ull=0
01:35:27.990  [fg-census] DLSSG.OutputDisableInterpolation ptr=0000002664B4B868
01:35:27.990  [fg-census] DLSSG.OutputInterpolated ptr=00000027D9AB69C8
01:35:27.990  [fg-census] DLSSG.OutputReal ptr=0000000000000000
01:35:27.990  [fg-census] DLSSG.PrevClipToClip ptr=0000002664B4B9D8 m=[1 1.49e-08 2.118e-22 -1.388e-17 | -3.725e-09 1 1.421e-14 -9.313e-10 | 9.066e-07 1.351e-14 1 -1.258e-23 | -2.979e-08 -6.31e-08 -8.967e-22 1]
01:35:27.990  [fg-census] DLSSG.QueueSubmitCallback ptr=0000000000000000
01:35:27.990  [fg-census] DLSSG.QueueSubmitCallbackData ptr=0000000000000000
01:35:27.991  [fg-census] DLSSG.RefreshRate u=119 i=119 f=119.996 d=119.996002 ull=119
01:35:27.991  [fg-census] DLSSG.Reset u=1 i=1 f=1 d=1 ull=1
01:35:27.991  [fg-census] DLSSG.StreamlineMode u=1 i=1 f=1 d=1 ull=1
01:35:27.991  [fg-census] DLSSG.StreamlineVersionTag ptr=00007FF9FBCACB50
01:35:27.991  [fg-census] DLSSG.SyncFlushCallback ptr=0000000000000000
01:35:27.991  [fg-census] DLSSG.SyncFlushCallbackData ptr=0000000000000000
01:35:27.991  [fg-census] DLSSG.SyncSignalCallback ptr=0000000000000000
01:35:27.991  [fg-census] DLSSG.SyncSignalCallbackData ptr=0000000000000000
01:35:27.991  [fg-census] DLSSG.SyncSignalOnlyCallback ptr=0000000000000000
01:35:27.991  [fg-census] DLSSG.SyncSignalOnlyCallbackData ptr=0000000000000000
01:35:27.991  [fg-census] DLSSG.SyncWaitCallback ptr=0000000000000000
01:35:27.991  [fg-census] DLSSG.SyncWaitCallbackData ptr=0000000000000000
01:35:27.991  [fg-census] DLSSG.SyncWaitOnlyCallback ptr=0000000000000000
01:35:27.991  [fg-census] DLSSG.SyncWaitOnlyCallbackData ptr=0000000000000000
01:35:27.991  [fg-census] DLSSG.TargetFrameRate u=119 i=119 f=119.996 d=119.996002 ull=119
01:35:27.992  [fg-census] DLSSG.UI ptr=0000000000000000
01:35:27.992  [fg-census] DLSSG.UIAlpha ptr=0000000000000000
01:35:27.992  [fg-census] DLSSG.UIAlphaSubrectBaseX u=0 i=0 f=0 d=0 ull=0
01:35:27.992  [fg-census] DLSSG.UIAlphaSubrectBaseY u=0 i=0 f=0 d=0 ull=0
01:35:27.992  [fg-census] DLSSG.UIAlphaSubrectHeight u=0 i=0 f=0 d=0 ull=0
01:35:27.992  [fg-census] DLSSG.UIAlphaSubrectWidth u=0 i=0 f=0 d=0 ull=0
01:35:27.992  [fg-census] DLSSG.UISubrectBaseX u=0 i=0 f=0 d=0 ull=0
01:35:27.992  [fg-census] DLSSG.UISubrectBaseY u=0 i=0 f=0 d=0 ull=0
01:35:27.992  [fg-census] DLSSG.UISubrectHeight u=0 i=0 f=0 d=0 ull=0
01:35:27.992  [fg-census] DLSSG.UISubrectWidth u=0 i=0 f=0 d=0 ull=0
01:35:27.992  [fg-census] DLSSG.UserInterfaceRecompositionEnabled u=0 i=0 f=0 d=0 ull=0
01:35:27.992  [fg-census] DLSSG.VSyncDriverRequested u=1 i=1 f=1 d=1 ull=1
01:35:27.992  [fg-census] DLSSG.VSyncOn u=0 i=0 f=0 d=0 ull=0
01:35:27.992  [fg-census] DLSSG.VSyncSupported u=0 i=0 f=0 d=0 ull=0
01:35:27.992  [fg-census] DLSSG.VkOFAModeRequest u=1 i=1 f=1 d=1 ull=1
01:35:27.992  [fg-census] DLSSG.Width u=5120 i=5120 f=5120 d=5120 ull=5120
01:35:27.993  [fg-census] DLSSG.run_lowres_mvec_pass u=1 i=1 f=1 d=1 ull=1
01:35:27.993  [fg-census] pass 1 ends.
01:35:27.993  [fg-census] evaluate observed: MultiFrameIndex=3 thread=74568
01:35:27.993  [fg-census] pass 2 begins: 131 keys, types tried u/i/f/d/ull/ptr.
01:35:27.993  [fg-census] DLSSG.AutomodeOverrideReset u=0 i=0 f=0 d=0 ull=0
01:35:27.993  [fg-census] DLSSG.Backbuffer ptr=0000002664B4B688
01:35:27.993  [fg-census] DLSSG.BackbufferFormat u=37 i=37 f=37 d=37 ull=37
01:35:27.993  [fg-census] DLSSG.BackbufferFrameID ptr=00000000000002BF
01:35:27.993  [fg-census] DLSSG.BackbufferSubrectBaseX u=0 i=0 f=0 d=0 ull=0
01:35:27.993  [fg-census] DLSSG.BackbufferSubrectBaseY u=0 i=0 f=0 d=0 ull=0
01:35:27.993  [fg-census] DLSSG.BackbufferSubrectHeight u=2160 i=2160 f=2160 d=2160 ull=2160
01:35:27.993  [fg-census] DLSSG.BackbufferSubrectWidth u=5120 i=5120 f=5120 d=5120 ull=5120
01:35:27.993  [fg-census] DLSSG.BidirectionalDistortionField ptr=0000000000000000
01:35:27.993  [fg-census] DLSSG.BidirectionalDistortionFieldLowPrecision.Bias u=0 i=0 f=0 d=0 ull=0
01:35:27.993  [fg-census] DLSSG.BidirectionalDistortionFieldLowPrecision.IsLowPrecision u=0 i=0 f=0 d=0 ull=0
01:35:27.993  [fg-census] DLSSG.BidirectionalDistortionFieldLowPrecision.Scale u=1 i=1 f=1 d=1 ull=1
01:35:27.993  [fg-census] DLSSG.BidirectionalDistortionFieldSubrectBaseX u=0 i=0 f=0 d=0 ull=0
01:35:27.993  [fg-census] DLSSG.BidirectionalDistortionFieldSubrectBaseY u=0 i=0 f=0 d=0 ull=0
01:35:27.993  [fg-census] DLSSG.BidirectionalDistortionFieldSubrectHeight u=0 i=0 f=0 d=0 ull=0
01:35:27.993  [fg-census] DLSSG.BidirectionalDistortionFieldSubrectWidth u=0 i=0 f=0 d=0 ull=0
01:35:27.993  [fg-census] DLSSG.CameraAspectRatio u=2 i=2 f=2.37037 d=2.37037039 ull=2
01:35:27.993  [fg-census] DLSSG.CameraFOV u=1 i=1 f=1.01229 d=1.01229095 ull=1
01:35:27.993  [fg-census] DLSSG.CameraFar u=10000 i=10000 f=10000 d=10000 ull=10000
01:35:27.994  [fg-census] DLSSG.CameraFwdX u=0 i=0 f=-0.947023 d=-0.947023332 ull=0
01:35:27.994  [fg-census] DLSSG.CameraFwdY u=0 i=0 f=0.0560373 d=0.0560372546 ull=0
01:35:27.994  [fg-census] DLSSG.CameraFwdZ u=0 i=0 f=-0.316238 d=-0.316238403 ull=0
01:35:27.994  [fg-census] DLSSG.CameraMotionIncluded u=1 i=1 f=1 d=1 ull=1
01:35:27.994  [fg-census] DLSSG.CameraNear u=0 i=0 f=0.1 d=0.100000001 ull=0
01:35:27.994  [fg-census] DLSSG.CameraPinholeOffsetX u=0 i=0 f=0 d=0 ull=0
01:35:27.994  [fg-census] DLSSG.CameraPinholeOffsetY u=0 i=0 f=0 d=0 ull=0
01:35:27.995  [fg-census] DLSSG.CameraPosX u=0 i=0 f=-1.19209e-07 d=-1.1920929e-07 ull=0
01:35:27.995  [fg-census] DLSSG.CameraPosY u=4294967295 i=-1 f=-1.37852 d=-1.37852454 ull=18446744073709551615
01:35:27.995  [fg-census] DLSSG.CameraPosZ u=4294967293 i=-3 f=-3.86705 d=-3.86705446 ull=18446744073709551613
01:35:27.995  [fg-census] DLSSG.CameraRightX u=0 i=0 f=-0.321165 d=-0.321164966 ull=0
01:35:27.995  [fg-census] DLSSG.CameraRightY u=0 i=0 f=-0.165238 d=-0.165237814 ull=0
01:35:27.995  [fg-census] DLSSG.CameraRightZ u=0 i=0 f=0.932496 d=0.932496488 ull=0
01:35:27.995  [fg-census] DLSSG.CameraUpX u=0 i=0 f=7.45058e-09 d=7.4505806e-09 ull=0
01:35:27.995  [fg-census] DLSSG.CameraUpY u=0 i=0 f=0.984661 d=0.984660506 ull=0
01:35:27.995  [fg-census] DLSSG.CameraUpZ u=0 i=0 f=0.174481 d=0.174481243 ull=0
01:35:27.996  [fg-census] DLSSG.CameraViewToClip ptr=0000002664B4B8D8 m=[0.7605 0 0 0 | 0 1.804 0 0 | 0 0 9.954e-06 -1 | 0 0 0.1 0]
01:35:27.996  [fg-census] DLSSG.ClipToCameraView ptr=0000002664B4B918 m=[1.315 -0 -0 0 | 0 -0.5543 -0 0 | 0 -0 -0 10 | 0 -0 -1 9.954e-05]
01:35:27.996  [fg-census] DLSSG.ClipToLensClip ptr=0000002664B4B958 m=[1 0 0 0 | 0 1 0 0 | 0 0 1 0 | 0 0 0 1]
01:35:27.996  [fg-census] DLSSG.ClipToPrevClip ptr=0000002664B4B998 m=[1 -1.49e-08 0 0 | 3.725e-09 1 -1.421e-14 9.313e-10 | -9.066e-07 0 1 0 | 2.979e-08 6.31e-08 0 1]
01:35:27.996  [fg-census] DLSSG.CmdAlloc ptr=0000000041BC19D0
01:35:27.996  [fg-census] DLSSG.CmdQueue ptr=0000000031023CD0
01:35:27.996  [fg-census] DLSSG.ColorBuffersHDR u=0 i=0 f=0 d=0 ull=0
01:35:27.996  [fg-census] DLSSG.Depth ptr=0000002664B4B568
01:35:27.996  [fg-census] DLSSG.DepthInverted u=1 i=1 f=1 d=1 ull=1
01:35:27.996  [fg-census] DLSSG.DepthSubrectBaseX u=0 i=0 f=0 d=0 ull=0
01:35:27.996  [fg-census] DLSSG.DepthSubrectBaseY u=0 i=0 f=0 d=0 ull=0
01:35:27.996  [fg-census] DLSSG.DepthSubrectHeight u=1252 i=1252 f=1252 d=1252 ull=1252
01:35:27.996  [fg-census] DLSSG.DepthSubrectWidth u=2970 i=2970 f=2970 d=2970 ull=2970
01:35:27.996  [fg-census] DLSSG.Dynamic.ReflexDriven u=0 i=0 f=0 d=0 ull=0
01:35:27.996  [fg-census] DLSSG.DynamicMaxFrameCount u=5 i=5 f=5 d=5 ull=5
01:35:27.996  [fg-census] DLSSG.DynamicResolution u=0 i=0 f=0 d=0 ull=0
01:35:27.997  [fg-census] DLSSG.EnableInterp u=1 i=1 f=1 d=1 ull=1
01:35:27.997  [fg-census] DLSSG.EstimateVRAMCallback ptr=00007FF935207A90
01:35:27.997  [fg-census] DLSSG.EvalFlags u=0 i=0 f=0 d=0 ull=0
01:35:27.997  [fg-census] DLSSG.FenceEvent ptr=0000000000000000
01:35:27.997  [fg-census] DLSSG.FlipMetering u=0 i=0 f=0 d=0 ull=0
01:35:27.997  [fg-census] DLSSG.HUDLess ptr=0000002664B4B6E8
01:35:27.997  [fg-census] DLSSG.HUDLessSubrectBaseX u=0 i=0 f=0 d=0 ull=0
01:35:27.997  [fg-census] DLSSG.HUDLessSubrectBaseY u=0 i=0 f=0 d=0 ull=0
01:35:27.997  [fg-census] DLSSG.HUDLessSubrectHeight u=2160 i=2160 f=2160 d=2160 ull=2160
01:35:27.997  [fg-census] DLSSG.HUDLessSubrectWidth u=5120 i=5120 f=5120 d=5120 ull=5120
01:35:27.997  [fg-census] DLSSG.Height u=2160 i=2160 f=2160 d=2160 ull=2160
01:35:27.997  [fg-census] DLSSG.InternalHeight u=0 i=0 f=0 d=0 ull=0
01:35:27.997  [fg-census] DLSSG.InternalWidth u=0 i=0 f=0 d=0 ull=0
01:35:27.997  [fg-census] DLSSG.IsRecording u=1 i=1 f=1 d=1 ull=1
01:35:27.997  [fg-census] DLSSG.JitterOffsetX u=0 i=0 f=0.375 d=0.375 ull=0
01:35:27.997  [fg-census] DLSSG.JitterOffsetY u=0 i=0 f=0.0555556 d=0.0555555522 ull=0
01:35:27.997  [fg-census] DLSSG.MVecs ptr=0000002664B4B5C8
01:35:27.997  [fg-census] DLSSG.MVecsSubrectBaseX u=0 i=0 f=0 d=0 ull=0
01:35:27.997  [fg-census] DLSSG.MVecsSubrectBaseY u=0 i=0 f=0 d=0 ull=0
01:35:27.997  [fg-census] DLSSG.MVecsSubrectHeight u=1252 i=1252 f=1252 d=1252 ull=1252
01:35:27.997  [fg-census] DLSSG.MVecsSubrectWidth u=2970 i=2970 f=2970 d=2970 ull=2970
01:35:27.997  [fg-census] DLSSG.MenuDetectionEnabled u=0 i=0 f=0 d=0 ull=0
01:35:27.997  [fg-census] DLSSG.MinRelativeLinearDepthObjectSeparation u=40 i=40 f=40 d=40 ull=40
01:35:27.997  [fg-census] DLSSG.ModelVersion u=512 i=512 f=512 d=512 ull=512
01:35:27.997  [fg-census] DLSSG.MultiFrameCount u=3 i=3 f=3 d=3 ull=3
01:35:27.997  [fg-census] DLSSG.MultiFrameCountMax u=5 i=5 f=5 d=5 ull=5
01:35:27.998  [fg-census] DLSSG.MultiFrameIndex u=3 i=3 f=3 d=3 ull=3
01:35:27.998  [fg-census] DLSSG.MvecDilated u=0 i=0 f=0 d=0 ull=0
01:35:27.998  [fg-census] DLSSG.MvecInvalidValue u=0 i=-2147483648 f=3.40282e+38 d=3.40282347e+38 ull=9223372036854775808
01:35:27.998  [fg-census] DLSSG.MvecJittered u=0 i=0 f=0 d=0 ull=0
01:35:27.998  [fg-census] DLSSG.MvecScaleX u=2970 i=2970 f=2970 d=2970 ull=2970
01:35:27.998  [fg-census] DLSSG.MvecScaleY u=1252 i=1252 f=1252 d=1252 ull=1252
01:35:27.998  [fg-census] DLSSG.NoWarp ptr=0000000000000000
01:35:27.998  [fg-census] DLSSG.NoWarpSubrectBaseX u=0 i=0 f=0 d=0 ull=0
01:35:27.999  [fg-census] DLSSG.NoWarpSubrectBaseY u=0 i=0 f=0 d=0 ull=0
01:35:27.999  [fg-census] DLSSG.NoWarpSubrectHeight u=0 i=0 f=0 d=0 ull=0
01:35:27.999  [fg-census] DLSSG.NoWarpSubrectWidth u=0 i=0 f=0 d=0 ull=0
01:35:27.999  [fg-census] DLSSG.NotRenderingGameFrames u=0 i=0 f=0 d=0 ull=0
01:35:27.999  [fg-census] DLSSG.OrthoProjection u=0 i=0 f=0 d=0 ull=0
01:35:27.999  [fg-census] DLSSG.OutputDisableInterpolation ptr=0000002664B4B868
01:35:27.999  [fg-census] DLSSG.OutputInterpolated ptr=00000027D9AB6A88
01:35:27.999  [fg-census] DLSSG.OutputReal ptr=0000000000000000
01:35:27.999  [fg-census] DLSSG.PrevClipToClip ptr=0000002664B4B9D8 m=[1 1.49e-08 2.118e-22 -1.388e-17 | -3.725e-09 1 1.421e-14 -9.313e-10 | 9.066e-07 1.351e-14 1 -1.258e-23 | -2.979e-08 -6.31e-08 -8.967e-22 1]
01:35:27.999  [fg-census] DLSSG.QueueSubmitCallback ptr=0000000000000000
01:35:27.999  [fg-census] DLSSG.QueueSubmitCallbackData ptr=0000000000000000
01:35:27.999  [fg-census] DLSSG.RefreshRate u=119 i=119 f=119.996 d=119.996002 ull=119
01:35:27.999  [fg-census] DLSSG.Reset u=1 i=1 f=1 d=1 ull=1
01:35:27.999  [fg-census] DLSSG.StreamlineMode u=1 i=1 f=1 d=1 ull=1
01:35:27.999  [fg-census] DLSSG.StreamlineVersionTag ptr=00007FF9FBCACB50
01:35:27.999  [fg-census] DLSSG.SyncFlushCallback ptr=0000000000000000
01:35:28.000  [fg-census] DLSSG.SyncFlushCallbackData ptr=0000000000000000
01:35:28.000  [fg-census] DLSSG.SyncSignalCallback ptr=0000000000000000
01:35:28.000  [fg-census] DLSSG.SyncSignalCallbackData ptr=0000000000000000
01:35:28.000  [fg-census] DLSSG.SyncSignalOnlyCallback ptr=0000000000000000
01:35:28.000  [fg-census] DLSSG.SyncSignalOnlyCallbackData ptr=0000000000000000
01:35:28.000  [fg-census] DLSSG.SyncWaitCallback ptr=0000000000000000
01:35:28.000  [fg-census] DLSSG.SyncWaitCallbackData ptr=0000000000000000
01:35:28.000  [fg-census] DLSSG.SyncWaitOnlyCallback ptr=0000000000000000
01:35:28.000  [fg-census] DLSSG.SyncWaitOnlyCallbackData ptr=0000000000000000
01:35:28.000  [fg-census] DLSSG.TargetFrameRate u=119 i=119 f=119.996 d=119.996002 ull=119
01:35:28.000  [fg-census] DLSSG.UI ptr=0000000000000000
01:35:28.000  [fg-census] DLSSG.UIAlpha ptr=0000000000000000
01:35:28.000  [fg-census] DLSSG.UIAlphaSubrectBaseX u=0 i=0 f=0 d=0 ull=0
01:35:28.001  [fg-census] DLSSG.UIAlphaSubrectBaseY u=0 i=0 f=0 d=0 ull=0
01:35:28.001  [fg-census] DLSSG.UIAlphaSubrectHeight u=0 i=0 f=0 d=0 ull=0
01:35:28.001  [fg-census] DLSSG.UIAlphaSubrectWidth u=0 i=0 f=0 d=0 ull=0
01:35:28.001  [fg-census] DLSSG.UISubrectBaseX u=0 i=0 f=0 d=0 ull=0
01:35:28.001  [fg-census] DLSSG.UISubrectBaseY u=0 i=0 f=0 d=0 ull=0
01:35:28.001  [fg-census] DLSSG.UISubrectHeight u=0 i=0 f=0 d=0 ull=0
01:35:28.001  [fg-census] DLSSG.UISubrectWidth u=0 i=0 f=0 d=0 ull=0
01:35:28.001  [fg-census] DLSSG.UserInterfaceRecompositionEnabled u=0 i=0 f=0 d=0 ull=0
01:35:28.001  [fg-census] DLSSG.VSyncDriverRequested u=1 i=1 f=1 d=1 ull=1
01:35:28.001  [fg-census] DLSSG.VSyncOn u=0 i=0 f=0 d=0 ull=0
01:35:28.001  [fg-census] DLSSG.VSyncSupported u=0 i=0 f=0 d=0 ull=0
01:35:28.001  [fg-census] DLSSG.VkOFAModeRequest u=1 i=1 f=1 d=1 ull=1
01:35:28.001  [fg-census] DLSSG.Width u=5120 i=5120 f=5120 d=5120 ull=5120
01:35:28.001  [fg-census] DLSSG.run_lowres_mvec_pass u=1 i=1 f=1 d=1 ull=1
01:35:28.002  [fg-census] pass 2 ends.
01:35:28.002  [fg-census] evaluate observed: MultiFrameIndex=1 thread=74568
01:35:28.002  [fg-census] pass 3 begins: 131 keys, types tried u/i/f/d/ull/ptr.
01:35:28.002  [fg-census] DLSSG.AutomodeOverrideReset u=0 i=0 f=0 d=0 ull=0
01:35:28.002  [fg-census] DLSSG.Backbuffer ptr=00000004FB76F3A8
01:35:28.002  [fg-census] DLSSG.BackbufferFormat u=37 i=37 f=37 d=37 ull=37
01:35:28.002  [fg-census] DLSSG.BackbufferFrameID ptr=00000000000002C0
01:35:28.002  [fg-census] DLSSG.BackbufferSubrectBaseX u=0 i=0 f=0 d=0 ull=0
01:35:28.002  [fg-census] DLSSG.BackbufferSubrectBaseY u=0 i=0 f=0 d=0 ull=0
01:35:28.002  [fg-census] DLSSG.BackbufferSubrectHeight u=2160 i=2160 f=2160 d=2160 ull=2160
01:35:28.002  [fg-census] DLSSG.BackbufferSubrectWidth u=5120 i=5120 f=5120 d=5120 ull=5120
01:35:28.002  [fg-census] DLSSG.BidirectionalDistortionField ptr=0000000000000000
01:35:28.002  [fg-census] DLSSG.BidirectionalDistortionFieldLowPrecision.Bias u=0 i=0 f=0 d=0 ull=0
01:35:28.002  [fg-census] DLSSG.BidirectionalDistortionFieldLowPrecision.IsLowPrecision u=0 i=0 f=0 d=0 ull=0
01:35:28.002  [fg-census] DLSSG.BidirectionalDistortionFieldLowPrecision.Scale u=1 i=1 f=1 d=1 ull=1
01:35:28.002  [fg-census] DLSSG.BidirectionalDistortionFieldSubrectBaseX u=0 i=0 f=0 d=0 ull=0
01:35:28.002  [fg-census] DLSSG.BidirectionalDistortionFieldSubrectBaseY u=0 i=0 f=0 d=0 ull=0
01:35:28.002  [fg-census] DLSSG.BidirectionalDistortionFieldSubrectHeight u=0 i=0 f=0 d=0 ull=0
01:35:28.003  [fg-census] DLSSG.BidirectionalDistortionFieldSubrectWidth u=0 i=0 f=0 d=0 ull=0
01:35:28.003  [fg-census] DLSSG.CameraAspectRatio u=2 i=2 f=2.37037 d=2.37037039 ull=2
01:35:28.003  [fg-census] DLSSG.CameraFOV u=1 i=1 f=1.01229 d=1.01229095 ull=1
01:35:28.003  [fg-census] DLSSG.CameraFar u=10000 i=10000 f=10000 d=10000 ull=10000
01:35:28.003  [fg-census] DLSSG.CameraFwdX u=0 i=0 f=-0.947023 d=-0.947023213 ull=0
01:35:28.003  [fg-census] DLSSG.CameraFwdY u=0 i=0 f=0.0560372 d=0.0560372323 ull=0
01:35:28.003  [fg-census] DLSSG.CameraFwdZ u=0 i=0 f=-0.316238 d=-0.316238403 ull=0
01:35:28.003  [fg-census] DLSSG.CameraMotionIncluded u=1 i=1 f=1 d=1 ull=1
01:35:28.004  [fg-census] DLSSG.CameraNear u=0 i=0 f=0.1 d=0.100000001 ull=0
01:35:28.004  [fg-census] DLSSG.CameraPinholeOffsetX u=0 i=0 f=0 d=0 ull=0
01:35:28.004  [fg-census] DLSSG.CameraPinholeOffsetY u=0 i=0 f=0 d=0 ull=0
01:35:28.004  [fg-census] DLSSG.CameraPosX u=0 i=0 f=0 d=0 ull=0
01:35:28.004  [fg-census] DLSSG.CameraPosY u=4294967295 i=-1 f=-1.37852 d=-1.37852466 ull=18446744073709551615
01:35:28.004  [fg-census] DLSSG.CameraPosZ u=4294967293 i=-3 f=-3.86705 d=-3.86705375 ull=18446744073709551613
01:35:28.004  [fg-census] DLSSG.CameraRightX u=0 i=0 f=-0.321165 d=-0.321164966 ull=0
01:35:28.004  [fg-census] DLSSG.CameraRightY u=0 i=0 f=-0.165238 d=-0.165237755 ull=0
01:35:28.004  [fg-census] DLSSG.CameraRightZ u=0 i=0 f=0.932496 d=0.932496369 ull=0
01:35:28.004  [fg-census] DLSSG.CameraUpX u=0 i=0 f=-1.49012e-08 d=-1.49011612e-08 ull=0
01:35:28.004  [fg-census] DLSSG.CameraUpY u=0 i=0 f=0.984661 d=0.984660506 ull=0
01:35:28.004  [fg-census] DLSSG.CameraUpZ u=0 i=0 f=0.174481 d=0.174481198 ull=0
01:35:28.004  [fg-census] DLSSG.CameraViewToClip ptr=00000004FB76F5F8 m=[0.7605 0 0 0 | 0 1.804 0 0 | 0 0 9.954e-06 -1 | 0 0 0.1 0]
01:35:28.004  [fg-census] DLSSG.ClipToCameraView ptr=00000004FB76F638 m=[1.315 -0 -0 0 | 0 -0.5543 -0 0 | 0 -0 -0 10 | 0 -0 -1 9.954e-05]
01:35:28.004  [fg-census] DLSSG.ClipToLensClip ptr=00000004FB76F678 m=[1 0 0 0 | 0 1 0 0 | 0 0 1 0 | 0 0 0 1]
01:35:28.005  [fg-census] DLSSG.ClipToPrevClip ptr=00000004FB76F6B8 m=[1 1.49e-08 -4.547e-13 2.98e-08 | -5.588e-09 1 -1.634e-13 1.118e-08 | 4.71e-08 0 1 3.815e-06 | -1.491e-08 -1.008e-07 0 1]
01:35:28.005  [fg-census] DLSSG.CmdAlloc ptr=0000000041BC1ED0
01:35:28.005  [fg-census] DLSSG.CmdQueue ptr=0000000031023CD0
01:35:28.005  [fg-census] DLSSG.ColorBuffersHDR u=0 i=0 f=0 d=0 ull=0
01:35:28.005  [fg-census] DLSSG.Depth ptr=00000004FB76F288
01:35:28.005  [fg-census] DLSSG.DepthInverted u=1 i=1 f=1 d=1 ull=1
01:35:28.005  [fg-census] DLSSG.DepthSubrectBaseX u=0 i=0 f=0 d=0 ull=0
01:35:28.005  [fg-census] DLSSG.DepthSubrectBaseY u=0 i=0 f=0 d=0 ull=0
01:35:28.005  [fg-census] DLSSG.DepthSubrectHeight u=1252 i=1252 f=1252 d=1252 ull=1252
01:35:28.005  [fg-census] DLSSG.DepthSubrectWidth u=2970 i=2970 f=2970 d=2970 ull=2970
01:35:28.005  [fg-census] DLSSG.Dynamic.ReflexDriven u=0 i=0 f=0 d=0 ull=0
01:35:28.005  [fg-census] DLSSG.DynamicMaxFrameCount u=5 i=5 f=5 d=5 ull=5
01:35:28.005  [fg-census] DLSSG.DynamicResolution u=0 i=0 f=0 d=0 ull=0
01:35:28.005  [fg-census] DLSSG.EnableInterp u=1 i=1 f=1 d=1 ull=1
01:35:28.005  [fg-census] DLSSG.EstimateVRAMCallback ptr=00007FF935207A90
01:35:28.005  [fg-census] DLSSG.EvalFlags u=0 i=0 f=0 d=0 ull=0
01:35:28.005  [fg-census] DLSSG.FenceEvent ptr=0000000000000000
01:35:28.006  [fg-census] DLSSG.FlipMetering u=0 i=0 f=0 d=0 ull=0
01:35:28.006  [fg-census] DLSSG.HUDLess ptr=00000004FB76F408
01:35:28.006  [fg-census] DLSSG.HUDLessSubrectBaseX u=0 i=0 f=0 d=0 ull=0
01:35:28.006  [fg-census] DLSSG.HUDLessSubrectBaseY u=0 i=0 f=0 d=0 ull=0
01:35:28.006  [fg-census] DLSSG.HUDLessSubrectHeight u=2160 i=2160 f=2160 d=2160 ull=2160
01:35:28.006  [fg-census] DLSSG.HUDLessSubrectWidth u=5120 i=5120 f=5120 d=5120 ull=5120
01:35:28.006  [fg-census] DLSSG.Height u=2160 i=2160 f=2160 d=2160 ull=2160
01:35:28.006  [fg-census] DLSSG.InternalHeight u=0 i=0 f=0 d=0 ull=0
01:35:28.006  [fg-census] DLSSG.InternalWidth u=0 i=0 f=0 d=0 ull=0
01:35:28.006  [fg-census] DLSSG.IsRecording u=1 i=1 f=1 d=1 ull=1
01:35:28.006  [fg-census] DLSSG.JitterOffsetX u=0 i=0 f=-0.125 d=-0.125 ull=0
01:35:28.006  [fg-census] DLSSG.JitterOffsetY u=0 i=0 f=-0.277778 d=-0.277777791 ull=0
01:35:28.006  [fg-census] DLSSG.MVecs ptr=00000004FB76F2E8
01:35:28.006  [fg-census] DLSSG.MVecsSubrectBaseX u=0 i=0 f=0 d=0 ull=0
01:35:28.006  [fg-census] DLSSG.MVecsSubrectBaseY u=0 i=0 f=0 d=0 ull=0
01:35:28.006  [fg-census] DLSSG.MVecsSubrectHeight u=1252 i=1252 f=1252 d=1252 ull=1252
01:35:28.006  [fg-census] DLSSG.MVecsSubrectWidth u=2970 i=2970 f=2970 d=2970 ull=2970
01:35:28.006  [fg-census] DLSSG.MenuDetectionEnabled u=0 i=0 f=0 d=0 ull=0
01:35:28.007  [fg-census] DLSSG.MinRelativeLinearDepthObjectSeparation u=40 i=40 f=40 d=40 ull=40
01:35:28.007  [fg-census] DLSSG.ModelVersion u=512 i=512 f=512 d=512 ull=512
01:35:28.007  [fg-census] DLSSG.MultiFrameCount u=3 i=3 f=3 d=3 ull=3
01:35:28.007  [fg-census] DLSSG.MultiFrameCountMax u=5 i=5 f=5 d=5 ull=5
01:35:28.007  [fg-census] DLSSG.MultiFrameIndex u=1 i=1 f=1 d=1 ull=1
01:35:28.007  [fg-census] DLSSG.MvecDilated u=0 i=0 f=0 d=0 ull=0
01:35:28.007  [fg-census] DLSSG.MvecInvalidValue u=0 i=-2147483648 f=3.40282e+38 d=3.40282347e+38 ull=9223372036854775808
01:35:28.007  [fg-census] DLSSG.MvecJittered u=0 i=0 f=0 d=0 ull=0
01:35:28.007  [fg-census] DLSSG.MvecScaleX u=2970 i=2970 f=2970 d=2970 ull=2970
01:35:28.007  [fg-census] DLSSG.MvecScaleY u=1252 i=1252 f=1252 d=1252 ull=1252
01:35:28.007  [fg-census] DLSSG.NoWarp ptr=0000000000000000
01:35:28.007  [fg-census] DLSSG.NoWarpSubrectBaseX u=0 i=0 f=0 d=0 ull=0
01:35:28.007  [fg-census] DLSSG.NoWarpSubrectBaseY u=0 i=0 f=0 d=0 ull=0
01:35:28.007  [fg-census] DLSSG.NoWarpSubrectHeight u=0 i=0 f=0 d=0 ull=0
01:35:28.007  [fg-census] DLSSG.NoWarpSubrectWidth u=0 i=0 f=0 d=0 ull=0
01:35:28.007  [fg-census] DLSSG.NotRenderingGameFrames u=0 i=0 f=0 d=0 ull=0
01:35:28.007  [fg-census] DLSSG.OrthoProjection u=0 i=0 f=0 d=0 ull=0
01:35:28.007  [fg-census] DLSSG.OutputDisableInterpolation ptr=00000004FB76F588
01:35:28.007  [fg-census] DLSSG.OutputInterpolated ptr=00000028D6667A48
01:35:28.007  [fg-census] DLSSG.OutputReal ptr=00000028D6667C88
01:35:28.007  [fg-census] DLSSG.PrevClipToClip ptr=00000004FB76F6F8 m=[1 -1.49e-08 4.547e-13 -2.98e-08 | 5.588e-09 1 1.634e-13 -1.118e-08 | -4.71e-08 -3.839e-13 1 -3.815e-06 | 1.491e-08 1.008e-07 2.326e-20 1]
01:35:28.007  [fg-census] DLSSG.QueueSubmitCallback ptr=0000000000000000
01:35:28.007  [fg-census] DLSSG.QueueSubmitCallbackData ptr=0000000000000000
01:35:28.007  [fg-census] DLSSG.RefreshRate u=119 i=119 f=119.996 d=119.996002 ull=119
01:35:28.007  [fg-census] DLSSG.Reset u=0 i=0 f=0 d=0 ull=0
01:35:28.008  [fg-census] DLSSG.StreamlineMode u=1 i=1 f=1 d=1 ull=1
01:35:28.008  [fg-census] DLSSG.StreamlineVersionTag ptr=00007FF9FBCACB50
01:35:28.008  [fg-census] DLSSG.SyncFlushCallback ptr=0000000000000000
01:35:28.008  [fg-census] DLSSG.SyncFlushCallbackData ptr=0000000000000000
01:35:28.008  [fg-census] DLSSG.SyncSignalCallback ptr=0000000000000000
01:35:28.008  [fg-census] DLSSG.SyncSignalCallbackData ptr=0000000000000000
01:35:28.009  [fg-census] DLSSG.SyncSignalOnlyCallback ptr=0000000000000000
01:35:28.009  [fg-census] DLSSG.SyncSignalOnlyCallbackData ptr=0000000000000000
01:35:28.009  [fg-census] DLSSG.SyncWaitCallback ptr=0000000000000000
01:35:28.009  [fg-census] DLSSG.SyncWaitCallbackData ptr=0000000000000000
01:35:28.009  [fg-census] DLSSG.SyncWaitOnlyCallback ptr=0000000000000000
01:35:28.009  [fg-census] DLSSG.SyncWaitOnlyCallbackData ptr=0000000000000000
01:35:28.009  [fg-census] DLSSG.TargetFrameRate u=119 i=119 f=119.996 d=119.996002 ull=119
01:35:28.009  [fg-census] DLSSG.UI ptr=0000000000000000
01:35:28.009  [fg-census] DLSSG.UIAlpha ptr=0000000000000000
01:35:28.009  [fg-census] DLSSG.UIAlphaSubrectBaseX u=0 i=0 f=0 d=0 ull=0
01:35:28.009  [fg-census] DLSSG.UIAlphaSubrectBaseY u=0 i=0 f=0 d=0 ull=0
01:35:28.009  [fg-census] DLSSG.UIAlphaSubrectHeight u=0 i=0 f=0 d=0 ull=0
01:35:28.009  [fg-census] DLSSG.UIAlphaSubrectWidth u=0 i=0 f=0 d=0 ull=0
01:35:28.009  [fg-census] DLSSG.UISubrectBaseX u=0 i=0 f=0 d=0 ull=0
01:35:28.009  [fg-census] DLSSG.UISubrectBaseY u=0 i=0 f=0 d=0 ull=0
01:35:28.009  [fg-census] DLSSG.UISubrectHeight u=0 i=0 f=0 d=0 ull=0
01:35:28.010  [fg-census] DLSSG.UISubrectWidth u=0 i=0 f=0 d=0 ull=0
01:35:28.010  [fg-census] DLSSG.UserInterfaceRecompositionEnabled u=0 i=0 f=0 d=0 ull=0
01:35:28.010  [fg-census] DLSSG.VSyncDriverRequested u=1 i=1 f=1 d=1 ull=1
01:35:28.010  [fg-census] DLSSG.VSyncOn u=0 i=0 f=0 d=0 ull=0
01:35:28.010  [fg-census] DLSSG.VSyncSupported u=0 i=0 f=0 d=0 ull=0
01:35:28.010  [fg-census] DLSSG.VkOFAModeRequest u=1 i=1 f=1 d=1 ull=1
01:35:28.010  [fg-census] DLSSG.Width u=5120 i=5120 f=5120 d=5120 ull=5120
01:35:28.010  [fg-census] DLSSG.run_lowres_mvec_pass u=1 i=1 f=1 d=1 ull=1
01:35:28.010  [fg-census] pass 3 ends.
01:35:28.011  [fg-relay] open. Copy completion is signalled to the private queue on the GPU (exported timeline semaphore); the park release is set on the GPU (imported D3D12 fence). Pipeline=2 Import=1.
01:35:28.011  [fg-relay] command pool for queue 0000000031023CD0: family=2.
01:35:28.011  [fg-history] FG Reset burst ends: 1 real frames, 32 ms.
01:35:28.011  [fg-guides] output=5120x2160 depth=2970x1252 rect=0,0+2970x1252 mv=2970x1252 rect=0,0+2970x1252 mv-scale=2970,1252 carrier-scale=5120,2160 jitter=-0.125,-0.277778 jittered=0 inverted=1 reset=1 gpu-nearest=1/1.
01:35:28.011  [fg-relay] armed by evaluate: hud=40797ed0 back=406d0cd0 depth=407978d0 mv=407972d0 5120x2160 copy=1 nr=1 import=1 slot=1 arm=1 gpu-wait-nr=0 pending=0.
01:35:28.012  [fg-relay] evaluate: slot=1 nr=1 import=1 stage=3.
01:35:28.233  [fg-relay] frame=1 slot=1 nr=1 ok=1 wrote=1 nr_entries=0 import=1 armed=1 skipped=0 busy=0 mismatch=0 conflicts=0.
01:35:28.243  NGX layer 4 retirement finalized.
01:35:28.243  qpc=3636246310911 [fg-transition] start=3636233314202 frame=00000000000002BF idx=1/3 queue=0000000031023CD0 reset=1 enable=1 recording=1 not-rendering=0 metering=0 fullscreen=0 slmode=1 known=0x17f hud=40797ed0 back=406d3cd0 real=48f242d0 interp=48f254d0 bridge-lock=1 arm=0->0 result=1 disable-interp=0(known=0) foreground=1 monitors=0000000021D415E7/0000000021D415E7 cpu=1299.670ms
01:35:28.243  qpc=3636246406958 [fg-transition] start=3636246312819 frame=00000000000002BF idx=2/3 queue=0000000031023CD0 reset=1 enable=1 recording=1 not-rendering=0 metering=0 fullscreen=0 slmode=1 known=0x17f hud=40797ed0 back=406d3cd0 real=0 interp=48f24ed0 bridge-lock=1 arm=0->0 result=1 disable-interp=0(known=0) foreground=1 monitors=0000000021D415E7/0000000021D415E7 cpu=9.414ms
01:35:28.243  qpc=3636246491959 [fg-transition] start=3636246407840 frame=00000000000002BF idx=3/3 queue=0000000031023CD0 reset=1 enable=1 recording=1 not-rendering=0 metering=0 fullscreen=0 slmode=1 known=0x17f hud=40797ed0 back=406d3cd0 real=0 interp=48f248d0 bridge-lock=1 arm=0->0 result=1 disable-interp=0(known=0) foreground=1 monitors=0000000021D415E7/0000000021D415E7 cpu=8.412ms
01:35:28.243  qpc=3636248811015 [fg-transition] start=3636246492962 frame=00000000000002C0 idx=1/3 queue=0000000031023CD0 reset=0 enable=1 recording=1 not-rendering=0 metering=0 fullscreen=0 slmode=1 known=0x17f hud=40797ed0 back=406d0cd0 real=48f254d0 interp=48f242d0 bridge-lock=1 arm=0->1 result=1 disable-interp=0(known=0) foreground=1 monitors=0000000021D415E7/0000000021D415E7 cpu=231.805ms
01:35:28.243  qpc=3636248815115 [fg-transition] start=3636248812593 frame=00000000000002C0 idx=2/3 queue=0000000031023CD0 reset=0 enable=1 recording=1 not-rendering=0 metering=0 fullscreen=0 slmode=1 known=0x17f hud=40797ed0 back=406d0cd0 real=0 interp=48f248d0 bridge-lock=1 arm=1->1 result=1 disable-interp=0(known=0) foreground=1 monitors=0000000021D415E7/0000000021D415E7 cpu=0.252ms
01:35:28.244  qpc=3636248816645 [fg-transition] start=3636248815996 frame=00000000000002C0 idx=3/3 queue=0000000031023CD0 reset=0 enable=1 recording=1 not-rendering=0 metering=0 fullscreen=0 slmode=1 known=0x17f hud=40797ed0 back=406d0cd0 real=0 interp=48f24ed0 bridge-lock=1 arm=1->1 result=1 disable-interp=0(known=0) foreground=1 monitors=0000000021D415E7/0000000021D415E7 cpu=0.065ms
01:35:29.972  [fg-guides] output=5120x2160 depth=2970x1252 rect=0,0+2970x1252 mv=2970x1252 rect=0,0+2970x1252 mv-scale=2970,1252 carrier-scale=5120,2160 jitter=0.125,0.277778 jittered=0 inverted=1 reset=1 gpu-nearest=1/1.
01:35:29.972  [fg-relay] armed by evaluate: hud=40797ed0 back=406d1ed0 depth=407978d0 mv=407972d0 5120x2160 copy=2 nr=2 import=1 slot=2 arm=2 gpu-wait-nr=1 pending=0.
01:35:29.972  [fg-relay] evaluate: slot=2 nr=2 import=1 stage=3.
01:35:29.974  qpc=3636266211899 [fg-transition] start=3636266191678 frame=00000000000002C1 idx=1/3 queue=0000000031023CD0 reset=0 enable=1 recording=1 not-rendering=0 metering=0 fullscreen=0 slmode=1 known=0x17f hud=40797ed0 back=406d1ed0 real=48f242d0 interp=48f254d0 bridge-lock=1 arm=1->2 result=1 disable-interp=0(known=0) foreground=1 monitors=0000000021D415E7/0000000021D415E7 cpu=2.022ms
01:35:30.098  [fg-relay] frame=2 slot=2 nr=2 ok=1 wrote=1 nr_entries=1 import=1 armed=2 skipped=0 busy=0 mismatch=0 conflicts=0.
01:35:30.101  qpc=3636267462997 [fg-transition] start=3636266213188 frame=00000000000002C1 idx=2/3 queue=0000000031023CD0 reset=0 enable=1 recording=1 not-rendering=0 metering=0 fullscreen=0 slmode=1 known=0x17f hud=40797ed0 back=406d1ed0 real=0 interp=48f24ed0 bridge-lock=1 arm=2->2 result=1 disable-interp=0(known=0) foreground=1 monitors=0000000021D415E7/0000000021D415E7 cpu=124.980ms
01:35:30.101  [fg-relay] armed by evaluate: hud=40797ed0 back=406d3cd0 depth=407978d0 mv=407972d0 5120x2160 copy=3 nr=3 import=1 slot=3 arm=3 gpu-wait-nr=2 pending=1.
01:35:30.101  qpc=3636267469832 [fg-transition] start=3636267468583 frame=00000000000002C1 idx=3/3 queue=0000000031023CD0 reset=0 enable=1 recording=1 not-rendering=0 metering=0 fullscreen=0 slmode=1 known=0x17f hud=40797ed0 back=406d1ed0 real=0 interp=48f248d0 bridge-lock=1 arm=2->2 result=1 disable-interp=0(known=0) foreground=1 monitors=0000000021D415E7/0000000021D415E7 cpu=0.124ms
01:35:30.101  [fg-relay] evaluate: slot=3 nr=3 import=1 stage=3.
01:35:30.111  [fg-relay] frame=3 slot=3 nr=3 ok=1 wrote=1 nr_entries=2 import=1 armed=3 skipped=0 busy=0 mismatch=0 conflicts=0.
01:35:30.113  qpc=3636267593782 [fg-transition] start=3636267482454 frame=00000000000002C2 idx=1/3 queue=0000000031023CD0 reset=0 enable=1 recording=1 not-rendering=0 metering=0 fullscreen=0 slmode=1 known=0x17f hud=40797ed0 back=406d3cd0 real=48f254d0 interp=48f242d0 bridge-lock=1 arm=2->3 result=1 disable-interp=0(known=0) foreground=1 monitors=0000000021D415E7/0000000021D415E7 cpu=11.133ms
01:35:30.150  qpc=3636267961094 [fg-transition] start=3636267959764 frame=00000000000002C2 idx=2/3 queue=0000000031023CD0 reset=0 enable=1 recording=1 not-rendering=0 metering=0 fullscreen=0 slmode=1 known=0x17f hud=40797ed0 back=406d3cd0 real=0 interp=48f248d0 bridge-lock=1 arm=3->3 result=1 disable-interp=0(known=0) foreground=1 monitors=0000000021D415E7/0000000021D415E7 cpu=0.133ms
01:35:30.150  qpc=3636267963210 [fg-transition] start=3636267962520 frame=00000000000002C2 idx=3/3 queue=0000000031023CD0 reset=0 enable=1 recording=1 not-rendering=0 metering=0 fullscreen=0 slmode=1 known=0x17f hud=40797ed0 back=406d3cd0 real=0 interp=48f24ed0 bridge-lock=1 arm=3->3 result=1 disable-interp=0(known=0) foreground=1 monitors=0000000021D415E7/0000000021D415E7 cpu=0.069ms
01:35:30.629  [fg-guides] output=5120x2160 depth=2970x1252 rect=0,0+2970x1252 mv=2970x1252 rect=0,0+2970x1252 mv-scale=2970,1252 carrier-scale=5120,2160 jitter=-0.3125,-0.203704 jittered=0 inverted=1 reset=1 gpu-nearest=1/1.
01:35:33.630  qpc=3636302765970 [fg-transition] start=3636302764602 frame=0000000000000301 idx=2/3 queue=0000000031023CD0 reset=0 enable=1 recording=1 not-rendering=0 metering=0 fullscreen=0 slmode=1 known=0x17f hud=40797ed0 back=406d3cd0 real=0 interp=48f24ed0 bridge-lock=1 arm=66->66 result=1 disable-interp=0(known=0) foreground=0 monitors=0000000021D415E7/0000000046ED07EF cpu=0.137ms
01:35:33.630  qpc=3636302768130 [fg-transition] start=3636302767437 frame=0000000000000301 idx=3/3 queue=0000000031023CD0 reset=0 enable=1 recording=1 not-rendering=0 metering=0 fullscreen=0 slmode=1 known=0x17f hud=40797ed0 back=406d3cd0 real=0 interp=48f248d0 bridge-lock=1 arm=66->66 result=1 disable-interp=0(known=0) foreground=0 monitors=0000000021D415E7/0000000046ED07EF cpu=0.069ms
01:35:33.639  qpc=3636302849774 [fg-transition] start=3636302768588 frame=0000000000000302 idx=1/3 queue=0000000031023CD0 reset=0 enable=1 recording=1 not-rendering=0 metering=0 fullscreen=0 slmode=1 known=0x17f hud=40797ed0 back=406d0cd0 real=48f254d0 interp=48f242d0 bridge-lock=1 arm=66->67 result=1 disable-interp=0(known=0) foreground=0 monitors=0000000021D415E7/0000000046ED07EF cpu=8.118ms
01:35:33.670  qpc=3636303162154 [fg-transition] start=3636303160736 frame=0000000000000302 idx=2/3 queue=0000000031023CD0 reset=0 enable=1 recording=1 not-rendering=0 metering=0 fullscreen=0 slmode=1 known=0x17f hud=40797ed0 back=406d0cd0 real=0 interp=48f248d0 bridge-lock=1 arm=67->67 result=1 disable-interp=0(known=0) foreground=0 monitors=0000000021D415E7/0000000046ED07EF cpu=0.141ms
01:35:33.670  qpc=3636303164433 [fg-transition] start=3636303163621 frame=0000000000000302 idx=3/3 queue=0000000031023CD0 reset=0 enable=1 recording=1 not-rendering=0 metering=0 fullscreen=0 slmode=1 known=0x17f hud=40797ed0 back=406d0cd0 real=0 interp=48f24ed0 bridge-lock=1 arm=67->67 result=1 disable-interp=0(known=0) foreground=0 monitors=0000000021D415E7/0000000046ED07EF cpu=0.081ms
01:35:33.678  qpc=3636303244560 [fg-transition] start=3636303164924 frame=0000000000000303 idx=1/3 queue=0000000031023CD0 reset=0 enable=1 recording=1 not-rendering=0 metering=0 fullscreen=0 slmode=1 known=0x17f hud=40797ed0 back=406d1ed0 real=48f242d0 interp=48f254d0 bridge-lock=1 arm=67->68 result=1 disable-interp=0(known=0) foreground=0 monitors=0000000021D415E7/0000000046ED07EF cpu=7.963ms
01:35:33.711  qpc=3636303567256 [fg-transition] start=3636303565553 frame=0000000000000303 idx=2/3 queue=0000000031023CD0 reset=0 enable=1 recording=1 not-rendering=0 metering=0 fullscreen=0 slmode=1 known=0x17f hud=40797ed0 back=406d1ed0 real=0 interp=48f24ed0 bridge-lock=1 arm=68->68 result=1 disable-interp=0(known=0) foreground=0 monitors=0000000021D415E7/0000000046ED07EF cpu=0.170ms
01:35:33.711  qpc=3636303570057 [fg-transition] start=3636303569053 frame=0000000000000303 idx=3/3 queue=0000000031023CD0 reset=0 enable=1 recording=1 not-rendering=0 metering=0 fullscreen=0 slmode=1 known=0x17f hud=40797ed0 back=406d1ed0 real=0 interp=48f248d0 bridge-lock=1 arm=68->68 result=1 disable-interp=0(known=0) foreground=0 monitors=0000000021D415E7/0000000046ED07EF cpu=0.100ms
01:35:33.717  qpc=3636303636834 [fg-transition] start=3636303570698 frame=0000000000000304 idx=1/3 queue=0000000031023CD0 reset=0 enable=1 recording=1 not-rendering=0 metering=0 fullscreen=0 slmode=1 known=0x17f hud=40797ed0 back=406d3cd0 real=48f254d0 interp=48f242d0 bridge-lock=1 arm=68->69 result=1 disable-interp=0(known=0) foreground=0 monitors=0000000021D415E7/0000000046ED07EF cpu=6.613ms
01:35:33.749  qpc=3636303952008 [fg-transition] start=3636303950466 frame=0000000000000304 idx=2/3 queue=0000000031023CD0 reset=0 enable=1 recording=1 not-rendering=0 metering=0 fullscreen=0 slmode=1 known=0x17f hud=40797ed0 back=406d3cd0 real=0 interp=48f248d0 bridge-lock=1 arm=69->69 result=1 disable-interp=0(known=0) foreground=0 monitors=0000000021D415E7/0000000046ED07EF cpu=0.154ms
01:35:33.749  qpc=3636303956041 [fg-transition] start=3636303953772 frame=0000000000000304 idx=3/3 queue=0000000031023CD0 reset=0 enable=1 recording=1 not-rendering=0 metering=0 fullscreen=0 slmode=1 known=0x17f hud=40797ed0 back=406d3cd0 real=0 interp=48f24ed0 bridge-lock=1 arm=69->69 result=1 disable-interp=0(known=0) foreground=0 monitors=0000000021D415E7/0000000046ED07EF cpu=0.227ms
01:35:33.755  qpc=3636304013247 [fg-transition] start=3636303956787 frame=0000000000000305 idx=1/3 queue=0000000031023CD0 reset=0 enable=1 recording=1 not-rendering=0 metering=0 fullscreen=0 slmode=1 known=0x17f hud=40797ed0 back=406d0cd0 real=48f242d0 interp=48f254d0 bridge-lock=1 arm=69->70 result=1 disable-interp=0(known=0) foreground=0 monitors=0000000021D415E7/0000000046ED07EF cpu=5.645ms
01:35:34.040  qpc=3636306875753 [focus-fg] state: enabled=1 hooked=1 foreground=0 minimized=0 hwnd=00000000025B2E8C scope_calls=79 original_false=12 kept=12 presents=781 FG_evaluates=232
01:35:35.020  [fg-relay] command pool for queue 00000000310228D0: family=0.
01:35:35.020  [fg-history] FG Reset burst starts; contract_changed=0 bridge_pending=0 foreground=0.
01:35:35.026  qpc=3636316705794 [fg-transition] start=3636316674271 frame=000000000000032F idx=1/3 queue=00000000310228D0 reset=1 enable=1 recording=1 not-rendering=0 metering=2 fullscreen=0 slmode=1 known=0x17f hud=40797ed0 back=406d0cd0 real=48f248d0 interp=48f242d0 bridge-lock=1 arm=100->101 result=1 disable-interp=0(known=0) foreground=0 monitors=0000000021D415E7/0000000046ED07EF cpu=3.152ms
01:35:35.026  qpc=3636316715912 [fg-transition] start=3636316715418 frame=000000000000032F idx=2/3 queue=00000000310228D0 reset=1 enable=1 recording=1 not-rendering=0 metering=2 fullscreen=0 slmode=1 known=0x17f hud=40797ed0 back=406d0cd0 real=0 interp=48f242d0 bridge-lock=1 arm=101->101 result=1 disable-interp=0(known=0) foreground=0 monitors=0000000021D415E7/0000000046ED07EF cpu=0.049ms
01:35:35.026  qpc=3636316720536 [fg-transition] start=3636316720117 frame=000000000000032F idx=3/3 queue=00000000310228D0 reset=1 enable=1 recording=1 not-rendering=0 metering=2 fullscreen=0 slmode=1 known=0x17f hud=40797ed0 back=406d0cd0 real=0 interp=48f242d0 bridge-lock=1 arm=101->101 result=1 disable-interp=0(known=0) foreground=0 monitors=0000000021D415E7/0000000046ED07EF cpu=0.042ms
01:35:35.029  [fg-history] FG Reset burst ends: 1 real frames, 16 ms.
01:35:35.053  qpc=3636316983279 [fg-transition] start=3636316764289 frame=0000000000000330 idx=1/3 queue=00000000310228D0 reset=0 enable=1 recording=1 not-rendering=0 metering=2 fullscreen=0 slmode=1 known=0x17f hud=40797ed0 back=406d1ed0 real=48f242d0 interp=48f248d0 bridge-lock=1 arm=101->102 result=1 disable-interp=0(known=0) foreground=0 monitors=0000000021D415E7/0000000046ED07EF cpu=21.899ms
01:35:35.053  qpc=3636316992598 [fg-transition] start=3636316991565 frame=0000000000000330 idx=2/3 queue=00000000310228D0 reset=0 enable=1 recording=1 not-rendering=0 metering=2 fullscreen=0 slmode=1 known=0x17f hud=40797ed0 back=406d1ed0 real=0 interp=48f248d0 bridge-lock=1 arm=102->102 result=1 disable-interp=0(known=0) foreground=0 monitors=0000000021D415E7/0000000046ED07EF cpu=0.103ms
01:35:35.053  qpc=3636316994418 [fg-transition] start=3636316993789 frame=0000000000000330 idx=3/3 queue=00000000310228D0 reset=0 enable=1 recording=1 not-rendering=0 metering=2 fullscreen=0 slmode=1 known=0x17f hud=40797ed0 back=406d1ed0 real=0 interp=48f248d0 bridge-lock=1 arm=102->102 result=1 disable-interp=0(known=0) foreground=0 monitors=0000000021D415E7/0000000046ED07EF cpu=0.063ms
01:35:35.086  qpc=3636317315493 [fg-transition] start=3636317129966 frame=0000000000000331 idx=1/3 queue=00000000310228D0 reset=0 enable=1 recording=1 not-rendering=0 metering=2 fullscreen=0 slmode=1 known=0x17f hud=40797ed0 back=406d3cd0 real=48f248d0 interp=48f242d0 bridge-lock=1 arm=102->103 result=1 disable-interp=0(known=0) foreground=0 monitors=0000000021D415E7/0000000046ED07EF cpu=18.552ms
01:35:35.086  qpc=3636317318692 [fg-transition] start=3636317317542 frame=0000000000000331 idx=2/3 queue=00000000310228D0 reset=0 enable=1 recording=1 not-rendering=0 metering=2 fullscreen=0 slmode=1 known=0x17f hud=40797ed0 back=406d3cd0 real=0 interp=48f242d0 bridge-lock=1 arm=103->103 result=1 disable-interp=0(known=0) foreground=0 monitors=0000000021D415E7/0000000046ED07EF cpu=0.115ms
01:35:35.086  qpc=3636317320366 [fg-transition] start=3636317319362 frame=0000000000000331 idx=3/3 queue=00000000310228D0 reset=0 enable=1 recording=1 not-rendering=0 metering=2 fullscreen=0 slmode=1 known=0x17f hud=40797ed0 back=406d3cd0 real=0 interp=48f242d0 bridge-lock=1 arm=103->103 result=1 disable-interp=0(known=0) foreground=0 monitors=0000000021D415E7/0000000046ED07EF cpu=0.100ms
01:35:35.121  qpc=3636317673940 [fg-transition] start=3636317479205 frame=0000000000000332 idx=1/3 queue=00000000310228D0 reset=0 enable=1 recording=1 not-rendering=0 metering=2 fullscreen=0 slmode=1 known=0x17f hud=40797ed0 back=406d0cd0 real=48f242d0 interp=48f248d0 bridge-lock=1 arm=103->104 result=1 disable-interp=0(known=0) foreground=0 monitors=0000000021D415E7/0000000046ED07EF cpu=19.473ms
01:35:35.121  qpc=3636317684133 [fg-transition] start=3636317682850 frame=0000000000000332 idx=2/3 queue=00000000310228D0 reset=0 enable=1 recording=1 not-rendering=0 metering=2 fullscreen=0 slmode=1 known=0x17f hud=40797ed0 back=406d0cd0 real=0 interp=48f248d0 bridge-lock=1 arm=104->104 result=1 disable-interp=0(known=0) foreground=0 monitors=0000000021D415E7/0000000046ED07EF cpu=0.128ms
01:35:35.121  qpc=3636317689130 [fg-transition] start=3636317687985 frame=0000000000000332 idx=3/3 queue=00000000310228D0 reset=0 enable=1 recording=1 not-rendering=0 metering=2 fullscreen=0 slmode=1 known=0x17f hud=40797ed0 back=406d0cd0 real=0 interp=48f248d0 bridge-lock=1 arm=104->104 result=1 disable-interp=0(known=0) foreground=0 monitors=0000000021D415E7/0000000046ED07EF cpu=0.114ms
01:35:36.027  qpc=3636326722075 [fg-transition] start=3636326701545 frame=0000000000000348 idx=1/3 queue=00000000310228D0 reset=0 enable=1 recording=1 not-rendering=0 metering=2 fullscreen=0 slmode=1 known=0x17f hud=40797ed0 back=406d1ed0 real=48f242d0 interp=48f248d0 bridge-lock=1 arm=125->126 result=1 disable-interp=0(known=0) foreground=1 monitors=0000000021D415E7/0000000021D415E7 cpu=2.053ms
01:35:36.027  qpc=3636326730787 [fg-transition] start=3636326729802 frame=0000000000000348 idx=2/3 queue=00000000310228D0 reset=0 enable=1 recording=1 not-rendering=0 metering=2 fullscreen=0 slmode=1 known=0x17f hud=40797ed0 back=406d1ed0 real=0 interp=48f248d0 bridge-lock=1 arm=126->126 result=1 disable-interp=0(known=0) foreground=1 monitors=0000000021D415E7/0000000021D415E7 cpu=0.098ms
01:35:36.027  qpc=3636326737324 [fg-transition] start=3636326736257 frame=0000000000000348 idx=3/3 queue=00000000310228D0 reset=0 enable=1 recording=1 not-rendering=0 metering=2 fullscreen=0 slmode=1 known=0x17f hud=40797ed0 back=406d1ed0 real=0 interp=48f248d0 bridge-lock=1 arm=126->126 result=1 disable-interp=0(known=0) foreground=1 monitors=0000000021D415E7/0000000021D415E7 cpu=0.106ms
01:35:36.056  qpc=3636327019158 [fg-transition] start=3636326798058 frame=0000000000000349 idx=1/3 queue=00000000310228D0 reset=0 enable=1 recording=1 not-rendering=0 metering=2 fullscreen=0 slmode=1 known=0x17f hud=40797ed0 back=406d3cd0 real=48f248d0 interp=48f242d0 bridge-lock=1 arm=126->127 result=1 disable-interp=0(known=0) foreground=1 monitors=0000000021D415E7/0000000021D415E7 cpu=22.110ms
01:35:36.057  qpc=3636327025996 [fg-transition] start=3636327025160 frame=0000000000000349 idx=2/3 queue=00000000310228D0 reset=0 enable=1 recording=1 not-rendering=0 metering=2 fullscreen=0 slmode=1 known=0x17f hud=40797ed0 back=406d3cd0 real=0 interp=48f242d0 bridge-lock=1 arm=127->127 result=1 disable-interp=0(known=0) foreground=1 monitors=0000000021D415E7/0000000021D415E7 cpu=0.084ms
01:35:36.057  qpc=3636327030486 [fg-transition] start=3636327029680 frame=0000000000000349 idx=3/3 queue=00000000310228D0 reset=0 enable=1 recording=1 not-rendering=0 metering=2 fullscreen=0 slmode=1 known=0x17f hud=40797ed0 back=406d3cd0 real=0 interp=48f242d0 bridge-lock=1 arm=127->127 result=1 disable-interp=0(known=0) foreground=1 monitors=0000000021D415E7/0000000021D415E7 cpu=0.081ms
01:35:36.057  qpc=3636327039992 [focus-fg] state: enabled=1 hooked=1 foreground=1 minimized=0 hwnd=00000000025B2E8C scope_calls=128 original_false=59 kept=59 presents=841 FG_evaluates=384
01:35:36.112  qpc=3636327589768 [fg-transition] start=3636327569664 frame=000000000000034A idx=1/3 queue=00000000310228D0 reset=0 enable=1 recording=1 not-rendering=0 metering=2 fullscreen=0 slmode=1 known=0x17f hud=40797ed0 back=406d0cd0 real=48f242d0 interp=48f248d0 bridge-lock=1 arm=127->128 result=1 disable-interp=0(known=0) foreground=1 monitors=0000000021D415E7/0000000021D415E7 cpu=2.010ms
01:35:36.113  qpc=3636327599743 [fg-transition] start=3636327598384 frame=000000000000034A idx=2/3 queue=00000000310228D0 reset=0 enable=1 recording=1 not-rendering=0 metering=2 fullscreen=0 slmode=1 known=0x17f hud=40797ed0 back=406d0cd0 real=0 interp=48f248d0 bridge-lock=1 arm=128->128 result=1 disable-interp=0(known=0) foreground=1 monitors=0000000021D415E7/0000000021D415E7 cpu=0.136ms
01:35:36.113  qpc=3636327605787 [fg-transition] start=3636327604611 frame=000000000000034A idx=3/3 queue=00000000310228D0 reset=0 enable=1 recording=1 not-rendering=0 metering=2 fullscreen=0 slmode=1 known=0x17f hud=40797ed0 back=406d0cd0 real=0 interp=48f248d0 bridge-lock=1 arm=128->128 result=1 disable-interp=0(known=0) foreground=1 monitors=0000000021D415E7/0000000021D415E7 cpu=0.117ms
01:35:36.142  qpc=3636327878978 [fg-transition] start=3636327639354 frame=000000000000034B idx=1/3 queue=00000000310228D0 reset=0 enable=1 recording=1 not-rendering=0 metering=2 fullscreen=0 slmode=1 known=0x17f hud=40797ed0 back=406d1ed0 real=48f248d0 interp=48f242d0 bridge-lock=1 arm=128->129 result=1 disable-interp=0(known=0) foreground=1 monitors=0000000021D415E7/0000000021D415E7 cpu=23.962ms
01:35:36.142  qpc=3636327883755 [fg-transition] start=3636327883033 frame=000000000000034B idx=2/3 queue=00000000310228D0 reset=0 enable=1 recording=1 not-rendering=0 metering=2 fullscreen=0 slmode=1 known=0x17f hud=40797ed0 back=406d1ed0 real=0 interp=48f242d0 bridge-lock=1 arm=129->129 result=1 disable-interp=0(known=0) foreground=1 monitors=0000000021D415E7/0000000021D415E7 cpu=0.072ms
01:35:36.142  qpc=3636327886561 [fg-transition] start=3636327885962 frame=000000000000034B idx=3/3 queue=00000000310228D0 reset=0 enable=1 recording=1 not-rendering=0 metering=2 fullscreen=0 slmode=1 known=0x17f hud=40797ed0 back=406d1ed0 real=0 interp=48f242d0 bridge-lock=1 arm=129->129 result=1 disable-interp=0(known=0) foreground=1 monitors=0000000021D415E7/0000000021D415E7 cpu=0.060ms
01:35:36.367  qpc=3636330116845 [fg-transition] start=3636330097121 frame=0000000000000350 idx=1/3 queue=00000000310228D0 reset=0 enable=1 recording=1 not-rendering=0 metering=2 fullscreen=0 slmode=1 known=0x17f hud=40797ed0 back=406d0cd0 real=48f242d0 interp=48f248d0 bridge-lock=1 arm=133->134 result=1 disable-interp=0(known=0) foreground=0 monitors=0000000021D415E7/0000000046ED07EF cpu=1.972ms
01:35:36.367  qpc=3636330125703 [fg-transition] start=3636330124220 frame=0000000000000350 idx=2/3 queue=00000000310228D0 reset=0 enable=1 recording=1 not-rendering=0 metering=2 fullscreen=0 slmode=1 known=0x17f hud=40797ed0 back=406d0cd0 real=0 interp=48f248d0 bridge-lock=1 arm=134->134 result=1 disable-interp=0(known=0) foreground=0 monitors=0000000021D415E7/0000000046ED07EF cpu=0.148ms
01:35:36.367  qpc=3636330133112 [fg-transition] start=3636330131765 frame=0000000000000350 idx=3/3 queue=00000000310228D0 reset=0 enable=1 recording=1 not-rendering=0 metering=2 fullscreen=0 slmode=1 known=0x17f hud=40797ed0 back=406d0cd0 real=0 interp=48f248d0 bridge-lock=1 arm=134->134 result=1 disable-interp=0(known=0) foreground=0 monitors=0000000021D415E7/0000000046ED07EF cpu=0.134ms
01:35:36.396  qpc=3636330428404 [fg-transition] start=3636330186626 frame=0000000000000351 idx=1/3 queue=00000000310228D0 reset=0 enable=1 recording=1 not-rendering=0 metering=2 fullscreen=0 slmode=1 known=0x17f hud=40797ed0 back=406d1ed0 real=48f248d0 interp=48f242d0 bridge-lock=1 arm=134->135 result=1 disable-interp=0(known=0) foreground=0 monitors=0000000021D415E7/0000000046ED07EF cpu=24.177ms
01:35:36.396  qpc=3636330434378 [fg-transition] start=3636330433543 frame=0000000000000351 idx=2/3 queue=00000000310228D0 reset=0 enable=1 recording=1 not-rendering=0 metering=2 fullscreen=0 slmode=1 known=0x17f hud=40797ed0 back=406d1ed0 real=0 interp=48f242d0 bridge-lock=1 arm=135->135 result=1 disable-interp=0(known=0) foreground=0 monitors=0000000021D415E7/0000000046ED07EF cpu=0.083ms
01:35:36.396  qpc=3636330437837 [fg-transition] start=3636330437169 frame=0000000000000351 idx=3/3 queue=00000000310228D0 reset=0 enable=1 recording=1 not-rendering=0 metering=2 fullscreen=0 slmode=1 known=0x17f hud=40797ed0 back=406d1ed0 real=0 interp=48f242d0 bridge-lock=1 arm=135->135 result=1 disable-interp=0(known=0) foreground=0 monitors=0000000021D415E7/0000000046ED07EF cpu=0.067ms
01:35:36.461  qpc=3636331068936 [fg-transition] start=3636331048516 frame=0000000000000352 idx=1/3 queue=00000000310228D0 reset=0 enable=1 recording=1 not-rendering=0 metering=2 fullscreen=0 slmode=1 known=0x17f hud=40797ed0 back=406d3cd0 real=48f242d0 interp=48f248d0 bridge-lock=1 arm=135->136 result=1 disable-interp=0(known=0) foreground=0 monitors=0000000021D415E7/0000000046ED07EF cpu=2.042ms
01:35:36.461  qpc=3636331077458 [fg-transition] start=3636331076221 frame=0000000000000352 idx=2/3 queue=00000000310228D0 reset=0 enable=1 recording=1 not-rendering=0 metering=2 fullscreen=0 slmode=1 known=0x17f hud=40797ed0 back=406d3cd0 real=0 interp=48f248d0 bridge-lock=1 arm=136->136 result=1 disable-interp=0(known=0) foreground=0 monitors=0000000021D415E7/0000000046ED07EF cpu=0.123ms
01:35:36.462  qpc=3636331082713 [fg-transition] start=3636331081576 frame=0000000000000352 idx=3/3 queue=00000000310228D0 reset=0 enable=1 recording=1 not-rendering=0 metering=2 fullscreen=0 slmode=1 known=0x17f hud=40797ed0 back=406d3cd0 real=0 interp=48f248d0 bridge-lock=1 arm=136->136 result=1 disable-interp=0(known=0) foreground=0 monitors=0000000021D415E7/0000000046ED07EF cpu=0.113ms
01:35:36.492  qpc=3636331384468 [fg-transition] start=3636331151339 frame=0000000000000353 idx=1/3 queue=00000000310228D0 reset=0 enable=1 recording=1 not-rendering=0 metering=2 fullscreen=0 slmode=1 known=0x17f hud=40797ed0 back=406d0cd0 real=48f248d0 interp=48f242d0 bridge-lock=1 arm=136->137 result=1 disable-interp=0(known=0) foreground=0 monitors=0000000021D415E7/0000000046ED07EF cpu=23.312ms
01:35:36.492  qpc=3636331392957 [fg-transition] start=3636331392015 frame=0000000000000353 idx=2/3 queue=00000000310228D0 reset=0 enable=1 recording=1 not-rendering=0 metering=2 fullscreen=0 slmode=1 known=0x17f hud=40797ed0 back=406d0cd0 real=0 interp=48f242d0 bridge-lock=1 arm=137->137 result=1 disable-interp=0(known=0) foreground=0 monitors=0000000021D415E7/0000000046ED07EF cpu=0.094ms
01:35:36.492  qpc=3636331400376 [fg-transition] start=3636331397581 frame=0000000000000353 idx=3/3 queue=00000000310228D0 reset=0 enable=1 recording=1 not-rendering=0 metering=2 fullscreen=0 slmode=1 known=0x17f hud=40797ed0 back=406d0cd0 real=0 interp=48f242d0 bridge-lock=1 arm=137->137 result=1 disable-interp=0(known=0) foreground=0 monitors=0000000021D415E7/0000000046ED07EF cpu=0.279ms
01:35:37.149  qpc=3636337968407 [focus-fg] state: enabled=1 hooked=1 foreground=0 minimized=0 hwnd=00000000025B2E8C scope_calls=154 original_false=79 kept=79 presents=867 FG_evaluates=459
01:35:39.607  [fg-relay] rate/15.0s p2 import_opt=1: presents=17.9/s present-gate[point=17.9 ready=0.0 fallback=0.0 inactive=0.0]/s noinfo=0.0/s stale=0.0/s unlearned=0.0/s attempts=14.1/s armed=14.1/s skipped=0.0/s busy=0.0/s arm-reject[state=0.0 request=0.0 refused=0.0 stopping=0.0 res=0.0 size=0.0]/s pool[cap=0.0 family=0.0 create=0.0 alloc=0.0]/s copy-drop[fence=0.0 reset=0.0 begin=0.0 end=0.0 submit=0.0]/s cf[seq=0.0/s idle=0.0/s nrfence=0.0/s] slotbusy=0.0/s copyfence-busy=0.0/s nr-gpuwait=8.8/s flips=0.0/s
01:35:39.607  [fg-relay] rate2: fginput eval=42.5/s index!=1=28.3/s eval-gate[off=0.0 fallback=0.0 notready=0.1 noinput=0.0 noqueue=0.0]/s relay eval=14.1/s consume=0.0/s inplace=14.1/s(ok 14.1/s) unarmed=0.0/s mismatch=0.0/s relbusy=0.0/s relok=14.1/s relfail=0.0/s release-stage[queue=0.0 pool=0.0 fence=0.0 reset=0.0 begin=0.0 end=0.0 submit=0.0]/s watchdog=0.0/s | worker plays=14.1/s ok=14.1/s fail=0.0/s nr_absent=0.1/s copyfail=0.0/s
01:35:39.607  [fg-relay] rate3: arm->arm avg=54.91ms max=1961.26ms n=211 | arm->work avg=0.01ms max=0.68ms | arm->eval avg=0.00ms max=0.00ms | copywait avg=0.009ms max=0.145ms | copy-land<= avg=68.73ms max=1960.89ms | work avg=11.84ms max=221.78ms | totals armed=212 unarmed=0 skipped=0 busy=0 mismatch=0 copies_failed=0 writes=212 conflicts=0
01:35:39.608  [fg-relay] rate4: throttle depth=1 off=0 | sleep calls=17.9/s waits=12.4/s clear=2.4/s timeouts=0.1/s avg=29.27ms | present calls=17.9/s waits=0.0/s clear=0.0/s timeouts=0.0/s avg=0.00ms | max=111.97ms (process)
01:35:52.233  qpc=3636488807527 [focus-fg] state: enabled=1 hooked=1 foreground=0 minimized=0 hwnd=00000000025B2E8C scope_calls=528 original_false=453 kept=453 presents=1241 FG_evaluates=1581
01:35:54.626  [fg-relay] rate/15.0s p2 import_opt=1: presents=24.8/s present-gate[point=24.8 ready=0.0 fallback=0.0 inactive=0.0]/s noinfo=0.0/s stale=0.0/s unlearned=0.0/s attempts=24.8/s armed=24.8/s skipped=0.0/s busy=0.0/s arm-reject[state=0.0 request=0.0 refused=0.0 stopping=0.0 res=0.0 size=0.0]/s pool[cap=0.0 family=0.0 create=0.0 alloc=0.0]/s copy-drop[fence=0.0 reset=0.0 begin=0.0 end=0.0 submit=0.0]/s cf[seq=0.0/s idle=0.0/s nrfence=0.0/s] slotbusy=0.0/s copyfence-busy=0.0/s nr-gpuwait=13.3/s flips=0.0/s
01:35:54.626  [fg-relay] rate2: fginput eval=74.5/s index!=1=49.7/s eval-gate[off=0.0 fallback=0.0 notready=0.0 noinput=0.0 noqueue=0.0]/s relay eval=24.8/s consume=0.0/s inplace=24.8/s(ok 24.8/s) unarmed=0.0/s mismatch=0.0/s relbusy=0.0/s relok=24.8/s relfail=0.0/s release-stage[queue=0.0 pool=0.0 fence=0.0 reset=0.0 begin=0.0 end=0.0 submit=0.0]/s watchdog=0.0/s | worker plays=24.8/s ok=24.8/s fail=0.0/s nr_absent=0.0/s copyfail=0.0/s
01:35:54.626  [fg-relay] rate3: arm->arm avg=45.56ms max=1961.26ms n=584 | arm->work avg=0.01ms max=0.68ms | arm->eval avg=0.00ms max=0.00ms | copywait avg=0.008ms max=0.145ms | copy-land<= avg=71.43ms max=1960.89ms | work avg=13.41ms max=221.78ms | totals armed=585 unarmed=0 skipped=0 busy=0 mismatch=0 copies_failed=0 writes=585 conflicts=0
01:35:54.627  [fg-relay] rate4: throttle depth=1 off=0 | sleep calls=24.8/s waits=24.8/s clear=0.0/s timeouts=0.0/s avg=31.42ms | present calls=24.8/s waits=0.0/s clear=0.0/s timeouts=0.0/s avg=0.00ms | max=111.97ms (process)
01:35:55.188  [bridge] 600 frames delivered so far.
01:35:59.352  qpc=3636559985288 [fg-transition] start=3636559984347 frame=0000000000000588 idx=2/3 queue=00000000310228D0 reset=0 enable=1 recording=1 not-rendering=0 metering=2 fullscreen=0 slmode=1 known=0x17f hud=40797ed0 back=406d1ed0 real=0 interp=48f248d0 bridge-lock=1 arm=702->702 result=1 disable-interp=0(known=0) foreground=1 monitors=0000000021D415E7/0000000021D415E7 cpu=0.094ms
01:35:59.353  qpc=3636559991007 [fg-transition] start=3636559990187 frame=0000000000000588 idx=3/3 queue=00000000310228D0 reset=0 enable=1 recording=1 not-rendering=0 metering=2 fullscreen=0 slmode=1 known=0x17f hud=40797ed0 back=406d1ed0 real=0 interp=48f248d0 bridge-lock=1 arm=702->702 result=1 disable-interp=0(known=0) foreground=1 monitors=0000000021D415E7/0000000021D415E7 cpu=0.082ms
01:35:59.388  qpc=3636560327578 [fg-transition] start=3636560290549 frame=0000000000000589 idx=1/3 queue=00000000310228D0 reset=0 enable=1 recording=1 not-rendering=0 metering=2 fullscreen=0 slmode=1 known=0x17f hud=40797ed0 back=406d3cd0 real=48f248d0 interp=48f242d0 bridge-lock=1 arm=702->703 result=1 disable-interp=0(known=0) foreground=1 monitors=0000000021D415E7/0000000021D415E7 cpu=3.703ms
01:35:59.388  qpc=3636560348649 [fg-transition] start=3636560347699 frame=0000000000000589 idx=2/3 queue=00000000310228D0 reset=0 enable=1 recording=1 not-rendering=0 metering=2 fullscreen=0 slmode=1 known=0x17f hud=40797ed0 back=406d3cd0 real=0 interp=48f242d0 bridge-lock=1 arm=703->703 result=1 disable-interp=0(known=0) foreground=1 monitors=0000000021D415E7/0000000021D415E7 cpu=0.095ms
01:35:59.430  qpc=3636560761024 [fg-transition] start=3636560759123 frame=0000000000000589 idx=3/3 queue=00000000310228D0 reset=0 enable=1 recording=1 not-rendering=0 metering=2 fullscreen=0 slmode=1 known=0x17f hud=40797ed0 back=406d3cd0 real=0 interp=48f242d0 bridge-lock=1 arm=703->703 result=1 disable-interp=0(known=0) foreground=1 monitors=0000000021D415E7/0000000021D415E7 cpu=0.190ms
01:35:59.432  qpc=3636560785177 [fg-transition] start=3636560769506 frame=000000000000058A idx=1/3 queue=00000000310228D0 reset=0 enable=1 recording=1 not-rendering=0 metering=2 fullscreen=0 slmode=1 known=0x17f hud=40797ed0 back=406d0cd0 real=48f242d0 interp=48f248d0 bridge-lock=1 arm=703->704 result=1 disable-interp=0(known=0) foreground=1 monitors=0000000021D415E7/0000000021D415E7 cpu=1.567ms
01:35:59.432  qpc=3636560790727 [fg-transition] start=3636560789920 frame=000000000000058A idx=2/3 queue=00000000310228D0 reset=0 enable=1 recording=1 not-rendering=0 metering=2 fullscreen=0 slmode=1 known=0x17f hud=40797ed0 back=406d0cd0 real=0 interp=48f248d0 bridge-lock=1 arm=704->704 result=1 disable-interp=0(known=0) foreground=1 monitors=0000000021D415E7/0000000021D415E7 cpu=0.081ms
01:35:59.432  qpc=3636560794444 [fg-transition] start=3636560793769 frame=000000000000058A idx=3/3 queue=00000000310228D0 reset=0 enable=1 recording=1 not-rendering=0 metering=2 fullscreen=0 slmode=1 known=0x17f hud=40797ed0 back=406d0cd0 real=0 interp=48f248d0 bridge-lock=1 arm=704->704 result=1 disable-interp=0(known=0) foreground=1 monitors=0000000021D415E7/0000000021D415E7 cpu=0.067ms
01:35:59.466  qpc=3636561122854 [fg-transition] start=3636560906412 frame=000000000000058B idx=1/3 queue=00000000310228D0 reset=0 enable=1 recording=1 not-rendering=0 metering=2 fullscreen=0 slmode=1 known=0x17f hud=40797ed0 back=406d1ed0 real=48f248d0 interp=48f242d0 bridge-lock=1 arm=704->705 result=1 disable-interp=0(known=0) foreground=1 monitors=0000000021D415E7/0000000021D415E7 cpu=21.644ms
01:35:59.467  qpc=3636561130383 [fg-transition] start=3636561129531 frame=000000000000058B idx=2/3 queue=00000000310228D0 reset=0 enable=1 recording=1 not-rendering=0 metering=2 fullscreen=0 slmode=1 known=0x17f hud=40797ed0 back=406d1ed0 real=0 interp=48f242d0 bridge-lock=1 arm=705->705 result=1 disable-interp=0(known=0) foreground=1 monitors=0000000021D415E7/0000000021D415E7 cpu=0.085ms
01:35:59.467  qpc=3636561134777 [fg-transition] start=3636561133717 frame=000000000000058B idx=3/3 queue=00000000310228D0 reset=0 enable=1 recording=1 not-rendering=0 metering=2 fullscreen=0 slmode=1 known=0x17f hud=40797ed0 back=406d1ed0 real=0 interp=48f242d0 bridge-lock=1 arm=705->705 result=1 disable-interp=0(known=0) foreground=1 monitors=0000000021D415E7/0000000021D415E7 cpu=0.106ms
01:35:59.505  qpc=3636561518844 [fg-transition] start=3636561261205 frame=000000000000058C idx=1/3 queue=00000000310228D0 reset=0 enable=1 recording=1 not-rendering=0 metering=2 fullscreen=0 slmode=1 known=0x17f hud=40797ed0 back=406d3cd0 real=48f242d0 interp=48f248d0 bridge-lock=1 arm=705->706 result=1 disable-interp=0(known=0) foreground=1 monitors=0000000021D415E7/0000000021D415E7 cpu=25.764ms
01:36:00.105  [fg-history] FG Reset burst starts; contract_changed=0 bridge_pending=0 foreground=1.
01:36:00.110  qpc=3636567553717 [fg-transition] start=3636567519840 frame=00000000000005A1 idx=1/3 queue=0000000031023CD0 reset=1 enable=1 recording=1 not-rendering=0 metering=0 fullscreen=0 slmode=1 known=0x17f hud=40797ed0 back=406d3cd0 real=462f60d0 interp=48f248d0 bridge-lock=1 arm=717->718 result=1 disable-interp=0(known=0) foreground=1 monitors=0000000021D415E7/0000000021D415E7 cpu=3.387ms
01:36:00.110  qpc=3636567557613 [fg-transition] start=3636567557309 frame=00000000000005A1 idx=2/3 queue=0000000031023CD0 reset=1 enable=1 recording=1 not-rendering=0 metering=0 fullscreen=0 slmode=1 known=0x17f hud=40797ed0 back=406d3cd0 real=0 interp=48f242d0 bridge-lock=1 arm=718->718 result=1 disable-interp=0(known=0) foreground=1 monitors=0000000021D415E7/0000000021D415E7 cpu=0.030ms
01:36:00.110  qpc=3636567558442 [fg-transition] start=3636567558231 frame=00000000000005A1 idx=3/3 queue=0000000031023CD0 reset=1 enable=1 recording=1 not-rendering=0 metering=0 fullscreen=0 slmode=1 known=0x17f hud=40797ed0 back=406d3cd0 real=0 interp=453ea2d0 bridge-lock=1 arm=718->718 result=1 disable-interp=0(known=0) foreground=1 monitors=0000000021D415E7/0000000021D415E7 cpu=0.021ms
01:36:00.118  [fg-history] FG Reset burst ends: 1 real frames, 16 ms.
01:36:00.135  qpc=3636567807792 [fg-transition] start=3636567654384 frame=00000000000005A2 idx=1/3 queue=0000000031023CD0 reset=0 enable=1 recording=1 not-rendering=0 metering=0 fullscreen=0 slmode=1 known=0x17f hud=40797ed0 back=406d0cd0 real=48f248d0 interp=462f60d0 bridge-lock=1 arm=718->719 result=1 disable-interp=0(known=0) foreground=1 monitors=0000000021D415E7/0000000021D415E7 cpu=15.341ms
01:36:00.135  qpc=3636567825487 [fg-transition] start=3636567823232 frame=00000000000005A2 idx=2/3 queue=0000000031023CD0 reset=0 enable=1 recording=1 not-rendering=0 metering=0 fullscreen=0 slmode=1 known=0x17f hud=40797ed0 back=406d0cd0 real=0 interp=453ea2d0 bridge-lock=1 arm=719->719 result=1 disable-interp=0(known=0) foreground=1 monitors=0000000021D415E7/0000000021D415E7 cpu=0.225ms
01:36:00.135  qpc=3636567826642 [fg-transition] start=3636567826039 frame=00000000000005A2 idx=3/3 queue=0000000031023CD0 reset=0 enable=1 recording=1 not-rendering=0 metering=0 fullscreen=0 slmode=1 known=0x17f hud=40797ed0 back=406d0cd0 real=0 interp=48f242d0 bridge-lock=1 arm=719->719 result=1 disable-interp=0(known=0) foreground=1 monitors=0000000021D415E7/0000000021D415E7 cpu=0.060ms
01:36:00.168  qpc=3636568132018 [fg-transition] start=3636568015429 frame=00000000000005A3 idx=1/3 queue=0000000031023CD0 reset=0 enable=1 recording=1 not-rendering=0 metering=0 fullscreen=0 slmode=1 known=0x17f hud=40797ed0 back=406d1ed0 real=462f60d0 interp=48f248d0 bridge-lock=1 arm=719->720 result=1 disable-interp=0(known=0) foreground=1 monitors=0000000021D415E7/0000000021D415E7 cpu=11.659ms
01:36:00.178  qpc=3636568238880 [fg-transition] start=3636568237736 frame=00000000000005A3 idx=2/3 queue=0000000031023CD0 reset=0 enable=1 recording=1 not-rendering=0 metering=0 fullscreen=0 slmode=1 known=0x17f hud=40797ed0 back=406d1ed0 real=0 interp=48f242d0 bridge-lock=1 arm=720->720 result=1 disable-interp=0(known=0) foreground=1 monitors=0000000021D415E7/0000000021D415E7 cpu=0.114ms
01:36:00.178  qpc=3636568241850 [fg-transition] start=3636568241187 frame=00000000000005A3 idx=3/3 queue=0000000031023CD0 reset=0 enable=1 recording=1 not-rendering=0 metering=0 fullscreen=0 slmode=1 known=0x17f hud=40797ed0 back=406d1ed0 real=0 interp=453ea2d0 bridge-lock=1 arm=720->720 result=1 disable-interp=0(known=0) foreground=1 monitors=0000000021D415E7/0000000021D415E7 cpu=0.066ms
01:36:00.184  qpc=3636568299347 [fg-transition] start=3636568293814 frame=00000000000005A4 idx=1/3 queue=0000000031023CD0 reset=0 enable=1 recording=1 not-rendering=0 metering=0 fullscreen=0 slmode=1 known=0x17f hud=40797ed0 back=406d3cd0 real=48f248d0 interp=462f60d0 bridge-lock=1 arm=720->721 result=1 disable-interp=0(known=0) foreground=1 monitors=0000000021D415E7/0000000021D415E7 cpu=0.553ms
01:36:00.230  qpc=3636568771335 [fg-transition] start=3636568770100 frame=00000000000005A4 idx=2/3 queue=0000000031023CD0 reset=0 enable=1 recording=1 not-rendering=0 metering=0 fullscreen=0 slmode=1 known=0x17f hud=40797ed0 back=406d3cd0 real=0 interp=453ea2d0 bridge-lock=1 arm=721->721 result=1 disable-interp=0(known=0) foreground=1 monitors=0000000021D415E7/0000000021D415E7 cpu=0.123ms
01:36:00.231  qpc=3636568773475 [fg-transition] start=3636568772841 frame=00000000000005A4 idx=3/3 queue=0000000031023CD0 reset=0 enable=1 recording=1 not-rendering=0 metering=0 fullscreen=0 slmode=1 known=0x17f hud=40797ed0 back=406d3cd0 real=0 interp=48f242d0 bridge-lock=1 arm=721->721 result=1 disable-interp=0(known=0) foreground=1 monitors=0000000021D415E7/0000000021D415E7 cpu=0.063ms
01:36:00.335  qpc=3636569830779 [focus-fg] state: enabled=1 hooked=1 foreground=1 minimized=0 hwnd=00000000025B2E8C scope_calls=726 original_false=628 kept=628 presents=1448 FG_evaluates=2173
01:36:02.253  qpc=3636588983550 [fg-transition] start=3636588982274 frame=00000000000005D8 idx=2/3 queue=0000000031023CD0 reset=0 enable=1 recording=1 not-rendering=0 metering=0 fullscreen=0 slmode=1 known=0x17f hud=40797ed0 back=406d0cd0 real=0 interp=453ea2d0 bridge-lock=1 arm=773->773 result=1 disable-interp=0(known=0) foreground=0 monitors=0000000021D415E7/0000000046ED07EF cpu=0.127ms
01:36:02.253  qpc=3636588985793 [fg-transition] start=3636588985113 frame=00000000000005D8 idx=3/3 queue=0000000031023CD0 reset=0 enable=1 recording=1 not-rendering=0 metering=0 fullscreen=0 slmode=1 known=0x17f hud=40797ed0 back=406d0cd0 real=0 interp=48f242d0 bridge-lock=1 arm=773->773 result=1 disable-interp=0(known=0) foreground=0 monitors=0000000021D415E7/0000000046ED07EF cpu=0.068ms
01:36:02.259  qpc=3636589046500 [fg-transition] start=3636588986297 frame=00000000000005D9 idx=1/3 queue=0000000031023CD0 reset=0 enable=1 recording=1 not-rendering=0 metering=0 fullscreen=0 slmode=1 known=0x17f hud=40797ed0 back=406d1ed0 real=462f60d0 interp=48f248d0 bridge-lock=1 arm=773->774 result=1 disable-interp=0(known=0) foreground=0 monitors=0000000021D415E7/0000000046ED07EF cpu=6.020ms
01:36:02.290  qpc=3636589357571 [fg-transition] start=3636589356287 frame=00000000000005D9 idx=2/3 queue=0000000031023CD0 reset=0 enable=1 recording=1 not-rendering=0 metering=0 fullscreen=0 slmode=1 known=0x17f hud=40797ed0 back=406d1ed0 real=0 interp=48f242d0 bridge-lock=1 arm=774->774 result=1 disable-interp=0(known=0) foreground=0 monitors=0000000021D415E7/0000000046ED07EF cpu=0.128ms
01:36:02.290  qpc=3636589359774 [fg-transition] start=3636589359119 frame=00000000000005D9 idx=3/3 queue=0000000031023CD0 reset=0 enable=1 recording=1 not-rendering=0 metering=0 fullscreen=0 slmode=1 known=0x17f hud=40797ed0 back=406d1ed0 real=0 interp=453ea2d0 bridge-lock=1 arm=774->774 result=1 disable-interp=0(known=0) foreground=0 monitors=0000000021D415E7/0000000046ED07EF cpu=0.065ms
01:36:02.297  qpc=3636589434310 [fg-transition] start=3636589360241 frame=00000000000005DA idx=1/3 queue=0000000031023CD0 reset=0 enable=1 recording=1 not-rendering=0 metering=0 fullscreen=0 slmode=1 known=0x17f hud=40797ed0 back=406d3cd0 real=48f248d0 interp=462f60d0 bridge-lock=1 arm=774->775 result=1 disable-interp=0(known=0) foreground=0 monitors=0000000021D415E7/0000000046ED07EF cpu=7.407ms
01:36:02.330  qpc=3636589751936 [fg-transition] start=3636589750522 frame=00000000000005DA idx=2/3 queue=0000000031023CD0 reset=0 enable=1 recording=1 not-rendering=0 metering=0 fullscreen=0 slmode=1 known=0x17f hud=40797ed0 back=406d3cd0 real=0 interp=453ea2d0 bridge-lock=1 arm=775->775 result=1 disable-interp=0(known=0) foreground=0 monitors=0000000021D415E7/0000000046ED07EF cpu=0.141ms
01:36:02.330  qpc=3636589754447 [fg-transition] start=3636589753567 frame=00000000000005DA idx=3/3 queue=0000000031023CD0 reset=0 enable=1 recording=1 not-rendering=0 metering=0 fullscreen=0 slmode=1 known=0x17f hud=40797ed0 back=406d3cd0 real=0 interp=48f242d0 bridge-lock=1 arm=775->775 result=1 disable-interp=0(known=0) foreground=0 monitors=0000000021D415E7/0000000046ED07EF cpu=0.088ms
01:36:02.337  qpc=3636589829913 [fg-transition] start=3636589755162 frame=00000000000005DB idx=1/3 queue=0000000031023CD0 reset=0 enable=1 recording=1 not-rendering=0 metering=0 fullscreen=0 slmode=1 known=0x17f hud=40797ed0 back=406d0cd0 real=462f60d0 interp=48f248d0 bridge-lock=1 arm=775->776 result=1 disable-interp=0(known=0) foreground=0 monitors=0000000021D415E7/0000000046ED07EF cpu=7.475ms
01:36:02.357  qpc=3636590049418 [focus-fg] state: enabled=1 hooked=1 foreground=0 minimized=0 hwnd=00000000025B2E8C scope_calls=778 original_false=631 kept=631 presents=1500 FG_evaluates=2329
01:36:02.368  qpc=3636590146942 [fg-transition] start=3636590145459 frame=00000000000005DB idx=2/3 queue=0000000031023CD0 reset=0 enable=1 recording=1 not-rendering=0 metering=0 fullscreen=0 slmode=1 known=0x17f hud=40797ed0 back=406d0cd0 real=0 interp=48f242d0 bridge-lock=1 arm=776->776 result=1 disable-interp=0(known=0) foreground=0 monitors=0000000021D415E7/0000000046ED07EF cpu=0.148ms
01:36:02.369  qpc=3636590148306 [fg-transition] start=3636590147570 frame=00000000000005DB idx=3/3 queue=0000000031023CD0 reset=0 enable=1 recording=1 not-rendering=0 metering=0 fullscreen=0 slmode=1 known=0x17f hud=40797ed0 back=406d0cd0 real=0 interp=453ea2d0 bridge-lock=1 arm=776->776 result=1 disable-interp=0(known=0) foreground=0 monitors=0000000021D415E7/0000000046ED07EF cpu=0.073ms
01:36:02.377  qpc=3636590228532 [fg-transition] start=3636590148915 frame=00000000000005DC idx=1/3 queue=0000000031023CD0 reset=0 enable=1 recording=1 not-rendering=0 metering=0 fullscreen=0 slmode=1 known=0x17f hud=40797ed0 back=406d1ed0 real=48f248d0 interp=462f60d0 bridge-lock=1 arm=776->777 result=1 disable-interp=0(known=0) foreground=0 monitors=0000000021D415E7/0000000046ED07EF cpu=7.961ms
01:36:03.706  [fg-history] FG Reset burst starts; contract_changed=0 bridge_pending=0 foreground=0.
01:36:03.711  qpc=3636603568916 [fg-transition] start=3636603537355 frame=0000000000000609 idx=1/3 queue=00000000310228D0 reset=1 enable=1 recording=1 not-rendering=0 metering=2 fullscreen=0 slmode=1 known=0x17f hud=40797ed0 back=406d1ed0 real=48f248d0 interp=48f242d0 bridge-lock=1 arm=808->809 result=1 disable-interp=0(known=0) foreground=0 monitors=0000000021D415E7/0000000046ED07EF cpu=3.156ms
01:36:03.712  qpc=3636603580705 [fg-transition] start=3636603580217 frame=0000000000000609 idx=2/3 queue=00000000310228D0 reset=1 enable=1 recording=1 not-rendering=0 metering=2 fullscreen=0 slmode=1 known=0x17f hud=40797ed0 back=406d1ed0 real=0 interp=48f242d0 bridge-lock=1 arm=809->809 result=1 disable-interp=0(known=0) foreground=0 monitors=0000000021D415E7/0000000046ED07EF cpu=0.048ms
01:36:03.712  qpc=3636603587458 [fg-transition] start=3636603587071 frame=0000000000000609 idx=3/3 queue=00000000310228D0 reset=1 enable=1 recording=1 not-rendering=0 metering=2 fullscreen=0 slmode=1 known=0x17f hud=40797ed0 back=406d1ed0 real=0 interp=48f242d0 bridge-lock=1 arm=809->809 result=1 disable-interp=0(known=0) foreground=0 monitors=0000000021D415E7/0000000046ED07EF cpu=0.038ms
01:36:03.714  [fg-history] FG Reset burst ends: 1 real frames, 0 ms.
01:36:03.742  qpc=3636603867701 [fg-transition] start=3636603610580 frame=000000000000060A idx=1/3 queue=00000000310228D0 reset=0 enable=1 recording=1 not-rendering=0 metering=2 fullscreen=0 slmode=1 known=0x17f hud=40797ed0 back=406d3cd0 real=48f242d0 interp=48f248d0 bridge-lock=1 arm=809->810 result=1 disable-interp=0(known=0) foreground=0 monitors=0000000021D415E7/0000000046ED07EF cpu=25.712ms
01:36:03.742  qpc=3636603872549 [fg-transition] start=3636603871340 frame=000000000000060A idx=2/3 queue=00000000310228D0 reset=0 enable=1 recording=1 not-rendering=0 metering=2 fullscreen=0 slmode=1 known=0x17f hud=40797ed0 back=406d3cd0 real=0 interp=48f248d0 bridge-lock=1 arm=810->810 result=1 disable-interp=0(known=0) foreground=0 monitors=0000000021D415E7/0000000046ED07EF cpu=0.121ms
01:36:03.742  qpc=3636603876140 [fg-transition] start=3636603875138 frame=000000000000060A idx=3/3 queue=00000000310228D0 reset=0 enable=1 recording=1 not-rendering=0 metering=2 fullscreen=0 slmode=1 known=0x17f hud=40797ed0 back=406d3cd0 real=0 interp=48f248d0 bridge-lock=1 arm=810->810 result=1 disable-interp=0(known=0) foreground=0 monitors=0000000021D415E7/0000000046ED07EF cpu=0.100ms
01:36:03.778  qpc=3636604222457 [fg-transition] start=3636604019574 frame=000000000000060B idx=1/3 queue=00000000310228D0 reset=0 enable=1 recording=1 not-rendering=0 metering=2 fullscreen=0 slmode=1 known=0x17f hud=40797ed0 back=406d0cd0 real=48f248d0 interp=48f242d0 bridge-lock=1 arm=810->811 result=1 disable-interp=0(known=0) foreground=0 monitors=0000000021D415E7/0000000046ED07EF cpu=20.288ms
01:36:03.778  qpc=3636604226514 [fg-transition] start=3636604225272 frame=000000000000060B idx=2/3 queue=00000000310228D0 reset=0 enable=1 recording=1 not-rendering=0 metering=2 fullscreen=0 slmode=1 known=0x17f hud=40797ed0 back=406d0cd0 real=0 interp=48f242d0 bridge-lock=1 arm=811->811 result=1 disable-interp=0(known=0) foreground=0 monitors=0000000021D415E7/0000000046ED07EF cpu=0.124ms
01:36:03.778  qpc=3636604228943 [fg-transition] start=3636604227873 frame=000000000000060B idx=3/3 queue=00000000310228D0 reset=0 enable=1 recording=1 not-rendering=0 metering=2 fullscreen=0 slmode=1 known=0x17f hud=40797ed0 back=406d0cd0 real=0 interp=48f242d0 bridge-lock=1 arm=811->811 result=1 disable-interp=0(known=0) foreground=0 monitors=0000000021D415E7/0000000046ED07EF cpu=0.107ms
01:36:03.814  qpc=3636604576277 [fg-transition] start=3636604407042 frame=000000000000060C idx=1/3 queue=00000000310228D0 reset=0 enable=1 recording=1 not-rendering=0 metering=2 fullscreen=0 slmode=1 known=0x17f hud=40797ed0 back=406d1ed0 real=48f242d0 interp=48f248d0 bridge-lock=1 arm=811->812 result=1 disable-interp=0(known=0) foreground=0 monitors=0000000021D415E7/0000000046ED07EF cpu=16.923ms
01:36:03.814  qpc=3636604586161 [fg-transition] start=3636604584758 frame=000000000000060C idx=2/3 queue=00000000310228D0 reset=0 enable=1 recording=1 not-rendering=0 metering=2 fullscreen=0 slmode=1 known=0x17f hud=40797ed0 back=406d1ed0 real=0 interp=48f248d0 bridge-lock=1 arm=812->812 result=1 disable-interp=0(known=0) foreground=0 monitors=0000000021D415E7/0000000046ED07EF cpu=0.140ms
01:36:03.814  qpc=3636604591725 [fg-transition] start=3636604590513 frame=000000000000060C idx=3/3 queue=00000000310228D0 reset=0 enable=1 recording=1 not-rendering=0 metering=2 fullscreen=0 slmode=1 known=0x17f hud=40797ed0 back=406d1ed0 real=0 interp=48f248d0 bridge-lock=1 arm=812->812 result=1 disable-interp=0(known=0) foreground=0 monitors=0000000021D415E7/0000000046ED07EF cpu=0.121ms
01:36:04.920  qpc=3636615657141 [fg-transition] start=3636615635142 frame=0000000000000626 idx=1/3 queue=00000000310228D0 reset=0 enable=1 recording=1 not-rendering=0 metering=2 fullscreen=0 slmode=1 known=0x17f hud=40797ed0 back=406d0cd0 real=48f242d0 interp=48f248d0 bridge-lock=1 arm=837->838 result=1 disable-interp=0(known=0) foreground=1 monitors=0000000021D415E7/0000000021D415E7 cpu=2.200ms
01:36:04.921  qpc=3636615666333 [fg-transition] start=3636615665397 frame=0000000000000626 idx=2/3 queue=00000000310228D0 reset=0 enable=1 recording=1 not-rendering=0 metering=2 fullscreen=0 slmode=1 known=0x17f hud=40797ed0 back=406d0cd0 real=0 interp=48f248d0 bridge-lock=1 arm=838->838 result=1 disable-interp=0(known=0) foreground=1 monitors=0000000021D415E7/0000000021D415E7 cpu=0.093ms
01:36:04.921  qpc=3636615673344 [fg-transition] start=3636615672124 frame=0000000000000626 idx=3/3 queue=00000000310228D0 reset=0 enable=1 recording=1 not-rendering=0 metering=2 fullscreen=0 slmode=1 known=0x17f hud=40797ed0 back=406d0cd0 real=0 interp=48f248d0 bridge-lock=1 arm=838->838 result=1 disable-interp=0(known=0) foreground=1 monitors=0000000021D415E7/0000000021D415E7 cpu=0.122ms
01:36:04.950  qpc=3636615961617 [fg-transition] start=3636615734096 frame=0000000000000627 idx=1/3 queue=00000000310228D0 reset=0 enable=1 recording=1 not-rendering=0 metering=2 fullscreen=0 slmode=1 known=0x17f hud=40797ed0 back=406d1ed0 real=48f248d0 interp=48f242d0 bridge-lock=1 arm=838->839 result=1 disable-interp=0(known=0) foreground=1 monitors=0000000021D415E7/0000000021D415E7 cpu=22.752ms
01:36:04.950  qpc=3636615967362 [fg-transition] start=3636615966537 frame=0000000000000627 idx=2/3 queue=00000000310228D0 reset=0 enable=1 recording=1 not-rendering=0 metering=2 fullscreen=0 slmode=1 known=0x17f hud=40797ed0 back=406d1ed0 real=0 interp=48f242d0 bridge-lock=1 arm=839->839 result=1 disable-interp=0(known=0) foreground=1 monitors=0000000021D415E7/0000000021D415E7 cpu=0.082ms
01:36:04.950  qpc=3636615971251 [fg-transition] start=3636615970553 frame=0000000000000627 idx=3/3 queue=00000000310228D0 reset=0 enable=1 recording=1 not-rendering=0 metering=2 fullscreen=0 slmode=1 known=0x17f hud=40797ed0 back=406d1ed0 real=0 interp=48f242d0 bridge-lock=1 arm=839->839 result=1 disable-interp=0(known=0) foreground=1 monitors=0000000021D415E7/0000000021D415E7 cpu=0.070ms
01:36:05.013  qpc=3636616580456 [fg-transition] start=3636616562057 frame=0000000000000628 idx=1/3 queue=00000000310228D0 reset=0 enable=1 recording=1 not-rendering=0 metering=2 fullscreen=0 slmode=1 known=0x17f hud=40797ed0 back=406d3cd0 real=48f242d0 interp=48f248d0 bridge-lock=1 arm=839->840 result=1 disable-interp=0(known=0) foreground=1 monitors=0000000021D415E7/0000000021D415E7 cpu=1.839ms
01:36:05.013  qpc=3636616587776 [fg-transition] start=3636616586852 frame=0000000000000628 idx=2/3 queue=00000000310228D0 reset=0 enable=1 recording=1 not-rendering=0 metering=2 fullscreen=0 slmode=1 known=0x17f hud=40797ed0 back=406d3cd0 real=0 interp=48f248d0 bridge-lock=1 arm=840->840 result=1 disable-interp=0(known=0) foreground=1 monitors=0000000021D415E7/0000000021D415E7 cpu=0.092ms
01:36:05.013  qpc=3636616593320 [fg-transition] start=3636616591937 frame=0000000000000628 idx=3/3 queue=00000000310228D0 reset=0 enable=1 recording=1 not-rendering=0 metering=2 fullscreen=0 slmode=1 known=0x17f hud=40797ed0 back=406d3cd0 real=0 interp=48f248d0 bridge-lock=1 arm=840->840 result=1 disable-interp=0(known=0) foreground=1 monitors=0000000021D415E7/0000000021D415E7 cpu=0.138ms
01:36:05.041  qpc=3636616875508 [fg-transition] start=3636616690017 frame=0000000000000629 idx=1/3 queue=00000000310228D0 reset=0 enable=1 recording=1 not-rendering=0 metering=2 fullscreen=0 slmode=1 known=0x17f hud=40797ed0 back=406d0cd0 real=48f248d0 interp=48f242d0 bridge-lock=1 arm=840->841 result=1 disable-interp=0(known=0) foreground=1 monitors=0000000021D415E7/0000000021D415E7 cpu=18.549ms
01:36:05.041  qpc=3636616883490 [fg-transition] start=3636616882229 frame=0000000000000629 idx=2/3 queue=00000000310228D0 reset=0 enable=1 recording=1 not-rendering=0 metering=2 fullscreen=0 slmode=1 known=0x17f hud=40797ed0 back=406d0cd0 real=0 interp=48f242d0 bridge-lock=1 arm=841->841 result=1 disable-interp=0(known=0) foreground=1 monitors=0000000021D415E7/0000000021D415E7 cpu=0.126ms
01:36:05.053  qpc=3636616917417 [fg-transition] start=3636616916461 frame=0000000000000629 idx=3/3 queue=00000000310228D0 reset=0 enable=1 recording=1 not-rendering=0 metering=2 fullscreen=0 slmode=1 known=0x17f hud=40797ed0 back=406d0cd0 real=0 interp=48f242d0 bridge-lock=1 arm=841->841 result=1 disable-interp=0(known=0) foreground=1 monitors=0000000021D415E7/0000000021D415E7 cpu=0.095ms
01:36:05.380  qpc=3636620273476 [focus-fg] state: enabled=1 hooked=1 foreground=1 minimized=0 hwnd=00000000025B2E8C scope_calls=851 original_false=691 kept=691 presents=1586 FG_evaluates=2551
01:36:05.644  [fg-history] FG Reset burst starts; contract_changed=0 bridge_pending=0 foreground=1.
01:36:05.648  qpc=3636622938722 [fg-transition] start=3636622903284 frame=000000000000063F idx=1/3 queue=0000000031023CD0 reset=1 enable=1 recording=1 not-rendering=0 metering=0 fullscreen=0 slmode=1 known=0x17f hud=40797ed0 back=406d1ed0 real=49a4a8d0 interp=48f242d0 bridge-lock=1 arm=852->853 result=1 disable-interp=0(known=0) foreground=1 monitors=0000000021D415E7/0000000021D415E7 cpu=3.543ms
01:36:05.648  qpc=3636622940733 [fg-transition] start=3636622940494 frame=000000000000063F idx=2/3 queue=0000000031023CD0 reset=1 enable=1 recording=1 not-rendering=0 metering=0 fullscreen=0 slmode=1 known=0x17f hud=40797ed0 back=406d1ed0 real=0 interp=48f248d0 bridge-lock=1 arm=853->853 result=1 disable-interp=0(known=0) foreground=1 monitors=0000000021D415E7/0000000021D415E7 cpu=0.024ms
01:36:05.648  qpc=3636622941199 [fg-transition] start=3636622941056 frame=000000000000063F idx=3/3 queue=0000000031023CD0 reset=1 enable=1 recording=1 not-rendering=0 metering=0 fullscreen=0 slmode=1 known=0x17f hud=40797ed0 back=406d1ed0 real=0 interp=4a506cd0 bridge-lock=1 arm=853->853 result=1 disable-interp=0(known=0) foreground=1 monitors=0000000021D415E7/0000000021D415E7 cpu=0.014ms
01:36:05.659  [fg-history] FG Reset burst ends: 1 real frames, 16 ms.
01:36:05.673  qpc=3636623188284 [fg-transition] start=3636623067808 frame=0000000000000640 idx=1/3 queue=0000000031023CD0 reset=0 enable=1 recording=1 not-rendering=0 metering=0 fullscreen=0 slmode=1 known=0x17f hud=40797ed0 back=406d3cd0 real=48f242d0 interp=49a4a8d0 bridge-lock=1 arm=853->854 result=1 disable-interp=0(known=0) foreground=1 monitors=0000000021D415E7/0000000021D415E7 cpu=12.047ms
01:36:05.675  qpc=3636623209102 [fg-transition] start=3636623208153 frame=0000000000000640 idx=2/3 queue=0000000031023CD0 reset=0 enable=1 recording=1 not-rendering=0 metering=0 fullscreen=0 slmode=1 known=0x17f hud=40797ed0 back=406d3cd0 real=0 interp=4a506cd0 bridge-lock=1 arm=854->854 result=1 disable-interp=0(known=0) foreground=1 monitors=0000000021D415E7/0000000021D415E7 cpu=0.095ms
01:36:05.675  qpc=3636623211294 [fg-transition] start=3636623210629 frame=0000000000000640 idx=3/3 queue=0000000031023CD0 reset=0 enable=1 recording=1 not-rendering=0 metering=0 fullscreen=0 slmode=1 known=0x17f hud=40797ed0 back=406d3cd0 real=0 interp=48f248d0 bridge-lock=1 arm=854->854 result=1 disable-interp=0(known=0) foreground=1 monitors=0000000021D415E7/0000000021D415E7 cpu=0.066ms
01:36:05.706  qpc=3636623516920 [fg-transition] start=3636623353243 frame=0000000000000641 idx=1/3 queue=0000000031023CD0 reset=0 enable=1 recording=1 not-rendering=0 metering=0 fullscreen=0 slmode=1 known=0x17f hud=40797ed0 back=406d0cd0 real=49a4a8d0 interp=48f242d0 bridge-lock=1 arm=854->855 result=1 disable-interp=0(known=0) foreground=1 monitors=0000000021D415E7/0000000021D415E7 cpu=16.367ms
01:36:05.717  qpc=3636623624176 [fg-transition] start=3636623622664 frame=0000000000000641 idx=2/3 queue=0000000031023CD0 reset=0 enable=1 recording=1 not-rendering=0 metering=0 fullscreen=0 slmode=1 known=0x17f hud=40797ed0 back=406d0cd0 real=0 interp=48f248d0 bridge-lock=1 arm=855->855 result=1 disable-interp=0(known=0) foreground=1 monitors=0000000021D415E7/0000000021D415E7 cpu=0.151ms
01:36:05.717  qpc=3636623626836 [fg-transition] start=3636623625825 frame=0000000000000641 idx=3/3 queue=0000000031023CD0 reset=0 enable=1 recording=1 not-rendering=0 metering=0 fullscreen=0 slmode=1 known=0x17f hud=40797ed0 back=406d0cd0 real=0 interp=4a506cd0 bridge-lock=1 arm=855->855 result=1 disable-interp=0(known=0) foreground=1 monitors=0000000021D415E7/0000000021D415E7 cpu=0.101ms
01:36:05.742  qpc=3636623878864 [fg-transition] start=3636623747549 frame=0000000000000642 idx=1/3 queue=0000000031023CD0 reset=0 enable=1 recording=1 not-rendering=0 metering=0 fullscreen=0 slmode=1 known=0x17f hud=40797ed0 back=406d1ed0 real=48f242d0 interp=49a4a8d0 bridge-lock=1 arm=855->856 result=1 disable-interp=0(known=0) foreground=1 monitors=0000000021D415E7/0000000021D415E7 cpu=13.131ms
01:36:05.770  qpc=3636624162623 [fg-transition] start=3636624161366 frame=0000000000000642 idx=2/3 queue=0000000031023CD0 reset=0 enable=1 recording=1 not-rendering=0 metering=0 fullscreen=0 slmode=1 known=0x17f hud=40797ed0 back=406d1ed0 real=0 interp=4a506cd0 bridge-lock=1 arm=856->856 result=1 disable-interp=0(known=0) foreground=1 monitors=0000000021D415E7/0000000021D415E7 cpu=0.125ms
01:36:05.770  qpc=3636624164998 [fg-transition] start=3636624164338 frame=0000000000000642 idx=3/3 queue=0000000031023CD0 reset=0 enable=1 recording=1 not-rendering=0 metering=0 fullscreen=0 slmode=1 known=0x17f hud=40797ed0 back=406d1ed0 real=0 interp=48f248d0 bridge-lock=1 arm=856->856 result=1 disable-interp=0(known=0) foreground=1 monitors=0000000021D415E7/0000000021D415E7 cpu=0.066ms
01:36:09.625  [fg-relay] rate/15.0s p2 import_opt=1: presents=26.7/s present-gate[point=26.7 ready=0.0 fallback=0.0 inactive=0.0]/s noinfo=0.0/s stale=0.0/s unlearned=0.0/s attempts=24.5/s armed=24.5/s skipped=0.0/s busy=0.0/s arm-reject[state=0.0 request=0.0 refused=0.0 stopping=0.0 res=0.0 size=0.0]/s pool[cap=0.0 family=0.0 create=0.0 alloc=0.0]/s copy-drop[fence=0.0 reset=0.0 begin=0.0 end=0.0 submit=0.0]/s cf[seq=0.0/s idle=0.0/s nrfence=0.0/s] slotbusy=0.0/s copyfence-busy=0.0/s nr-gpuwait=19.7/s flips=0.0/s
01:36:09.626  [fg-relay] rate2: fginput eval=73.5/s index!=1=48.9/s eval-gate[off=0.0 fallback=0.0 notready=0.0 noinput=0.0 noqueue=0.0]/s relay eval=24.5/s consume=0.0/s inplace=24.5/s(ok 24.5/s) unarmed=0.0/s mismatch=0.0/s relbusy=0.0/s relok=24.5/s relfail=0.0/s release-stage[queue=0.0 pool=0.0 fence=0.0 reset=0.0 begin=0.0 end=0.0 submit=0.0]/s watchdog=0.0/s | worker plays=24.5/s ok=24.5/s fail=0.0/s nr_absent=0.0/s copyfail=0.0/s
01:36:09.626  [fg-relay] rate3: arm->arm avg=43.69ms max=1961.26ms n=952 | arm->work avg=0.01ms max=0.68ms | arm->eval avg=0.00ms max=0.00ms | copywait avg=0.008ms max=0.145ms | copy-land<= avg=64.69ms max=1960.89ms | work avg=12.49ms max=221.78ms | totals armed=953 unarmed=0 skipped=0 busy=0 mismatch=0 copies_failed=0 writes=953 conflicts=0
01:36:09.626  [fg-relay] rate4: throttle depth=1 off=0 | sleep calls=26.7/s waits=24.4/s clear=2.3/s timeouts=0.0/s avg=28.22ms | present calls=26.7/s waits=0.0/s clear=0.0/s timeouts=0.0/s avg=0.00ms | max=111.97ms (process)
01:36:10.495  qpc=3636671414312 [fg-transition] start=3636671413073 frame=00000000000006B9 idx=2/3 queue=0000000031023CD0 reset=0 enable=1 recording=1 not-rendering=0 metering=0 fullscreen=0 slmode=1 known=0x17f hud=40797ed0 back=406d0cd0 real=0 interp=48f248d0 bridge-lock=1 arm=975->975 result=1 disable-interp=0(known=0) foreground=0 monitors=0000000021D415E7/0000000046ED07EF cpu=0.124ms
01:36:10.495  qpc=3636671416549 [fg-transition] start=3636671415899 frame=00000000000006B9 idx=3/3 queue=0000000031023CD0 reset=0 enable=1 recording=1 not-rendering=0 metering=0 fullscreen=0 slmode=1 known=0x17f hud=40797ed0 back=406d0cd0 real=0 interp=4a506cd0 bridge-lock=1 arm=975->975 result=1 disable-interp=0(known=0) foreground=0 monitors=0000000021D415E7/0000000046ED07EF cpu=0.065ms
01:36:10.503  qpc=3636671488912 [fg-transition] start=3636671417035 frame=00000000000006BA idx=1/3 queue=0000000031023CD0 reset=0 enable=1 recording=1 not-rendering=0 metering=0 fullscreen=0 slmode=1 known=0x17f hud=40797ed0 back=406d1ed0 real=48f242d0 interp=49a4a8d0 bridge-lock=1 arm=975->976 result=1 disable-interp=0(known=0) foreground=0 monitors=0000000021D415E7/0000000046ED07EF cpu=7.188ms
01:36:10.535  qpc=3636671805187 [fg-transition] start=3636671803980 frame=00000000000006BA idx=2/3 queue=0000000031023CD0 reset=0 enable=1 recording=1 not-rendering=0 metering=0 fullscreen=0 slmode=1 known=0x17f hud=40797ed0 back=406d1ed0 real=0 interp=4a506cd0 bridge-lock=1 arm=976->976 result=1 disable-interp=0(known=0) foreground=0 monitors=0000000021D415E7/0000000046ED07EF cpu=0.120ms
01:36:10.535  qpc=3636671807372 [fg-transition] start=3636671806728 frame=00000000000006BA idx=3/3 queue=0000000031023CD0 reset=0 enable=1 recording=1 not-rendering=0 metering=0 fullscreen=0 slmode=1 known=0x17f hud=40797ed0 back=406d1ed0 real=0 interp=48f248d0 bridge-lock=1 arm=976->976 result=1 disable-interp=0(known=0) foreground=0 monitors=0000000021D415E7/0000000046ED07EF cpu=0.064ms
01:36:10.541  qpc=3636671871958 [fg-transition] start=3636671807832 frame=00000000000006BB idx=1/3 queue=0000000031023CD0 reset=0 enable=1 recording=1 not-rendering=0 metering=0 fullscreen=0 slmode=1 known=0x17f hud=40797ed0 back=406d3cd0 real=49a4a8d0 interp=48f242d0 bridge-lock=1 arm=976->977 result=1 disable-interp=0(known=0) foreground=0 monitors=0000000021D415E7/0000000046ED07EF cpu=6.412ms
01:36:10.572  qpc=3636672180764 [fg-transition] start=3636672179639 frame=00000000000006BB idx=2/3 queue=0000000031023CD0 reset=0 enable=1 recording=1 not-rendering=0 metering=0 fullscreen=0 slmode=1 known=0x17f hud=40797ed0 back=406d3cd0 real=0 interp=48f248d0 bridge-lock=1 arm=977->977 result=1 disable-interp=0(known=0) foreground=0 monitors=0000000021D415E7/0000000046ED07EF cpu=0.112ms
01:36:10.572  qpc=3636672183173 [fg-transition] start=3636672182305 frame=00000000000006BB idx=3/3 queue=0000000031023CD0 reset=0 enable=1 recording=1 not-rendering=0 metering=0 fullscreen=0 slmode=1 known=0x17f hud=40797ed0 back=406d3cd0 real=0 interp=4a506cd0 bridge-lock=1 arm=977->977 result=1 disable-interp=0(known=0) foreground=0 monitors=0000000021D415E7/0000000046ED07EF cpu=0.087ms
01:36:10.580  qpc=3636672268112 [fg-transition] start=3636672183785 frame=00000000000006BC idx=1/3 queue=0000000031023CD0 reset=0 enable=1 recording=1 not-rendering=0 metering=0 fullscreen=0 slmode=1 known=0x17f hud=40797ed0 back=406d0cd0 real=48f242d0 interp=49a4a8d0 bridge-lock=1 arm=977->978 result=1 disable-interp=0(known=0) foreground=0 monitors=0000000021D415E7/0000000046ED07EF cpu=8.432ms
01:36:10.612  qpc=3636672579862 [fg-transition] start=3636672578553 frame=00000000000006BC idx=2/3 queue=0000000031023CD0 reset=0 enable=1 recording=1 not-rendering=0 metering=0 fullscreen=0 slmode=1 known=0x17f hud=40797ed0 back=406d0cd0 real=0 interp=4a506cd0 bridge-lock=1 arm=978->978 result=1 disable-interp=0(known=0) foreground=0 monitors=0000000021D415E7/0000000046ED07EF cpu=0.131ms
01:36:10.612  qpc=3636672582109 [fg-transition] start=3636672581417 frame=00000000000006BC idx=3/3 queue=0000000031023CD0 reset=0 enable=1 recording=1 not-rendering=0 metering=0 fullscreen=0 slmode=1 known=0x17f hud=40797ed0 back=406d0cd0 real=0 interp=48f248d0 bridge-lock=1 arm=978->978 result=1 disable-interp=0(known=0) foreground=0 monitors=0000000021D415E7/0000000046ED07EF cpu=0.069ms
01:36:10.621  qpc=3636672668526 [fg-transition] start=3636672582593 frame=00000000000006BD idx=1/3 queue=0000000031023CD0 reset=0 enable=1 recording=1 not-rendering=0 metering=0 fullscreen=0 slmode=1 known=0x17f hud=40797ed0 back=406d1ed0 real=49a4a8d0 interp=48f242d0 bridge-lock=1 arm=978->979 result=1 disable-interp=0(known=0) foreground=0 monitors=0000000021D415E7/0000000046ED07EF cpu=8.593ms
01:36:11.424  qpc=3636680712458 [focus-fg] state: enabled=1 hooked=1 foreground=0 minimized=0 hwnd=00000000025B2E8C scope_calls=1002 original_false=717 kept=717 presents=1747 FG_evaluates=3001
01:36:11.933  [fg-history] FG Reset burst starts; contract_changed=0 bridge_pending=0 foreground=0.
01:36:11.938  qpc=3636685830799 [fg-transition] start=3636685798149 frame=00000000000006E8 idx=1/3 queue=00000000310228D0 reset=1 enable=1 recording=1 not-rendering=0 metering=2 fullscreen=0 slmode=1 known=0x17f hud=40797ed0 back=406d3cd0 real=48f248d0 interp=48f242d0 bridge-lock=1 arm=1010->1011 result=1 disable-interp=0(known=0) foreground=0 monitors=0000000021D415E7/0000000046ED07EF cpu=3.265ms
01:36:11.938  qpc=3636685838503 [fg-transition] start=3636685838066 frame=00000000000006E8 idx=2/3 queue=00000000310228D0 reset=1 enable=1 recording=1 not-rendering=0 metering=2 fullscreen=0 slmode=1 known=0x17f hud=40797ed0 back=406d3cd0 real=0 interp=48f242d0 bridge-lock=1 arm=1011->1011 result=1 disable-interp=0(known=0) foreground=0 monitors=0000000021D415E7/0000000046ED07EF cpu=0.044ms
01:36:11.938  qpc=3636685842240 [fg-transition] start=3636685841927 frame=00000000000006E8 idx=3/3 queue=00000000310228D0 reset=1 enable=1 recording=1 not-rendering=0 metering=2 fullscreen=0 slmode=1 known=0x17f hud=40797ed0 back=406d3cd0 real=0 interp=48f242d0 bridge-lock=1 arm=1011->1011 result=1 disable-interp=0(known=0) foreground=0 monitors=0000000021D415E7/0000000046ED07EF cpu=0.031ms
01:36:11.940  [fg-history] FG Reset burst ends: 1 real frames, 16 ms.
01:36:11.964  qpc=3636686093599 [fg-transition] start=3636685868024 frame=00000000000006E9 idx=1/3 queue=00000000310228D0 reset=0 enable=1 recording=1 not-rendering=0 metering=2 fullscreen=0 slmode=1 known=0x17f hud=40797ed0 back=406d0cd0 real=48f242d0 interp=48f248d0 bridge-lock=1 arm=1011->1012 result=1 disable-interp=0(known=0) foreground=0 monitors=0000000021D415E7/0000000046ED07EF cpu=22.557ms
01:36:11.964  qpc=3636686097522 [fg-transition] start=3636686096667 frame=00000000000006E9 idx=2/3 queue=00000000310228D0 reset=0 enable=1 recording=1 not-rendering=0 metering=2 fullscreen=0 slmode=1 known=0x17f hud=40797ed0 back=406d0cd0 real=0 interp=48f248d0 bridge-lock=1 arm=1012->1012 result=1 disable-interp=0(known=0) foreground=0 monitors=0000000021D415E7/0000000046ED07EF cpu=0.085ms
01:36:11.964  qpc=3636686099156 [fg-transition] start=3636686098552 frame=00000000000006E9 idx=3/3 queue=00000000310228D0 reset=0 enable=1 recording=1 not-rendering=0 metering=2 fullscreen=0 slmode=1 known=0x17f hud=40797ed0 back=406d0cd0 real=0 interp=48f248d0 bridge-lock=1 arm=1012->1012 result=1 disable-interp=0(known=0) foreground=0 monitors=0000000021D415E7/0000000046ED07EF cpu=0.060ms
01:36:11.997  qpc=3636686431585 [fg-transition] start=3636686224430 frame=00000000000006EA idx=1/3 queue=00000000310228D0 reset=0 enable=1 recording=1 not-rendering=0 metering=2 fullscreen=0 slmode=1 known=0x17f hud=40797ed0 back=406d1ed0 real=48f248d0 interp=48f242d0 bridge-lock=1 arm=1012->1013 result=1 disable-interp=0(known=0) foreground=0 monitors=0000000021D415E7/0000000046ED07EF cpu=20.715ms
01:36:11.998  qpc=3636686434711 [fg-transition] start=3636686433747 frame=00000000000006EA idx=2/3 queue=00000000310228D0 reset=0 enable=1 recording=1 not-rendering=0 metering=2 fullscreen=0 slmode=1 known=0x17f hud=40797ed0 back=406d1ed0 real=0 interp=48f242d0 bridge-lock=1 arm=1013->1013 result=1 disable-interp=0(known=0) foreground=0 monitors=0000000021D415E7/0000000046ED07EF cpu=0.096ms
01:36:11.998  qpc=3636686436112 [fg-transition] start=3636686435247 frame=00000000000006EA idx=3/3 queue=00000000310228D0 reset=0 enable=1 recording=1 not-rendering=0 metering=2 fullscreen=0 slmode=1 known=0x17f hud=40797ed0 back=406d1ed0 real=0 interp=48f242d0 bridge-lock=1 arm=1013->1013 result=1 disable-interp=0(known=0) foreground=0 monitors=0000000021D415E7/0000000046ED07EF cpu=0.086ms
01:36:12.035  qpc=3636686801552 [fg-transition] start=3636686564494 frame=00000000000006EB idx=1/3 queue=00000000310228D0 reset=0 enable=1 recording=1 not-rendering=0 metering=2 fullscreen=0 slmode=1 known=0x17f hud=40797ed0 back=406d3cd0 real=48f242d0 interp=48f248d0 bridge-lock=1 arm=1013->1014 result=1 disable-interp=0(known=0) foreground=0 monitors=0000000021D415E7/0000000046ED07EF cpu=23.706ms
01:36:12.035  qpc=3636686809144 [fg-transition] start=3636686808202 frame=00000000000006EB idx=2/3 queue=00000000310228D0 reset=0 enable=1 recording=1 not-rendering=0 metering=2 fullscreen=0 slmode=1 known=0x17f hud=40797ed0 back=406d3cd0 real=0 interp=48f248d0 bridge-lock=1 arm=1014->1014 result=1 disable-interp=0(known=0) foreground=0 monitors=0000000021D415E7/0000000046ED07EF cpu=0.094ms
01:36:12.035  qpc=3636686813608 [fg-transition] start=3636686812771 frame=00000000000006EB idx=3/3 queue=00000000310228D0 reset=0 enable=1 recording=1 not-rendering=0 metering=2 fullscreen=0 slmode=1 known=0x17f hud=40797ed0 back=406d3cd0 real=0 interp=48f248d0 bridge-lock=1 arm=1014->1014 result=1 disable-interp=0(known=0) foreground=0 monitors=0000000021D415E7/0000000046ED07EF cpu=0.084ms
01:36:12.568  qpc=3636692143482 [fg-transition] start=3636692127006 frame=00000000000006F8 idx=1/3 queue=00000000310228D0 reset=0 enable=1 recording=1 not-rendering=0 metering=2 fullscreen=0 slmode=1 known=0x17f hud=40797ed0 back=406d0cd0 real=48f248d0 interp=48f242d0 bridge-lock=1 arm=1026->1027 result=1 disable-interp=0(known=0) foreground=1 monitors=0000000021D415E7/0000000021D415E7 cpu=1.647ms
01:36:12.569  qpc=3636692150009 [fg-transition] start=3636692149146 frame=00000000000006F8 idx=2/3 queue=00000000310228D0 reset=0 enable=1 recording=1 not-rendering=0 metering=2 fullscreen=0 slmode=1 known=0x17f hud=40797ed0 back=406d0cd0 real=0 interp=48f242d0 bridge-lock=1 arm=1027->1027 result=1 disable-interp=0(known=0) foreground=1 monitors=0000000021D415E7/0000000021D415E7 cpu=0.086ms
01:36:12.569  qpc=3636692154535 [fg-transition] start=3636692153683 frame=00000000000006F8 idx=3/3 queue=00000000310228D0 reset=0 enable=1 recording=1 not-rendering=0 metering=2 fullscreen=0 slmode=1 known=0x17f hud=40797ed0 back=406d0cd0 real=0 interp=48f242d0 bridge-lock=1 arm=1027->1027 result=1 disable-interp=0(known=0) foreground=1 monitors=0000000021D415E7/0000000021D415E7 cpu=0.085ms
01:36:12.647  qpc=3636692923388 [fg-transition] start=3636692904613 frame=00000000000006F9 idx=1/3 queue=00000000310228D0 reset=0 enable=1 recording=1 not-rendering=0 metering=2 fullscreen=0 slmode=1 known=0x17f hud=40797ed0 back=406d1ed0 real=48f242d0 interp=48f248d0 bridge-lock=1 arm=1027->1028 result=1 disable-interp=0(known=0) foreground=1 monitors=0000000021D415E7/0000000021D415E7 cpu=1.877ms
01:36:12.648  qpc=3636692932136 [fg-transition] start=3636692931196 frame=00000000000006F9 idx=2/3 queue=00000000310228D0 reset=0 enable=1 recording=1 not-rendering=0 metering=2 fullscreen=0 slmode=1 known=0x17f hud=40797ed0 back=406d1ed0 real=0 interp=48f248d0 bridge-lock=1 arm=1028->1028 result=1 disable-interp=0(known=0) foreground=1 monitors=0000000021D415E7/0000000021D415E7 cpu=0.094ms
01:36:12.648  qpc=3636692937485 [fg-transition] start=3636692936611 frame=00000000000006F9 idx=3/3 queue=00000000310228D0 reset=0 enable=1 recording=1 not-rendering=0 metering=2 fullscreen=0 slmode=1 known=0x17f hud=40797ed0 back=406d1ed0 real=0 interp=48f248d0 bridge-lock=1 arm=1028->1028 result=1 disable-interp=0(known=0) foreground=1 monitors=0000000021D415E7/0000000021D415E7 cpu=0.087ms
01:36:12.678  qpc=3636693242373 [fg-transition] start=3636692991787 frame=00000000000006FA idx=1/3 queue=00000000310228D0 reset=0 enable=1 recording=1 not-rendering=0 metering=2 fullscreen=0 slmode=1 known=0x17f hud=40797ed0 back=406d3cd0 real=48f248d0 interp=48f242d0 bridge-lock=1 arm=1028->1029 result=1 disable-interp=0(known=0) foreground=1 monitors=0000000021D415E7/0000000021D415E7 cpu=25.058ms
01:36:12.678  qpc=3636693248559 [fg-transition] start=3636693247657 frame=00000000000006FA idx=2/3 queue=00000000310228D0 reset=0 enable=1 recording=1 not-rendering=0 metering=2 fullscreen=0 slmode=1 known=0x17f hud=40797ed0 back=406d3cd0 real=0 interp=48f242d0 bridge-lock=1 arm=1029->1029 result=1 disable-interp=0(known=0) foreground=1 monitors=0000000021D415E7/0000000021D415E7 cpu=0.090ms
01:36:12.679  qpc=3636693252567 [fg-transition] start=3636693251847 frame=00000000000006FA idx=3/3 queue=00000000310228D0 reset=0 enable=1 recording=1 not-rendering=0 metering=2 fullscreen=0 slmode=1 known=0x17f hud=40797ed0 back=406d3cd0 real=0 interp=48f242d0 bridge-lock=1 arm=1029->1029 result=1 disable-interp=0(known=0) foreground=1 monitors=0000000021D415E7/0000000021D415E7 cpu=0.072ms
01:36:12.744  qpc=3636693881922 [fg-transition] start=3636693862517 frame=00000000000006FB idx=1/3 queue=00000000310228D0 reset=0 enable=1 recording=1 not-rendering=0 metering=2 fullscreen=0 slmode=1 known=0x17f hud=40797ed0 back=406d0cd0 real=48f242d0 interp=48f248d0 bridge-lock=1 arm=1029->1030 result=1 disable-interp=0(known=0) foreground=1 monitors=0000000021D415E7/0000000021D415E7 cpu=1.940ms
01:36:12.744  qpc=3636693890325 [fg-transition] start=3636693889205 frame=00000000000006FB idx=2/3 queue=00000000310228D0 reset=0 enable=1 recording=1 not-rendering=0 metering=2 fullscreen=0 slmode=1 known=0x17f hud=40797ed0 back=406d0cd0 real=0 interp=48f248d0 bridge-lock=1 arm=1030->1030 result=1 disable-interp=0(known=0) foreground=1 monitors=0000000021D415E7/0000000021D415E7 cpu=0.112ms
01:36:12.744  qpc=3636693894933 [fg-transition] start=3636693894015 frame=00000000000006FB idx=3/3 queue=00000000310228D0 reset=0 enable=1 recording=1 not-rendering=0 metering=2 fullscreen=0 slmode=1 known=0x17f hud=40797ed0 back=406d0cd0 real=0 interp=48f248d0 bridge-lock=1 arm=1030->1030 result=1 disable-interp=0(known=0) foreground=1 monitors=0000000021D415E7/0000000021D415E7 cpu=0.092ms
01:36:13.335  [fg-history] FG Reset burst starts; contract_changed=0 bridge_pending=0 foreground=1.
01:36:13.340  qpc=3636699848172 [fg-transition] start=3636699810483 frame=0000000000000713 idx=1/3 queue=0000000031023CD0 reset=1 enable=1 recording=1 not-rendering=0 metering=0 fullscreen=0 slmode=1 known=0x17f hud=40797ed0 back=406d0cd0 real=4576ded0 interp=48f248d0 bridge-lock=1 arm=1041->1042 result=1 disable-interp=0(known=0) foreground=1 monitors=0000000021D415E7/0000000021D415E7 cpu=3.768ms
01:36:13.340  qpc=3636699852354 [fg-transition] start=3636699852003 frame=0000000000000713 idx=2/3 queue=0000000031023CD0 reset=1 enable=1 recording=1 not-rendering=0 metering=0 fullscreen=0 slmode=1 known=0x17f hud=40797ed0 back=406d0cd0 real=0 interp=48f242d0 bridge-lock=1 arm=1042->1042 result=1 disable-interp=0(known=0) foreground=1 monitors=0000000021D415E7/0000000021D415E7 cpu=0.035ms
01:36:13.341  qpc=3636699853101 [fg-transition] start=3636699852937 frame=0000000000000713 idx=3/3 queue=0000000031023CD0 reset=1 enable=1 recording=1 not-rendering=0 metering=0 fullscreen=0 slmode=1 known=0x17f hud=40797ed0 back=406d0cd0 real=0 interp=4576ccd0 bridge-lock=1 arm=1042->1042 result=1 disable-interp=0(known=0) foreground=1 monitors=0000000021D415E7/0000000021D415E7 cpu=0.016ms
01:36:13.344  [fg-history] FG Reset burst ends: 1 real frames, 15 ms.
01:36:13.365  qpc=3636700102645 [fg-transition] start=3636699907742 frame=0000000000000714 idx=1/3 queue=0000000031023CD0 reset=0 enable=1 recording=1 not-rendering=0 metering=0 fullscreen=0 slmode=1 known=0x17f hud=40797ed0 back=406d1ed0 real=48f248d0 interp=4576ded0 bridge-lock=1 arm=1042->1043 result=1 disable-interp=0(known=0) foreground=1 monitors=0000000021D415E7/0000000021D415E7 cpu=19.490ms
01:36:13.365  qpc=3636700118182 [fg-transition] start=3636700117219 frame=0000000000000714 idx=2/3 queue=0000000031023CD0 reset=0 enable=1 recording=1 not-rendering=0 metering=0 fullscreen=0 slmode=1 known=0x17f hud=40797ed0 back=406d1ed0 real=0 interp=4576ccd0 bridge-lock=1 arm=1043->1043 result=1 disable-interp=0(known=0) foreground=1 monitors=0000000021D415E7/0000000021D415E7 cpu=0.096ms
01:36:13.365  qpc=3636700119137 [fg-transition] start=3636700118592 frame=0000000000000714 idx=3/3 queue=0000000031023CD0 reset=0 enable=1 recording=1 not-rendering=0 metering=0 fullscreen=0 slmode=1 known=0x17f hud=40797ed0 back=406d1ed0 real=0 interp=48f242d0 bridge-lock=1 arm=1043->1043 result=1 disable-interp=0(known=0) foreground=1 monitors=0000000021D415E7/0000000021D415E7 cpu=0.054ms
01:36:13.397  qpc=3636700428322 [fg-transition] start=3636700220673 frame=0000000000000715 idx=1/3 queue=0000000031023CD0 reset=0 enable=1 recording=1 not-rendering=0 metering=0 fullscreen=0 slmode=1 known=0x17f hud=40797ed0 back=406d3cd0 real=4576ded0 interp=48f248d0 bridge-lock=1 arm=1043->1044 result=1 disable-interp=0(known=0) foreground=1 monitors=0000000021D415E7/0000000021D415E7 cpu=20.765ms
01:36:13.407  qpc=3636700534483 [fg-transition] start=3636700533424 frame=0000000000000715 idx=2/3 queue=0000000031023CD0 reset=0 enable=1 recording=1 not-rendering=0 metering=0 fullscreen=0 slmode=1 known=0x17f hud=40797ed0 back=406d3cd0 real=0 interp=48f242d0 bridge-lock=1 arm=1044->1044 result=1 disable-interp=0(known=0) foreground=1 monitors=0000000021D415E7/0000000021D415E7 cpu=0.106ms
01:36:13.408  qpc=3636700536459 [fg-transition] start=3636700535830 frame=0000000000000715 idx=3/3 queue=0000000031023CD0 reset=0 enable=1 recording=1 not-rendering=0 metering=0 fullscreen=0 slmode=1 known=0x17f hud=40797ed0 back=406d3cd0 real=0 interp=4576ccd0 bridge-lock=1 arm=1044->1044 result=1 disable-interp=0(known=0) foreground=1 monitors=0000000021D415E7/0000000021D415E7 cpu=0.063ms
01:36:13.432  qpc=3636700778619 [fg-transition] start=3636700548641 frame=0000000000000716 idx=1/3 queue=0000000031023CD0 reset=0 enable=1 recording=1 not-rendering=0 metering=0 fullscreen=0 slmode=1 known=0x17f hud=40797ed0 back=406d0cd0 real=48f248d0 interp=4576ded0 bridge-lock=1 arm=1044->1045 result=1 disable-interp=0(known=0) foreground=1 monitors=0000000021D415E7/0000000021D415E7 cpu=22.997ms
01:36:13.460  qpc=3636701057344 [fg-transition] start=3636701055850 frame=0000000000000716 idx=2/3 queue=0000000031023CD0 reset=0 enable=1 recording=1 not-rendering=0 metering=0 fullscreen=0 slmode=1 known=0x17f hud=40797ed0 back=406d0cd0 real=0 interp=4576ccd0 bridge-lock=1 arm=1045->1045 result=1 disable-interp=0(known=0) foreground=1 monitors=0000000021D415E7/0000000021D415E7 cpu=0.149ms
01:36:13.460  qpc=3636701060101 [fg-transition] start=3636701059081 frame=0000000000000716 idx=3/3 queue=0000000031023CD0 reset=0 enable=1 recording=1 not-rendering=0 metering=0 fullscreen=0 slmode=1 known=0x17f hud=40797ed0 back=406d0cd0 real=0 interp=48f242d0 bridge-lock=1 arm=1045->1045 result=1 disable-interp=0(known=0) foreground=1 monitors=0000000021D415E7/0000000021D415E7 cpu=0.102ms
01:36:13.460  qpc=3636701078538 [focus-fg] state: enabled=1 hooked=1 foreground=1 minimized=0 hwnd=00000000025B2E8C scope_calls=1047 original_false=743 kept=743 presents=1815 FG_evaluates=3139
01:36:13.964  qpc=3636706102515 [fg-transition] start=3636706101293 frame=0000000000000723 idx=2/3 queue=0000000031023CD0 reset=0 enable=1 recording=1 not-rendering=0 metering=0 fullscreen=0 slmode=1 known=0x17f hud=40797ed0 back=406d1ed0 real=0 interp=48f242d0 bridge-lock=1 arm=1058->1058 result=1 disable-interp=0(known=0) foreground=0 monitors=0000000021D415E7/0000000046ED07EF cpu=0.122ms
01:36:13.964  qpc=3636706104570 [fg-transition] start=3636706103928 frame=0000000000000723 idx=3/3 queue=0000000031023CD0 reset=0 enable=1 recording=1 not-rendering=0 metering=0 fullscreen=0 slmode=1 known=0x17f hud=40797ed0 back=406d1ed0 real=0 interp=4576ccd0 bridge-lock=1 arm=1058->1058 result=1 disable-interp=0(known=0) foreground=0 monitors=0000000021D415E7/0000000046ED07EF cpu=0.064ms
01:36:13.971  qpc=3636706175646 [fg-transition] start=3636706104995 frame=0000000000000724 idx=1/3 queue=0000000031023CD0 reset=0 enable=1 recording=1 not-rendering=0 metering=0 fullscreen=0 slmode=1 known=0x17f hud=40797ed0 back=406d3cd0 real=48f248d0 interp=4576ded0 bridge-lock=1 arm=1058->1059 result=1 disable-interp=0(known=0) foreground=0 monitors=0000000021D415E7/0000000046ED07EF cpu=7.065ms
01:36:14.003  qpc=3636706483856 [fg-transition] start=3636706482314 frame=0000000000000724 idx=2/3 queue=0000000031023CD0 reset=0 enable=1 recording=1 not-rendering=0 metering=0 fullscreen=0 slmode=1 known=0x17f hud=40797ed0 back=406d3cd0 real=0 interp=4576ccd0 bridge-lock=1 arm=1059->1059 result=1 disable-interp=0(known=0) foreground=0 monitors=0000000021D415E7/0000000046ED07EF cpu=0.154ms
01:36:14.003  qpc=3636706486192 [fg-transition] start=3636706485428 frame=0000000000000724 idx=3/3 queue=0000000031023CD0 reset=0 enable=1 recording=1 not-rendering=0 metering=0 fullscreen=0 slmode=1 known=0x17f hud=40797ed0 back=406d3cd0 real=0 interp=48f242d0 bridge-lock=1 arm=1059->1059 result=1 disable-interp=0(known=0) foreground=0 monitors=0000000021D415E7/0000000046ED07EF cpu=0.076ms
01:36:14.011  qpc=3636706569100 [fg-transition] start=3636706486696 frame=0000000000000725 idx=1/3 queue=0000000031023CD0 reset=0 enable=1 recording=1 not-rendering=0 metering=0 fullscreen=0 slmode=1 known=0x17f hud=40797ed0 back=406d0cd0 real=4576ded0 interp=48f248d0 bridge-lock=1 arm=1059->1060 result=1 disable-interp=0(known=0) foreground=0 monitors=0000000021D415E7/0000000046ED07EF cpu=8.240ms
01:36:14.043  qpc=3636706884086 [fg-transition] start=3636706883069 frame=0000000000000725 idx=2/3 queue=0000000031023CD0 reset=0 enable=1 recording=1 not-rendering=0 metering=0 fullscreen=0 slmode=1 known=0x17f hud=40797ed0 back=406d0cd0 real=0 interp=48f242d0 bridge-lock=1 arm=1060->1060 result=1 disable-interp=0(known=0) foreground=0 monitors=0000000021D415E7/0000000046ED07EF cpu=0.102ms
01:36:14.043  qpc=3636706886041 [fg-transition] start=3636706885414 frame=0000000000000725 idx=3/3 queue=0000000031023CD0 reset=0 enable=1 recording=1 not-rendering=0 metering=0 fullscreen=0 slmode=1 known=0x17f hud=40797ed0 back=406d0cd0 real=0 interp=4576ccd0 bridge-lock=1 arm=1060->1060 result=1 disable-interp=0(known=0) foreground=0 monitors=0000000021D415E7/0000000046ED07EF cpu=0.063ms
01:36:14.050  qpc=3636706961077 [fg-transition] start=3636706886456 frame=0000000000000726 idx=1/3 queue=0000000031023CD0 reset=0 enable=1 recording=1 not-rendering=0 metering=0 fullscreen=0 slmode=1 known=0x17f hud=40797ed0 back=406d1ed0 real=48f248d0 interp=4576ded0 bridge-lock=1 arm=1060->1061 result=1 disable-interp=0(known=0) foreground=0 monitors=0000000021D415E7/0000000000000000 cpu=7.462ms
01:36:14.081  qpc=3636707271045 [fg-transition] start=3636707269707 frame=0000000000000726 idx=2/3 queue=0000000031023CD0 reset=0 enable=1 recording=1 not-rendering=0 metering=0 fullscreen=0 slmode=1 known=0x17f hud=40797ed0 back=406d1ed0 real=0 interp=4576ccd0 bridge-lock=1 arm=1061->1061 result=1 disable-interp=0(known=0) foreground=0 monitors=0000000021D415E7/0000000046ED07EF cpu=0.133ms
01:36:14.081  qpc=3636707273339 [fg-transition] start=3636707272566 frame=0000000000000726 idx=3/3 queue=0000000031023CD0 reset=0 enable=1 recording=1 not-rendering=0 metering=0 fullscreen=0 slmode=1 known=0x17f hud=40797ed0 back=406d1ed0 real=0 interp=48f242d0 bridge-lock=1 arm=1061->1061 result=1 disable-interp=0(known=0) foreground=0 monitors=0000000021D415E7/0000000046ED07EF cpu=0.077ms
01:36:14.090  qpc=3636707370206 [fg-transition] start=3636707273825 frame=0000000000000727 idx=1/3 queue=0000000031023CD0 reset=0 enable=1 recording=1 not-rendering=0 metering=0 fullscreen=0 slmode=1 known=0x17f hud=40797ed0 back=406d3cd0 real=4576ded0 interp=48f248d0 bridge-lock=1 arm=1061->1062 result=1 disable-interp=0(known=0) foreground=0 monitors=0000000021D415E7/0000000046ED07EF cpu=9.638ms
01:36:14.476  qpc=3636711237864 [focus-fg] state: enabled=1 hooked=1 foreground=0 minimized=0 hwnd=00000000025B2E8C scope_calls=1074 original_false=758 kept=758 presents=1842 FG_evaluates=3217
01:36:15.396  [fg-history] FG Reset burst starts; contract_changed=0 bridge_pending=0 foreground=0.
01:36:15.400  qpc=3636720458007 [fg-transition] start=3636720429368 frame=0000000000000754 idx=1/3 queue=00000000310228D0 reset=1 enable=1 recording=1 not-rendering=0 metering=2 fullscreen=0 slmode=1 known=0x17f hud=40797ed0 back=406d3cd0 real=48f242d0 interp=48f248d0 bridge-lock=1 arm=1093->1094 result=1 disable-interp=0(known=0) foreground=0 monitors=0000000021D415E7/0000000046ED07EF cpu=2.864ms
01:36:15.400  qpc=3636720466505 [fg-transition] start=3636720466148 frame=0000000000000754 idx=2/3 queue=00000000310228D0 reset=1 enable=1 recording=1 not-rendering=0 metering=2 fullscreen=0 slmode=1 known=0x17f hud=40797ed0 back=406d3cd0 real=0 interp=48f248d0 bridge-lock=1 arm=1094->1094 result=1 disable-interp=0(known=0) foreground=0 monitors=0000000021D415E7/0000000046ED07EF cpu=0.035ms
01:36:15.400  qpc=3636720470310 [fg-transition] start=3636720470030 frame=0000000000000754 idx=3/3 queue=00000000310228D0 reset=1 enable=1 recording=1 not-rendering=0 metering=2 fullscreen=0 slmode=1 known=0x17f hud=40797ed0 back=406d3cd0 real=0 interp=48f248d0 bridge-lock=1 arm=1094->1094 result=1 disable-interp=0(known=0) foreground=0 monitors=0000000021D415E7/0000000046ED07EF cpu=0.028ms
01:36:15.401  [fg-history] FG Reset burst ends: 1 real frames, 0 ms.
01:36:15.426  qpc=3636720715284 [fg-transition] start=3636720478945 frame=0000000000000755 idx=1/3 queue=00000000310228D0 reset=0 enable=1 recording=1 not-rendering=0 metering=2 fullscreen=0 slmode=1 known=0x17f hud=40797ed0 back=406d0cd0 real=48f248d0 interp=48f242d0 bridge-lock=1 arm=1094->1095 result=1 disable-interp=0(known=0) foreground=0 monitors=0000000021D415E7/0000000046ED07EF cpu=23.634ms
01:36:15.426  qpc=3636720721685 [fg-transition] start=3636720720841 frame=0000000000000755 idx=2/3 queue=00000000310228D0 reset=0 enable=1 recording=1 not-rendering=0 metering=2 fullscreen=0 slmode=1 known=0x17f hud=40797ed0 back=406d0cd0 real=0 interp=48f242d0 bridge-lock=1 arm=1095->1095 result=1 disable-interp=0(known=0) foreground=0 monitors=0000000021D415E7/0000000046ED07EF cpu=0.084ms
01:36:15.426  qpc=3636720724744 [fg-transition] start=3636720724194 frame=0000000000000755 idx=3/3 queue=00000000310228D0 reset=0 enable=1 recording=1 not-rendering=0 metering=2 fullscreen=0 slmode=1 known=0x17f hud=40797ed0 back=406d0cd0 real=0 interp=48f242d0 bridge-lock=1 arm=1095->1095 result=1 disable-interp=0(known=0) foreground=0 monitors=0000000021D415E7/0000000046ED07EF cpu=0.055ms
01:36:15.459  qpc=3636721047765 [fg-transition] start=3636720842596 frame=0000000000000756 idx=1/3 queue=00000000310228D0 reset=0 enable=1 recording=1 not-rendering=0 metering=2 fullscreen=0 slmode=1 known=0x17f hud=40797ed0 back=406d1ed0 real=48f242d0 interp=48f248d0 bridge-lock=1 arm=1095->1096 result=1 disable-interp=0(known=0) foreground=0 monitors=0000000021D415E7/0000000046ED07EF cpu=20.516ms
01:36:15.459  qpc=3636721050668 [fg-transition] start=3636721049946 frame=0000000000000756 idx=2/3 queue=00000000310228D0 reset=0 enable=1 recording=1 not-rendering=0 metering=2 fullscreen=0 slmode=1 known=0x17f hud=40797ed0 back=406d1ed0 real=0 interp=48f248d0 bridge-lock=1 arm=1096->1096 result=1 disable-interp=0(known=0) foreground=0 monitors=0000000021D415E7/0000000046ED07EF cpu=0.072ms
01:36:15.459  qpc=3636721051600 [fg-transition] start=3636721051046 frame=0000000000000756 idx=3/3 queue=00000000310228D0 reset=0 enable=1 recording=1 not-rendering=0 metering=2 fullscreen=0 slmode=1 known=0x17f hud=40797ed0 back=406d1ed0 real=0 interp=48f248d0 bridge-lock=1 arm=1096->1096 result=1 disable-interp=0(known=0) foreground=0 monitors=0000000021D415E7/0000000046ED07EF cpu=0.055ms
01:36:15.493  qpc=3636721396615 [fg-transition] start=3636721190567 frame=0000000000000757 idx=1/3 queue=00000000310228D0 reset=0 enable=1 recording=1 not-rendering=0 metering=2 fullscreen=0 slmode=1 known=0x17f hud=40797ed0 back=406d3cd0 real=48f248d0 interp=48f242d0 bridge-lock=1 arm=1096->1097 result=1 disable-interp=0(known=0) foreground=0 monitors=0000000021D415E7/0000000046ED07EF cpu=20.605ms
01:36:15.494  qpc=3636721404858 [fg-transition] start=3636721403634 frame=0000000000000757 idx=2/3 queue=00000000310228D0 reset=0 enable=1 recording=1 not-rendering=0 metering=2 fullscreen=0 slmode=1 known=0x17f hud=40797ed0 back=406d3cd0 real=0 interp=48f242d0 bridge-lock=1 arm=1097->1097 result=1 disable-interp=0(known=0) foreground=0 monitors=0000000021D415E7/0000000046ED07EF cpu=0.122ms
01:36:15.494  qpc=3636721410498 [fg-transition] start=3636721409551 frame=0000000000000757 idx=3/3 queue=00000000310228D0 reset=0 enable=1 recording=1 not-rendering=0 metering=2 fullscreen=0 slmode=1 known=0x17f hud=40797ed0 back=406d3cd0 real=0 interp=48f242d0 bridge-lock=1 arm=1097->1097 result=1 disable-interp=0(known=0) foreground=0 monitors=0000000021D415E7/0000000046ED07EF cpu=0.095ms
01:36:15.829  qpc=3636724754126 [fg-transition] start=3636724733845 frame=000000000000075F idx=1/3 queue=00000000310228D0 reset=0 enable=1 recording=1 not-rendering=0 metering=2 fullscreen=0 slmode=1 known=0x17f hud=40797ed0 back=406d1ed0 real=48f248d0 interp=48f242d0 bridge-lock=1 arm=1104->1105 result=1 disable-interp=0(known=0) foreground=1 monitors=0000000021D415E7/0000000021D415E7 cpu=2.028ms
01:36:15.829  qpc=3636724761719 [fg-transition] start=3636724760856 frame=000000000000075F idx=2/3 queue=00000000310228D0 reset=0 enable=1 recording=1 not-rendering=0 metering=2 fullscreen=0 slmode=1 known=0x17f hud=40797ed0 back=406d1ed0 real=0 interp=48f242d0 bridge-lock=1 arm=1105->1105 result=1 disable-interp=0(known=0) foreground=1 monitors=0000000021D415E7/0000000021D415E7 cpu=0.086ms
01:36:15.829  qpc=3636724766740 [fg-transition] start=3636724765989 frame=000000000000075F idx=3/3 queue=00000000310228D0 reset=0 enable=1 recording=1 not-rendering=0 metering=2 fullscreen=0 slmode=1 known=0x17f hud=40797ed0 back=406d1ed0 real=0 interp=48f242d0 bridge-lock=1 arm=1105->1105 result=1 disable-interp=0(known=0) foreground=1 monitors=0000000021D415E7/0000000021D415E7 cpu=0.075ms
01:36:15.903  qpc=3636725484059 [fg-transition] start=3636725458931 frame=0000000000000760 idx=1/3 queue=00000000310228D0 reset=0 enable=1 recording=1 not-rendering=0 metering=2 fullscreen=0 slmode=1 known=0x17f hud=40797ed0 back=406d3cd0 real=48f242d0 interp=48f248d0 bridge-lock=1 arm=1105->1106 result=1 disable-interp=0(known=0) foreground=1 monitors=0000000021D415E7/0000000021D415E7 cpu=2.512ms
01:36:15.911  qpc=3636725555201 [fg-transition] start=3636725553490 frame=0000000000000760 idx=2/3 queue=00000000310228D0 reset=0 enable=1 recording=1 not-rendering=0 metering=2 fullscreen=0 slmode=1 known=0x17f hud=40797ed0 back=406d3cd0 real=0 interp=48f248d0 bridge-lock=1 arm=1106->1106 result=1 disable-interp=0(known=0) foreground=1 monitors=0000000021D415E7/0000000021D415E7 cpu=0.171ms
01:36:15.911  qpc=3636725562378 [fg-transition] start=3636725561017 frame=0000000000000760 idx=3/3 queue=00000000310228D0 reset=0 enable=1 recording=1 not-rendering=0 metering=2 fullscreen=0 slmode=1 known=0x17f hud=40797ed0 back=406d3cd0 real=0 interp=48f248d0 bridge-lock=1 arm=1106->1106 result=1 disable-interp=0(known=0) foreground=1 monitors=0000000021D415E7/0000000021D415E7 cpu=0.136ms
01:36:15.917  qpc=3636725630665 [fg-transition] start=3636725621397 frame=0000000000000761 idx=1/3 queue=00000000310228D0 reset=0 enable=1 recording=1 not-rendering=0 metering=2 fullscreen=0 slmode=1 known=0x17f hud=40797ed0 back=406d0cd0 real=48f248d0 interp=48f242d0 bridge-lock=1 arm=1106->1107 result=1 disable-interp=0(known=0) foreground=1 monitors=0000000021D415E7/0000000021D415E7 cpu=0.926ms
01:36:15.934  qpc=3636725792482 [fg-transition] start=3636725636207 frame=0000000000000761 idx=2/3 queue=00000000310228D0 reset=0 enable=1 recording=1 not-rendering=0 metering=2 fullscreen=0 slmode=1 known=0x17f hud=40797ed0 back=406d0cd0 real=0 interp=48f242d0 bridge-lock=1 arm=1107->1107 result=1 disable-interp=0(known=0) foreground=1 monitors=0000000021D415E7/0000000021D415E7 cpu=15.627ms
01:36:15.934  qpc=3636725805109 [fg-transition] start=3636725803497 frame=0000000000000761 idx=3/3 queue=00000000310228D0 reset=0 enable=1 recording=1 not-rendering=0 metering=2 fullscreen=0 slmode=1 known=0x17f hud=40797ed0 back=406d0cd0 real=0 interp=48f242d0 bridge-lock=1 arm=1107->1107 result=1 disable-interp=0(known=0) foreground=1 monitors=0000000021D415E7/0000000021D415E7 cpu=0.161ms
01:36:15.982  qpc=3636726272800 [fg-transition] start=3636725980908 frame=0000000000000762 idx=1/3 queue=00000000310228D0 reset=0 enable=1 recording=1 not-rendering=0 metering=2 fullscreen=0 slmode=1 known=0x17f hud=40797ed0 back=406d1ed0 real=48f242d0 interp=48f248d0 bridge-lock=1 arm=1107->1108 result=1 disable-interp=0(known=0) foreground=1 monitors=0000000021D415E7/0000000021D415E7 cpu=29.188ms
01:36:15.988  qpc=3636726319060 [fg-transition] start=3636726316587 frame=0000000000000762 idx=2/3 queue=00000000310228D0 reset=0 enable=1 recording=1 not-rendering=0 metering=2 fullscreen=0 slmode=1 known=0x17f hud=40797ed0 back=406d1ed0 real=0 interp=48f248d0 bridge-lock=1 arm=1108->1108 result=1 disable-interp=0(known=0) foreground=1 monitors=0000000021D415E7/0000000021D415E7 cpu=0.246ms
01:36:15.988  qpc=3636726329818 [fg-transition] start=3636726327652 frame=0000000000000762 idx=3/3 queue=00000000310228D0 reset=0 enable=1 recording=1 not-rendering=0 metering=2 fullscreen=0 slmode=1 known=0x17f hud=40797ed0 back=406d1ed0 real=0 interp=48f248d0 bridge-lock=1 arm=1108->1108 result=1 disable-interp=0(known=0) foreground=1 monitors=0000000021D415E7/0000000021D415E7 cpu=0.216ms
01:36:16.475  qpc=3636731225824 [focus-fg] state: enabled=1 hooked=1 foreground=1 minimized=0 hwnd=00000000025B2E8C scope_calls=1120 original_false=790 kept=790 presents=1904 FG_evaluates=3360
01:36:16.571  [fg-history] FG Reset burst starts; contract_changed=0 bridge_pending=0 foreground=1.
01:36:16.575  qpc=3636732207214 [fg-transition] start=3636732167714 frame=000000000000077A idx=1/3 queue=0000000031023CD0 reset=1 enable=1 recording=1 not-rendering=0 metering=0 fullscreen=0 slmode=1 known=0x17f hud=40797ed0 back=406d1ed0 real=491912d0 interp=48f248d0 bridge-lock=1 arm=1119->1120 result=1 disable-interp=0(known=0) foreground=1 monitors=0000000021D415E7/0000000021D415E7 cpu=3.950ms
01:36:16.575  qpc=3636732209709 [fg-transition] start=3636732209409 frame=000000000000077A idx=2/3 queue=0000000031023CD0 reset=1 enable=1 recording=1 not-rendering=0 metering=0 fullscreen=0 slmode=1 known=0x17f hud=40797ed0 back=406d1ed0 real=0 interp=48f242d0 bridge-lock=1 arm=1120->1120 result=1 disable-interp=0(known=0) foreground=1 monitors=0000000021D415E7/0000000021D415E7 cpu=0.030ms
01:36:16.575  qpc=3636732210274 [fg-transition] start=3636732210116 frame=000000000000077A idx=3/3 queue=0000000031023CD0 reset=1 enable=1 recording=1 not-rendering=0 metering=0 fullscreen=0 slmode=1 known=0x17f hud=40797ed0 back=406d1ed0 real=0 interp=491960d0 bridge-lock=1 arm=1120->1120 result=1 disable-interp=0(known=0) foreground=1 monitors=0000000021D415E7/0000000021D415E7 cpu=0.016ms
01:36:16.576  [fg-history] FG Reset burst ends: 1 real frames, 16 ms.
01:36:16.599  qpc=3636732451286 [fg-transition] start=3636732233477 frame=000000000000077B idx=1/3 queue=0000000031023CD0 reset=0 enable=1 recording=1 not-rendering=0 metering=0 fullscreen=0 slmode=1 known=0x17f hud=40797ed0 back=406d3cd0 real=48f248d0 interp=491912d0 bridge-lock=1 arm=1120->1121 result=1 disable-interp=0(known=0) foreground=1 monitors=0000000021D415E7/0000000021D415E7 cpu=21.781ms
01:36:16.601  qpc=3636732473801 [fg-transition] start=3636732472591 frame=000000000000077B idx=2/3 queue=0000000031023CD0 reset=0 enable=1 recording=1 not-rendering=0 metering=0 fullscreen=0 slmode=1 known=0x17f hud=40797ed0 back=406d3cd0 real=0 interp=491960d0 bridge-lock=1 arm=1121->1121 result=1 disable-interp=0(known=0) foreground=1 monitors=0000000021D415E7/0000000021D415E7 cpu=0.121ms
01:36:16.601  qpc=3636732476333 [fg-transition] start=3636732475399 frame=000000000000077B idx=3/3 queue=0000000031023CD0 reset=0 enable=1 recording=1 not-rendering=0 metering=0 fullscreen=0 slmode=1 known=0x17f hud=40797ed0 back=406d3cd0 real=0 interp=48f242d0 bridge-lock=1 arm=1121->1121 result=1 disable-interp=0(known=0) foreground=1 monitors=0000000021D415E7/0000000021D415E7 cpu=0.093ms
01:36:16.633  qpc=3636732793701 [fg-transition] start=3636732549783 frame=000000000000077C idx=1/3 queue=0000000031023CD0 reset=0 enable=1 recording=1 not-rendering=0 metering=0 fullscreen=0 slmode=1 known=0x17f hud=40797ed0 back=406d0cd0 real=491912d0 interp=48f248d0 bridge-lock=1 arm=1121->1122 result=1 disable-interp=0(known=0) foreground=1 monitors=0000000021D415E7/0000000021D415E7 cpu=24.392ms
01:36:16.644  qpc=3636732904905 [fg-transition] start=3636732903906 frame=000000000000077C idx=2/3 queue=0000000031023CD0 reset=0 enable=1 recording=1 not-rendering=0 metering=0 fullscreen=0 slmode=1 known=0x17f hud=40797ed0 back=406d0cd0 real=0 interp=48f242d0 bridge-lock=1 arm=1122->1122 result=1 disable-interp=0(known=0) foreground=1 monitors=0000000021D415E7/0000000021D415E7 cpu=0.100ms
01:36:16.644  qpc=3636732906913 [fg-transition] start=3636732906311 frame=000000000000077C idx=3/3 queue=0000000031023CD0 reset=0 enable=1 recording=1 not-rendering=0 metering=0 fullscreen=0 slmode=1 known=0x17f hud=40797ed0 back=406d0cd0 real=0 interp=491960d0 bridge-lock=1 arm=1122->1122 result=1 disable-interp=0(known=0) foreground=1 monitors=0000000021D415E7/0000000021D415E7 cpu=0.060ms
01:36:16.668  qpc=3636733142386 [fg-transition] start=3636732907307 frame=000000000000077D idx=1/3 queue=0000000031023CD0 reset=0 enable=1 recording=1 not-rendering=0 metering=0 fullscreen=0 slmode=1 known=0x17f hud=40797ed0 back=406d1ed0 real=48f248d0 interp=491912d0 bridge-lock=1 arm=1122->1123 result=1 disable-interp=0(known=0) foreground=1 monitors=0000000021D415E7/0000000021D415E7 cpu=23.508ms
01:36:16.696  qpc=3636733424490 [fg-transition] start=3636733423421 frame=000000000000077D idx=2/3 queue=0000000031023CD0 reset=0 enable=1 recording=1 not-rendering=0 metering=0 fullscreen=0 slmode=1 known=0x17f hud=40797ed0 back=406d1ed0 real=0 interp=491960d0 bridge-lock=1 arm=1123->1123 result=1 disable-interp=0(known=0) foreground=1 monitors=0000000021D415E7/0000000021D415E7 cpu=0.107ms
01:36:16.696  qpc=3636733426420 [fg-transition] start=3636733425801 frame=000000000000077D idx=3/3 queue=0000000031023CD0 reset=0 enable=1 recording=1 not-rendering=0 metering=0 fullscreen=0 slmode=1 known=0x17f hud=40797ed0 back=406d1ed0 real=0 interp=48f242d0 bridge-lock=1 arm=1123->1123 result=1 disable-interp=0(known=0) foreground=1 monitors=0000000021D415E7/0000000021D415E7 cpu=0.062ms
01:36:17.006  qpc=3636736515093 [fg-transition] start=3636736513869 frame=0000000000000785 idx=2/3 queue=0000000031023CD0 reset=0 enable=1 recording=1 not-rendering=0 metering=0 fullscreen=0 slmode=1 known=0x17f hud=40797ed0 back=406d0cd0 real=0 interp=491960d0 bridge-lock=1 arm=1131->1131 result=1 disable-interp=0(known=0) foreground=0 monitors=0000000021D415E7/0000000046ED07EF cpu=0.122ms
01:36:17.006  qpc=3636736517147 [fg-transition] start=3636736516511 frame=0000000000000785 idx=3/3 queue=0000000031023CD0 reset=0 enable=1 recording=1 not-rendering=0 metering=0 fullscreen=0 slmode=1 known=0x17f hud=40797ed0 back=406d0cd0 real=0 interp=48f242d0 bridge-lock=1 arm=1131->1131 result=1 disable-interp=0(known=0) foreground=0 monitors=0000000021D415E7/0000000046ED07EF cpu=0.064ms
01:36:17.013  qpc=3636736592383 [fg-transition] start=3636736517579 frame=0000000000000786 idx=1/3 queue=0000000031023CD0 reset=0 enable=1 recording=1 not-rendering=0 metering=0 fullscreen=0 slmode=1 known=0x17f hud=40797ed0 back=406d1ed0 real=491912d0 interp=48f248d0 bridge-lock=1 arm=1131->1132 result=1 disable-interp=0(known=0) foreground=0 monitors=0000000021D415E7/0000000046ED07EF cpu=7.480ms
01:36:17.044  qpc=3636736901020 [fg-transition] start=3636736899723 frame=0000000000000786 idx=2/3 queue=0000000031023CD0 reset=0 enable=1 recording=1 not-rendering=0 metering=0 fullscreen=0 slmode=1 known=0x17f hud=40797ed0 back=406d1ed0 real=0 interp=48f242d0 bridge-lock=1 arm=1132->1132 result=1 disable-interp=0(known=0) foreground=0 monitors=0000000021D415E7/0000000046ED07EF cpu=0.129ms
01:36:17.045  qpc=3636736903187 [fg-transition] start=3636736902524 frame=0000000000000786 idx=3/3 queue=0000000031023CD0 reset=0 enable=1 recording=1 not-rendering=0 metering=0 fullscreen=0 slmode=1 known=0x17f hud=40797ed0 back=406d1ed0 real=0 interp=491960d0 bridge-lock=1 arm=1132->1132 result=1 disable-interp=0(known=0) foreground=0 monitors=0000000021D415E7/0000000046ED07EF cpu=0.066ms
01:36:17.052  qpc=3636736979228 [fg-transition] start=3636736903636 frame=0000000000000787 idx=1/3 queue=0000000031023CD0 reset=0 enable=1 recording=1 not-rendering=0 metering=0 fullscreen=0 slmode=1 known=0x17f hud=40797ed0 back=406d3cd0 real=48f248d0 interp=491912d0 bridge-lock=1 arm=1132->1133 result=1 disable-interp=0(known=0) foreground=0 monitors=0000000021D415E7/0000000046ED07EF cpu=7.559ms
01:36:17.083  qpc=3636737288114 [fg-transition] start=3636737286909 frame=0000000000000787 idx=2/3 queue=0000000031023CD0 reset=0 enable=1 recording=1 not-rendering=0 metering=0 fullscreen=0 slmode=1 known=0x17f hud=40797ed0 back=406d3cd0 real=0 interp=491960d0 bridge-lock=1 arm=1133->1133 result=1 disable-interp=0(known=0) foreground=0 monitors=0000000021D415E7/0000000046ED07EF cpu=0.120ms
01:36:17.083  qpc=3636737290523 [fg-transition] start=3636737289628 frame=0000000000000787 idx=3/3 queue=0000000031023CD0 reset=0 enable=1 recording=1 not-rendering=0 metering=0 fullscreen=0 slmode=1 known=0x17f hud=40797ed0 back=406d3cd0 real=0 interp=48f242d0 bridge-lock=1 arm=1133->1133 result=1 disable-interp=0(known=0) foreground=0 monitors=0000000021D415E7/0000000046ED07EF cpu=0.089ms
01:36:17.091  qpc=3636737374871 [fg-transition] start=3636737291260 frame=0000000000000788 idx=1/3 queue=0000000031023CD0 reset=0 enable=1 recording=1 not-rendering=0 metering=0 fullscreen=0 slmode=1 known=0x17f hud=40797ed0 back=406d0cd0 real=491912d0 interp=48f248d0 bridge-lock=1 arm=1133->1134 result=1 disable-interp=0(known=0) foreground=0 monitors=0000000021D415E7/0000000000000000 cpu=8.361ms
01:36:17.123  qpc=3636737688601 [fg-transition] start=3636737687353 frame=0000000000000788 idx=2/3 queue=0000000031023CD0 reset=0 enable=1 recording=1 not-rendering=0 metering=0 fullscreen=0 slmode=1 known=0x17f hud=40797ed0 back=406d0cd0 real=0 interp=48f242d0 bridge-lock=1 arm=1134->1134 result=1 disable-interp=0(known=0) foreground=0 monitors=0000000021D415E7/0000000046ED07EF cpu=0.124ms
01:36:17.123  qpc=3636737690763 [fg-transition] start=3636737690113 frame=0000000000000788 idx=3/3 queue=0000000031023CD0 reset=0 enable=1 recording=1 not-rendering=0 metering=0 fullscreen=0 slmode=1 known=0x17f hud=40797ed0 back=406d0cd0 real=0 interp=491960d0 bridge-lock=1 arm=1134->1134 result=1 disable-interp=0(known=0) foreground=0 monitors=0000000021D415E7/0000000046ED07EF cpu=0.065ms
01:36:17.130  qpc=3636737762054 [fg-transition] start=3636737691248 frame=0000000000000789 idx=1/3 queue=0000000031023CD0 reset=0 enable=1 recording=1 not-rendering=0 metering=0 fullscreen=0 slmode=1 known=0x17f hud=40797ed0 back=406d1ed0 real=48f248d0 interp=491912d0 bridge-lock=1 arm=1134->1135 result=1 disable-interp=0(known=0) foreground=0 monitors=0000000021D415E7/0000000046ED07EF cpu=7.080ms
01:36:17.478  qpc=3636741253874 [focus-fg] state: enabled=1 hooked=1 foreground=0 minimized=0 hwnd=00000000025B2E8C scope_calls=1146 original_false=804 kept=804 presents=1939 FG_evaluates=3433
01:36:18.434  [fg-history] FG Reset burst starts; contract_changed=0 bridge_pending=0 foreground=0.
01:36:18.438  qpc=3636750834375 [fg-transition] start=3636750808172 frame=00000000000007B5 idx=1/3 queue=00000000310228D0 reset=1 enable=1 recording=1 not-rendering=0 metering=2 fullscreen=0 slmode=1 known=0x17f hud=40797ed0 back=406d0cd0 real=48f248d0 interp=48f242d0 bridge-lock=1 arm=1166->1167 result=1 disable-interp=0(known=0) foreground=0 monitors=0000000021D415E7/0000000046ED07EF cpu=2.620ms
01:36:18.439  qpc=3636750844160 [fg-transition] start=3636750843690 frame=00000000000007B5 idx=2/3 queue=00000000310228D0 reset=1 enable=1 recording=1 not-rendering=0 metering=2 fullscreen=0 slmode=1 known=0x17f hud=40797ed0 back=406d0cd0 real=0 interp=48f242d0 bridge-lock=1 arm=1167->1167 result=1 disable-interp=0(known=0) foreground=0 monitors=0000000021D415E7/0000000046ED07EF cpu=0.046ms
01:36:18.439  qpc=3636750848803 [fg-transition] start=3636750848418 frame=00000000000007B5 idx=3/3 queue=00000000310228D0 reset=1 enable=1 recording=1 not-rendering=0 metering=2 fullscreen=0 slmode=1 known=0x17f hud=40797ed0 back=406d0cd0 real=0 interp=48f242d0 bridge-lock=1 arm=1167->1167 result=1 disable-interp=0(known=0) foreground=0 monitors=0000000021D415E7/0000000046ED07EF cpu=0.038ms
01:36:18.443  [fg-history] FG Reset burst ends: 1 real frames, 16 ms.
01:36:18.465  qpc=3636751102014 [fg-transition] start=3636750906951 frame=00000000000007B6 idx=1/3 queue=00000000310228D0 reset=0 enable=1 recording=1 not-rendering=0 metering=2 fullscreen=0 slmode=1 known=0x17f hud=40797ed0 back=406d1ed0 real=48f242d0 interp=48f248d0 bridge-lock=1 arm=1167->1168 result=1 disable-interp=0(known=0) foreground=0 monitors=0000000021D415E7/0000000046ED07EF cpu=19.506ms
01:36:18.465  qpc=3636751108553 [fg-transition] start=3636751107467 frame=00000000000007B6 idx=2/3 queue=00000000310228D0 reset=0 enable=1 recording=1 not-rendering=0 metering=2 fullscreen=0 slmode=1 known=0x17f hud=40797ed0 back=406d1ed0 real=0 interp=48f248d0 bridge-lock=1 arm=1168->1168 result=1 disable-interp=0(known=0) foreground=0 monitors=0000000021D415E7/0000000046ED07EF cpu=0.108ms
01:36:18.465  qpc=3636751109654 [fg-transition] start=3636751109080 frame=00000000000007B6 idx=3/3 queue=00000000310228D0 reset=0 enable=1 recording=1 not-rendering=0 metering=2 fullscreen=0 slmode=1 known=0x17f hud=40797ed0 back=406d1ed0 real=0 interp=48f248d0 bridge-lock=1 arm=1168->1168 result=1 disable-interp=0(known=0) foreground=0 monitors=0000000021D415E7/0000000046ED07EF cpu=0.057ms
01:36:18.498  qpc=3636751436174 [fg-transition] start=3636751224424 frame=00000000000007B7 idx=1/3 queue=00000000310228D0 reset=0 enable=1 recording=1 not-rendering=0 metering=2 fullscreen=0 slmode=1 known=0x17f hud=40797ed0 back=406d3cd0 real=48f248d0 interp=48f242d0 bridge-lock=1 arm=1168->1169 result=1 disable-interp=0(known=0) foreground=0 monitors=0000000021D415E7/0000000046ED07EF cpu=21.175ms
01:36:18.498  qpc=3636751438446 [fg-transition] start=3636751437779 frame=00000000000007B7 idx=2/3 queue=00000000310228D0 reset=0 enable=1 recording=1 not-rendering=0 metering=2 fullscreen=0 slmode=1 known=0x17f hud=40797ed0 back=406d3cd0 real=0 interp=48f242d0 bridge-lock=1 arm=1169->1169 result=1 disable-interp=0(known=0) foreground=0 monitors=0000000021D415E7/0000000046ED07EF cpu=0.067ms
01:36:18.498  qpc=3636751439321 [fg-transition] start=3636751438816 frame=00000000000007B7 idx=3/3 queue=00000000310228D0 reset=0 enable=1 recording=1 not-rendering=0 metering=2 fullscreen=0 slmode=1 known=0x17f hud=40797ed0 back=406d3cd0 real=0 interp=48f242d0 bridge-lock=1 arm=1169->1169 result=1 disable-interp=0(known=0) foreground=0 monitors=0000000021D415E7/0000000046ED07EF cpu=0.051ms
01:36:18.534  qpc=3636751798937 [fg-transition] start=3636751565222 frame=00000000000007B8 idx=1/3 queue=00000000310228D0 reset=0 enable=1 recording=1 not-rendering=0 metering=2 fullscreen=0 slmode=1 known=0x17f hud=40797ed0 back=406d0cd0 real=48f242d0 interp=48f248d0 bridge-lock=1 arm=1169->1170 result=1 disable-interp=0(known=0) foreground=0 monitors=0000000021D415E7/0000000046ED07EF cpu=23.371ms
01:36:18.535  qpc=3636751806828 [fg-transition] start=3636751805704 frame=00000000000007B8 idx=2/3 queue=00000000310228D0 reset=0 enable=1 recording=1 not-rendering=0 metering=2 fullscreen=0 slmode=1 known=0x17f hud=40797ed0 back=406d0cd0 real=0 interp=48f248d0 bridge-lock=1 arm=1170->1170 result=1 disable-interp=0(known=0) foreground=0 monitors=0000000021D415E7/0000000046ED07EF cpu=0.112ms
01:36:18.535  qpc=3636751812021 [fg-transition] start=3636751811140 frame=00000000000007B8 idx=3/3 queue=00000000310228D0 reset=0 enable=1 recording=1 not-rendering=0 metering=2 fullscreen=0 slmode=1 known=0x17f hud=40797ed0 back=406d0cd0 real=0 interp=48f248d0 bridge-lock=1 arm=1170->1170 result=1 disable-interp=0(known=0) foreground=0 monitors=0000000021D415E7/0000000046ED07EF cpu=0.088ms
01:36:19.069  qpc=3636757152837 [fg-transition] start=3636757133606 frame=00000000000007C5 idx=1/3 queue=00000000310228D0 reset=0 enable=1 recording=1 not-rendering=0 metering=2 fullscreen=0 slmode=1 known=0x17f hud=40797ed0 back=406d1ed0 real=48f248d0 interp=48f242d0 bridge-lock=1 arm=1182->1183 result=1 disable-interp=0(known=0) foreground=1 monitors=0000000021D415E7/0000000021D415E7 cpu=1.923ms
01:36:19.071  qpc=3636757162549 [fg-transition] start=3636757161619 frame=00000000000007C5 idx=2/3 queue=00000000310228D0 reset=0 enable=1 recording=1 not-rendering=0 metering=2 fullscreen=0 slmode=1 known=0x17f hud=40797ed0 back=406d1ed0 real=0 interp=48f242d0 bridge-lock=1 arm=1183->1183 result=1 disable-interp=0(known=0) foreground=1 monitors=0000000021D415E7/0000000021D415E7 cpu=0.093ms
01:36:19.071  qpc=3636757171230 [fg-transition] start=3636757170040 frame=00000000000007C5 idx=3/3 queue=00000000310228D0 reset=0 enable=1 recording=1 not-rendering=0 metering=2 fullscreen=0 slmode=1 known=0x17f hud=40797ed0 back=406d1ed0 real=0 interp=48f242d0 bridge-lock=1 arm=1183->1183 result=1 disable-interp=0(known=0) foreground=1 monitors=0000000021D415E7/0000000021D415E7 cpu=0.119ms
01:36:19.076  qpc=3636757218256 [fg-transition] start=3636757213074 frame=00000000000007C6 idx=1/3 queue=00000000310228D0 reset=0 enable=1 recording=1 not-rendering=0 metering=2 fullscreen=0 slmode=1 known=0x17f hud=40797ed0 back=406d3cd0 real=48f242d0 interp=48f248d0 bridge-lock=1 arm=1183->1184 result=1 disable-interp=0(known=0) foreground=1 monitors=0000000021D415E7/0000000021D415E7 cpu=0.518ms
01:36:19.099  qpc=3636757452520 [fg-transition] start=3636757224095 frame=00000000000007C6 idx=2/3 queue=00000000310228D0 reset=0 enable=1 recording=1 not-rendering=0 metering=2 fullscreen=0 slmode=1 known=0x17f hud=40797ed0 back=406d3cd0 real=0 interp=48f248d0 bridge-lock=1 arm=1184->1184 result=1 disable-interp=0(known=0) foreground=1 monitors=0000000021D415E7/0000000021D415E7 cpu=22.842ms
01:36:19.099  qpc=3636757457616 [fg-transition] start=3636757456846 frame=00000000000007C6 idx=3/3 queue=00000000310228D0 reset=0 enable=1 recording=1 not-rendering=0 metering=2 fullscreen=0 slmode=1 known=0x17f hud=40797ed0 back=406d3cd0 real=0 interp=48f248d0 bridge-lock=1 arm=1184->1184 result=1 disable-interp=0(known=0) foreground=1 monitors=0000000021D415E7/0000000021D415E7 cpu=0.077ms
01:36:19.155  qpc=3636757999045 [fg-transition] start=3636757981402 frame=00000000000007C7 idx=1/3 queue=00000000310228D0 reset=0 enable=1 recording=1 not-rendering=0 metering=2 fullscreen=0 slmode=1 known=0x17f hud=40797ed0 back=406d0cd0 real=48f248d0 interp=48f242d0 bridge-lock=1 arm=1184->1185 result=1 disable-interp=0(known=0) foreground=1 monitors=0000000021D415E7/0000000021D415E7 cpu=1.764ms
01:36:19.155  qpc=3636758010992 [fg-transition] start=3636758009635 frame=00000000000007C7 idx=2/3 queue=00000000310228D0 reset=0 enable=1 recording=1 not-rendering=0 metering=2 fullscreen=0 slmode=1 known=0x17f hud=40797ed0 back=406d0cd0 real=0 interp=48f242d0 bridge-lock=1 arm=1185->1185 result=1 disable-interp=0(known=0) foreground=1 monitors=0000000021D415E7/0000000021D415E7 cpu=0.135ms
01:36:19.155  qpc=3636758015732 [fg-transition] start=3636758014879 frame=00000000000007C7 idx=3/3 queue=00000000310228D0 reset=0 enable=1 recording=1 not-rendering=0 metering=2 fullscreen=0 slmode=1 known=0x17f hud=40797ed0 back=406d0cd0 real=0 interp=48f242d0 bridge-lock=1 arm=1185->1185 result=1 disable-interp=0(known=0) foreground=1 monitors=0000000021D415E7/0000000021D415E7 cpu=0.085ms
01:36:19.183  qpc=3636758291929 [fg-transition] start=3636758046509 frame=00000000000007C8 idx=1/3 queue=00000000310228D0 reset=0 enable=1 recording=1 not-rendering=0 metering=2 fullscreen=0 slmode=1 known=0x17f hud=40797ed0 back=406d1ed0 real=48f242d0 interp=48f248d0 bridge-lock=1 arm=1185->1186 result=1 disable-interp=0(known=0) foreground=1 monitors=0000000021D415E7/0000000021D415E7 cpu=24.542ms
01:36:19.183  qpc=3636758296590 [fg-transition] start=3636758295856 frame=00000000000007C8 idx=2/3 queue=00000000310228D0 reset=0 enable=1 recording=1 not-rendering=0 metering=2 fullscreen=0 slmode=1 known=0x17f hud=40797ed0 back=406d1ed0 real=0 interp=48f248d0 bridge-lock=1 arm=1186->1186 result=1 disable-interp=0(known=0) foreground=1 monitors=0000000021D415E7/0000000021D415E7 cpu=0.073ms
01:36:19.183  qpc=3636758299386 [fg-transition] start=3636758298812 frame=00000000000007C8 idx=3/3 queue=00000000310228D0 reset=0 enable=1 recording=1 not-rendering=0 metering=2 fullscreen=0 slmode=1 known=0x17f hud=40797ed0 back=406d1ed0 real=0 interp=48f248d0 bridge-lock=1 arm=1186->1186 result=1 disable-interp=0(known=0) foreground=1 monitors=0000000021D415E7/0000000021D415E7 cpu=0.057ms
01:36:19.481  qpc=3636761293029 [focus-fg] state: enabled=1 hooked=1 foreground=1 minimized=0 hwnd=00000000025B2E8C scope_calls=1194 original_false=841 kept=841 presents=1999 FG_evaluates=3581
01:36:19.782  [fg-history] FG Reset burst starts; contract_changed=0 bridge_pending=0 foreground=1.
01:36:19.787  qpc=3636764322179 [fg-transition] start=3636764287438 frame=00000000000007E0 idx=1/3 queue=0000000031023CD0 reset=1 enable=1 recording=1 not-rendering=0 metering=0 fullscreen=0 slmode=1 known=0x17f hud=40797ed0 back=406d1ed0 real=45989cd0 interp=48f248d0 bridge-lock=1 arm=1197->1198 result=1 disable-interp=0(known=0) foreground=1 monitors=0000000021D415E7/0000000021D415E7 cpu=3.474ms
01:36:19.787  qpc=3636764325229 [fg-transition] start=3636764324890 frame=00000000000007E0 idx=2/3 queue=0000000031023CD0 reset=1 enable=1 recording=1 not-rendering=0 metering=0 fullscreen=0 slmode=1 known=0x17f hud=40797ed0 back=406d1ed0 real=0 interp=48f242d0 bridge-lock=1 arm=1198->1198 result=1 disable-interp=0(known=0) foreground=1 monitors=0000000021D415E7/0000000021D415E7 cpu=0.034ms
01:36:19.787  qpc=3636764325835 [fg-transition] start=3636764325641 frame=00000000000007E0 idx=3/3 queue=0000000031023CD0 reset=1 enable=1 recording=1 not-rendering=0 metering=0 fullscreen=0 slmode=1 known=0x17f hud=40797ed0 back=406d1ed0 real=0 interp=4075e4d0 bridge-lock=1 arm=1198->1198 result=1 disable-interp=0(known=0) foreground=1 monitors=0000000021D415E7/0000000021D415E7 cpu=0.019ms
01:36:19.789  [fg-history] FG Reset burst ends: 1 real frames, 0 ms.
01:36:19.810  [bridge] 1200 frames delivered so far.
01:36:19.812  qpc=3636764583788 [fg-transition] start=3636764373438 frame=00000000000007E1 idx=1/3 queue=0000000031023CD0 reset=0 enable=1 recording=1 not-rendering=0 metering=0 fullscreen=0 slmode=1 known=0x17f hud=40797ed0 back=406d3cd0 real=48f248d0 interp=45989cd0 bridge-lock=1 arm=1198->1199 result=1 disable-interp=0(known=0) foreground=1 monitors=0000000021D415E7/0000000021D415E7 cpu=21.035ms
01:36:19.814  qpc=3636764602050 [fg-transition] start=3636764601055 frame=00000000000007E1 idx=2/3 queue=0000000031023CD0 reset=0 enable=1 recording=1 not-rendering=0 metering=0 fullscreen=0 slmode=1 known=0x17f hud=40797ed0 back=406d3cd0 real=0 interp=4075e4d0 bridge-lock=1 arm=1199->1199 result=1 disable-interp=0(known=0) foreground=1 monitors=0000000021D415E7/0000000021D415E7 cpu=0.099ms
01:36:19.814  qpc=3636764604310 [fg-transition] start=3636764603437 frame=00000000000007E1 idx=3/3 queue=0000000031023CD0 reset=0 enable=1 recording=1 not-rendering=0 metering=0 fullscreen=0 slmode=1 known=0x17f hud=40797ed0 back=406d3cd0 real=0 interp=48f242d0 bridge-lock=1 arm=1199->1199 result=1 disable-interp=0(known=0) foreground=1 monitors=0000000021D415E7/0000000021D415E7 cpu=0.087ms
01:36:19.847  qpc=3636764926599 [fg-transition] start=3636764677014 frame=00000000000007E2 idx=1/3 queue=0000000031023CD0 reset=0 enable=1 recording=1 not-rendering=0 metering=0 fullscreen=0 slmode=1 known=0x17f hud=40797ed0 back=406d0cd0 real=45989cd0 interp=48f248d0 bridge-lock=1 arm=1199->1200 result=1 disable-interp=0(known=0) foreground=1 monitors=0000000021D415E7/0000000021D415E7 cpu=24.958ms
01:36:19.858  qpc=3636765043622 [fg-transition] start=3636765042579 frame=00000000000007E2 idx=2/3 queue=0000000031023CD0 reset=0 enable=1 recording=1 not-rendering=0 metering=0 fullscreen=0 slmode=1 known=0x17f hud=40797ed0 back=406d0cd0 real=0 interp=48f242d0 bridge-lock=1 arm=1200->1200 result=1 disable-interp=0(known=0) foreground=1 monitors=0000000021D415E7/0000000021D415E7 cpu=0.104ms
01:36:19.858  qpc=3636765045504 [fg-transition] start=3636765044880 frame=00000000000007E2 idx=3/3 queue=0000000031023CD0 reset=0 enable=1 recording=1 not-rendering=0 metering=0 fullscreen=0 slmode=1 known=0x17f hud=40797ed0 back=406d0cd0 real=0 interp=4075e4d0 bridge-lock=1 arm=1200->1200 result=1 disable-interp=0(known=0) foreground=1 monitors=0000000021D415E7/0000000021D415E7 cpu=0.062ms
01:36:19.884  qpc=3636765301181 [fg-transition] start=3636765045909 frame=00000000000007E3 idx=1/3 queue=0000000031023CD0 reset=0 enable=1 recording=1 not-rendering=0 metering=0 fullscreen=0 slmode=1 known=0x17f hud=40797ed0 back=406d1ed0 real=48f248d0 interp=45989cd0 bridge-lock=1 arm=1200->1201 result=1 disable-interp=0(known=0) foreground=1 monitors=0000000021D415E7/0000000021D415E7 cpu=25.527ms
01:36:19.914  qpc=3636765598417 [fg-transition] start=3636765597151 frame=00000000000007E3 idx=2/3 queue=0000000031023CD0 reset=0 enable=1 recording=1 not-rendering=0 metering=0 fullscreen=0 slmode=1 known=0x17f hud=40797ed0 back=406d1ed0 real=0 interp=4075e4d0 bridge-lock=1 arm=1201->1201 result=1 disable-interp=0(known=0) foreground=1 monitors=0000000021D415E7/0000000021D415E7 cpu=0.126ms
01:36:19.914  qpc=3636765600657 [fg-transition] start=3636765599926 frame=00000000000007E3 idx=3/3 queue=0000000031023CD0 reset=0 enable=1 recording=1 not-rendering=0 metering=0 fullscreen=0 slmode=1 known=0x17f hud=40797ed0 back=406d1ed0 real=0 interp=48f242d0 bridge-lock=1 arm=1201->1201 result=1 disable-interp=0(known=0) foreground=1 monitors=0000000021D415E7/0000000021D415E7 cpu=0.073ms
01:36:20.191  qpc=3636768371157 [fg-transition] start=3636768369898 frame=00000000000007EA idx=2/3 queue=0000000031023CD0 reset=0 enable=1 recording=1 not-rendering=0 metering=0 fullscreen=0 slmode=1 known=0x17f hud=40797ed0 back=406d3cd0 real=0 interp=48f242d0 bridge-lock=1 arm=1208->1208 result=1 disable-interp=0(known=0) foreground=0 monitors=0000000021D415E7/0000000046ED07EF cpu=0.126ms
01:36:20.192  qpc=3636768373174 [fg-transition] start=3636768372536 frame=00000000000007EA idx=3/3 queue=0000000031023CD0 reset=0 enable=1 recording=1 not-rendering=0 metering=0 fullscreen=0 slmode=1 known=0x17f hud=40797ed0 back=406d3cd0 real=0 interp=4075e4d0 bridge-lock=1 arm=1208->1208 result=1 disable-interp=0(known=0) foreground=0 monitors=0000000021D415E7/0000000046ED07EF cpu=0.064ms
01:36:20.198  qpc=3636768441754 [fg-transition] start=3636768373578 frame=00000000000007EB idx=1/3 queue=0000000031023CD0 reset=0 enable=1 recording=1 not-rendering=0 metering=0 fullscreen=0 slmode=1 known=0x17f hud=40797ed0 back=406d0cd0 real=48f248d0 interp=45989cd0 bridge-lock=1 arm=1208->1209 result=1 disable-interp=0(known=0) foreground=0 monitors=0000000021D415E7/0000000046ED07EF cpu=6.817ms
01:36:20.230  qpc=3636768751855 [fg-transition] start=3636768750588 frame=00000000000007EB idx=2/3 queue=0000000031023CD0 reset=0 enable=1 recording=1 not-rendering=0 metering=0 fullscreen=0 slmode=1 known=0x17f hud=40797ed0 back=406d0cd0 real=0 interp=4075e4d0 bridge-lock=1 arm=1209->1209 result=1 disable-interp=0(known=0) foreground=0 monitors=0000000021D415E7/0000000046ED07EF cpu=0.126ms
01:36:20.230  qpc=3636768753843 [fg-transition] start=3636768753207 frame=00000000000007EB idx=3/3 queue=0000000031023CD0 reset=0 enable=1 recording=1 not-rendering=0 metering=0 fullscreen=0 slmode=1 known=0x17f hud=40797ed0 back=406d0cd0 real=0 interp=48f242d0 bridge-lock=1 arm=1209->1209 result=1 disable-interp=0(known=0) foreground=0 monitors=0000000021D415E7/0000000046ED07EF cpu=0.063ms
01:36:20.237  qpc=3636768827086 [fg-transition] start=3636768754269 frame=00000000000007EC idx=1/3 queue=0000000031023CD0 reset=0 enable=1 recording=1 not-rendering=0 metering=0 fullscreen=0 slmode=1 known=0x17f hud=40797ed0 back=406d1ed0 real=45989cd0 interp=48f248d0 bridge-lock=1 arm=1209->1210 result=1 disable-interp=0(known=0) foreground=0 monitors=0000000021D415E7/0000000046ED07EF cpu=7.282ms
01:36:20.269  qpc=3636769149595 [fg-transition] start=3636769146670 frame=00000000000007EC idx=2/3 queue=0000000031023CD0 reset=0 enable=1 recording=1 not-rendering=0 metering=0 fullscreen=0 slmode=1 known=0x17f hud=40797ed0 back=406d1ed0 real=0 interp=48f242d0 bridge-lock=1 arm=1210->1210 result=1 disable-interp=0(known=0) foreground=0 monitors=0000000021D415E7/0000000046ED07EF cpu=0.292ms
01:36:20.269  qpc=3636769151728 [fg-transition] start=3636769151078 frame=00000000000007EC idx=3/3 queue=0000000031023CD0 reset=0 enable=1 recording=1 not-rendering=0 metering=0 fullscreen=0 slmode=1 known=0x17f hud=40797ed0 back=406d1ed0 real=0 interp=4075e4d0 bridge-lock=1 arm=1210->1210 result=1 disable-interp=0(known=0) foreground=0 monitors=0000000021D415E7/0000000046ED07EF cpu=0.065ms
01:36:20.277  qpc=3636769227315 [fg-transition] start=3636769152215 frame=00000000000007ED idx=1/3 queue=0000000031023CD0 reset=0 enable=1 recording=1 not-rendering=0 metering=0 fullscreen=0 slmode=1 known=0x17f hud=40797ed0 back=406d3cd0 real=48f248d0 interp=45989cd0 bridge-lock=1 arm=1210->1211 result=1 disable-interp=0(known=0) foreground=0 monitors=0000000021D415E7/0000000046ED07EF cpu=7.510ms
01:36:20.308  qpc=3636769541355 [fg-transition] start=3636769540038 frame=00000000000007ED idx=2/3 queue=0000000031023CD0 reset=0 enable=1 recording=1 not-rendering=0 metering=0 fullscreen=0 slmode=1 known=0x17f hud=40797ed0 back=406d3cd0 real=0 interp=4075e4d0 bridge-lock=1 arm=1211->1211 result=1 disable-interp=0(known=0) foreground=0 monitors=0000000021D415E7/0000000046ED07EF cpu=0.131ms
01:36:20.308  qpc=3636769543455 [fg-transition] start=3636769542807 frame=00000000000007ED idx=3/3 queue=0000000031023CD0 reset=0 enable=1 recording=1 not-rendering=0 metering=0 fullscreen=0 slmode=1 known=0x17f hud=40797ed0 back=406d3cd0 real=0 interp=48f242d0 bridge-lock=1 arm=1211->1211 result=1 disable-interp=0(known=0) foreground=0 monitors=0000000021D415E7/0000000046ED07EF cpu=0.065ms
01:36:20.317  qpc=3636769622947 [fg-transition] start=3636769543899 frame=00000000000007EE idx=1/3 queue=0000000031023CD0 reset=0 enable=1 recording=1 not-rendering=0 metering=0 fullscreen=0 slmode=1 known=0x17f hud=40797ed0 back=406d0cd0 real=45989cd0 interp=48f248d0 bridge-lock=1 arm=1211->1212 result=1 disable-interp=0(known=0) foreground=0 monitors=0000000021D415E7/0000000046ED07EF cpu=7.904ms
01:36:20.484  qpc=3636771316704 [focus-fg] state: enabled=1 hooked=1 foreground=0 minimized=0 hwnd=00000000025B2E8C scope_calls=1218 original_false=850 kept=850 presents=2035 FG_evaluates=3649
01:36:21.626  [fg-history] FG Reset burst starts; contract_changed=0 bridge_pending=0 foreground=0.
01:36:21.631  qpc=3636782762445 [fg-transition] start=3636782730037 frame=000000000000081D idx=1/3 queue=00000000310228D0 reset=1 enable=1 recording=1 not-rendering=0 metering=2 fullscreen=0 slmode=1 known=0x17f hud=40797ed0 back=406d3cd0 real=48f242d0 interp=48f248d0 bridge-lock=1 arm=1243->1244 result=1 disable-interp=0(known=0) foreground=0 monitors=0000000021D415E7/0000000046ED07EF cpu=3.240ms
01:36:21.631  qpc=3636782769852 [fg-transition] start=3636782769403 frame=000000000000081D idx=2/3 queue=00000000310228D0 reset=1 enable=1 recording=1 not-rendering=0 metering=2 fullscreen=0 slmode=1 known=0x17f hud=40797ed0 back=406d3cd0 real=0 interp=48f248d0 bridge-lock=1 arm=1244->1244 result=1 disable-interp=0(known=0) foreground=0 monitors=0000000021D415E7/0000000046ED07EF cpu=0.045ms
01:36:21.631  qpc=3636782773607 [fg-transition] start=3636782773247 frame=000000000000081D idx=3/3 queue=00000000310228D0 reset=1 enable=1 recording=1 not-rendering=0 metering=2 fullscreen=0 slmode=1 known=0x17f hud=40797ed0 back=406d3cd0 real=0 interp=48f248d0 bridge-lock=1 arm=1244->1244 result=1 disable-interp=0(known=0) foreground=0 monitors=0000000021D415E7/0000000046ED07EF cpu=0.036ms
01:36:21.633  [fg-history] FG Reset burst ends: 1 real frames, 0 ms.
01:36:21.657  qpc=3636783029241 [fg-transition] start=3636782801557 frame=000000000000081E idx=1/3 queue=00000000310228D0 reset=0 enable=1 recording=1 not-rendering=0 metering=2 fullscreen=0 slmode=1 known=0x17f hud=40797ed0 back=406d0cd0 real=48f248d0 interp=48f242d0 bridge-lock=1 arm=1244->1245 result=1 disable-interp=0(known=0) foreground=0 monitors=0000000021D415E7/0000000046ED07EF cpu=22.768ms
01:36:21.657  qpc=3636783038171 [fg-transition] start=3636783036490 frame=000000000000081E idx=2/3 queue=00000000310228D0 reset=0 enable=1 recording=1 not-rendering=0 metering=2 fullscreen=0 slmode=1 known=0x17f hud=40797ed0 back=406d0cd0 real=0 interp=48f242d0 bridge-lock=1 arm=1245->1245 result=1 disable-interp=0(known=0) foreground=0 monitors=0000000021D415E7/0000000046ED07EF cpu=0.168ms
01:36:21.657  qpc=3636783039320 [fg-transition] start=3636783038726 frame=000000000000081E idx=3/3 queue=00000000310228D0 reset=0 enable=1 recording=1 not-rendering=0 metering=2 fullscreen=0 slmode=1 known=0x17f hud=40797ed0 back=406d0cd0 real=0 interp=48f242d0 bridge-lock=1 arm=1245->1245 result=1 disable-interp=0(known=0) foreground=0 monitors=0000000021D415E7/0000000046ED07EF cpu=0.059ms
01:36:21.691  qpc=3636783365973 [fg-transition] start=3636783148763 frame=000000000000081F idx=1/3 queue=00000000310228D0 reset=0 enable=1 recording=1 not-rendering=0 metering=2 fullscreen=0 slmode=1 known=0x17f hud=40797ed0 back=406d1ed0 real=48f242d0 interp=48f248d0 bridge-lock=1 arm=1245->1246 result=1 disable-interp=0(known=0) foreground=0 monitors=0000000021D415E7/0000000046ED07EF cpu=21.721ms
01:36:21.691  qpc=3636783369106 [fg-transition] start=3636783368040 frame=000000000000081F idx=2/3 queue=00000000310228D0 reset=0 enable=1 recording=1 not-rendering=0 metering=2 fullscreen=0 slmode=1 known=0x17f hud=40797ed0 back=406d1ed0 real=0 interp=48f248d0 bridge-lock=1 arm=1246->1246 result=1 disable-interp=0(known=0) foreground=0 monitors=0000000021D415E7/0000000046ED07EF cpu=0.106ms
01:36:21.691  qpc=3636783370435 [fg-transition] start=3636783369571 frame=000000000000081F idx=3/3 queue=00000000310228D0 reset=0 enable=1 recording=1 not-rendering=0 metering=2 fullscreen=0 slmode=1 known=0x17f hud=40797ed0 back=406d1ed0 real=0 interp=48f248d0 bridge-lock=1 arm=1246->1246 result=1 disable-interp=0(known=0) foreground=0 monitors=0000000021D415E7/0000000046ED07EF cpu=0.086ms
01:36:21.727  qpc=3636783729959 [fg-transition] start=3636783488284 frame=0000000000000820 idx=1/3 queue=00000000310228D0 reset=0 enable=1 recording=1 not-rendering=0 metering=2 fullscreen=0 slmode=1 known=0x17f hud=40797ed0 back=406d3cd0 real=48f248d0 interp=48f242d0 bridge-lock=1 arm=1246->1247 result=1 disable-interp=0(known=0) foreground=0 monitors=0000000021D415E7/0000000046ED07EF cpu=24.167ms
01:36:21.727  qpc=3636783737074 [fg-transition] start=3636783736123 frame=0000000000000820 idx=2/3 queue=00000000310228D0 reset=0 enable=1 recording=1 not-rendering=0 metering=2 fullscreen=0 slmode=1 known=0x17f hud=40797ed0 back=406d3cd0 real=0 interp=48f242d0 bridge-lock=1 arm=1247->1247 result=1 disable-interp=0(known=0) foreground=0 monitors=0000000021D415E7/0000000046ED07EF cpu=0.095ms
01:36:21.728  qpc=3636783741816 [fg-transition] start=3636783740427 frame=0000000000000820 idx=3/3 queue=00000000310228D0 reset=0 enable=1 recording=1 not-rendering=0 metering=2 fullscreen=0 slmode=1 known=0x17f hud=40797ed0 back=406d3cd0 real=0 interp=48f242d0 bridge-lock=1 arm=1247->1247 result=1 disable-interp=0(known=0) foreground=0 monitors=0000000021D415E7/0000000046ED07EF cpu=0.139ms
01:36:22.161  qpc=3636788059679 [fg-transition] start=3636788040033 frame=000000000000082A idx=1/3 queue=00000000310228D0 reset=0 enable=1 recording=1 not-rendering=0 metering=2 fullscreen=0 slmode=1 known=0x17f hud=40797ed0 back=406d0cd0 real=48f248d0 interp=48f242d0 bridge-lock=1 arm=1256->1257 result=1 disable-interp=0(known=0) foreground=1 monitors=0000000021D415E7/0000000021D415E7 cpu=1.964ms
01:36:22.161  qpc=3636788072572 [fg-transition] start=3636788071265 frame=000000000000082A idx=2/3 queue=00000000310228D0 reset=0 enable=1 recording=1 not-rendering=0 metering=2 fullscreen=0 slmode=1 known=0x17f hud=40797ed0 back=406d0cd0 real=0 interp=48f242d0 bridge-lock=1 arm=1257->1257 result=1 disable-interp=0(known=0) foreground=1 monitors=0000000021D415E7/0000000021D415E7 cpu=0.130ms
01:36:22.161  qpc=3636788078694 [fg-transition] start=3636788077471 frame=000000000000082A idx=3/3 queue=00000000310228D0 reset=0 enable=1 recording=1 not-rendering=0 metering=2 fullscreen=0 slmode=1 known=0x17f hud=40797ed0 back=406d0cd0 real=0 interp=48f242d0 bridge-lock=1 arm=1257->1257 result=1 disable-interp=0(known=0) foreground=1 monitors=0000000021D415E7/0000000021D415E7 cpu=0.122ms
01:36:22.191  qpc=3636788368196 [fg-transition] start=3636788117380 frame=000000000000082B idx=1/3 queue=00000000310228D0 reset=0 enable=1 recording=1 not-rendering=0 metering=2 fullscreen=0 slmode=1 known=0x17f hud=40797ed0 back=406d1ed0 real=48f242d0 interp=48f248d0 bridge-lock=1 arm=1257->1258 result=1 disable-interp=0(known=0) foreground=1 monitors=0000000021D415E7/0000000021D415E7 cpu=25.081ms
01:36:22.193  qpc=3636788395020 [fg-transition] start=3636788394138 frame=000000000000082B idx=2/3 queue=00000000310228D0 reset=0 enable=1 recording=1 not-rendering=0 metering=2 fullscreen=0 slmode=1 known=0x17f hud=40797ed0 back=406d1ed0 real=0 interp=48f248d0 bridge-lock=1 arm=1258->1258 result=1 disable-interp=0(known=0) foreground=1 monitors=0000000021D415E7/0000000021D415E7 cpu=0.088ms
01:36:22.193  qpc=3636788399482 [fg-transition] start=3636788398771 frame=000000000000082B idx=3/3 queue=00000000310228D0 reset=0 enable=1 recording=1 not-rendering=0 metering=2 fullscreen=0 slmode=1 known=0x17f hud=40797ed0 back=406d1ed0 real=0 interp=48f248d0 bridge-lock=1 arm=1258->1258 result=1 disable-interp=0(known=0) foreground=1 monitors=0000000021D415E7/0000000021D415E7 cpu=0.071ms
01:36:22.251  qpc=3636788958567 [fg-transition] start=3636788940041 frame=000000000000082C idx=1/3 queue=00000000310228D0 reset=0 enable=1 recording=1 not-rendering=0 metering=2 fullscreen=0 slmode=1 known=0x17f hud=40797ed0 back=406d3cd0 real=48f248d0 interp=48f242d0 bridge-lock=1 arm=1258->1259 result=1 disable-interp=0(known=0) foreground=1 monitors=0000000021D415E7/0000000021D415E7 cpu=1.852ms
01:36:22.251  qpc=3636788966465 [fg-transition] start=3636788965316 frame=000000000000082C idx=2/3 queue=00000000310228D0 reset=0 enable=1 recording=1 not-rendering=0 metering=2 fullscreen=0 slmode=1 known=0x17f hud=40797ed0 back=406d3cd0 real=0 interp=48f242d0 bridge-lock=1 arm=1259->1259 result=1 disable-interp=0(known=0) foreground=1 monitors=0000000021D415E7/0000000021D415E7 cpu=0.115ms
01:36:22.251  qpc=3636788972428 [fg-transition] start=3636788971334 frame=000000000000082C idx=3/3 queue=00000000310228D0 reset=0 enable=1 recording=1 not-rendering=0 metering=2 fullscreen=0 slmode=1 known=0x17f hud=40797ed0 back=406d3cd0 real=0 interp=48f242d0 bridge-lock=1 arm=1259->1259 result=1 disable-interp=0(known=0) foreground=1 monitors=0000000021D415E7/0000000021D415E7 cpu=0.109ms
01:36:22.279  qpc=3636789259769 [fg-transition] start=3636789015047 frame=000000000000082D idx=1/3 queue=00000000310228D0 reset=0 enable=1 recording=1 not-rendering=0 metering=2 fullscreen=0 slmode=1 known=0x17f hud=40797ed0 back=406d0cd0 real=48f242d0 interp=48f248d0 bridge-lock=1 arm=1259->1260 result=1 disable-interp=0(known=0) foreground=1 monitors=0000000021D415E7/0000000021D415E7 cpu=24.472ms
01:36:22.280  qpc=3636789267144 [fg-transition] start=3636789265088 frame=000000000000082D idx=2/3 queue=00000000310228D0 reset=0 enable=1 recording=1 not-rendering=0 metering=2 fullscreen=0 slmode=1 known=0x17f hud=40797ed0 back=406d0cd0 real=0 interp=48f248d0 bridge-lock=1 arm=1260->1260 result=1 disable-interp=0(known=0) foreground=1 monitors=0000000021D415E7/0000000021D415E7 cpu=0.205ms
01:36:22.280  qpc=3636789271792 [fg-transition] start=3636789271067 frame=000000000000082D idx=3/3 queue=00000000310228D0 reset=0 enable=1 recording=1 not-rendering=0 metering=2 fullscreen=0 slmode=1 known=0x17f hud=40797ed0 back=406d0cd0 real=0 interp=48f248d0 bridge-lock=1 arm=1260->1260 result=1 disable-interp=0(known=0) foreground=1 monitors=0000000021D415E7/0000000021D415E7 cpu=0.072ms
01:36:22.894  [fg-history] FG Reset burst starts; contract_changed=0 bridge_pending=0 foreground=1.
01:36:22.898  qpc=3636795438672 [fg-transition] start=3636795410387 frame=0000000000000847 idx=1/3 queue=0000000031023CD0 reset=1 enable=1 recording=1 not-rendering=0 metering=0 fullscreen=0 slmode=1 known=0x17f hud=40797ed0 back=406d3cd0 real=44f9b4d0 interp=48f248d0 bridge-lock=1 arm=1271->1272 result=1 disable-interp=0(known=0) foreground=1 monitors=0000000021D415E7/0000000021D415E7 cpu=2.828ms
01:36:22.899  qpc=3636795440799 [fg-transition] start=3636795440571 frame=0000000000000847 idx=2/3 queue=0000000031023CD0 reset=1 enable=1 recording=1 not-rendering=0 metering=0 fullscreen=0 slmode=1 known=0x17f hud=40797ed0 back=406d3cd0 real=0 interp=48f242d0 bridge-lock=1 arm=1272->1272 result=1 disable-interp=0(known=0) foreground=1 monitors=0000000021D415E7/0000000021D415E7 cpu=0.023ms
01:36:22.899  qpc=3636795441239 [fg-transition] start=3636795441106 frame=0000000000000847 idx=3/3 queue=0000000031023CD0 reset=1 enable=1 recording=1 not-rendering=0 metering=0 fullscreen=0 slmode=1 known=0x17f hud=40797ed0 back=406d3cd0 real=0 interp=44f9c6d0 bridge-lock=1 arm=1272->1272 result=1 disable-interp=0(known=0) foreground=1 monitors=0000000021D415E7/0000000021D415E7 cpu=0.013ms
01:36:22.899  qpc=3636795461887 [focus-fg] state: enabled=1 hooked=1 foreground=1 minimized=0 hwnd=00000000025B2E8C scope_calls=1273 original_false=889 kept=889 presents=2119 FG_evaluates=3819
01:36:22.903  [fg-history] FG Reset burst ends: 1 real frames, 0 ms.
01:36:22.924  qpc=3636795694645 [fg-transition] start=3636795503618 frame=0000000000000848 idx=1/3 queue=0000000031023CD0 reset=0 enable=1 recording=1 not-rendering=0 metering=0 fullscreen=0 slmode=1 known=0x17f hud=40797ed0 back=406d0cd0 real=48f248d0 interp=44f9b4d0 bridge-lock=1 arm=1272->1273 result=1 disable-interp=0(known=0) foreground=1 monitors=0000000021D415E7/0000000021D415E7 cpu=19.102ms
01:36:22.924  qpc=3636795710565 [fg-transition] start=3636795709564 frame=0000000000000848 idx=2/3 queue=0000000031023CD0 reset=0 enable=1 recording=1 not-rendering=0 metering=0 fullscreen=0 slmode=1 known=0x17f hud=40797ed0 back=406d0cd0 real=0 interp=44f9c6d0 bridge-lock=1 arm=1273->1273 result=1 disable-interp=0(known=0) foreground=1 monitors=0000000021D415E7/0000000021D415E7 cpu=0.100ms
01:36:22.924  qpc=3636795711640 [fg-transition] start=3636795711064 frame=0000000000000848 idx=3/3 queue=0000000031023CD0 reset=0 enable=1 recording=1 not-rendering=0 metering=0 fullscreen=0 slmode=1 known=0x17f hud=40797ed0 back=406d0cd0 real=0 interp=48f242d0 bridge-lock=1 arm=1273->1273 result=1 disable-interp=0(known=0) foreground=1 monitors=0000000021D415E7/0000000021D415E7 cpu=0.058ms
01:36:22.956  qpc=3636796020080 [fg-transition] start=3636795793754 frame=0000000000000849 idx=1/3 queue=0000000031023CD0 reset=0 enable=1 recording=1 not-rendering=0 metering=0 fullscreen=0 slmode=1 known=0x17f hud=40797ed0 back=406d1ed0 real=44f9b4d0 interp=48f248d0 bridge-lock=1 arm=1273->1274 result=1 disable-interp=0(known=0) foreground=1 monitors=0000000021D415E7/0000000021D415E7 cpu=22.632ms
01:36:22.967  qpc=3636796127706 [fg-transition] start=3636796126420 frame=0000000000000849 idx=2/3 queue=0000000031023CD0 reset=0 enable=1 recording=1 not-rendering=0 metering=0 fullscreen=0 slmode=1 known=0x17f hud=40797ed0 back=406d1ed0 real=0 interp=48f242d0 bridge-lock=1 arm=1274->1274 result=1 disable-interp=0(known=0) foreground=1 monitors=0000000021D415E7/0000000021D415E7 cpu=0.129ms
01:36:22.967  qpc=3636796130619 [fg-transition] start=3636796129522 frame=0000000000000849 idx=3/3 queue=0000000031023CD0 reset=0 enable=1 recording=1 not-rendering=0 metering=0 fullscreen=0 slmode=1 known=0x17f hud=40797ed0 back=406d1ed0 real=0 interp=44f9c6d0 bridge-lock=1 arm=1274->1274 result=1 disable-interp=0(known=0) foreground=1 monitors=0000000021D415E7/0000000021D415E7 cpu=0.110ms
01:36:22.992  qpc=3636796376947 [fg-transition] start=3636796133717 frame=000000000000084A idx=1/3 queue=0000000031023CD0 reset=0 enable=1 recording=1 not-rendering=0 metering=0 fullscreen=0 slmode=1 known=0x17f hud=40797ed0 back=406d3cd0 real=48f248d0 interp=44f9b4d0 bridge-lock=1 arm=1274->1275 result=1 disable-interp=0(known=0) foreground=1 monitors=0000000021D415E7/0000000021D415E7 cpu=24.323ms
01:36:23.020  qpc=3636796658917 [fg-transition] start=3636796657347 frame=000000000000084A idx=2/3 queue=0000000031023CD0 reset=0 enable=1 recording=1 not-rendering=0 metering=0 fullscreen=0 slmode=1 known=0x17f hud=40797ed0 back=406d3cd0 real=0 interp=44f9c6d0 bridge-lock=1 arm=1275->1275 result=1 disable-interp=0(known=0) foreground=1 monitors=0000000021D415E7/0000000021D415E7 cpu=0.157ms
01:36:23.020  qpc=3636796660736 [fg-transition] start=3636796660142 frame=000000000000084A idx=3/3 queue=0000000031023CD0 reset=0 enable=1 recording=1 not-rendering=0 metering=0 fullscreen=0 slmode=1 known=0x17f hud=40797ed0 back=406d3cd0 real=0 interp=48f242d0 bridge-lock=1 arm=1275->1275 result=1 disable-interp=0(known=0) foreground=1 monitors=0000000021D415E7/0000000021D415E7 cpu=0.059ms
01:36:23.444  qpc=3636800905323 [fg-transition] start=3636800903915 frame=0000000000000855 idx=2/3 queue=0000000031023CD0 reset=0 enable=1 recording=1 not-rendering=0 metering=0 fullscreen=0 slmode=1 known=0x17f hud=40797ed0 back=406d1ed0 real=0 interp=48f242d0 bridge-lock=1 arm=1286->1286 result=1 disable-interp=0(known=0) foreground=0 monitors=0000000021D415E7/0000000046ED07EF cpu=0.141ms
01:36:23.445  qpc=3636800907551 [fg-transition] start=3636800906824 frame=0000000000000855 idx=3/3 queue=0000000031023CD0 reset=0 enable=1 recording=1 not-rendering=0 metering=0 fullscreen=0 slmode=1 known=0x17f hud=40797ed0 back=406d1ed0 real=0 interp=44f9c6d0 bridge-lock=1 arm=1286->1286 result=1 disable-interp=0(known=0) foreground=0 monitors=0000000021D415E7/0000000046ED07EF cpu=0.073ms
01:36:23.445  qpc=3636800913383 [fg-transition] start=3636800907999 frame=0000000000000856 idx=1/3 queue=0000000031023CD0 reset=0 enable=1 recording=1 not-rendering=0 metering=0 fullscreen=0 slmode=1 known=0x17f hud=40797ed0 back=406d3cd0 real=48f248d0 interp=44f9b4d0 bridge-lock=1 arm=1286->1287 result=1 disable-interp=0(known=0) foreground=0 monitors=0000000021D415E7/0000000046ED07EF cpu=0.538ms
01:36:23.481  qpc=3636801274747 [fg-transition] start=3636801273446 frame=0000000000000856 idx=2/3 queue=0000000031023CD0 reset=0 enable=1 recording=1 not-rendering=0 metering=0 fullscreen=0 slmode=1 known=0x17f hud=40797ed0 back=406d3cd0 real=0 interp=44f9c6d0 bridge-lock=1 arm=1287->1287 result=1 disable-interp=0(known=0) foreground=0 monitors=0000000021D415E7/0000000046ED07EF cpu=0.130ms
01:36:23.482  qpc=3636801276742 [fg-transition] start=3636801276133 frame=0000000000000856 idx=3/3 queue=0000000031023CD0 reset=0 enable=1 recording=1 not-rendering=0 metering=0 fullscreen=0 slmode=1 known=0x17f hud=40797ed0 back=406d3cd0 real=0 interp=48f242d0 bridge-lock=1 arm=1287->1287 result=1 disable-interp=0(known=0) foreground=0 monitors=0000000021D415E7/0000000046ED07EF cpu=0.061ms
01:36:23.490  qpc=3636801362088 [fg-transition] start=3636801277184 frame=0000000000000857 idx=1/3 queue=0000000031023CD0 reset=0 enable=1 recording=1 not-rendering=0 metering=0 fullscreen=0 slmode=1 known=0x17f hud=40797ed0 back=406d0cd0 real=44f9b4d0 interp=48f248d0 bridge-lock=1 arm=1287->1288 result=1 disable-interp=0(known=0) foreground=0 monitors=0000000021D415E7/0000000046ED07EF cpu=8.490ms
01:36:23.521  qpc=3636801669623 [fg-transition] start=3636801667380 frame=0000000000000857 idx=2/3 queue=0000000031023CD0 reset=0 enable=1 recording=1 not-rendering=0 metering=0 fullscreen=0 slmode=1 known=0x17f hud=40797ed0 back=406d0cd0 real=0 interp=48f242d0 bridge-lock=1 arm=1288->1288 result=1 disable-interp=0(known=0) foreground=0 monitors=0000000021D415E7/0000000046ED07EF cpu=0.224ms
01:36:23.521  qpc=3636801671683 [fg-transition] start=3636801671037 frame=0000000000000857 idx=3/3 queue=0000000031023CD0 reset=0 enable=1 recording=1 not-rendering=0 metering=0 fullscreen=0 slmode=1 known=0x17f hud=40797ed0 back=406d0cd0 real=0 interp=44f9c6d0 bridge-lock=1 arm=1288->1288 result=1 disable-interp=0(known=0) foreground=0 monitors=0000000021D415E7/0000000046ED07EF cpu=0.065ms
01:36:23.529  qpc=3636801761711 [fg-transition] start=3636801672132 frame=0000000000000858 idx=1/3 queue=0000000031023CD0 reset=0 enable=1 recording=1 not-rendering=0 metering=0 fullscreen=0 slmode=1 known=0x17f hud=40797ed0 back=406d1ed0 real=48f248d0 interp=44f9b4d0 bridge-lock=1 arm=1288->1289 result=1 disable-interp=0(known=0) foreground=0 monitors=0000000021D415E7/0000000046ED07EF cpu=8.958ms
01:36:23.561  qpc=3636802071323 [fg-transition] start=3636802070032 frame=0000000000000858 idx=2/3 queue=0000000031023CD0 reset=0 enable=1 recording=1 not-rendering=0 metering=0 fullscreen=0 slmode=1 known=0x17f hud=40797ed0 back=406d1ed0 real=0 interp=44f9c6d0 bridge-lock=1 arm=1289->1289 result=1 disable-interp=0(known=0) foreground=0 monitors=0000000021D415E7/0000000046ED07EF cpu=0.129ms
01:36:23.562  qpc=3636802073384 [fg-transition] start=3636802072738 frame=0000000000000858 idx=3/3 queue=0000000031023CD0 reset=0 enable=1 recording=1 not-rendering=0 metering=0 fullscreen=0 slmode=1 known=0x17f hud=40797ed0 back=406d1ed0 real=0 interp=48f242d0 bridge-lock=1 arm=1289->1289 result=1 disable-interp=0(known=0) foreground=0 monitors=0000000021D415E7/0000000046ED07EF cpu=0.065ms
01:36:23.569  qpc=3636802151731 [fg-transition] start=3636802073838 frame=0000000000000859 idx=1/3 queue=0000000031023CD0 reset=0 enable=1 recording=1 not-rendering=0 metering=0 fullscreen=0 slmode=1 known=0x17f hud=40797ed0 back=406d3cd0 real=44f9b4d0 interp=48f248d0 bridge-lock=1 arm=1289->1290 result=1 disable-interp=0(known=0) foreground=0 monitors=0000000021D415E7/0000000046ED07EF cpu=7.789ms
01:36:24.522  qpc=3636811699680 [focus-fg] state: enabled=1 hooked=1 foreground=0 minimized=0 hwnd=00000000025B2E8C scope_calls=1317 original_false=919 kept=919 presents=2163 FG_evaluates=3946
01:36:24.632  [fg-relay] rate/15.0s p2 import_opt=1: presents=31.1/s present-gate[point=31.1 ready=0.0 fallback=0.0 inactive=0.0]/s noinfo=0.0/s stale=0.0/s unlearned=0.0/s attempts=24.3/s armed=24.3/s skipped=0.0/s busy=0.0/s arm-reject[state=0.0 request=0.0 refused=0.0 stopping=0.0 res=0.0 size=0.0]/s pool[cap=0.0 family=0.0 create=0.0 alloc=0.0]/s copy-drop[fence=0.0 reset=0.0 begin=0.0 end=0.0 submit=0.0]/s cf[seq=0.0/s idle=0.0/s nrfence=0.0/s] slotbusy=0.0/s copyfence-busy=0.0/s nr-gpuwait=21.1/s flips=0.0/s
01:36:24.632  [fg-relay] rate2: fginput eval=73.0/s index!=1=48.7/s eval-gate[off=0.0 fallback=0.0 notready=0.0 noinput=0.0 noqueue=0.0]/s relay eval=24.3/s consume=0.0/s inplace=24.3/s(ok 24.3/s) unarmed=0.0/s mismatch=0.0/s relbusy=0.0/s relok=24.3/s relfail=0.0/s release-stage[queue=0.0 pool=0.0 fence=0.0 reset=0.0 begin=0.0 end=0.0 submit=0.0]/s watchdog=0.0/s | worker plays=24.3/s ok=24.3/s fail=0.0/s nr_absent=0.0/s copyfail=0.0/s
01:36:24.632  [fg-relay] rate3: arm->arm avg=42.98ms max=1961.26ms n=1317 | arm->work avg=0.01ms max=0.68ms | arm->eval avg=0.00ms max=0.00ms | copywait avg=0.008ms max=0.145ms | copy-land<= avg=59.36ms max=1960.89ms | work avg=11.75ms max=221.78ms | totals armed=1318 unarmed=0 skipped=0 busy=0 mismatch=0 copies_failed=0 writes=1318 conflicts=0
01:36:24.632  [fg-relay] rate4: throttle depth=1 off=0 | sleep calls=31.1/s waits=22.9/s clear=8.1/s timeouts=0.0/s avg=29.58ms | present calls=31.1/s waits=0.0/s clear=0.0/s timeouts=0.0/s avg=0.00ms | max=111.97ms (process)
01:36:24.923  [fg-history] FG Reset burst starts; contract_changed=0 bridge_pending=0 foreground=0.
01:36:24.927  qpc=3636815724064 [fg-transition] start=3636815702911 frame=0000000000000888 idx=1/3 queue=00000000310228D0 reset=1 enable=1 recording=1 not-rendering=0 metering=2 fullscreen=0 slmode=1 known=0x17f hud=40797ed0 back=406d1ed0 real=48f248d0 interp=48f242d0 bridge-lock=1 arm=1322->1323 result=1 disable-interp=0(known=0) foreground=0 monitors=0000000021D415E7/0000000046ED07EF cpu=2.115ms
01:36:24.927  qpc=3636815733322 [fg-transition] start=3636815732858 frame=0000000000000888 idx=2/3 queue=00000000310228D0 reset=1 enable=1 recording=1 not-rendering=0 metering=2 fullscreen=0 slmode=1 known=0x17f hud=40797ed0 back=406d1ed0 real=0 interp=48f242d0 bridge-lock=1 arm=1323->1323 result=1 disable-interp=0(known=0) foreground=0 monitors=0000000021D415E7/0000000046ED07EF cpu=0.046ms
01:36:24.927  qpc=3636815738250 [fg-transition] start=3636815737818 frame=0000000000000888 idx=3/3 queue=00000000310228D0 reset=1 enable=1 recording=1 not-rendering=0 metering=2 fullscreen=0 slmode=1 known=0x17f hud=40797ed0 back=406d1ed0 real=0 interp=48f242d0 bridge-lock=1 arm=1323->1323 result=1 disable-interp=0(known=0) foreground=0 monitors=0000000021D415E7/0000000046ED07EF cpu=0.042ms
01:36:24.930  [fg-history] FG Reset burst ends: 1 real frames, 0 ms.
01:36:24.955  qpc=3636816009249 [fg-transition] start=3636815776760 frame=0000000000000889 idx=1/3 queue=00000000310228D0 reset=0 enable=1 recording=1 not-rendering=0 metering=2 fullscreen=0 slmode=1 known=0x17f hud=40797ed0 back=406d3cd0 real=48f242d0 interp=48f248d0 bridge-lock=1 arm=1323->1324 result=1 disable-interp=0(known=0) foreground=0 monitors=0000000021D415E7/0000000046ED07EF cpu=23.249ms
01:36:24.956  qpc=3636816017389 [fg-transition] start=3636816016148 frame=0000000000000889 idx=2/3 queue=00000000310228D0 reset=0 enable=1 recording=1 not-rendering=0 metering=2 fullscreen=0 slmode=1 known=0x17f hud=40797ed0 back=406d3cd0 real=0 interp=48f248d0 bridge-lock=1 arm=1324->1324 result=1 disable-interp=0(known=0) foreground=0 monitors=0000000021D415E7/0000000046ED07EF cpu=0.124ms
01:36:24.956  qpc=3636816018651 [fg-transition] start=3636816017977 frame=0000000000000889 idx=3/3 queue=00000000310228D0 reset=0 enable=1 recording=1 not-rendering=0 metering=2 fullscreen=0 slmode=1 known=0x17f hud=40797ed0 back=406d3cd0 real=0 interp=48f248d0 bridge-lock=1 arm=1324->1324 result=1 disable-interp=0(known=0) foreground=0 monitors=0000000021D415E7/0000000046ED07EF cpu=0.067ms
01:36:24.989  qpc=3636816345529 [fg-transition] start=3636816134336 frame=000000000000088A idx=1/3 queue=00000000310228D0 reset=0 enable=1 recording=1 not-rendering=0 metering=2 fullscreen=0 slmode=1 known=0x17f hud=40797ed0 back=406d0cd0 real=48f248d0 interp=48f242d0 bridge-lock=1 arm=1324->1325 result=1 disable-interp=0(known=0) foreground=0 monitors=0000000021D415E7/0000000046ED07EF cpu=21.119ms
01:36:24.989  qpc=3636816348399 [fg-transition] start=3636816347564 frame=000000000000088A idx=2/3 queue=00000000310228D0 reset=0 enable=1 recording=1 not-rendering=0 metering=2 fullscreen=0 slmode=1 known=0x17f hud=40797ed0 back=406d0cd0 real=0 interp=48f242d0 bridge-lock=1 arm=1325->1325 result=1 disable-interp=0(known=0) foreground=0 monitors=0000000021D415E7/0000000046ED07EF cpu=0.083ms
01:36:24.989  qpc=3636816349330 [fg-transition] start=3636816348781 frame=000000000000088A idx=3/3 queue=00000000310228D0 reset=0 enable=1 recording=1 not-rendering=0 metering=2 fullscreen=0 slmode=1 known=0x17f hud=40797ed0 back=406d0cd0 real=0 interp=48f242d0 bridge-lock=1 arm=1325->1325 result=1 disable-interp=0(known=0) foreground=0 monitors=0000000021D415E7/0000000046ED07EF cpu=0.055ms
01:36:25.026  qpc=3636816710264 [fg-transition] start=3636816490827 frame=000000000000088B idx=1/3 queue=00000000310228D0 reset=0 enable=1 recording=1 not-rendering=0 metering=2 fullscreen=0 slmode=1 known=0x17f hud=40797ed0 back=406d1ed0 real=48f242d0 interp=48f248d0 bridge-lock=1 arm=1325->1326 result=1 disable-interp=0(known=0) foreground=0 monitors=0000000021D415E7/0000000046ED07EF cpu=21.943ms
01:36:25.026  qpc=3636816717564 [fg-transition] start=3636816716608 frame=000000000000088B idx=2/3 queue=00000000310228D0 reset=0 enable=1 recording=1 not-rendering=0 metering=2 fullscreen=0 slmode=1 known=0x17f hud=40797ed0 back=406d1ed0 real=0 interp=48f248d0 bridge-lock=1 arm=1326->1326 result=1 disable-interp=0(known=0) foreground=0 monitors=0000000021D415E7/0000000046ED07EF cpu=0.095ms
01:36:25.026  qpc=3636816721372 [fg-transition] start=3636816720413 frame=000000000000088B idx=3/3 queue=00000000310228D0 reset=0 enable=1 recording=1 not-rendering=0 metering=2 fullscreen=0 slmode=1 known=0x17f hud=40797ed0 back=406d1ed0 real=0 interp=48f248d0 bridge-lock=1 arm=1326->1326 result=1 disable-interp=0(known=0) foreground=0 monitors=0000000021D415E7/0000000046ED07EF cpu=0.096ms
01:36:25.448  qpc=3636820928353 [fg-transition] start=3636820906324 frame=0000000000000895 idx=1/3 queue=00000000310228D0 reset=0 enable=1 recording=1 not-rendering=0 metering=2 fullscreen=0 slmode=1 known=0x17f hud=40797ed0 back=406d3cd0 real=48f242d0 interp=48f248d0 bridge-lock=1 arm=1335->1336 result=1 disable-interp=0(known=0) foreground=1 monitors=0000000021D415E7/0000000021D415E7 cpu=2.202ms
01:36:25.448  qpc=3636820937531 [fg-transition] start=3636820936288 frame=0000000000000895 idx=2/3 queue=00000000310228D0 reset=0 enable=1 recording=1 not-rendering=0 metering=2 fullscreen=0 slmode=1 known=0x17f hud=40797ed0 back=406d3cd0 real=0 interp=48f248d0 bridge-lock=1 arm=1336->1336 result=1 disable-interp=0(known=0) foreground=1 monitors=0000000021D415E7/0000000021D415E7 cpu=0.124ms
01:36:25.448  qpc=3636820941767 [fg-transition] start=3636820940915 frame=0000000000000895 idx=3/3 queue=00000000310228D0 reset=0 enable=1 recording=1 not-rendering=0 metering=2 fullscreen=0 slmode=1 known=0x17f hud=40797ed0 back=406d3cd0 real=0 interp=48f248d0 bridge-lock=1 arm=1336->1336 result=1 disable-interp=0(known=0) foreground=1 monitors=0000000021D415E7/0000000021D415E7 cpu=0.085ms
01:36:25.477  qpc=3636821229949 [fg-transition] start=3636820968805 frame=0000000000000896 idx=1/3 queue=00000000310228D0 reset=0 enable=1 recording=1 not-rendering=0 metering=2 fullscreen=0 slmode=1 known=0x17f hud=40797ed0 back=406d0cd0 real=48f248d0 interp=48f242d0 bridge-lock=1 arm=1336->1337 result=1 disable-interp=0(known=0) foreground=1 monitors=0000000021D415E7/0000000021D415E7 cpu=26.114ms
01:36:25.477  qpc=3636821235985 [fg-transition] start=3636821235093 frame=0000000000000896 idx=2/3 queue=00000000310228D0 reset=0 enable=1 recording=1 not-rendering=0 metering=2 fullscreen=0 slmode=1 known=0x17f hud=40797ed0 back=406d0cd0 real=0 interp=48f242d0 bridge-lock=1 arm=1337->1337 result=1 disable-interp=0(known=0) foreground=1 monitors=0000000021D415E7/0000000021D415E7 cpu=0.089ms
01:36:25.478  qpc=3636821240007 [fg-transition] start=3636821239104 frame=0000000000000896 idx=3/3 queue=00000000310228D0 reset=0 enable=1 recording=1 not-rendering=0 metering=2 fullscreen=0 slmode=1 known=0x17f hud=40797ed0 back=406d0cd0 real=0 interp=48f242d0 bridge-lock=1 arm=1337->1337 result=1 disable-interp=0(known=0) foreground=1 monitors=0000000021D415E7/0000000021D415E7 cpu=0.090ms
01:36:25.534  qpc=3636821791170 [fg-transition] start=3636821771950 frame=0000000000000897 idx=1/3 queue=00000000310228D0 reset=0 enable=1 recording=1 not-rendering=0 metering=2 fullscreen=0 slmode=1 known=0x17f hud=40797ed0 back=406d1ed0 real=48f242d0 interp=48f248d0 bridge-lock=1 arm=1337->1338 result=1 disable-interp=0(known=0) foreground=1 monitors=0000000021D415E7/0000000021D415E7 cpu=1.922ms
01:36:25.534  qpc=3636821802455 [fg-transition] start=3636821801017 frame=0000000000000897 idx=2/3 queue=00000000310228D0 reset=0 enable=1 recording=1 not-rendering=0 metering=2 fullscreen=0 slmode=1 known=0x17f hud=40797ed0 back=406d1ed0 real=0 interp=48f248d0 bridge-lock=1 arm=1338->1338 result=1 disable-interp=0(known=0) foreground=1 monitors=0000000021D415E7/0000000021D415E7 cpu=0.143ms
01:36:25.534  qpc=3636821809893 [fg-transition] start=3636821808638 frame=0000000000000897 idx=3/3 queue=00000000310228D0 reset=0 enable=1 recording=1 not-rendering=0 metering=2 fullscreen=0 slmode=1 known=0x17f hud=40797ed0 back=406d1ed0 real=0 interp=48f248d0 bridge-lock=1 arm=1338->1338 result=1 disable-interp=0(known=0) foreground=1 monitors=0000000021D415E7/0000000021D415E7 cpu=0.125ms
01:36:25.534  qpc=3636821814447 [focus-fg] state: enabled=1 hooked=1 foreground=1 minimized=0 hwnd=00000000025B2E8C scope_calls=1339 original_false=938 kept=938 presents=2199 FG_evaluates=4017
01:36:25.563  qpc=3636822088859 [fg-transition] start=3636821842851 frame=0000000000000898 idx=1/3 queue=00000000310228D0 reset=0 enable=1 recording=1 not-rendering=0 metering=2 fullscreen=0 slmode=1 known=0x17f hud=40797ed0 back=406d3cd0 real=48f248d0 interp=48f242d0 bridge-lock=1 arm=1338->1339 result=1 disable-interp=0(known=0) foreground=1 monitors=0000000021D415E7/0000000021D415E7 cpu=24.601ms
01:36:25.605  qpc=3636822097388 [fg-transition] start=3636822095566 frame=0000000000000898 idx=2/3 queue=00000000310228D0 reset=0 enable=1 recording=1 not-rendering=0 metering=2 fullscreen=0 slmode=1 known=0x17f hud=40797ed0 back=406d3cd0 real=0 interp=48f242d0 bridge-lock=1 arm=1339->1339 result=1 disable-interp=0(known=0) foreground=1 monitors=0000000021D415E7/0000000021D415E7 cpu=0.182ms
01:36:25.605  qpc=3636822102607 [fg-transition] start=3636822101641 frame=0000000000000898 idx=3/3 queue=00000000310228D0 reset=0 enable=1 recording=1 not-rendering=0 metering=2 fullscreen=0 slmode=1 known=0x17f hud=40797ed0 back=406d3cd0 real=0 interp=48f242d0 bridge-lock=1 arm=1339->1339 result=1 disable-interp=0(known=0) foreground=1 monitors=0000000021D415E7/0000000021D415E7 cpu=0.096ms
01:36:26.181  [fg-history] FG Reset burst starts; contract_changed=0 bridge_pending=0 foreground=1.
01:36:26.185  qpc=3636828307163 [fg-transition] start=3636828270061 frame=00000000000008B1 idx=1/3 queue=0000000031023CD0 reset=1 enable=1 recording=1 not-rendering=0 metering=0 fullscreen=0 slmode=1 known=0x17f hud=40797ed0 back=406d0cd0 real=45bad8d0 interp=48f242d0 bridge-lock=1 arm=1350->1351 result=1 disable-interp=0(known=0) foreground=1 monitors=0000000021D415E7/0000000021D415E7 cpu=3.710ms
01:36:26.185  qpc=3636828309567 [fg-transition] start=3636828309295 frame=00000000000008B1 idx=2/3 queue=0000000031023CD0 reset=1 enable=1 recording=1 not-rendering=0 metering=0 fullscreen=0 slmode=1 known=0x17f hud=40797ed0 back=406d0cd0 real=0 interp=48f248d0 bridge-lock=1 arm=1351->1351 result=1 disable-interp=0(known=0) foreground=1 monitors=0000000021D415E7/0000000021D415E7 cpu=0.027ms
01:36:26.185  qpc=3636828310192 [fg-transition] start=3636828309981 frame=00000000000008B1 idx=3/3 queue=0000000031023CD0 reset=1 enable=1 recording=1 not-rendering=0 metering=0 fullscreen=0 slmode=1 known=0x17f hud=40797ed0 back=406d0cd0 real=0 interp=473500d0 bridge-lock=1 arm=1351->1351 result=1 disable-interp=0(known=0) foreground=1 monitors=0000000021D415E7/0000000021D415E7 cpu=0.021ms
01:36:26.188  [fg-history] FG Reset burst ends: 1 real frames, 16 ms.
01:36:26.210  qpc=3636828560591 [fg-transition] start=3636828354128 frame=00000000000008B2 idx=1/3 queue=0000000031023CD0 reset=0 enable=1 recording=1 not-rendering=0 metering=0 fullscreen=0 slmode=1 known=0x17f hud=40797ed0 back=406d1ed0 real=48f242d0 interp=45bad8d0 bridge-lock=1 arm=1351->1352 result=1 disable-interp=0(known=0) foreground=1 monitors=0000000021D415E7/0000000021D415E7 cpu=20.646ms
01:36:26.211  qpc=3636828578692 [fg-transition] start=3636828577518 frame=00000000000008B2 idx=2/3 queue=0000000031023CD0 reset=0 enable=1 recording=1 not-rendering=0 metering=0 fullscreen=0 slmode=1 known=0x17f hud=40797ed0 back=406d1ed0 real=0 interp=473500d0 bridge-lock=1 arm=1352->1352 result=1 disable-interp=0(known=0) foreground=1 monitors=0000000021D415E7/0000000021D415E7 cpu=0.117ms
01:36:26.211  qpc=3636828579873 [fg-transition] start=3636828579220 frame=00000000000008B2 idx=3/3 queue=0000000031023CD0 reset=0 enable=1 recording=1 not-rendering=0 metering=0 fullscreen=0 slmode=1 known=0x17f hud=40797ed0 back=406d1ed0 real=0 interp=48f248d0 bridge-lock=1 arm=1352->1352 result=1 disable-interp=0(known=0) foreground=1 monitors=0000000021D415E7/0000000021D415E7 cpu=0.065ms
01:36:26.242  qpc=3636828880423 [fg-transition] start=3636828670701 frame=00000000000008B3 idx=1/3 queue=0000000031023CD0 reset=0 enable=1 recording=1 not-rendering=0 metering=0 fullscreen=0 slmode=1 known=0x17f hud=40797ed0 back=406d3cd0 real=45bad8d0 interp=48f242d0 bridge-lock=1 arm=1352->1353 result=1 disable-interp=0(known=0) foreground=1 monitors=0000000021D415E7/0000000021D415E7 cpu=20.972ms
01:36:26.252  qpc=3636828986347 [fg-transition] start=3636828985232 frame=00000000000008B3 idx=2/3 queue=0000000031023CD0 reset=0 enable=1 recording=1 not-rendering=0 metering=0 fullscreen=0 slmode=1 known=0x17f hud=40797ed0 back=406d3cd0 real=0 interp=48f248d0 bridge-lock=1 arm=1353->1353 result=1 disable-interp=0(known=0) foreground=1 monitors=0000000021D415E7/0000000021D415E7 cpu=0.111ms
01:36:26.253  qpc=3636828988257 [fg-transition] start=3636828987610 frame=00000000000008B3 idx=3/3 queue=0000000031023CD0 reset=0 enable=1 recording=1 not-rendering=0 metering=0 fullscreen=0 slmode=1 known=0x17f hud=40797ed0 back=406d3cd0 real=0 interp=473500d0 bridge-lock=1 arm=1353->1353 result=1 disable-interp=0(known=0) foreground=1 monitors=0000000021D415E7/0000000021D415E7 cpu=0.065ms
01:36:26.277  qpc=3636829233732 [fg-transition] start=3636828998531 frame=00000000000008B4 idx=1/3 queue=0000000031023CD0 reset=0 enable=1 recording=1 not-rendering=0 metering=0 fullscreen=0 slmode=1 known=0x17f hud=40797ed0 back=406d0cd0 real=48f242d0 interp=45bad8d0 bridge-lock=1 arm=1353->1354 result=1 disable-interp=0(known=0) foreground=1 monitors=0000000021D415E7/0000000021D415E7 cpu=23.520ms
01:36:26.305  qpc=3636829510766 [fg-transition] start=3636829509543 frame=00000000000008B4 idx=2/3 queue=0000000031023CD0 reset=0 enable=1 recording=1 not-rendering=0 metering=0 fullscreen=0 slmode=1 known=0x17f hud=40797ed0 back=406d0cd0 real=0 interp=473500d0 bridge-lock=1 arm=1354->1354 result=1 disable-interp=0(known=0) foreground=1 monitors=0000000021D415E7/0000000021D415E7 cpu=0.122ms
01:36:26.305  qpc=3636829512744 [fg-transition] start=3636829512093 frame=00000000000008B4 idx=3/3 queue=0000000031023CD0 reset=0 enable=1 recording=1 not-rendering=0 metering=0 fullscreen=0 slmode=1 known=0x17f hud=40797ed0 back=406d0cd0 real=0 interp=48f248d0 bridge-lock=1 arm=1354->1354 result=1 disable-interp=0(known=0) foreground=1 monitors=0000000021D415E7/0000000021D415E7 cpu=0.065ms
01:36:26.541  qpc=3636831862150 [fg-transition] start=3636831860461 frame=00000000000008BA idx=2/3 queue=0000000031023CD0 reset=0 enable=1 recording=1 not-rendering=0 metering=0 fullscreen=0 slmode=1 known=0x17f hud=40797ed0 back=406d0cd0 real=0 interp=473500d0 bridge-lock=1 arm=1360->1360 result=1 disable-interp=0(known=0) foreground=0 monitors=0000000021D415E7/0000000046ED07EF cpu=0.168ms
01:36:26.541  qpc=3636831866417 [fg-transition] start=3636831865343 frame=00000000000008BA idx=3/3 queue=0000000031023CD0 reset=0 enable=1 recording=1 not-rendering=0 metering=0 fullscreen=0 slmode=1 known=0x17f hud=40797ed0 back=406d0cd0 real=0 interp=48f248d0 bridge-lock=1 arm=1360->1360 result=1 disable-interp=0(known=0) foreground=0 monitors=0000000021D415E7/0000000046ED07EF cpu=0.107ms
01:36:26.542  qpc=3636831889875 [focus-fg] state: enabled=1 hooked=1 foreground=0 minimized=0 hwnd=00000000025B2E8C scope_calls=1362 original_false=938 kept=938 presents=2235 FG_evaluates=4084
01:36:26.547  qpc=3636831936213 [fg-transition] start=3636831867019 frame=00000000000008BB idx=1/3 queue=0000000031023CD0 reset=0 enable=1 recording=1 not-rendering=0 metering=0 fullscreen=0 slmode=1 known=0x17f hud=40797ed0 back=406d1ed0 real=45bad8d0 interp=48f242d0 bridge-lock=1 arm=1360->1361 result=1 disable-interp=0(known=0) foreground=0 monitors=0000000021D415E7/0000000046ED07EF cpu=6.919ms
01:36:26.578  qpc=3636832245516 [fg-transition] start=3636832243826 frame=00000000000008BB idx=2/3 queue=0000000031023CD0 reset=0 enable=1 recording=1 not-rendering=0 metering=0 fullscreen=0 slmode=1 known=0x17f hud=40797ed0 back=406d1ed0 real=0 interp=48f248d0 bridge-lock=1 arm=1361->1361 result=1 disable-interp=0(known=0) foreground=0 monitors=0000000021D415E7/0000000046ED07EF cpu=0.169ms
01:36:26.578  qpc=3636832248916 [fg-transition] start=3636832248010 frame=00000000000008BB idx=3/3 queue=0000000031023CD0 reset=0 enable=1 recording=1 not-rendering=0 metering=0 fullscreen=0 slmode=1 known=0x17f hud=40797ed0 back=406d1ed0 real=0 interp=473500d0 bridge-lock=1 arm=1361->1361 result=1 disable-interp=0(known=0) foreground=0 monitors=0000000021D415E7/0000000046ED07EF cpu=0.090ms
01:36:26.585  qpc=3636832317947 [fg-transition] start=3636832249521 frame=00000000000008BC idx=1/3 queue=0000000031023CD0 reset=0 enable=1 recording=1 not-rendering=0 metering=0 fullscreen=0 slmode=1 known=0x17f hud=40797ed0 back=406d3cd0 real=48f242d0 interp=45bad8d0 bridge-lock=1 arm=1361->1362 result=1 disable-interp=0(known=0) foreground=0 monitors=0000000021D415E7/0000000046ED07EF cpu=6.842ms
01:36:26.617  qpc=3636832628860 [fg-transition] start=3636832627600 frame=00000000000008BC idx=2/3 queue=0000000031023CD0 reset=0 enable=1 recording=1 not-rendering=0 metering=0 fullscreen=0 slmode=1 known=0x17f hud=40797ed0 back=406d3cd0 real=0 interp=473500d0 bridge-lock=1 arm=1362->1362 result=1 disable-interp=0(known=0) foreground=0 monitors=0000000021D415E7/0000000046ED07EF cpu=0.126ms
01:36:26.617  qpc=3636832631734 [fg-transition] start=3636832630905 frame=00000000000008BC idx=3/3 queue=0000000031023CD0 reset=0 enable=1 recording=1 not-rendering=0 metering=0 fullscreen=0 slmode=1 known=0x17f hud=40797ed0 back=406d3cd0 real=0 interp=48f248d0 bridge-lock=1 arm=1362->1362 result=1 disable-interp=0(known=0) foreground=0 monitors=0000000021D415E7/0000000046ED07EF cpu=0.083ms
01:36:26.626  qpc=3636832722011 [fg-transition] start=3636832632232 frame=00000000000008BD idx=1/3 queue=0000000031023CD0 reset=0 enable=1 recording=1 not-rendering=0 metering=0 fullscreen=0 slmode=1 known=0x17f hud=40797ed0 back=406d0cd0 real=45bad8d0 interp=48f242d0 bridge-lock=1 arm=1362->1363 result=1 disable-interp=0(known=0) foreground=0 monitors=0000000021D415E7/0000000046ED07EF cpu=8.978ms
01:36:26.657  qpc=3636833029184 [fg-transition] start=3636833028003 frame=00000000000008BD idx=2/3 queue=0000000031023CD0 reset=0 enable=1 recording=1 not-rendering=0 metering=0 fullscreen=0 slmode=1 known=0x17f hud=40797ed0 back=406d0cd0 real=0 interp=48f248d0 bridge-lock=1 arm=1363->1363 result=1 disable-interp=0(known=0) foreground=0 monitors=0000000021D415E7/0000000046ED07EF cpu=0.118ms
01:36:26.657  qpc=3636833031099 [fg-transition] start=3636833030466 frame=00000000000008BD idx=3/3 queue=0000000031023CD0 reset=0 enable=1 recording=1 not-rendering=0 metering=0 fullscreen=0 slmode=1 known=0x17f hud=40797ed0 back=406d0cd0 real=0 interp=473500d0 bridge-lock=1 arm=1363->1363 result=1 disable-interp=0(known=0) foreground=0 monitors=0000000021D415E7/0000000046ED07EF cpu=0.063ms
01:36:26.666  qpc=3636833111508 [fg-transition] start=3636833031529 frame=00000000000008BE idx=1/3 queue=0000000031023CD0 reset=0 enable=1 recording=1 not-rendering=0 metering=0 fullscreen=0 slmode=1 known=0x17f hud=40797ed0 back=406d1ed0 real=48f242d0 interp=45bad8d0 bridge-lock=1 arm=1363->1364 result=1 disable-interp=0(known=0) foreground=0 monitors=0000000021D415E7/0000000046ED07EF cpu=7.998ms
01:36:28.024  [fg-history] FG Reset burst starts; contract_changed=0 bridge_pending=0 foreground=0.
01:36:28.029  qpc=3636846739151 [fg-transition] start=3636846713047 frame=00000000000008EC idx=1/3 queue=00000000310228D0 reset=1 enable=1 recording=1 not-rendering=0 metering=2 fullscreen=0 slmode=1 known=0x17f hud=40797ed0 back=406d3cd0 real=48f248d0 interp=48f242d0 bridge-lock=1 arm=1396->1397 result=1 disable-interp=0(known=0) foreground=0 monitors=0000000021D415E7/0000000046ED07EF cpu=2.610ms
01:36:28.029  qpc=3636846747993 [fg-transition] start=3636846747508 frame=00000000000008EC idx=2/3 queue=00000000310228D0 reset=1 enable=1 recording=1 not-rendering=0 metering=2 fullscreen=0 slmode=1 known=0x17f hud=40797ed0 back=406d3cd0 real=0 interp=48f242d0 bridge-lock=1 arm=1397->1397 result=1 disable-interp=0(known=0) foreground=0 monitors=0000000021D415E7/0000000046ED07EF cpu=0.048ms
01:36:28.029  qpc=3636846752627 [fg-transition] start=3636846752173 frame=00000000000008EC idx=3/3 queue=00000000310228D0 reset=1 enable=1 recording=1 not-rendering=0 metering=2 fullscreen=0 slmode=1 known=0x17f hud=40797ed0 back=406d3cd0 real=0 interp=48f242d0 bridge-lock=1 arm=1397->1397 result=1 disable-interp=0(known=0) foreground=0 monitors=0000000021D415E7/0000000046ED07EF cpu=0.045ms
01:36:28.032  [fg-history] FG Reset burst ends: 1 real frames, 16 ms.
01:36:28.058  qpc=3636847030155 [fg-transition] start=3636846794199 frame=00000000000008ED idx=1/3 queue=00000000310228D0 reset=0 enable=1 recording=1 not-rendering=0 metering=2 fullscreen=0 slmode=1 known=0x17f hud=40797ed0 back=406d0cd0 real=48f242d0 interp=48f248d0 bridge-lock=1 arm=1397->1398 result=1 disable-interp=0(known=0) foreground=0 monitors=0000000021D415E7/0000000046ED07EF cpu=23.595ms
01:36:28.058  qpc=3636847036568 [fg-transition] start=3636847035683 frame=00000000000008ED idx=2/3 queue=00000000310228D0 reset=0 enable=1 recording=1 not-rendering=0 metering=2 fullscreen=0 slmode=1 known=0x17f hud=40797ed0 back=406d0cd0 real=0 interp=48f248d0 bridge-lock=1 arm=1398->1398 result=1 disable-interp=0(known=0) foreground=0 monitors=0000000021D415E7/0000000046ED07EF cpu=0.088ms
01:36:28.058  qpc=3636847037511 [fg-transition] start=3636847036965 frame=00000000000008ED idx=3/3 queue=00000000310228D0 reset=0 enable=1 recording=1 not-rendering=0 metering=2 fullscreen=0 slmode=1 known=0x17f hud=40797ed0 back=406d0cd0 real=0 interp=48f248d0 bridge-lock=1 arm=1398->1398 result=1 disable-interp=0(known=0) foreground=0 monitors=0000000021D415E7/0000000046ED07EF cpu=0.055ms
01:36:28.093  qpc=3636847384835 [fg-transition] start=3636847206154 frame=00000000000008EE idx=1/3 queue=00000000310228D0 reset=0 enable=1 recording=1 not-rendering=0 metering=2 fullscreen=0 slmode=1 known=0x17f hud=40797ed0 back=406d1ed0 real=48f248d0 interp=48f242d0 bridge-lock=1 arm=1398->1399 result=1 disable-interp=0(known=0) foreground=0 monitors=0000000021D415E7/0000000046ED07EF cpu=17.868ms
01:36:28.094  qpc=3636847387706 [fg-transition] start=3636847386611 frame=00000000000008EE idx=2/3 queue=00000000310228D0 reset=0 enable=1 recording=1 not-rendering=0 metering=2 fullscreen=0 slmode=1 known=0x17f hud=40797ed0 back=406d1ed0 real=0 interp=48f242d0 bridge-lock=1 arm=1399->1399 result=1 disable-interp=0(known=0) foreground=0 monitors=0000000021D415E7/0000000046ED07EF cpu=0.109ms
01:36:28.094  qpc=3636847389107 [fg-transition] start=3636847388220 frame=00000000000008EE idx=3/3 queue=00000000310228D0 reset=0 enable=1 recording=1 not-rendering=0 metering=2 fullscreen=0 slmode=1 known=0x17f hud=40797ed0 back=406d1ed0 real=0 interp=48f242d0 bridge-lock=1 arm=1399->1399 result=1 disable-interp=0(known=0) foreground=0 monitors=0000000021D415E7/0000000046ED07EF cpu=0.089ms
01:36:28.131  qpc=3636847763315 [fg-transition] start=3636847514761 frame=00000000000008EF idx=1/3 queue=00000000310228D0 reset=0 enable=1 recording=1 not-rendering=0 metering=2 fullscreen=0 slmode=1 known=0x17f hud=40797ed0 back=406d3cd0 real=48f242d0 interp=48f248d0 bridge-lock=1 arm=1399->1400 result=1 disable-interp=0(known=0) foreground=0 monitors=0000000021D415E7/0000000046ED07EF cpu=24.855ms
01:36:28.131  qpc=3636847771385 [fg-transition] start=3636847770401 frame=00000000000008EF idx=2/3 queue=00000000310228D0 reset=0 enable=1 recording=1 not-rendering=0 metering=2 fullscreen=0 slmode=1 known=0x17f hud=40797ed0 back=406d3cd0 real=0 interp=48f248d0 bridge-lock=1 arm=1400->1400 result=1 disable-interp=0(known=0) foreground=0 monitors=0000000021D415E7/0000000046ED07EF cpu=0.098ms
01:36:28.131  qpc=3636847775934 [fg-transition] start=3636847774945 frame=00000000000008EF idx=3/3 queue=00000000310228D0 reset=0 enable=1 recording=1 not-rendering=0 metering=2 fullscreen=0 slmode=1 known=0x17f hud=40797ed0 back=406d3cd0 real=0 interp=48f248d0 bridge-lock=1 arm=1400->1400 result=1 disable-interp=0(known=0) foreground=0 monitors=0000000021D415E7/0000000046ED07EF cpu=0.099ms
01:36:36.573  qpc=3636932190576 [fg-transition] start=3636932143918 frame=00000000000009BF idx=1/3 queue=00000000310228D0 reset=0 enable=1 recording=1 not-rendering=0 metering=2 fullscreen=0 slmode=1 known=0x17f hud=40797ed0 back=406d0cd0 real=48f242d0 interp=48f248d0 bridge-lock=1 arm=1607->1608 result=1 disable-interp=0(known=0) foreground=1 monitors=0000000021D415E7/0000000021D415E7 cpu=4.665ms
01:36:36.579  qpc=3636932244383 [fg-transition] start=3636932243172 frame=00000000000009BF idx=2/3 queue=00000000310228D0 reset=0 enable=1 recording=1 not-rendering=0 metering=2 fullscreen=0 slmode=1 known=0x17f hud=40797ed0 back=406d0cd0 real=0 interp=48f248d0 bridge-lock=1 arm=1608->1608 result=1 disable-interp=0(known=0) foreground=1 monitors=0000000021D415E7/0000000021D415E7 cpu=0.121ms
01:36:36.579  qpc=3636932252317 [fg-transition] start=3636932250955 frame=00000000000009BF idx=3/3 queue=00000000310228D0 reset=0 enable=1 recording=1 not-rendering=0 metering=2 fullscreen=0 slmode=1 known=0x17f hud=40797ed0 back=406d0cd0 real=0 interp=48f248d0 bridge-lock=1 arm=1608->1608 result=1 disable-interp=0(known=0) foreground=1 monitors=0000000021D415E7/0000000021D415E7 cpu=0.136ms
01:36:36.614  qpc=3636932598131 [fg-transition] start=3636932336973 frame=00000000000009C0 idx=1/3 queue=00000000310228D0 reset=0 enable=1 recording=1 not-rendering=0 metering=2 fullscreen=0 slmode=1 known=0x17f hud=40797ed0 back=406d1ed0 real=48f248d0 interp=48f242d0 bridge-lock=1 arm=1608->1609 result=1 disable-interp=0(known=0) foreground=1 monitors=0000000021D415E7/0000000021D415E7 cpu=26.116ms
01:36:36.617  qpc=3636932624307 [fg-transition] start=3636932623287 frame=00000000000009C0 idx=2/3 queue=00000000310228D0 reset=0 enable=1 recording=1 not-rendering=0 metering=2 fullscreen=0 slmode=1 known=0x17f hud=40797ed0 back=406d1ed0 real=0 interp=48f242d0 bridge-lock=1 arm=1609->1609 result=1 disable-interp=0(known=0) foreground=1 monitors=0000000021D415E7/0000000021D415E7 cpu=0.102ms
01:36:36.657  qpc=3636933030339 [fg-transition] start=3636933028967 frame=00000000000009C0 idx=3/3 queue=00000000310228D0 reset=0 enable=1 recording=1 not-rendering=0 metering=2 fullscreen=0 slmode=1 known=0x17f hud=40797ed0 back=406d1ed0 real=0 interp=48f242d0 bridge-lock=1 arm=1609->1609 result=1 disable-interp=0(known=0) foreground=1 monitors=0000000021D415E7/0000000021D415E7 cpu=0.137ms
01:36:36.660  qpc=3636933057507 [fg-transition] start=3636933039513 frame=00000000000009C1 idx=1/3 queue=00000000310228D0 reset=0 enable=1 recording=1 not-rendering=0 metering=2 fullscreen=0 slmode=1 known=0x17f hud=40797ed0 back=406d3cd0 real=48f242d0 interp=48f248d0 bridge-lock=1 arm=1609->1610 result=1 disable-interp=0(known=0) foreground=1 monitors=0000000021D415E7/0000000021D415E7 cpu=1.799ms
01:36:36.660  qpc=3636933063945 [fg-transition] start=3636933062893 frame=00000000000009C1 idx=2/3 queue=00000000310228D0 reset=0 enable=1 recording=1 not-rendering=0 metering=2 fullscreen=0 slmode=1 known=0x17f hud=40797ed0 back=406d3cd0 real=0 interp=48f248d0 bridge-lock=1 arm=1610->1610 result=1 disable-interp=0(known=0) foreground=1 monitors=0000000021D415E7/0000000021D415E7 cpu=0.105ms
01:36:36.660  qpc=3636933068020 [fg-transition] start=3636933067066 frame=00000000000009C1 idx=3/3 queue=00000000310228D0 reset=0 enable=1 recording=1 not-rendering=0 metering=2 fullscreen=0 slmode=1 known=0x17f hud=40797ed0 back=406d3cd0 real=0 interp=48f248d0 bridge-lock=1 arm=1610->1610 result=1 disable-interp=0(known=0) foreground=1 monitors=0000000021D415E7/0000000021D415E7 cpu=0.095ms
01:36:36.696  qpc=3636933404091 [fg-transition] start=3636933129311 frame=00000000000009C2 idx=1/3 queue=00000000310228D0 reset=0 enable=1 recording=1 not-rendering=0 metering=2 fullscreen=0 slmode=1 known=0x17f hud=40797ed0 back=406d0cd0 real=48f248d0 interp=48f242d0 bridge-lock=1 arm=1610->1611 result=1 disable-interp=0(known=0) foreground=1 monitors=0000000021D415E7/0000000021D415E7 cpu=27.478ms
01:36:36.696  qpc=3636933433148 [fg-transition] start=3636933432086 frame=00000000000009C2 idx=2/3 queue=00000000310228D0 reset=0 enable=1 recording=1 not-rendering=0 metering=2 fullscreen=0 slmode=1 known=0x17f hud=40797ed0 back=406d0cd0 real=0 interp=48f242d0 bridge-lock=1 arm=1611->1611 result=1 disable-interp=0(known=0) foreground=1 monitors=0000000021D415E7/0000000021D415E7 cpu=0.106ms
01:36:36.696  qpc=3636933435515 [focus-fg] state: enabled=1 hooked=1 foreground=1 minimized=0 hwnd=00000000025B2E8C scope_calls=1612 original_false=1184 kept=1184 presents=2498 FG_evaluates=4835
01:36:36.696  qpc=3636933438528 [fg-transition] start=3636933437496 frame=00000000000009C2 idx=3/3 queue=00000000310228D0 reset=0 enable=1 recording=1 not-rendering=0 metering=2 fullscreen=0 slmode=1 known=0x17f hud=40797ed0 back=406d0cd0 real=0 interp=48f242d0 bridge-lock=1 arm=1611->1611 result=1 disable-interp=0(known=0) foreground=1 monitors=0000000021D415E7/0000000021D415E7 cpu=0.103ms
01:36:37.277  [fg-history] FG Reset burst starts; contract_changed=0 bridge_pending=0 foreground=1.
01:36:37.282  qpc=3636939271786 [fg-transition] start=3636939236732 frame=00000000000009D9 idx=1/3 queue=0000000031023CD0 reset=1 enable=1 recording=1 not-rendering=0 metering=0 fullscreen=0 slmode=1 known=0x17f hud=40797ed0 back=406d3cd0 real=45be42d0 interp=48f242d0 bridge-lock=1 arm=1622->1623 result=1 disable-interp=0(known=0) foreground=1 monitors=0000000021D415E7/0000000021D415E7 cpu=3.505ms
01:36:37.282  qpc=3636939274456 [fg-transition] start=3636939274110 frame=00000000000009D9 idx=2/3 queue=0000000031023CD0 reset=1 enable=1 recording=1 not-rendering=0 metering=0 fullscreen=0 slmode=1 known=0x17f hud=40797ed0 back=406d3cd0 real=0 interp=48f248d0 bridge-lock=1 arm=1623->1623 result=1 disable-interp=0(known=0) foreground=1 monitors=0000000021D415E7/0000000021D415E7 cpu=0.035ms
01:36:37.282  qpc=3636939275131 [fg-transition] start=3636939274920 frame=00000000000009D9 idx=3/3 queue=0000000031023CD0 reset=1 enable=1 recording=1 not-rendering=0 metering=0 fullscreen=0 slmode=1 known=0x17f hud=40797ed0 back=406d3cd0 real=0 interp=45be0cd0 bridge-lock=1 arm=1623->1623 result=1 disable-interp=0(known=0) foreground=1 monitors=0000000021D415E7/0000000021D415E7 cpu=0.021ms
01:36:37.282  [fg-history] FG Reset burst ends: 1 real frames, 16 ms.
01:36:37.306  qpc=3636939521248 [fg-transition] start=3636939301574 frame=00000000000009DA idx=1/3 queue=0000000031023CD0 reset=0 enable=1 recording=1 not-rendering=0 metering=0 fullscreen=0 slmode=1 known=0x17f hud=40797ed0 back=406d0cd0 real=48f242d0 interp=45be42d0 bridge-lock=1 arm=1623->1624 result=1 disable-interp=0(known=0) foreground=1 monitors=0000000021D415E7/0000000021D415E7 cpu=21.967ms
01:36:37.307  qpc=3636939541153 [fg-transition] start=3636939540140 frame=00000000000009DA idx=2/3 queue=0000000031023CD0 reset=0 enable=1 recording=1 not-rendering=0 metering=0 fullscreen=0 slmode=1 known=0x17f hud=40797ed0 back=406d0cd0 real=0 interp=45be0cd0 bridge-lock=1 arm=1624->1624 result=1 disable-interp=0(known=0) foreground=1 monitors=0000000021D415E7/0000000021D415E7 cpu=0.101ms
01:36:37.307  qpc=3636939542161 [fg-transition] start=3636939541569 frame=00000000000009DA idx=3/3 queue=0000000031023CD0 reset=0 enable=1 recording=1 not-rendering=0 metering=0 fullscreen=0 slmode=1 known=0x17f hud=40797ed0 back=406d0cd0 real=0 interp=48f248d0 bridge-lock=1 arm=1624->1624 result=1 disable-interp=0(known=0) foreground=1 monitors=0000000021D415E7/0000000021D415E7 cpu=0.059ms
01:36:37.340  qpc=3636939861912 [fg-transition] start=3636939622758 frame=00000000000009DB idx=1/3 queue=0000000031023CD0 reset=0 enable=1 recording=1 not-rendering=0 metering=0 fullscreen=0 slmode=1 known=0x17f hud=40797ed0 back=406d1ed0 real=45be42d0 interp=48f242d0 bridge-lock=1 arm=1624->1625 result=1 disable-interp=0(known=0) foreground=1 monitors=0000000021D415E7/0000000021D415E7 cpu=23.915ms
01:36:37.352  qpc=3636939976976 [fg-transition] start=3636939975871 frame=00000000000009DB idx=2/3 queue=0000000031023CD0 reset=0 enable=1 recording=1 not-rendering=0 metering=0 fullscreen=0 slmode=1 known=0x17f hud=40797ed0 back=406d1ed0 real=0 interp=48f248d0 bridge-lock=1 arm=1625->1625 result=1 disable-interp=0(known=0) foreground=1 monitors=0000000021D415E7/0000000021D415E7 cpu=0.110ms
01:36:37.352  qpc=3636939978900 [fg-transition] start=3636939978288 frame=00000000000009DB idx=3/3 queue=0000000031023CD0 reset=0 enable=1 recording=1 not-rendering=0 metering=0 fullscreen=0 slmode=1 known=0x17f hud=40797ed0 back=406d1ed0 real=0 interp=45be0cd0 bridge-lock=1 arm=1625->1625 result=1 disable-interp=0(known=0) foreground=1 monitors=0000000021D415E7/0000000021D415E7 cpu=0.061ms
01:36:37.377  qpc=3636940232098 [fg-transition] start=3636939993567 frame=00000000000009DC idx=1/3 queue=0000000031023CD0 reset=0 enable=1 recording=1 not-rendering=0 metering=0 fullscreen=0 slmode=1 known=0x17f hud=40797ed0 back=406d3cd0 real=48f242d0 interp=45be42d0 bridge-lock=1 arm=1625->1626 result=1 disable-interp=0(known=0) foreground=1 monitors=0000000021D415E7/0000000021D415E7 cpu=23.853ms
01:36:37.406  qpc=3636940523019 [fg-transition] start=3636940521900 frame=00000000000009DC idx=2/3 queue=0000000031023CD0 reset=0 enable=1 recording=1 not-rendering=0 metering=0 fullscreen=0 slmode=1 known=0x17f hud=40797ed0 back=406d3cd0 real=0 interp=45be0cd0 bridge-lock=1 arm=1626->1626 result=1 disable-interp=0(known=0) foreground=1 monitors=0000000021D415E7/0000000021D415E7 cpu=0.112ms
01:36:37.406  qpc=3636940525027 [fg-transition] start=3636940524379 frame=00000000000009DC idx=3/3 queue=0000000031023CD0 reset=0 enable=1 recording=1 not-rendering=0 metering=0 fullscreen=0 slmode=1 known=0x17f hud=40797ed0 back=406d3cd0 real=0 interp=48f248d0 bridge-lock=1 arm=1626->1626 result=1 disable-interp=0(known=0) foreground=1 monitors=0000000021D415E7/0000000021D415E7 cpu=0.065ms
01:36:38.381  qpc=3636950273524 [fg-transition] start=3636950272296 frame=00000000000009F5 idx=2/3 queue=0000000031023CD0 reset=0 enable=1 recording=1 not-rendering=0 metering=0 fullscreen=0 slmode=1 known=0x17f hud=40797ed0 back=406d0cd0 real=0 interp=48f248d0 bridge-lock=1 arm=1651->1651 result=1 disable-interp=0(known=0) foreground=0 monitors=0000000021D415E7/0000000046ED07EF cpu=0.122ms
01:36:38.381  qpc=3636950275634 [fg-transition] start=3636950274975 frame=00000000000009F5 idx=3/3 queue=0000000031023CD0 reset=0 enable=1 recording=1 not-rendering=0 metering=0 fullscreen=0 slmode=1 known=0x17f hud=40797ed0 back=406d0cd0 real=0 interp=45be0cd0 bridge-lock=1 arm=1651->1651 result=1 disable-interp=0(known=0) foreground=0 monitors=0000000021D415E7/0000000046ED07EF cpu=0.066ms
01:36:38.388  qpc=3636950347253 [fg-transition] start=3636950287982 frame=00000000000009F6 idx=1/3 queue=0000000031023CD0 reset=0 enable=1 recording=1 not-rendering=0 metering=0 fullscreen=0 slmode=1 known=0x17f hud=40797ed0 back=406d1ed0 real=48f242d0 interp=45be42d0 bridge-lock=1 arm=1651->1652 result=1 disable-interp=0(known=0) foreground=0 monitors=0000000021D415E7/0000000046ED07EF cpu=5.927ms
01:36:38.420  qpc=3636950653733 [fg-transition] start=3636950652500 frame=00000000000009F6 idx=2/3 queue=0000000031023CD0 reset=0 enable=1 recording=1 not-rendering=0 metering=0 fullscreen=0 slmode=1 known=0x17f hud=40797ed0 back=406d1ed0 real=0 interp=45be0cd0 bridge-lock=1 arm=1652->1652 result=1 disable-interp=0(known=0) foreground=0 monitors=0000000021D415E7/0000000046ED07EF cpu=0.123ms
01:36:38.420  qpc=3636950655720 [fg-transition] start=3636950655102 frame=00000000000009F6 idx=3/3 queue=0000000031023CD0 reset=0 enable=1 recording=1 not-rendering=0 metering=0 fullscreen=0 slmode=1 known=0x17f hud=40797ed0 back=406d1ed0 real=0 interp=48f248d0 bridge-lock=1 arm=1652->1652 result=1 disable-interp=0(known=0) foreground=0 monitors=0000000021D415E7/0000000046ED07EF cpu=0.062ms
01:36:38.427  qpc=3636950720377 [fg-transition] start=3636950656165 frame=00000000000009F7 idx=1/3 queue=0000000031023CD0 reset=0 enable=1 recording=1 not-rendering=0 metering=0 fullscreen=0 slmode=1 known=0x17f hud=40797ed0 back=406d3cd0 real=45be42d0 interp=48f242d0 bridge-lock=1 arm=1652->1653 result=1 disable-interp=0(known=0) foreground=0 monitors=0000000021D415E7/0000000046ED07EF cpu=6.421ms
01:36:38.457  qpc=3636951029118 [fg-transition] start=3636951027905 frame=00000000000009F7 idx=2/3 queue=0000000031023CD0 reset=0 enable=1 recording=1 not-rendering=0 metering=0 fullscreen=0 slmode=1 known=0x17f hud=40797ed0 back=406d3cd0 real=0 interp=48f248d0 bridge-lock=1 arm=1653->1653 result=1 disable-interp=0(known=0) foreground=0 monitors=0000000021D415E7/0000000046ED07EF cpu=0.121ms
01:36:38.457  qpc=3636951031200 [fg-transition] start=3636951030546 frame=00000000000009F7 idx=3/3 queue=0000000031023CD0 reset=0 enable=1 recording=1 not-rendering=0 metering=0 fullscreen=0 slmode=1 known=0x17f hud=40797ed0 back=406d3cd0 real=0 interp=45be0cd0 bridge-lock=1 arm=1653->1653 result=1 disable-interp=0(known=0) foreground=0 monitors=0000000021D415E7/0000000046ED07EF cpu=0.065ms
01:36:38.465  qpc=3636951115188 [fg-transition] start=3636951031678 frame=00000000000009F8 idx=1/3 queue=0000000031023CD0 reset=0 enable=1 recording=1 not-rendering=0 metering=0 fullscreen=0 slmode=1 known=0x17f hud=40797ed0 back=406d0cd0 real=48f242d0 interp=45be42d0 bridge-lock=1 arm=1653->1654 result=1 disable-interp=0(known=0) foreground=0 monitors=0000000021D415E7/0000000046ED07EF cpu=8.351ms
01:36:38.496  qpc=3636951424569 [fg-transition] start=3636951423189 frame=00000000000009F8 idx=2/3 queue=0000000031023CD0 reset=0 enable=1 recording=1 not-rendering=0 metering=0 fullscreen=0 slmode=1 known=0x17f hud=40797ed0 back=406d0cd0 real=0 interp=45be0cd0 bridge-lock=1 arm=1654->1654 result=1 disable-interp=0(known=0) foreground=0 monitors=0000000021D415E7/0000000046ED07EF cpu=0.137ms
01:36:38.497  qpc=3636951426985 [fg-transition] start=3636951426275 frame=00000000000009F8 idx=3/3 queue=0000000031023CD0 reset=0 enable=1 recording=1 not-rendering=0 metering=0 fullscreen=0 slmode=1 known=0x17f hud=40797ed0 back=406d0cd0 real=0 interp=48f248d0 bridge-lock=1 arm=1654->1654 result=1 disable-interp=0(known=0) foreground=0 monitors=0000000021D415E7/0000000046ED07EF cpu=0.071ms
01:36:38.504  qpc=3636951497746 [fg-transition] start=3636951445961 frame=00000000000009F9 idx=1/3 queue=0000000031023CD0 reset=0 enable=1 recording=1 not-rendering=0 metering=0 fullscreen=0 slmode=1 known=0x17f hud=40797ed0 back=406d1ed0 real=45be42d0 interp=48f242d0 bridge-lock=1 arm=1654->1655 result=1 disable-interp=0(known=0) foreground=0 monitors=0000000021D415E7/0000000046ED07EF cpu=5.178ms
01:36:38.709  qpc=3636953567222 [focus-fg] state: enabled=1 hooked=1 foreground=0 minimized=0 hwnd=00000000025B2E8C scope_calls=1662 original_false=1194 kept=1194 presents=2559 FG_evaluates=4981
01:36:39.630  [fg-relay] rate/15.0s p2 import_opt=1: presents=27.9/s present-gate[point=27.9 ready=0.0 fallback=0.0 inactive=0.0]/s noinfo=0.0/s stale=0.0/s unlearned=0.0/s attempts=24.5/s armed=24.5/s skipped=0.0/s busy=0.0/s arm-reject[state=0.0 request=0.0 refused=0.0 stopping=0.0 res=0.0 size=0.0]/s pool[cap=0.0 family=0.0 create=0.0 alloc=0.0]/s copy-drop[fence=0.0 reset=0.0 begin=0.0 end=0.0 submit=0.0]/s cf[seq=0.0/s idle=0.0/s nrfence=0.0/s] slotbusy=0.0/s copyfence-busy=0.0/s nr-gpuwait=16.9/s flips=0.0/s
01:36:39.630  [fg-relay] rate2: fginput eval=73.4/s index!=1=48.9/s eval-gate[off=0.0 fallback=0.0 notready=0.0 noinput=0.0 noqueue=0.0]/s relay eval=24.5/s consume=0.0/s inplace=24.5/s(ok 24.5/s) unarmed=0.0/s mismatch=0.0/s relbusy=0.0/s relok=24.5/s relfail=0.0/s release-stage[queue=0.0 pool=0.0 fence=0.0 reset=0.0 begin=0.0 end=0.0 submit=0.0]/s watchdog=0.0/s | worker plays=24.5/s ok=24.5/s fail=0.0/s nr_absent=0.0/s copyfail=0.0/s
01:36:39.630  [fg-relay] rate3: arm->arm avg=42.52ms max=1961.26ms n=1684 | arm->work avg=0.01ms max=0.68ms | arm->eval avg=0.00ms max=0.00ms | copywait avg=0.008ms max=0.145ms | copy-land<= avg=59.59ms max=1960.89ms | work avg=11.92ms max=221.78ms | totals armed=1685 unarmed=0 skipped=0 busy=0 mismatch=0 copies_failed=0 writes=1685 conflicts=0
01:36:39.630  [fg-relay] rate4: throttle depth=1 off=0 | sleep calls=27.9/s waits=23.9/s clear=4.0/s timeouts=0.0/s avg=30.31ms | present calls=27.9/s waits=0.0/s clear=0.0/s timeouts=0.0/s avg=0.00ms | max=111.97ms (process)
01:36:39.816  [fg-history] FG Reset burst starts; contract_changed=0 bridge_pending=0 foreground=0.
01:36:39.821  qpc=3636964664547 [fg-transition] start=3636964632792 frame=0000000000000A28 idx=1/3 queue=00000000310228D0 reset=1 enable=1 recording=1 not-rendering=0 metering=2 fullscreen=0 slmode=1 known=0x17f hud=40797ed0 back=406d0cd0 real=48f248d0 interp=48f242d0 bridge-lock=1 arm=1686->1687 result=1 disable-interp=0(known=0) foreground=0 monitors=0000000021D415E7/0000000046ED07EF cpu=3.175ms
01:36:39.822  qpc=3636964669550 [fg-transition] start=3636964669274 frame=0000000000000A28 idx=2/3 queue=00000000310228D0 reset=1 enable=1 recording=1 not-rendering=0 metering=2 fullscreen=0 slmode=1 known=0x17f hud=40797ed0 back=406d0cd0 real=0 interp=48f242d0 bridge-lock=1 arm=1687->1687 result=1 disable-interp=0(known=0) foreground=0 monitors=0000000021D415E7/0000000046ED07EF cpu=0.028ms
01:36:39.822  qpc=3636964672479 [fg-transition] start=3636964672265 frame=0000000000000A28 idx=3/3 queue=00000000310228D0 reset=1 enable=1 recording=1 not-rendering=0 metering=2 fullscreen=0 slmode=1 known=0x17f hud=40797ed0 back=406d0cd0 real=0 interp=48f242d0 bridge-lock=1 arm=1687->1687 result=1 disable-interp=0(known=0) foreground=0 monitors=0000000021D415E7/0000000046ED07EF cpu=0.021ms
01:36:39.824  [fg-history] FG Reset burst ends: 1 real frames, 0 ms.
01:36:39.847  qpc=3636964923613 [fg-transition] start=3636964715680 frame=0000000000000A29 idx=1/3 queue=00000000310228D0 reset=0 enable=1 recording=1 not-rendering=0 metering=2 fullscreen=0 slmode=1 known=0x17f hud=40797ed0 back=406d1ed0 real=48f242d0 interp=48f248d0 bridge-lock=1 arm=1687->1688 result=1 disable-interp=0(known=0) foreground=0 monitors=0000000021D415E7/0000000046ED07EF cpu=20.793ms
01:36:39.847  qpc=3636964931397 [fg-transition] start=3636964930213 frame=0000000000000A29 idx=2/3 queue=00000000310228D0 reset=0 enable=1 recording=1 not-rendering=0 metering=2 fullscreen=0 slmode=1 known=0x17f hud=40797ed0 back=406d1ed0 real=0 interp=48f248d0 bridge-lock=1 arm=1688->1688 result=1 disable-interp=0(known=0) foreground=0 monitors=0000000021D415E7/0000000046ED07EF cpu=0.118ms
01:36:39.847  qpc=3636964933854 [fg-transition] start=3636964933177 frame=0000000000000A29 idx=3/3 queue=00000000310228D0 reset=0 enable=1 recording=1 not-rendering=0 metering=2 fullscreen=0 slmode=1 known=0x17f hud=40797ed0 back=406d1ed0 real=0 interp=48f248d0 bridge-lock=1 arm=1688->1688 result=1 disable-interp=0(known=0) foreground=0 monitors=0000000021D415E7/0000000046ED07EF cpu=0.068ms
01:36:39.879  qpc=3636965249003 [fg-transition] start=3636965045974 frame=0000000000000A2A idx=1/3 queue=00000000310228D0 reset=0 enable=1 recording=1 not-rendering=0 metering=2 fullscreen=0 slmode=1 known=0x17f hud=40797ed0 back=406d3cd0 real=48f248d0 interp=48f242d0 bridge-lock=1 arm=1688->1689 result=1 disable-interp=0(known=0) foreground=0 monitors=0000000021D415E7/0000000046ED07EF cpu=20.302ms
01:36:39.880  qpc=3636965252650 [fg-transition] start=3636965251673 frame=0000000000000A2A idx=2/3 queue=00000000310228D0 reset=0 enable=1 recording=1 not-rendering=0 metering=2 fullscreen=0 slmode=1 known=0x17f hud=40797ed0 back=406d3cd0 real=0 interp=48f242d0 bridge-lock=1 arm=1689->1689 result=1 disable-interp=0(known=0) foreground=0 monitors=0000000021D415E7/0000000046ED07EF cpu=0.098ms
01:36:39.880  qpc=3636965253787 [fg-transition] start=3636965253186 frame=0000000000000A2A idx=3/3 queue=00000000310228D0 reset=0 enable=1 recording=1 not-rendering=0 metering=2 fullscreen=0 slmode=1 known=0x17f hud=40797ed0 back=406d3cd0 real=0 interp=48f242d0 bridge-lock=1 arm=1689->1689 result=1 disable-interp=0(known=0) foreground=0 monitors=0000000021D415E7/0000000046ED07EF cpu=0.060ms
01:36:39.914  qpc=3636965598531 [fg-transition] start=3636965387838 frame=0000000000000A2B idx=1/3 queue=00000000310228D0 reset=0 enable=1 recording=1 not-rendering=0 metering=2 fullscreen=0 slmode=1 known=0x17f hud=40797ed0 back=406d0cd0 real=48f242d0 interp=48f248d0 bridge-lock=1 arm=1689->1690 result=1 disable-interp=0(known=0) foreground=0 monitors=0000000021D415E7/0000000046ED07EF cpu=21.069ms
01:36:39.914  qpc=3636965605687 [fg-transition] start=3636965604740 frame=0000000000000A2B idx=2/3 queue=00000000310228D0 reset=0 enable=1 recording=1 not-rendering=0 metering=2 fullscreen=0 slmode=1 known=0x17f hud=40797ed0 back=406d0cd0 real=0 interp=48f248d0 bridge-lock=1 arm=1690->1690 result=1 disable-interp=0(known=0) foreground=0 monitors=0000000021D415E7/0000000046ED07EF cpu=0.095ms
01:36:39.914  qpc=3636965610647 [fg-transition] start=3636965609471 frame=0000000000000A2B idx=3/3 queue=00000000310228D0 reset=0 enable=1 recording=1 not-rendering=0 metering=2 fullscreen=0 slmode=1 known=0x17f hud=40797ed0 back=406d0cd0 real=0 interp=48f248d0 bridge-lock=1 arm=1690->1690 result=1 disable-interp=0(known=0) foreground=0 monitors=0000000021D415E7/0000000046ED07EF cpu=0.117ms
01:36:41.049  qpc=3636976945211 [fg-transition] start=3636976865677 frame=0000000000000A47 idx=1/3 queue=00000000310228D0 reset=0 enable=1 recording=1 not-rendering=0 metering=2 fullscreen=0 slmode=1 known=0x17f hud=40797ed0 back=406d1ed0 real=48f242d0 interp=48f248d0 bridge-lock=1 arm=1717->1718 result=1 disable-interp=0(known=0) foreground=1 monitors=0000000021D415E7/0000000021D415E7 cpu=7.953ms
01:36:41.054  qpc=3636976995073 [fg-transition] start=3636976993584 frame=0000000000000A47 idx=2/3 queue=00000000310228D0 reset=0 enable=1 recording=1 not-rendering=0 metering=2 fullscreen=0 slmode=1 known=0x17f hud=40797ed0 back=406d1ed0 real=0 interp=48f248d0 bridge-lock=1 arm=1718->1718 result=1 disable-interp=0(known=0) foreground=1 monitors=0000000021D415E7/0000000021D415E7 cpu=0.149ms
01:36:41.054  qpc=3636977001186 [fg-transition] start=3636976999909 frame=0000000000000A47 idx=3/3 queue=00000000310228D0 reset=0 enable=1 recording=1 not-rendering=0 metering=2 fullscreen=0 slmode=1 known=0x17f hud=40797ed0 back=406d1ed0 real=0 interp=48f248d0 bridge-lock=1 arm=1718->1718 result=1 disable-interp=0(known=0) foreground=1 monitors=0000000021D415E7/0000000021D415E7 cpu=0.126ms
01:36:41.089  qpc=3636977344258 [fg-transition] start=3636977105522 frame=0000000000000A48 idx=1/3 queue=00000000310228D0 reset=0 enable=1 recording=1 not-rendering=0 metering=2 fullscreen=0 slmode=1 known=0x17f hud=40797ed0 back=406d3cd0 real=48f248d0 interp=48f242d0 bridge-lock=1 arm=1718->1719 result=1 disable-interp=0(known=0) foreground=1 monitors=0000000021D415E7/0000000021D415E7 cpu=23.873ms
01:36:41.091  qpc=3636977370829 [fg-transition] start=3636977369854 frame=0000000000000A48 idx=2/3 queue=00000000310228D0 reset=0 enable=1 recording=1 not-rendering=0 metering=2 fullscreen=0 slmode=1 known=0x17f hud=40797ed0 back=406d3cd0 real=0 interp=48f242d0 bridge-lock=1 arm=1719->1719 result=1 disable-interp=0(known=0) foreground=1 monitors=0000000021D415E7/0000000021D415E7 cpu=0.097ms
01:36:41.091  qpc=3636977375263 [fg-transition] start=3636977374405 frame=0000000000000A48 idx=3/3 queue=00000000310228D0 reset=0 enable=1 recording=1 not-rendering=0 metering=2 fullscreen=0 slmode=1 known=0x17f hud=40797ed0 back=406d3cd0 real=0 interp=48f242d0 bridge-lock=1 arm=1719->1719 result=1 disable-interp=0(known=0) foreground=1 monitors=0000000021D415E7/0000000021D415E7 cpu=0.086ms
01:36:41.130  qpc=3636977752084 [fg-transition] start=3636977489888 frame=0000000000000A49 idx=1/3 queue=00000000310228D0 reset=0 enable=1 recording=1 not-rendering=0 metering=2 fullscreen=0 slmode=1 known=0x17f hud=40797ed0 back=406d0cd0 real=48f242d0 interp=48f248d0 bridge-lock=1 arm=1719->1720 result=1 disable-interp=0(known=0) foreground=1 monitors=0000000021D415E7/0000000021D415E7 cpu=26.219ms
01:36:41.135  qpc=3636977798836 [fg-transition] start=3636977797709 frame=0000000000000A49 idx=2/3 queue=00000000310228D0 reset=0 enable=1 recording=1 not-rendering=0 metering=2 fullscreen=0 slmode=1 known=0x17f hud=40797ed0 back=406d0cd0 real=0 interp=48f248d0 bridge-lock=1 arm=1720->1720 result=1 disable-interp=0(known=0) foreground=1 monitors=0000000021D415E7/0000000021D415E7 cpu=0.113ms
01:36:41.137  qpc=3636977829702 [fg-transition] start=3636977828143 frame=0000000000000A49 idx=3/3 queue=00000000310228D0 reset=0 enable=1 recording=1 not-rendering=0 metering=2 fullscreen=0 slmode=1 known=0x17f hud=40797ed0 back=406d0cd0 real=0 interp=48f248d0 bridge-lock=1 arm=1720->1720 result=1 disable-interp=0(known=0) foreground=1 monitors=0000000021D415E7/0000000021D415E7 cpu=0.156ms
01:36:41.170  qpc=3636978161145 [fg-transition] start=3636977915132 frame=0000000000000A4A idx=1/3 queue=00000000310228D0 reset=0 enable=1 recording=1 not-rendering=0 metering=2 fullscreen=0 slmode=1 known=0x17f hud=40797ed0 back=406d1ed0 real=48f248d0 interp=48f242d0 bridge-lock=1 arm=1720->1721 result=1 disable-interp=0(known=0) foreground=1 monitors=0000000021D415E7/0000000021D415E7 cpu=24.601ms
01:36:41.172  qpc=3636978186906 [fg-transition] start=3636978185810 frame=0000000000000A4A idx=2/3 queue=00000000310228D0 reset=0 enable=1 recording=1 not-rendering=0 metering=2 fullscreen=0 slmode=1 known=0x17f hud=40797ed0 back=406d1ed0 real=0 interp=48f242d0 bridge-lock=1 arm=1721->1721 result=1 disable-interp=0(known=0) foreground=1 monitors=0000000021D415E7/0000000021D415E7 cpu=0.109ms
01:36:41.173  qpc=3636978191541 [fg-transition] start=3636978190767 frame=0000000000000A4A idx=3/3 queue=00000000310228D0 reset=0 enable=1 recording=1 not-rendering=0 metering=2 fullscreen=0 slmode=1 known=0x17f hud=40797ed0 back=406d1ed0 real=0 interp=48f242d0 bridge-lock=1 arm=1721->1721 result=1 disable-interp=0(known=0) foreground=1 monitors=0000000021D415E7/0000000021D415E7 cpu=0.077ms
01:36:41.744  qpc=3636983914577 [focus-fg] state: enabled=1 hooked=1 foreground=1 minimized=0 hwnd=00000000025B2E8C scope_calls=1733 original_false=1250 kept=1250 presents=2655 FG_evaluates=5199
01:36:41.757  [fg-history] FG Reset burst starts; contract_changed=0 bridge_pending=0 foreground=1.
01:36:41.761  qpc=3636984072076 [fg-transition] start=3636984037529 frame=0000000000000A60 idx=1/3 queue=0000000031023CD0 reset=1 enable=1 recording=1 not-rendering=0 metering=0 fullscreen=0 slmode=1 known=0x17f hud=40797ed0 back=406d3cd0 real=45b7c6d0 interp=48f242d0 bridge-lock=1 arm=1732->1733 result=1 disable-interp=0(known=0) foreground=1 monitors=0000000021D415E7/0000000021D415E7 cpu=3.454ms
01:36:41.761  qpc=3636984074394 [fg-transition] start=3636984074128 frame=0000000000000A60 idx=2/3 queue=0000000031023CD0 reset=1 enable=1 recording=1 not-rendering=0 metering=0 fullscreen=0 slmode=1 known=0x17f hud=40797ed0 back=406d3cd0 real=0 interp=48f248d0 bridge-lock=1 arm=1733->1733 result=1 disable-interp=0(known=0) foreground=1 monitors=0000000021D415E7/0000000021D415E7 cpu=0.026ms
01:36:41.762  qpc=3636984074872 [fg-transition] start=3636984074727 frame=0000000000000A60 idx=3/3 queue=0000000031023CD0 reset=1 enable=1 recording=1 not-rendering=0 metering=0 fullscreen=0 slmode=1 known=0x17f hud=40797ed0 back=406d3cd0 real=0 interp=456a3cd0 bridge-lock=1 arm=1733->1733 result=1 disable-interp=0(known=0) foreground=1 monitors=0000000021D415E7/0000000021D415E7 cpu=0.014ms
01:36:41.767  [fg-history] FG Reset burst ends: 1 real frames, 15 ms.
01:36:41.786  qpc=3636984320303 [fg-transition] start=3636984150441 frame=0000000000000A61 idx=1/3 queue=0000000031023CD0 reset=0 enable=1 recording=1 not-rendering=0 metering=0 fullscreen=0 slmode=1 known=0x17f hud=40797ed0 back=406d0cd0 real=48f242d0 interp=45b7c6d0 bridge-lock=1 arm=1733->1734 result=1 disable-interp=0(known=0) foreground=1 monitors=0000000021D415E7/0000000021D415E7 cpu=16.986ms
01:36:41.786  qpc=3636984336330 [fg-transition] start=3636984335416 frame=0000000000000A61 idx=2/3 queue=0000000031023CD0 reset=0 enable=1 recording=1 not-rendering=0 metering=0 fullscreen=0 slmode=1 known=0x17f hud=40797ed0 back=406d0cd0 real=0 interp=456a3cd0 bridge-lock=1 arm=1734->1734 result=1 disable-interp=0(known=0) foreground=1 monitors=0000000021D415E7/0000000021D415E7 cpu=0.091ms
01:36:41.787  qpc=3636984337352 [fg-transition] start=3636984336723 frame=0000000000000A61 idx=3/3 queue=0000000031023CD0 reset=0 enable=1 recording=1 not-rendering=0 metering=0 fullscreen=0 slmode=1 known=0x17f hud=40797ed0 back=406d0cd0 real=0 interp=48f248d0 bridge-lock=1 arm=1734->1734 result=1 disable-interp=0(known=0) foreground=1 monitors=0000000021D415E7/0000000021D415E7 cpu=0.063ms
01:36:41.818  qpc=3636984640529 [fg-transition] start=3636984484788 frame=0000000000000A62 idx=1/3 queue=0000000031023CD0 reset=0 enable=1 recording=1 not-rendering=0 metering=0 fullscreen=0 slmode=1 known=0x17f hud=40797ed0 back=406d1ed0 real=45b7c6d0 interp=48f242d0 bridge-lock=1 arm=1734->1735 result=1 disable-interp=0(known=0) foreground=1 monitors=0000000021D415E7/0000000021D415E7 cpu=15.574ms
01:36:41.828  qpc=3636984746686 [fg-transition] start=3636984745556 frame=0000000000000A62 idx=2/3 queue=0000000031023CD0 reset=0 enable=1 recording=1 not-rendering=0 metering=0 fullscreen=0 slmode=1 known=0x17f hud=40797ed0 back=406d1ed0 real=0 interp=48f248d0 bridge-lock=1 arm=1735->1735 result=1 disable-interp=0(known=0) foreground=1 monitors=0000000021D415E7/0000000021D415E7 cpu=0.113ms
01:36:41.829  qpc=3636984748733 [fg-transition] start=3636984748084 frame=0000000000000A62 idx=3/3 queue=0000000031023CD0 reset=0 enable=1 recording=1 not-rendering=0 metering=0 fullscreen=0 slmode=1 known=0x17f hud=40797ed0 back=406d1ed0 real=0 interp=456a3cd0 bridge-lock=1 arm=1735->1735 result=1 disable-interp=0(known=0) foreground=1 monitors=0000000021D415E7/0000000021D415E7 cpu=0.065ms
01:36:41.853  qpc=3636984992974 [fg-transition] start=3636984874505 frame=0000000000000A63 idx=1/3 queue=0000000031023CD0 reset=0 enable=1 recording=1 not-rendering=0 metering=0 fullscreen=0 slmode=1 known=0x17f hud=40797ed0 back=406d3cd0 real=48f242d0 interp=45b7c6d0 bridge-lock=1 arm=1735->1736 result=1 disable-interp=0(known=0) foreground=1 monitors=0000000021D415E7/0000000021D415E7 cpu=11.847ms
01:36:41.881  qpc=3636985269784 [fg-transition] start=3636985268789 frame=0000000000000A63 idx=2/3 queue=0000000031023CD0 reset=0 enable=1 recording=1 not-rendering=0 metering=0 fullscreen=0 slmode=1 known=0x17f hud=40797ed0 back=406d3cd0 real=0 interp=456a3cd0 bridge-lock=1 arm=1736->1736 result=1 disable-interp=0(known=0) foreground=1 monitors=0000000021D415E7/0000000021D415E7 cpu=0.099ms
01:36:41.881  qpc=3636985271639 [fg-transition] start=3636985271027 frame=0000000000000A63 idx=3/3 queue=0000000031023CD0 reset=0 enable=1 recording=1 not-rendering=0 metering=0 fullscreen=0 slmode=1 known=0x17f hud=40797ed0 back=406d3cd0 real=0 interp=48f248d0 bridge-lock=1 arm=1736->1736 result=1 disable-interp=0(known=0) foreground=1 monitors=0000000021D415E7/0000000021D415E7 cpu=0.061ms
01:36:42.459  qpc=3636991044949 [fg-transition] start=3636991041979 frame=0000000000000A72 idx=2/3 queue=0000000031023CD0 reset=0 enable=1 recording=1 not-rendering=0 metering=0 fullscreen=0 slmode=1 known=0x17f hud=40797ed0 back=406d3cd0 real=0 interp=48f248d0 bridge-lock=1 arm=1751->1751 result=1 disable-interp=0(known=0) foreground=0 monitors=0000000021D415E7/0000000046ED07EF cpu=0.297ms
01:36:42.459  qpc=3636991048341 [fg-transition] start=3636991046901 frame=0000000000000A72 idx=3/3 queue=0000000031023CD0 reset=0 enable=1 recording=1 not-rendering=0 metering=0 fullscreen=0 slmode=1 known=0x17f hud=40797ed0 back=406d3cd0 real=0 interp=456a3cd0 bridge-lock=1 arm=1751->1751 result=1 disable-interp=0(known=0) foreground=0 monitors=0000000021D415E7/0000000046ED07EF cpu=0.144ms
01:36:42.466  qpc=3636991119147 [fg-transition] start=3636991050672 frame=0000000000000A73 idx=1/3 queue=0000000031023CD0 reset=0 enable=1 recording=1 not-rendering=0 metering=0 fullscreen=0 slmode=1 known=0x17f hud=40797ed0 back=406d0cd0 real=48f242d0 interp=45b7c6d0 bridge-lock=1 arm=1751->1752 result=1 disable-interp=0(known=0) foreground=0 monitors=0000000021D415E7/0000000046ED07EF cpu=6.847ms
01:36:42.497  qpc=3636991424383 [fg-transition] start=3636991423181 frame=0000000000000A73 idx=2/3 queue=0000000031023CD0 reset=0 enable=1 recording=1 not-rendering=0 metering=0 fullscreen=0 slmode=1 known=0x17f hud=40797ed0 back=406d0cd0 real=0 interp=456a3cd0 bridge-lock=1 arm=1752->1752 result=1 disable-interp=0(known=0) foreground=0 monitors=0000000021D415E7/0000000046ED07EF cpu=0.120ms
01:36:42.497  qpc=3636991426498 [fg-transition] start=3636991425852 frame=0000000000000A73 idx=3/3 queue=0000000031023CD0 reset=0 enable=1 recording=1 not-rendering=0 metering=0 fullscreen=0 slmode=1 known=0x17f hud=40797ed0 back=406d0cd0 real=0 interp=48f248d0 bridge-lock=1 arm=1752->1752 result=1 disable-interp=0(known=0) foreground=0 monitors=0000000021D415E7/0000000046ED07EF cpu=0.065ms
01:36:42.506  qpc=3636991523231 [fg-transition] start=3636991426968 frame=0000000000000A74 idx=1/3 queue=0000000031023CD0 reset=0 enable=1 recording=1 not-rendering=0 metering=0 fullscreen=0 slmode=1 known=0x17f hud=40797ed0 back=406d1ed0 real=45b7c6d0 interp=48f242d0 bridge-lock=1 arm=1752->1753 result=1 disable-interp=0(known=0) foreground=0 monitors=0000000021D415E7/0000000046ED07EF cpu=9.626ms
01:36:42.537  qpc=3636991829908 [fg-transition] start=3636991828680 frame=0000000000000A74 idx=2/3 queue=0000000031023CD0 reset=0 enable=1 recording=1 not-rendering=0 metering=0 fullscreen=0 slmode=1 known=0x17f hud=40797ed0 back=406d1ed0 real=0 interp=48f248d0 bridge-lock=1 arm=1753->1753 result=1 disable-interp=0(known=0) foreground=0 monitors=0000000021D415E7/0000000046ED07EF cpu=0.122ms
01:36:42.537  qpc=3636991831992 [fg-transition] start=3636991831346 frame=0000000000000A74 idx=3/3 queue=0000000031023CD0 reset=0 enable=1 recording=1 not-rendering=0 metering=0 fullscreen=0 slmode=1 known=0x17f hud=40797ed0 back=406d1ed0 real=0 interp=456a3cd0 bridge-lock=1 arm=1753->1753 result=1 disable-interp=0(known=0) foreground=0 monitors=0000000021D415E7/0000000046ED07EF cpu=0.064ms
01:36:42.545  qpc=3636991909584 [fg-transition] start=3636991832419 frame=0000000000000A75 idx=1/3 queue=0000000031023CD0 reset=0 enable=1 recording=1 not-rendering=0 metering=0 fullscreen=0 slmode=1 known=0x17f hud=40797ed0 back=406d3cd0 real=48f242d0 interp=45b7c6d0 bridge-lock=1 arm=1753->1754 result=1 disable-interp=0(known=0) foreground=0 monitors=0000000021D415E7/0000000046ED07EF cpu=7.716ms
01:36:42.577  qpc=3636992224924 [fg-transition] start=3636992223705 frame=0000000000000A75 idx=2/3 queue=0000000031023CD0 reset=0 enable=1 recording=1 not-rendering=0 metering=0 fullscreen=0 slmode=1 known=0x17f hud=40797ed0 back=406d3cd0 real=0 interp=456a3cd0 bridge-lock=1 arm=1754->1754 result=1 disable-interp=0(known=0) foreground=0 monitors=0000000021D415E7/0000000046ED07EF cpu=0.122ms
01:36:42.577  qpc=3636992227055 [fg-transition] start=3636992226383 frame=0000000000000A75 idx=3/3 queue=0000000031023CD0 reset=0 enable=1 recording=1 not-rendering=0 metering=0 fullscreen=0 slmode=1 known=0x17f hud=40797ed0 back=406d3cd0 real=0 interp=48f248d0 bridge-lock=1 arm=1754->1754 result=1 disable-interp=0(known=0) foreground=0 monitors=0000000021D415E7/0000000046ED07EF cpu=0.067ms
01:36:42.586  qpc=3636992320981 [fg-transition] start=3636992227542 frame=0000000000000A76 idx=1/3 queue=0000000031023CD0 reset=0 enable=1 recording=1 not-rendering=0 metering=0 fullscreen=0 slmode=1 known=0x17f hud=40797ed0 back=406d0cd0 real=45b7c6d0 interp=48f242d0 bridge-lock=1 arm=1754->1755 result=1 disable-interp=0(known=0) foreground=0 monitors=0000000021D415E7/0000000046ED07EF cpu=9.344ms
01:36:42.760  qpc=3636994079609 [focus-fg] state: enabled=1 hooked=1 foreground=0 minimized=0 hwnd=00000000025B2E8C scope_calls=1761 original_false=1259 kept=1259 presents=2683 FG_evaluates=5278
01:36:43.895  [fg-history] FG Reset burst starts; contract_changed=0 bridge_pending=0 foreground=0.
01:36:43.900  qpc=3637005453442 [fg-transition] start=3637005421704 frame=0000000000000AA4 idx=1/3 queue=00000000310228D0 reset=1 enable=1 recording=1 not-rendering=0 metering=2 fullscreen=0 slmode=1 known=0x17f hud=40797ed0 back=406d1ed0 real=48f248d0 interp=48f242d0 bridge-lock=1 arm=1786->1787 result=1 disable-interp=0(known=0) foreground=0 monitors=0000000021D415E7/0000000046ED07EF cpu=3.173ms
01:36:43.900  qpc=3637005459307 [fg-transition] start=3637005459004 frame=0000000000000AA4 idx=2/3 queue=00000000310228D0 reset=1 enable=1 recording=1 not-rendering=0 metering=2 fullscreen=0 slmode=1 known=0x17f hud=40797ed0 back=406d1ed0 real=0 interp=48f242d0 bridge-lock=1 arm=1787->1787 result=1 disable-interp=0(known=0) foreground=0 monitors=0000000021D415E7/0000000046ED07EF cpu=0.030ms
01:36:43.900  qpc=3637005462074 [fg-transition] start=3637005461878 frame=0000000000000AA4 idx=3/3 queue=00000000310228D0 reset=1 enable=1 recording=1 not-rendering=0 metering=2 fullscreen=0 slmode=1 known=0x17f hud=40797ed0 back=406d1ed0 real=0 interp=48f242d0 bridge-lock=1 arm=1787->1787 result=1 disable-interp=0(known=0) foreground=0 monitors=0000000021D415E7/0000000046ED07EF cpu=0.019ms
01:36:43.900  [fg-history] FG Reset burst ends: 1 real frames, 0 ms.
01:36:43.926  qpc=3637005713012 [fg-transition] start=3637005475794 frame=0000000000000AA5 idx=1/3 queue=00000000310228D0 reset=0 enable=1 recording=1 not-rendering=0 metering=2 fullscreen=0 slmode=1 known=0x17f hud=40797ed0 back=406d3cd0 real=48f242d0 interp=48f248d0 bridge-lock=1 arm=1787->1788 result=1 disable-interp=0(known=0) foreground=0 monitors=0000000021D415E7/0000000046ED07EF cpu=23.722ms
01:36:43.926  qpc=3637005719626 [fg-transition] start=3637005718487 frame=0000000000000AA5 idx=2/3 queue=00000000310228D0 reset=0 enable=1 recording=1 not-rendering=0 metering=2 fullscreen=0 slmode=1 known=0x17f hud=40797ed0 back=406d3cd0 real=0 interp=48f248d0 bridge-lock=1 arm=1788->1788 result=1 disable-interp=0(known=0) foreground=0 monitors=0000000021D415E7/0000000046ED07EF cpu=0.114ms
01:36:43.926  qpc=3637005720850 [fg-transition] start=3637005720195 frame=0000000000000AA5 idx=3/3 queue=00000000310228D0 reset=0 enable=1 recording=1 not-rendering=0 metering=2 fullscreen=0 slmode=1 known=0x17f hud=40797ed0 back=406d3cd0 real=0 interp=48f248d0 bridge-lock=1 arm=1788->1788 result=1 disable-interp=0(known=0) foreground=0 monitors=0000000021D415E7/0000000046ED07EF cpu=0.065ms
01:36:43.958  qpc=3637006034952 [fg-transition] start=3637005813922 frame=0000000000000AA6 idx=1/3 queue=00000000310228D0 reset=0 enable=1 recording=1 not-rendering=0 metering=2 fullscreen=0 slmode=1 known=0x17f hud=40797ed0 back=406d0cd0 real=48f248d0 interp=48f242d0 bridge-lock=1 arm=1788->1789 result=1 disable-interp=0(known=0) foreground=0 monitors=0000000021D415E7/0000000046ED07EF cpu=22.103ms
01:36:43.958  qpc=3637006039670 [fg-transition] start=3637006037275 frame=0000000000000AA6 idx=2/3 queue=00000000310228D0 reset=0 enable=1 recording=1 not-rendering=0 metering=2 fullscreen=0 slmode=1 known=0x17f hud=40797ed0 back=406d0cd0 real=0 interp=48f242d0 bridge-lock=1 arm=1789->1789 result=1 disable-interp=0(known=0) foreground=0 monitors=0000000021D415E7/0000000046ED07EF cpu=0.239ms
01:36:43.958  qpc=3637006040981 [fg-transition] start=3637006040314 frame=0000000000000AA6 idx=3/3 queue=00000000310228D0 reset=0 enable=1 recording=1 not-rendering=0 metering=2 fullscreen=0 slmode=1 known=0x17f hud=40797ed0 back=406d0cd0 real=0 interp=48f242d0 bridge-lock=1 arm=1789->1789 result=1 disable-interp=0(known=0) foreground=0 monitors=0000000021D415E7/0000000046ED07EF cpu=0.067ms
01:36:43.993  qpc=3637006385614 [fg-transition] start=3637006144731 frame=0000000000000AA7 idx=1/3 queue=00000000310228D0 reset=0 enable=1 recording=1 not-rendering=0 metering=2 fullscreen=0 slmode=1 known=0x17f hud=40797ed0 back=406d1ed0 real=48f242d0 interp=48f248d0 bridge-lock=1 arm=1789->1790 result=1 disable-interp=0(known=0) foreground=0 monitors=0000000021D415E7/0000000046ED07EF cpu=24.088ms
01:36:43.993  qpc=3637006392932 [fg-transition] start=3637006391801 frame=0000000000000AA7 idx=2/3 queue=00000000310228D0 reset=0 enable=1 recording=1 not-rendering=0 metering=2 fullscreen=0 slmode=1 known=0x17f hud=40797ed0 back=406d1ed0 real=0 interp=48f248d0 bridge-lock=1 arm=1790->1790 result=1 disable-interp=0(known=0) foreground=0 monitors=0000000021D415E7/0000000046ED07EF cpu=0.113ms
01:36:43.993  qpc=3637006397709 [fg-transition] start=3637006396848 frame=0000000000000AA7 idx=3/3 queue=00000000310228D0 reset=0 enable=1 recording=1 not-rendering=0 metering=2 fullscreen=0 slmode=1 known=0x17f hud=40797ed0 back=406d1ed0 real=0 interp=48f248d0 bridge-lock=1 arm=1790->1790 result=1 disable-interp=0(known=0) foreground=0 monitors=0000000021D415E7/0000000046ED07EF cpu=0.086ms
01:36:44.353  [bridge] 1800 frames delivered so far.
01:36:44.397  [fg-relay] armed by evaluate: hud=40797ed0 back=406d3cd0 depth=407978d0 mv=407972d0 5120x2160 copy=1800 nr=1800 import=1 slot=0 arm=1800 gpu-wait-nr=1799 pending=0.
01:36:44.397  [fg-relay] evaluate: slot=0 nr=1800 import=1 stage=3.
01:36:44.398  [fg-relay] frame=1800 slot=0 nr=1800 ok=1 wrote=1 nr_entries=2 import=1 armed=1800 skipped=0 busy=0 mismatch=0 conflicts=0.
01:36:44.635  qpc=3637012811061 [fg-transition] start=3637012805014 frame=0000000000000AB7 idx=1/3 queue=00000000310228D0 reset=0 enable=1 recording=1 not-rendering=0 metering=2 fullscreen=0 slmode=1 known=0x17f hud=40797ed0 back=406d3cd0 real=48f242d0 interp=48f248d0 bridge-lock=1 arm=1805->1806 result=1 disable-interp=0(known=0) foreground=1 monitors=0000000021D415E7/0000000021D415E7 cpu=0.604ms
01:36:44.646  qpc=3637012920014 [fg-transition] start=3637012918828 frame=0000000000000AB7 idx=2/3 queue=00000000310228D0 reset=0 enable=1 recording=1 not-rendering=0 metering=2 fullscreen=0 slmode=1 known=0x17f hud=40797ed0 back=406d3cd0 real=0 interp=48f248d0 bridge-lock=1 arm=1806->1806 result=1 disable-interp=0(known=0) foreground=1 monitors=0000000021D415E7/0000000021D415E7 cpu=0.118ms
01:36:44.646  qpc=3637012925156 [fg-transition] start=3637012924386 frame=0000000000000AB7 idx=3/3 queue=00000000310228D0 reset=0 enable=1 recording=1 not-rendering=0 metering=2 fullscreen=0 slmode=1 known=0x17f hud=40797ed0 back=406d3cd0 real=0 interp=48f248d0 bridge-lock=1 arm=1806->1806 result=1 disable-interp=0(known=0) foreground=1 monitors=0000000021D415E7/0000000021D415E7 cpu=0.077ms
01:36:44.682  qpc=3637013277632 [fg-transition] start=3637013015038 frame=0000000000000AB8 idx=1/3 queue=00000000310228D0 reset=0 enable=1 recording=1 not-rendering=0 metering=2 fullscreen=0 slmode=1 known=0x17f hud=40797ed0 back=406d0cd0 real=48f248d0 interp=48f242d0 bridge-lock=1 arm=1806->1807 result=1 disable-interp=0(known=0) foreground=1 monitors=0000000021D415E7/0000000021D415E7 cpu=26.259ms
01:36:44.685  qpc=3637013305211 [fg-transition] start=3637013304176 frame=0000000000000AB8 idx=2/3 queue=00000000310228D0 reset=0 enable=1 recording=1 not-rendering=0 metering=2 fullscreen=0 slmode=1 known=0x17f hud=40797ed0 back=406d0cd0 real=0 interp=48f242d0 bridge-lock=1 arm=1807->1807 result=1 disable-interp=0(known=0) foreground=1 monitors=0000000021D415E7/0000000021D415E7 cpu=0.103ms
01:36:44.685  qpc=3637013311366 [fg-transition] start=3637013310500 frame=0000000000000AB8 idx=3/3 queue=00000000310228D0 reset=0 enable=1 recording=1 not-rendering=0 metering=2 fullscreen=0 slmode=1 known=0x17f hud=40797ed0 back=406d0cd0 real=0 interp=48f242d0 bridge-lock=1 arm=1807->1807 result=1 disable-interp=0(known=0) foreground=1 monitors=0000000021D415E7/0000000021D415E7 cpu=0.086ms
01:36:44.723  qpc=3637013689804 [fg-transition] start=3637013428126 frame=0000000000000AB9 idx=1/3 queue=00000000310228D0 reset=0 enable=1 recording=1 not-rendering=0 metering=2 fullscreen=0 slmode=1 known=0x17f hud=40797ed0 back=406d1ed0 real=48f242d0 interp=48f248d0 bridge-lock=1 arm=1807->1808 result=1 disable-interp=0(known=0) foreground=1 monitors=0000000021D415E7/0000000021D415E7 cpu=26.167ms
01:36:44.723  qpc=3637013696795 [fg-transition] start=3637013695878 frame=0000000000000AB9 idx=2/3 queue=00000000310228D0 reset=0 enable=1 recording=1 not-rendering=0 metering=2 fullscreen=0 slmode=1 known=0x17f hud=40797ed0 back=406d1ed0 real=0 interp=48f248d0 bridge-lock=1 arm=1808->1808 result=1 disable-interp=0(known=0) foreground=1 monitors=0000000021D415E7/0000000021D415E7 cpu=0.091ms
01:36:44.724  qpc=3637013699938 [fg-transition] start=3637013699281 frame=0000000000000AB9 idx=3/3 queue=00000000310228D0 reset=0 enable=1 recording=1 not-rendering=0 metering=2 fullscreen=0 slmode=1 known=0x17f hud=40797ed0 back=406d1ed0 real=0 interp=48f248d0 bridge-lock=1 arm=1808->1808 result=1 disable-interp=0(known=0) foreground=1 monitors=0000000021D415E7/0000000021D415E7 cpu=0.066ms
01:36:44.765  qpc=3637014101449 [fg-transition] start=3637013842673 frame=0000000000000ABA idx=1/3 queue=00000000310228D0 reset=0 enable=1 recording=1 not-rendering=0 metering=2 fullscreen=0 slmode=1 known=0x17f hud=40797ed0 back=406d3cd0 real=48f248d0 interp=48f242d0 bridge-lock=1 arm=1808->1809 result=1 disable-interp=0(known=0) foreground=1 monitors=0000000021D415E7/0000000021D415E7 cpu=25.877ms
01:36:44.765  qpc=3637014125726 [focus-fg] state: enabled=1 hooked=1 foreground=1 minimized=0 hwnd=00000000025B2E8C scope_calls=1810 original_false=1304 kept=1304 presents=2746 FG_evaluates=5428
01:36:44.768  qpc=3637014147151 [fg-transition] start=3637014146166 frame=0000000000000ABA idx=2/3 queue=00000000310228D0 reset=0 enable=1 recording=1 not-rendering=0 metering=2 fullscreen=0 slmode=1 known=0x17f hud=40797ed0 back=406d3cd0 real=0 interp=48f242d0 bridge-lock=1 arm=1809->1809 result=1 disable-interp=0(known=0) foreground=1 monitors=0000000021D415E7/0000000021D415E7 cpu=0.098ms
01:36:44.769  qpc=3637014152314 [fg-transition] start=3637014151190 frame=0000000000000ABA idx=3/3 queue=00000000310228D0 reset=0 enable=1 recording=1 not-rendering=0 metering=2 fullscreen=0 slmode=1 known=0x17f hud=40797ed0 back=406d3cd0 real=0 interp=48f242d0 bridge-lock=1 arm=1809->1809 result=1 disable-interp=0(known=0) foreground=1 monitors=0000000021D415E7/0000000021D415E7 cpu=0.112ms
01:36:45.348  [fg-history] FG Reset burst starts; contract_changed=0 bridge_pending=0 foreground=1.
01:36:45.353  qpc=3637019986182 [fg-transition] start=3637019947791 frame=0000000000000AD2 idx=1/3 queue=0000000031023CD0 reset=1 enable=1 recording=1 not-rendering=0 metering=0 fullscreen=0 slmode=1 known=0x17f hud=40797ed0 back=406d3cd0 real=459730d0 interp=48f242d0 bridge-lock=1 arm=1820->1821 result=1 disable-interp=0(known=0) foreground=1 monitors=0000000021D415E7/0000000021D415E7 cpu=3.839ms
01:36:45.354  qpc=3637019989208 [fg-transition] start=3637019988802 frame=0000000000000AD2 idx=2/3 queue=0000000031023CD0 reset=1 enable=1 recording=1 not-rendering=0 metering=0 fullscreen=0 slmode=1 known=0x17f hud=40797ed0 back=406d3cd0 real=0 interp=48f248d0 bridge-lock=1 arm=1821->1821 result=1 disable-interp=0(known=0) foreground=1 monitors=0000000021D415E7/0000000021D415E7 cpu=0.040ms
01:36:45.354  qpc=3637019989913 [fg-transition] start=3637019989700 frame=0000000000000AD2 idx=3/3 queue=0000000031023CD0 reset=1 enable=1 recording=1 not-rendering=0 metering=0 fullscreen=0 slmode=1 known=0x17f hud=40797ed0 back=406d3cd0 real=0 interp=459748d0 bridge-lock=1 arm=1821->1821 result=1 disable-interp=0(known=0) foreground=1 monitors=0000000021D415E7/0000000021D415E7 cpu=0.021ms
01:36:45.355  [fg-history] FG Reset burst ends: 1 real frames, 0 ms.
01:36:45.378  qpc=3637020242258 [fg-transition] start=3637020024578 frame=0000000000000AD3 idx=1/3 queue=0000000031023CD0 reset=0 enable=1 recording=1 not-rendering=0 metering=0 fullscreen=0 slmode=1 known=0x17f hud=40797ed0 back=406d0cd0 real=48f242d0 interp=459730d0 bridge-lock=1 arm=1821->1822 result=1 disable-interp=0(known=0) foreground=1 monitors=0000000021D415E7/0000000021D415E7 cpu=21.768ms
01:36:45.378  qpc=3637020261018 [fg-transition] start=3637020259970 frame=0000000000000AD3 idx=2/3 queue=0000000031023CD0 reset=0 enable=1 recording=1 not-rendering=0 metering=0 fullscreen=0 slmode=1 known=0x17f hud=40797ed0 back=406d0cd0 real=0 interp=459748d0 bridge-lock=1 arm=1822->1822 result=1 disable-interp=0(known=0) foreground=1 monitors=0000000021D415E7/0000000021D415E7 cpu=0.105ms
01:36:45.379  qpc=3637020261961 [fg-transition] start=3637020261419 frame=0000000000000AD3 idx=3/3 queue=0000000031023CD0 reset=0 enable=1 recording=1 not-rendering=0 metering=0 fullscreen=0 slmode=1 known=0x17f hud=40797ed0 back=406d0cd0 real=0 interp=48f248d0 bridge-lock=1 arm=1822->1822 result=1 disable-interp=0(known=0) foreground=1 monitors=0000000021D415E7/0000000021D415E7 cpu=0.054ms
01:36:45.412  qpc=3637020571941 [fg-transition] start=3637020352833 frame=0000000000000AD4 idx=1/3 queue=0000000031023CD0 reset=0 enable=1 recording=1 not-rendering=0 metering=0 fullscreen=0 slmode=1 known=0x17f hud=40797ed0 back=406d1ed0 real=459730d0 interp=48f242d0 bridge-lock=1 arm=1822->1823 result=1 disable-interp=0(known=0) foreground=1 monitors=0000000021D415E7/0000000021D415E7 cpu=21.910ms
01:36:45.422  qpc=3637020681715 [fg-transition] start=3637020680568 frame=0000000000000AD4 idx=2/3 queue=0000000031023CD0 reset=0 enable=1 recording=1 not-rendering=0 metering=0 fullscreen=0 slmode=1 known=0x17f hud=40797ed0 back=406d1ed0 real=0 interp=48f248d0 bridge-lock=1 arm=1823->1823 result=1 disable-interp=0(known=0) foreground=1 monitors=0000000021D415E7/0000000021D415E7 cpu=0.115ms
01:36:45.422  qpc=3637020683651 [fg-transition] start=3637020683035 frame=0000000000000AD4 idx=3/3 queue=0000000031023CD0 reset=0 enable=1 recording=1 not-rendering=0 metering=0 fullscreen=0 slmode=1 known=0x17f hud=40797ed0 back=406d1ed0 real=0 interp=459748d0 bridge-lock=1 arm=1823->1823 result=1 disable-interp=0(known=0) foreground=1 monitors=0000000021D415E7/0000000021D415E7 cpu=0.062ms
01:36:45.449  qpc=3637020948952 [fg-transition] start=3637020684239 frame=0000000000000AD5 idx=1/3 queue=0000000031023CD0 reset=0 enable=1 recording=1 not-rendering=0 metering=0 fullscreen=0 slmode=1 known=0x17f hud=40797ed0 back=406d3cd0 real=48f242d0 interp=459730d0 bridge-lock=1 arm=1823->1824 result=1 disable-interp=0(known=0) foreground=1 monitors=0000000021D415E7/0000000021D415E7 cpu=26.471ms
01:36:45.478  qpc=3637021238852 [fg-transition] start=3637021236078 frame=0000000000000AD5 idx=2/3 queue=0000000031023CD0 reset=0 enable=1 recording=1 not-rendering=0 metering=0 fullscreen=0 slmode=1 known=0x17f hud=40797ed0 back=406d3cd0 real=0 interp=459748d0 bridge-lock=1 arm=1824->1824 result=1 disable-interp=0(known=0) foreground=1 monitors=0000000021D415E7/0000000021D415E7 cpu=0.277ms
01:36:45.478  qpc=3637021241043 [fg-transition] start=3637021240373 frame=0000000000000AD5 idx=3/3 queue=0000000031023CD0 reset=0 enable=1 recording=1 not-rendering=0 metering=0 fullscreen=0 slmode=1 known=0x17f hud=40797ed0 back=406d3cd0 real=0 interp=48f248d0 bridge-lock=1 arm=1824->1824 result=1 disable-interp=0(known=0) foreground=1 monitors=0000000021D415E7/0000000021D415E7 cpu=0.067ms
01:36:48.406  qpc=3637050517954 [fg-transition] start=3637050516648 frame=0000000000000B21 idx=2/3 queue=0000000031023CD0 reset=0 enable=1 recording=1 not-rendering=0 metering=0 fullscreen=0 slmode=1 known=0x17f hud=40797ed0 back=406d0cd0 real=0 interp=459748d0 bridge-lock=1 arm=1900->1900 result=1 disable-interp=0(known=0) foreground=0 monitors=0000000021D415E7/0000000046ED07EF cpu=0.130ms
01:36:48.406  qpc=3637050520152 [fg-transition] start=3637050519411 frame=0000000000000B21 idx=3/3 queue=0000000031023CD0 reset=0 enable=1 recording=1 not-rendering=0 metering=0 fullscreen=0 slmode=1 known=0x17f hud=40797ed0 back=406d0cd0 real=0 interp=48f248d0 bridge-lock=1 arm=1900->1900 result=1 disable-interp=0(known=0) foreground=0 monitors=0000000021D415E7/0000000046ED07EF cpu=0.074ms
01:36:48.414  qpc=3637050593853 [fg-transition] start=3637050520659 frame=0000000000000B22 idx=1/3 queue=0000000031023CD0 reset=0 enable=1 recording=1 not-rendering=0 metering=0 fullscreen=0 slmode=1 known=0x17f hud=40797ed0 back=406d1ed0 real=459730d0 interp=48f242d0 bridge-lock=1 arm=1900->1901 result=1 disable-interp=0(known=0) foreground=0 monitors=0000000021D415E7/0000000046ED07EF cpu=7.319ms
01:36:48.445  qpc=3637050904281 [fg-transition] start=3637050902995 frame=0000000000000B22 idx=2/3 queue=0000000031023CD0 reset=0 enable=1 recording=1 not-rendering=0 metering=0 fullscreen=0 slmode=1 known=0x17f hud=40797ed0 back=406d1ed0 real=0 interp=48f248d0 bridge-lock=1 arm=1901->1901 result=1 disable-interp=0(known=0) foreground=0 monitors=0000000021D415E7/0000000046ED07EF cpu=0.128ms
01:36:48.445  qpc=3637050906496 [fg-transition] start=3637050905747 frame=0000000000000B22 idx=3/3 queue=0000000031023CD0 reset=0 enable=1 recording=1 not-rendering=0 metering=0 fullscreen=0 slmode=1 known=0x17f hud=40797ed0 back=406d1ed0 real=0 interp=459748d0 bridge-lock=1 arm=1901->1901 result=1 disable-interp=0(known=0) foreground=0 monitors=0000000021D415E7/0000000046ED07EF cpu=0.075ms
01:36:48.451  qpc=3637050972769 [fg-transition] start=3637050907333 frame=0000000000000B23 idx=1/3 queue=0000000031023CD0 reset=0 enable=1 recording=1 not-rendering=0 metering=0 fullscreen=0 slmode=1 known=0x17f hud=40797ed0 back=406d3cd0 real=48f242d0 interp=459730d0 bridge-lock=1 arm=1901->1902 result=1 disable-interp=0(known=0) foreground=0 monitors=0000000021D415E7/0000000046ED07EF cpu=6.543ms
01:36:48.482  qpc=3637051280127 [fg-transition] start=3637051278836 frame=0000000000000B23 idx=2/3 queue=0000000031023CD0 reset=0 enable=1 recording=1 not-rendering=0 metering=0 fullscreen=0 slmode=1 known=0x17f hud=40797ed0 back=406d3cd0 real=0 interp=459748d0 bridge-lock=1 arm=1902->1902 result=1 disable-interp=0(known=0) foreground=0 monitors=0000000021D415E7/0000000046ED07EF cpu=0.129ms
01:36:48.483  qpc=3637051282300 [fg-transition] start=3637051281636 frame=0000000000000B23 idx=3/3 queue=0000000031023CD0 reset=0 enable=1 recording=1 not-rendering=0 metering=0 fullscreen=0 slmode=1 known=0x17f hud=40797ed0 back=406d3cd0 real=0 interp=48f248d0 bridge-lock=1 arm=1902->1902 result=1 disable-interp=0(known=0) foreground=0 monitors=0000000021D415E7/0000000046ED07EF cpu=0.066ms
01:36:48.490  qpc=3637051369386 [fg-transition] start=3637051282761 frame=0000000000000B24 idx=1/3 queue=0000000031023CD0 reset=0 enable=1 recording=1 not-rendering=0 metering=0 fullscreen=0 slmode=1 known=0x17f hud=40797ed0 back=406d0cd0 real=459730d0 interp=48f242d0 bridge-lock=1 arm=1902->1903 result=1 disable-interp=0(known=0) foreground=0 monitors=0000000021D415E7/0000000046ED07EF cpu=8.662ms
01:36:48.523  qpc=3637051680431 [fg-transition] start=3637051678635 frame=0000000000000B24 idx=2/3 queue=0000000031023CD0 reset=0 enable=1 recording=1 not-rendering=0 metering=0 fullscreen=0 slmode=1 known=0x17f hud=40797ed0 back=406d0cd0 real=0 interp=48f248d0 bridge-lock=1 arm=1903->1903 result=1 disable-interp=0(known=0) foreground=0 monitors=0000000021D415E7/0000000046ED07EF cpu=0.179ms
01:36:48.523  qpc=3637051683524 [fg-transition] start=3637051682413 frame=0000000000000B24 idx=3/3 queue=0000000031023CD0 reset=0 enable=1 recording=1 not-rendering=0 metering=0 fullscreen=0 slmode=1 known=0x17f hud=40797ed0 back=406d0cd0 real=0 interp=459748d0 bridge-lock=1 arm=1903->1903 result=1 disable-interp=0(known=0) foreground=0 monitors=0000000021D415E7/0000000046ED07EF cpu=0.111ms
01:36:48.530  qpc=3637051753358 [fg-transition] start=3637051684279 frame=0000000000000B25 idx=1/3 queue=0000000031023CD0 reset=0 enable=1 recording=1 not-rendering=0 metering=0 fullscreen=0 slmode=1 known=0x17f hud=40797ed0 back=406d1ed0 real=48f242d0 interp=459730d0 bridge-lock=1 arm=1903->1904 result=1 disable-interp=0(known=0) foreground=0 monitors=0000000021D415E7/0000000046ED07EF cpu=6.908ms
01:36:48.774  qpc=3637054213543 [focus-fg] state: enabled=1 hooked=1 foreground=0 minimized=0 hwnd=00000000025B2E8C scope_calls=1912 original_false=1315 kept=1315 presents=2860 FG_evaluates=5731
01:36:49.839  [fg-history] FG Reset burst starts; contract_changed=0 bridge_pending=0 foreground=0.
01:36:49.844  qpc=3637064892680 [fg-transition] start=3637064866029 frame=0000000000000B53 idx=1/3 queue=00000000310228D0 reset=1 enable=1 recording=1 not-rendering=0 metering=2 fullscreen=0 slmode=1 known=0x17f hud=40797ed0 back=406d3cd0 real=48f242d0 interp=48f248d0 bridge-lock=1 arm=1935->1936 result=1 disable-interp=0(known=0) foreground=0 monitors=0000000021D415E7/0000000046ED07EF cpu=2.665ms
01:36:49.844  qpc=3637064902199 [fg-transition] start=3637064901827 frame=0000000000000B53 idx=2/3 queue=00000000310228D0 reset=1 enable=1 recording=1 not-rendering=0 metering=2 fullscreen=0 slmode=1 known=0x17f hud=40797ed0 back=406d3cd0 real=0 interp=48f248d0 bridge-lock=1 arm=1936->1936 result=1 disable-interp=0(known=0) foreground=0 monitors=0000000021D415E7/0000000046ED07EF cpu=0.037ms
01:36:49.844  qpc=3637064906820 [fg-transition] start=3637064906414 frame=0000000000000B53 idx=3/3 queue=00000000310228D0 reset=1 enable=1 recording=1 not-rendering=0 metering=2 fullscreen=0 slmode=1 known=0x17f hud=40797ed0 back=406d3cd0 real=0 interp=48f248d0 bridge-lock=1 arm=1936->1936 result=1 disable-interp=0(known=0) foreground=0 monitors=0000000021D415E7/0000000046ED07EF cpu=0.040ms
01:36:49.847  [fg-history] FG Reset burst ends: 1 real frames, 15 ms.
01:36:49.870  qpc=3637065158924 [fg-transition] start=3637064947982 frame=0000000000000B54 idx=1/3 queue=00000000310228D0 reset=0 enable=1 recording=1 not-rendering=0 metering=2 fullscreen=0 slmode=1 known=0x17f hud=40797ed0 back=406d0cd0 real=48f248d0 interp=48f242d0 bridge-lock=1 arm=1936->1937 result=1 disable-interp=0(known=0) foreground=0 monitors=0000000021D415E7/0000000046ED07EF cpu=21.094ms
01:36:49.870  qpc=3637065165684 [fg-transition] start=3637065164842 frame=0000000000000B54 idx=2/3 queue=00000000310228D0 reset=0 enable=1 recording=1 not-rendering=0 metering=2 fullscreen=0 slmode=1 known=0x17f hud=40797ed0 back=406d0cd0 real=0 interp=48f242d0 bridge-lock=1 arm=1937->1937 result=1 disable-interp=0(known=0) foreground=0 monitors=0000000021D415E7/0000000046ED07EF cpu=0.084ms
01:36:49.870  qpc=3637065168579 [fg-transition] start=3637065168029 frame=0000000000000B54 idx=3/3 queue=00000000310228D0 reset=0 enable=1 recording=1 not-rendering=0 metering=2 fullscreen=0 slmode=1 known=0x17f hud=40797ed0 back=406d0cd0 real=0 interp=48f242d0 bridge-lock=1 arm=1937->1937 result=1 disable-interp=0(known=0) foreground=0 monitors=0000000021D415E7/0000000046ED07EF cpu=0.055ms
01:36:49.915  qpc=3637065606939 [fg-transition] start=3637065588554 frame=0000000000000B55 idx=1/3 queue=00000000310228D0 reset=0 enable=1 recording=1 not-rendering=0 metering=2 fullscreen=0 slmode=1 known=0x17f hud=40797ed0 back=406d1ed0 real=48f242d0 interp=48f248d0 bridge-lock=1 arm=1937->1938 result=1 disable-interp=0(known=0) foreground=0 monitors=0000000021D415E7/0000000046ED07EF cpu=1.838ms
01:36:49.915  qpc=3637065613088 [fg-transition] start=3637065612267 frame=0000000000000B55 idx=2/3 queue=00000000310228D0 reset=0 enable=1 recording=1 not-rendering=0 metering=2 fullscreen=0 slmode=1 known=0x17f hud=40797ed0 back=406d1ed0 real=0 interp=48f248d0 bridge-lock=1 arm=1938->1938 result=1 disable-interp=0(known=0) foreground=0 monitors=0000000021D415E7/0000000046ED07EF cpu=0.082ms
01:36:49.915  qpc=3637065617400 [fg-transition] start=3637065616739 frame=0000000000000B55 idx=3/3 queue=00000000310228D0 reset=0 enable=1 recording=1 not-rendering=0 metering=2 fullscreen=0 slmode=1 known=0x17f hud=40797ed0 back=406d1ed0 real=0 interp=48f248d0 bridge-lock=1 arm=1938->1938 result=1 disable-interp=0(known=0) foreground=0 monitors=0000000021D415E7/0000000046ED07EF cpu=0.066ms
01:36:49.944  qpc=3637065897718 [fg-transition] start=3637065660247 frame=0000000000000B56 idx=1/3 queue=00000000310228D0 reset=0 enable=1 recording=1 not-rendering=0 metering=2 fullscreen=0 slmode=1 known=0x17f hud=40797ed0 back=406d3cd0 real=48f248d0 interp=48f242d0 bridge-lock=1 arm=1938->1939 result=1 disable-interp=0(known=0) foreground=0 monitors=0000000021D415E7/0000000046ED07EF cpu=23.747ms
01:36:49.944  qpc=3637065903014 [fg-transition] start=3637065902225 frame=0000000000000B56 idx=2/3 queue=00000000310228D0 reset=0 enable=1 recording=1 not-rendering=0 metering=2 fullscreen=0 slmode=1 known=0x17f hud=40797ed0 back=406d3cd0 real=0 interp=48f242d0 bridge-lock=1 arm=1939->1939 result=1 disable-interp=0(known=0) foreground=0 monitors=0000000021D415E7/0000000046ED07EF cpu=0.079ms
01:36:49.945  qpc=3637065906149 [fg-transition] start=3637065905414 frame=0000000000000B56 idx=3/3 queue=00000000310228D0 reset=0 enable=1 recording=1 not-rendering=0 metering=2 fullscreen=0 slmode=1 known=0x17f hud=40797ed0 back=406d3cd0 real=0 interp=48f242d0 bridge-lock=1 arm=1939->1939 result=1 disable-interp=0(known=0) foreground=0 monitors=0000000021D415E7/0000000046ED07EF cpu=0.073ms
01:36:50.233  qpc=3637068783023 [fg-transition] start=3637068700941 frame=0000000000000B5D idx=1/3 queue=00000000310228D0 reset=0 enable=1 recording=1 not-rendering=0 metering=2 fullscreen=0 slmode=1 known=0x17f hud=40797ed0 back=406d0cd0 real=48f242d0 interp=48f248d0 bridge-lock=1 arm=1945->1946 result=1 disable-interp=0(known=0) foreground=1 monitors=0000000021D415E7/0000000021D415E7 cpu=8.208ms
01:36:50.238  qpc=3637068835630 [fg-transition] start=3637068834285 frame=0000000000000B5D idx=2/3 queue=00000000310228D0 reset=0 enable=1 recording=1 not-rendering=0 metering=2 fullscreen=0 slmode=1 known=0x17f hud=40797ed0 back=406d0cd0 real=0 interp=48f248d0 bridge-lock=1 arm=1946->1946 result=1 disable-interp=0(known=0) foreground=1 monitors=0000000021D415E7/0000000021D415E7 cpu=0.134ms
01:36:50.238  qpc=3637068841375 [fg-transition] start=3637068840499 frame=0000000000000B5D idx=3/3 queue=00000000310228D0 reset=0 enable=1 recording=1 not-rendering=0 metering=2 fullscreen=0 slmode=1 known=0x17f hud=40797ed0 back=406d0cd0 real=0 interp=48f248d0 bridge-lock=1 arm=1946->1946 result=1 disable-interp=0(known=0) foreground=1 monitors=0000000021D415E7/0000000021D415E7 cpu=0.087ms
01:36:50.273  qpc=3637069187885 [fg-transition] start=3637068926275 frame=0000000000000B5E idx=1/3 queue=00000000310228D0 reset=0 enable=1 recording=1 not-rendering=0 metering=2 fullscreen=0 slmode=1 known=0x17f hud=40797ed0 back=406d1ed0 real=48f248d0 interp=48f242d0 bridge-lock=1 arm=1946->1947 result=1 disable-interp=0(known=0) foreground=1 monitors=0000000021D415E7/0000000021D415E7 cpu=26.161ms
01:36:50.275  qpc=3637069212452 [fg-transition] start=3637069211455 frame=0000000000000B5E idx=2/3 queue=00000000310228D0 reset=0 enable=1 recording=1 not-rendering=0 metering=2 fullscreen=0 slmode=1 known=0x17f hud=40797ed0 back=406d1ed0 real=0 interp=48f242d0 bridge-lock=1 arm=1947->1947 result=1 disable-interp=0(known=0) foreground=1 monitors=0000000021D415E7/0000000021D415E7 cpu=0.100ms
01:36:50.316  qpc=3637069613468 [fg-transition] start=3637069612237 frame=0000000000000B5E idx=3/3 queue=00000000310228D0 reset=0 enable=1 recording=1 not-rendering=0 metering=2 fullscreen=0 slmode=1 known=0x17f hud=40797ed0 back=406d1ed0 real=0 interp=48f242d0 bridge-lock=1 arm=1947->1947 result=1 disable-interp=0(known=0) foreground=1 monitors=0000000021D415E7/0000000021D415E7 cpu=0.123ms
01:36:50.319  qpc=3637069639419 [fg-transition] start=3637069620695 frame=0000000000000B5F idx=1/3 queue=00000000310228D0 reset=0 enable=1 recording=1 not-rendering=0 metering=2 fullscreen=0 slmode=1 known=0x17f hud=40797ed0 back=406d3cd0 real=48f242d0 interp=48f248d0 bridge-lock=1 arm=1947->1948 result=1 disable-interp=0(known=0) foreground=1 monitors=0000000021D415E7/0000000021D415E7 cpu=1.872ms
01:36:50.319  qpc=3637069644177 [fg-transition] start=3637069643420 frame=0000000000000B5F idx=2/3 queue=00000000310228D0 reset=0 enable=1 recording=1 not-rendering=0 metering=2 fullscreen=0 slmode=1 known=0x17f hud=40797ed0 back=406d3cd0 real=0 interp=48f248d0 bridge-lock=1 arm=1948->1948 result=1 disable-interp=0(known=0) foreground=1 monitors=0000000021D415E7/0000000021D415E7 cpu=0.075ms
01:36:50.319  qpc=3637069646931 [fg-transition] start=3637069646268 frame=0000000000000B5F idx=3/3 queue=00000000310228D0 reset=0 enable=1 recording=1 not-rendering=0 metering=2 fullscreen=0 slmode=1 known=0x17f hud=40797ed0 back=406d3cd0 real=0 interp=48f248d0 bridge-lock=1 arm=1948->1948 result=1 disable-interp=0(known=0) foreground=1 monitors=0000000021D415E7/0000000021D415E7 cpu=0.066ms
01:36:50.352  qpc=3637069974346 [fg-transition] start=3637069707495 frame=0000000000000B60 idx=1/3 queue=00000000310228D0 reset=0 enable=1 recording=1 not-rendering=0 metering=2 fullscreen=0 slmode=1 known=0x17f hud=40797ed0 back=406d0cd0 real=48f248d0 interp=48f242d0 bridge-lock=1 arm=1948->1949 result=1 disable-interp=0(known=0) foreground=1 monitors=0000000021D415E7/0000000021D415E7 cpu=26.685ms
01:36:50.356  qpc=3637070020040 [fg-transition] start=3637070018554 frame=0000000000000B60 idx=2/3 queue=00000000310228D0 reset=0 enable=1 recording=1 not-rendering=0 metering=2 fullscreen=0 slmode=1 known=0x17f hud=40797ed0 back=406d0cd0 real=0 interp=48f242d0 bridge-lock=1 arm=1949->1949 result=1 disable-interp=0(known=0) foreground=1 monitors=0000000021D415E7/0000000021D415E7 cpu=0.148ms
01:36:50.356  qpc=3637070024820 [fg-transition] start=3637070023849 frame=0000000000000B60 idx=3/3 queue=00000000310228D0 reset=0 enable=1 recording=1 not-rendering=0 metering=2 fullscreen=0 slmode=1 known=0x17f hud=40797ed0 back=406d0cd0 real=0 interp=48f242d0 bridge-lock=1 arm=1949->1949 result=1 disable-interp=0(known=0) foreground=1 monitors=0000000021D415E7/0000000021D415E7 cpu=0.097ms
01:36:50.800  qpc=3637074476155 [focus-fg] state: enabled=1 hooked=1 foreground=1 minimized=0 hwnd=00000000025B2E8C scope_calls=1962 original_false=1349 kept=1349 presents=2924 FG_evaluates=5884
01:36:50.967  [fg-history] FG Reset burst starts; contract_changed=0 bridge_pending=0 foreground=1.
01:36:50.972  qpc=3637076172189 [fg-transition] start=3637076119033 frame=0000000000000B79 idx=1/3 queue=0000000031023CD0 reset=1 enable=1 recording=1 not-rendering=0 metering=0 fullscreen=0 slmode=1 known=0x17f hud=40797ed0 back=406d1ed0 real=455512d0 interp=48f248d0 bridge-lock=1 arm=1961->1962 result=1 disable-interp=0(known=0) foreground=1 monitors=0000000021D415E7/0000000021D415E7 cpu=5.315ms
01:36:50.972  qpc=3637076175812 [fg-transition] start=3637076175505 frame=0000000000000B79 idx=2/3 queue=0000000031023CD0 reset=1 enable=1 recording=1 not-rendering=0 metering=0 fullscreen=0 slmode=1 known=0x17f hud=40797ed0 back=406d1ed0 real=0 interp=48f242d0 bridge-lock=1 arm=1962->1962 result=1 disable-interp=0(known=0) foreground=1 monitors=0000000021D415E7/0000000021D415E7 cpu=0.030ms
01:36:50.972  qpc=3637076176328 [fg-transition] start=3637076176180 frame=0000000000000B79 idx=3/3 queue=0000000031023CD0 reset=1 enable=1 recording=1 not-rendering=0 metering=0 fullscreen=0 slmode=1 known=0x17f hud=40797ed0 back=406d1ed0 real=0 interp=4630ead0 bridge-lock=1 arm=1962->1962 result=1 disable-interp=0(known=0) foreground=1 monitors=0000000021D415E7/0000000021D415E7 cpu=0.015ms
01:36:50.972  [fg-history] FG Reset burst ends: 1 real frames, 0 ms.
01:36:50.995  qpc=3637076409381 [fg-transition] start=3637076197436 frame=0000000000000B7A idx=1/3 queue=0000000031023CD0 reset=0 enable=1 recording=1 not-rendering=0 metering=0 fullscreen=0 slmode=1 known=0x17f hud=40797ed0 back=406d3cd0 real=48f248d0 interp=455512d0 bridge-lock=1 arm=1962->1963 result=1 disable-interp=0(known=0) foreground=1 monitors=0000000021D415E7/0000000021D415E7 cpu=21.194ms
01:36:50.997  qpc=3637076432848 [fg-transition] start=3637076431908 frame=0000000000000B7A idx=2/3 queue=0000000031023CD0 reset=0 enable=1 recording=1 not-rendering=0 metering=0 fullscreen=0 slmode=1 known=0x17f hud=40797ed0 back=406d3cd0 real=0 interp=4630ead0 bridge-lock=1 arm=1963->1963 result=1 disable-interp=0(known=0) foreground=1 monitors=0000000021D415E7/0000000021D415E7 cpu=0.094ms
01:36:50.997  qpc=3637076434705 [fg-transition] start=3637076434093 frame=0000000000000B7A idx=3/3 queue=0000000031023CD0 reset=0 enable=1 recording=1 not-rendering=0 metering=0 fullscreen=0 slmode=1 known=0x17f hud=40797ed0 back=406d3cd0 real=0 interp=48f242d0 bridge-lock=1 arm=1963->1963 result=1 disable-interp=0(known=0) foreground=1 monitors=0000000021D415E7/0000000021D415E7 cpu=0.061ms
01:36:51.029  qpc=3637076754308 [fg-transition] start=3637076526779 frame=0000000000000B7B idx=1/3 queue=0000000031023CD0 reset=0 enable=1 recording=1 not-rendering=0 metering=0 fullscreen=0 slmode=1 known=0x17f hud=40797ed0 back=406d0cd0 real=455512d0 interp=48f248d0 bridge-lock=1 arm=1963->1964 result=1 disable-interp=0(known=0) foreground=1 monitors=0000000021D415E7/0000000021D415E7 cpu=22.753ms
01:36:51.040  qpc=3637076865116 [fg-transition] start=3637076864005 frame=0000000000000B7B idx=2/3 queue=0000000031023CD0 reset=0 enable=1 recording=1 not-rendering=0 metering=0 fullscreen=0 slmode=1 known=0x17f hud=40797ed0 back=406d0cd0 real=0 interp=48f242d0 bridge-lock=1 arm=1964->1964 result=1 disable-interp=0(known=0) foreground=1 monitors=0000000021D415E7/0000000021D415E7 cpu=0.111ms
01:36:51.040  qpc=3637076867279 [fg-transition] start=3637076866612 frame=0000000000000B7B idx=3/3 queue=0000000031023CD0 reset=0 enable=1 recording=1 not-rendering=0 metering=0 fullscreen=0 slmode=1 known=0x17f hud=40797ed0 back=406d0cd0 real=0 interp=4630ead0 bridge-lock=1 arm=1964->1964 result=1 disable-interp=0(known=0) foreground=1 monitors=0000000021D415E7/0000000021D415E7 cpu=0.067ms
01:36:51.066  qpc=3637077116438 [fg-transition] start=3637076869712 frame=0000000000000B7C idx=1/3 queue=0000000031023CD0 reset=0 enable=1 recording=1 not-rendering=0 metering=0 fullscreen=0 slmode=1 known=0x17f hud=40797ed0 back=406d1ed0 real=48f248d0 interp=455512d0 bridge-lock=1 arm=1964->1965 result=1 disable-interp=0(known=0) foreground=1 monitors=0000000021D415E7/0000000021D415E7 cpu=24.672ms
01:36:51.095  qpc=3637077405145 [fg-transition] start=3637077404229 frame=0000000000000B7C idx=2/3 queue=0000000031023CD0 reset=0 enable=1 recording=1 not-rendering=0 metering=0 fullscreen=0 slmode=1 known=0x17f hud=40797ed0 back=406d1ed0 real=0 interp=4630ead0 bridge-lock=1 arm=1965->1965 result=1 disable-interp=0(known=0) foreground=1 monitors=0000000021D415E7/0000000021D415E7 cpu=0.091ms
01:36:51.095  qpc=3637077407036 [fg-transition] start=3637077406441 frame=0000000000000B7C idx=3/3 queue=0000000031023CD0 reset=0 enable=1 recording=1 not-rendering=0 metering=0 fullscreen=0 slmode=1 known=0x17f hud=40797ed0 back=406d1ed0 real=0 interp=48f242d0 bridge-lock=1 arm=1965->1965 result=1 disable-interp=0(known=0) foreground=1 monitors=0000000021D415E7/0000000021D415E7 cpu=0.059ms
01:36:54.636  [fg-relay] rate/15.0s p2 import_opt=1: presents=29.9/s present-gate[point=29.9 ready=0.0 fallback=0.0 inactive=0.0]/s noinfo=0.0/s stale=0.0/s unlearned=0.0/s attempts=24.7/s armed=24.7/s skipped=0.0/s busy=0.0/s arm-reject[state=0.0 request=0.0 refused=0.0 stopping=0.0 res=0.0 size=0.0]/s pool[cap=0.0 family=0.0 create=0.0 alloc=0.0]/s copy-drop[fence=0.0 reset=0.0 begin=0.0 end=0.0 submit=0.0]/s cf[seq=0.0/s idle=0.0/s nrfence=0.0/s] slotbusy=0.0/s copyfence-busy=0.0/s nr-gpuwait=22.0/s flips=0.0/s
01:36:54.636  [fg-relay] rate2: fginput eval=74.2/s index!=1=49.5/s eval-gate[off=0.0 fallback=0.0 notready=0.0 noinput=0.0 noqueue=0.0]/s relay eval=24.7/s consume=0.0/s inplace=24.7/s(ok 24.7/s) unarmed=0.0/s mismatch=0.0/s relbusy=0.0/s relok=24.7/s relfail=0.0/s release-stage[queue=0.0 pool=0.0 fence=0.0 reset=0.0 begin=0.0 end=0.0 submit=0.0]/s watchdog=0.0/s | worker plays=24.7/s ok=24.7/s fail=0.0/s nr_absent=0.0/s copyfail=0.0/s
01:36:54.636  [fg-relay] rate3: arm->arm avg=42.14ms max=1961.26ms n=2055 | arm->work avg=0.01ms max=0.68ms | arm->eval avg=0.00ms max=0.00ms | copywait avg=0.008ms max=0.145ms | copy-land<= avg=57.40ms max=1960.89ms | work avg=11.50ms max=221.78ms | totals armed=2056 unarmed=0 skipped=0 busy=0 mismatch=0 copies_failed=0 writes=2056 conflicts=0
01:36:54.636  [fg-relay] rate4: throttle depth=1 off=0 | sleep calls=29.9/s waits=24.5/s clear=5.3/s timeouts=0.0/s avg=28.40ms | present calls=29.9/s waits=0.0/s clear=0.0/s timeouts=0.0/s avg=0.00ms | max=111.97ms (process)
01:36:55.850  qpc=3637124960435 [fg-transition] start=3637124959153 frame=0000000000000BF6 idx=2/3 queue=0000000031023CD0 reset=0 enable=1 recording=1 not-rendering=0 metering=0 fullscreen=0 slmode=1 known=0x17f hud=40797ed0 back=406d0cd0 real=0 interp=4630ead0 bridge-lock=1 arm=2087->2087 result=1 disable-interp=0(known=0) foreground=0 monitors=0000000021D415E7/0000000046ED07EF cpu=0.128ms
01:36:55.850  qpc=3637124962630 [fg-transition] start=3637124961967 frame=0000000000000BF6 idx=3/3 queue=0000000031023CD0 reset=0 enable=1 recording=1 not-rendering=0 metering=0 fullscreen=0 slmode=1 known=0x17f hud=40797ed0 back=406d0cd0 real=0 interp=48f242d0 bridge-lock=1 arm=2087->2087 result=1 disable-interp=0(known=0) foreground=0 monitors=0000000021D415E7/0000000046ED07EF cpu=0.066ms
01:36:55.859  qpc=3637125042583 [fg-transition] start=3637124963087 frame=0000000000000BF7 idx=1/3 queue=0000000031023CD0 reset=0 enable=1 recording=1 not-rendering=0 metering=0 fullscreen=0 slmode=1 known=0x17f hud=40797ed0 back=406d1ed0 real=455512d0 interp=48f248d0 bridge-lock=1 arm=2087->2088 result=1 disable-interp=0(known=0) foreground=0 monitors=0000000021D415E7/0000000046ED07EF cpu=7.949ms
01:36:55.889  qpc=3637125348802 [fg-transition] start=3637125347631 frame=0000000000000BF7 idx=2/3 queue=0000000031023CD0 reset=0 enable=1 recording=1 not-rendering=0 metering=0 fullscreen=0 slmode=1 known=0x17f hud=40797ed0 back=406d1ed0 real=0 interp=48f242d0 bridge-lock=1 arm=2088->2088 result=1 disable-interp=0(known=0) foreground=0 monitors=0000000021D415E7/0000000046ED07EF cpu=0.117ms
01:36:55.889  qpc=3637125350799 [fg-transition] start=3637125350094 frame=0000000000000BF7 idx=3/3 queue=0000000031023CD0 reset=0 enable=1 recording=1 not-rendering=0 metering=0 fullscreen=0 slmode=1 known=0x17f hud=40797ed0 back=406d1ed0 real=0 interp=4630ead0 bridge-lock=1 arm=2088->2088 result=1 disable-interp=0(known=0) foreground=0 monitors=0000000021D415E7/0000000046ED07EF cpu=0.070ms
01:36:55.889  qpc=3637125374066 [focus-fg] state: enabled=1 hooked=1 foreground=0 minimized=0 hwnd=00000000025B2E8C scope_calls=2090 original_false=1351 kept=1351 presents=3064 FG_evaluates=6268
01:36:55.898  qpc=3637125437405 [fg-transition] start=3637125351281 frame=0000000000000BF8 idx=1/3 queue=0000000031023CD0 reset=0 enable=1 recording=1 not-rendering=0 metering=0 fullscreen=0 slmode=1 known=0x17f hud=40797ed0 back=406d3cd0 real=48f248d0 interp=455512d0 bridge-lock=1 arm=2088->2089 result=1 disable-interp=0(known=0) foreground=0 monitors=0000000021D415E7/0000000046ED07EF cpu=8.612ms
01:36:55.929  qpc=3637125746254 [fg-transition] start=3637125745029 frame=0000000000000BF8 idx=2/3 queue=0000000031023CD0 reset=0 enable=1 recording=1 not-rendering=0 metering=0 fullscreen=0 slmode=1 known=0x17f hud=40797ed0 back=406d3cd0 real=0 interp=4630ead0 bridge-lock=1 arm=2089->2089 result=1 disable-interp=0(known=0) foreground=0 monitors=0000000021D415E7/0000000046ED07EF cpu=0.122ms
01:36:55.929  qpc=3637125748407 [fg-transition] start=3637125747736 frame=0000000000000BF8 idx=3/3 queue=0000000031023CD0 reset=0 enable=1 recording=1 not-rendering=0 metering=0 fullscreen=0 slmode=1 known=0x17f hud=40797ed0 back=406d3cd0 real=0 interp=48f242d0 bridge-lock=1 arm=2089->2089 result=1 disable-interp=0(known=0) foreground=0 monitors=0000000021D415E7/0000000046ED07EF cpu=0.067ms
01:36:55.938  qpc=3637125837979 [fg-transition] start=3637125748905 frame=0000000000000BF9 idx=1/3 queue=0000000031023CD0 reset=0 enable=1 recording=1 not-rendering=0 metering=0 fullscreen=0 slmode=1 known=0x17f hud=40797ed0 back=406d0cd0 real=455512d0 interp=48f248d0 bridge-lock=1 arm=2089->2090 result=1 disable-interp=0(known=0) foreground=0 monitors=0000000021D415E7/0000000046ED07EF cpu=8.907ms
01:36:55.970  qpc=3637126153854 [fg-transition] start=3637126152579 frame=0000000000000BF9 idx=2/3 queue=0000000031023CD0 reset=0 enable=1 recording=1 not-rendering=0 metering=0 fullscreen=0 slmode=1 known=0x17f hud=40797ed0 back=406d0cd0 real=0 interp=48f242d0 bridge-lock=1 arm=2090->2090 result=1 disable-interp=0(known=0) foreground=0 monitors=0000000021D415E7/0000000046ED07EF cpu=0.127ms
01:36:55.970  qpc=3637126156014 [fg-transition] start=3637126155349 frame=0000000000000BF9 idx=3/3 queue=0000000031023CD0 reset=0 enable=1 recording=1 not-rendering=0 metering=0 fullscreen=0 slmode=1 known=0x17f hud=40797ed0 back=406d0cd0 real=0 interp=4630ead0 bridge-lock=1 arm=2090->2090 result=1 disable-interp=0(known=0) foreground=0 monitors=0000000021D415E7/0000000046ED07EF cpu=0.067ms
01:36:55.977  qpc=3637126220700 [fg-transition] start=3637126156518 frame=0000000000000BFA idx=1/3 queue=0000000031023CD0 reset=0 enable=1 recording=1 not-rendering=0 metering=0 fullscreen=0 slmode=1 known=0x17f hud=40797ed0 back=406d1ed0 real=48f248d0 interp=455512d0 bridge-lock=1 arm=2090->2091 result=1 disable-interp=0(known=0) foreground=0 monitors=0000000021D415E7/0000000046ED07EF cpu=6.418ms
01:36:57.247  [fg-history] FG Reset burst starts; contract_changed=0 bridge_pending=0 foreground=0.
01:36:57.254  qpc=3637138977448 [fg-transition] start=3637138947074 frame=0000000000000C27 idx=1/3 queue=00000000310228D0 reset=1 enable=1 recording=1 not-rendering=0 metering=2 fullscreen=0 slmode=1 known=0x17f hud=40797ed0 back=406d1ed0 real=48f242d0 interp=48f248d0 bridge-lock=1 arm=2121->2122 result=1 disable-interp=0(known=0) foreground=0 monitors=0000000021D415E7/0000000046ED07EF cpu=3.037ms
01:36:57.255  qpc=3637138983537 [fg-transition] start=3637138983241 frame=0000000000000C27 idx=2/3 queue=00000000310228D0 reset=1 enable=1 recording=1 not-rendering=0 metering=2 fullscreen=0 slmode=1 known=0x17f hud=40797ed0 back=406d1ed0 real=0 interp=48f248d0 bridge-lock=1 arm=2122->2122 result=1 disable-interp=0(known=0) foreground=0 monitors=0000000021D415E7/0000000046ED07EF cpu=0.029ms
01:36:57.255  qpc=3637138986624 [fg-transition] start=3637138986412 frame=0000000000000C27 idx=3/3 queue=00000000310228D0 reset=1 enable=1 recording=1 not-rendering=0 metering=2 fullscreen=0 slmode=1 known=0x17f hud=40797ed0 back=406d1ed0 real=0 interp=48f248d0 bridge-lock=1 arm=2122->2122 result=1 disable-interp=0(known=0) foreground=0 monitors=0000000021D415E7/0000000046ED07EF cpu=0.021ms
01:36:57.255  [fg-history] FG Reset burst ends: 1 real frames, 16 ms.
01:36:57.280  qpc=3637139253604 [fg-transition] start=3637139025107 frame=0000000000000C28 idx=1/3 queue=00000000310228D0 reset=0 enable=1 recording=1 not-rendering=0 metering=2 fullscreen=0 slmode=1 known=0x17f hud=40797ed0 back=406d3cd0 real=48f248d0 interp=48f242d0 bridge-lock=1 arm=2122->2123 result=1 disable-interp=0(known=0) foreground=0 monitors=0000000021D415E7/0000000046ED07EF cpu=22.849ms
01:36:57.280  qpc=3637139259808 [fg-transition] start=3637139258988 frame=0000000000000C28 idx=2/3 queue=00000000310228D0 reset=0 enable=1 recording=1 not-rendering=0 metering=2 fullscreen=0 slmode=1 known=0x17f hud=40797ed0 back=406d3cd0 real=0 interp=48f242d0 bridge-lock=1 arm=2123->2123 result=1 disable-interp=0(known=0) foreground=0 monitors=0000000021D415E7/0000000046ED07EF cpu=0.082ms
01:36:57.280  qpc=3637139260980 [fg-transition] start=3637139260253 frame=0000000000000C28 idx=3/3 queue=00000000310228D0 reset=0 enable=1 recording=1 not-rendering=0 metering=2 fullscreen=0 slmode=1 known=0x17f hud=40797ed0 back=406d3cd0 real=0 interp=48f242d0 bridge-lock=1 arm=2123->2123 result=1 disable-interp=0(known=0) foreground=0 monitors=0000000021D415E7/0000000046ED07EF cpu=0.073ms
01:36:57.313  qpc=3637139588615 [fg-transition] start=3637139351243 frame=0000000000000C29 idx=1/3 queue=00000000310228D0 reset=0 enable=1 recording=1 not-rendering=0 metering=2 fullscreen=0 slmode=1 known=0x17f hud=40797ed0 back=406d0cd0 real=48f242d0 interp=48f248d0 bridge-lock=1 arm=2123->2124 result=1 disable-interp=0(known=0) foreground=0 monitors=0000000021D415E7/0000000046ED07EF cpu=23.737ms
01:36:57.313  qpc=3637139591318 [fg-transition] start=3637139590504 frame=0000000000000C29 idx=2/3 queue=00000000310228D0 reset=0 enable=1 recording=1 not-rendering=0 metering=2 fullscreen=0 slmode=1 known=0x17f hud=40797ed0 back=406d0cd0 real=0 interp=48f248d0 bridge-lock=1 arm=2124->2124 result=1 disable-interp=0(known=0) foreground=0 monitors=0000000021D415E7/0000000046ED07EF cpu=0.081ms
01:36:57.313  qpc=3637139592498 [fg-transition] start=3637139591801 frame=0000000000000C29 idx=3/3 queue=00000000310228D0 reset=0 enable=1 recording=1 not-rendering=0 metering=2 fullscreen=0 slmode=1 known=0x17f hud=40797ed0 back=406d0cd0 real=0 interp=48f248d0 bridge-lock=1 arm=2124->2124 result=1 disable-interp=0(known=0) foreground=0 monitors=0000000021D415E7/0000000046ED07EF cpu=0.070ms
01:36:57.349  qpc=3637139948005 [fg-transition] start=3637139694658 frame=0000000000000C2A idx=1/3 queue=00000000310228D0 reset=0 enable=1 recording=1 not-rendering=0 metering=2 fullscreen=0 slmode=1 known=0x17f hud=40797ed0 back=406d1ed0 real=48f248d0 interp=48f242d0 bridge-lock=1 arm=2124->2125 result=1 disable-interp=0(known=0) foreground=0 monitors=0000000021D415E7/0000000046ED07EF cpu=25.334ms
01:36:57.349  qpc=3637139955417 [fg-transition] start=3637139954452 frame=0000000000000C2A idx=2/3 queue=00000000310228D0 reset=0 enable=1 recording=1 not-rendering=0 metering=2 fullscreen=0 slmode=1 known=0x17f hud=40797ed0 back=406d1ed0 real=0 interp=48f242d0 bridge-lock=1 arm=2125->2125 result=1 disable-interp=0(known=0) foreground=0 monitors=0000000021D415E7/0000000046ED07EF cpu=0.096ms
01:36:57.349  qpc=3637139959905 [fg-transition] start=3637139959051 frame=0000000000000C2A idx=3/3 queue=00000000310228D0 reset=0 enable=1 recording=1 not-rendering=0 metering=2 fullscreen=0 slmode=1 known=0x17f hud=40797ed0 back=406d1ed0 real=0 interp=48f242d0 bridge-lock=1 arm=2125->2125 result=1 disable-interp=0(known=0) foreground=0 monitors=0000000021D415E7/0000000046ED07EF cpu=0.085ms
01:36:59.407  qpc=3637160526279 [fg-transition] start=3637160507226 frame=0000000000000C5D idx=1/3 queue=00000000310228D0 reset=0 enable=1 recording=1 not-rendering=0 metering=2 fullscreen=0 slmode=1 known=0x17f hud=40797ed0 back=406d1ed0 real=48f242d0 interp=48f248d0 bridge-lock=1 arm=2175->2176 result=1 disable-interp=0(known=0) foreground=1 monitors=0000000021D415E7/0000000021D415E7 cpu=1.905ms
01:36:59.407  qpc=3637160533201 [fg-transition] start=3637160532325 frame=0000000000000C5D idx=2/3 queue=00000000310228D0 reset=0 enable=1 recording=1 not-rendering=0 metering=2 fullscreen=0 slmode=1 known=0x17f hud=40797ed0 back=406d1ed0 real=0 interp=48f248d0 bridge-lock=1 arm=2176->2176 result=1 disable-interp=0(known=0) foreground=1 monitors=0000000021D415E7/0000000021D415E7 cpu=0.087ms
01:36:59.407  qpc=3637160536921 [fg-transition] start=3637160536230 frame=0000000000000C5D idx=3/3 queue=00000000310228D0 reset=0 enable=1 recording=1 not-rendering=0 metering=2 fullscreen=0 slmode=1 known=0x17f hud=40797ed0 back=406d1ed0 real=0 interp=48f248d0 bridge-lock=1 arm=2176->2176 result=1 disable-interp=0(known=0) foreground=1 monitors=0000000021D415E7/0000000021D415E7 cpu=0.069ms
01:36:59.454  qpc=3637160999109 [fg-transition] start=3637160979647 frame=0000000000000C5E idx=1/3 queue=00000000310228D0 reset=0 enable=1 recording=1 not-rendering=0 metering=2 fullscreen=0 slmode=1 known=0x17f hud=40797ed0 back=406d3cd0 real=48f248d0 interp=48f242d0 bridge-lock=1 arm=2176->2177 result=1 disable-interp=0(known=0) foreground=1 monitors=0000000021D415E7/0000000021D415E7 cpu=1.946ms
01:36:59.454  qpc=3637161005103 [fg-transition] start=3637161004312 frame=0000000000000C5E idx=2/3 queue=00000000310228D0 reset=0 enable=1 recording=1 not-rendering=0 metering=2 fullscreen=0 slmode=1 known=0x17f hud=40797ed0 back=406d3cd0 real=0 interp=48f242d0 bridge-lock=1 arm=2177->2177 result=1 disable-interp=0(known=0) foreground=1 monitors=0000000021D415E7/0000000021D415E7 cpu=0.079ms
01:36:59.454  qpc=3637161008604 [fg-transition] start=3637161007954 frame=0000000000000C5E idx=3/3 queue=00000000310228D0 reset=0 enable=1 recording=1 not-rendering=0 metering=2 fullscreen=0 slmode=1 known=0x17f hud=40797ed0 back=406d3cd0 real=0 interp=48f242d0 bridge-lock=1 arm=2177->2177 result=1 disable-interp=0(known=0) foreground=1 monitors=0000000021D415E7/0000000021D415E7 cpu=0.065ms
01:36:59.488  qpc=3637161334798 [fg-transition] start=3637161074734 frame=0000000000000C5F idx=1/3 queue=00000000310228D0 reset=0 enable=1 recording=1 not-rendering=0 metering=2 fullscreen=0 slmode=1 known=0x17f hud=40797ed0 back=406d0cd0 real=48f242d0 interp=48f248d0 bridge-lock=1 arm=2177->2178 result=1 disable-interp=0(known=0) foreground=1 monitors=0000000021D415E7/0000000021D415E7 cpu=26.006ms
01:36:59.488  qpc=3637161344599 [fg-transition] start=3637161343582 frame=0000000000000C5F idx=2/3 queue=00000000310228D0 reset=0 enable=1 recording=1 not-rendering=0 metering=2 fullscreen=0 slmode=1 known=0x17f hud=40797ed0 back=406d0cd0 real=0 interp=48f248d0 bridge-lock=1 arm=2178->2178 result=1 disable-interp=0(known=0) foreground=1 monitors=0000000021D415E7/0000000021D415E7 cpu=0.101ms
01:36:59.489  qpc=3637161350544 [fg-transition] start=3637161349576 frame=0000000000000C5F idx=3/3 queue=00000000310228D0 reset=0 enable=1 recording=1 not-rendering=0 metering=2 fullscreen=0 slmode=1 known=0x17f hud=40797ed0 back=406d0cd0 real=0 interp=48f248d0 bridge-lock=1 arm=2178->2178 result=1 disable-interp=0(known=0) foreground=1 monitors=0000000021D415E7/0000000021D415E7 cpu=0.097ms
01:36:59.528  qpc=3637161738308 [fg-transition] start=3637161478424 frame=0000000000000C60 idx=1/3 queue=00000000310228D0 reset=0 enable=1 recording=1 not-rendering=0 metering=2 fullscreen=0 slmode=1 known=0x17f hud=40797ed0 back=406d1ed0 real=48f248d0 interp=48f242d0 bridge-lock=1 arm=2178->2179 result=1 disable-interp=0(known=0) foreground=1 monitors=0000000021D415E7/0000000021D415E7 cpu=25.988ms
01:36:59.532  qpc=3637161786643 [fg-transition] start=3637161785456 frame=0000000000000C60 idx=2/3 queue=00000000310228D0 reset=0 enable=1 recording=1 not-rendering=0 metering=2 fullscreen=0 slmode=1 known=0x17f hud=40797ed0 back=406d1ed0 real=0 interp=48f242d0 bridge-lock=1 arm=2179->2179 result=1 disable-interp=0(known=0) foreground=1 monitors=0000000021D415E7/0000000021D415E7 cpu=0.118ms
01:36:59.533  qpc=3637161791948 [fg-transition] start=3637161791186 frame=0000000000000C60 idx=3/3 queue=00000000310228D0 reset=0 enable=1 recording=1 not-rendering=0 metering=2 fullscreen=0 slmode=1 known=0x17f hud=40797ed0 back=406d1ed0 real=0 interp=48f242d0 bridge-lock=1 arm=2179->2179 result=1 disable-interp=0(known=0) foreground=1 monitors=0000000021D415E7/0000000021D415E7 cpu=0.076ms
01:36:59.934  qpc=3637165817278 [focus-fg] state: enabled=1 hooked=1 foreground=1 minimized=0 hwnd=00000000025B2E8C scope_calls=2191 original_false=1437 kept=1437 presents=3179 FG_evaluates=6571
01:37:00.107  [fg-history] FG Reset burst starts; contract_changed=0 bridge_pending=0 foreground=1.
01:37:00.111  qpc=3637167568029 [fg-transition] start=3637167533159 frame=0000000000000C78 idx=1/3 queue=0000000031023CD0 reset=1 enable=1 recording=1 not-rendering=0 metering=0 fullscreen=0 slmode=1 known=0x17f hud=40797ed0 back=406d1ed0 real=45cb0cd0 interp=48f242d0 bridge-lock=1 arm=2190->2191 result=1 disable-interp=0(known=0) foreground=1 monitors=0000000021D415E7/0000000021D415E7 cpu=3.487ms
01:37:00.111  qpc=3637167570175 [fg-transition] start=3637167569948 frame=0000000000000C78 idx=2/3 queue=0000000031023CD0 reset=1 enable=1 recording=1 not-rendering=0 metering=0 fullscreen=0 slmode=1 known=0x17f hud=40797ed0 back=406d1ed0 real=0 interp=48f248d0 bridge-lock=1 arm=2191->2191 result=1 disable-interp=0(known=0) foreground=1 monitors=0000000021D415E7/0000000021D415E7 cpu=0.023ms
01:37:00.111  qpc=3637167570610 [fg-transition] start=3637167570473 frame=0000000000000C78 idx=3/3 queue=0000000031023CD0 reset=1 enable=1 recording=1 not-rendering=0 metering=0 fullscreen=0 slmode=1 known=0x17f hud=40797ed0 back=406d1ed0 real=0 interp=45cb54d0 bridge-lock=1 arm=2191->2191 result=1 disable-interp=0(known=0) foreground=1 monitors=0000000021D415E7/0000000021D415E7 cpu=0.014ms
01:37:00.115  [fg-history] FG Reset burst ends: 1 real frames, 0 ms.
01:37:00.137  qpc=3637167823072 [fg-transition] start=3637167625667 frame=0000000000000C79 idx=1/3 queue=0000000031023CD0 reset=0 enable=1 recording=1 not-rendering=0 metering=0 fullscreen=0 slmode=1 known=0x17f hud=40797ed0 back=406d3cd0 real=48f242d0 interp=45cb0cd0 bridge-lock=1 arm=2191->2192 result=1 disable-interp=0(known=0) foreground=1 monitors=0000000021D415E7/0000000021D415E7 cpu=19.740ms
01:37:00.137  qpc=3637167841424 [fg-transition] start=3637167840250 frame=0000000000000C79 idx=2/3 queue=0000000031023CD0 reset=0 enable=1 recording=1 not-rendering=0 metering=0 fullscreen=0 slmode=1 known=0x17f hud=40797ed0 back=406d3cd0 real=0 interp=45cb54d0 bridge-lock=1 arm=2192->2192 result=1 disable-interp=0(known=0) foreground=1 monitors=0000000021D415E7/0000000021D415E7 cpu=0.117ms
01:37:00.137  qpc=3637167842759 [fg-transition] start=3637167841960 frame=0000000000000C79 idx=3/3 queue=0000000031023CD0 reset=0 enable=1 recording=1 not-rendering=0 metering=0 fullscreen=0 slmode=1 known=0x17f hud=40797ed0 back=406d3cd0 real=0 interp=48f248d0 bridge-lock=1 arm=2192->2192 result=1 disable-interp=0(known=0) foreground=1 monitors=0000000021D415E7/0000000021D415E7 cpu=0.080ms
01:37:00.171  qpc=3637168162499 [fg-transition] start=3637167906536 frame=0000000000000C7A idx=1/3 queue=0000000031023CD0 reset=0 enable=1 recording=1 not-rendering=0 metering=0 fullscreen=0 slmode=1 known=0x17f hud=40797ed0 back=406d0cd0 real=45cb0cd0 interp=48f242d0 bridge-lock=1 arm=2192->2193 result=1 disable-interp=0(known=0) foreground=1 monitors=0000000021D415E7/0000000021D415E7 cpu=25.596ms
01:37:00.181  qpc=3637168271657 [fg-transition] start=3637168270644 frame=0000000000000C7A idx=2/3 queue=0000000031023CD0 reset=0 enable=1 recording=1 not-rendering=0 metering=0 fullscreen=0 slmode=1 known=0x17f hud=40797ed0 back=406d0cd0 real=0 interp=48f248d0 bridge-lock=1 arm=2193->2193 result=1 disable-interp=0(known=0) foreground=1 monitors=0000000021D415E7/0000000021D415E7 cpu=0.101ms
01:37:00.181  qpc=3637168273526 [fg-transition] start=3637168272922 frame=0000000000000C7A idx=3/3 queue=0000000031023CD0 reset=0 enable=1 recording=1 not-rendering=0 metering=0 fullscreen=0 slmode=1 known=0x17f hud=40797ed0 back=406d0cd0 real=0 interp=45cb54d0 bridge-lock=1 arm=2193->2193 result=1 disable-interp=0(known=0) foreground=1 monitors=0000000021D415E7/0000000021D415E7 cpu=0.060ms
01:37:00.206  qpc=3637168515530 [fg-transition] start=3637168273917 frame=0000000000000C7B idx=1/3 queue=0000000031023CD0 reset=0 enable=1 recording=1 not-rendering=0 metering=0 fullscreen=0 slmode=1 known=0x17f hud=40797ed0 back=406d1ed0 real=48f242d0 interp=45cb0cd0 bridge-lock=1 arm=2193->2194 result=1 disable-interp=0(known=0) foreground=1 monitors=0000000021D415E7/0000000021D415E7 cpu=24.161ms
01:37:00.234  qpc=3637168800501 [fg-transition] start=3637168799379 frame=0000000000000C7B idx=2/3 queue=0000000031023CD0 reset=0 enable=1 recording=1 not-rendering=0 metering=0 fullscreen=0 slmode=1 known=0x17f hud=40797ed0 back=406d1ed0 real=0 interp=45cb54d0 bridge-lock=1 arm=2194->2194 result=1 disable-interp=0(known=0) foreground=1 monitors=0000000021D415E7/0000000021D415E7 cpu=0.112ms
01:37:00.234  qpc=3637168802479 [fg-transition] start=3637168801846 frame=0000000000000C7B idx=3/3 queue=0000000031023CD0 reset=0 enable=1 recording=1 not-rendering=0 metering=0 fullscreen=0 slmode=1 known=0x17f hud=40797ed0 back=406d1ed0 real=0 interp=48f248d0 bridge-lock=1 arm=2194->2194 result=1 disable-interp=0(known=0) foreground=1 monitors=0000000021D415E7/0000000021D415E7 cpu=0.063ms
01:37:02.224  qpc=3637188703396 [fg-transition] start=3637188702131 frame=0000000000000CAE idx=2/3 queue=0000000031023CD0 reset=0 enable=1 recording=1 not-rendering=0 metering=0 fullscreen=0 slmode=1 known=0x17f hud=40797ed0 back=406d1ed0 real=0 interp=48f248d0 bridge-lock=1 arm=2245->2245 result=1 disable-interp=0(known=0) foreground=0 monitors=0000000021D415E7/0000000000000000 cpu=0.126ms
01:37:02.225  qpc=3637188706032 [fg-transition] start=3637188705028 frame=0000000000000CAE idx=3/3 queue=0000000031023CD0 reset=0 enable=1 recording=1 not-rendering=0 metering=0 fullscreen=0 slmode=1 known=0x17f hud=40797ed0 back=406d1ed0 real=0 interp=45cb54d0 bridge-lock=1 arm=2245->2245 result=1 disable-interp=0(known=0) foreground=0 monitors=0000000021D415E7/0000000046ED07EF cpu=0.100ms
01:37:02.230  qpc=3637188767769 [fg-transition] start=3637188706734 frame=0000000000000CAF idx=1/3 queue=0000000031023CD0 reset=0 enable=1 recording=1 not-rendering=0 metering=0 fullscreen=0 slmode=1 known=0x17f hud=40797ed0 back=406d3cd0 real=48f242d0 interp=45cb0cd0 bridge-lock=1 arm=2245->2246 result=1 disable-interp=0(known=0) foreground=0 monitors=0000000021D415E7/0000000046ED07EF cpu=6.103ms
01:37:02.263  qpc=3637189082611 [fg-transition] start=3637189081330 frame=0000000000000CAF idx=2/3 queue=0000000031023CD0 reset=0 enable=1 recording=1 not-rendering=0 metering=0 fullscreen=0 slmode=1 known=0x17f hud=40797ed0 back=406d3cd0 real=0 interp=45cb54d0 bridge-lock=1 arm=2246->2246 result=1 disable-interp=0(known=0) foreground=0 monitors=0000000021D415E7/0000000046ED07EF cpu=0.128ms
01:37:02.263  qpc=3637189084930 [fg-transition] start=3637189084274 frame=0000000000000CAF idx=3/3 queue=0000000031023CD0 reset=0 enable=1 recording=1 not-rendering=0 metering=0 fullscreen=0 slmode=1 known=0x17f hud=40797ed0 back=406d3cd0 real=0 interp=48f248d0 bridge-lock=1 arm=2246->2246 result=1 disable-interp=0(known=0) foreground=0 monitors=0000000021D415E7/0000000046ED07EF cpu=0.066ms
01:37:02.269  qpc=3637189153637 [fg-transition] start=3637189085414 frame=0000000000000CB0 idx=1/3 queue=0000000031023CD0 reset=0 enable=1 recording=1 not-rendering=0 metering=0 fullscreen=0 slmode=1 known=0x17f hud=40797ed0 back=406d0cd0 real=45cb0cd0 interp=48f242d0 bridge-lock=1 arm=2246->2247 result=1 disable-interp=0(known=0) foreground=0 monitors=0000000021D415E7/0000000046ED07EF cpu=6.822ms
01:37:02.301  qpc=3637189463944 [fg-transition] start=3637189462702 frame=0000000000000CB0 idx=2/3 queue=0000000031023CD0 reset=0 enable=1 recording=1 not-rendering=0 metering=0 fullscreen=0 slmode=1 known=0x17f hud=40797ed0 back=406d0cd0 real=0 interp=48f248d0 bridge-lock=1 arm=2247->2247 result=1 disable-interp=0(known=0) foreground=0 monitors=0000000021D415E7/0000000046ED07EF cpu=0.124ms
01:37:02.301  qpc=3637189466237 [fg-transition] start=3637189465490 frame=0000000000000CB0 idx=3/3 queue=0000000031023CD0 reset=0 enable=1 recording=1 not-rendering=0 metering=0 fullscreen=0 slmode=1 known=0x17f hud=40797ed0 back=406d0cd0 real=0 interp=45cb54d0 bridge-lock=1 arm=2247->2247 result=1 disable-interp=0(known=0) foreground=0 monitors=0000000021D415E7/0000000046ED07EF cpu=0.075ms
01:37:02.309  qpc=3637189544890 [fg-transition] start=3637189466726 frame=0000000000000CB1 idx=1/3 queue=0000000031023CD0 reset=0 enable=1 recording=1 not-rendering=0 metering=0 fullscreen=0 slmode=1 known=0x17f hud=40797ed0 back=406d1ed0 real=48f242d0 interp=45cb0cd0 bridge-lock=1 arm=2247->2248 result=1 disable-interp=0(known=0) foreground=0 monitors=0000000021D415E7/0000000046ED07EF cpu=7.816ms
01:37:02.340  qpc=3637189856495 [fg-transition] start=3637189855346 frame=0000000000000CB1 idx=2/3 queue=0000000031023CD0 reset=0 enable=1 recording=1 not-rendering=0 metering=0 fullscreen=0 slmode=1 known=0x17f hud=40797ed0 back=406d1ed0 real=0 interp=45cb54d0 bridge-lock=1 arm=2248->2248 result=1 disable-interp=0(known=0) foreground=0 monitors=0000000021D415E7/0000000046ED07EF cpu=0.115ms
01:37:02.340  qpc=3637189858496 [fg-transition] start=3637189857866 frame=0000000000000CB1 idx=3/3 queue=0000000031023CD0 reset=0 enable=1 recording=1 not-rendering=0 metering=0 fullscreen=0 slmode=1 known=0x17f hud=40797ed0 back=406d1ed0 real=0 interp=48f248d0 bridge-lock=1 arm=2248->2248 result=1 disable-interp=0(known=0) foreground=0 monitors=0000000021D415E7/0000000046ED07EF cpu=0.063ms
01:37:02.349  qpc=3637189946961 [fg-transition] start=3637189858957 frame=0000000000000CB2 idx=1/3 queue=0000000031023CD0 reset=0 enable=1 recording=1 not-rendering=0 metering=0 fullscreen=0 slmode=1 known=0x17f hud=40797ed0 back=406d3cd0 real=45cb0cd0 interp=48f242d0 bridge-lock=1 arm=2248->2249 result=1 disable-interp=0(known=0) foreground=0 monitors=0000000021D415E7/0000000046ED07EF cpu=8.800ms
01:37:03.001  qpc=3637196487635 [focus-fg] state: enabled=1 hooked=1 foreground=0 minimized=0 hwnd=00000000025B2E8C scope_calls=2268 original_false=1458 kept=1458 presents=3268 FG_evaluates=6799
01:37:03.669  [fg-history] FG Reset burst starts; contract_changed=0 bridge_pending=0 foreground=0.
01:37:03.674  qpc=3637203193915 [fg-transition] start=3637203165618 frame=0000000000000CE1 idx=1/3 queue=00000000310228D0 reset=1 enable=1 recording=1 not-rendering=0 metering=2 fullscreen=0 slmode=1 known=0x17f hud=40797ed0 back=406d1ed0 real=48f248d0 interp=48f242d0 bridge-lock=1 arm=2280->2281 result=1 disable-interp=0(known=0) foreground=0 monitors=0000000021D415E7/0000000046ED07EF cpu=2.829ms
01:37:03.675  qpc=3637203202823 [fg-transition] start=3637203202442 frame=0000000000000CE1 idx=2/3 queue=00000000310228D0 reset=1 enable=1 recording=1 not-rendering=0 metering=2 fullscreen=0 slmode=1 known=0x17f hud=40797ed0 back=406d1ed0 real=0 interp=48f242d0 bridge-lock=1 arm=2281->2281 result=1 disable-interp=0(known=0) foreground=0 monitors=0000000021D415E7/0000000046ED07EF cpu=0.038ms
01:37:03.675  qpc=3637203211579 [fg-transition] start=3637203211165 frame=0000000000000CE1 idx=3/3 queue=00000000310228D0 reset=1 enable=1 recording=1 not-rendering=0 metering=2 fullscreen=0 slmode=1 known=0x17f hud=40797ed0 back=406d1ed0 real=0 interp=48f242d0 bridge-lock=1 arm=2281->2281 result=1 disable-interp=0(known=0) foreground=0 monitors=0000000021D415E7/0000000046ED07EF cpu=0.041ms
01:37:03.676  [fg-history] FG Reset burst ends: 1 real frames, 15 ms.
01:37:03.700  qpc=3637203460193 [fg-transition] start=3637203235109 frame=0000000000000CE2 idx=1/3 queue=00000000310228D0 reset=0 enable=1 recording=1 not-rendering=0 metering=2 fullscreen=0 slmode=1 known=0x17f hud=40797ed0 back=406d3cd0 real=48f242d0 interp=48f248d0 bridge-lock=1 arm=2281->2282 result=1 disable-interp=0(known=0) foreground=0 monitors=0000000021D415E7/0000000046ED07EF cpu=22.508ms
01:37:03.700  qpc=3637203466515 [fg-transition] start=3637203465668 frame=0000000000000CE2 idx=2/3 queue=00000000310228D0 reset=0 enable=1 recording=1 not-rendering=0 metering=2 fullscreen=0 slmode=1 known=0x17f hud=40797ed0 back=406d3cd0 real=0 interp=48f248d0 bridge-lock=1 arm=2282->2282 result=1 disable-interp=0(known=0) foreground=0 monitors=0000000021D415E7/0000000046ED07EF cpu=0.085ms
01:37:03.700  qpc=3637203467514 [fg-transition] start=3637203466955 frame=0000000000000CE2 idx=3/3 queue=00000000310228D0 reset=0 enable=1 recording=1 not-rendering=0 metering=2 fullscreen=0 slmode=1 known=0x17f hud=40797ed0 back=406d3cd0 real=0 interp=48f248d0 bridge-lock=1 arm=2282->2282 result=1 disable-interp=0(known=0) foreground=0 monitors=0000000021D415E7/0000000046ED07EF cpu=0.056ms
01:37:03.745  qpc=3637203909547 [fg-transition] start=3637203888588 frame=0000000000000CE3 idx=1/3 queue=00000000310228D0 reset=0 enable=1 recording=1 not-rendering=0 metering=2 fullscreen=0 slmode=1 known=0x17f hud=40797ed0 back=406d0cd0 real=48f248d0 interp=48f242d0 bridge-lock=1 arm=2282->2283 result=1 disable-interp=0(known=0) foreground=0 monitors=0000000021D415E7/0000000046ED07EF cpu=2.095ms
01:37:03.746  qpc=3637203917639 [fg-transition] start=3637203916736 frame=0000000000000CE3 idx=2/3 queue=00000000310228D0 reset=0 enable=1 recording=1 not-rendering=0 metering=2 fullscreen=0 slmode=1 known=0x17f hud=40797ed0 back=406d0cd0 real=0 interp=48f242d0 bridge-lock=1 arm=2283->2283 result=1 disable-interp=0(known=0) foreground=0 monitors=0000000021D415E7/0000000046ED07EF cpu=0.090ms
01:37:03.746  qpc=3637203922866 [fg-transition] start=3637203921830 frame=0000000000000CE3 idx=3/3 queue=00000000310228D0 reset=0 enable=1 recording=1 not-rendering=0 metering=2 fullscreen=0 slmode=1 known=0x17f hud=40797ed0 back=406d0cd0 real=0 interp=48f242d0 bridge-lock=1 arm=2283->2283 result=1 disable-interp=0(known=0) foreground=0 monitors=0000000021D415E7/0000000046ED07EF cpu=0.103ms
01:37:03.774  qpc=3637204195589 [fg-transition] start=3637203954922 frame=0000000000000CE4 idx=1/3 queue=00000000310228D0 reset=0 enable=1 recording=1 not-rendering=0 metering=2 fullscreen=0 slmode=1 known=0x17f hud=40797ed0 back=406d1ed0 real=48f242d0 interp=48f248d0 bridge-lock=1 arm=2283->2284 result=1 disable-interp=0(known=0) foreground=0 monitors=0000000021D415E7/0000000046ED07EF cpu=24.067ms
01:37:03.774  qpc=3637204202255 [fg-transition] start=3637204201118 frame=0000000000000CE4 idx=2/3 queue=00000000310228D0 reset=0 enable=1 recording=1 not-rendering=0 metering=2 fullscreen=0 slmode=1 known=0x17f hud=40797ed0 back=406d1ed0 real=0 interp=48f248d0 bridge-lock=1 arm=2284->2284 result=1 disable-interp=0(known=0) foreground=0 monitors=0000000021D415E7/0000000046ED07EF cpu=0.114ms
01:37:03.775  qpc=3637204206301 [fg-transition] start=3637204205506 frame=0000000000000CE4 idx=3/3 queue=00000000310228D0 reset=0 enable=1 recording=1 not-rendering=0 metering=2 fullscreen=0 slmode=1 known=0x17f hud=40797ed0 back=406d1ed0 real=0 interp=48f248d0 bridge-lock=1 arm=2284->2284 result=1 disable-interp=0(known=0) foreground=0 monitors=0000000021D415E7/0000000046ED07EF cpu=0.079ms
01:37:04.547  qpc=3637211926473 [fg-transition] start=3637211925608 frame=0000000000000CF7 idx=2/3 queue=00000000310228D0 reset=0 enable=1 recording=1 not-rendering=0 metering=2 fullscreen=0 slmode=1 known=0x17f hud=40797ed0 back=406d3cd0 real=0 interp=48f242d0 bridge-lock=1 arm=2303->2303 result=1 disable-interp=0(known=0) foreground=1 monitors=0000000021D415E7/0000000021D415E7 cpu=0.086ms
01:37:04.547  qpc=3637211938751 [fg-transition] start=3637211937947 frame=0000000000000CF7 idx=3/3 queue=00000000310228D0 reset=0 enable=1 recording=1 not-rendering=0 metering=2 fullscreen=0 slmode=1 known=0x17f hud=40797ed0 back=406d3cd0 real=0 interp=48f242d0 bridge-lock=1 arm=2303->2303 result=1 disable-interp=0(known=0) foreground=1 monitors=0000000021D415E7/0000000021D415E7 cpu=0.080ms
01:37:04.590  qpc=3637212352069 [fg-transition] start=3637212333030 frame=0000000000000CF8 idx=1/3 queue=00000000310228D0 reset=0 enable=1 recording=1 not-rendering=0 metering=2 fullscreen=0 slmode=1 known=0x17f hud=40797ed0 back=406d0cd0 real=48f242d0 interp=48f248d0 bridge-lock=1 arm=2303->2304 result=1 disable-interp=0(known=0) foreground=1 monitors=0000000021D415E7/0000000021D415E7 cpu=1.904ms
01:37:04.590  qpc=3637212363161 [fg-transition] start=3637212362082 frame=0000000000000CF8 idx=2/3 queue=00000000310228D0 reset=0 enable=1 recording=1 not-rendering=0 metering=2 fullscreen=0 slmode=1 known=0x17f hud=40797ed0 back=406d0cd0 real=0 interp=48f248d0 bridge-lock=1 arm=2304->2304 result=1 disable-interp=0(known=0) foreground=1 monitors=0000000021D415E7/0000000021D415E7 cpu=0.108ms
01:37:04.590  qpc=3637212369831 [fg-transition] start=3637212368985 frame=0000000000000CF8 idx=3/3 queue=00000000310228D0 reset=0 enable=1 recording=1 not-rendering=0 metering=2 fullscreen=0 slmode=1 known=0x17f hud=40797ed0 back=406d0cd0 real=0 interp=48f248d0 bridge-lock=1 arm=2304->2304 result=1 disable-interp=0(known=0) foreground=1 monitors=0000000021D415E7/0000000021D415E7 cpu=0.085ms
01:37:04.630  qpc=3637212756491 [fg-transition] start=3637212452060 frame=0000000000000CF9 idx=1/3 queue=00000000310228D0 reset=0 enable=1 recording=1 not-rendering=0 metering=2 fullscreen=0 slmode=1 known=0x17f hud=40797ed0 back=406d1ed0 real=48f248d0 interp=48f242d0 bridge-lock=1 arm=2304->2305 result=1 disable-interp=0(known=0) foreground=1 monitors=0000000021D415E7/0000000021D415E7 cpu=30.443ms
01:37:04.630  qpc=3637212765699 [fg-transition] start=3637212763684 frame=0000000000000CF9 idx=2/3 queue=00000000310228D0 reset=0 enable=1 recording=1 not-rendering=0 metering=2 fullscreen=0 slmode=1 known=0x17f hud=40797ed0 back=406d1ed0 real=0 interp=48f242d0 bridge-lock=1 arm=2305->2305 result=1 disable-interp=0(known=0) foreground=1 monitors=0000000021D415E7/0000000021D415E7 cpu=0.201ms
01:37:04.630  qpc=3637212771709 [fg-transition] start=3637212770974 frame=0000000000000CF9 idx=3/3 queue=00000000310228D0 reset=0 enable=1 recording=1 not-rendering=0 metering=2 fullscreen=0 slmode=1 known=0x17f hud=40797ed0 back=406d1ed0 real=0 interp=48f242d0 bridge-lock=1 arm=2305->2305 result=1 disable-interp=0(known=0) foreground=1 monitors=0000000021D415E7/0000000021D415E7 cpu=0.073ms
01:37:04.684  qpc=3637213283705 [fg-transition] start=3637213264986 frame=0000000000000CFA idx=1/3 queue=00000000310228D0 reset=0 enable=1 recording=1 not-rendering=0 metering=2 fullscreen=0 slmode=1 known=0x17f hud=40797ed0 back=406d3cd0 real=48f242d0 interp=48f248d0 bridge-lock=1 arm=2305->2306 result=1 disable-interp=0(known=0) foreground=1 monitors=0000000021D415E7/0000000021D415E7 cpu=1.871ms
01:37:04.684  qpc=3637213292735 [fg-transition] start=3637213291418 frame=0000000000000CFA idx=2/3 queue=00000000310228D0 reset=0 enable=1 recording=1 not-rendering=0 metering=2 fullscreen=0 slmode=1 known=0x17f hud=40797ed0 back=406d3cd0 real=0 interp=48f248d0 bridge-lock=1 arm=2306->2306 result=1 disable-interp=0(known=0) foreground=1 monitors=0000000021D415E7/0000000021D415E7 cpu=0.131ms
01:37:04.684  qpc=3637213298285 [fg-transition] start=3637213297287 frame=0000000000000CFA idx=3/3 queue=00000000310228D0 reset=0 enable=1 recording=1 not-rendering=0 metering=2 fullscreen=0 slmode=1 known=0x17f hud=40797ed0 back=406d3cd0 real=0 interp=48f248d0 bridge-lock=1 arm=2306->2306 result=1 disable-interp=0(known=0) foreground=1 monitors=0000000021D415E7/0000000021D415E7 cpu=0.100ms
01:37:04.713  qpc=3637213589883 [fg-transition] start=3637213327154 frame=0000000000000CFB idx=1/3 queue=00000000310228D0 reset=0 enable=1 recording=1 not-rendering=0 metering=2 fullscreen=0 slmode=1 known=0x17f hud=40797ed0 back=406d0cd0 real=48f248d0 interp=48f242d0 bridge-lock=1 arm=2306->2307 result=1 disable-interp=0(known=0) foreground=1 monitors=0000000021D415E7/0000000021D415E7 cpu=26.273ms
01:37:05.018  qpc=3637216661192 [focus-fg] state: enabled=1 hooked=1 foreground=1 minimized=0 hwnd=00000000025B2E8C scope_calls=2316 original_false=1494 kept=1494 presents=3331 FG_evaluates=6945
01:37:05.310  [fg-history] FG Reset burst starts; contract_changed=0 bridge_pending=0 foreground=1.
01:37:05.315  qpc=3637219602174 [fg-transition] start=3637219569604 frame=0000000000000D13 idx=1/3 queue=0000000031023CD0 reset=1 enable=1 recording=1 not-rendering=0 metering=0 fullscreen=0 slmode=1 known=0x17f hud=40797ed0 back=406d0cd0 real=455daed0 interp=48f242d0 bridge-lock=1 arm=2318->2319 result=1 disable-interp=0(known=0) foreground=1 monitors=0000000021D415E7/0000000021D415E7 cpu=3.257ms
01:37:05.315  qpc=3637219604376 [fg-transition] start=3637219604138 frame=0000000000000D13 idx=2/3 queue=0000000031023CD0 reset=1 enable=1 recording=1 not-rendering=0 metering=0 fullscreen=0 slmode=1 known=0x17f hud=40797ed0 back=406d0cd0 real=0 interp=48f248d0 bridge-lock=1 arm=2319->2319 result=1 disable-interp=0(known=0) foreground=1 monitors=0000000021D415E7/0000000021D415E7 cpu=0.024ms
01:37:05.315  qpc=3637219604891 [fg-transition] start=3637219604727 frame=0000000000000D13 idx=3/3 queue=0000000031023CD0 reset=1 enable=1 recording=1 not-rendering=0 metering=0 fullscreen=0 slmode=1 known=0x17f hud=40797ed0 back=406d0cd0 real=0 interp=45275ad0 bridge-lock=1 arm=2319->2319 result=1 disable-interp=0(known=0) foreground=1 monitors=0000000021D415E7/0000000021D415E7 cpu=0.016ms
01:37:05.319  [fg-history] FG Reset burst ends: 1 real frames, 0 ms.
01:37:05.340  qpc=3637219861860 [fg-transition] start=3637219666255 frame=0000000000000D14 idx=1/3 queue=0000000031023CD0 reset=0 enable=1 recording=1 not-rendering=0 metering=0 fullscreen=0 slmode=1 known=0x17f hud=40797ed0 back=406d1ed0 real=48f242d0 interp=455daed0 bridge-lock=1 arm=2319->2320 result=1 disable-interp=0(known=0) foreground=1 monitors=0000000021D415E7/0000000021D415E7 cpu=19.560ms
01:37:05.341  qpc=3637219882374 [fg-transition] start=3637219881214 frame=0000000000000D14 idx=2/3 queue=0000000031023CD0 reset=0 enable=1 recording=1 not-rendering=0 metering=0 fullscreen=0 slmode=1 known=0x17f hud=40797ed0 back=406d1ed0 real=0 interp=45275ad0 bridge-lock=1 arm=2320->2320 result=1 disable-interp=0(known=0) foreground=1 monitors=0000000021D415E7/0000000021D415E7 cpu=0.116ms
01:37:05.341  qpc=3637219883373 [fg-transition] start=3637219882815 frame=0000000000000D14 idx=3/3 queue=0000000031023CD0 reset=0 enable=1 recording=1 not-rendering=0 metering=0 fullscreen=0 slmode=1 known=0x17f hud=40797ed0 back=406d1ed0 real=0 interp=48f248d0 bridge-lock=1 arm=2320->2320 result=1 disable-interp=0(known=0) foreground=1 monitors=0000000021D415E7/0000000021D415E7 cpu=0.056ms
01:37:05.375  qpc=3637220205737 [fg-transition] start=3637219944942 frame=0000000000000D15 idx=1/3 queue=0000000031023CD0 reset=0 enable=1 recording=1 not-rendering=0 metering=0 fullscreen=0 slmode=1 known=0x17f hud=40797ed0 back=406d3cd0 real=455daed0 interp=48f242d0 bridge-lock=1 arm=2320->2321 result=1 disable-interp=0(known=0) foreground=1 monitors=0000000021D415E7/0000000021D415E7 cpu=26.079ms
01:37:05.386  qpc=3637220318018 [fg-transition] start=3637220316985 frame=0000000000000D15 idx=2/3 queue=0000000031023CD0 reset=0 enable=1 recording=1 not-rendering=0 metering=0 fullscreen=0 slmode=1 known=0x17f hud=40797ed0 back=406d3cd0 real=0 interp=48f248d0 bridge-lock=1 arm=2321->2321 result=1 disable-interp=0(known=0) foreground=1 monitors=0000000021D415E7/0000000021D415E7 cpu=0.103ms
01:37:05.386  qpc=3637220320014 [fg-transition] start=3637220319380 frame=0000000000000D15 idx=3/3 queue=0000000031023CD0 reset=0 enable=1 recording=1 not-rendering=0 metering=0 fullscreen=0 slmode=1 known=0x17f hud=40797ed0 back=406d3cd0 real=0 interp=45275ad0 bridge-lock=1 arm=2321->2321 result=1 disable-interp=0(known=0) foreground=1 monitors=0000000021D415E7/0000000021D415E7 cpu=0.063ms
01:37:05.411  qpc=3637220570864 [fg-transition] start=3637220320459 frame=0000000000000D16 idx=1/3 queue=0000000031023CD0 reset=0 enable=1 recording=1 not-rendering=0 metering=0 fullscreen=0 slmode=1 known=0x17f hud=40797ed0 back=406d0cd0 real=48f242d0 interp=455daed0 bridge-lock=1 arm=2321->2322 result=1 disable-interp=0(known=0) foreground=1 monitors=0000000021D415E7/0000000021D415E7 cpu=25.040ms
01:37:05.440  qpc=3637220860601 [fg-transition] start=3637220859603 frame=0000000000000D16 idx=2/3 queue=0000000031023CD0 reset=0 enable=1 recording=1 not-rendering=0 metering=0 fullscreen=0 slmode=1 known=0x17f hud=40797ed0 back=406d0cd0 real=0 interp=45275ad0 bridge-lock=1 arm=2322->2322 result=1 disable-interp=0(known=0) foreground=1 monitors=0000000021D415E7/0000000021D415E7 cpu=0.100ms
01:37:05.440  qpc=3637220862591 [fg-transition] start=3637220861925 frame=0000000000000D16 idx=3/3 queue=0000000031023CD0 reset=0 enable=1 recording=1 not-rendering=0 metering=0 fullscreen=0 slmode=1 known=0x17f hud=40797ed0 back=406d0cd0 real=0 interp=48f248d0 bridge-lock=1 arm=2322->2322 result=1 disable-interp=0(known=0) foreground=1 monitors=0000000021D415E7/0000000021D415E7 cpu=0.067ms
01:37:06.686  qpc=3637233315096 [fg-transition] start=3637233314042 frame=0000000000000D36 idx=2/3 queue=0000000031023CD0 reset=0 enable=1 recording=1 not-rendering=0 metering=0 fullscreen=0 slmode=1 known=0x17f hud=40797ed0 back=406d3cd0 real=0 interp=45275ad0 bridge-lock=1 arm=2354->2354 result=1 disable-interp=0(known=0) foreground=0 monitors=0000000021D415E7/0000000046ED07EF cpu=0.105ms
01:37:06.686  qpc=3637233317120 [fg-transition] start=3637233316495 frame=0000000000000D36 idx=3/3 queue=0000000031023CD0 reset=0 enable=1 recording=1 not-rendering=0 metering=0 fullscreen=0 slmode=1 known=0x17f hud=40797ed0 back=406d3cd0 real=0 interp=48f248d0 bridge-lock=1 arm=2354->2354 result=1 disable-interp=0(known=0) foreground=0 monitors=0000000021D415E7/0000000046ED07EF cpu=0.062ms
01:37:06.692  qpc=3637233382899 [fg-transition] start=3637233317560 frame=0000000000000D37 idx=1/3 queue=0000000031023CD0 reset=0 enable=1 recording=1 not-rendering=0 metering=0 fullscreen=0 slmode=1 known=0x17f hud=40797ed0 back=406d0cd0 real=455daed0 interp=48f242d0 bridge-lock=1 arm=2354->2355 result=1 disable-interp=0(known=0) foreground=0 monitors=0000000021D415E7/0000000046ED07EF cpu=6.534ms
01:37:06.724  qpc=3637233696750 [fg-transition] start=3637233695092 frame=0000000000000D37 idx=2/3 queue=0000000031023CD0 reset=0 enable=1 recording=1 not-rendering=0 metering=0 fullscreen=0 slmode=1 known=0x17f hud=40797ed0 back=406d0cd0 real=0 interp=48f248d0 bridge-lock=1 arm=2355->2355 result=1 disable-interp=0(known=0) foreground=0 monitors=0000000021D415E7/0000000046ED07EF cpu=0.165ms
01:37:06.724  qpc=3637233699573 [fg-transition] start=3637233698580 frame=0000000000000D37 idx=3/3 queue=0000000031023CD0 reset=0 enable=1 recording=1 not-rendering=0 metering=0 fullscreen=0 slmode=1 known=0x17f hud=40797ed0 back=406d0cd0 real=0 interp=45275ad0 bridge-lock=1 arm=2355->2355 result=1 disable-interp=0(known=0) foreground=0 monitors=0000000021D415E7/0000000046ED07EF cpu=0.099ms
01:37:06.730  qpc=3637233766156 [fg-transition] start=3637233700219 frame=0000000000000D38 idx=1/3 queue=0000000031023CD0 reset=0 enable=1 recording=1 not-rendering=0 metering=0 fullscreen=0 slmode=1 known=0x17f hud=40797ed0 back=406d1ed0 real=48f242d0 interp=455daed0 bridge-lock=1 arm=2355->2356 result=1 disable-interp=0(known=0) foreground=0 monitors=0000000021D415E7/0000000046ED07EF cpu=6.593ms
01:37:06.762  qpc=3637234078497 [fg-transition] start=3637234076915 frame=0000000000000D38 idx=2/3 queue=0000000031023CD0 reset=0 enable=1 recording=1 not-rendering=0 metering=0 fullscreen=0 slmode=1 known=0x17f hud=40797ed0 back=406d1ed0 real=0 interp=45275ad0 bridge-lock=1 arm=2356->2356 result=1 disable-interp=0(known=0) foreground=0 monitors=0000000021D415E7/0000000046ED07EF cpu=0.157ms
01:37:06.762  qpc=3637234080656 [fg-transition] start=3637234079998 frame=0000000000000D38 idx=3/3 queue=0000000031023CD0 reset=0 enable=1 recording=1 not-rendering=0 metering=0 fullscreen=0 slmode=1 known=0x17f hud=40797ed0 back=406d1ed0 real=0 interp=48f248d0 bridge-lock=1 arm=2356->2356 result=1 disable-interp=0(known=0) foreground=0 monitors=0000000021D415E7/0000000046ED07EF cpu=0.066ms
01:37:06.762  qpc=3637234086785 [fg-transition] start=3637234081141 frame=0000000000000D39 idx=1/3 queue=0000000031023CD0 reset=0 enable=1 recording=1 not-rendering=0 metering=0 fullscreen=0 slmode=1 known=0x17f hud=40797ed0 back=406d3cd0 real=455daed0 interp=48f242d0 bridge-lock=1 arm=2356->2357 result=1 disable-interp=0(known=0) foreground=0 monitors=0000000021D415E7/0000000046ED07EF cpu=0.564ms
01:37:06.813  qpc=3637234588114 [fg-transition] start=3637234586828 frame=0000000000000D39 idx=2/3 queue=0000000031023CD0 reset=0 enable=1 recording=1 not-rendering=0 metering=0 fullscreen=0 slmode=1 known=0x17f hud=40797ed0 back=406d3cd0 real=0 interp=48f248d0 bridge-lock=1 arm=2357->2357 result=1 disable-interp=0(known=0) foreground=0 monitors=0000000021D415E7/0000000046ED07EF cpu=0.128ms
01:37:06.813  qpc=3637234590268 [fg-transition] start=3637234589601 frame=0000000000000D39 idx=3/3 queue=0000000031023CD0 reset=0 enable=1 recording=1 not-rendering=0 metering=0 fullscreen=0 slmode=1 known=0x17f hud=40797ed0 back=406d3cd0 real=0 interp=45275ad0 bridge-lock=1 arm=2357->2357 result=1 disable-interp=0(known=0) foreground=0 monitors=0000000021D415E7/0000000046ED07EF cpu=0.067ms
01:37:06.814  qpc=3637234606482 [fg-transition] start=3637234590731 frame=0000000000000D3A idx=1/3 queue=0000000031023CD0 reset=0 enable=1 recording=1 not-rendering=0 metering=0 fullscreen=0 slmode=1 known=0x17f hud=40797ed0 back=406d0cd0 real=48f242d0 interp=455daed0 bridge-lock=1 arm=2357->2358 result=1 disable-interp=0(known=0) foreground=0 monitors=0000000021D415E7/0000000046ED07EF cpu=1.575ms
01:37:07.054  qpc=3637237021880 [focus-fg] state: enabled=1 hooked=1 foreground=0 minimized=0 hwnd=00000000025B2E8C scope_calls=2366 original_false=1504 kept=1504 presents=3393 FG_evaluates=7093
01:37:08.132  [fg-history] FG Reset burst starts; contract_changed=0 bridge_pending=0 foreground=0.
01:37:08.136  qpc=3637247817821 [fg-transition] start=3637247791660 frame=0000000000000D69 idx=1/3 queue=00000000310228D0 reset=1 enable=1 recording=1 not-rendering=0 metering=2 fullscreen=0 slmode=1 known=0x17f hud=40797ed0 back=406d3cd0 real=48f242d0 interp=48f248d0 bridge-lock=1 arm=2389->2390 result=1 disable-interp=0(known=0) foreground=0 monitors=0000000021D415E7/0000000046ED07EF cpu=2.616ms
01:37:08.136  qpc=3637247829094 [fg-transition] start=3637247828642 frame=0000000000000D69 idx=2/3 queue=00000000310228D0 reset=1 enable=1 recording=1 not-rendering=0 metering=2 fullscreen=0 slmode=1 known=0x17f hud=40797ed0 back=406d3cd0 real=0 interp=48f248d0 bridge-lock=1 arm=2390->2390 result=1 disable-interp=0(known=0) foreground=0 monitors=0000000021D415E7/0000000046ED07EF cpu=0.045ms
01:37:08.136  qpc=3637247835368 [fg-transition] start=3637247835040 frame=0000000000000D69 idx=3/3 queue=00000000310228D0 reset=1 enable=1 recording=1 not-rendering=0 metering=2 fullscreen=0 slmode=1 known=0x17f hud=40797ed0 back=406d3cd0 real=0 interp=48f248d0 bridge-lock=1 arm=2390->2390 result=1 disable-interp=0(known=0) foreground=0 monitors=0000000021D415E7/0000000046ED07EF cpu=0.033ms
01:37:08.140  [fg-history] FG Reset burst ends: 1 real frames, 15 ms.
01:37:08.163  qpc=3637248091154 [fg-transition] start=3637247875607 frame=0000000000000D6A idx=1/3 queue=00000000310228D0 reset=0 enable=1 recording=1 not-rendering=0 metering=2 fullscreen=0 slmode=1 known=0x17f hud=40797ed0 back=406d0cd0 real=48f248d0 interp=48f242d0 bridge-lock=1 arm=2390->2391 result=1 disable-interp=0(known=0) foreground=0 monitors=0000000021D415E7/0000000046ED07EF cpu=21.554ms
01:37:08.163  qpc=3637248096769 [fg-transition] start=3637248095999 frame=0000000000000D6A idx=2/3 queue=00000000310228D0 reset=0 enable=1 recording=1 not-rendering=0 metering=2 fullscreen=0 slmode=1 known=0x17f hud=40797ed0 back=406d0cd0 real=0 interp=48f242d0 bridge-lock=1 arm=2391->2391 result=1 disable-interp=0(known=0) foreground=0 monitors=0000000021D415E7/0000000046ED07EF cpu=0.077ms
01:37:08.163  qpc=3637248097674 [fg-transition] start=3637248097154 frame=0000000000000D6A idx=3/3 queue=00000000310228D0 reset=0 enable=1 recording=1 not-rendering=0 metering=2 fullscreen=0 slmode=1 known=0x17f hud=40797ed0 back=406d0cd0 real=0 interp=48f242d0 bridge-lock=1 arm=2391->2391 result=1 disable-interp=0(known=0) foreground=0 monitors=0000000021D415E7/0000000046ED07EF cpu=0.052ms
01:37:08.209  qpc=3637248541125 [fg-transition] start=3637248518769 frame=0000000000000D6B idx=1/3 queue=00000000310228D0 reset=0 enable=1 recording=1 not-rendering=0 metering=2 fullscreen=0 slmode=1 known=0x17f hud=40797ed0 back=406d1ed0 real=48f242d0 interp=48f248d0 bridge-lock=1 arm=2391->2392 result=1 disable-interp=0(known=0) foreground=0 monitors=0000000021D415E7/0000000046ED07EF cpu=2.235ms
01:37:08.209  qpc=3637248550570 [fg-transition] start=3637248549305 frame=0000000000000D6B idx=2/3 queue=00000000310228D0 reset=0 enable=1 recording=1 not-rendering=0 metering=2 fullscreen=0 slmode=1 known=0x17f hud=40797ed0 back=406d1ed0 real=0 interp=48f248d0 bridge-lock=1 arm=2392->2392 result=1 disable-interp=0(known=0) foreground=0 monitors=0000000021D415E7/0000000046ED07EF cpu=0.126ms
01:37:08.209  qpc=3637248557623 [fg-transition] start=3637248556313 frame=0000000000000D6B idx=3/3 queue=00000000310228D0 reset=0 enable=1 recording=1 not-rendering=0 metering=2 fullscreen=0 slmode=1 known=0x17f hud=40797ed0 back=406d1ed0 real=0 interp=48f248d0 bridge-lock=1 arm=2392->2392 result=1 disable-interp=0(known=0) foreground=0 monitors=0000000021D415E7/0000000046ED07EF cpu=0.131ms
01:37:08.213  qpc=3637248587219 [fg-transition] start=3637248581886 frame=0000000000000D6C idx=1/3 queue=00000000310228D0 reset=0 enable=1 recording=1 not-rendering=0 metering=2 fullscreen=0 slmode=1 known=0x17f hud=40797ed0 back=406d3cd0 real=48f248d0 interp=48f242d0 bridge-lock=1 arm=2392->2393 result=1 disable-interp=0(known=0) foreground=0 monitors=0000000021D415E7/0000000046ED07EF cpu=0.533ms
01:37:08.236  qpc=3637248821498 [fg-transition] start=3637248595319 frame=0000000000000D6C idx=2/3 queue=00000000310228D0 reset=0 enable=1 recording=1 not-rendering=0 metering=2 fullscreen=0 slmode=1 known=0x17f hud=40797ed0 back=406d3cd0 real=0 interp=48f242d0 bridge-lock=1 arm=2393->2393 result=1 disable-interp=0(known=0) foreground=0 monitors=0000000021D415E7/0000000046ED07EF cpu=22.617ms
01:37:08.236  qpc=3637248828240 [fg-transition] start=3637248827248 frame=0000000000000D6C idx=3/3 queue=00000000310228D0 reset=0 enable=1 recording=1 not-rendering=0 metering=2 fullscreen=0 slmode=1 known=0x17f hud=40797ed0 back=406d3cd0 real=0 interp=48f242d0 bridge-lock=1 arm=2393->2393 result=1 disable-interp=0(known=0) foreground=0 monitors=0000000021D415E7/0000000046ED07EF cpu=0.099ms
01:37:08.478  [bridge] 2400 frames delivered so far.
01:37:09.635  [fg-relay] rate/15.0s p2 import_opt=1: presents=29.3/s present-gate[point=29.3 ready=0.0 fallback=0.0 inactive=0.0]/s noinfo=0.0/s stale=0.0/s unlearned=0.0/s attempts=24.7/s armed=24.7/s skipped=0.0/s busy=0.0/s arm-reject[state=0.0 request=0.0 refused=0.0 stopping=0.0 res=0.0 size=0.0]/s pool[cap=0.0 family=0.0 create=0.0 alloc=0.0]/s copy-drop[fence=0.0 reset=0.0 begin=0.0 end=0.0 submit=0.0]/s cf[seq=0.0/s idle=0.0/s nrfence=0.0/s] slotbusy=0.0/s copyfence-busy=0.0/s nr-gpuwait=20.7/s flips=0.0/s
01:37:09.635  [fg-relay] rate2: fginput eval=74.3/s index!=1=49.6/s eval-gate[off=0.0 fallback=0.0 notready=0.0 noinput=0.0 noqueue=0.0]/s relay eval=24.7/s consume=0.0/s inplace=24.7/s(ok 24.7/s) unarmed=0.0/s mismatch=0.0/s relbusy=0.0/s relok=24.7/s relfail=0.0/s release-stage[queue=0.0 pool=0.0 fence=0.0 reset=0.0 begin=0.0 end=0.0 submit=0.0]/s watchdog=0.0/s | worker plays=24.7/s ok=24.7/s fail=0.0/s nr_absent=0.0/s copyfail=0.0/s
01:37:09.635  [fg-relay] rate3: arm->arm avg=41.89ms max=1961.26ms n=2426 | arm->work avg=0.01ms max=0.68ms | arm->eval avg=0.00ms max=0.00ms | copywait avg=0.008ms max=0.145ms | copy-land<= avg=56.65ms max=1960.89ms | work avg=11.35ms max=221.78ms | totals armed=2427 unarmed=0 skipped=0 busy=0 mismatch=0 copies_failed=0 writes=2427 conflicts=0
01:37:09.635  [fg-relay] rate4: throttle depth=1 off=0 | sleep calls=29.3/s waits=24.3/s clear=5.0/s timeouts=0.0/s avg=30.92ms | present calls=29.3/s waits=0.0/s clear=0.0/s timeouts=0.0/s avg=0.00ms | max=111.97ms (process)
01:37:18.078  [fg-history] FG Reset burst starts; contract_changed=0 bridge_pending=0 foreground=0.
01:37:18.084  qpc=3637347284053 [fg-transition] start=3637347245578 frame=0000000000000E69 idx=1/3 queue=0000000031023CD0 reset=1 enable=1 recording=1 not-rendering=0 metering=0 fullscreen=0 slmode=1 known=0x17f hud=40797ed0 back=406d0cd0 real=49be2ad0 interp=48f248d0 bridge-lock=1 arm=2633->2634 result=1 disable-interp=0(known=0) foreground=0 monitors=0000000021D415E7/0000000046ED07EF cpu=3.847ms
01:37:18.084  qpc=3637347286451 [fg-transition] start=3637347286172 frame=0000000000000E69 idx=2/3 queue=0000000031023CD0 reset=1 enable=1 recording=1 not-rendering=0 metering=0 fullscreen=0 slmode=1 known=0x17f hud=40797ed0 back=406d0cd0 real=0 interp=48f242d0 bridge-lock=1 arm=2634->2634 result=1 disable-interp=0(known=0) foreground=0 monitors=0000000021D415E7/0000000046ED07EF cpu=0.028ms
01:37:18.084  qpc=3637347286946 [fg-transition] start=3637347286798 frame=0000000000000E69 idx=3/3 queue=0000000031023CD0 reset=1 enable=1 recording=1 not-rendering=0 metering=0 fullscreen=0 slmode=1 known=0x17f hud=40797ed0 back=406d0cd0 real=0 interp=450872d0 bridge-lock=1 arm=2634->2634 result=1 disable-interp=0(known=0) foreground=0 monitors=0000000021D415E7/0000000046ED07EF cpu=0.015ms
01:37:18.086  [fg-history] FG Reset burst ends: 1 real frames, 0 ms.
01:37:18.111  qpc=3637347557150 [fg-transition] start=3637347335883 frame=0000000000000E6A idx=1/3 queue=0000000031023CD0 reset=0 enable=1 recording=1 not-rendering=0 metering=0 fullscreen=0 slmode=1 known=0x17f hud=40797ed0 back=406d1ed0 real=48f248d0 interp=49be2ad0 bridge-lock=1 arm=2634->2635 result=1 disable-interp=0(known=0) foreground=0 monitors=0000000021D415E7/0000000046ED07EF cpu=22.126ms
01:37:18.113  qpc=3637347588447 [fg-transition] start=3637347587334 frame=0000000000000E6A idx=2/3 queue=0000000031023CD0 reset=0 enable=1 recording=1 not-rendering=0 metering=0 fullscreen=0 slmode=1 known=0x17f hud=40797ed0 back=406d1ed0 real=0 interp=450872d0 bridge-lock=1 arm=2635->2635 result=1 disable-interp=0(known=0) foreground=0 monitors=0000000021D415E7/0000000046ED07EF cpu=0.111ms
01:37:18.114  qpc=3637347591429 [fg-transition] start=3637347589914 frame=0000000000000E6A idx=3/3 queue=0000000031023CD0 reset=0 enable=1 recording=1 not-rendering=0 metering=0 fullscreen=0 slmode=1 known=0x17f hud=40797ed0 back=406d1ed0 real=0 interp=48f242d0 bridge-lock=1 arm=2635->2635 result=1 disable-interp=0(known=0) foreground=0 monitors=0000000021D415E7/0000000046ED07EF cpu=0.151ms
01:37:18.144  qpc=3637347898105 [fg-transition] start=3637347668609 frame=0000000000000E6B idx=1/3 queue=0000000031023CD0 reset=0 enable=1 recording=1 not-rendering=0 metering=0 fullscreen=0 slmode=1 known=0x17f hud=40797ed0 back=406d3cd0 real=49be2ad0 interp=48f248d0 bridge-lock=1 arm=2635->2636 result=1 disable-interp=0(known=0) foreground=0 monitors=0000000021D415E7/0000000046ED07EF cpu=22.949ms
01:37:18.155  qpc=3637348015005 [fg-transition] start=3637348013382 frame=0000000000000E6B idx=2/3 queue=0000000031023CD0 reset=0 enable=1 recording=1 not-rendering=0 metering=0 fullscreen=0 slmode=1 known=0x17f hud=40797ed0 back=406d3cd0 real=0 interp=48f242d0 bridge-lock=1 arm=2636->2636 result=1 disable-interp=0(known=0) foreground=0 monitors=0000000021D415E7/0000000046ED07EF cpu=0.162ms
01:37:18.156  qpc=3637348016881 [fg-transition] start=3637348016284 frame=0000000000000E6B idx=3/3 queue=0000000031023CD0 reset=0 enable=1 recording=1 not-rendering=0 metering=0 fullscreen=0 slmode=1 known=0x17f hud=40797ed0 back=406d3cd0 real=0 interp=450872d0 bridge-lock=1 arm=2636->2636 result=1 disable-interp=0(known=0) foreground=0 monitors=0000000021D415E7/0000000046ED07EF cpu=0.060ms
01:37:18.180  qpc=3637348259141 [fg-transition] start=3637348017284 frame=0000000000000E6C idx=1/3 queue=0000000031023CD0 reset=0 enable=1 recording=1 not-rendering=0 metering=0 fullscreen=0 slmode=1 known=0x17f hud=40797ed0 back=406d0cd0 real=48f248d0 interp=49be2ad0 bridge-lock=1 arm=2636->2637 result=1 disable-interp=0(known=0) foreground=0 monitors=0000000021D415E7/0000000046ED07EF cpu=24.186ms
01:37:18.209  qpc=3637348548003 [fg-transition] start=3637348546922 frame=0000000000000E6C idx=2/3 queue=0000000031023CD0 reset=0 enable=1 recording=1 not-rendering=0 metering=0 fullscreen=0 slmode=1 known=0x17f hud=40797ed0 back=406d0cd0 real=0 interp=450872d0 bridge-lock=1 arm=2637->2637 result=1 disable-interp=0(known=0) foreground=0 monitors=0000000021D415E7/0000000046ED07EF cpu=0.108ms
01:37:18.209  qpc=3637348549826 [fg-transition] start=3637348549209 frame=0000000000000E6C idx=3/3 queue=0000000031023CD0 reset=0 enable=1 recording=1 not-rendering=0 metering=0 fullscreen=0 slmode=1 known=0x17f hud=40797ed0 back=406d0cd0 real=0 interp=48f242d0 bridge-lock=1 arm=2637->2637 result=1 disable-interp=0(known=0) foreground=0 monitors=0000000021D415E7/0000000046ED07EF cpu=0.062ms
01:37:19.829  [fg-history] FG Reset burst starts; contract_changed=0 bridge_pending=0 foreground=0.
01:37:19.833  qpc=3637364791025 [fg-transition] start=3637364766611 frame=0000000000000EA3 idx=1/3 queue=00000000310228D0 reset=1 enable=1 recording=1 not-rendering=0 metering=2 fullscreen=0 slmode=1 known=0x17f hud=40797ed0 back=406d1ed0 real=48f242d0 interp=48f248d0 bridge-lock=1 arm=2677->2678 result=1 disable-interp=0(known=0) foreground=0 monitors=0000000021D415E7/0000000046ED07EF cpu=2.441ms
01:37:19.833  qpc=3637364798084 [fg-transition] start=3637364797746 frame=0000000000000EA3 idx=2/3 queue=00000000310228D0 reset=1 enable=1 recording=1 not-rendering=0 metering=2 fullscreen=0 slmode=1 known=0x17f hud=40797ed0 back=406d1ed0 real=0 interp=48f248d0 bridge-lock=1 arm=2678->2678 result=1 disable-interp=0(known=0) foreground=0 monitors=0000000021D415E7/0000000046ED07EF cpu=0.034ms
01:37:19.833  qpc=3637364801756 [fg-transition] start=3637364801412 frame=0000000000000EA3 idx=3/3 queue=00000000310228D0 reset=1 enable=1 recording=1 not-rendering=0 metering=2 fullscreen=0 slmode=1 known=0x17f hud=40797ed0 back=406d1ed0 real=0 interp=48f248d0 bridge-lock=1 arm=2678->2678 result=1 disable-interp=0(known=0) foreground=0 monitors=0000000021D415E7/0000000046ED07EF cpu=0.034ms
01:37:19.833  [fg-history] FG Reset burst ends: 1 real frames, 0 ms.
01:37:19.861  qpc=3637365070538 [fg-transition] start=3637364811579 frame=0000000000000EA4 idx=1/3 queue=00000000310228D0 reset=0 enable=1 recording=1 not-rendering=0 metering=2 fullscreen=0 slmode=1 known=0x17f hud=40797ed0 back=406d3cd0 real=48f248d0 interp=48f242d0 bridge-lock=1 arm=2678->2679 result=1 disable-interp=0(known=0) foreground=0 monitors=0000000021D415E7/0000000046ED07EF cpu=25.895ms
01:37:19.862  qpc=3637365079495 [fg-transition] start=3637365078194 frame=0000000000000EA4 idx=2/3 queue=00000000310228D0 reset=0 enable=1 recording=1 not-rendering=0 metering=2 fullscreen=0 slmode=1 known=0x17f hud=40797ed0 back=406d3cd0 real=0 interp=48f242d0 bridge-lock=1 arm=2679->2679 result=1 disable-interp=0(known=0) foreground=0 monitors=0000000021D415E7/0000000046ED07EF cpu=0.130ms
01:37:19.862  qpc=3637365080910 [fg-transition] start=3637365080079 frame=0000000000000EA4 idx=3/3 queue=00000000310228D0 reset=0 enable=1 recording=1 not-rendering=0 metering=2 fullscreen=0 slmode=1 known=0x17f hud=40797ed0 back=406d3cd0 real=0 interp=48f242d0 bridge-lock=1 arm=2679->2679 result=1 disable-interp=0(known=0) foreground=0 monitors=0000000021D415E7/0000000046ED07EF cpu=0.083ms
01:37:19.897  qpc=3637365418826 [fg-transition] start=3637365179563 frame=0000000000000EA5 idx=1/3 queue=00000000310228D0 reset=0 enable=1 recording=1 not-rendering=0 metering=2 fullscreen=0 slmode=1 known=0x17f hud=40797ed0 back=406d0cd0 real=48f242d0 interp=48f248d0 bridge-lock=1 arm=2679->2680 result=1 disable-interp=0(known=0) foreground=0 monitors=0000000021D415E7/0000000046ED07EF cpu=23.926ms
01:37:19.897  qpc=3637365421396 [fg-transition] start=3637365420532 frame=0000000000000EA5 idx=2/3 queue=00000000310228D0 reset=0 enable=1 recording=1 not-rendering=0 metering=2 fullscreen=0 slmode=1 known=0x17f hud=40797ed0 back=406d0cd0 real=0 interp=48f248d0 bridge-lock=1 arm=2680->2680 result=1 disable-interp=0(known=0) foreground=0 monitors=0000000021D415E7/0000000046ED07EF cpu=0.086ms
01:37:19.897  qpc=3637365422668 [fg-transition] start=3637365421881 frame=0000000000000EA5 idx=3/3 queue=00000000310228D0 reset=0 enable=1 recording=1 not-rendering=0 metering=2 fullscreen=0 slmode=1 known=0x17f hud=40797ed0 back=406d0cd0 real=0 interp=48f248d0 bridge-lock=1 arm=2680->2680 result=1 disable-interp=0(known=0) foreground=0 monitors=0000000021D415E7/0000000046ED07EF cpu=0.079ms
01:37:19.933  qpc=3637365789485 [fg-transition] start=3637365528512 frame=0000000000000EA6 idx=1/3 queue=00000000310228D0 reset=0 enable=1 recording=1 not-rendering=0 metering=2 fullscreen=0 slmode=1 known=0x17f hud=40797ed0 back=406d1ed0 real=48f248d0 interp=48f242d0 bridge-lock=1 arm=2680->2681 result=1 disable-interp=0(known=0) foreground=0 monitors=0000000021D415E7/0000000046ED07EF cpu=26.097ms
01:37:19.933  qpc=3637365798746 [fg-transition] start=3637365797459 frame=0000000000000EA6 idx=2/3 queue=00000000310228D0 reset=0 enable=1 recording=1 not-rendering=0 metering=2 fullscreen=0 slmode=1 known=0x17f hud=40797ed0 back=406d1ed0 real=0 interp=48f242d0 bridge-lock=1 arm=2681->2681 result=1 disable-interp=0(known=0) foreground=0 monitors=0000000021D415E7/0000000046ED07EF cpu=0.128ms
01:37:19.934  qpc=3637365804347 [fg-transition] start=3637365803223 frame=0000000000000EA6 idx=3/3 queue=00000000310228D0 reset=0 enable=1 recording=1 not-rendering=0 metering=2 fullscreen=0 slmode=1 known=0x17f hud=40797ed0 back=406d1ed0 real=0 interp=48f242d0 bridge-lock=1 arm=2681->2681 result=1 disable-interp=0(known=0) foreground=0 monitors=0000000021D415E7/0000000046ED07EF cpu=0.112ms
01:37:23.256  qpc=3637399041447 [focus-fg] state: enabled=1 hooked=1 foreground=0 minimized=0 hwnd=00000000025B2E8C scope_calls=2764 original_false=1902 kept=1902 presents=3832 FG_evaluates=8289
01:37:24.663  [fg-relay] rate/15.0s p2 import_opt=1: presents=26.3/s present-gate[point=26.3 ready=0.0 fallback=0.0 inactive=0.0]/s noinfo=0.0/s stale=0.0/s unlearned=0.0/s attempts=24.5/s armed=24.5/s skipped=0.0/s busy=0.0/s arm-reject[state=0.0 request=0.0 refused=0.0 stopping=0.0 res=0.0 size=0.0]/s pool[cap=0.0 family=0.0 create=0.0 alloc=0.0]/s copy-drop[fence=0.0 reset=0.0 begin=0.0 end=0.0 submit=0.0]/s cf[seq=0.0/s idle=0.0/s nrfence=0.0/s] slotbusy=0.0/s copyfence-busy=0.0/s nr-gpuwait=16.1/s flips=0.0/s
01:37:24.664  [fg-relay] rate2: fginput eval=73.6/s index!=1=49.1/s eval-gate[off=0.0 fallback=0.0 notready=0.0 noinput=0.0 noqueue=0.0]/s relay eval=24.5/s consume=0.0/s inplace=24.5/s(ok 24.5/s) unarmed=0.0/s mismatch=0.0/s relbusy=0.0/s relok=24.5/s relfail=0.0/s release-stage[queue=0.0 pool=0.0 fence=0.0 reset=0.0 begin=0.0 end=0.0 submit=0.0]/s watchdog=0.0/s | worker plays=24.5/s ok=24.5/s fail=0.0/s nr_absent=0.0/s copyfail=0.0/s
01:37:24.664  [fg-relay] rate3: arm->arm avg=41.72ms max=1961.26ms n=2795 | arm->work avg=0.01ms max=0.68ms | arm->eval avg=0.00ms max=0.00ms | copywait avg=0.008ms max=0.158ms | copy-land<= avg=58.64ms max=1960.89ms | work avg=11.92ms max=221.78ms | totals armed=2796 unarmed=0 skipped=0 busy=0 mismatch=0 copies_failed=0 writes=2796 conflicts=0
01:37:24.664  [fg-relay] rate4: throttle depth=1 off=0 | sleep calls=26.3/s waits=24.5/s clear=1.7/s timeouts=0.0/s avg=32.06ms | present calls=26.3/s waits=0.0/s clear=0.0/s timeouts=0.0/s avg=0.00ms | max=111.97ms (process)
