21:50:08.840  dlss5-bridge 1.4.13-pre8-vk-quality7 (built Oct  1 2026 03:34:22) attached.
21:50:08.840    host: C:\Program Files\Hypergryph Launcher\games\Endfield Game\Endfield.exe
21:50:08.841    d3d11.dll: C:\Program Files\Hypergryph Launcher\games\Endfield Game\Endfield.exe
21:50:08.841    reshade: C:\ProgramData\ReShade\ReShade64.dll
21:50:08.841    windows: Windows 11, 10.0 build 26200
21:50:08.841    files next to this add-on:
21:50:08.866      nvngx_dlssnr.dll           present  version 310.8.0.0, 165840496 bytes, 2026-09-11 22:41
21:50:08.868      nvngx_dlss.dll             present  version 310.5.2.0, 54779504 bytes, 2026-07-11 10:59
21:50:08.868    add-ons present:
21:50:08.869      dlss5-bridge.addon64         version 1.4.13.17, 705024 bytes, 2026-09-30 19:51
21:50:08.869          loaded at 00007FFA3DD90000
21:50:08.870      renodx-dlss5.addon64         version 0.2026.926.210, 3141632 bytes, 2026-09-27 13:21
21:50:08.871          sha256 DCD93881E976AD033D83C2BB01F4BC3E4DDC59C15FE0DD4CA165BC5FC7D1AC68 -- not on this add-on's measured list, which is one machine's experience and not a compatibility statement. If its panel says active while the picture does not change, unwrap=0 in dlss5-bridge.cfg is the first thing to try.
21:50:08.873      renodx-endfield-enhancer.addon64   version 0.2026.927.2054, 4484608 bytes, 2026-10-01 13:36
21:50:08.875          sha256 3B552B839FE578DD6F1DF2ADE57FAE5086938B978C3C896C6DEAD1AAA4E2D22A -- not on this add-on's measured list, which is one machine's experience and not a compatibility statement. If its panel says active while the picture does not change, unwrap=0 in dlss5-bridge.cfg is the first thing to try.
21:50:08.875    DLSS 5 add-on settings, read from ReShade.ini [RenoDX.DLSS5]:
21:50:08.876      ConfigVersion=7
21:50:08.876      EnableHooks=1
21:50:08.876      NeuralUplift=1
21:50:08.876      NRAdaptiveExposure=1
21:50:08.876      NRAutoMask=1
21:50:08.876      NRChainedHistory=1
21:50:08.876      NRChromaClamp=1
21:50:08.876      NRCodecMode=2
21:50:08.876      NRColorStrength=1
21:50:08.877      NRCostMeter=1
21:50:08.877      NRDepthMode=0
21:50:08.877      NRDetailStability=0
21:50:08.877      NRDiffuseWhiteNits=203
21:50:08.877      NRDisableRelease=0
21:50:08.877      NRDisplayPedestal=0
21:50:08.877      NREditTrace=0
21:50:08.877      NREnableUpscaling=0
21:50:08.877      NRFeedMode=2
21:50:08.877      NRFollowInputRes=0
21:50:08.878      NRGlobalTone=2
21:50:08.878      NRGpuTimers=0
21:50:08.878      NRHookPoint=2
21:50:08.878      NRIntensity=2
21:50:08.878      NRLinearUnitNits=0
21:50:08.878      NRLocalStructure=2
21:50:08.879      NRLocalTone=1
21:50:08.879      NRLookBrighten=0.75
21:50:08.879      NRLookColour=0.5
21:50:08.879      NRLookDarken=0.75
21:50:08.879      NRLookDetail=2
21:50:08.879      NRLookDetailRadius=1
21:50:08.879      NRLookHalo=0
21:50:08.879      NRLookHaloBrightSide=0
21:50:08.879      NRLookHighlights=0.5
21:50:08.879      NRLookHue=1
21:50:08.880      NRLookMaxBrighten=0
21:50:08.880      NRLookMaxColour=0
21:50:08.880      NRLookMaxDarken=0
21:50:08.880      NRLookMidtones=1
21:50:08.880      NRLookMode=1
21:50:08.880      NRLookShadows=0.5
21:50:08.880      NRLookStabilize=0
21:50:08.880      NRLookStabilizeDetail=0
21:50:08.881      NRLookStabilizeMs=60
21:50:08.881      NRLookStrength=1.1
21:50:08.881      NRLookTone=2
21:50:08.881      NRLookUpsample=0
21:50:08.881      NRMaxWorksets=4
21:50:08.881      NRMVecScaleX=1
21:50:08.881      NRMVecScaleY=1
21:50:08.881      NRNeuralFloorGuard=1
21:50:08.881      NRNormAttackStops=4
21:50:08.882      NRNormCutAware=1
21:50:08.882      NRNormGovernor=0
21:50:08.882      NRNormReleaseStops=0.5
21:50:08.882      NRNormSlewStops=0.02
21:50:08.882      NRPaperWhiteScale=2.5375
21:50:08.882      NRPass2AutoMask=1
21:50:08.883      NRPass2Color=1
21:50:08.883      NRPass2FollowPass1=1
21:50:08.883      NRPass2Intensity=2
21:50:08.883      NRPass2LocalTone=1.5
21:50:08.883      NRPass2Skin=0
21:50:08.883      NRPass2Structure=1.25
21:50:08.883      NRPass2Style=2
21:50:08.884      NRPass2Transfer=1
21:50:08.884      NRPass2UICorrection=1
21:50:08.884      NRPass3AutoMask=0
21:50:08.884      NRPass3Color=1
21:50:08.884      NRPass3FollowPass1=0
21:50:08.884      NRPass3Intensity=2
21:50:08.884      NRPass3LocalTone=1
21:50:08.884      NRPass3Skin=-1
21:50:08.885      NRPass3Structure=1
21:50:08.885      NRPass3Style=0
21:50:08.885      NRPass3Transfer=1
21:50:08.885      NRPass3UICorrection=0
21:50:08.885      NRPass4AutoMask=0
21:50:08.885      NRPass4Color=1
21:50:08.885      NRPass4FollowPass1=0
21:50:08.886      NRPass4Intensity=2
21:50:08.886      NRPass4LocalTone=1
21:50:08.886      NRPass4Skin=-1
21:50:08.886      NRPass4Structure=1
21:50:08.886      NRPass4Style=0
21:50:08.886      NRPass4Transfer=0
21:50:08.886      NRPass4UICorrection=0
21:50:08.887      NRPasses=2
21:50:08.887      NRPQCalibration=1
21:50:08.887      NRPresentEncoding=0
21:50:08.887      NRPresentFgSource=0
21:50:08.887      NRPresentFrames=0
21:50:08.887      NRPresentGuides=0
21:50:08.887      NRPresentUICorrection=1
21:50:08.887      NRPresentWhiteNits=0
21:50:08.887      NRPreset=2
21:50:08.888      NRPreUpscale=0
21:50:08.888      NRProxyAnchor=4
21:50:08.888      NRResolutionScale=1
21:50:08.888      NRScreenshotFormat=0
21:50:08.888      NRScreenshotJpegQuality=95
21:50:08.888      NRScreenshotKey=116
21:50:08.888      NRScreenshotLayout=0
21:50:08.888      NRScreenshotMaxMB=10
21:50:08.889      NRScreenshotSource=0
21:50:08.889      NRShutdownQuiesce=1
21:50:08.889      NRSkinIndependent=1
21:50:08.889      NRSkinStructure=0
21:50:08.889      NRSourceEncoding=0
21:50:08.889      NRSourcePrimaries=0
21:50:08.889      NRStyle=2
21:50:08.889      NRStyleHighlightGuard=0
21:50:08.890      NRToggleKey=106
21:50:08.890      NRTransferMode=1
21:50:08.890      NRTransferStrength=1
21:50:08.890      NRUICorrection=1
21:50:08.890      NRWorksetFreePolicy=0
21:50:08.890      UiIssueNotice=1
21:50:08.890      UiLanguage=zh-Hans
21:50:08.890      UiMode=modern
21:50:08.891      UiWelcomed=1
21:50:08.891  [bridge] config: stage=3 mode=2 flags=-1 subrects=1 reset_every=0 pixels=0 skip_game=1 dred=1 skip_exe=1 unwrap=1 source=auto synth=0 hash_out=1 synth_after=0 mv_sign_x=0 mv_sign_y=0 ofa_grid=2 ofa_perf=20 vk_present=1 vk_sync=0
21:50:08.892  [bridge] settings read from C:\Program Files\Hypergryph Launcher\games\Endfield Game\dlss5-bridge.cfg
21:50:08.901  [bridge] the driver's route to neural rendering is closed for this process: entry 18 of the loader's feature table at 00007FFA2B0B43E0 named "dlssnr" and now names nothing, which is what the previous driver had there. The DLSS 5 add-on drives that feature itself, as it did before the driver update. Nothing on disk is changed and no other feature is touched. Set ngx_loader=1 in dlss5-bridge.cfg to leave the driver's route alone.
21:50:08.901  [synth] registered for ReShade effect events at add-on API 18 (synth floor 10).
21:50:08.902  [vkmirror] colour format tables agree on 7 of 7 entries.
21:50:08.902  [vkmirror] vk_mirror=1: the Vulkan NGX entry points will be hooked and a Vulkan game's own DLSS contract mirrored onto the private D3D12 session.
21:50:08.902  [panel] status panel registered in ReShade's overlay. Asked for the ImGui 19000 function table; ReShade reports its own ImGui as 1.92.5.
21:50:08.903  NGX layer 0: C:\WINDOWS\System32\DriverStore\FileRepository\nv_dispsi.inf_amd64_b8459fc8f905f657\_nvngx.dll (base=00007FFA2AFE0000)
21:50:08.903    version 32.0.16.1692
21:50:08.904    NVSDK_NGX_D3D11_CreateFeature     = 00007FFA2B045C60
21:50:08.904    NVSDK_NGX_D3D11_EvaluateFeature   = 00007FFA2B045E30
21:50:08.904    NVSDK_NGX_D3D11_EvaluateFeature_C = 0000000000000000
21:50:08.904    NVSDK_NGX_D3D11_ReleaseFeature    = 00007FFA2B045D30
21:50:08.904    CreateFeature    prologue: 48 89 6C 24 18 56 57 41 56 48 83 EC 40 48 
21:50:08.904    EvaluateFeature  prologue: 48 89 5C 24 08 48 89 6C 24 10 48 89 74 24 
21:50:09.297    hooked: CreateFeature=yes EvaluateFeature=yes EvaluateFeature_C=absent
21:50:09.297    hooked: D3D11 ReleaseFeature=yes
21:50:09.297    NVSDK_NGX_VULKAN_CreateFeature     = 00007FFA2AFED230
21:50:09.297    NVSDK_NGX_VULKAN_CreateFeature1    = 00007FFA2AFED340
21:50:09.297    NVSDK_NGX_VULKAN_EvaluateFeature   = 00007FFA2AFED4E0
21:50:09.298    NVSDK_NGX_VULKAN_EvaluateFeature_C = 0000000000000000
21:50:09.298    NVSDK_NGX_VULKAN_ReleaseFeature    = 00007FFA2AFED3E0
21:50:09.298    VK CreateFeature prologue: 48 89 5C 24 10 48 89 6C 24 18 48 89 74 24 
21:50:09.298    VK CreateFeature1 prologue: 48 89 6C 24 10 48 89 74 24 18 48 89 7C 24 
21:50:09.298    VK EvaluateFeature prologue: 48 89 5C 24 08 48 89 6C 24 10 48 89 74 24 
21:50:09.828    hooked: VULKAN CreateFeature=yes CreateFeature1=yes EvaluateFeature=yes EvaluateFeature_C=absent
21:50:09.828    hooked: VULKAN ReleaseFeature=yes
21:50:09.829  [nr-compat] processing unavailable: Generic add-on is not loaded (renodx-dlss5.addon64). 已经确定可以正常使用该版本插件的Generic插件：8.5.0-rc10
21:50:10.082  [fg-relay] Import=1: the ReShade layer's vkCreateDevice at 00007FFA2B3507A0 is hooked. Every device created from here on gets VK_KHR_external_semaphore_win32 appended to its extension list, and a driver that refuses the name gets the caller's own list retried unchanged.
21:50:10.084  qpc=4365056508478 [focus-fg] state: enabled=1 hooked=0 foreground=0 minimized=0 hwnd=0000000000000000 scope_calls=0 original_false=0 kept=0 presents=0 FG_evaluates=0
21:50:10.101  [composition-guard] capture exclusion requested: applied
21:50:10.551  qpc=4365058155727 [fg-relay] interposer hook: present=hooked
21:50:10.551  qpc=4365061176430 [fg-trace] queue discovery exports: get_queue=hooked get_queue2=hooked
21:50:11.070  NGX layer 1: C:\Program Files\Hypergryph Launcher\games\Endfield Game\nvngx_dlss.dll (base=00007FF93BB90000)
21:50:11.071    version 310.5.2.0
21:50:11.071    NVSDK_NGX_D3D11_CreateFeature     = 00007FF93BBD5160
21:50:11.071    NVSDK_NGX_D3D11_EvaluateFeature   = 00007FF93BBD52C0
21:50:11.072    NVSDK_NGX_D3D11_EvaluateFeature_C = 0000000000000000
21:50:11.072    NVSDK_NGX_D3D11_ReleaseFeature    = 00007FF93BBD5720
21:50:11.072    CreateFeature    prologue: 48 89 5C 24 08 48 89 6C 24 10 56 57 41 56 
21:50:11.072    EvaluateFeature  prologue: 48 89 5C 24 08 48 89 6C 24 10 48 89 74 24 
21:50:11.360      00007FF93BBD5720 is a thunk table entry; the hook goes to its destination 00007FF93BBD3440 so the patch does not overwrite the entries beside it.
21:50:11.487    hooked: CreateFeature=yes EvaluateFeature=yes EvaluateFeature_C=absent
21:50:11.487    hooked: D3D11 ReleaseFeature=yes
21:50:11.487    NVSDK_NGX_VULKAN_CreateFeature     = 00007FF93BC579C0
21:50:11.487    NVSDK_NGX_VULKAN_CreateFeature1    = 00007FF93BC579E0
21:50:11.488    NVSDK_NGX_VULKAN_EvaluateFeature   = 00007FF93BC579F0
21:50:11.488    NVSDK_NGX_VULKAN_EvaluateFeature_C = 0000000000000000
21:50:11.488    NVSDK_NGX_VULKAN_ReleaseFeature    = 00007FF93BC58020
21:50:11.488    VK CreateFeature prologue: 48 83 EC 38 4C 89 4C 24 20 4D 8B C8 44 8B 
21:50:11.488    VK CreateFeature1 prologue: E9 4B F1 FF FF CC CC CC CC CC CC CC CC CC  <== a thunk into its own module, not a hook
21:50:11.488        the hook jumps into C:\Program Files\Hypergryph Launcher\games\Endfield Game\nvngx_dlss.dll +0xC6B30
21:50:11.488    VK EvaluateFeature prologue: 48 89 5C 24 08 48 89 6C 24 10 48 89 74 24 
21:50:11.617      00007FF93BC579E0 is a thunk table entry; the hook goes to its destination 00007FF93BC56B30 so the patch does not overwrite the entries beside it.
21:50:11.891      00007FF93BC58020 is a thunk table entry; the hook goes to its destination 00007FF93BC56F90 so the patch does not overwrite the entries beside it.
21:50:12.062    hooked: VULKAN CreateFeature=yes CreateFeature1=yes EvaluateFeature=yes EvaluateFeature_C=absent
21:50:12.062    hooked: VULKAN ReleaseFeature=yes
21:50:12.065  [nr-compat] Generic build identified; SHA256=DCD93881E976AD033D83C2BB01F4BC3E4DDC59C15FE0DD4CA165BC5FC7D1AC68. No version/hash gate. 已经确定可以正常使用该版本插件的Generic插件：8.5.0-rc10
21:50:12.066  [nr-compat] configuration condition recovered; normal processing may resume.
21:50:12.085  NGX layer 1 retirement finalized.
21:50:12.086  NGX layer 1: C:\Program Files\Hypergryph Launcher\games\Endfield Game\nvngx_deepdvc.dll (base=00007FFA16C00000)
21:50:12.086    version 310.5.2.0
21:50:12.086    NVSDK_NGX_D3D11_CreateFeature     = 00007FFA16C20140
21:50:12.086    NVSDK_NGX_D3D11_EvaluateFeature   = 00007FFA16C20260
21:50:12.086    NVSDK_NGX_D3D11_EvaluateFeature_C = 0000000000000000
21:50:12.087    NVSDK_NGX_D3D11_ReleaseFeature    = 00007FFA16C20550
21:50:12.087    CreateFeature    prologue: 48 89 5C 24 10 48 89 6C 24 18 57 48 83 EC 
21:50:12.087    EvaluateFeature  prologue: 48 89 5C 24 08 48 89 6C 24 10 48 89 74 24 
21:50:12.381      00007FFA16C20550 is a thunk table entry; the hook goes to its destination 00007FFA16C1E9F0 so the patch does not overwrite the entries beside it.
21:50:12.523    hooked: CreateFeature=yes EvaluateFeature=yes EvaluateFeature_C=absent
21:50:12.523    hooked: D3D11 ReleaseFeature=yes
21:50:12.523    NVSDK_NGX_VULKAN_CreateFeature     = 00007FFA16C244E0
21:50:12.523    NVSDK_NGX_VULKAN_CreateFeature1    = 00007FFA16C24500
21:50:12.523    NVSDK_NGX_VULKAN_EvaluateFeature   = 00007FFA16C24510
21:50:12.524    NVSDK_NGX_VULKAN_EvaluateFeature_C = 0000000000000000
21:50:12.524    NVSDK_NGX_VULKAN_ReleaseFeature    = 00007FFA16C24A90
21:50:12.524    VK CreateFeature prologue: 48 83 EC 38 4C 89 4C 24 20 4D 8B C8 44 8B 
21:50:12.525    VK CreateFeature1 prologue: E9 8B F2 FF FF CC CC CC CC CC CC CC CC CC  <== a thunk into its own module, not a hook
21:50:12.525        the hook jumps into C:\Program Files\Hypergryph Launcher\games\Endfield Game\nvngx_deepdvc.dll +0x23790
21:50:12.525    VK EvaluateFeature prologue: 48 89 5C 24 08 48 89 6C 24 10 48 89 74 24 
21:50:12.669      00007FFA16C24500 is a thunk table entry; the hook goes to its destination 00007FFA16C23790 so the patch does not overwrite the entries beside it.
21:50:12.938      00007FFA16C24A90 is a thunk table entry; the hook goes to its destination 00007FFA16C23B80 so the patch does not overwrite the entries beside it.
21:50:13.070    hooked: VULKAN CreateFeature=yes CreateFeature1=yes EvaluateFeature=yes EvaluateFeature_C=absent
21:50:13.070    hooked: VULKAN ReleaseFeature=yes
21:50:13.070  NGX layer 2: C:\Program Files\Hypergryph Launcher\games\Endfield Game\nvngx_dlssd.dll (base=00007FF935940000)
21:50:13.070    version 310.5.2.0
21:50:13.071    NVSDK_NGX_D3D11_CreateFeature     = 00007FF93597A930
21:50:13.071    NVSDK_NGX_D3D11_EvaluateFeature   = 00007FF93597AA90
21:50:13.071    NVSDK_NGX_D3D11_EvaluateFeature_C = 0000000000000000
21:50:13.071    NVSDK_NGX_D3D11_ReleaseFeature    = 00007FF93597AEF0
21:50:13.071    CreateFeature    prologue: 48 89 5C 24 08 48 89 6C 24 10 56 57 41 56 
21:50:13.071    EvaluateFeature  prologue: 48 89 5C 24 08 48 89 6C 24 10 48 89 74 24 
21:50:13.356      00007FF93597AEF0 is a thunk table entry; the hook goes to its destination 00007FF935978C10 so the patch does not overwrite the entries beside it.
21:50:13.495    hooked: CreateFeature=yes EvaluateFeature=yes EvaluateFeature_C=absent
21:50:13.495    hooked: D3D11 ReleaseFeature=yes
21:50:13.495    NVSDK_NGX_VULKAN_CreateFeature     = 00007FF9359FB4C0
21:50:13.495    NVSDK_NGX_VULKAN_CreateFeature1    = 00007FF9359FB4E0
21:50:13.495    NVSDK_NGX_VULKAN_EvaluateFeature   = 00007FF9359FB4F0
21:50:13.495    NVSDK_NGX_VULKAN_EvaluateFeature_C = 0000000000000000
21:50:13.496    NVSDK_NGX_VULKAN_ReleaseFeature    = 00007FF9359FBB20
21:50:13.496    VK CreateFeature prologue: 48 83 EC 38 4C 89 4C 24 20 4D 8B C8 44 8B 
21:50:13.496    VK CreateFeature1 prologue: E9 4B F1 FF FF CC CC CC CC CC CC CC CC CC  <== a thunk into its own module, not a hook
21:50:13.496        the hook jumps into C:\Program Files\Hypergryph Launcher\games\Endfield Game\nvngx_dlssd.dll +0xBA630
21:50:13.496    VK EvaluateFeature prologue: 48 89 5C 24 08 48 89 6C 24 10 48 89 74 24 
21:50:13.629      00007FF9359FB4E0 is a thunk table entry; the hook goes to its destination 00007FF9359FA630 so the patch does not overwrite the entries beside it.
21:50:13.900      00007FF9359FBB20 is a thunk table entry; the hook goes to its destination 00007FF9359FAA90 so the patch does not overwrite the entries beside it.
21:50:14.037    hooked: VULKAN CreateFeature=yes CreateFeature1=yes EvaluateFeature=yes EvaluateFeature_C=absent
21:50:14.037    hooked: VULKAN ReleaseFeature=yes
21:50:14.509  [fg-guides] Vulkan capability device=000000002F1000D0 instance=0000000126D23010 physical=000000012495C4F0 queries=1 blit-formats=1 graphics-families=0x1. compute-families=0x5 local-types=0x12.
21:50:14.510  [fg-relay] Import=1: the device created at 000000002F1000D0 already carried VK_KHR_external_semaphore_win32; it is recorded for the import.
21:50:14.561  qpc=4365097382210 [fg-relay] Reflex sleep hook: slGetPluginFunction=00007FFA9872E0E0 slReflexSleep=00007FFA9872DE60 hooked
21:50:14.562  qpc=4365098801562 [focus-fg] SetOptions diagnostic hook ready (arguments unchanged)
21:50:14.562  qpc=4365100059032 [focus-fg] FreeResources diagnostic hook ready (arguments unchanged)
21:50:14.562  qpc=4365101288798 [focus-fg] scoped focus gate ready: return_rva=0x4c0a7 interface=00007FFA3E967FD0 method=00007FFA3E8966B0; explicit FG Off and all resource release remain native
21:50:14.766  NGX layer 3: C:\Program Files\Hypergryph Launcher\games\Endfield Game\nvngx_dlss.dll (base=00007FF93BB90000)
21:50:14.767    version 310.5.2.0
21:50:14.767    NVSDK_NGX_D3D11_CreateFeature     = 00007FF93BBD5160
21:50:14.767    NVSDK_NGX_D3D11_EvaluateFeature   = 00007FF93BBD52C0
21:50:14.767    NVSDK_NGX_D3D11_EvaluateFeature_C = 0000000000000000
21:50:14.767    NVSDK_NGX_D3D11_ReleaseFeature    = 00007FF93BBD5720
21:50:14.768    CreateFeature    prologue: 48 89 5C 24 08 48 89 6C 24 10 56 57 41 56 
21:50:14.768    EvaluateFeature  prologue: 48 89 5C 24 08 48 89 6C 24 10 48 89 74 24 
21:50:15.067      00007FF93BBD5720 is a thunk table entry; the hook goes to its destination 00007FF93BBD3440 so the patch does not overwrite the entries beside it.
21:50:15.199    hooked: CreateFeature=yes EvaluateFeature=yes EvaluateFeature_C=absent
21:50:15.200    hooked: D3D11 ReleaseFeature=yes
21:50:15.200    NVSDK_NGX_VULKAN_CreateFeature     = 00007FF93BC579C0
21:50:15.200    NVSDK_NGX_VULKAN_CreateFeature1    = 00007FF93BC579E0
21:50:15.200    NVSDK_NGX_VULKAN_EvaluateFeature   = 00007FF93BC579F0
21:50:15.200    NVSDK_NGX_VULKAN_EvaluateFeature_C = 0000000000000000
21:50:15.200    NVSDK_NGX_VULKAN_ReleaseFeature    = 00007FF93BC58020
21:50:15.201    VK CreateFeature prologue: 48 83 EC 38 4C 89 4C 24 20 4D 8B C8 44 8B 
21:50:15.201    VK CreateFeature1 prologue: E9 4B F1 FF FF CC CC CC CC CC CC CC CC CC  <== a thunk into its own module, not a hook
21:50:15.201        the hook jumps into C:\Program Files\Hypergryph Launcher\games\Endfield Game\nvngx_dlss.dll +0xC6B30
21:50:15.201    VK EvaluateFeature prologue: 48 89 5C 24 08 48 89 6C 24 10 48 89 74 24 
21:50:15.338      00007FF93BC579E0 is a thunk table entry; the hook goes to its destination 00007FF93BC56B30 so the patch does not overwrite the entries beside it.
21:50:15.583      00007FF93BC58020 is a thunk table entry; the hook goes to its destination 00007FF93BC56F90 so the patch does not overwrite the entries beside it.
21:50:15.709    hooked: VULKAN CreateFeature=yes CreateFeature1=yes EvaluateFeature=yes EvaluateFeature_C=absent
21:50:15.709    hooked: VULKAN ReleaseFeature=yes
21:50:15.725  NGX layer 3 retirement finalized.
21:50:17.418  [vkmirror] ReShade created an effect runtime on Vulkan. The mirror takes it.
21:50:17.550  qpc=4365131178965 [fg-trace] layer queue discovery: 00007FF9D9316D70 hooked
21:50:17.754  [fg-relay] shutdown has no relay session or GPU objects; the next runtime can open its first relay.
21:50:17.762  [vkmirror] ReShade created an effect runtime on Vulkan. The mirror takes it.
21:50:17.762  [vkmirror] a new ReShade effect runtime exists, so the mirror is armed again and rebuilds on the next evaluate.
21:50:18.083  [fg-relay] shutdown has no relay session or GPU objects; the next runtime can open its first relay.
21:50:18.094  [vkmirror] ReShade created an effect runtime on Vulkan. The mirror takes it.
21:50:18.094  [vkmirror] a new ReShade effect runtime exists, so the mirror is armed again and rebuilds on the next evaluate.
21:50:19.780  [fg-relay] shutdown has no relay session or GPU objects; the next runtime can open its first relay.
21:50:19.793  [vkmirror] ReShade created an effect runtime on Vulkan. The mirror takes it.
21:50:19.793  [vkmirror] a new ReShade effect runtime exists, so the mirror is armed again and rebuilds on the next evaluate.
21:50:19.946  NGX layer 3: C:\Program Files\Hypergryph Launcher\games\Endfield Game\nvngx_dlssnr.dll (base=00007FF8C6790000)
21:50:19.947    version 310.8.0.0
21:50:19.947    NVSDK_NGX_D3D11_CreateFeature     = 00007FF8C67A38B0
21:50:19.947    NVSDK_NGX_D3D11_EvaluateFeature   = 00007FF8C67A3B20
21:50:19.948    NVSDK_NGX_D3D11_EvaluateFeature_C = 0000000000000000
21:50:19.948    NVSDK_NGX_D3D11_ReleaseFeature    = 00007FF8C67A4190
21:50:19.948    CreateFeature    prologue: 40 53 55 56 48 81 EC 80 02 00 00 48 8B 05 
21:50:19.948    EvaluateFeature  prologue: 40 53 55 56 57 41 56 48 81 EC 60 02 00 00 
21:50:20.348    hooked: CreateFeature=yes EvaluateFeature=yes EvaluateFeature_C=absent
21:50:20.349    hooked: D3D11 ReleaseFeature=yes
21:50:20.349    NVSDK_NGX_VULKAN_CreateFeature     = 00007FF8C67B4A20
21:50:20.349    NVSDK_NGX_VULKAN_CreateFeature1    = 00007FF8C67B4B70
21:50:20.349    NVSDK_NGX_VULKAN_EvaluateFeature   = 00007FF8C67B4C80
21:50:20.349    NVSDK_NGX_VULKAN_EvaluateFeature_C = 0000000000000000
21:50:20.350    NVSDK_NGX_VULKAN_ReleaseFeature    = 00007FF8C67B5410
21:50:20.350    VK CreateFeature prologue: 40 53 55 56 57 41 56 48 81 EC 60 02 00 00 
21:50:20.350    VK CreateFeature1 prologue: 40 53 55 56 57 41 56 48 81 EC 60 02 00 00 
21:50:20.350    VK EvaluateFeature prologue: 48 89 5C 24 08 48 89 6C 24 10 48 89 74 24 
21:50:20.845    hooked: VULKAN CreateFeature=yes CreateFeature1=yes EvaluateFeature=yes EvaluateFeature_C=absent
21:50:20.845    hooked: VULKAN ReleaseFeature=yes
21:50:24.106  qpc=4365196727674 [focus-fg] state: enabled=1 hooked=1 foreground=1 minimized=0 hwnd=0000000008660FE6 scope_calls=0 original_false=0 kept=0 presents=0 FG_evaluates=0
21:50:36.003  qpc=4365315671826 [fg-trace] vkGetDeviceQueue(layer) family=0 index=1 -> queue=000000002DE528D0 thread=38976
21:50:36.003  qpc=4365315674514 [fg-trace] vkGetDeviceQueue(layer) family=2 index=1 -> queue=000000002DE550D0 thread=38976
21:50:36.003  qpc=4365315703700 [focus-fg] state: enabled=1 hooked=1 foreground=0 minimized=0 hwnd=0000000008660FE6 scope_calls=0 original_false=0 kept=0 presents=0 FG_evaluates=0
21:50:36.015  [fg-relay] shutdown has no relay session or GPU objects; the next runtime can open its first relay.
21:50:36.026  [vkmirror] ReShade created an effect runtime on Vulkan. The mirror takes it.
21:50:36.026  [vkmirror] a new ReShade effect runtime exists, so the mirror is armed again and rebuilds on the next evaluate.
21:50:36.034  === Vulkan CreateFeature1 #1  feature_id=1  VkDevice=000000002F1000D0  thread 40064 ===
21:50:36.066  [feature-lifecycle] Vulkan created feature=1 handle=00000004FF128390 generation=1 live=1
21:50:36.066  === Vulkan CreateFeature1 #1 returned 1, handle=00000004FF128390 ===
21:50:36.067  [vkmirror] the game's create states 5120x2160 -> 5120x2160. That is the shape the mirror will use, in preference to the four scalars its evaluates carry.
21:50:36.067  [fg-history] native game SR Reset=1; foreground=0.
21:50:36.067  [fg-input] native Vulkan DLSS is forwarded without a mirror; the real frame is processed once at the frame-generation input.
21:50:36.193  === Vulkan CreateFeature1 #2  feature_id=18  VkDevice=000000002F1000D0  thread 40064 ===
21:50:36.193  === Vulkan CreateFeature1 #2 returned -1160773630, handle=0000000000000000 ===
21:50:36.195  qpc=4365317612411 [fg-trace] vkGetDeviceQueue(layer) family=0 index=0 -> queue=000000002DE514D0 thread=40064
21:50:36.195  qpc=4365317612511 [fg-trace] vkGetDeviceQueue(layer) family=2 index=0 -> queue=000000002DE53CD0 thread=40064
21:50:36.259  [fg-relay] shutdown has no relay session or GPU objects; the next runtime can open its first relay.
21:50:36.270  [vkmirror] ReShade created an effect runtime on Vulkan. The mirror takes it.
21:50:36.270  [vkmirror] a new ReShade effect runtime exists, so the mirror is armed again and rebuilds on the next evaluate.
21:50:36.303  [fg-relay] shutdown has no relay session or GPU objects; the next runtime can open its first relay.
21:50:36.314  [vkmirror] ReShade created an effect runtime on Vulkan. The mirror takes it.
21:50:36.314  [vkmirror] a new ReShade effect runtime exists, so the mirror is armed again and rebuilds on the next evaluate.
21:50:36.379  [fg-history] native game SR Reset=0; foreground=0.
21:50:36.379  === Vulkan CreateFeature1 #3  feature_id=18  VkDevice=000000002F1000D0  thread 40064 ===
21:50:36.379  === Vulkan CreateFeature1 #3 returned -1160773630, handle=0000000000000000 ===
21:50:36.433  [fg-relay] shutdown has no relay session or GPU objects; the next runtime can open its first relay.
21:50:36.443  [vkmirror] ReShade created an effect runtime on Vulkan. The mirror takes it.
21:50:36.444  [vkmirror] a new ReShade effect runtime exists, so the mirror is armed again and rebuilds on the next evaluate.
21:50:37.382  === Vulkan CreateFeature1 #4  feature_id=18  VkDevice=000000002F1000D0  thread 40064 ===
21:50:37.382  === Vulkan CreateFeature1 #4 returned -1160773630, handle=0000000000000000 ===
21:50:37.534  [fg-relay] shutdown has no relay session or GPU objects; the next runtime can open its first relay.
21:50:37.550  [vkmirror] ReShade created an effect runtime on Vulkan. The mirror takes it.
21:50:37.550  [vkmirror] a new ReShade effect runtime exists, so the mirror is armed again and rebuilds on the next evaluate.
21:50:39.192  qpc=4365347597376 [focus-fg] state: enabled=1 hooked=1 foreground=1 minimized=0 hwnd=0000000008660FE6 scope_calls=0 original_false=0 kept=0 presents=244 FG_evaluates=0
21:50:39.389  === Vulkan CreateFeature1 #5  feature_id=18  VkDevice=000000002F1000D0  thread 40064 ===
21:50:39.389  === Vulkan CreateFeature1 #5 returned -1160773630, handle=0000000000000000 ===
21:50:42.244  qpc=4365378096970 [focus-fg] game SetOptions unchanged: readable=1 version=4 mode=0 generated=1 flags=0x8 retain_when_off=1 guides=0x0 colour=0x0 result=0x0 foreground=1 minimized=0
21:50:43.476  [feature-lifecycle] Vulkan release handle=00000004FF128390 feature=1 generation=1 result=1 removed=1
21:50:51.225  [fg-relay] rate/15.0s p2 import_opt=1: presents=34.9/s present-gate[point=34.9 ready=0.0 fallback=0.0 inactive=0.0]/s noinfo=0.0/s stale=0.0/s unlearned=0.0/s attempts=0.0/s armed=0.0/s skipped=0.0/s busy=0.0/s arm-reject[state=0.0 request=0.0 refused=0.0 stopping=0.0 res=0.0 size=0.0]/s pool[cap=0.0 family=0.0 create=0.0 alloc=0.0]/s copy-drop[fence=0.0 reset=0.0 begin=0.0 end=0.0 submit=0.0]/s cf[seq=0.0/s idle=0.0/s nrfence=0.0/s] slotbusy=0.0/s copyfence-busy=0.0/s nr-gpuwait=0.0/s flips=0.0/s
21:50:51.225  [fg-relay] rate2: fginput eval=0.0/s index!=1=0.0/s eval-gate[off=0.0 fallback=0.0 notready=0.0 noinput=0.0 noqueue=0.0]/s relay eval=0.0/s consume=0.0/s inplace=0.0/s(ok 0.0/s) unarmed=0.0/s mismatch=0.0/s relbusy=0.0/s relok=0.0/s relfail=0.0/s release-stage[queue=0.0 pool=0.0 fence=0.0 reset=0.0 begin=0.0 end=0.0 submit=0.0]/s watchdog=0.0/s | worker plays=0.0/s ok=0.0/s fail=0.0/s nr_absent=0.0/s copyfail=0.0/s
21:50:51.226  [fg-relay] rate3: arm->arm avg=0.00ms max=0.00ms n=0 | arm->work avg=0.00ms max=0.00ms | arm->eval avg=0.00ms max=0.00ms | copywait avg=0.000ms max=0.000ms | copy-land<= avg=0.00ms max=0.00ms | work avg=0.00ms max=0.00ms | totals armed=0 unarmed=0 skipped=0 busy=0 mismatch=0 copies_failed=0 writes=0 conflicts=0
21:50:51.226  [fg-relay] rate4: throttle depth=1 off=0 | sleep calls=34.9/s waits=0.0/s clear=0.0/s timeouts=0.0/s avg=0.00ms | present calls=34.9/s waits=0.0/s clear=0.0/s timeouts=0.0/s avg=0.00ms | max=0.00ms (process)
21:50:54.504  === Vulkan CreateFeature1 #6  feature_id=1  VkDevice=000000002F1000D0  thread 40064 ===
21:50:54.526  [feature-lifecycle] Vulkan created feature=1 handle=00000025CDC81170 generation=2 live=1
21:50:54.526  === Vulkan CreateFeature1 #6 returned 1, handle=00000025CDC81170 ===
21:50:54.527  [fg-history] native game SR Reset=1; foreground=1.
21:50:54.527  === Vulkan CreateFeature1 #7  feature_id=18  VkDevice=000000002F1000D0  thread 40064 ===
21:50:54.528  === Vulkan CreateFeature1 #7 returned -1160773630, handle=0000000000000000 ===
21:50:54.529  === Vulkan CreateFeature1 #8  feature_id=11  VkDevice=000000002F1000D0  thread 40064 ===
21:50:54.530  qpc=4365500953768 [focus-fg] game SetOptions unchanged: readable=1 version=4 mode=1 generated=3 flags=0x0 retain_when_off=0 guides=0x0 colour=0x0 result=0x0 foreground=1 minimized=0
21:50:54.594  [feature-lifecycle] Vulkan created feature=11 handle=00000027D75AFA00 generation=3 live=2
21:50:54.594  === Vulkan CreateFeature1 #8 returned 1, handle=00000027D75AFA00 ===
21:50:54.625  [fg-history] native game SR Reset=0; foreground=1.
21:50:54.625  === Vulkan CreateFeature1 #9  feature_id=18  VkDevice=000000002F1000D0  thread 40064 ===
21:50:54.625  === Vulkan CreateFeature1 #9 returned -1160773630, handle=0000000000000000 ===
21:50:54.698  [present-adapter] enabled, idle. Awaiting a new request token; existing requests are ignored.
21:50:54.699  [fg-input] AutoRun: continuous NR at the frame-generation input; a request with frames=0 stops it. pipeline=serial park
21:50:54.700  
21:50:54.700  ################ synth: opening on this add-on's own D3D12 device ################
21:50:54.704  [bridge] D3D12 device created at feature level 12_1.
21:50:54.704  [bridge] the D3D12 device came back wrapped by ReShade: 00000027D75C02C0 over 0000000162712FA0. NGX is given the unwrapped one, so no other add-on is handed D3D12 objects it never asked for.
21:50:54.704  [bridge] add-ons loaded at this point, with their bases:
21:50:54.704  [bridge]   dlss5-bridge.addon64 at 00007FFA3DD90000
21:50:54.705  [bridge]   renodx-dlss5.addon64 at 00007FFA2AAC0000
21:50:54.705  [bridge]   renodx-endfield-enhancer.addon64 at 00007FFA2A5F0000
21:50:54.733  [synth] this add-on's own D3D12 device is 0000000162712FA0 and its graphics queue is 00000027D72AAC20
21:50:54.734  [bridge] NGX D3D12 entry points taken from C:\WINDOWS\System32\DriverStore\FileRepository\nv_dispsi.inf_amd64_b8459fc8f905f657\_nvngx.dll
21:50:54.734  [synth] NGX data path: C:\Program Files\Hypergryph Launcher\games\Endfield Game\
21:50:54.812  [composition-guard] shown at 3840,0 alpha=1
21:50:54.937  NGX layer 4: C:\Program Files\Hypergryph Launcher\games\Endfield Game\nvngx_dlss.dll (base=00007FF8F9870000)
21:50:54.937    version 310.5.2.0
21:50:54.937    NVSDK_NGX_D3D11_CreateFeature     = 00007FF8F98B5160
21:50:54.937    NVSDK_NGX_D3D11_EvaluateFeature   = 00007FF8F98B52C0
21:50:54.938    NVSDK_NGX_D3D11_EvaluateFeature_C = 0000000000000000
21:50:54.938    NVSDK_NGX_D3D11_ReleaseFeature    = 00007FF8F98B5720
21:50:54.938    CreateFeature    prologue: 48 89 5C 24 08 48 89 6C 24 10 56 57 41 56 
21:50:54.938    EvaluateFeature  prologue: 48 89 5C 24 08 48 89 6C 24 10 48 89 74 24 
21:50:55.361      00007FF8F98B5720 is a thunk table entry; the hook goes to its destination 00007FF8F98B3440 so the patch does not overwrite the entries beside it.
21:50:55.566    hooked: CreateFeature=yes EvaluateFeature=yes EvaluateFeature_C=absent
21:50:55.566    hooked: D3D11 ReleaseFeature=yes
21:50:55.567    NVSDK_NGX_VULKAN_CreateFeature     = 00007FF8F99379C0
21:50:55.567    NVSDK_NGX_VULKAN_CreateFeature1    = 00007FF8F99379E0
21:50:55.567    NVSDK_NGX_VULKAN_EvaluateFeature   = 00007FF8F99379F0
21:50:55.567    NVSDK_NGX_VULKAN_EvaluateFeature_C = 0000000000000000
21:50:55.567    NVSDK_NGX_VULKAN_ReleaseFeature    = 00007FF8F9938020
21:50:55.567    VK CreateFeature prologue: 48 83 EC 38 4C 89 4C 24 20 4D 8B C8 44 8B 
21:50:55.568    VK CreateFeature1 prologue: E9 4B F1 FF FF CC CC CC CC CC CC CC CC CC  <== a thunk into its own module, not a hook
21:50:55.568        the hook jumps into C:\Program Files\Hypergryph Launcher\games\Endfield Game\nvngx_dlss.dll +0xC6B30
21:50:55.568    VK EvaluateFeature prologue: 48 89 5C 24 08 48 89 6C 24 10 48 89 74 24 
21:50:55.735      00007FF8F99379E0 is a thunk table entry; the hook goes to its destination 00007FF8F9936B30 so the patch does not overwrite the entries beside it.
21:50:55.863  [synth] Init_Ext(version=0x13) -> ok
21:50:55.864  [synth] D3D12 session ready on this add-on's own D3D12 device. The frame does not start on this device, so every texture NGX reads is created shareable here and imported by the API the game renders with.
21:50:55.864  [synth] Vulkan side ready: VkDevice 000000002F1000D0, VK_KHR_external_memory_win32 enabled, VK_KHR_push_descriptor enabled, 23 entry points resolved out of vulkan-1.dll with no import of it.
21:50:55.865  [fg-colour] active=5120x2160 HUD-less texture=5120x2160 origin=0,0 backbuffer texture=5120x2160 origin=0,0; outside pixels preserved.
21:50:55.865  [fg-input] building the private feature and its Vulkan import for 5120x2160 R8G8B8A8_UNORM
21:50:55.873  [bridge] shader compiler: C:\Program Files\Hypergryph Launcher\games\Endfield Game\d3dcompiler_47.dll
21:50:55.887  [bridge] sRGB conversion ready: R8G8B8A8_UNORM -> linear BT.709 (normalized SDR) -> original encoding.
21:50:55.887  [synth] colour in R8G8B8A8_UNORM, output R8G8B8A8_UNORM -- the frame is copied into the first and the result is copied back out of the second, because NGX reads one as a shader resource and writes the other through a UAV in the same call.
21:50:55.887  [synth]   Color  fmt 28 5120x2160 flags=0x20: sample yes, typed UAV yes, UAV load yes, UAV store yes
21:50:55.887  [synth]   Output fmt 28 5120x2160 flags=0x24: sample yes, typed UAV yes, UAV load yes, UAV store yes
21:50:55.887  [synth]   Depth  fmt 41 5120x2160 flags=0x20: sample yes, typed UAV yes, UAV load yes, UAV store yes
21:50:55.887  [synth]   MV     fmt 34 5120x2160 flags=0x20: sample yes, typed UAV yes, UAV load yes, UAV store yes
21:50:55.887  [bridge] the synthetic contract's create flags 8: DepthInverted
21:50:56.001  [synth] feature ready on this add-on's own D3D12 device: 5120x2160 -> 5120x2160 handle=0000002904B02990
21:50:56.002  [synth] imported memory: the image allows types 0x00000003, the imported handle allows 0x00000002 (query returned 0), and the lowest of the two together is taken, index 1. UNVERIFIED on AMD and on Intel -- if the import fails or the picture is wrong on one of those, this line is the first thing to compare.
21:50:56.003  [synth] 5 D3D12 textures imported into the game's VkDevice -- the four slots, and the pipeline's second Output -- and a 44236800-byte buffer made for the depth aspect to travel through.
21:50:56.004  [present-adapter] NGX evaluate module: _nvngx.dll internal=nvngx.dll product=NGX.
21:50:56.004  [present-adapter] NGX evaluate module: 160_E658700.bin internal=DLSS product=NVIDIA Deep Learning SuperSampling.
21:50:56.005  [present-adapter] NGX evaluate module: 160_E658700.bin internal=DLSS-G product=NVIDIA DLSS-G MFGLW.
21:50:56.005  [present-adapter] NGX evaluate module: nvngx_deepdvc.dll internal=DEEPDVC product=NVIDIA DEEPDVC.
21:50:56.005  [present-adapter] NGX evaluate module: nvngx_dlssd.dll internal=DLSS product=NVIDIA DLSS Ray Reconstruction.
21:50:56.006  [present-adapter] NGX evaluate module: nvngx_dlssnr.dll internal=DLSSNR product=NVIDIA DLSSNR.
21:50:56.007  [present-adapter] NGX evaluate module: nvngx_dlss.dll internal=DLSS product=NVIDIA Deep Learning SuperSampling.
21:50:56.007  [present-adapter] multiple SR modules found; refusing ambiguous carrier hook.
21:50:56.007  [present-adapter] SR export unavailable: module=0000000000000000 entry=0000000000000000 error=183.
21:50:56.007  [nr-compat] processing unavailable: A unique DLSS SR carrier evaluate export could not be found. 已经确定可以正常使用该版本插件的Generic插件：8.5.0-rc10
21:50:56.007  [nr-compat] processing unavailable: private SR carrier hook unavailable 已经确定可以正常使用该版本插件的Generic插件：8.5.0-rc10
21:50:56.008  [fg-input] refused: private SR carrier hook unavailable. Frame generation continues on the game's own frames.
21:50:56.194    hooked: VULKAN CreateFeature=yes CreateFeature1=yes EvaluateFeature=yes EvaluateFeature_C=absent
21:50:56.194    hooked: VULKAN ReleaseFeature=yes
21:50:56.327  [present-adapter] NR entry witness ready (tail-forward, CPU observation only).
21:50:56.328  qpc=4365515780035 [fg-transition] start=4365502656546 frame=0000000000000287 idx=1/3 queue=000000002DE53CD0 reset=1 enable=1 recording=1 not-rendering=0 metering=1 fullscreen=0 slmode=1 known=0x17f hud=4413f0d0 back=2ddfaed0 real=4527d2d0 interp=4527e4d0 bridge-lock=1 arm=0->0 result=1 disable-interp=0(known=0) foreground=1 monitors=0000000003DB2751/0000000003DB2751 cpu=1312.348ms
21:50:56.328  qpc=4365515784385 [fg-transition] start=4365515782499 frame=0000000000000287 idx=2/3 queue=000000002DE53CD0 reset=1 enable=1 recording=1 not-rendering=0 metering=1 fullscreen=0 slmode=1 known=0x17f hud=4413f0d0 back=2ddfaed0 real=0 interp=4527ded0 bridge-lock=1 arm=0->0 result=1 disable-interp=0(known=0) foreground=1 monitors=0000000003DB2751/0000000003DB2751 cpu=0.188ms
21:50:56.328  qpc=4365515786002 [fg-transition] start=4365515785550 frame=0000000000000287 idx=3/3 queue=000000002DE53CD0 reset=1 enable=1 recording=1 not-rendering=0 metering=1 fullscreen=0 slmode=1 known=0x17f hud=4413f0d0 back=2ddfaed0 real=0 interp=4527d8d0 bridge-lock=1 arm=0->0 result=1 disable-interp=0(known=0) foreground=1 monitors=0000000003DB2751/0000000003DB2751 cpu=0.045ms
21:50:56.328  qpc=4365518952270 [focus-fg] state: enabled=1 hooked=1 foreground=1 minimized=0 hwnd=0000000008660FE6 scope_calls=1 original_false=0 kept=0 presents=647 FG_evaluates=3
21:50:56.339  NGX layer 4 retirement finalized.
21:50:57.296  === Vulkan CreateFeature1 #10  feature_id=18  VkDevice=000000002F1000D0  thread 40064 ===
21:50:57.296  === Vulkan CreateFeature1 #10 returned -1160773630, handle=0000000000000000 ===
21:50:57.300  qpc=4365528654151 [fg-transition] start=4365528644773 frame=0000000000000288 idx=1/3 queue=000000002DE53CD0 reset=0 enable=1 recording=1 not-rendering=0 metering=1 fullscreen=0 slmode=1 known=0x17f hud=4413f0d0 back=2ddfa8d0 real=4527e4d0 interp=4527d2d0 bridge-lock=1 arm=0->0 result=1 disable-interp=0(known=0) foreground=1 monitors=0000000003DB2751/0000000003DB2751 cpu=0.937ms
21:50:57.300  qpc=4365528657968 [fg-transition] start=4365528656999 frame=0000000000000288 idx=2/3 queue=000000002DE53CD0 reset=0 enable=1 recording=1 not-rendering=0 metering=1 fullscreen=0 slmode=1 known=0x17f hud=4413f0d0 back=2ddfa8d0 real=0 interp=4527d8d0 bridge-lock=1 arm=0->0 result=1 disable-interp=0(known=0) foreground=1 monitors=0000000003DB2751/0000000003DB2751 cpu=0.097ms
21:50:57.301  qpc=4365528659351 [fg-transition] start=4365528658720 frame=0000000000000288 idx=3/3 queue=000000002DE53CD0 reset=0 enable=1 recording=1 not-rendering=0 metering=1 fullscreen=0 slmode=1 known=0x17f hud=4413f0d0 back=2ddfa8d0 real=0 interp=4527ded0 bridge-lock=1 arm=0->0 result=1 disable-interp=0(known=0) foreground=1 monitors=0000000003DB2751/0000000003DB2751 cpu=0.063ms
21:50:57.330  qpc=4365528947139 [fg-transition] start=4365528911669 frame=0000000000000289 idx=1/3 queue=000000002DE53CD0 reset=0 enable=1 recording=1 not-rendering=0 metering=1 fullscreen=0 slmode=1 known=0x17f hud=4413f0d0 back=2ddf96d0 real=4527d2d0 interp=4527e4d0 bridge-lock=1 arm=0->0 result=1 disable-interp=0(known=0) foreground=1 monitors=0000000003DB2751/0000000003DB2751 cpu=3.547ms
21:50:57.344  qpc=4365529102886 [fg-transition] start=4365529101337 frame=0000000000000289 idx=2/3 queue=000000002DE53CD0 reset=0 enable=1 recording=1 not-rendering=0 metering=1 fullscreen=0 slmode=1 known=0x17f hud=4413f0d0 back=2ddf96d0 real=0 interp=4527ded0 bridge-lock=1 arm=0->0 result=1 disable-interp=0(known=0) foreground=1 monitors=0000000003DB2751/0000000003DB2751 cpu=0.155ms
21:50:57.344  qpc=4365529105783 [fg-transition] start=4365529104719 frame=0000000000000289 idx=3/3 queue=000000002DE53CD0 reset=0 enable=1 recording=1 not-rendering=0 metering=1 fullscreen=0 slmode=1 known=0x17f hud=4413f0d0 back=2ddf96d0 real=0 interp=4527d8d0 bridge-lock=1 arm=0->0 result=1 disable-interp=0(known=0) foreground=1 monitors=0000000003DB2751/0000000003DB2751 cpu=0.106ms
21:50:57.384  qpc=4365529492136 [fg-transition] start=4365529487785 frame=000000000000028A idx=1/3 queue=000000002DE53CD0 reset=0 enable=1 recording=1 not-rendering=0 metering=1 fullscreen=0 slmode=1 known=0x17f hud=4413f0d0 back=2ddfaed0 real=4527e4d0 interp=4527d2d0 bridge-lock=1 arm=0->0 result=1 disable-interp=0(known=0) foreground=1 monitors=0000000003DB2751/0000000003DB2751 cpu=0.435ms
21:50:57.396  qpc=4365529615123 [fg-transition] start=4365529614008 frame=000000000000028A idx=2/3 queue=000000002DE53CD0 reset=0 enable=1 recording=1 not-rendering=0 metering=1 fullscreen=0 slmode=1 known=0x17f hud=4413f0d0 back=2ddfaed0 real=0 interp=4527d8d0 bridge-lock=1 arm=0->0 result=1 disable-interp=0(known=0) foreground=1 monitors=0000000003DB2751/0000000003DB2751 cpu=0.111ms
21:50:57.396  qpc=4365529617127 [fg-transition] start=4365529616451 frame=000000000000028A idx=3/3 queue=000000002DE53CD0 reset=0 enable=1 recording=1 not-rendering=0 metering=1 fullscreen=0 slmode=1 known=0x17f hud=4413f0d0 back=2ddfaed0 real=0 interp=4527ded0 bridge-lock=1 arm=0->0 result=1 disable-interp=0(known=0) foreground=1 monitors=0000000003DB2751/0000000003DB2751 cpu=0.068ms
21:50:59.329  === Vulkan CreateFeature1 #11  feature_id=18  VkDevice=000000002F1000D0  thread 40064 ===
21:50:59.330  === Vulkan CreateFeature1 #11 returned -1160773630, handle=0000000000000000 ===
21:51:03.338  === Vulkan CreateFeature1 #12  feature_id=18  VkDevice=000000002F1000D0  thread 40064 ===
21:51:03.338  === Vulkan CreateFeature1 #12 returned -1160773630, handle=0000000000000000 ===
21:51:06.233  [fg-relay] rate/15.0s p2 import_opt=1: presents=34.3/s present-gate[point=34.3 ready=0.0 fallback=0.0 inactive=0.0]/s noinfo=0.0/s stale=0.0/s unlearned=0.0/s attempts=0.0/s armed=0.0/s skipped=0.0/s busy=0.0/s arm-reject[state=0.0 request=0.0 refused=0.0 stopping=0.0 res=0.0 size=0.0]/s pool[cap=0.0 family=0.0 create=0.0 alloc=0.0]/s copy-drop[fence=0.0 reset=0.0 begin=0.0 end=0.0 submit=0.0]/s cf[seq=0.0/s idle=0.0/s nrfence=0.0/s] slotbusy=0.0/s copyfence-busy=0.0/s nr-gpuwait=0.0/s flips=0.0/s
21:51:06.233  [fg-relay] rate2: fginput eval=78.3/s index!=1=0.0/s eval-gate[off=0.0 fallback=0.0 notready=0.1 noinput=0.0 noqueue=0.0]/s relay eval=0.0/s consume=0.0/s inplace=0.0/s(ok 0.0/s) unarmed=0.0/s mismatch=0.0/s relbusy=0.0/s relok=0.0/s relfail=0.0/s release-stage[queue=0.0 pool=0.0 fence=0.0 reset=0.0 begin=0.0 end=0.0 submit=0.0]/s watchdog=0.0/s | worker plays=0.0/s ok=0.0/s fail=0.0/s nr_absent=0.0/s copyfail=0.0/s
21:51:06.234  [fg-relay] rate3: arm->arm avg=0.00ms max=0.00ms n=0 | arm->work avg=0.00ms max=0.00ms | arm->eval avg=0.00ms max=0.00ms | copywait avg=0.000ms max=0.000ms | copy-land<= avg=0.00ms max=0.00ms | work avg=0.00ms max=0.00ms | totals armed=0 unarmed=0 skipped=0 busy=0 mismatch=0 copies_failed=0 writes=0 conflicts=0
21:51:06.234  [fg-relay] rate4: throttle depth=1 off=0 | sleep calls=34.3/s waits=0.0/s clear=0.0/s timeouts=0.0/s avg=0.00ms | present calls=34.3/s waits=0.0/s clear=0.0/s timeouts=0.0/s avg=0.00ms | max=0.00ms (process)
21:51:10.347  
21:51:10.347  60 seconds after hooking, nothing has called DLSS through these entry points.
21:51:10.348    CreateFeature calls: 12, EvaluateFeature calls: 0
21:51:10.348    nvngx_dlss.dll is not loaded, so no DLSS model has been asked for yet.
21:51:10.348    sl.interposer.dll is, so an upscaler runtime is initialised and idle.
21:51:10.348    Something has to ask for upscaling before anything here can run: the
21:51:10.348    game's own setting, a mod's setting, or the mod not having loaded.
21:51:11.352  === Vulkan CreateFeature1 #13  feature_id=18  VkDevice=000000002F1000D0  thread 40064 ===
21:51:11.353  === Vulkan CreateFeature1 #13 returned -1160773630, handle=0000000000000000 ===
21:51:12.358  qpc=4365679257230 [focus-fg] state: enabled=1 hooked=1 foreground=1 minimized=0 hwnd=0000000008660FE6 scope_calls=714 original_false=0 kept=0 presents=1360 FG_evaluates=2140
21:51:21.234  [fg-relay] rate/15.0s p2 import_opt=1: presents=52.3/s present-gate[point=52.3 ready=0.0 fallback=0.0 inactive=0.0]/s noinfo=0.0/s stale=0.0/s unlearned=0.0/s attempts=0.0/s armed=0.0/s skipped=0.0/s busy=0.0/s arm-reject[state=0.0 request=0.0 refused=0.0 stopping=0.0 res=0.0 size=0.0]/s pool[cap=0.0 family=0.0 create=0.0 alloc=0.0]/s copy-drop[fence=0.0 reset=0.0 begin=0.0 end=0.0 submit=0.0]/s cf[seq=0.0/s idle=0.0/s nrfence=0.0/s] slotbusy=0.0/s copyfence-busy=0.0/s nr-gpuwait=0.0/s flips=0.0/s
21:51:21.234  [fg-relay] rate2: fginput eval=156.8/s index!=1=0.0/s eval-gate[off=0.0 fallback=0.0 notready=0.0 noinput=0.0 noqueue=0.0]/s relay eval=0.0/s consume=0.0/s inplace=0.0/s(ok 0.0/s) unarmed=0.0/s mismatch=0.0/s relbusy=0.0/s relok=0.0/s relfail=0.0/s release-stage[queue=0.0 pool=0.0 fence=0.0 reset=0.0 begin=0.0 end=0.0 submit=0.0]/s watchdog=0.0/s | worker plays=0.0/s ok=0.0/s fail=0.0/s nr_absent=0.0/s copyfail=0.0/s
21:51:21.234  [fg-relay] rate3: arm->arm avg=0.00ms max=0.00ms n=0 | arm->work avg=0.00ms max=0.00ms | arm->eval avg=0.00ms max=0.00ms | copywait avg=0.000ms max=0.000ms | copy-land<= avg=0.00ms max=0.00ms | work avg=0.00ms max=0.00ms | totals armed=0 unarmed=0 skipped=0 busy=0 mismatch=0 copies_failed=0 writes=0 conflicts=0
21:51:21.234  [fg-relay] rate4: throttle depth=1 off=0 | sleep calls=52.2/s waits=0.0/s clear=0.0/s timeouts=0.0/s avg=0.00ms | present calls=52.3/s waits=0.0/s clear=0.0/s timeouts=0.0/s avg=0.00ms | max=0.00ms (process)
21:51:21.377  qpc=4365769427025 [fg-transition] start=4365769425990 frame=0000000000000726 idx=2/3 queue=000000002DE53CD0 reset=0 enable=1 recording=1 not-rendering=0 metering=1 fullscreen=0 slmode=1 known=0x17f hud=4413f0d0 back=2ddfa8d0 real=0 interp=4527d8d0 bridge-lock=1 arm=0->0 result=1 disable-interp=0(known=0) foreground=0 monitors=0000000003DB2751/0000000000000000 cpu=0.103ms
21:51:21.379  qpc=4365769450239 [fg-transition] start=4365769449034 frame=0000000000000726 idx=3/3 queue=000000002DE53CD0 reset=0 enable=1 recording=1 not-rendering=0 metering=1 fullscreen=0 slmode=1 known=0x17f hud=4413f0d0 back=2ddfa8d0 real=0 interp=4527ded0 bridge-lock=1 arm=0->0 result=1 disable-interp=0(known=0) foreground=0 monitors=0000000003DB2751/0000000000000000 cpu=0.120ms
21:51:21.398  qpc=4365769630417 [fg-transition] start=4365769627823 frame=0000000000000727 idx=1/3 queue=000000002DE53CD0 reset=0 enable=1 recording=1 not-rendering=0 metering=1 fullscreen=0 slmode=1 known=0x17f hud=4413f0d0 back=2ddf96d0 real=4527d2d0 interp=4527e4d0 bridge-lock=1 arm=0->0 result=1 disable-interp=0(known=0) foreground=0 monitors=0000000003DB2751/0000000067FB33F1 cpu=0.259ms
21:51:21.398  qpc=4365769632882 [fg-transition] start=4365769632161 frame=0000000000000727 idx=2/3 queue=000000002DE53CD0 reset=0 enable=1 recording=1 not-rendering=0 metering=1 fullscreen=0 slmode=1 known=0x17f hud=4413f0d0 back=2ddf96d0 real=0 interp=4527ded0 bridge-lock=1 arm=0->0 result=1 disable-interp=0(known=0) foreground=0 monitors=0000000003DB2751/0000000067FB33F1 cpu=0.072ms
21:51:21.398  qpc=4365769633994 [fg-transition] start=4365769633450 frame=0000000000000727 idx=3/3 queue=000000002DE53CD0 reset=0 enable=1 recording=1 not-rendering=0 metering=1 fullscreen=0 slmode=1 known=0x17f hud=4413f0d0 back=2ddf96d0 real=0 interp=4527d8d0 bridge-lock=1 arm=0->0 result=1 disable-interp=0(known=0) foreground=0 monitors=0000000003DB2751/0000000067FB33F1 cpu=0.054ms
21:51:21.422  qpc=4365769874287 [fg-transition] start=4365769871765 frame=0000000000000728 idx=1/3 queue=000000002DE53CD0 reset=0 enable=1 recording=1 not-rendering=0 metering=1 fullscreen=0 slmode=1 known=0x17f hud=4413f0d0 back=2ddfaed0 real=4527e4d0 interp=4527d2d0 bridge-lock=1 arm=0->0 result=1 disable-interp=0(known=0) foreground=0 monitors=0000000003DB2751/0000000067FB33F1 cpu=0.252ms
21:51:21.423  qpc=4365769877346 [fg-transition] start=4365769876306 frame=0000000000000728 idx=2/3 queue=000000002DE53CD0 reset=0 enable=1 recording=1 not-rendering=0 metering=1 fullscreen=0 slmode=1 known=0x17f hud=4413f0d0 back=2ddfaed0 real=0 interp=4527d8d0 bridge-lock=1 arm=0->0 result=1 disable-interp=0(known=0) foreground=0 monitors=0000000003DB2751/0000000067FB33F1 cpu=0.104ms
21:51:21.423  qpc=4365769878581 [fg-transition] start=4365769877843 frame=0000000000000728 idx=3/3 queue=000000002DE53CD0 reset=0 enable=1 recording=1 not-rendering=0 metering=1 fullscreen=0 slmode=1 known=0x17f hud=4413f0d0 back=2ddfaed0 real=0 interp=4527ded0 bridge-lock=1 arm=0->0 result=1 disable-interp=0(known=0) foreground=0 monitors=0000000003DB2751/0000000067FB33F1 cpu=0.074ms
21:51:21.433  qpc=4365769984985 [fg-transition] start=4365769982719 frame=0000000000000729 idx=1/3 queue=000000002DE53CD0 reset=0 enable=1 recording=1 not-rendering=0 metering=1 fullscreen=0 slmode=1 known=0x17f hud=4413f0d0 back=2ddfa8d0 real=4527d2d0 interp=4527e4d0 bridge-lock=1 arm=0->0 result=1 disable-interp=0(known=0) foreground=0 monitors=0000000003DB2751/0000000067FB33F1 cpu=0.227ms
21:51:21.451  qpc=4365770160959 [fg-transition] start=4365770159235 frame=0000000000000729 idx=2/3 queue=000000002DE53CD0 reset=0 enable=1 recording=1 not-rendering=0 metering=1 fullscreen=0 slmode=1 known=0x17f hud=4413f0d0 back=2ddfa8d0 real=0 interp=4527ded0 bridge-lock=1 arm=0->0 result=1 disable-interp=0(known=0) foreground=0 monitors=0000000003DB2751/0000000067FB33F1 cpu=0.172ms
21:51:21.451  qpc=4365770165669 [fg-transition] start=4365770163256 frame=0000000000000729 idx=3/3 queue=000000002DE53CD0 reset=0 enable=1 recording=1 not-rendering=0 metering=1 fullscreen=0 slmode=1 known=0x17f hud=4413f0d0 back=2ddfa8d0 real=0 interp=4527d8d0 bridge-lock=1 arm=0->0 result=1 disable-interp=0(known=0) foreground=0 monitors=0000000003DB2751/0000000067FB33F1 cpu=0.241ms
21:51:21.451  qpc=4365770177921 [fg-transition] start=4365770174687 frame=000000000000072A idx=1/3 queue=000000002DE53CD0 reset=0 enable=1 recording=1 not-rendering=0 metering=1 fullscreen=0 slmode=1 known=0x17f hud=4413f0d0 back=2ddf96d0 real=4527e4d0 interp=4527d2d0 bridge-lock=1 arm=0->0 result=1 disable-interp=0(known=0) foreground=0 monitors=0000000003DB2751/0000000067FB33F1 cpu=0.323ms
21:51:22.362  qpc=4365779299097 [focus-fg] state: enabled=1 hooked=1 foreground=0 minimized=0 hwnd=0000000008660FE6 scope_calls=1237 original_false=53 kept=53 presents=1883 FG_evaluates=3709
21:51:27.363  === Vulkan CreateFeature1 #14  feature_id=18  VkDevice=000000002F1000D0  thread 40064 ===
21:51:27.363  === Vulkan CreateFeature1 #14 returned -1160773630, handle=0000000000000000 ===
21:51:36.224  [fg-relay] rate/15.0s p2 import_opt=1: presents=54.5/s present-gate[point=54.5 ready=0.0 fallback=0.0 inactive=0.0]/s noinfo=0.0/s stale=0.0/s unlearned=0.0/s attempts=0.0/s armed=0.0/s skipped=0.0/s busy=0.0/s arm-reject[state=0.0 request=0.0 refused=0.0 stopping=0.0 res=0.0 size=0.0]/s pool[cap=0.0 family=0.0 create=0.0 alloc=0.0]/s copy-drop[fence=0.0 reset=0.0 begin=0.0 end=0.0 submit=0.0]/s cf[seq=0.0/s idle=0.0/s nrfence=0.0/s] slotbusy=0.0/s copyfence-busy=0.0/s nr-gpuwait=0.0/s flips=0.0/s
21:51:36.224  [fg-relay] rate2: fginput eval=163.6/s index!=1=0.0/s eval-gate[off=0.0 fallback=0.0 notready=0.0 noinput=0.0 noqueue=0.0]/s relay eval=0.0/s consume=0.0/s inplace=0.0/s(ok 0.0/s) unarmed=0.0/s mismatch=0.0/s relbusy=0.0/s relok=0.0/s relfail=0.0/s release-stage[queue=0.0 pool=0.0 fence=0.0 reset=0.0 begin=0.0 end=0.0 submit=0.0]/s watchdog=0.0/s | worker plays=0.0/s ok=0.0/s fail=0.0/s nr_absent=0.0/s copyfail=0.0/s
21:51:36.224  [fg-relay] rate3: arm->arm avg=0.00ms max=0.00ms n=0 | arm->work avg=0.00ms max=0.00ms | arm->eval avg=0.00ms max=0.00ms | copywait avg=0.000ms max=0.000ms | copy-land<= avg=0.00ms max=0.00ms | work avg=0.00ms max=0.00ms | totals armed=0 unarmed=0 skipped=0 busy=0 mismatch=0 copies_failed=0 writes=0 conflicts=0
21:51:36.225  [fg-relay] rate4: throttle depth=1 off=0 | sleep calls=54.5/s waits=0.0/s clear=0.0/s timeouts=0.0/s avg=0.00ms | present calls=54.5/s waits=0.0/s clear=0.0/s timeouts=0.0/s avg=0.00ms | max=0.00ms (process)
21:51:41.401  qpc=4365969678694 [focus-fg] state: enabled=1 hooked=1 foreground=0 minimized=0 hwnd=0000000008660FE6 scope_calls=2279 original_false=1095 kept=1095 presents=2925 FG_evaluates=6835
21:51:51.228  [fg-relay] rate/15.0s p2 import_opt=1: presents=55.3/s present-gate[point=55.3 ready=0.0 fallback=0.0 inactive=0.0]/s noinfo=0.0/s stale=0.0/s unlearned=0.0/s attempts=0.0/s armed=0.0/s skipped=0.0/s busy=0.0/s arm-reject[state=0.0 request=0.0 refused=0.0 stopping=0.0 res=0.0 size=0.0]/s pool[cap=0.0 family=0.0 create=0.0 alloc=0.0]/s copy-drop[fence=0.0 reset=0.0 begin=0.0 end=0.0 submit=0.0]/s cf[seq=0.0/s idle=0.0/s nrfence=0.0/s] slotbusy=0.0/s copyfence-busy=0.0/s nr-gpuwait=0.0/s flips=0.0/s
21:51:51.229  [fg-relay] rate2: fginput eval=165.7/s index!=1=0.0/s eval-gate[off=0.0 fallback=0.0 notready=0.0 noinput=0.0 noqueue=0.0]/s relay eval=0.0/s consume=0.0/s inplace=0.0/s(ok 0.0/s) unarmed=0.0/s mismatch=0.0/s relbusy=0.0/s relok=0.0/s relfail=0.0/s release-stage[queue=0.0 pool=0.0 fence=0.0 reset=0.0 begin=0.0 end=0.0 submit=0.0]/s watchdog=0.0/s | worker plays=0.0/s ok=0.0/s fail=0.0/s nr_absent=0.0/s copyfail=0.0/s
21:51:51.229  [fg-relay] rate3: arm->arm avg=0.00ms max=0.00ms n=0 | arm->work avg=0.00ms max=0.00ms | arm->eval avg=0.00ms max=0.00ms | copywait avg=0.000ms max=0.000ms | copy-land<= avg=0.00ms max=0.00ms | work avg=0.00ms max=0.00ms | totals armed=0 unarmed=0 skipped=0 busy=0 mismatch=0 copies_failed=0 writes=0 conflicts=0
21:51:51.229  [fg-relay] rate4: throttle depth=1 off=0 | sleep calls=55.3/s waits=0.0/s clear=0.0/s timeouts=0.0/s avg=0.00ms | present calls=55.3/s waits=0.0/s clear=0.0/s timeouts=0.0/s avg=0.00ms | max=0.00ms (process)
21:51:57.369  === Vulkan CreateFeature1 #15  feature_id=18  VkDevice=000000002F1000D0  thread 40064 ===
21:51:57.369  === Vulkan CreateFeature1 #15 returned -1160773630, handle=0000000000000000 ===
21:51:57.444  qpc=4366130117026 [focus-fg] state: enabled=1 hooked=1 foreground=0 minimized=0 hwnd=0000000008660FE6 scope_calls=3167 original_false=1983 kept=1983 presents=3813 FG_evaluates=9499
21:52:06.231  [fg-relay] rate/15.0s p2 import_opt=1: presents=55.3/s present-gate[point=55.3 ready=0.0 fallback=0.0 inactive=0.0]/s noinfo=0.0/s stale=0.0/s unlearned=0.0/s attempts=0.0/s armed=0.0/s skipped=0.0/s busy=0.0/s arm-reject[state=0.0 request=0.0 refused=0.0 stopping=0.0 res=0.0 size=0.0]/s pool[cap=0.0 family=0.0 create=0.0 alloc=0.0]/s copy-drop[fence=0.0 reset=0.0 begin=0.0 end=0.0 submit=0.0]/s cf[seq=0.0/s idle=0.0/s nrfence=0.0/s] slotbusy=0.0/s copyfence-busy=0.0/s nr-gpuwait=0.0/s flips=0.0/s
21:52:06.232  [fg-relay] rate2: fginput eval=166.1/s index!=1=0.0/s eval-gate[off=0.0 fallback=0.0 notready=0.0 noinput=0.0 noqueue=0.0]/s relay eval=0.0/s consume=0.0/s inplace=0.0/s(ok 0.0/s) unarmed=0.0/s mismatch=0.0/s relbusy=0.0/s relok=0.0/s relfail=0.0/s release-stage[queue=0.0 pool=0.0 fence=0.0 reset=0.0 begin=0.0 end=0.0 submit=0.0]/s watchdog=0.0/s | worker plays=0.0/s ok=0.0/s fail=0.0/s nr_absent=0.0/s copyfail=0.0/s
21:52:06.232  [fg-relay] rate3: arm->arm avg=0.00ms max=0.00ms n=0 | arm->work avg=0.00ms max=0.00ms | arm->eval avg=0.00ms max=0.00ms | copywait avg=0.000ms max=0.000ms | copy-land<= avg=0.00ms max=0.00ms | work avg=0.00ms max=0.00ms | totals armed=0 unarmed=0 skipped=0 busy=0 mismatch=0 copies_failed=0 writes=0 conflicts=0
21:52:06.232  [fg-relay] rate4: throttle depth=1 off=0 | sleep calls=55.3/s waits=0.0/s clear=0.0/s timeouts=0.0/s avg=0.00ms | present calls=55.3/s waits=0.0/s clear=0.0/s timeouts=0.0/s avg=0.00ms | max=0.00ms (process)
21:52:12.481  qpc=4366280486595 [focus-fg] state: enabled=1 hooked=1 foreground=0 minimized=0 hwnd=0000000008660FE6 scope_calls=4000 original_false=2816 kept=2816 presents=4646 FG_evaluates=11998
21:52:21.234  [fg-relay] rate/15.0s p2 import_opt=1: presents=55.5/s present-gate[point=55.5 ready=0.0 fallback=0.0 inactive=0.0]/s noinfo=0.0/s stale=0.0/s unlearned=0.0/s attempts=0.0/s armed=0.0/s skipped=0.0/s busy=0.0/s arm-reject[state=0.0 request=0.0 refused=0.0 stopping=0.0 res=0.0 size=0.0]/s pool[cap=0.0 family=0.0 create=0.0 alloc=0.0]/s copy-drop[fence=0.0 reset=0.0 begin=0.0 end=0.0 submit=0.0]/s cf[seq=0.0/s idle=0.0/s nrfence=0.0/s] slotbusy=0.0/s copyfence-busy=0.0/s nr-gpuwait=0.0/s flips=0.0/s
21:52:21.234  [fg-relay] rate2: fginput eval=166.6/s index!=1=0.0/s eval-gate[off=0.0 fallback=0.0 notready=0.0 noinput=0.0 noqueue=0.0]/s relay eval=0.0/s consume=0.0/s inplace=0.0/s(ok 0.0/s) unarmed=0.0/s mismatch=0.0/s relbusy=0.0/s relok=0.0/s relfail=0.0/s release-stage[queue=0.0 pool=0.0 fence=0.0 reset=0.0 begin=0.0 end=0.0 submit=0.0]/s watchdog=0.0/s | worker plays=0.0/s ok=0.0/s fail=0.0/s nr_absent=0.0/s copyfail=0.0/s
21:52:21.234  [fg-relay] rate3: arm->arm avg=0.00ms max=0.00ms n=0 | arm->work avg=0.00ms max=0.00ms | arm->eval avg=0.00ms max=0.00ms | copywait avg=0.000ms max=0.000ms | copy-land<= avg=0.00ms max=0.00ms | work avg=0.00ms max=0.00ms | totals armed=0 unarmed=0 skipped=0 busy=0 mismatch=0 copies_failed=0 writes=0 conflicts=0
21:52:21.234  [fg-relay] rate4: throttle depth=1 off=0 | sleep calls=55.5/s waits=0.0/s clear=0.0/s timeouts=0.0/s avg=0.00ms | present calls=55.5/s waits=0.0/s clear=0.0/s timeouts=0.0/s avg=0.00ms | max=0.00ms (process)
21:52:27.376  === Vulkan CreateFeature1 #16  feature_id=18  VkDevice=000000002F1000D0  thread 40064 ===
21:52:27.376  === Vulkan CreateFeature1 #16 returned -1160773630, handle=0000000000000000 ===
21:52:28.535  qpc=4366441019008 [focus-fg] state: enabled=1 hooked=1 foreground=0 minimized=0 hwnd=0000000008660FE6 scope_calls=4896 original_false=3712 kept=3712 presents=5542 FG_evaluates=14686
21:52:36.225  [fg-relay] rate/15.0s p2 import_opt=1: presents=56.1/s present-gate[point=56.1 ready=0.0 fallback=0.0 inactive=0.0]/s noinfo=0.0/s stale=0.0/s unlearned=0.0/s attempts=0.0/s armed=0.0/s skipped=0.0/s busy=0.0/s arm-reject[state=0.0 request=0.0 refused=0.0 stopping=0.0 res=0.0 size=0.0]/s pool[cap=0.0 family=0.0 create=0.0 alloc=0.0]/s copy-drop[fence=0.0 reset=0.0 begin=0.0 end=0.0 submit=0.0]/s cf[seq=0.0/s idle=0.0/s nrfence=0.0/s] slotbusy=0.0/s copyfence-busy=0.0/s nr-gpuwait=0.0/s flips=0.0/s
21:52:36.225  [fg-relay] rate2: fginput eval=168.2/s index!=1=0.0/s eval-gate[off=0.0 fallback=0.0 notready=0.0 noinput=0.0 noqueue=0.0]/s relay eval=0.0/s consume=0.0/s inplace=0.0/s(ok 0.0/s) unarmed=0.0/s mismatch=0.0/s relbusy=0.0/s relok=0.0/s relfail=0.0/s release-stage[queue=0.0 pool=0.0 fence=0.0 reset=0.0 begin=0.0 end=0.0 submit=0.0]/s watchdog=0.0/s | worker plays=0.0/s ok=0.0/s fail=0.0/s nr_absent=0.0/s copyfail=0.0/s
21:52:36.225  [fg-relay] rate3: arm->arm avg=0.00ms max=0.00ms n=0 | arm->work avg=0.00ms max=0.00ms | arm->eval avg=0.00ms max=0.00ms | copywait avg=0.000ms max=0.000ms | copy-land<= avg=0.00ms max=0.00ms | work avg=0.00ms max=0.00ms | totals armed=0 unarmed=0 skipped=0 busy=0 mismatch=0 copies_failed=0 writes=0 conflicts=0
21:52:36.225  [fg-relay] rate4: throttle depth=1 off=0 | sleep calls=56.1/s waits=0.0/s clear=0.0/s timeouts=0.0/s avg=0.00ms | present calls=56.1/s waits=0.0/s clear=0.0/s timeouts=0.0/s avg=0.00ms | max=0.00ms (process)
21:52:43.586  qpc=4366591529779 [focus-fg] state: enabled=1 hooked=1 foreground=0 minimized=0 hwnd=0000000008660FE6 scope_calls=5738 original_false=4554 kept=4554 presents=6384 FG_evaluates=17212
21:52:51.238  [fg-relay] rate/15.0s p2 import_opt=1: presents=55.7/s present-gate[point=55.7 ready=0.0 fallback=0.0 inactive=0.0]/s noinfo=0.0/s stale=0.0/s unlearned=0.0/s attempts=0.0/s armed=0.0/s skipped=0.0/s busy=0.0/s arm-reject[state=0.0 request=0.0 refused=0.0 stopping=0.0 res=0.0 size=0.0]/s pool[cap=0.0 family=0.0 create=0.0 alloc=0.0]/s copy-drop[fence=0.0 reset=0.0 begin=0.0 end=0.0 submit=0.0]/s cf[seq=0.0/s idle=0.0/s nrfence=0.0/s] slotbusy=0.0/s copyfence-busy=0.0/s nr-gpuwait=0.0/s flips=0.0/s
21:52:51.238  [fg-relay] rate2: fginput eval=167.0/s index!=1=0.0/s eval-gate[off=0.0 fallback=0.0 notready=0.0 noinput=0.0 noqueue=0.0]/s relay eval=0.0/s consume=0.0/s inplace=0.0/s(ok 0.0/s) unarmed=0.0/s mismatch=0.0/s relbusy=0.0/s relok=0.0/s relfail=0.0/s release-stage[queue=0.0 pool=0.0 fence=0.0 reset=0.0 begin=0.0 end=0.0 submit=0.0]/s watchdog=0.0/s | worker plays=0.0/s ok=0.0/s fail=0.0/s nr_absent=0.0/s copyfail=0.0/s
21:52:51.238  [fg-relay] rate3: arm->arm avg=0.00ms max=0.00ms n=0 | arm->work avg=0.00ms max=0.00ms | arm->eval avg=0.00ms max=0.00ms | copywait avg=0.000ms max=0.000ms | copy-land<= avg=0.00ms max=0.00ms | work avg=0.00ms max=0.00ms | totals armed=0 unarmed=0 skipped=0 busy=0 mismatch=0 copies_failed=0 writes=0 conflicts=0
21:52:51.239  [fg-relay] rate4: throttle depth=1 off=0 | sleep calls=55.7/s waits=0.0/s clear=0.0/s timeouts=0.0/s avg=0.00ms | present calls=55.7/s waits=0.0/s clear=0.0/s timeouts=0.0/s avg=0.00ms | max=0.00ms (process)
21:52:57.392  === Vulkan CreateFeature1 #17  feature_id=18  VkDevice=000000002F1000D0  thread 40064 ===
21:52:57.392  === Vulkan CreateFeature1 #17 returned -1160773630, handle=0000000000000000 ===
21:52:59.640  qpc=4366752078163 [focus-fg] state: enabled=1 hooked=1 foreground=0 minimized=0 hwnd=0000000008660FE6 scope_calls=6634 original_false=5450 kept=5450 presents=7280 FG_evaluates=19900
21:53:06.252  [fg-relay] rate/15.0s p2 import_opt=1: presents=55.9/s present-gate[point=55.9 ready=0.0 fallback=0.0 inactive=0.0]/s noinfo=0.0/s stale=0.0/s unlearned=0.0/s attempts=0.0/s armed=0.0/s skipped=0.0/s busy=0.0/s arm-reject[state=0.0 request=0.0 refused=0.0 stopping=0.0 res=0.0 size=0.0]/s pool[cap=0.0 family=0.0 create=0.0 alloc=0.0]/s copy-drop[fence=0.0 reset=0.0 begin=0.0 end=0.0 submit=0.0]/s cf[seq=0.0/s idle=0.0/s nrfence=0.0/s] slotbusy=0.0/s copyfence-busy=0.0/s nr-gpuwait=0.0/s flips=0.0/s
21:53:06.252  [fg-relay] rate2: fginput eval=167.6/s index!=1=0.0/s eval-gate[off=0.0 fallback=0.0 notready=0.0 noinput=0.0 noqueue=0.0]/s relay eval=0.0/s consume=0.0/s inplace=0.0/s(ok 0.0/s) unarmed=0.0/s mismatch=0.0/s relbusy=0.0/s relok=0.0/s relfail=0.0/s release-stage[queue=0.0 pool=0.0 fence=0.0 reset=0.0 begin=0.0 end=0.0 submit=0.0]/s watchdog=0.0/s | worker plays=0.0/s ok=0.0/s fail=0.0/s nr_absent=0.0/s copyfail=0.0/s
21:53:06.252  [fg-relay] rate3: arm->arm avg=0.00ms max=0.00ms n=0 | arm->work avg=0.00ms max=0.00ms | arm->eval avg=0.00ms max=0.00ms | copywait avg=0.000ms max=0.000ms | copy-land<= avg=0.00ms max=0.00ms | work avg=0.00ms max=0.00ms | totals armed=0 unarmed=0 skipped=0 busy=0 mismatch=0 copies_failed=0 writes=0 conflicts=0
21:53:06.252  [fg-relay] rate4: throttle depth=1 off=0 | sleep calls=55.9/s waits=0.0/s clear=0.0/s timeouts=0.0/s avg=0.00ms | present calls=55.9/s waits=0.0/s clear=0.0/s timeouts=0.0/s avg=0.00ms | max=0.00ms (process)
21:53:15.663  qpc=4366912301722 [focus-fg] state: enabled=1 hooked=1 foreground=0 minimized=0 hwnd=0000000008660FE6 scope_calls=7528 original_false=6344 kept=6344 presents=8174 FG_evaluates=22582
21:53:21.264  [fg-relay] rate/15.0s p2 import_opt=1: presents=55.9/s present-gate[point=55.9 ready=0.0 fallback=0.0 inactive=0.0]/s noinfo=0.0/s stale=0.0/s unlearned=0.0/s attempts=0.0/s armed=0.0/s skipped=0.0/s busy=0.0/s arm-reject[state=0.0 request=0.0 refused=0.0 stopping=0.0 res=0.0 size=0.0]/s pool[cap=0.0 family=0.0 create=0.0 alloc=0.0]/s copy-drop[fence=0.0 reset=0.0 begin=0.0 end=0.0 submit=0.0]/s cf[seq=0.0/s idle=0.0/s nrfence=0.0/s] slotbusy=0.0/s copyfence-busy=0.0/s nr-gpuwait=0.0/s flips=0.0/s
21:53:21.265  [fg-relay] rate2: fginput eval=167.5/s index!=1=0.0/s eval-gate[off=0.0 fallback=0.0 notready=0.0 noinput=0.0 noqueue=0.0]/s relay eval=0.0/s consume=0.0/s inplace=0.0/s(ok 0.0/s) unarmed=0.0/s mismatch=0.0/s relbusy=0.0/s relok=0.0/s relfail=0.0/s release-stage[queue=0.0 pool=0.0 fence=0.0 reset=0.0 begin=0.0 end=0.0 submit=0.0]/s watchdog=0.0/s | worker plays=0.0/s ok=0.0/s fail=0.0/s nr_absent=0.0/s copyfail=0.0/s
21:53:21.265  [fg-relay] rate3: arm->arm avg=0.00ms max=0.00ms n=0 | arm->work avg=0.00ms max=0.00ms | arm->eval avg=0.00ms max=0.00ms | copywait avg=0.000ms max=0.000ms | copy-land<= avg=0.00ms max=0.00ms | work avg=0.00ms max=0.00ms | totals armed=0 unarmed=0 skipped=0 busy=0 mismatch=0 copies_failed=0 writes=0 conflicts=0
21:53:21.265  [fg-relay] rate4: throttle depth=1 off=0 | sleep calls=55.9/s waits=0.0/s clear=0.0/s timeouts=0.0/s avg=0.00ms | present calls=55.9/s waits=0.0/s clear=0.0/s timeouts=0.0/s avg=0.00ms | max=0.00ms (process)
21:53:27.409  === Vulkan CreateFeature1 #18  feature_id=18  VkDevice=000000002F1000D0  thread 40064 ===
21:53:27.409  === Vulkan CreateFeature1 #18 returned -1160773630, handle=0000000000000000 ===
21:53:33.670  qpc=4367092375610 [focus-fg] state: enabled=1 hooked=1 foreground=0 minimized=0 hwnd=0000000008660FE6 scope_calls=8534 original_false=7350 kept=7350 presents=9180 FG_evaluates=25600
21:53:36.260  [fg-relay] rate/15.0s p2 import_opt=1: presents=55.8/s present-gate[point=55.8 ready=0.0 fallback=0.0 inactive=0.0]/s noinfo=0.0/s stale=0.0/s unlearned=0.0/s attempts=0.0/s armed=0.0/s skipped=0.0/s busy=0.0/s arm-reject[state=0.0 request=0.0 refused=0.0 stopping=0.0 res=0.0 size=0.0]/s pool[cap=0.0 family=0.0 create=0.0 alloc=0.0]/s copy-drop[fence=0.0 reset=0.0 begin=0.0 end=0.0 submit=0.0]/s cf[seq=0.0/s idle=0.0/s nrfence=0.0/s] slotbusy=0.0/s copyfence-busy=0.0/s nr-gpuwait=0.0/s flips=0.0/s
21:53:36.260  [fg-relay] rate2: fginput eval=167.4/s index!=1=0.0/s eval-gate[off=0.0 fallback=0.0 notready=0.0 noinput=0.0 noqueue=0.0]/s relay eval=0.0/s consume=0.0/s inplace=0.0/s(ok 0.0/s) unarmed=0.0/s mismatch=0.0/s relbusy=0.0/s relok=0.0/s relfail=0.0/s release-stage[queue=0.0 pool=0.0 fence=0.0 reset=0.0 begin=0.0 end=0.0 submit=0.0]/s watchdog=0.0/s | worker plays=0.0/s ok=0.0/s fail=0.0/s nr_absent=0.0/s copyfail=0.0/s
21:53:36.261  [fg-relay] rate3: arm->arm avg=0.00ms max=0.00ms n=0 | arm->work avg=0.00ms max=0.00ms | arm->eval avg=0.00ms max=0.00ms | copywait avg=0.000ms max=0.000ms | copy-land<= avg=0.00ms max=0.00ms | work avg=0.00ms max=0.00ms | totals armed=0 unarmed=0 skipped=0 busy=0 mismatch=0 copies_failed=0 writes=0 conflicts=0
21:53:36.261  [fg-relay] rate4: throttle depth=1 off=0 | sleep calls=55.8/s waits=0.0/s clear=0.0/s timeouts=0.0/s avg=0.00ms | present calls=55.8/s waits=0.0/s clear=0.0/s timeouts=0.0/s avg=0.00ms | max=0.00ms (process)
21:53:48.670  qpc=4367242373843 [focus-fg] state: enabled=1 hooked=1 foreground=0 minimized=0 hwnd=0000000008660FE6 scope_calls=9368 original_false=8184 kept=8184 presents=10014 FG_evaluates=28102
21:53:51.264  [fg-relay] rate/15.0s p2 import_opt=1: presents=55.7/s present-gate[point=55.7 ready=0.0 fallback=0.0 inactive=0.0]/s noinfo=0.0/s stale=0.0/s unlearned=0.0/s attempts=0.0/s armed=0.0/s skipped=0.0/s busy=0.0/s arm-reject[state=0.0 request=0.0 refused=0.0 stopping=0.0 res=0.0 size=0.0]/s pool[cap=0.0 family=0.0 create=0.0 alloc=0.0]/s copy-drop[fence=0.0 reset=0.0 begin=0.0 end=0.0 submit=0.0]/s cf[seq=0.0/s idle=0.0/s nrfence=0.0/s] slotbusy=0.0/s copyfence-busy=0.0/s nr-gpuwait=0.0/s flips=0.0/s
21:53:51.264  [fg-relay] rate2: fginput eval=167.2/s index!=1=0.0/s eval-gate[off=0.0 fallback=0.0 notready=0.0 noinput=0.0 noqueue=0.0]/s relay eval=0.0/s consume=0.0/s inplace=0.0/s(ok 0.0/s) unarmed=0.0/s mismatch=0.0/s relbusy=0.0/s relok=0.0/s relfail=0.0/s release-stage[queue=0.0 pool=0.0 fence=0.0 reset=0.0 begin=0.0 end=0.0 submit=0.0]/s watchdog=0.0/s | worker plays=0.0/s ok=0.0/s fail=0.0/s nr_absent=0.0/s copyfail=0.0/s
21:53:51.264  [fg-relay] rate3: arm->arm avg=0.00ms max=0.00ms n=0 | arm->work avg=0.00ms max=0.00ms | arm->eval avg=0.00ms max=0.00ms | copywait avg=0.000ms max=0.000ms | copy-land<= avg=0.00ms max=0.00ms | work avg=0.00ms max=0.00ms | totals armed=0 unarmed=0 skipped=0 busy=0 mismatch=0 copies_failed=0 writes=0 conflicts=0
21:53:51.264  [fg-relay] rate4: throttle depth=1 off=0 | sleep calls=55.7/s waits=0.0/s clear=0.0/s timeouts=0.0/s avg=0.00ms | present calls=55.7/s waits=0.0/s clear=0.0/s timeouts=0.0/s avg=0.00ms | max=0.00ms (process)
21:53:57.410  === Vulkan CreateFeature1 #19  feature_id=18  VkDevice=000000002F1000D0  thread 40064 ===
21:53:57.410  === Vulkan CreateFeature1 #19 returned -1160773630, handle=0000000000000000 ===
21:54:04.688  qpc=4367402556706 [focus-fg] state: enabled=1 hooked=1 foreground=0 minimized=0 hwnd=0000000008660FE6 scope_calls=10264 original_false=9080 kept=9080 presents=10910 FG_evaluates=30790
21:54:06.268  [fg-relay] rate/15.0s p2 import_opt=1: presents=55.7/s present-gate[point=55.7 ready=0.0 fallback=0.0 inactive=0.0]/s noinfo=0.0/s stale=0.0/s unlearned=0.0/s attempts=0.0/s armed=0.0/s skipped=0.0/s busy=0.0/s arm-reject[state=0.0 request=0.0 refused=0.0 stopping=0.0 res=0.0 size=0.0]/s pool[cap=0.0 family=0.0 create=0.0 alloc=0.0]/s copy-drop[fence=0.0 reset=0.0 begin=0.0 end=0.0 submit=0.0]/s cf[seq=0.0/s idle=0.0/s nrfence=0.0/s] slotbusy=0.0/s copyfence-busy=0.0/s nr-gpuwait=0.0/s flips=0.0/s
21:54:06.268  [fg-relay] rate2: fginput eval=167.1/s index!=1=0.0/s eval-gate[off=0.0 fallback=0.0 notready=0.0 noinput=0.0 noqueue=0.0]/s relay eval=0.0/s consume=0.0/s inplace=0.0/s(ok 0.0/s) unarmed=0.0/s mismatch=0.0/s relbusy=0.0/s relok=0.0/s relfail=0.0/s release-stage[queue=0.0 pool=0.0 fence=0.0 reset=0.0 begin=0.0 end=0.0 submit=0.0]/s watchdog=0.0/s | worker plays=0.0/s ok=0.0/s fail=0.0/s nr_absent=0.0/s copyfail=0.0/s
21:54:06.268  [fg-relay] rate3: arm->arm avg=0.00ms max=0.00ms n=0 | arm->work avg=0.00ms max=0.00ms | arm->eval avg=0.00ms max=0.00ms | copywait avg=0.000ms max=0.000ms | copy-land<= avg=0.00ms max=0.00ms | work avg=0.00ms max=0.00ms | totals armed=0 unarmed=0 skipped=0 busy=0 mismatch=0 copies_failed=0 writes=0 conflicts=0
21:54:06.268  [fg-relay] rate4: throttle depth=1 off=0 | sleep calls=55.7/s waits=0.0/s clear=0.0/s timeouts=0.0/s avg=0.00ms | present calls=55.7/s waits=0.0/s clear=0.0/s timeouts=0.0/s avg=0.00ms | max=0.00ms (process)
21:54:21.266  [fg-relay] rate/15.0s p2 import_opt=1: presents=54.9/s present-gate[point=54.9 ready=0.0 fallback=0.0 inactive=0.0]/s noinfo=0.0/s stale=0.0/s unlearned=0.0/s attempts=0.0/s armed=0.0/s skipped=0.0/s busy=0.0/s arm-reject[state=0.0 request=0.0 refused=0.0 stopping=0.0 res=0.0 size=0.0]/s pool[cap=0.0 family=0.0 create=0.0 alloc=0.0]/s copy-drop[fence=0.0 reset=0.0 begin=0.0 end=0.0 submit=0.0]/s cf[seq=0.0/s idle=0.0/s nrfence=0.0/s] slotbusy=0.0/s copyfence-busy=0.0/s nr-gpuwait=0.0/s flips=0.0/s
21:54:21.266  [fg-relay] rate2: fginput eval=164.8/s index!=1=0.0/s eval-gate[off=0.0 fallback=0.0 notready=0.0 noinput=0.0 noqueue=0.0]/s relay eval=0.0/s consume=0.0/s inplace=0.0/s(ok 0.0/s) unarmed=0.0/s mismatch=0.0/s relbusy=0.0/s relok=0.0/s relfail=0.0/s release-stage[queue=0.0 pool=0.0 fence=0.0 reset=0.0 begin=0.0 end=0.0 submit=0.0]/s watchdog=0.0/s | worker plays=0.0/s ok=0.0/s fail=0.0/s nr_absent=0.0/s copyfail=0.0/s
21:54:21.266  [fg-relay] rate3: arm->arm avg=0.00ms max=0.00ms n=0 | arm->work avg=0.00ms max=0.00ms | arm->eval avg=0.00ms max=0.00ms | copywait avg=0.000ms max=0.000ms | copy-land<= avg=0.00ms max=0.00ms | work avg=0.00ms max=0.00ms | totals armed=0 unarmed=0 skipped=0 busy=0 mismatch=0 copies_failed=0 writes=0 conflicts=0
21:54:21.267  [fg-relay] rate4: throttle depth=1 off=0 | sleep calls=54.9/s waits=0.0/s clear=0.0/s timeouts=0.0/s avg=0.00ms | present calls=54.9/s waits=0.0/s clear=0.0/s timeouts=0.0/s avg=0.00ms | max=0.00ms (process)
21:54:22.696  qpc=4367582628645 [focus-fg] state: enabled=1 hooked=1 foreground=0 minimized=0 hwnd=0000000008660FE6 scope_calls=11254 original_false=10070 kept=10070 presents=11900 FG_evaluates=33760
21:54:27.411  === Vulkan CreateFeature1 #20  feature_id=18  VkDevice=000000002F1000D0  thread 40064 ===
21:54:27.411  === Vulkan CreateFeature1 #20 returned -1160773630, handle=0000000000000000 ===
21:54:36.279  [fg-relay] rate/15.0s p2 import_opt=1: presents=55.3/s present-gate[point=55.3 ready=0.0 fallback=0.0 inactive=0.0]/s noinfo=0.0/s stale=0.0/s unlearned=0.0/s attempts=0.0/s armed=0.0/s skipped=0.0/s busy=0.0/s arm-reject[state=0.0 request=0.0 refused=0.0 stopping=0.0 res=0.0 size=0.0]/s pool[cap=0.0 family=0.0 create=0.0 alloc=0.0]/s copy-drop[fence=0.0 reset=0.0 begin=0.0 end=0.0 submit=0.0]/s cf[seq=0.0/s idle=0.0/s nrfence=0.0/s] slotbusy=0.0/s copyfence-busy=0.0/s nr-gpuwait=0.0/s flips=0.0/s
21:54:36.279  [fg-relay] rate2: fginput eval=165.8/s index!=1=0.0/s eval-gate[off=0.0 fallback=0.0 notready=0.0 noinput=0.0 noqueue=0.0]/s relay eval=0.0/s consume=0.0/s inplace=0.0/s(ok 0.0/s) unarmed=0.0/s mismatch=0.0/s relbusy=0.0/s relok=0.0/s relfail=0.0/s release-stage[queue=0.0 pool=0.0 fence=0.0 reset=0.0 begin=0.0 end=0.0 submit=0.0]/s watchdog=0.0/s | worker plays=0.0/s ok=0.0/s fail=0.0/s nr_absent=0.0/s copyfail=0.0/s
21:54:36.279  [fg-relay] rate3: arm->arm avg=0.00ms max=0.00ms n=0 | arm->work avg=0.00ms max=0.00ms | arm->eval avg=0.00ms max=0.00ms | copywait avg=0.000ms max=0.000ms | copy-land<= avg=0.00ms max=0.00ms | work avg=0.00ms max=0.00ms | totals armed=0 unarmed=0 skipped=0 busy=0 mismatch=0 copies_failed=0 writes=0 conflicts=0
21:54:36.279  [fg-relay] rate4: throttle depth=1 off=0 | sleep calls=55.3/s waits=0.0/s clear=0.0/s timeouts=0.0/s avg=0.00ms | present calls=55.3/s waits=0.0/s clear=0.0/s timeouts=0.0/s avg=0.00ms | max=0.00ms (process)
21:54:40.695  qpc=4367762627589 [focus-fg] state: enabled=1 hooked=1 foreground=0 minimized=0 hwnd=0000000008660FE6 scope_calls=12245 original_false=11061 kept=11061 presents=12891 FG_evaluates=36733
21:54:51.280  [fg-relay] rate/15.0s p2 import_opt=1: presents=55.0/s present-gate[point=55.0 ready=0.0 fallback=0.0 inactive=0.0]/s noinfo=0.0/s stale=0.0/s unlearned=0.0/s attempts=0.0/s armed=0.0/s skipped=0.0/s busy=0.0/s arm-reject[state=0.0 request=0.0 refused=0.0 stopping=0.0 res=0.0 size=0.0]/s pool[cap=0.0 family=0.0 create=0.0 alloc=0.0]/s copy-drop[fence=0.0 reset=0.0 begin=0.0 end=0.0 submit=0.0]/s cf[seq=0.0/s idle=0.0/s nrfence=0.0/s] slotbusy=0.0/s copyfence-busy=0.0/s nr-gpuwait=0.0/s flips=0.0/s
21:54:51.280  [fg-relay] rate2: fginput eval=165.0/s index!=1=0.0/s eval-gate[off=0.0 fallback=0.0 notready=0.0 noinput=0.0 noqueue=0.0]/s relay eval=0.0/s consume=0.0/s inplace=0.0/s(ok 0.0/s) unarmed=0.0/s mismatch=0.0/s relbusy=0.0/s relok=0.0/s relfail=0.0/s release-stage[queue=0.0 pool=0.0 fence=0.0 reset=0.0 begin=0.0 end=0.0 submit=0.0]/s watchdog=0.0/s | worker plays=0.0/s ok=0.0/s fail=0.0/s nr_absent=0.0/s copyfail=0.0/s
21:54:51.280  [fg-relay] rate3: arm->arm avg=0.00ms max=0.00ms n=0 | arm->work avg=0.00ms max=0.00ms | arm->eval avg=0.00ms max=0.00ms | copywait avg=0.000ms max=0.000ms | copy-land<= avg=0.00ms max=0.00ms | work avg=0.00ms max=0.00ms | totals armed=0 unarmed=0 skipped=0 busy=0 mismatch=0 copies_failed=0 writes=0 conflicts=0
21:54:51.280  [fg-relay] rate4: throttle depth=1 off=0 | sleep calls=55.0/s waits=0.0/s clear=0.0/s timeouts=0.0/s avg=0.00ms | present calls=55.0/s waits=0.0/s clear=0.0/s timeouts=0.0/s avg=0.00ms | max=0.00ms (process)
21:54:57.419  === Vulkan CreateFeature1 #21  feature_id=18  VkDevice=000000002F1000D0  thread 40064 ===
21:54:57.419  === Vulkan CreateFeature1 #21 returned -1160773630, handle=0000000000000000 ===
21:54:57.722  qpc=4367932895951 [focus-fg] state: enabled=1 hooked=1 foreground=0 minimized=0 hwnd=0000000008660FE6 scope_calls=13183 original_false=11999 kept=11999 presents=13829 FG_evaluates=39547
21:55:06.280  [fg-relay] rate/15.0s p2 import_opt=1: presents=55.8/s present-gate[point=55.8 ready=0.0 fallback=0.0 inactive=0.0]/s noinfo=0.0/s stale=0.0/s unlearned=0.0/s attempts=0.0/s armed=0.0/s skipped=0.0/s busy=0.0/s arm-reject[state=0.0 request=0.0 refused=0.0 stopping=0.0 res=0.0 size=0.0]/s pool[cap=0.0 family=0.0 create=0.0 alloc=0.0]/s copy-drop[fence=0.0 reset=0.0 begin=0.0 end=0.0 submit=0.0]/s cf[seq=0.0/s idle=0.0/s nrfence=0.0/s] slotbusy=0.0/s copyfence-busy=0.0/s nr-gpuwait=0.0/s flips=0.0/s
21:55:06.281  [fg-relay] rate2: fginput eval=167.3/s index!=1=0.0/s eval-gate[off=0.0 fallback=0.0 notready=0.0 noinput=0.0 noqueue=0.0]/s relay eval=0.0/s consume=0.0/s inplace=0.0/s(ok 0.0/s) unarmed=0.0/s mismatch=0.0/s relbusy=0.0/s relok=0.0/s relfail=0.0/s release-stage[queue=0.0 pool=0.0 fence=0.0 reset=0.0 begin=0.0 end=0.0 submit=0.0]/s watchdog=0.0/s | worker plays=0.0/s ok=0.0/s fail=0.0/s nr_absent=0.0/s copyfail=0.0/s
21:55:06.281  [fg-relay] rate3: arm->arm avg=0.00ms max=0.00ms n=0 | arm->work avg=0.00ms max=0.00ms | arm->eval avg=0.00ms max=0.00ms | copywait avg=0.000ms max=0.000ms | copy-land<= avg=0.00ms max=0.00ms | work avg=0.00ms max=0.00ms | totals armed=0 unarmed=0 skipped=0 busy=0 mismatch=0 copies_failed=0 writes=0 conflicts=0
21:55:06.282  [fg-relay] rate4: throttle depth=1 off=0 | sleep calls=55.8/s waits=0.0/s clear=0.0/s timeouts=0.0/s avg=0.00ms | present calls=55.8/s waits=0.0/s clear=0.0/s timeouts=0.0/s avg=0.00ms | max=0.00ms (process)
21:55:13.748  qpc=4368093157145 [focus-fg] state: enabled=1 hooked=1 foreground=0 minimized=0 hwnd=0000000008660FE6 scope_calls=14074 original_false=12890 kept=12890 presents=14720 FG_evaluates=42220
21:55:21.278  [fg-relay] rate/15.0s p2 import_opt=1: presents=55.1/s present-gate[point=55.1 ready=0.0 fallback=0.0 inactive=0.0]/s noinfo=0.0/s stale=0.0/s unlearned=0.0/s attempts=0.0/s armed=0.0/s skipped=0.0/s busy=0.0/s arm-reject[state=0.0 request=0.0 refused=0.0 stopping=0.0 res=0.0 size=0.0]/s pool[cap=0.0 family=0.0 create=0.0 alloc=0.0]/s copy-drop[fence=0.0 reset=0.0 begin=0.0 end=0.0 submit=0.0]/s cf[seq=0.0/s idle=0.0/s nrfence=0.0/s] slotbusy=0.0/s copyfence-busy=0.0/s nr-gpuwait=0.0/s flips=0.0/s
21:55:21.278  [fg-relay] rate2: fginput eval=165.4/s index!=1=0.0/s eval-gate[off=0.0 fallback=0.0 notready=0.0 noinput=0.0 noqueue=0.0]/s relay eval=0.0/s consume=0.0/s inplace=0.0/s(ok 0.0/s) unarmed=0.0/s mismatch=0.0/s relbusy=0.0/s relok=0.0/s relfail=0.0/s release-stage[queue=0.0 pool=0.0 fence=0.0 reset=0.0 begin=0.0 end=0.0 submit=0.0]/s watchdog=0.0/s | worker plays=0.0/s ok=0.0/s fail=0.0/s nr_absent=0.0/s copyfail=0.0/s
21:55:21.278  [fg-relay] rate3: arm->arm avg=0.00ms max=0.00ms n=0 | arm->work avg=0.00ms max=0.00ms | arm->eval avg=0.00ms max=0.00ms | copywait avg=0.000ms max=0.000ms | copy-land<= avg=0.00ms max=0.00ms | work avg=0.00ms max=0.00ms | totals armed=0 unarmed=0 skipped=0 busy=0 mismatch=0 copies_failed=0 writes=0 conflicts=0
21:55:21.278  [fg-relay] rate4: throttle depth=1 off=0 | sleep calls=55.1/s waits=0.0/s clear=0.0/s timeouts=0.0/s avg=0.00ms | present calls=55.1/s waits=0.0/s clear=0.0/s timeouts=0.0/s avg=0.00ms | max=0.00ms (process)
21:55:27.434  === Vulkan CreateFeature1 #22  feature_id=18  VkDevice=000000002F1000D0  thread 40064 ===
21:55:27.435  === Vulkan CreateFeature1 #22 returned -1160773630, handle=0000000000000000 ===
21:55:29.802  qpc=4368253695014 [focus-fg] state: enabled=1 hooked=1 foreground=0 minimized=0 hwnd=0000000008660FE6 scope_calls=14965 original_false=13781 kept=13781 presents=15611 FG_evaluates=44893
21:55:36.270  [fg-relay] rate/15.0s p2 import_opt=1: presents=55.2/s present-gate[point=55.2 ready=0.0 fallback=0.0 inactive=0.0]/s noinfo=0.0/s stale=0.0/s unlearned=0.0/s attempts=0.0/s armed=0.0/s skipped=0.0/s busy=0.0/s arm-reject[state=0.0 request=0.0 refused=0.0 stopping=0.0 res=0.0 size=0.0]/s pool[cap=0.0 family=0.0 create=0.0 alloc=0.0]/s copy-drop[fence=0.0 reset=0.0 begin=0.0 end=0.0 submit=0.0]/s cf[seq=0.0/s idle=0.0/s nrfence=0.0/s] slotbusy=0.0/s copyfence-busy=0.0/s nr-gpuwait=0.0/s flips=0.0/s
21:55:36.270  [fg-relay] rate2: fginput eval=165.6/s index!=1=0.0/s eval-gate[off=0.0 fallback=0.0 notready=0.0 noinput=0.0 noqueue=0.0]/s relay eval=0.0/s consume=0.0/s inplace=0.0/s(ok 0.0/s) unarmed=0.0/s mismatch=0.0/s relbusy=0.0/s relok=0.0/s relfail=0.0/s release-stage[queue=0.0 pool=0.0 fence=0.0 reset=0.0 begin=0.0 end=0.0 submit=0.0]/s watchdog=0.0/s | worker plays=0.0/s ok=0.0/s fail=0.0/s nr_absent=0.0/s copyfail=0.0/s
21:55:36.270  [fg-relay] rate3: arm->arm avg=0.00ms max=0.00ms n=0 | arm->work avg=0.00ms max=0.00ms | arm->eval avg=0.00ms max=0.00ms | copywait avg=0.000ms max=0.000ms | copy-land<= avg=0.00ms max=0.00ms | work avg=0.00ms max=0.00ms | totals armed=0 unarmed=0 skipped=0 busy=0 mismatch=0 copies_failed=0 writes=0 conflicts=0
21:55:36.270  [fg-relay] rate4: throttle depth=1 off=0 | sleep calls=55.2/s waits=0.0/s clear=0.0/s timeouts=0.0/s avg=0.00ms | present calls=55.2/s waits=0.0/s clear=0.0/s timeouts=0.0/s avg=0.00ms | max=0.00ms (process)
21:55:45.884  qpc=4368414508108 [focus-fg] state: enabled=1 hooked=1 foreground=0 minimized=0 hwnd=0000000008660FE6 scope_calls=15855 original_false=14671 kept=14671 presents=16501 FG_evaluates=47563
21:55:51.269  [fg-relay] rate/15.0s p2 import_opt=1: presents=55.4/s present-gate[point=55.4 ready=0.0 fallback=0.0 inactive=0.0]/s noinfo=0.0/s stale=0.0/s unlearned=0.0/s attempts=0.0/s armed=0.0/s skipped=0.0/s busy=0.0/s arm-reject[state=0.0 request=0.0 refused=0.0 stopping=0.0 res=0.0 size=0.0]/s pool[cap=0.0 family=0.0 create=0.0 alloc=0.0]/s copy-drop[fence=0.0 reset=0.0 begin=0.0 end=0.0 submit=0.0]/s cf[seq=0.0/s idle=0.0/s nrfence=0.0/s] slotbusy=0.0/s copyfence-busy=0.0/s nr-gpuwait=0.0/s flips=0.0/s
21:55:51.270  [fg-relay] rate2: fginput eval=166.1/s index!=1=0.0/s eval-gate[off=0.0 fallback=0.0 notready=0.0 noinput=0.0 noqueue=0.0]/s relay eval=0.0/s consume=0.0/s inplace=0.0/s(ok 0.0/s) unarmed=0.0/s mismatch=0.0/s relbusy=0.0/s relok=0.0/s relfail=0.0/s release-stage[queue=0.0 pool=0.0 fence=0.0 reset=0.0 begin=0.0 end=0.0 submit=0.0]/s watchdog=0.0/s | worker plays=0.0/s ok=0.0/s fail=0.0/s nr_absent=0.0/s copyfail=0.0/s
21:55:51.270  [fg-relay] rate3: arm->arm avg=0.00ms max=0.00ms n=0 | arm->work avg=0.00ms max=0.00ms | arm->eval avg=0.00ms max=0.00ms | copywait avg=0.000ms max=0.000ms | copy-land<= avg=0.00ms max=0.00ms | work avg=0.00ms max=0.00ms | totals armed=0 unarmed=0 skipped=0 busy=0 mismatch=0 copies_failed=0 writes=0 conflicts=0
21:55:51.270  [fg-relay] rate4: throttle depth=1 off=0 | sleep calls=55.4/s waits=0.0/s clear=0.0/s timeouts=0.0/s avg=0.00ms | present calls=55.4/s waits=0.0/s clear=0.0/s timeouts=0.0/s avg=0.00ms | max=0.00ms (process)
21:55:57.438  === Vulkan CreateFeature1 #23  feature_id=18  VkDevice=000000002F1000D0  thread 40064 ===
21:55:57.439  === Vulkan CreateFeature1 #23 returned -1160773630, handle=0000000000000000 ===
21:55:58.367  qpc=4368539320242 [fg-transition] start=4368539319333 frame=0000000000004320 idx=2/3 queue=000000002DE53CD0 reset=0 enable=1 recording=1 not-rendering=0 metering=1 fullscreen=0 slmode=1 known=0x17f hud=4413f0d0 back=2ddfa8d0 real=0 interp=4527d8d0 bridge-lock=1 arm=0->0 result=1 disable-interp=0(known=0) foreground=1 monitors=0000000003DB2751/0000000003DB2751 cpu=0.091ms
21:55:58.367  qpc=4368539322537 [fg-transition] start=4368539321787 frame=0000000000004320 idx=3/3 queue=000000002DE53CD0 reset=0 enable=1 recording=1 not-rendering=0 metering=1 fullscreen=0 slmode=1 known=0x17f hud=4413f0d0 back=2ddfa8d0 real=0 interp=4527ded0 bridge-lock=1 arm=0->0 result=1 disable-interp=0(known=0) foreground=1 monitors=0000000003DB2751/0000000003DB2751 cpu=0.075ms
21:55:58.398  qpc=4368539632756 [fg-transition] start=4368539630602 frame=0000000000004321 idx=1/3 queue=000000002DE53CD0 reset=0 enable=1 recording=1 not-rendering=0 metering=1 fullscreen=0 slmode=1 known=0x17f hud=4413f0d0 back=2ddf96d0 real=4527d2d0 interp=4527e4d0 bridge-lock=1 arm=0->0 result=1 disable-interp=0(known=0) foreground=1 monitors=0000000003DB2751/0000000003DB2751 cpu=0.215ms
21:55:58.398  qpc=4368539636007 [fg-transition] start=4368539635284 frame=0000000000004321 idx=2/3 queue=000000002DE53CD0 reset=0 enable=1 recording=1 not-rendering=0 metering=1 fullscreen=0 slmode=1 known=0x17f hud=4413f0d0 back=2ddf96d0 real=0 interp=4527ded0 bridge-lock=1 arm=0->0 result=1 disable-interp=0(known=0) foreground=1 monitors=0000000003DB2751/0000000003DB2751 cpu=0.072ms
21:55:58.398  qpc=4368539636883 [fg-transition] start=4368539636350 frame=0000000000004321 idx=3/3 queue=000000002DE53CD0 reset=0 enable=1 recording=1 not-rendering=0 metering=1 fullscreen=0 slmode=1 known=0x17f hud=4413f0d0 back=2ddf96d0 real=0 interp=4527d8d0 bridge-lock=1 arm=0->0 result=1 disable-interp=0(known=0) foreground=1 monitors=0000000003DB2751/0000000003DB2751 cpu=0.053ms
21:55:58.416  qpc=4368539803966 [fg-transition] start=4368539801548 frame=0000000000004322 idx=1/3 queue=000000002DE53CD0 reset=0 enable=1 recording=1 not-rendering=0 metering=1 fullscreen=0 slmode=1 known=0x17f hud=4413f0d0 back=2ddfaed0 real=4527e4d0 interp=4527d2d0 bridge-lock=1 arm=0->0 result=1 disable-interp=0(known=0) foreground=1 monitors=0000000003DB2751/0000000003DB2751 cpu=0.242ms
21:55:58.425  qpc=4368539900118 [fg-transition] start=4368539899020 frame=0000000000004322 idx=2/3 queue=000000002DE53CD0 reset=0 enable=1 recording=1 not-rendering=0 metering=1 fullscreen=0 slmode=1 known=0x17f hud=4413f0d0 back=2ddfaed0 real=0 interp=4527d8d0 bridge-lock=1 arm=0->0 result=1 disable-interp=0(known=0) foreground=1 monitors=0000000003DB2751/0000000003DB2751 cpu=0.110ms
21:55:58.425  qpc=4368539902259 [fg-transition] start=4368539901532 frame=0000000000004322 idx=3/3 queue=000000002DE53CD0 reset=0 enable=1 recording=1 not-rendering=0 metering=1 fullscreen=0 slmode=1 known=0x17f hud=4413f0d0 back=2ddfaed0 real=0 interp=4527ded0 bridge-lock=1 arm=0->0 result=1 disable-interp=0(known=0) foreground=1 monitors=0000000003DB2751/0000000003DB2751 cpu=0.073ms
21:55:58.435  qpc=4368539994782 [fg-transition] start=4368539992479 frame=0000000000004323 idx=1/3 queue=000000002DE53CD0 reset=0 enable=1 recording=1 not-rendering=0 metering=1 fullscreen=0 slmode=1 known=0x17f hud=4413f0d0 back=2ddfa8d0 real=4527d2d0 interp=4527e4d0 bridge-lock=1 arm=0->0 result=1 disable-interp=0(known=0) foreground=1 monitors=0000000003DB2751/0000000003DB2751 cpu=0.230ms
21:55:58.446  qpc=4368540115822 [fg-transition] start=4368540114683 frame=0000000000004323 idx=2/3 queue=000000002DE53CD0 reset=0 enable=1 recording=1 not-rendering=0 metering=1 fullscreen=0 slmode=1 known=0x17f hud=4413f0d0 back=2ddfa8d0 real=0 interp=4527ded0 bridge-lock=1 arm=0->0 result=1 disable-interp=0(known=0) foreground=1 monitors=0000000003DB2751/0000000003DB2751 cpu=0.114ms
21:55:58.446  qpc=4368540117818 [fg-transition] start=4368540117162 frame=0000000000004323 idx=3/3 queue=000000002DE53CD0 reset=0 enable=1 recording=1 not-rendering=0 metering=1 fullscreen=0 slmode=1 known=0x17f hud=4413f0d0 back=2ddfa8d0 real=0 interp=4527d8d0 bridge-lock=1 arm=0->0 result=1 disable-interp=0(known=0) foreground=1 monitors=0000000003DB2751/0000000003DB2751 cpu=0.066ms
21:55:58.448  qpc=4368540140685 [fg-transition] start=4368540138310 frame=0000000000004324 idx=1/3 queue=000000002DE53CD0 reset=0 enable=1 recording=1 not-rendering=0 metering=1 fullscreen=0 slmode=1 known=0x17f hud=4413f0d0 back=2ddf96d0 real=4527e4d0 interp=4527d2d0 bridge-lock=1 arm=0->0 result=1 disable-interp=0(known=0) foreground=1 monitors=0000000003DB2751/0000000003DB2751 cpu=0.237ms
21:55:58.939  qpc=4368545065434 [focus-fg] state: enabled=1 hooked=1 foreground=1 minimized=0 hwnd=0000000008660FE6 scope_calls=16568 original_false=15354 kept=15354 presents=17214 FG_evaluates=49702
21:56:05.425  qpc=4368609891318 [fg-transition] start=4368609890334 frame=000000000000448B idx=2/3 queue=000000002DE53CD0 reset=0 enable=1 recording=1 not-rendering=0 metering=1 fullscreen=0 slmode=1 known=0x17f hud=4413f0d0 back=2ddfa8d0 real=0 interp=4527ded0 bridge-lock=1 arm=0->0 result=1 disable-interp=0(known=0) foreground=0 monitors=0000000003DB2751/0000000067FB33F1 cpu=0.098ms
21:56:05.425  qpc=4368609893575 [fg-transition] start=4368609892908 frame=000000000000448B idx=3/3 queue=000000002DE53CD0 reset=0 enable=1 recording=1 not-rendering=0 metering=1 fullscreen=0 slmode=1 known=0x17f hud=4413f0d0 back=2ddfa8d0 real=0 interp=4527d8d0 bridge-lock=1 arm=0->0 result=1 disable-interp=0(known=0) foreground=0 monitors=0000000003DB2751/0000000067FB33F1 cpu=0.067ms
21:56:05.431  qpc=4368609956703 [fg-transition] start=4368609954598 frame=000000000000448C idx=1/3 queue=000000002DE53CD0 reset=0 enable=1 recording=1 not-rendering=0 metering=1 fullscreen=0 slmode=1 known=0x17f hud=4413f0d0 back=2ddf96d0 real=4527e4d0 interp=4527d2d0 bridge-lock=1 arm=0->0 result=1 disable-interp=0(known=0) foreground=0 monitors=0000000003DB2751/0000000067FB33F1 cpu=0.210ms
21:56:05.442  qpc=4368610074661 [fg-transition] start=4368610073673 frame=000000000000448C idx=2/3 queue=000000002DE53CD0 reset=0 enable=1 recording=1 not-rendering=0 metering=1 fullscreen=0 slmode=1 known=0x17f hud=4413f0d0 back=2ddf96d0 real=0 interp=4527d8d0 bridge-lock=1 arm=0->0 result=1 disable-interp=0(known=0) foreground=0 monitors=0000000003DB2751/0000000067FB33F1 cpu=0.099ms
21:56:05.443  qpc=4368610076622 [fg-transition] start=4368610075984 frame=000000000000448C idx=3/3 queue=000000002DE53CD0 reset=0 enable=1 recording=1 not-rendering=0 metering=1 fullscreen=0 slmode=1 known=0x17f hud=4413f0d0 back=2ddf96d0 real=0 interp=4527ded0 bridge-lock=1 arm=0->0 result=1 disable-interp=0(known=0) foreground=0 monitors=0000000003DB2751/0000000067FB33F1 cpu=0.064ms
21:56:05.465  qpc=4368610292426 [fg-transition] start=4368610290152 frame=000000000000448D idx=1/3 queue=000000002DE53CD0 reset=0 enable=1 recording=1 not-rendering=0 metering=1 fullscreen=0 slmode=1 known=0x17f hud=4413f0d0 back=2ddfaed0 real=4527d2d0 interp=4527e4d0 bridge-lock=1 arm=0->0 result=1 disable-interp=0(known=0) foreground=0 monitors=0000000003DB2751/0000000067FB33F1 cpu=0.227ms
21:56:05.465  qpc=4368610295077 [fg-transition] start=4368610294366 frame=000000000000448D idx=2/3 queue=000000002DE53CD0 reset=0 enable=1 recording=1 not-rendering=0 metering=1 fullscreen=0 slmode=1 known=0x17f hud=4413f0d0 back=2ddfaed0 real=0 interp=4527ded0 bridge-lock=1 arm=0->0 result=1 disable-interp=0(known=0) foreground=0 monitors=0000000003DB2751/0000000067FB33F1 cpu=0.071ms
21:56:05.465  qpc=4368610296106 [fg-transition] start=4368610295537 frame=000000000000448D idx=3/3 queue=000000002DE53CD0 reset=0 enable=1 recording=1 not-rendering=0 metering=1 fullscreen=0 slmode=1 known=0x17f hud=4413f0d0 back=2ddfaed0 real=0 interp=4527d8d0 bridge-lock=1 arm=0->0 result=1 disable-interp=0(known=0) foreground=0 monitors=0000000003DB2751/0000000067FB33F1 cpu=0.057ms
21:56:05.476  qpc=4368610407515 [fg-transition] start=4368610405240 frame=000000000000448E idx=1/3 queue=000000002DE53CD0 reset=0 enable=1 recording=1 not-rendering=0 metering=1 fullscreen=0 slmode=1 known=0x17f hud=4413f0d0 back=2ddfa8d0 real=4527e4d0 interp=4527d2d0 bridge-lock=1 arm=0->0 result=1 disable-interp=0(known=0) foreground=0 monitors=0000000003DB2751/0000000067FB33F1 cpu=0.227ms
21:56:05.492  qpc=4368610564700 [fg-transition] start=4368610563549 frame=000000000000448E idx=2/3 queue=000000002DE53CD0 reset=0 enable=1 recording=1 not-rendering=0 metering=1 fullscreen=0 slmode=1 known=0x17f hud=4413f0d0 back=2ddfa8d0 real=0 interp=4527d8d0 bridge-lock=1 arm=0->0 result=1 disable-interp=0(known=0) foreground=0 monitors=0000000003DB2751/0000000067FB33F1 cpu=0.115ms
21:56:05.492  qpc=4368610566734 [fg-transition] start=4368610566072 frame=000000000000448E idx=3/3 queue=000000002DE53CD0 reset=0 enable=1 recording=1 not-rendering=0 metering=1 fullscreen=0 slmode=1 known=0x17f hud=4413f0d0 back=2ddfa8d0 real=0 interp=4527ded0 bridge-lock=1 arm=0->0 result=1 disable-interp=0(known=0) foreground=0 monitors=0000000003DB2751/0000000067FB33F1 cpu=0.066ms
21:56:05.492  qpc=4368610579336 [fg-transition] start=4368610577102 frame=000000000000448F idx=1/3 queue=000000002DE53CD0 reset=0 enable=1 recording=1 not-rendering=0 metering=1 fullscreen=0 slmode=1 known=0x17f hud=4413f0d0 back=2ddf96d0 real=4527d2d0 interp=4527e4d0 bridge-lock=1 arm=0->0 result=1 disable-interp=0(known=0) foreground=0 monitors=0000000003DB2751/0000000067FB33F1 cpu=0.223ms
21:56:05.943  qpc=4368615100879 [focus-fg] state: enabled=1 hooked=1 foreground=0 minimized=0 hwnd=0000000008660FE6 scope_calls=16929 original_false=15382 kept=15382 presents=17575 FG_evaluates=50785
21:56:06.272  [fg-relay] rate/15.0s p2 import_opt=1: presents=53.0/s present-gate[point=53.0 ready=0.0 fallback=0.0 inactive=0.0]/s noinfo=0.0/s stale=0.0/s unlearned=0.0/s attempts=0.0/s armed=0.0/s skipped=0.0/s busy=0.0/s arm-reject[state=0.0 request=0.0 refused=0.0 stopping=0.0 res=0.0 size=0.0]/s pool[cap=0.0 family=0.0 create=0.0 alloc=0.0]/s copy-drop[fence=0.0 reset=0.0 begin=0.0 end=0.0 submit=0.0]/s cf[seq=0.0/s idle=0.0/s nrfence=0.0/s] slotbusy=0.0/s copyfence-busy=0.0/s nr-gpuwait=0.0/s flips=0.0/s
21:56:06.272  [fg-relay] rate2: fginput eval=159.0/s index!=1=0.0/s eval-gate[off=0.0 fallback=0.0 notready=0.0 noinput=0.0 noqueue=0.0]/s relay eval=0.0/s consume=0.0/s inplace=0.0/s(ok 0.0/s) unarmed=0.0/s mismatch=0.0/s relbusy=0.0/s relok=0.0/s relfail=0.0/s release-stage[queue=0.0 pool=0.0 fence=0.0 reset=0.0 begin=0.0 end=0.0 submit=0.0]/s watchdog=0.0/s | worker plays=0.0/s ok=0.0/s fail=0.0/s nr_absent=0.0/s copyfail=0.0/s
21:56:06.272  [fg-relay] rate3: arm->arm avg=0.00ms max=0.00ms n=0 | arm->work avg=0.00ms max=0.00ms | arm->eval avg=0.00ms max=0.00ms | copywait avg=0.000ms max=0.000ms | copy-land<= avg=0.00ms max=0.00ms | work avg=0.00ms max=0.00ms | totals armed=0 unarmed=0 skipped=0 busy=0 mismatch=0 copies_failed=0 writes=0 conflicts=0
21:56:06.272  [fg-relay] rate4: throttle depth=1 off=0 | sleep calls=53.0/s waits=0.0/s clear=0.0/s timeouts=0.0/s avg=0.00ms | present calls=53.0/s waits=0.0/s clear=0.0/s timeouts=0.0/s avg=0.00ms | max=0.00ms (process)
21:56:06.601  qpc=4368621657238 [fg-transition] start=4368621656229 frame=00000000000044CA idx=2/3 queue=000000002DE53CD0 reset=0 enable=1 recording=1 not-rendering=0 metering=1 fullscreen=0 slmode=1 known=0x17f hud=4413f0d0 back=2ddfa8d0 real=0 interp=4527d8d0 bridge-lock=1 arm=0->0 result=1 disable-interp=0(known=0) foreground=1 monitors=0000000003DB2751/0000000003DB2751 cpu=0.101ms
21:56:06.601  qpc=4368621661262 [fg-transition] start=4368621660521 frame=00000000000044CA idx=3/3 queue=000000002DE53CD0 reset=0 enable=1 recording=1 not-rendering=0 metering=1 fullscreen=0 slmode=1 known=0x17f hud=4413f0d0 back=2ddfa8d0 real=0 interp=4527ded0 bridge-lock=1 arm=0->0 result=1 disable-interp=0(known=0) foreground=1 monitors=0000000003DB2751/0000000003DB2751 cpu=0.074ms
21:56:06.650  qpc=4368622144764 [fg-transition] start=4368622141890 frame=00000000000044CB idx=1/3 queue=000000002DE53CD0 reset=0 enable=1 recording=1 not-rendering=0 metering=1 fullscreen=0 slmode=1 known=0x17f hud=4413f0d0 back=2ddf96d0 real=4527d2d0 interp=4527e4d0 bridge-lock=1 arm=0->0 result=1 disable-interp=0(known=0) foreground=0 monitors=0000000003DB2751/0000000067FB33F1 cpu=0.287ms
21:56:06.651  qpc=4368622147910 [fg-transition] start=4368622146857 frame=00000000000044CB idx=2/3 queue=000000002DE53CD0 reset=0 enable=1 recording=1 not-rendering=0 metering=1 fullscreen=0 slmode=1 known=0x17f hud=4413f0d0 back=2ddf96d0 real=0 interp=4527ded0 bridge-lock=1 arm=0->0 result=1 disable-interp=0(known=0) foreground=0 monitors=0000000003DB2751/0000000067FB33F1 cpu=0.105ms
21:56:06.651  qpc=4368622149223 [fg-transition] start=4368622148482 frame=00000000000044CB idx=3/3 queue=000000002DE53CD0 reset=0 enable=1 recording=1 not-rendering=0 metering=1 fullscreen=0 slmode=1 known=0x17f hud=4413f0d0 back=2ddf96d0 real=0 interp=4527d8d0 bridge-lock=1 arm=0->0 result=1 disable-interp=0(known=0) foreground=0 monitors=0000000003DB2751/0000000067FB33F1 cpu=0.074ms
21:56:06.660  qpc=4368622252705 [fg-transition] start=4368622249336 frame=00000000000044CC idx=1/3 queue=000000002DE53CD0 reset=0 enable=1 recording=1 not-rendering=0 metering=1 fullscreen=0 slmode=1 known=0x17f hud=4413f0d0 back=2ddfaed0 real=4527e4d0 interp=4527d2d0 bridge-lock=1 arm=0->0 result=1 disable-interp=0(known=0) foreground=0 monitors=0000000003DB2751/0000000067FB33F1 cpu=0.337ms
21:56:06.676  qpc=4368622412165 [fg-transition] start=4368622410842 frame=00000000000044CC idx=2/3 queue=000000002DE53CD0 reset=0 enable=1 recording=1 not-rendering=0 metering=1 fullscreen=0 slmode=1 known=0x17f hud=4413f0d0 back=2ddfaed0 real=0 interp=4527d8d0 bridge-lock=1 arm=0->0 result=1 disable-interp=0(known=0) foreground=0 monitors=0000000003DB2751/0000000067FB33F1 cpu=0.132ms
21:56:06.677  qpc=4368622415141 [fg-transition] start=4368622413899 frame=00000000000044CC idx=3/3 queue=000000002DE53CD0 reset=0 enable=1 recording=1 not-rendering=0 metering=1 fullscreen=0 slmode=1 known=0x17f hud=4413f0d0 back=2ddfaed0 real=0 interp=4527ded0 bridge-lock=1 arm=0->0 result=1 disable-interp=0(known=0) foreground=0 monitors=0000000003DB2751/0000000067FB33F1 cpu=0.124ms
21:56:06.677  qpc=4368622429331 [fg-transition] start=4368622427108 frame=00000000000044CD idx=1/3 queue=000000002DE53CD0 reset=0 enable=1 recording=1 not-rendering=0 metering=1 fullscreen=0 slmode=1 known=0x17f hud=4413f0d0 back=2ddfa8d0 real=4527d2d0 interp=4527e4d0 bridge-lock=1 arm=0->0 result=1 disable-interp=0(known=0) foreground=0 monitors=0000000003DB2751/0000000067FB33F1 cpu=0.222ms
21:56:06.696  qpc=4368622608451 [fg-transition] start=4368622607255 frame=00000000000044CD idx=2/3 queue=000000002DE53CD0 reset=0 enable=1 recording=1 not-rendering=0 metering=1 fullscreen=0 slmode=1 known=0x17f hud=4413f0d0 back=2ddfa8d0 real=0 interp=4527ded0 bridge-lock=1 arm=0->0 result=1 disable-interp=0(known=0) foreground=0 monitors=0000000003DB2751/0000000067FB33F1 cpu=0.119ms
21:56:06.696  qpc=4368622611032 [fg-transition] start=4368622610353 frame=00000000000044CD idx=3/3 queue=000000002DE53CD0 reset=0 enable=1 recording=1 not-rendering=0 metering=1 fullscreen=0 slmode=1 known=0x17f hud=4413f0d0 back=2ddfa8d0 real=0 interp=4527d8d0 bridge-lock=1 arm=0->0 result=1 disable-interp=0(known=0) foreground=0 monitors=0000000003DB2751/0000000067FB33F1 cpu=0.068ms
21:56:06.696  qpc=4368622613054 [fg-transition] start=4368622611555 frame=00000000000044CE idx=1/3 queue=000000002DE53CD0 reset=0 enable=1 recording=1 not-rendering=0 metering=1 fullscreen=0 slmode=1 known=0x17f hud=4413f0d0 back=2ddf96d0 real=4527e4d0 interp=4527d2d0 bridge-lock=1 arm=0->0 result=1 disable-interp=0(known=0) foreground=0 monitors=0000000003DB2751/0000000067FB33F1 cpu=0.150ms
21:56:06.713  qpc=4368622783540 [fg-transition] start=4368622782373 frame=00000000000044CE idx=2/3 queue=000000002DE53CD0 reset=0 enable=1 recording=1 not-rendering=0 metering=1 fullscreen=0 slmode=1 known=0x17f hud=4413f0d0 back=2ddf96d0 real=0 interp=4527d8d0 bridge-lock=1 arm=0->0 result=1 disable-interp=0(known=0) foreground=0 monitors=0000000003DB2751/0000000067FB33F1 cpu=0.116ms
21:56:06.714  qpc=4368622785737 [fg-transition] start=4368622785064 frame=00000000000044CE idx=3/3 queue=000000002DE53CD0 reset=0 enable=1 recording=1 not-rendering=0 metering=1 fullscreen=0 slmode=1 known=0x17f hud=4413f0d0 back=2ddf96d0 real=0 interp=4527ded0 bridge-lock=1 arm=0->0 result=1 disable-interp=0(known=0) foreground=0 monitors=0000000003DB2751/0000000067FB33F1 cpu=0.067ms
21:56:21.278  [fg-relay] rate/15.0s p2 import_opt=1: presents=55.6/s present-gate[point=55.6 ready=0.0 fallback=0.0 inactive=0.0]/s noinfo=0.0/s stale=0.0/s unlearned=0.0/s attempts=0.0/s armed=0.0/s skipped=0.0/s busy=0.0/s arm-reject[state=0.0 request=0.0 refused=0.0 stopping=0.0 res=0.0 size=0.0]/s pool[cap=0.0 family=0.0 create=0.0 alloc=0.0]/s copy-drop[fence=0.0 reset=0.0 begin=0.0 end=0.0 submit=0.0]/s cf[seq=0.0/s idle=0.0/s nrfence=0.0/s] slotbusy=0.0/s copyfence-busy=0.0/s nr-gpuwait=0.0/s flips=0.0/s
21:56:21.278  [fg-relay] rate2: fginput eval=166.8/s index!=1=0.0/s eval-gate[off=0.0 fallback=0.0 notready=0.0 noinput=0.0 noqueue=0.0]/s relay eval=0.0/s consume=0.0/s inplace=0.0/s(ok 0.0/s) unarmed=0.0/s mismatch=0.0/s relbusy=0.0/s relok=0.0/s relfail=0.0/s release-stage[queue=0.0 pool=0.0 fence=0.0 reset=0.0 begin=0.0 end=0.0 submit=0.0]/s watchdog=0.0/s | worker plays=0.0/s ok=0.0/s fail=0.0/s nr_absent=0.0/s copyfail=0.0/s
21:56:21.279  [fg-relay] rate3: arm->arm avg=0.00ms max=0.00ms n=0 | arm->work avg=0.00ms max=0.00ms | arm->eval avg=0.00ms max=0.00ms | copywait avg=0.000ms max=0.000ms | copy-land<= avg=0.00ms max=0.00ms | work avg=0.00ms max=0.00ms | totals armed=0 unarmed=0 skipped=0 busy=0 mismatch=0 copies_failed=0 writes=0 conflicts=0
21:56:21.279  [fg-relay] rate4: throttle depth=1 off=0 | sleep calls=55.6/s waits=0.0/s clear=0.0/s timeouts=0.0/s avg=0.00ms | present calls=55.6/s waits=0.0/s clear=0.0/s timeouts=0.0/s avg=0.00ms | max=0.00ms (process)
21:56:21.965  qpc=4368775323335 [focus-fg] state: enabled=1 hooked=1 foreground=0 minimized=0 hwnd=0000000008660FE6 scope_calls=17819 original_false=16272 kept=16272 presents=18465 FG_evaluates=53455
21:56:27.440  === Vulkan CreateFeature1 #24  feature_id=18  VkDevice=000000002F1000D0  thread 40064 ===
21:56:27.441  === Vulkan CreateFeature1 #24 returned -1160773630, handle=0000000000000000 ===
21:56:36.272  [fg-relay] rate/15.0s p2 import_opt=1: presents=54.7/s present-gate[point=54.7 ready=0.0 fallback=0.0 inactive=0.0]/s noinfo=0.0/s stale=0.0/s unlearned=0.0/s attempts=0.0/s armed=0.0/s skipped=0.0/s busy=0.0/s arm-reject[state=0.0 request=0.0 refused=0.0 stopping=0.0 res=0.0 size=0.0]/s pool[cap=0.0 family=0.0 create=0.0 alloc=0.0]/s copy-drop[fence=0.0 reset=0.0 begin=0.0 end=0.0 submit=0.0]/s cf[seq=0.0/s idle=0.0/s nrfence=0.0/s] slotbusy=0.0/s copyfence-busy=0.0/s nr-gpuwait=0.0/s flips=0.0/s
21:56:36.273  [fg-relay] rate2: fginput eval=164.0/s index!=1=0.0/s eval-gate[off=0.0 fallback=0.0 notready=0.0 noinput=0.0 noqueue=0.0]/s relay eval=0.0/s consume=0.0/s inplace=0.0/s(ok 0.0/s) unarmed=0.0/s mismatch=0.0/s relbusy=0.0/s relok=0.0/s relfail=0.0/s release-stage[queue=0.0 pool=0.0 fence=0.0 reset=0.0 begin=0.0 end=0.0 submit=0.0]/s watchdog=0.0/s | worker plays=0.0/s ok=0.0/s fail=0.0/s nr_absent=0.0/s copyfail=0.0/s
21:56:36.273  [fg-relay] rate3: arm->arm avg=0.00ms max=0.00ms n=0 | arm->work avg=0.00ms max=0.00ms | arm->eval avg=0.00ms max=0.00ms | copywait avg=0.000ms max=0.000ms | copy-land<= avg=0.00ms max=0.00ms | work avg=0.00ms max=0.00ms | totals armed=0 unarmed=0 skipped=0 busy=0 mismatch=0 copies_failed=0 writes=0 conflicts=0
21:56:36.273  [fg-relay] rate4: throttle depth=1 off=0 | sleep calls=54.7/s waits=0.0/s clear=0.0/s timeouts=0.0/s avg=0.00ms | present calls=54.7/s waits=0.0/s clear=0.0/s timeouts=0.0/s avg=0.00ms | max=0.00ms (process)
21:56:39.005  qpc=4368945725547 [focus-fg] state: enabled=1 hooked=1 foreground=0 minimized=0 hwnd=0000000008660FE6 scope_calls=18748 original_false=17201 kept=17201 presents=19394 FG_evaluates=56242
21:56:51.277  [fg-relay] rate/15.0s p2 import_opt=1: presents=54.5/s present-gate[point=54.5 ready=0.0 fallback=0.0 inactive=0.0]/s noinfo=0.0/s stale=0.0/s unlearned=0.0/s attempts=0.0/s armed=0.0/s skipped=0.0/s busy=0.0/s arm-reject[state=0.0 request=0.0 refused=0.0 stopping=0.0 res=0.0 size=0.0]/s pool[cap=0.0 family=0.0 create=0.0 alloc=0.0]/s copy-drop[fence=0.0 reset=0.0 begin=0.0 end=0.0 submit=0.0]/s cf[seq=0.0/s idle=0.0/s nrfence=0.0/s] slotbusy=0.0/s copyfence-busy=0.0/s nr-gpuwait=0.0/s flips=0.0/s
21:56:51.277  [fg-relay] rate2: fginput eval=163.6/s index!=1=0.0/s eval-gate[off=0.0 fallback=0.0 notready=0.0 noinput=0.0 noqueue=0.0]/s relay eval=0.0/s consume=0.0/s inplace=0.0/s(ok 0.0/s) unarmed=0.0/s mismatch=0.0/s relbusy=0.0/s relok=0.0/s relfail=0.0/s release-stage[queue=0.0 pool=0.0 fence=0.0 reset=0.0 begin=0.0 end=0.0 submit=0.0]/s watchdog=0.0/s | worker plays=0.0/s ok=0.0/s fail=0.0/s nr_absent=0.0/s copyfail=0.0/s
21:56:51.278  [fg-relay] rate3: arm->arm avg=0.00ms max=0.00ms n=0 | arm->work avg=0.00ms max=0.00ms | arm->eval avg=0.00ms max=0.00ms | copywait avg=0.000ms max=0.000ms | copy-land<= avg=0.00ms max=0.00ms | work avg=0.00ms max=0.00ms | totals armed=0 unarmed=0 skipped=0 busy=0 mismatch=0 copies_failed=0 writes=0 conflicts=0
21:56:51.278  [fg-relay] rate4: throttle depth=1 off=0 | sleep calls=54.5/s waits=0.0/s clear=0.0/s timeouts=0.0/s avg=0.00ms | present calls=54.5/s waits=0.0/s clear=0.0/s timeouts=0.0/s avg=0.00ms | max=0.00ms (process)
21:56:55.010  qpc=4369105781454 [focus-fg] state: enabled=1 hooked=1 foreground=0 minimized=0 hwnd=0000000008660FE6 scope_calls=19624 original_false=18077 kept=18077 presents=20270 FG_evaluates=58870
21:56:57.443  === Vulkan CreateFeature1 #25  feature_id=18  VkDevice=000000002F1000D0  thread 40064 ===
21:56:57.443  === Vulkan CreateFeature1 #25 returned -1160773630, handle=0000000000000000 ===
21:57:06.284  [fg-relay] rate/15.0s p2 import_opt=1: presents=54.5/s present-gate[point=54.5 ready=0.0 fallback=0.0 inactive=0.0]/s noinfo=0.0/s stale=0.0/s unlearned=0.0/s attempts=0.0/s armed=0.0/s skipped=0.0/s busy=0.0/s arm-reject[state=0.0 request=0.0 refused=0.0 stopping=0.0 res=0.0 size=0.0]/s pool[cap=0.0 family=0.0 create=0.0 alloc=0.0]/s copy-drop[fence=0.0 reset=0.0 begin=0.0 end=0.0 submit=0.0]/s cf[seq=0.0/s idle=0.0/s nrfence=0.0/s] slotbusy=0.0/s copyfence-busy=0.0/s nr-gpuwait=0.0/s flips=0.0/s
21:57:06.284  [fg-relay] rate2: fginput eval=163.6/s index!=1=0.0/s eval-gate[off=0.0 fallback=0.0 notready=0.0 noinput=0.0 noqueue=0.0]/s relay eval=0.0/s consume=0.0/s inplace=0.0/s(ok 0.0/s) unarmed=0.0/s mismatch=0.0/s relbusy=0.0/s relok=0.0/s relfail=0.0/s release-stage[queue=0.0 pool=0.0 fence=0.0 reset=0.0 begin=0.0 end=0.0 submit=0.0]/s watchdog=0.0/s | worker plays=0.0/s ok=0.0/s fail=0.0/s nr_absent=0.0/s copyfail=0.0/s
21:57:06.284  [fg-relay] rate3: arm->arm avg=0.00ms max=0.00ms n=0 | arm->work avg=0.00ms max=0.00ms | arm->eval avg=0.00ms max=0.00ms | copywait avg=0.000ms max=0.000ms | copy-land<= avg=0.00ms max=0.00ms | work avg=0.00ms max=0.00ms | totals armed=0 unarmed=0 skipped=0 busy=0 mismatch=0 copies_failed=0 writes=0 conflicts=0
21:57:06.285  [fg-relay] rate4: throttle depth=1 off=0 | sleep calls=54.5/s waits=0.0/s clear=0.0/s timeouts=0.0/s avg=0.00ms | present calls=54.5/s waits=0.0/s clear=0.0/s timeouts=0.0/s avg=0.00ms | max=0.00ms (process)
21:57:11.072  qpc=4369266391457 [focus-fg] state: enabled=1 hooked=1 foreground=0 minimized=0 hwnd=0000000008660FE6 scope_calls=20501 original_false=18954 kept=18954 presents=21147 FG_evaluates=61501
21:57:21.294  [fg-relay] rate/15.0s p2 import_opt=1: presents=54.4/s present-gate[point=54.4 ready=0.0 fallback=0.0 inactive=0.0]/s noinfo=0.0/s stale=0.0/s unlearned=0.0/s attempts=0.0/s armed=0.0/s skipped=0.0/s busy=0.0/s arm-reject[state=0.0 request=0.0 refused=0.0 stopping=0.0 res=0.0 size=0.0]/s pool[cap=0.0 family=0.0 create=0.0 alloc=0.0]/s copy-drop[fence=0.0 reset=0.0 begin=0.0 end=0.0 submit=0.0]/s cf[seq=0.0/s idle=0.0/s nrfence=0.0/s] slotbusy=0.0/s copyfence-busy=0.0/s nr-gpuwait=0.0/s flips=0.0/s
21:57:21.294  [fg-relay] rate2: fginput eval=163.2/s index!=1=0.0/s eval-gate[off=0.0 fallback=0.0 notready=0.0 noinput=0.0 noqueue=0.0]/s relay eval=0.0/s consume=0.0/s inplace=0.0/s(ok 0.0/s) unarmed=0.0/s mismatch=0.0/s relbusy=0.0/s relok=0.0/s relfail=0.0/s release-stage[queue=0.0 pool=0.0 fence=0.0 reset=0.0 begin=0.0 end=0.0 submit=0.0]/s watchdog=0.0/s | worker plays=0.0/s ok=0.0/s fail=0.0/s nr_absent=0.0/s copyfail=0.0/s
21:57:21.294  [fg-relay] rate3: arm->arm avg=0.00ms max=0.00ms n=0 | arm->work avg=0.00ms max=0.00ms | arm->eval avg=0.00ms max=0.00ms | copywait avg=0.000ms max=0.000ms | copy-land<= avg=0.00ms max=0.00ms | work avg=0.00ms max=0.00ms | totals armed=0 unarmed=0 skipped=0 busy=0 mismatch=0 copies_failed=0 writes=0 conflicts=0
21:57:21.295  [fg-relay] rate4: throttle depth=1 off=0 | sleep calls=54.4/s waits=0.0/s clear=0.0/s timeouts=0.0/s avg=0.00ms | present calls=54.4/s waits=0.0/s clear=0.0/s timeouts=0.0/s avg=0.00ms | max=0.00ms (process)
21:57:27.451  === Vulkan CreateFeature1 #26  feature_id=18  VkDevice=000000002F1000D0  thread 40064 ===
21:57:27.451  === Vulkan CreateFeature1 #26 returned -1160773630, handle=0000000000000000 ===
21:57:29.106  qpc=4369446727501 [focus-fg] state: enabled=1 hooked=1 foreground=0 minimized=0 hwnd=0000000008660FE6 scope_calls=21477 original_false=19930 kept=19930 presents=22123 FG_evaluates=64429
21:57:36.293  [fg-relay] rate/15.0s p2 import_opt=1: presents=54.1/s present-gate[point=54.1 ready=0.0 fallback=0.0 inactive=0.0]/s noinfo=0.0/s stale=0.0/s unlearned=0.0/s attempts=0.0/s armed=0.0/s skipped=0.0/s busy=0.0/s arm-reject[state=0.0 request=0.0 refused=0.0 stopping=0.0 res=0.0 size=0.0]/s pool[cap=0.0 family=0.0 create=0.0 alloc=0.0]/s copy-drop[fence=0.0 reset=0.0 begin=0.0 end=0.0 submit=0.0]/s cf[seq=0.0/s idle=0.0/s nrfence=0.0/s] slotbusy=0.0/s copyfence-busy=0.0/s nr-gpuwait=0.0/s flips=0.0/s
21:57:36.293  [fg-relay] rate2: fginput eval=162.4/s index!=1=0.0/s eval-gate[off=0.0 fallback=0.0 notready=0.0 noinput=0.0 noqueue=0.0]/s relay eval=0.0/s consume=0.0/s inplace=0.0/s(ok 0.0/s) unarmed=0.0/s mismatch=0.0/s relbusy=0.0/s relok=0.0/s relfail=0.0/s release-stage[queue=0.0 pool=0.0 fence=0.0 reset=0.0 begin=0.0 end=0.0 submit=0.0]/s watchdog=0.0/s | worker plays=0.0/s ok=0.0/s fail=0.0/s nr_absent=0.0/s copyfail=0.0/s
21:57:36.293  [fg-relay] rate3: arm->arm avg=0.00ms max=0.00ms n=0 | arm->work avg=0.00ms max=0.00ms | arm->eval avg=0.00ms max=0.00ms | copywait avg=0.000ms max=0.000ms | copy-land<= avg=0.00ms max=0.00ms | work avg=0.00ms max=0.00ms | totals armed=0 unarmed=0 skipped=0 busy=0 mismatch=0 copies_failed=0 writes=0 conflicts=0
21:57:36.293  [fg-relay] rate4: throttle depth=1 off=0 | sleep calls=54.1/s waits=0.0/s clear=0.0/s timeouts=0.0/s avg=0.00ms | present calls=54.1/s waits=0.0/s clear=0.0/s timeouts=0.0/s avg=0.00ms | max=0.00ms (process)
21:57:44.147  qpc=4369597141075 [focus-fg] state: enabled=1 hooked=1 foreground=0 minimized=0 hwnd=0000000008660FE6 scope_calls=22303 original_false=20756 kept=20756 presents=22949 FG_evaluates=66907
21:57:51.292  [fg-relay] rate/15.0s p2 import_opt=1: presents=56.3/s present-gate[point=56.3 ready=0.0 fallback=0.0 inactive=0.0]/s noinfo=0.0/s stale=0.0/s unlearned=0.0/s attempts=0.0/s armed=0.0/s skipped=0.0/s busy=0.0/s arm-reject[state=0.0 request=0.0 refused=0.0 stopping=0.0 res=0.0 size=0.0]/s pool[cap=0.0 family=0.0 create=0.0 alloc=0.0]/s copy-drop[fence=0.0 reset=0.0 begin=0.0 end=0.0 submit=0.0]/s cf[seq=0.0/s idle=0.0/s nrfence=0.0/s] slotbusy=0.0/s copyfence-busy=0.0/s nr-gpuwait=0.0/s flips=0.0/s
21:57:51.292  [fg-relay] rate2: fginput eval=168.8/s index!=1=0.0/s eval-gate[off=0.0 fallback=0.0 notready=0.0 noinput=0.0 noqueue=0.0]/s relay eval=0.0/s consume=0.0/s inplace=0.0/s(ok 0.0/s) unarmed=0.0/s mismatch=0.0/s relbusy=0.0/s relok=0.0/s relfail=0.0/s release-stage[queue=0.0 pool=0.0 fence=0.0 reset=0.0 begin=0.0 end=0.0 submit=0.0]/s watchdog=0.0/s | worker plays=0.0/s ok=0.0/s fail=0.0/s nr_absent=0.0/s copyfail=0.0/s
21:57:51.292  [fg-relay] rate3: arm->arm avg=0.00ms max=0.00ms n=0 | arm->work avg=0.00ms max=0.00ms | arm->eval avg=0.00ms max=0.00ms | copywait avg=0.000ms max=0.000ms | copy-land<= avg=0.00ms max=0.00ms | work avg=0.00ms max=0.00ms | totals armed=0 unarmed=0 skipped=0 busy=0 mismatch=0 copies_failed=0 writes=0 conflicts=0
21:57:51.293  [fg-relay] rate4: throttle depth=1 off=0 | sleep calls=56.3/s waits=0.0/s clear=0.0/s timeouts=0.0/s avg=0.00ms | present calls=56.3/s waits=0.0/s clear=0.0/s timeouts=0.0/s avg=0.00ms | max=0.00ms (process)
21:57:57.463  === Vulkan CreateFeature1 #27  feature_id=18  VkDevice=000000002F1000D0  thread 40064 ===
21:57:57.464  === Vulkan CreateFeature1 #27 returned -1160773630, handle=0000000000000000 ===
21:58:01.184  qpc=4369767511893 [focus-fg] state: enabled=1 hooked=1 foreground=0 minimized=0 hwnd=0000000008660FE6 scope_calls=23268 original_false=21721 kept=21721 presents=23914 FG_evaluates=69802
21:58:06.289  [fg-relay] rate/15.0s p2 import_opt=1: presents=56.3/s present-gate[point=56.3 ready=0.0 fallback=0.0 inactive=0.0]/s noinfo=0.0/s stale=0.0/s unlearned=0.0/s attempts=0.0/s armed=0.0/s skipped=0.0/s busy=0.0/s arm-reject[state=0.0 request=0.0 refused=0.0 stopping=0.0 res=0.0 size=0.0]/s pool[cap=0.0 family=0.0 create=0.0 alloc=0.0]/s copy-drop[fence=0.0 reset=0.0 begin=0.0 end=0.0 submit=0.0]/s cf[seq=0.0/s idle=0.0/s nrfence=0.0/s] slotbusy=0.0/s copyfence-busy=0.0/s nr-gpuwait=0.0/s flips=0.0/s
21:58:06.289  [fg-relay] rate2: fginput eval=168.8/s index!=1=0.0/s eval-gate[off=0.0 fallback=0.0 notready=0.0 noinput=0.0 noqueue=0.0]/s relay eval=0.0/s consume=0.0/s inplace=0.0/s(ok 0.0/s) unarmed=0.0/s mismatch=0.0/s relbusy=0.0/s relok=0.0/s relfail=0.0/s release-stage[queue=0.0 pool=0.0 fence=0.0 reset=0.0 begin=0.0 end=0.0 submit=0.0]/s watchdog=0.0/s | worker plays=0.0/s ok=0.0/s fail=0.0/s nr_absent=0.0/s copyfail=0.0/s
21:58:06.289  [fg-relay] rate3: arm->arm avg=0.00ms max=0.00ms n=0 | arm->work avg=0.00ms max=0.00ms | arm->eval avg=0.00ms max=0.00ms | copywait avg=0.000ms max=0.000ms | copy-land<= avg=0.00ms max=0.00ms | work avg=0.00ms max=0.00ms | totals armed=0 unarmed=0 skipped=0 busy=0 mismatch=0 copies_failed=0 writes=0 conflicts=0
21:58:06.289  [fg-relay] rate4: throttle depth=1 off=0 | sleep calls=56.3/s waits=0.0/s clear=0.0/s timeouts=0.0/s avg=0.00ms | present calls=56.3/s waits=0.0/s clear=0.0/s timeouts=0.0/s avg=0.00ms | max=0.00ms (process)
21:58:18.193  qpc=4369937600488 [focus-fg] state: enabled=1 hooked=1 foreground=0 minimized=0 hwnd=0000000008660FE6 scope_calls=24225 original_false=22678 kept=22678 presents=24871 FG_evaluates=72673
21:58:21.293  [fg-relay] rate/15.0s p2 import_opt=1: presents=56.1/s present-gate[point=56.1 ready=0.0 fallback=0.0 inactive=0.0]/s noinfo=0.0/s stale=0.0/s unlearned=0.0/s attempts=0.0/s armed=0.0/s skipped=0.0/s busy=0.0/s arm-reject[state=0.0 request=0.0 refused=0.0 stopping=0.0 res=0.0 size=0.0]/s pool[cap=0.0 family=0.0 create=0.0 alloc=0.0]/s copy-drop[fence=0.0 reset=0.0 begin=0.0 end=0.0 submit=0.0]/s cf[seq=0.0/s idle=0.0/s nrfence=0.0/s] slotbusy=0.0/s copyfence-busy=0.0/s nr-gpuwait=0.0/s flips=0.0/s
21:58:21.293  [fg-relay] rate2: fginput eval=168.4/s index!=1=0.0/s eval-gate[off=0.0 fallback=0.0 notready=0.0 noinput=0.0 noqueue=0.0]/s relay eval=0.0/s consume=0.0/s inplace=0.0/s(ok 0.0/s) unarmed=0.0/s mismatch=0.0/s relbusy=0.0/s relok=0.0/s relfail=0.0/s release-stage[queue=0.0 pool=0.0 fence=0.0 reset=0.0 begin=0.0 end=0.0 submit=0.0]/s watchdog=0.0/s | worker plays=0.0/s ok=0.0/s fail=0.0/s nr_absent=0.0/s copyfail=0.0/s
21:58:21.293  [fg-relay] rate3: arm->arm avg=0.00ms max=0.00ms n=0 | arm->work avg=0.00ms max=0.00ms | arm->eval avg=0.00ms max=0.00ms | copywait avg=0.000ms max=0.000ms | copy-land<= avg=0.00ms max=0.00ms | work avg=0.00ms max=0.00ms | totals armed=0 unarmed=0 skipped=0 busy=0 mismatch=0 copies_failed=0 writes=0 conflicts=0
21:58:21.293  [fg-relay] rate4: throttle depth=1 off=0 | sleep calls=56.1/s waits=0.0/s clear=0.0/s timeouts=0.0/s avg=0.00ms | present calls=56.1/s waits=0.0/s clear=0.0/s timeouts=0.0/s avg=0.00ms | max=0.00ms (process)
21:58:27.470  === Vulkan CreateFeature1 #28  feature_id=18  VkDevice=000000002F1000D0  thread 40064 ===
21:58:27.470  === Vulkan CreateFeature1 #28 returned -1160773630, handle=0000000000000000 ===
21:58:33.222  qpc=4370087896019 [focus-fg] state: enabled=1 hooked=1 foreground=0 minimized=0 hwnd=0000000008660FE6 scope_calls=25049 original_false=23502 kept=23502 presents=25695 FG_evaluates=75145
21:58:36.295  [fg-relay] rate/15.0s p2 import_opt=1: presents=54.8/s present-gate[point=54.8 ready=0.0 fallback=0.0 inactive=0.0]/s noinfo=0.0/s stale=0.0/s unlearned=0.0/s attempts=0.0/s armed=0.0/s skipped=0.0/s busy=0.0/s arm-reject[state=0.0 request=0.0 refused=0.0 stopping=0.0 res=0.0 size=0.0]/s pool[cap=0.0 family=0.0 create=0.0 alloc=0.0]/s copy-drop[fence=0.0 reset=0.0 begin=0.0 end=0.0 submit=0.0]/s cf[seq=0.0/s idle=0.0/s nrfence=0.0/s] slotbusy=0.0/s copyfence-busy=0.0/s nr-gpuwait=0.0/s flips=0.0/s
21:58:36.295  [fg-relay] rate2: fginput eval=164.4/s index!=1=0.0/s eval-gate[off=0.0 fallback=0.0 notready=0.0 noinput=0.0 noqueue=0.0]/s relay eval=0.0/s consume=0.0/s inplace=0.0/s(ok 0.0/s) unarmed=0.0/s mismatch=0.0/s relbusy=0.0/s relok=0.0/s relfail=0.0/s release-stage[queue=0.0 pool=0.0 fence=0.0 reset=0.0 begin=0.0 end=0.0 submit=0.0]/s watchdog=0.0/s | worker plays=0.0/s ok=0.0/s fail=0.0/s nr_absent=0.0/s copyfail=0.0/s
21:58:36.295  [fg-relay] rate3: arm->arm avg=0.00ms max=0.00ms n=0 | arm->work avg=0.00ms max=0.00ms | arm->eval avg=0.00ms max=0.00ms | copywait avg=0.000ms max=0.000ms | copy-land<= avg=0.00ms max=0.00ms | work avg=0.00ms max=0.00ms | totals armed=0 unarmed=0 skipped=0 busy=0 mismatch=0 copies_failed=0 writes=0 conflicts=0
21:58:36.295  [fg-relay] rate4: throttle depth=1 off=0 | sleep calls=54.8/s waits=0.0/s clear=0.0/s timeouts=0.0/s avg=0.00ms | present calls=54.8/s waits=0.0/s clear=0.0/s timeouts=0.0/s avg=0.00ms | max=0.00ms (process)
21:58:48.247  qpc=4370238144538 [focus-fg] state: enabled=1 hooked=1 foreground=0 minimized=0 hwnd=0000000008660FE6 scope_calls=25874 original_false=24327 kept=24327 presents=26520 FG_evaluates=77620
21:58:51.292  [fg-relay] rate/15.0s p2 import_opt=1: presents=54.7/s present-gate[point=54.7 ready=0.0 fallback=0.0 inactive=0.0]/s noinfo=0.0/s stale=0.0/s unlearned=0.0/s attempts=0.0/s armed=0.0/s skipped=0.0/s busy=0.0/s arm-reject[state=0.0 request=0.0 refused=0.0 stopping=0.0 res=0.0 size=0.0]/s pool[cap=0.0 family=0.0 create=0.0 alloc=0.0]/s copy-drop[fence=0.0 reset=0.0 begin=0.0 end=0.0 submit=0.0]/s cf[seq=0.0/s idle=0.0/s nrfence=0.0/s] slotbusy=0.0/s copyfence-busy=0.0/s nr-gpuwait=0.0/s flips=0.0/s
21:58:51.292  [fg-relay] rate2: fginput eval=164.2/s index!=1=0.0/s eval-gate[off=0.0 fallback=0.0 notready=0.0 noinput=0.0 noqueue=0.0]/s relay eval=0.0/s consume=0.0/s inplace=0.0/s(ok 0.0/s) unarmed=0.0/s mismatch=0.0/s relbusy=0.0/s relok=0.0/s relfail=0.0/s release-stage[queue=0.0 pool=0.0 fence=0.0 reset=0.0 begin=0.0 end=0.0 submit=0.0]/s watchdog=0.0/s | worker plays=0.0/s ok=0.0/s fail=0.0/s nr_absent=0.0/s copyfail=0.0/s
21:58:51.292  [fg-relay] rate3: arm->arm avg=0.00ms max=0.00ms n=0 | arm->work avg=0.00ms max=0.00ms | arm->eval avg=0.00ms max=0.00ms | copywait avg=0.000ms max=0.000ms | copy-land<= avg=0.00ms max=0.00ms | work avg=0.00ms max=0.00ms | totals armed=0 unarmed=0 skipped=0 busy=0 mismatch=0 copies_failed=0 writes=0 conflicts=0
21:58:51.292  [fg-relay] rate4: throttle depth=1 off=0 | sleep calls=54.7/s waits=0.0/s clear=0.0/s timeouts=0.0/s avg=0.00ms | present calls=54.7/s waits=0.0/s clear=0.0/s timeouts=0.0/s avg=0.00ms | max=0.00ms (process)
21:58:57.474  === Vulkan CreateFeature1 #29  feature_id=18  VkDevice=000000002F1000D0  thread 40064 ===
21:58:57.474  === Vulkan CreateFeature1 #29 returned -1160773630, handle=0000000000000000 ===
21:59:03.271  qpc=4370388384438 [focus-fg] state: enabled=1 hooked=1 foreground=0 minimized=0 hwnd=0000000008660FE6 scope_calls=26686 original_false=25139 kept=25139 presents=27332 FG_evaluates=80056
21:59:06.282  [fg-relay] rate/15.0s p2 import_opt=1: presents=54.0/s present-gate[point=54.0 ready=0.0 fallback=0.0 inactive=0.0]/s noinfo=0.0/s stale=0.0/s unlearned=0.0/s attempts=0.0/s armed=0.0/s skipped=0.0/s busy=0.0/s arm-reject[state=0.0 request=0.0 refused=0.0 stopping=0.0 res=0.0 size=0.0]/s pool[cap=0.0 family=0.0 create=0.0 alloc=0.0]/s copy-drop[fence=0.0 reset=0.0 begin=0.0 end=0.0 submit=0.0]/s cf[seq=0.0/s idle=0.0/s nrfence=0.0/s] slotbusy=0.0/s copyfence-busy=0.0/s nr-gpuwait=0.0/s flips=0.0/s
21:59:06.283  [fg-relay] rate2: fginput eval=162.0/s index!=1=0.0/s eval-gate[off=0.0 fallback=0.0 notready=0.0 noinput=0.0 noqueue=0.0]/s relay eval=0.0/s consume=0.0/s inplace=0.0/s(ok 0.0/s) unarmed=0.0/s mismatch=0.0/s relbusy=0.0/s relok=0.0/s relfail=0.0/s release-stage[queue=0.0 pool=0.0 fence=0.0 reset=0.0 begin=0.0 end=0.0 submit=0.0]/s watchdog=0.0/s | worker plays=0.0/s ok=0.0/s fail=0.0/s nr_absent=0.0/s copyfail=0.0/s
21:59:06.283  [fg-relay] rate3: arm->arm avg=0.00ms max=0.00ms n=0 | arm->work avg=0.00ms max=0.00ms | arm->eval avg=0.00ms max=0.00ms | copywait avg=0.000ms max=0.000ms | copy-land<= avg=0.00ms max=0.00ms | work avg=0.00ms max=0.00ms | totals armed=0 unarmed=0 skipped=0 busy=0 mismatch=0 copies_failed=0 writes=0 conflicts=0
21:59:06.283  [fg-relay] rate4: throttle depth=1 off=0 | sleep calls=54.0/s waits=0.0/s clear=0.0/s timeouts=0.0/s avg=0.00ms | present calls=54.0/s waits=0.0/s clear=0.0/s timeouts=0.0/s avg=0.00ms | max=0.00ms (process)
21:59:19.323  qpc=4370548906457 [focus-fg] state: enabled=1 hooked=1 foreground=0 minimized=0 hwnd=0000000008660FE6 scope_calls=27554 original_false=26007 kept=26007 presents=28200 FG_evaluates=82660
21:59:21.295  [fg-relay] rate/15.0s p2 import_opt=1: presents=54.1/s present-gate[point=54.1 ready=0.0 fallback=0.0 inactive=0.0]/s noinfo=0.0/s stale=0.0/s unlearned=0.0/s attempts=0.0/s armed=0.0/s skipped=0.0/s busy=0.0/s arm-reject[state=0.0 request=0.0 refused=0.0 stopping=0.0 res=0.0 size=0.0]/s pool[cap=0.0 family=0.0 create=0.0 alloc=0.0]/s copy-drop[fence=0.0 reset=0.0 begin=0.0 end=0.0 submit=0.0]/s cf[seq=0.0/s idle=0.0/s nrfence=0.0/s] slotbusy=0.0/s copyfence-busy=0.0/s nr-gpuwait=0.0/s flips=0.0/s
21:59:21.295  [fg-relay] rate2: fginput eval=162.4/s index!=1=0.0/s eval-gate[off=0.0 fallback=0.0 notready=0.0 noinput=0.0 noqueue=0.0]/s relay eval=0.0/s consume=0.0/s inplace=0.0/s(ok 0.0/s) unarmed=0.0/s mismatch=0.0/s relbusy=0.0/s relok=0.0/s relfail=0.0/s release-stage[queue=0.0 pool=0.0 fence=0.0 reset=0.0 begin=0.0 end=0.0 submit=0.0]/s watchdog=0.0/s | worker plays=0.0/s ok=0.0/s fail=0.0/s nr_absent=0.0/s copyfail=0.0/s
21:59:21.295  [fg-relay] rate3: arm->arm avg=0.00ms max=0.00ms n=0 | arm->work avg=0.00ms max=0.00ms | arm->eval avg=0.00ms max=0.00ms | copywait avg=0.000ms max=0.000ms | copy-land<= avg=0.00ms max=0.00ms | work avg=0.00ms max=0.00ms | totals armed=0 unarmed=0 skipped=0 busy=0 mismatch=0 copies_failed=0 writes=0 conflicts=0
21:59:21.295  [fg-relay] rate4: throttle depth=1 off=0 | sleep calls=54.1/s waits=0.0/s clear=0.0/s timeouts=0.0/s avg=0.00ms | present calls=54.1/s waits=0.0/s clear=0.0/s timeouts=0.0/s avg=0.00ms | max=0.00ms (process)
21:59:27.476  === Vulkan CreateFeature1 #30  feature_id=18  VkDevice=000000002F1000D0  thread 40064 ===
21:59:27.476  === Vulkan CreateFeature1 #30 returned -1160773630, handle=0000000000000000 ===
21:59:34.383  qpc=4370699501976 [focus-fg] state: enabled=1 hooked=1 foreground=0 minimized=0 hwnd=0000000008660FE6 scope_calls=28371 original_false=26824 kept=26824 presents=29017 FG_evaluates=85111
21:59:36.297  [fg-relay] rate/15.0s p2 import_opt=1: presents=54.3/s present-gate[point=54.3 ready=0.0 fallback=0.0 inactive=0.0]/s noinfo=0.0/s stale=0.0/s unlearned=0.0/s attempts=0.0/s armed=0.0/s skipped=0.0/s busy=0.0/s arm-reject[state=0.0 request=0.0 refused=0.0 stopping=0.0 res=0.0 size=0.0]/s pool[cap=0.0 family=0.0 create=0.0 alloc=0.0]/s copy-drop[fence=0.0 reset=0.0 begin=0.0 end=0.0 submit=0.0]/s cf[seq=0.0/s idle=0.0/s nrfence=0.0/s] slotbusy=0.0/s copyfence-busy=0.0/s nr-gpuwait=0.0/s flips=0.0/s
21:59:36.297  [fg-relay] rate2: fginput eval=162.8/s index!=1=0.0/s eval-gate[off=0.0 fallback=0.0 notready=0.0 noinput=0.0 noqueue=0.0]/s relay eval=0.0/s consume=0.0/s inplace=0.0/s(ok 0.0/s) unarmed=0.0/s mismatch=0.0/s relbusy=0.0/s relok=0.0/s relfail=0.0/s release-stage[queue=0.0 pool=0.0 fence=0.0 reset=0.0 begin=0.0 end=0.0 submit=0.0]/s watchdog=0.0/s | worker plays=0.0/s ok=0.0/s fail=0.0/s nr_absent=0.0/s copyfail=0.0/s
21:59:36.298  [fg-relay] rate3: arm->arm avg=0.00ms max=0.00ms n=0 | arm->work avg=0.00ms max=0.00ms | arm->eval avg=0.00ms max=0.00ms | copywait avg=0.000ms max=0.000ms | copy-land<= avg=0.00ms max=0.00ms | work avg=0.00ms max=0.00ms | totals armed=0 unarmed=0 skipped=0 busy=0 mismatch=0 copies_failed=0 writes=0 conflicts=0
21:59:36.298  [fg-relay] rate4: throttle depth=1 off=0 | sleep calls=54.3/s waits=0.0/s clear=0.0/s timeouts=0.0/s avg=0.00ms | present calls=54.3/s waits=0.0/s clear=0.0/s timeouts=0.0/s avg=0.00ms | max=0.00ms (process)
21:59:51.314  [fg-relay] rate/15.0s p2 import_opt=1: presents=54.2/s present-gate[point=54.2 ready=0.0 fallback=0.0 inactive=0.0]/s noinfo=0.0/s stale=0.0/s unlearned=0.0/s attempts=0.0/s armed=0.0/s skipped=0.0/s busy=0.0/s arm-reject[state=0.0 request=0.0 refused=0.0 stopping=0.0 res=0.0 size=0.0]/s pool[cap=0.0 family=0.0 create=0.0 alloc=0.0]/s copy-drop[fence=0.0 reset=0.0 begin=0.0 end=0.0 submit=0.0]/s cf[seq=0.0/s idle=0.0/s nrfence=0.0/s] slotbusy=0.0/s copyfence-busy=0.0/s nr-gpuwait=0.0/s flips=0.0/s
21:59:51.314  [fg-relay] rate2: fginput eval=162.6/s index!=1=0.0/s eval-gate[off=0.0 fallback=0.0 notready=0.0 noinput=0.0 noqueue=0.0]/s relay eval=0.0/s consume=0.0/s inplace=0.0/s(ok 0.0/s) unarmed=0.0/s mismatch=0.0/s relbusy=0.0/s relok=0.0/s relfail=0.0/s release-stage[queue=0.0 pool=0.0 fence=0.0 reset=0.0 begin=0.0 end=0.0 submit=0.0]/s watchdog=0.0/s | worker plays=0.0/s ok=0.0/s fail=0.0/s nr_absent=0.0/s copyfail=0.0/s
21:59:51.314  [fg-relay] rate3: arm->arm avg=0.00ms max=0.00ms n=0 | arm->work avg=0.00ms max=0.00ms | arm->eval avg=0.00ms max=0.00ms | copywait avg=0.000ms max=0.000ms | copy-land<= avg=0.00ms max=0.00ms | work avg=0.00ms max=0.00ms | totals armed=0 unarmed=0 skipped=0 busy=0 mismatch=0 copies_failed=0 writes=0 conflicts=0
21:59:51.314  [fg-relay] rate4: throttle depth=1 off=0 | sleep calls=54.2/s waits=0.0/s clear=0.0/s timeouts=0.0/s avg=0.00ms | present calls=54.2/s waits=0.0/s clear=0.0/s timeouts=0.0/s avg=0.00ms | max=0.00ms (process)
21:59:51.428  qpc=4370869949827 [focus-fg] state: enabled=1 hooked=1 foreground=0 minimized=0 hwnd=0000000008660FE6 scope_calls=29296 original_false=27749 kept=27749 presents=29942 FG_evaluates=87886
21:59:57.489  === Vulkan CreateFeature1 #31  feature_id=18  VkDevice=000000002F1000D0  thread 40064 ===
21:59:57.490  === Vulkan CreateFeature1 #31 returned -1160773630, handle=0000000000000000 ===
22:00:06.327  [fg-relay] rate/15.0s p2 import_opt=1: presents=54.1/s present-gate[point=54.1 ready=0.0 fallback=0.0 inactive=0.0]/s noinfo=0.0/s stale=0.0/s unlearned=0.0/s attempts=0.0/s armed=0.0/s skipped=0.0/s busy=0.0/s arm-reject[state=0.0 request=0.0 refused=0.0 stopping=0.0 res=0.0 size=0.0]/s pool[cap=0.0 family=0.0 create=0.0 alloc=0.0]/s copy-drop[fence=0.0 reset=0.0 begin=0.0 end=0.0 submit=0.0]/s cf[seq=0.0/s idle=0.0/s nrfence=0.0/s] slotbusy=0.0/s copyfence-busy=0.0/s nr-gpuwait=0.0/s flips=0.0/s
22:00:06.328  [fg-relay] rate2: fginput eval=162.2/s index!=1=0.0/s eval-gate[off=0.0 fallback=0.0 notready=0.0 noinput=0.0 noqueue=0.0]/s relay eval=0.0/s consume=0.0/s inplace=0.0/s(ok 0.0/s) unarmed=0.0/s mismatch=0.0/s relbusy=0.0/s relok=0.0/s relfail=0.0/s release-stage[queue=0.0 pool=0.0 fence=0.0 reset=0.0 begin=0.0 end=0.0 submit=0.0]/s watchdog=0.0/s | worker plays=0.0/s ok=0.0/s fail=0.0/s nr_absent=0.0/s copyfail=0.0/s
22:00:06.328  [fg-relay] rate3: arm->arm avg=0.00ms max=0.00ms n=0 | arm->work avg=0.00ms max=0.00ms | arm->eval avg=0.00ms max=0.00ms | copywait avg=0.000ms max=0.000ms | copy-land<= avg=0.00ms max=0.00ms | work avg=0.00ms max=0.00ms | totals armed=0 unarmed=0 skipped=0 busy=0 mismatch=0 copies_failed=0 writes=0 conflicts=0
22:00:06.328  [fg-relay] rate4: throttle depth=1 off=0 | sleep calls=54.1/s waits=0.0/s clear=0.0/s timeouts=0.0/s avg=0.00ms | present calls=54.1/s waits=0.0/s clear=0.0/s timeouts=0.0/s avg=0.00ms | max=0.00ms (process)
22:00:08.473  qpc=4371040409285 [focus-fg] state: enabled=1 hooked=1 foreground=0 minimized=0 hwnd=0000000008660FE6 scope_calls=30217 original_false=28670 kept=28670 presents=30863 FG_evaluates=90649
22:00:21.328  [fg-relay] rate/15.0s p2 import_opt=1: presents=54.0/s present-gate[point=54.0 ready=0.0 fallback=0.0 inactive=0.0]/s noinfo=0.0/s stale=0.0/s unlearned=0.0/s attempts=0.0/s armed=0.0/s skipped=0.0/s busy=0.0/s arm-reject[state=0.0 request=0.0 refused=0.0 stopping=0.0 res=0.0 size=0.0]/s pool[cap=0.0 family=0.0 create=0.0 alloc=0.0]/s copy-drop[fence=0.0 reset=0.0 begin=0.0 end=0.0 submit=0.0]/s cf[seq=0.0/s idle=0.0/s nrfence=0.0/s] slotbusy=0.0/s copyfence-busy=0.0/s nr-gpuwait=0.0/s flips=0.0/s
22:00:21.329  [fg-relay] rate2: fginput eval=162.0/s index!=1=0.0/s eval-gate[off=0.0 fallback=0.0 notready=0.0 noinput=0.0 noqueue=0.0]/s relay eval=0.0/s consume=0.0/s inplace=0.0/s(ok 0.0/s) unarmed=0.0/s mismatch=0.0/s relbusy=0.0/s relok=0.0/s relfail=0.0/s release-stage[queue=0.0 pool=0.0 fence=0.0 reset=0.0 begin=0.0 end=0.0 submit=0.0]/s watchdog=0.0/s | worker plays=0.0/s ok=0.0/s fail=0.0/s nr_absent=0.0/s copyfail=0.0/s
22:00:21.329  [fg-relay] rate3: arm->arm avg=0.00ms max=0.00ms n=0 | arm->work avg=0.00ms max=0.00ms | arm->eval avg=0.00ms max=0.00ms | copywait avg=0.000ms max=0.000ms | copy-land<= avg=0.00ms max=0.00ms | work avg=0.00ms max=0.00ms | totals armed=0 unarmed=0 skipped=0 busy=0 mismatch=0 copies_failed=0 writes=0 conflicts=0
22:00:21.329  [fg-relay] rate4: throttle depth=1 off=0 | sleep calls=54.0/s waits=0.0/s clear=0.0/s timeouts=0.0/s avg=0.00ms | present calls=54.0/s waits=0.0/s clear=0.0/s timeouts=0.0/s avg=0.00ms | max=0.00ms (process)
22:00:24.495  qpc=4371200624495 [focus-fg] state: enabled=1 hooked=1 foreground=0 minimized=0 hwnd=0000000008660FE6 scope_calls=31083 original_false=29536 kept=29536 presents=31729 FG_evaluates=93247
22:00:27.495  === Vulkan CreateFeature1 #32  feature_id=18  VkDevice=000000002F1000D0  thread 40064 ===
22:00:27.495  === Vulkan CreateFeature1 #32 returned -1160773630, handle=0000000000000000 ===
22:00:36.336  [fg-relay] rate/15.0s p2 import_opt=1: presents=53.9/s present-gate[point=53.9 ready=0.0 fallback=0.0 inactive=0.0]/s noinfo=0.0/s stale=0.0/s unlearned=0.0/s attempts=0.0/s armed=0.0/s skipped=0.0/s busy=0.0/s arm-reject[state=0.0 request=0.0 refused=0.0 stopping=0.0 res=0.0 size=0.0]/s pool[cap=0.0 family=0.0 create=0.0 alloc=0.0]/s copy-drop[fence=0.0 reset=0.0 begin=0.0 end=0.0 submit=0.0]/s cf[seq=0.0/s idle=0.0/s nrfence=0.0/s] slotbusy=0.0/s copyfence-busy=0.0/s nr-gpuwait=0.0/s flips=0.0/s
22:00:36.337  [fg-relay] rate2: fginput eval=161.7/s index!=1=0.0/s eval-gate[off=0.0 fallback=0.0 notready=0.0 noinput=0.0 noqueue=0.0]/s relay eval=0.0/s consume=0.0/s inplace=0.0/s(ok 0.0/s) unarmed=0.0/s mismatch=0.0/s relbusy=0.0/s relok=0.0/s relfail=0.0/s release-stage[queue=0.0 pool=0.0 fence=0.0 reset=0.0 begin=0.0 end=0.0 submit=0.0]/s watchdog=0.0/s | worker plays=0.0/s ok=0.0/s fail=0.0/s nr_absent=0.0/s copyfail=0.0/s
22:00:36.337  [fg-relay] rate3: arm->arm avg=0.00ms max=0.00ms n=0 | arm->work avg=0.00ms max=0.00ms | arm->eval avg=0.00ms max=0.00ms | copywait avg=0.000ms max=0.000ms | copy-land<= avg=0.00ms max=0.00ms | work avg=0.00ms max=0.00ms | totals armed=0 unarmed=0 skipped=0 busy=0 mismatch=0 copies_failed=0 writes=0 conflicts=0
22:00:36.337  [fg-relay] rate4: throttle depth=1 off=0 | sleep calls=53.9/s waits=0.0/s clear=0.0/s timeouts=0.0/s avg=0.00ms | present calls=53.9/s waits=0.0/s clear=0.0/s timeouts=0.0/s avg=0.00ms | max=0.00ms (process)
22:00:41.568  qpc=4371371349371 [focus-fg] state: enabled=1 hooked=1 foreground=0 minimized=0 hwnd=0000000008660FE6 scope_calls=32000 original_false=30453 kept=30453 presents=32646 FG_evaluates=95998
22:00:51.337  [fg-relay] rate/15.0s p2 import_opt=1: presents=53.7/s present-gate[point=53.7 ready=0.0 fallback=0.0 inactive=0.0]/s noinfo=0.0/s stale=0.0/s unlearned=0.0/s attempts=0.0/s armed=0.0/s skipped=0.0/s busy=0.0/s arm-reject[state=0.0 request=0.0 refused=0.0 stopping=0.0 res=0.0 size=0.0]/s pool[cap=0.0 family=0.0 create=0.0 alloc=0.0]/s copy-drop[fence=0.0 reset=0.0 begin=0.0 end=0.0 submit=0.0]/s cf[seq=0.0/s idle=0.0/s nrfence=0.0/s] slotbusy=0.0/s copyfence-busy=0.0/s nr-gpuwait=0.0/s flips=0.0/s
22:00:51.338  [fg-relay] rate2: fginput eval=161.2/s index!=1=0.0/s eval-gate[off=0.0 fallback=0.0 notready=0.0 noinput=0.0 noqueue=0.0]/s relay eval=0.0/s consume=0.0/s inplace=0.0/s(ok 0.0/s) unarmed=0.0/s mismatch=0.0/s relbusy=0.0/s relok=0.0/s relfail=0.0/s release-stage[queue=0.0 pool=0.0 fence=0.0 reset=0.0 begin=0.0 end=0.0 submit=0.0]/s watchdog=0.0/s | worker plays=0.0/s ok=0.0/s fail=0.0/s nr_absent=0.0/s copyfail=0.0/s
22:00:51.338  [fg-relay] rate3: arm->arm avg=0.00ms max=0.00ms n=0 | arm->work avg=0.00ms max=0.00ms | arm->eval avg=0.00ms max=0.00ms | copywait avg=0.000ms max=0.000ms | copy-land<= avg=0.00ms max=0.00ms | work avg=0.00ms max=0.00ms | totals armed=0 unarmed=0 skipped=0 busy=0 mismatch=0 copies_failed=0 writes=0 conflicts=0
22:00:51.338  [fg-relay] rate4: throttle depth=1 off=0 | sleep calls=53.7/s waits=0.0/s clear=0.0/s timeouts=0.0/s avg=0.00ms | present calls=53.7/s waits=0.0/s clear=0.0/s timeouts=0.0/s avg=0.00ms | max=0.00ms (process)
22:00:57.503  === Vulkan CreateFeature1 #33  feature_id=18  VkDevice=000000002F1000D0  thread 40064 ===
22:00:57.503  === Vulkan CreateFeature1 #33 returned -1160773630, handle=0000000000000000 ===
22:00:59.659  qpc=4371552267977 [focus-fg] state: enabled=1 hooked=1 foreground=0 minimized=0 hwnd=0000000008660FE6 scope_calls=32977 original_false=31430 kept=31430 presents=33623 FG_evaluates=98929
22:01:06.340  [fg-relay] rate/15.0s p2 import_opt=1: presents=54.3/s present-gate[point=54.3 ready=0.0 fallback=0.0 inactive=0.0]/s noinfo=0.0/s stale=0.0/s unlearned=0.0/s attempts=0.0/s armed=0.0/s skipped=0.0/s busy=0.0/s arm-reject[state=0.0 request=0.0 refused=0.0 stopping=0.0 res=0.0 size=0.0]/s pool[cap=0.0 family=0.0 create=0.0 alloc=0.0]/s copy-drop[fence=0.0 reset=0.0 begin=0.0 end=0.0 submit=0.0]/s cf[seq=0.0/s idle=0.0/s nrfence=0.0/s] slotbusy=0.0/s copyfence-busy=0.0/s nr-gpuwait=0.0/s flips=0.0/s
22:01:06.340  [fg-relay] rate2: fginput eval=162.7/s index!=1=0.0/s eval-gate[off=0.0 fallback=0.0 notready=0.0 noinput=0.0 noqueue=0.0]/s relay eval=0.0/s consume=0.0/s inplace=0.0/s(ok 0.0/s) unarmed=0.0/s mismatch=0.0/s relbusy=0.0/s relok=0.0/s relfail=0.0/s release-stage[queue=0.0 pool=0.0 fence=0.0 reset=0.0 begin=0.0 end=0.0 submit=0.0]/s watchdog=0.0/s | worker plays=0.0/s ok=0.0/s fail=0.0/s nr_absent=0.0/s copyfail=0.0/s
22:01:06.340  [fg-relay] rate3: arm->arm avg=0.00ms max=0.00ms n=0 | arm->work avg=0.00ms max=0.00ms | arm->eval avg=0.00ms max=0.00ms | copywait avg=0.000ms max=0.000ms | copy-land<= avg=0.00ms max=0.00ms | work avg=0.00ms max=0.00ms | totals armed=0 unarmed=0 skipped=0 busy=0 mismatch=0 copies_failed=0 writes=0 conflicts=0
22:01:06.340  [fg-relay] rate4: throttle depth=1 off=0 | sleep calls=54.3/s waits=0.0/s clear=0.0/s timeouts=0.0/s avg=0.00ms | present calls=54.3/s waits=0.0/s clear=0.0/s timeouts=0.0/s avg=0.00ms | max=0.00ms (process)
22:01:16.692  qpc=4371722595131 [focus-fg] state: enabled=1 hooked=1 foreground=0 minimized=0 hwnd=0000000008660FE6 scope_calls=33908 original_false=32361 kept=32361 presents=34554 FG_evaluates=101722
22:01:21.338  [fg-relay] rate/15.0s p2 import_opt=1: presents=54.7/s present-gate[point=54.7 ready=0.0 fallback=0.0 inactive=0.0]/s noinfo=0.0/s stale=0.0/s unlearned=0.0/s attempts=0.0/s armed=0.0/s skipped=0.0/s busy=0.0/s arm-reject[state=0.0 request=0.0 refused=0.0 stopping=0.0 res=0.0 size=0.0]/s pool[cap=0.0 family=0.0 create=0.0 alloc=0.0]/s copy-drop[fence=0.0 reset=0.0 begin=0.0 end=0.0 submit=0.0]/s cf[seq=0.0/s idle=0.0/s nrfence=0.0/s] slotbusy=0.0/s copyfence-busy=0.0/s nr-gpuwait=0.0/s flips=0.0/s
22:01:21.339  [fg-relay] rate2: fginput eval=164.0/s index!=1=0.0/s eval-gate[off=0.0 fallback=0.0 notready=0.0 noinput=0.0 noqueue=0.0]/s relay eval=0.0/s consume=0.0/s inplace=0.0/s(ok 0.0/s) unarmed=0.0/s mismatch=0.0/s relbusy=0.0/s relok=0.0/s relfail=0.0/s release-stage[queue=0.0 pool=0.0 fence=0.0 reset=0.0 begin=0.0 end=0.0 submit=0.0]/s watchdog=0.0/s | worker plays=0.0/s ok=0.0/s fail=0.0/s nr_absent=0.0/s copyfail=0.0/s
22:01:21.339  [fg-relay] rate3: arm->arm avg=0.00ms max=0.00ms n=0 | arm->work avg=0.00ms max=0.00ms | arm->eval avg=0.00ms max=0.00ms | copywait avg=0.000ms max=0.000ms | copy-land<= avg=0.00ms max=0.00ms | work avg=0.00ms max=0.00ms | totals armed=0 unarmed=0 skipped=0 busy=0 mismatch=0 copies_failed=0 writes=0 conflicts=0
22:01:21.339  [fg-relay] rate4: throttle depth=1 off=0 | sleep calls=54.7/s waits=0.0/s clear=0.0/s timeouts=0.0/s avg=0.00ms | present calls=54.7/s waits=0.0/s clear=0.0/s timeouts=0.0/s avg=0.00ms | max=0.00ms (process)
22:01:27.510  === Vulkan CreateFeature1 #34  feature_id=18  VkDevice=000000002F1000D0  thread 40064 ===
22:01:27.510  === Vulkan CreateFeature1 #34 returned -1160773630, handle=0000000000000000 ===
22:01:34.725  qpc=4371902926743 [focus-fg] state: enabled=1 hooked=1 foreground=0 minimized=0 hwnd=0000000008660FE6 scope_calls=34891 original_false=33344 kept=33344 presents=35537 FG_evaluates=104671
22:01:36.328  [fg-relay] rate/15.0s p2 import_opt=1: presents=54.5/s present-gate[point=54.5 ready=0.0 fallback=0.0 inactive=0.0]/s noinfo=0.0/s stale=0.0/s unlearned=0.0/s attempts=0.0/s armed=0.0/s skipped=0.0/s busy=0.0/s arm-reject[state=0.0 request=0.0 refused=0.0 stopping=0.0 res=0.0 size=0.0]/s pool[cap=0.0 family=0.0 create=0.0 alloc=0.0]/s copy-drop[fence=0.0 reset=0.0 begin=0.0 end=0.0 submit=0.0]/s cf[seq=0.0/s idle=0.0/s nrfence=0.0/s] slotbusy=0.0/s copyfence-busy=0.0/s nr-gpuwait=0.0/s flips=0.0/s
22:01:36.329  [fg-relay] rate2: fginput eval=163.6/s index!=1=0.0/s eval-gate[off=0.0 fallback=0.0 notready=0.0 noinput=0.0 noqueue=0.0]/s relay eval=0.0/s consume=0.0/s inplace=0.0/s(ok 0.0/s) unarmed=0.0/s mismatch=0.0/s relbusy=0.0/s relok=0.0/s relfail=0.0/s release-stage[queue=0.0 pool=0.0 fence=0.0 reset=0.0 begin=0.0 end=0.0 submit=0.0]/s watchdog=0.0/s | worker plays=0.0/s ok=0.0/s fail=0.0/s nr_absent=0.0/s copyfail=0.0/s
22:01:36.329  [fg-relay] rate3: arm->arm avg=0.00ms max=0.00ms n=0 | arm->work avg=0.00ms max=0.00ms | arm->eval avg=0.00ms max=0.00ms | copywait avg=0.000ms max=0.000ms | copy-land<= avg=0.00ms max=0.00ms | work avg=0.00ms max=0.00ms | totals armed=0 unarmed=0 skipped=0 busy=0 mismatch=0 copies_failed=0 writes=0 conflicts=0
22:01:36.329  [fg-relay] rate4: throttle depth=1 off=0 | sleep calls=54.5/s waits=0.0/s clear=0.0/s timeouts=0.0/s avg=0.00ms | present calls=54.5/s waits=0.0/s clear=0.0/s timeouts=0.0/s avg=0.00ms | max=0.00ms (process)
22:01:50.736  qpc=4372063028120 [focus-fg] state: enabled=1 hooked=1 foreground=0 minimized=0 hwnd=0000000008660FE6 scope_calls=35762 original_false=34215 kept=34215 presents=36408 FG_evaluates=107284
22:01:51.346  [fg-relay] rate/15.0s p2 import_opt=1: presents=54.3/s present-gate[point=54.3 ready=0.0 fallback=0.0 inactive=0.0]/s noinfo=0.0/s stale=0.0/s unlearned=0.0/s attempts=0.0/s armed=0.0/s skipped=0.0/s busy=0.0/s arm-reject[state=0.0 request=0.0 refused=0.0 stopping=0.0 res=0.0 size=0.0]/s pool[cap=0.0 family=0.0 create=0.0 alloc=0.0]/s copy-drop[fence=0.0 reset=0.0 begin=0.0 end=0.0 submit=0.0]/s cf[seq=0.0/s idle=0.0/s nrfence=0.0/s] slotbusy=0.0/s copyfence-busy=0.0/s nr-gpuwait=0.0/s flips=0.0/s
22:01:51.346  [fg-relay] rate2: fginput eval=163.0/s index!=1=0.0/s eval-gate[off=0.0 fallback=0.0 notready=0.0 noinput=0.0 noqueue=0.0]/s relay eval=0.0/s consume=0.0/s inplace=0.0/s(ok 0.0/s) unarmed=0.0/s mismatch=0.0/s relbusy=0.0/s relok=0.0/s relfail=0.0/s release-stage[queue=0.0 pool=0.0 fence=0.0 reset=0.0 begin=0.0 end=0.0 submit=0.0]/s watchdog=0.0/s | worker plays=0.0/s ok=0.0/s fail=0.0/s nr_absent=0.0/s copyfail=0.0/s
22:01:51.346  [fg-relay] rate3: arm->arm avg=0.00ms max=0.00ms n=0 | arm->work avg=0.00ms max=0.00ms | arm->eval avg=0.00ms max=0.00ms | copywait avg=0.000ms max=0.000ms | copy-land<= avg=0.00ms max=0.00ms | work avg=0.00ms max=0.00ms | totals armed=0 unarmed=0 skipped=0 busy=0 mismatch=0 copies_failed=0 writes=0 conflicts=0
22:01:51.346  [fg-relay] rate4: throttle depth=1 off=0 | sleep calls=54.3/s waits=0.0/s clear=0.0/s timeouts=0.0/s avg=0.00ms | present calls=54.3/s waits=0.0/s clear=0.0/s timeouts=0.0/s avg=0.00ms | max=0.00ms (process)
22:01:57.528  === Vulkan CreateFeature1 #35  feature_id=18  VkDevice=000000002F1000D0  thread 40064 ===
22:01:57.528  === Vulkan CreateFeature1 #35 returned -1160773630, handle=0000000000000000 ===
22:02:06.354  [fg-relay] rate/15.0s p2 import_opt=1: presents=54.7/s present-gate[point=54.7 ready=0.0 fallback=0.0 inactive=0.0]/s noinfo=0.0/s stale=0.0/s unlearned=0.0/s attempts=0.0/s armed=0.0/s skipped=0.0/s busy=0.0/s arm-reject[state=0.0 request=0.0 refused=0.0 stopping=0.0 res=0.0 size=0.0]/s pool[cap=0.0 family=0.0 create=0.0 alloc=0.0]/s copy-drop[fence=0.0 reset=0.0 begin=0.0 end=0.0 submit=0.0]/s cf[seq=0.0/s idle=0.0/s nrfence=0.0/s] slotbusy=0.0/s copyfence-busy=0.0/s nr-gpuwait=0.0/s flips=0.0/s
22:02:06.354  [fg-relay] rate2: fginput eval=164.2/s index!=1=0.0/s eval-gate[off=0.0 fallback=0.0 notready=0.0 noinput=0.0 noqueue=0.0]/s relay eval=0.0/s consume=0.0/s inplace=0.0/s(ok 0.0/s) unarmed=0.0/s mismatch=0.0/s relbusy=0.0/s relok=0.0/s relfail=0.0/s release-stage[queue=0.0 pool=0.0 fence=0.0 reset=0.0 begin=0.0 end=0.0 submit=0.0]/s watchdog=0.0/s | worker plays=0.0/s ok=0.0/s fail=0.0/s nr_absent=0.0/s copyfail=0.0/s
22:02:06.355  [fg-relay] rate3: arm->arm avg=0.00ms max=0.00ms n=0 | arm->work avg=0.00ms max=0.00ms | arm->eval avg=0.00ms max=0.00ms | copywait avg=0.000ms max=0.000ms | copy-land<= avg=0.00ms max=0.00ms | work avg=0.00ms max=0.00ms | totals armed=0 unarmed=0 skipped=0 busy=0 mismatch=0 copies_failed=0 writes=0 conflicts=0
22:02:06.355  [fg-relay] rate4: throttle depth=1 off=0 | sleep calls=54.7/s waits=0.0/s clear=0.0/s timeouts=0.0/s avg=0.00ms | present calls=54.7/s waits=0.0/s clear=0.0/s timeouts=0.0/s avg=0.00ms | max=0.00ms (process)
22:02:09.724  qpc=4372252911661 [focus-fg] state: enabled=1 hooked=1 foreground=0 minimized=0 hwnd=0000000008660FE6 scope_calls=36800 original_false=35253 kept=35253 presents=37446 FG_evaluates=110398
22:02:21.349  [fg-relay] rate/15.0s p2 import_opt=1: presents=54.7/s present-gate[point=54.7 ready=0.0 fallback=0.0 inactive=0.0]/s noinfo=0.0/s stale=0.0/s unlearned=0.0/s attempts=0.0/s armed=0.0/s skipped=0.0/s busy=0.0/s arm-reject[state=0.0 request=0.0 refused=0.0 stopping=0.0 res=0.0 size=0.0]/s pool[cap=0.0 family=0.0 create=0.0 alloc=0.0]/s copy-drop[fence=0.0 reset=0.0 begin=0.0 end=0.0 submit=0.0]/s cf[seq=0.0/s idle=0.0/s nrfence=0.0/s] slotbusy=0.0/s copyfence-busy=0.0/s nr-gpuwait=0.0/s flips=0.0/s
22:02:21.349  [fg-relay] rate2: fginput eval=164.2/s index!=1=0.0/s eval-gate[off=0.0 fallback=0.0 notready=0.0 noinput=0.0 noqueue=0.0]/s relay eval=0.0/s consume=0.0/s inplace=0.0/s(ok 0.0/s) unarmed=0.0/s mismatch=0.0/s relbusy=0.0/s relok=0.0/s relfail=0.0/s release-stage[queue=0.0 pool=0.0 fence=0.0 reset=0.0 begin=0.0 end=0.0 submit=0.0]/s watchdog=0.0/s | worker plays=0.0/s ok=0.0/s fail=0.0/s nr_absent=0.0/s copyfail=0.0/s
22:02:21.349  [fg-relay] rate3: arm->arm avg=0.00ms max=0.00ms n=0 | arm->work avg=0.00ms max=0.00ms | arm->eval avg=0.00ms max=0.00ms | copywait avg=0.000ms max=0.000ms | copy-land<= avg=0.00ms max=0.00ms | work avg=0.00ms max=0.00ms | totals armed=0 unarmed=0 skipped=0 busy=0 mismatch=0 copies_failed=0 writes=0 conflicts=0
22:02:21.350  [fg-relay] rate4: throttle depth=1 off=0 | sleep calls=54.7/s waits=0.0/s clear=0.0/s timeouts=0.0/s avg=0.00ms | present calls=54.7/s waits=0.0/s clear=0.0/s timeouts=0.0/s avg=0.00ms | max=0.00ms (process)
22:02:25.781  qpc=4372413486351 [focus-fg] state: enabled=1 hooked=1 foreground=0 minimized=0 hwnd=0000000008660FE6 scope_calls=37678 original_false=36131 kept=36131 presents=38324 FG_evaluates=113032
22:02:27.530  === Vulkan CreateFeature1 #36  feature_id=18  VkDevice=000000002F1000D0  thread 40064 ===
22:02:27.530  === Vulkan CreateFeature1 #36 returned -1160773630, handle=0000000000000000 ===
22:02:36.345  [fg-relay] rate/15.0s p2 import_opt=1: presents=54.4/s present-gate[point=54.4 ready=0.0 fallback=0.0 inactive=0.0]/s noinfo=0.0/s stale=0.0/s unlearned=0.0/s attempts=0.0/s armed=0.0/s skipped=0.0/s busy=0.0/s arm-reject[state=0.0 request=0.0 refused=0.0 stopping=0.0 res=0.0 size=0.0]/s pool[cap=0.0 family=0.0 create=0.0 alloc=0.0]/s copy-drop[fence=0.0 reset=0.0 begin=0.0 end=0.0 submit=0.0]/s cf[seq=0.0/s idle=0.0/s nrfence=0.0/s] slotbusy=0.0/s copyfence-busy=0.0/s nr-gpuwait=0.0/s flips=0.0/s
22:02:36.345  [fg-relay] rate2: fginput eval=163.2/s index!=1=0.0/s eval-gate[off=0.0 fallback=0.0 notready=0.0 noinput=0.0 noqueue=0.0]/s relay eval=0.0/s consume=0.0/s inplace=0.0/s(ok 0.0/s) unarmed=0.0/s mismatch=0.0/s relbusy=0.0/s relok=0.0/s relfail=0.0/s release-stage[queue=0.0 pool=0.0 fence=0.0 reset=0.0 begin=0.0 end=0.0 submit=0.0]/s watchdog=0.0/s | worker plays=0.0/s ok=0.0/s fail=0.0/s nr_absent=0.0/s copyfail=0.0/s
22:02:36.345  [fg-relay] rate3: arm->arm avg=0.00ms max=0.00ms n=0 | arm->work avg=0.00ms max=0.00ms | arm->eval avg=0.00ms max=0.00ms | copywait avg=0.000ms max=0.000ms | copy-land<= avg=0.00ms max=0.00ms | work avg=0.00ms max=0.00ms | totals armed=0 unarmed=0 skipped=0 busy=0 mismatch=0 copies_failed=0 writes=0 conflicts=0
22:02:36.345  [fg-relay] rate4: throttle depth=1 off=0 | sleep calls=54.4/s waits=0.0/s clear=0.0/s timeouts=0.0/s avg=0.00ms | present calls=54.4/s waits=0.0/s clear=0.0/s timeouts=0.0/s avg=0.00ms | max=0.00ms (process)
22:02:43.807  qpc=4372593743840 [focus-fg] state: enabled=1 hooked=1 foreground=0 minimized=0 hwnd=0000000008660FE6 scope_calls=38660 original_false=37113 kept=37113 presents=39306 FG_evaluates=115978
22:02:51.357  [fg-relay] rate/15.0s p2 import_opt=1: presents=54.5/s present-gate[point=54.5 ready=0.0 fallback=0.0 inactive=0.0]/s noinfo=0.0/s stale=0.0/s unlearned=0.0/s attempts=0.0/s armed=0.0/s skipped=0.0/s busy=0.0/s arm-reject[state=0.0 request=0.0 refused=0.0 stopping=0.0 res=0.0 size=0.0]/s pool[cap=0.0 family=0.0 create=0.0 alloc=0.0]/s copy-drop[fence=0.0 reset=0.0 begin=0.0 end=0.0 submit=0.0]/s cf[seq=0.0/s idle=0.0/s nrfence=0.0/s] slotbusy=0.0/s copyfence-busy=0.0/s nr-gpuwait=0.0/s flips=0.0/s
22:02:51.357  [fg-relay] rate2: fginput eval=163.6/s index!=1=0.0/s eval-gate[off=0.0 fallback=0.0 notready=0.0 noinput=0.0 noqueue=0.0]/s relay eval=0.0/s consume=0.0/s inplace=0.0/s(ok 0.0/s) unarmed=0.0/s mismatch=0.0/s relbusy=0.0/s relok=0.0/s relfail=0.0/s release-stage[queue=0.0 pool=0.0 fence=0.0 reset=0.0 begin=0.0 end=0.0 submit=0.0]/s watchdog=0.0/s | worker plays=0.0/s ok=0.0/s fail=0.0/s nr_absent=0.0/s copyfail=0.0/s
22:02:51.358  [fg-relay] rate3: arm->arm avg=0.00ms max=0.00ms n=0 | arm->work avg=0.00ms max=0.00ms | arm->eval avg=0.00ms max=0.00ms | copywait avg=0.000ms max=0.000ms | copy-land<= avg=0.00ms max=0.00ms | work avg=0.00ms max=0.00ms | totals armed=0 unarmed=0 skipped=0 busy=0 mismatch=0 copies_failed=0 writes=0 conflicts=0
22:02:51.358  [fg-relay] rate4: throttle depth=1 off=0 | sleep calls=54.5/s waits=0.0/s clear=0.0/s timeouts=0.0/s avg=0.00ms | present calls=54.5/s waits=0.0/s clear=0.0/s timeouts=0.0/s avg=0.00ms | max=0.00ms (process)
22:02:57.538  === Vulkan CreateFeature1 #37  feature_id=18  VkDevice=000000002F1000D0  thread 40064 ===
22:02:57.538  === Vulkan CreateFeature1 #37 returned -1160773630, handle=0000000000000000 ===
22:03:02.845  qpc=4372784121926 [focus-fg] state: enabled=1 hooked=1 foreground=0 minimized=0 hwnd=0000000008660FE6 scope_calls=39696 original_false=38149 kept=38149 presents=40342 FG_evaluates=119086
22:03:06.355  [fg-relay] rate/15.0s p2 import_opt=1: presents=54.3/s present-gate[point=54.3 ready=0.0 fallback=0.0 inactive=0.0]/s noinfo=0.0/s stale=0.0/s unlearned=0.0/s attempts=0.0/s armed=0.0/s skipped=0.0/s busy=0.0/s arm-reject[state=0.0 request=0.0 refused=0.0 stopping=0.0 res=0.0 size=0.0]/s pool[cap=0.0 family=0.0 create=0.0 alloc=0.0]/s copy-drop[fence=0.0 reset=0.0 begin=0.0 end=0.0 submit=0.0]/s cf[seq=0.0/s idle=0.0/s nrfence=0.0/s] slotbusy=0.0/s copyfence-busy=0.0/s nr-gpuwait=0.0/s flips=0.0/s
22:03:06.355  [fg-relay] rate2: fginput eval=162.9/s index!=1=0.0/s eval-gate[off=0.0 fallback=0.0 notready=0.0 noinput=0.0 noqueue=0.0]/s relay eval=0.0/s consume=0.0/s inplace=0.0/s(ok 0.0/s) unarmed=0.0/s mismatch=0.0/s relbusy=0.0/s relok=0.0/s relfail=0.0/s release-stage[queue=0.0 pool=0.0 fence=0.0 reset=0.0 begin=0.0 end=0.0 submit=0.0]/s watchdog=0.0/s | worker plays=0.0/s ok=0.0/s fail=0.0/s nr_absent=0.0/s copyfail=0.0/s
22:03:06.355  [fg-relay] rate3: arm->arm avg=0.00ms max=0.00ms n=0 | arm->work avg=0.00ms max=0.00ms | arm->eval avg=0.00ms max=0.00ms | copywait avg=0.000ms max=0.000ms | copy-land<= avg=0.00ms max=0.00ms | work avg=0.00ms max=0.00ms | totals armed=0 unarmed=0 skipped=0 busy=0 mismatch=0 copies_failed=0 writes=0 conflicts=0
22:03:06.355  [fg-relay] rate4: throttle depth=1 off=0 | sleep calls=54.3/s waits=0.0/s clear=0.0/s timeouts=0.0/s avg=0.00ms | present calls=54.3/s waits=0.0/s clear=0.0/s timeouts=0.0/s avg=0.00ms | max=0.00ms (process)
22:03:21.356  [fg-relay] rate/15.0s p2 import_opt=1: presents=55.3/s present-gate[point=55.3 ready=0.0 fallback=0.0 inactive=0.0]/s noinfo=0.0/s stale=0.0/s unlearned=0.0/s attempts=0.0/s armed=0.0/s skipped=0.0/s busy=0.0/s arm-reject[state=0.0 request=0.0 refused=0.0 stopping=0.0 res=0.0 size=0.0]/s pool[cap=0.0 family=0.0 create=0.0 alloc=0.0]/s copy-drop[fence=0.0 reset=0.0 begin=0.0 end=0.0 submit=0.0]/s cf[seq=0.0/s idle=0.0/s nrfence=0.0/s] slotbusy=0.0/s copyfence-busy=0.0/s nr-gpuwait=0.0/s flips=0.0/s
22:03:21.356  [fg-relay] rate2: fginput eval=165.8/s index!=1=0.0/s eval-gate[off=0.0 fallback=0.0 notready=0.0 noinput=0.0 noqueue=0.0]/s relay eval=0.0/s consume=0.0/s inplace=0.0/s(ok 0.0/s) unarmed=0.0/s mismatch=0.0/s relbusy=0.0/s relok=0.0/s relfail=0.0/s release-stage[queue=0.0 pool=0.0 fence=0.0 reset=0.0 begin=0.0 end=0.0 submit=0.0]/s watchdog=0.0/s | worker plays=0.0/s ok=0.0/s fail=0.0/s nr_absent=0.0/s copyfail=0.0/s
22:03:21.356  [fg-relay] rate3: arm->arm avg=0.00ms max=0.00ms n=0 | arm->work avg=0.00ms max=0.00ms | arm->eval avg=0.00ms max=0.00ms | copywait avg=0.000ms max=0.000ms | copy-land<= avg=0.00ms max=0.00ms | work avg=0.00ms max=0.00ms | totals armed=0 unarmed=0 skipped=0 busy=0 mismatch=0 copies_failed=0 writes=0 conflicts=0
22:03:21.357  [fg-relay] rate4: throttle depth=1 off=0 | sleep calls=55.3/s waits=0.0/s clear=0.0/s timeouts=0.0/s avg=0.00ms | present calls=55.3/s waits=0.0/s clear=0.0/s timeouts=0.0/s avg=0.00ms | max=0.00ms (process)
22:03:21.888  qpc=4372974559415 [focus-fg] state: enabled=1 hooked=1 foreground=0 minimized=0 hwnd=0000000008660FE6 scope_calls=40744 original_false=39197 kept=39197 presents=41390 FG_evaluates=122230
22:03:27.556  === Vulkan CreateFeature1 #38  feature_id=18  VkDevice=000000002F1000D0  thread 40064 ===
22:03:27.556  === Vulkan CreateFeature1 #38 returned -1160773630, handle=0000000000000000 ===
22:03:36.351  [fg-relay] rate/15.0s p2 import_opt=1: presents=54.0/s present-gate[point=54.0 ready=0.0 fallback=0.0 inactive=0.0]/s noinfo=0.0/s stale=0.0/s unlearned=0.0/s attempts=0.0/s armed=0.0/s skipped=0.0/s busy=0.0/s arm-reject[state=0.0 request=0.0 refused=0.0 stopping=0.0 res=0.0 size=0.0]/s pool[cap=0.0 family=0.0 create=0.0 alloc=0.0]/s copy-drop[fence=0.0 reset=0.0 begin=0.0 end=0.0 submit=0.0]/s cf[seq=0.0/s idle=0.0/s nrfence=0.0/s] slotbusy=0.0/s copyfence-busy=0.0/s nr-gpuwait=0.0/s flips=0.0/s
22:03:36.352  [fg-relay] rate2: fginput eval=162.0/s index!=1=0.0/s eval-gate[off=0.0 fallback=0.0 notready=0.0 noinput=0.0 noqueue=0.0]/s relay eval=0.0/s consume=0.0/s inplace=0.0/s(ok 0.0/s) unarmed=0.0/s mismatch=0.0/s relbusy=0.0/s relok=0.0/s relfail=0.0/s release-stage[queue=0.0 pool=0.0 fence=0.0 reset=0.0 begin=0.0 end=0.0 submit=0.0]/s watchdog=0.0/s | worker plays=0.0/s ok=0.0/s fail=0.0/s nr_absent=0.0/s copyfail=0.0/s
22:03:36.352  [fg-relay] rate3: arm->arm avg=0.00ms max=0.00ms n=0 | arm->work avg=0.00ms max=0.00ms | arm->eval avg=0.00ms max=0.00ms | copywait avg=0.000ms max=0.000ms | copy-land<= avg=0.00ms max=0.00ms | work avg=0.00ms max=0.00ms | totals armed=0 unarmed=0 skipped=0 busy=0 mismatch=0 copies_failed=0 writes=0 conflicts=0
22:03:36.353  [fg-relay] rate4: throttle depth=1 off=0 | sleep calls=54.0/s waits=0.0/s clear=0.0/s timeouts=0.0/s avg=0.00ms | present calls=54.0/s waits=0.0/s clear=0.0/s timeouts=0.0/s avg=0.00ms | max=0.00ms (process)
22:03:41.918  qpc=4373174859230 [focus-fg] state: enabled=1 hooked=1 foreground=0 minimized=0 hwnd=0000000008660FE6 scope_calls=41827 original_false=40280 kept=40280 presents=42473 FG_evaluates=125479
22:03:51.351  [fg-relay] rate/15.0s p2 import_opt=1: presents=54.2/s present-gate[point=54.2 ready=0.0 fallback=0.0 inactive=0.0]/s noinfo=0.0/s stale=0.0/s unlearned=0.0/s attempts=0.0/s armed=0.0/s skipped=0.0/s busy=0.0/s arm-reject[state=0.0 request=0.0 refused=0.0 stopping=0.0 res=0.0 size=0.0]/s pool[cap=0.0 family=0.0 create=0.0 alloc=0.0]/s copy-drop[fence=0.0 reset=0.0 begin=0.0 end=0.0 submit=0.0]/s cf[seq=0.0/s idle=0.0/s nrfence=0.0/s] slotbusy=0.0/s copyfence-busy=0.0/s nr-gpuwait=0.0/s flips=0.0/s
22:03:51.352  [fg-relay] rate2: fginput eval=162.6/s index!=1=0.0/s eval-gate[off=0.0 fallback=0.0 notready=0.0 noinput=0.0 noqueue=0.0]/s relay eval=0.0/s consume=0.0/s inplace=0.0/s(ok 0.0/s) unarmed=0.0/s mismatch=0.0/s relbusy=0.0/s relok=0.0/s relfail=0.0/s release-stage[queue=0.0 pool=0.0 fence=0.0 reset=0.0 begin=0.0 end=0.0 submit=0.0]/s watchdog=0.0/s | worker plays=0.0/s ok=0.0/s fail=0.0/s nr_absent=0.0/s copyfail=0.0/s
22:03:51.352  [fg-relay] rate3: arm->arm avg=0.00ms max=0.00ms n=0 | arm->work avg=0.00ms max=0.00ms | arm->eval avg=0.00ms max=0.00ms | copywait avg=0.000ms max=0.000ms | copy-land<= avg=0.00ms max=0.00ms | work avg=0.00ms max=0.00ms | totals armed=0 unarmed=0 skipped=0 busy=0 mismatch=0 copies_failed=0 writes=0 conflicts=0
22:03:51.352  [fg-relay] rate4: throttle depth=1 off=0 | sleep calls=54.2/s waits=0.0/s clear=0.0/s timeouts=0.0/s avg=0.00ms | present calls=54.2/s waits=0.0/s clear=0.0/s timeouts=0.0/s avg=0.00ms | max=0.00ms (process)
22:03:57.559  === Vulkan CreateFeature1 #39  feature_id=18  VkDevice=000000002F1000D0  thread 40064 ===
22:03:57.559  === Vulkan CreateFeature1 #39 returned -1160773630, handle=0000000000000000 ===
22:03:57.930  qpc=4373334971897 [focus-fg] state: enabled=1 hooked=1 foreground=0 minimized=0 hwnd=0000000008660FE6 scope_calls=42694 original_false=41147 kept=41147 presents=43340 FG_evaluates=128080
22:04:06.352  [fg-relay] rate/15.0s p2 import_opt=1: presents=53.9/s present-gate[point=53.9 ready=0.0 fallback=0.0 inactive=0.0]/s noinfo=0.0/s stale=0.0/s unlearned=0.0/s attempts=0.0/s armed=0.0/s skipped=0.0/s busy=0.0/s arm-reject[state=0.0 request=0.0 refused=0.0 stopping=0.0 res=0.0 size=0.0]/s pool[cap=0.0 family=0.0 create=0.0 alloc=0.0]/s copy-drop[fence=0.0 reset=0.0 begin=0.0 end=0.0 submit=0.0]/s cf[seq=0.0/s idle=0.0/s nrfence=0.0/s] slotbusy=0.0/s copyfence-busy=0.0/s nr-gpuwait=0.0/s flips=0.0/s
22:04:06.353  [fg-relay] rate2: fginput eval=161.8/s index!=1=0.0/s eval-gate[off=0.0 fallback=0.0 notready=0.0 noinput=0.0 noqueue=0.0]/s relay eval=0.0/s consume=0.0/s inplace=0.0/s(ok 0.0/s) unarmed=0.0/s mismatch=0.0/s relbusy=0.0/s relok=0.0/s relfail=0.0/s release-stage[queue=0.0 pool=0.0 fence=0.0 reset=0.0 begin=0.0 end=0.0 submit=0.0]/s watchdog=0.0/s | worker plays=0.0/s ok=0.0/s fail=0.0/s nr_absent=0.0/s copyfail=0.0/s
22:04:06.353  [fg-relay] rate3: arm->arm avg=0.00ms max=0.00ms n=0 | arm->work avg=0.00ms max=0.00ms | arm->eval avg=0.00ms max=0.00ms | copywait avg=0.000ms max=0.000ms | copy-land<= avg=0.00ms max=0.00ms | work avg=0.00ms max=0.00ms | totals armed=0 unarmed=0 skipped=0 busy=0 mismatch=0 copies_failed=0 writes=0 conflicts=0
22:04:06.353  [fg-relay] rate4: throttle depth=1 off=0 | sleep calls=53.9/s waits=0.0/s clear=0.0/s timeouts=0.0/s avg=0.00ms | present calls=53.9/s waits=0.0/s clear=0.0/s timeouts=0.0/s avg=0.00ms | max=0.00ms (process)
22:04:13.968  qpc=4373495353881 [focus-fg] state: enabled=1 hooked=1 foreground=0 minimized=0 hwnd=0000000008660FE6 scope_calls=43559 original_false=42012 kept=42012 presents=44205 FG_evaluates=130675
22:04:21.351  [fg-relay] rate/15.0s p2 import_opt=1: presents=53.8/s present-gate[point=53.8 ready=0.0 fallback=0.0 inactive=0.0]/s noinfo=0.0/s stale=0.0/s unlearned=0.0/s attempts=0.0/s armed=0.0/s skipped=0.0/s busy=0.0/s arm-reject[state=0.0 request=0.0 refused=0.0 stopping=0.0 res=0.0 size=0.0]/s pool[cap=0.0 family=0.0 create=0.0 alloc=0.0]/s copy-drop[fence=0.0 reset=0.0 begin=0.0 end=0.0 submit=0.0]/s cf[seq=0.0/s idle=0.0/s nrfence=0.0/s] slotbusy=0.0/s copyfence-busy=0.0/s nr-gpuwait=0.0/s flips=0.0/s
22:04:21.351  [fg-relay] rate2: fginput eval=161.3/s index!=1=0.0/s eval-gate[off=0.0 fallback=0.0 notready=0.0 noinput=0.0 noqueue=0.0]/s relay eval=0.0/s consume=0.0/s inplace=0.0/s(ok 0.0/s) unarmed=0.0/s mismatch=0.0/s relbusy=0.0/s relok=0.0/s relfail=0.0/s release-stage[queue=0.0 pool=0.0 fence=0.0 reset=0.0 begin=0.0 end=0.0 submit=0.0]/s watchdog=0.0/s | worker plays=0.0/s ok=0.0/s fail=0.0/s nr_absent=0.0/s copyfail=0.0/s
22:04:21.352  [fg-relay] rate3: arm->arm avg=0.00ms max=0.00ms n=0 | arm->work avg=0.00ms max=0.00ms | arm->eval avg=0.00ms max=0.00ms | copywait avg=0.000ms max=0.000ms | copy-land<= avg=0.00ms max=0.00ms | work avg=0.00ms max=0.00ms | totals armed=0 unarmed=0 skipped=0 busy=0 mismatch=0 copies_failed=0 writes=0 conflicts=0
22:04:21.352  [fg-relay] rate4: throttle depth=1 off=0 | sleep calls=53.8/s waits=0.0/s clear=0.0/s timeouts=0.0/s avg=0.00ms | present calls=53.8/s waits=0.0/s clear=0.0/s timeouts=0.0/s avg=0.00ms | max=0.00ms (process)
22:04:27.560  === Vulkan CreateFeature1 #40  feature_id=18  VkDevice=000000002F1000D0  thread 40064 ===
22:04:27.561  === Vulkan CreateFeature1 #40 returned -1160773630, handle=0000000000000000 ===
22:04:31.006  qpc=4373665734513 [focus-fg] state: enabled=1 hooked=1 foreground=0 minimized=0 hwnd=0000000008660FE6 scope_calls=44476 original_false=42929 kept=42929 presents=45122 FG_evaluates=133426
22:04:36.362  [fg-relay] rate/15.0s p2 import_opt=1: presents=54.0/s present-gate[point=54.0 ready=0.0 fallback=0.0 inactive=0.0]/s noinfo=0.0/s stale=0.0/s unlearned=0.0/s attempts=0.0/s armed=0.0/s skipped=0.0/s busy=0.0/s arm-reject[state=0.0 request=0.0 refused=0.0 stopping=0.0 res=0.0 size=0.0]/s pool[cap=0.0 family=0.0 create=0.0 alloc=0.0]/s copy-drop[fence=0.0 reset=0.0 begin=0.0 end=0.0 submit=0.0]/s cf[seq=0.0/s idle=0.0/s nrfence=0.0/s] slotbusy=0.0/s copyfence-busy=0.0/s nr-gpuwait=0.0/s flips=0.0/s
22:04:36.362  [fg-relay] rate2: fginput eval=162.0/s index!=1=0.0/s eval-gate[off=0.0 fallback=0.0 notready=0.0 noinput=0.0 noqueue=0.0]/s relay eval=0.0/s consume=0.0/s inplace=0.0/s(ok 0.0/s) unarmed=0.0/s mismatch=0.0/s relbusy=0.0/s relok=0.0/s relfail=0.0/s release-stage[queue=0.0 pool=0.0 fence=0.0 reset=0.0 begin=0.0 end=0.0 submit=0.0]/s watchdog=0.0/s | worker plays=0.0/s ok=0.0/s fail=0.0/s nr_absent=0.0/s copyfail=0.0/s
22:04:36.362  [fg-relay] rate3: arm->arm avg=0.00ms max=0.00ms n=0 | arm->work avg=0.00ms max=0.00ms | arm->eval avg=0.00ms max=0.00ms | copywait avg=0.000ms max=0.000ms | copy-land<= avg=0.00ms max=0.00ms | work avg=0.00ms max=0.00ms | totals armed=0 unarmed=0 skipped=0 busy=0 mismatch=0 copies_failed=0 writes=0 conflicts=0
22:04:36.362  [fg-relay] rate4: throttle depth=1 off=0 | sleep calls=54.0/s waits=0.0/s clear=0.0/s timeouts=0.0/s avg=0.00ms | present calls=54.0/s waits=0.0/s clear=0.0/s timeouts=0.0/s avg=0.00ms | max=0.00ms (process)
22:04:47.063  qpc=4373826306217 [focus-fg] state: enabled=1 hooked=1 foreground=0 minimized=0 hwnd=0000000008660FE6 scope_calls=45340 original_false=43793 kept=43793 presents=45986 FG_evaluates=136018
22:04:51.369  [fg-relay] rate/15.0s p2 import_opt=1: presents=53.9/s present-gate[point=53.9 ready=0.0 fallback=0.0 inactive=0.0]/s noinfo=0.0/s stale=0.0/s unlearned=0.0/s attempts=0.0/s armed=0.0/s skipped=0.0/s busy=0.0/s arm-reject[state=0.0 request=0.0 refused=0.0 stopping=0.0 res=0.0 size=0.0]/s pool[cap=0.0 family=0.0 create=0.0 alloc=0.0]/s copy-drop[fence=0.0 reset=0.0 begin=0.0 end=0.0 submit=0.0]/s cf[seq=0.0/s idle=0.0/s nrfence=0.0/s] slotbusy=0.0/s copyfence-busy=0.0/s nr-gpuwait=0.0/s flips=0.0/s
22:04:51.370  [fg-relay] rate2: fginput eval=161.6/s index!=1=0.0/s eval-gate[off=0.0 fallback=0.0 notready=0.0 noinput=0.0 noqueue=0.0]/s relay eval=0.0/s consume=0.0/s inplace=0.0/s(ok 0.0/s) unarmed=0.0/s mismatch=0.0/s relbusy=0.0/s relok=0.0/s relfail=0.0/s release-stage[queue=0.0 pool=0.0 fence=0.0 reset=0.0 begin=0.0 end=0.0 submit=0.0]/s watchdog=0.0/s | worker plays=0.0/s ok=0.0/s fail=0.0/s nr_absent=0.0/s copyfail=0.0/s
22:04:51.370  [fg-relay] rate3: arm->arm avg=0.00ms max=0.00ms n=0 | arm->work avg=0.00ms max=0.00ms | arm->eval avg=0.00ms max=0.00ms | copywait avg=0.000ms max=0.000ms | copy-land<= avg=0.00ms max=0.00ms | work avg=0.00ms max=0.00ms | totals armed=0 unarmed=0 skipped=0 busy=0 mismatch=0 copies_failed=0 writes=0 conflicts=0
22:04:51.370  [fg-relay] rate4: throttle depth=1 off=0 | sleep calls=53.9/s waits=0.0/s clear=0.0/s timeouts=0.0/s avg=0.00ms | present calls=53.9/s waits=0.0/s clear=0.0/s timeouts=0.0/s avg=0.00ms | max=0.00ms (process)
22:04:57.571  === Vulkan CreateFeature1 #41  feature_id=18  VkDevice=000000002F1000D0  thread 40064 ===
22:04:57.571  === Vulkan CreateFeature1 #41 returned -1160773630, handle=0000000000000000 ===
22:05:04.064  qpc=4373996313842 [focus-fg] state: enabled=1 hooked=1 foreground=0 minimized=0 hwnd=0000000008660FE6 scope_calls=46264 original_false=44717 kept=44717 presents=46910 FG_evaluates=138790
22:05:06.371  [fg-relay] rate/15.0s p2 import_opt=1: presents=54.5/s present-gate[point=54.5 ready=0.0 fallback=0.0 inactive=0.0]/s noinfo=0.0/s stale=0.0/s unlearned=0.0/s attempts=0.0/s armed=0.0/s skipped=0.0/s busy=0.0/s arm-reject[state=0.0 request=0.0 refused=0.0 stopping=0.0 res=0.0 size=0.0]/s pool[cap=0.0 family=0.0 create=0.0 alloc=0.0]/s copy-drop[fence=0.0 reset=0.0 begin=0.0 end=0.0 submit=0.0]/s cf[seq=0.0/s idle=0.0/s nrfence=0.0/s] slotbusy=0.0/s copyfence-busy=0.0/s nr-gpuwait=0.0/s flips=0.0/s
22:05:06.371  [fg-relay] rate2: fginput eval=163.4/s index!=1=0.0/s eval-gate[off=0.0 fallback=0.0 notready=0.0 noinput=0.0 noqueue=0.0]/s relay eval=0.0/s consume=0.0/s inplace=0.0/s(ok 0.0/s) unarmed=0.0/s mismatch=0.0/s relbusy=0.0/s relok=0.0/s relfail=0.0/s release-stage[queue=0.0 pool=0.0 fence=0.0 reset=0.0 begin=0.0 end=0.0 submit=0.0]/s watchdog=0.0/s | worker plays=0.0/s ok=0.0/s fail=0.0/s nr_absent=0.0/s copyfail=0.0/s
22:05:06.371  [fg-relay] rate3: arm->arm avg=0.00ms max=0.00ms n=0 | arm->work avg=0.00ms max=0.00ms | arm->eval avg=0.00ms max=0.00ms | copywait avg=0.000ms max=0.000ms | copy-land<= avg=0.00ms max=0.00ms | work avg=0.00ms max=0.00ms | totals armed=0 unarmed=0 skipped=0 busy=0 mismatch=0 copies_failed=0 writes=0 conflicts=0
22:05:06.371  [fg-relay] rate4: throttle depth=1 off=0 | sleep calls=54.5/s waits=0.0/s clear=0.0/s timeouts=0.0/s avg=0.00ms | present calls=54.5/s waits=0.0/s clear=0.0/s timeouts=0.0/s avg=0.00ms | max=0.00ms (process)
22:05:21.076  qpc=4374166435527 [focus-fg] state: enabled=1 hooked=1 foreground=0 minimized=0 hwnd=0000000008660FE6 scope_calls=47184 original_false=45637 kept=45637 presents=47830 FG_evaluates=141552
22:05:21.360  [fg-relay] rate/15.0s p2 import_opt=1: presents=54.0/s present-gate[point=54.0 ready=0.0 fallback=0.0 inactive=0.0]/s noinfo=0.0/s stale=0.0/s unlearned=0.0/s attempts=0.0/s armed=0.0/s skipped=0.0/s busy=0.0/s arm-reject[state=0.0 request=0.0 refused=0.0 stopping=0.0 res=0.0 size=0.0]/s pool[cap=0.0 family=0.0 create=0.0 alloc=0.0]/s copy-drop[fence=0.0 reset=0.0 begin=0.0 end=0.0 submit=0.0]/s cf[seq=0.0/s idle=0.0/s nrfence=0.0/s] slotbusy=0.0/s copyfence-busy=0.0/s nr-gpuwait=0.0/s flips=0.0/s
22:05:21.360  [fg-relay] rate2: fginput eval=161.9/s index!=1=0.0/s eval-gate[off=0.0 fallback=0.0 notready=0.0 noinput=0.0 noqueue=0.0]/s relay eval=0.0/s consume=0.0/s inplace=0.0/s(ok 0.0/s) unarmed=0.0/s mismatch=0.0/s relbusy=0.0/s relok=0.0/s relfail=0.0/s release-stage[queue=0.0 pool=0.0 fence=0.0 reset=0.0 begin=0.0 end=0.0 submit=0.0]/s watchdog=0.0/s | worker plays=0.0/s ok=0.0/s fail=0.0/s nr_absent=0.0/s copyfail=0.0/s
22:05:21.360  [fg-relay] rate3: arm->arm avg=0.00ms max=0.00ms n=0 | arm->work avg=0.00ms max=0.00ms | arm->eval avg=0.00ms max=0.00ms | copywait avg=0.000ms max=0.000ms | copy-land<= avg=0.00ms max=0.00ms | work avg=0.00ms max=0.00ms | totals armed=0 unarmed=0 skipped=0 busy=0 mismatch=0 copies_failed=0 writes=0 conflicts=0
22:05:21.360  [fg-relay] rate4: throttle depth=1 off=0 | sleep calls=54.0/s waits=0.0/s clear=0.0/s timeouts=0.0/s avg=0.00ms | present calls=54.0/s waits=0.0/s clear=0.0/s timeouts=0.0/s avg=0.00ms | max=0.00ms (process)
22:05:27.577  === Vulkan CreateFeature1 #42  feature_id=18  VkDevice=000000002F1000D0  thread 40064 ===
22:05:27.578  === Vulkan CreateFeature1 #42 returned -1160773630, handle=0000000000000000 ===
22:05:36.369  [fg-relay] rate/15.0s p2 import_opt=1: presents=53.7/s present-gate[point=53.7 ready=0.0 fallback=0.0 inactive=0.0]/s noinfo=0.0/s stale=0.0/s unlearned=0.0/s attempts=0.0/s armed=0.0/s skipped=0.0/s busy=0.0/s arm-reject[state=0.0 request=0.0 refused=0.0 stopping=0.0 res=0.0 size=0.0]/s pool[cap=0.0 family=0.0 create=0.0 alloc=0.0]/s copy-drop[fence=0.0 reset=0.0 begin=0.0 end=0.0 submit=0.0]/s cf[seq=0.0/s idle=0.0/s nrfence=0.0/s] slotbusy=0.0/s copyfence-busy=0.0/s nr-gpuwait=0.0/s flips=0.0/s
22:05:36.369  [fg-relay] rate2: fginput eval=161.2/s index!=1=0.0/s eval-gate[off=0.0 fallback=0.0 notready=0.0 noinput=0.0 noqueue=0.0]/s relay eval=0.0/s consume=0.0/s inplace=0.0/s(ok 0.0/s) unarmed=0.0/s mismatch=0.0/s relbusy=0.0/s relok=0.0/s relfail=0.0/s release-stage[queue=0.0 pool=0.0 fence=0.0 reset=0.0 begin=0.0 end=0.0 submit=0.0]/s watchdog=0.0/s | worker plays=0.0/s ok=0.0/s fail=0.0/s nr_absent=0.0/s copyfail=0.0/s
22:05:36.370  [fg-relay] rate3: arm->arm avg=0.00ms max=0.00ms n=0 | arm->work avg=0.00ms max=0.00ms | arm->eval avg=0.00ms max=0.00ms | copywait avg=0.000ms max=0.000ms | copy-land<= avg=0.00ms max=0.00ms | work avg=0.00ms max=0.00ms | totals armed=0 unarmed=0 skipped=0 busy=0 mismatch=0 copies_failed=0 writes=0 conflicts=0
22:05:36.370  [fg-relay] rate4: throttle depth=1 off=0 | sleep calls=53.7/s waits=0.0/s clear=0.0/s timeouts=0.0/s avg=0.00ms | present calls=53.7/s waits=0.0/s clear=0.0/s timeouts=0.0/s avg=0.00ms | max=0.00ms (process)
22:05:38.126  qpc=4374336938343 [focus-fg] state: enabled=1 hooked=1 foreground=0 minimized=0 hwnd=0000000008660FE6 scope_calls=48101 original_false=46554 kept=46554 presents=48747 FG_evaluates=144301
22:05:51.377  [fg-relay] rate/15.0s p2 import_opt=1: presents=54.2/s present-gate[point=54.2 ready=0.0 fallback=0.0 inactive=0.0]/s noinfo=0.0/s stale=0.0/s unlearned=0.0/s attempts=0.0/s armed=0.0/s skipped=0.0/s busy=0.0/s arm-reject[state=0.0 request=0.0 refused=0.0 stopping=0.0 res=0.0 size=0.0]/s pool[cap=0.0 family=0.0 create=0.0 alloc=0.0]/s copy-drop[fence=0.0 reset=0.0 begin=0.0 end=0.0 submit=0.0]/s cf[seq=0.0/s idle=0.0/s nrfence=0.0/s] slotbusy=0.0/s copyfence-busy=0.0/s nr-gpuwait=0.0/s flips=0.0/s
22:05:51.377  [fg-relay] rate2: fginput eval=162.5/s index!=1=0.0/s eval-gate[off=0.0 fallback=0.0 notready=0.0 noinput=0.0 noqueue=0.0]/s relay eval=0.0/s consume=0.0/s inplace=0.0/s(ok 0.0/s) unarmed=0.0/s mismatch=0.0/s relbusy=0.0/s relok=0.0/s relfail=0.0/s release-stage[queue=0.0 pool=0.0 fence=0.0 reset=0.0 begin=0.0 end=0.0 submit=0.0]/s watchdog=0.0/s | worker plays=0.0/s ok=0.0/s fail=0.0/s nr_absent=0.0/s copyfail=0.0/s
22:05:51.377  [fg-relay] rate3: arm->arm avg=0.00ms max=0.00ms n=0 | arm->work avg=0.00ms max=0.00ms | arm->eval avg=0.00ms max=0.00ms | copywait avg=0.000ms max=0.000ms | copy-land<= avg=0.00ms max=0.00ms | work avg=0.00ms max=0.00ms | totals armed=0 unarmed=0 skipped=0 busy=0 mismatch=0 copies_failed=0 writes=0 conflicts=0
22:05:51.377  [fg-relay] rate4: throttle depth=1 off=0 | sleep calls=54.2/s waits=0.0/s clear=0.0/s timeouts=0.0/s avg=0.00ms | present calls=54.2/s waits=0.0/s clear=0.0/s timeouts=0.0/s avg=0.00ms | max=0.00ms (process)
22:05:54.145  qpc=4374497130024 [focus-fg] state: enabled=1 hooked=1 foreground=0 minimized=0 hwnd=0000000008660FE6 scope_calls=48970 original_false=47423 kept=47423 presents=49616 FG_evaluates=146908
22:05:57.585  === Vulkan CreateFeature1 #43  feature_id=18  VkDevice=000000002F1000D0  thread 40064 ===
22:05:57.586  === Vulkan CreateFeature1 #43 returned -1160773630, handle=0000000000000000 ===
22:06:06.391  [fg-relay] rate/15.0s p2 import_opt=1: presents=54.5/s present-gate[point=54.5 ready=0.0 fallback=0.0 inactive=0.0]/s noinfo=0.0/s stale=0.0/s unlearned=0.0/s attempts=0.0/s armed=0.0/s skipped=0.0/s busy=0.0/s arm-reject[state=0.0 request=0.0 refused=0.0 stopping=0.0 res=0.0 size=0.0]/s pool[cap=0.0 family=0.0 create=0.0 alloc=0.0]/s copy-drop[fence=0.0 reset=0.0 begin=0.0 end=0.0 submit=0.0]/s cf[seq=0.0/s idle=0.0/s nrfence=0.0/s] slotbusy=0.0/s copyfence-busy=0.0/s nr-gpuwait=0.0/s flips=0.0/s
22:06:06.392  [fg-relay] rate2: fginput eval=163.6/s index!=1=0.0/s eval-gate[off=0.0 fallback=0.0 notready=0.0 noinput=0.0 noqueue=0.0]/s relay eval=0.0/s consume=0.0/s inplace=0.0/s(ok 0.0/s) unarmed=0.0/s mismatch=0.0/s relbusy=0.0/s relok=0.0/s relfail=0.0/s release-stage[queue=0.0 pool=0.0 fence=0.0 reset=0.0 begin=0.0 end=0.0 submit=0.0]/s watchdog=0.0/s | worker plays=0.0/s ok=0.0/s fail=0.0/s nr_absent=0.0/s copyfail=0.0/s
22:06:06.392  [fg-relay] rate3: arm->arm avg=0.00ms max=0.00ms n=0 | arm->work avg=0.00ms max=0.00ms | arm->eval avg=0.00ms max=0.00ms | copywait avg=0.000ms max=0.000ms | copy-land<= avg=0.00ms max=0.00ms | work avg=0.00ms max=0.00ms | totals armed=0 unarmed=0 skipped=0 busy=0 mismatch=0 copies_failed=0 writes=0 conflicts=0
22:06:06.392  [fg-relay] rate4: throttle depth=1 off=0 | sleep calls=54.5/s waits=0.0/s clear=0.0/s timeouts=0.0/s avg=0.00ms | present calls=54.5/s waits=0.0/s clear=0.0/s timeouts=0.0/s avg=0.00ms | max=0.00ms (process)
22:06:13.181  qpc=4374687487044 [focus-fg] state: enabled=1 hooked=1 foreground=0 minimized=0 hwnd=0000000008660FE6 scope_calls=50007 original_false=48460 kept=48460 presents=50653 FG_evaluates=150019
22:06:21.407  [fg-relay] rate/15.0s p2 import_opt=1: presents=54.3/s present-gate[point=54.3 ready=0.0 fallback=0.0 inactive=0.0]/s noinfo=0.0/s stale=0.0/s unlearned=0.0/s attempts=0.0/s armed=0.0/s skipped=0.0/s busy=0.0/s arm-reject[state=0.0 request=0.0 refused=0.0 stopping=0.0 res=0.0 size=0.0]/s pool[cap=0.0 family=0.0 create=0.0 alloc=0.0]/s copy-drop[fence=0.0 reset=0.0 begin=0.0 end=0.0 submit=0.0]/s cf[seq=0.0/s idle=0.0/s nrfence=0.0/s] slotbusy=0.0/s copyfence-busy=0.0/s nr-gpuwait=0.0/s flips=0.0/s
22:06:21.407  [fg-relay] rate2: fginput eval=163.0/s index!=1=0.0/s eval-gate[off=0.0 fallback=0.0 notready=0.0 noinput=0.0 noqueue=0.0]/s relay eval=0.0/s consume=0.0/s inplace=0.0/s(ok 0.0/s) unarmed=0.0/s mismatch=0.0/s relbusy=0.0/s relok=0.0/s relfail=0.0/s release-stage[queue=0.0 pool=0.0 fence=0.0 reset=0.0 begin=0.0 end=0.0 submit=0.0]/s watchdog=0.0/s | worker plays=0.0/s ok=0.0/s fail=0.0/s nr_absent=0.0/s copyfail=0.0/s
22:06:21.408  [fg-relay] rate3: arm->arm avg=0.00ms max=0.00ms n=0 | arm->work avg=0.00ms max=0.00ms | arm->eval avg=0.00ms max=0.00ms | copywait avg=0.000ms max=0.000ms | copy-land<= avg=0.00ms max=0.00ms | work avg=0.00ms max=0.00ms | totals armed=0 unarmed=0 skipped=0 busy=0 mismatch=0 copies_failed=0 writes=0 conflicts=0
22:06:21.408  [fg-relay] rate4: throttle depth=1 off=0 | sleep calls=54.3/s waits=0.0/s clear=0.0/s timeouts=0.0/s avg=0.00ms | present calls=54.3/s waits=0.0/s clear=0.0/s timeouts=0.0/s avg=0.00ms | max=0.00ms (process)
22:06:27.596  === Vulkan CreateFeature1 #44  feature_id=18  VkDevice=000000002F1000D0  thread 40064 ===
22:06:27.596  === Vulkan CreateFeature1 #44 returned -1160773630, handle=0000000000000000 ===
22:06:28.270  qpc=4374838372047 [focus-fg] state: enabled=1 hooked=1 foreground=0 minimized=0 hwnd=0000000008660FE6 scope_calls=50823 original_false=49276 kept=49276 presents=51469 FG_evaluates=152467
22:06:36.420  [fg-relay] rate/15.0s p2 import_opt=1: presents=53.8/s present-gate[point=53.8 ready=0.0 fallback=0.0 inactive=0.0]/s noinfo=0.0/s stale=0.0/s unlearned=0.0/s attempts=0.0/s armed=0.0/s skipped=0.0/s busy=0.0/s arm-reject[state=0.0 request=0.0 refused=0.0 stopping=0.0 res=0.0 size=0.0]/s pool[cap=0.0 family=0.0 create=0.0 alloc=0.0]/s copy-drop[fence=0.0 reset=0.0 begin=0.0 end=0.0 submit=0.0]/s cf[seq=0.0/s idle=0.0/s nrfence=0.0/s] slotbusy=0.0/s copyfence-busy=0.0/s nr-gpuwait=0.0/s flips=0.0/s
22:06:36.421  [fg-relay] rate2: fginput eval=161.3/s index!=1=0.0/s eval-gate[off=0.0 fallback=0.0 notready=0.0 noinput=0.0 noqueue=0.0]/s relay eval=0.0/s consume=0.0/s inplace=0.0/s(ok 0.0/s) unarmed=0.0/s mismatch=0.0/s relbusy=0.0/s relok=0.0/s relfail=0.0/s release-stage[queue=0.0 pool=0.0 fence=0.0 reset=0.0 begin=0.0 end=0.0 submit=0.0]/s watchdog=0.0/s | worker plays=0.0/s ok=0.0/s fail=0.0/s nr_absent=0.0/s copyfail=0.0/s
22:06:36.421  [fg-relay] rate3: arm->arm avg=0.00ms max=0.00ms n=0 | arm->work avg=0.00ms max=0.00ms | arm->eval avg=0.00ms max=0.00ms | copywait avg=0.000ms max=0.000ms | copy-land<= avg=0.00ms max=0.00ms | work avg=0.00ms max=0.00ms | totals armed=0 unarmed=0 skipped=0 busy=0 mismatch=0 copies_failed=0 writes=0 conflicts=0
22:06:36.421  [fg-relay] rate4: throttle depth=1 off=0 | sleep calls=53.8/s waits=0.0/s clear=0.0/s timeouts=0.0/s avg=0.00ms | present calls=53.8/s waits=0.0/s clear=0.0/s timeouts=0.0/s avg=0.00ms | max=0.00ms (process)
22:06:44.321  qpc=4374998877686 [focus-fg] state: enabled=1 hooked=1 foreground=0 minimized=0 hwnd=0000000008660FE6 scope_calls=51682 original_false=50135 kept=50135 presents=52328 FG_evaluates=155044
22:06:51.419  [fg-relay] rate/15.0s p2 import_opt=1: presents=53.3/s present-gate[point=53.3 ready=0.0 fallback=0.0 inactive=0.0]/s noinfo=0.0/s stale=0.0/s unlearned=0.0/s attempts=0.0/s armed=0.0/s skipped=0.0/s busy=0.0/s arm-reject[state=0.0 request=0.0 refused=0.0 stopping=0.0 res=0.0 size=0.0]/s pool[cap=0.0 family=0.0 create=0.0 alloc=0.0]/s copy-drop[fence=0.0 reset=0.0 begin=0.0 end=0.0 submit=0.0]/s cf[seq=0.0/s idle=0.0/s nrfence=0.0/s] slotbusy=0.0/s copyfence-busy=0.0/s nr-gpuwait=0.0/s flips=0.0/s
22:06:51.419  [fg-relay] rate2: fginput eval=160.0/s index!=1=0.0/s eval-gate[off=0.0 fallback=0.0 notready=0.0 noinput=0.0 noqueue=0.0]/s relay eval=0.0/s consume=0.0/s inplace=0.0/s(ok 0.0/s) unarmed=0.0/s mismatch=0.0/s relbusy=0.0/s relok=0.0/s relfail=0.0/s release-stage[queue=0.0 pool=0.0 fence=0.0 reset=0.0 begin=0.0 end=0.0 submit=0.0]/s watchdog=0.0/s | worker plays=0.0/s ok=0.0/s fail=0.0/s nr_absent=0.0/s copyfail=0.0/s
22:06:51.419  [fg-relay] rate3: arm->arm avg=0.00ms max=0.00ms n=0 | arm->work avg=0.00ms max=0.00ms | arm->eval avg=0.00ms max=0.00ms | copywait avg=0.000ms max=0.000ms | copy-land<= avg=0.00ms max=0.00ms | work avg=0.00ms max=0.00ms | totals armed=0 unarmed=0 skipped=0 busy=0 mismatch=0 copies_failed=0 writes=0 conflicts=0
22:06:51.419  [fg-relay] rate4: throttle depth=1 off=0 | sleep calls=53.3/s waits=0.0/s clear=0.0/s timeouts=0.0/s avg=0.00ms | present calls=53.3/s waits=0.0/s clear=0.0/s timeouts=0.0/s avg=0.00ms | max=0.00ms (process)
22:06:57.606  === Vulkan CreateFeature1 #45  feature_id=18  VkDevice=000000002F1000D0  thread 40064 ===
22:06:57.606  === Vulkan CreateFeature1 #45 returned -1160773630, handle=0000000000000000 ===
22:06:59.384  qpc=4375149517906 [focus-fg] state: enabled=1 hooked=1 foreground=0 minimized=0 hwnd=0000000008660FE6 scope_calls=52487 original_false=50940 kept=50940 presents=53133 FG_evaluates=157459
22:07:06.416  [fg-relay] rate/15.0s p2 import_opt=1: presents=53.9/s present-gate[point=53.9 ready=0.0 fallback=0.0 inactive=0.0]/s noinfo=0.0/s stale=0.0/s unlearned=0.0/s attempts=0.0/s armed=0.0/s skipped=0.0/s busy=0.0/s arm-reject[state=0.0 request=0.0 refused=0.0 stopping=0.0 res=0.0 size=0.0]/s pool[cap=0.0 family=0.0 create=0.0 alloc=0.0]/s copy-drop[fence=0.0 reset=0.0 begin=0.0 end=0.0 submit=0.0]/s cf[seq=0.0/s idle=0.0/s nrfence=0.0/s] slotbusy=0.0/s copyfence-busy=0.0/s nr-gpuwait=0.0/s flips=0.0/s
22:07:06.416  [fg-relay] rate2: fginput eval=161.6/s index!=1=0.0/s eval-gate[off=0.0 fallback=0.0 notready=0.0 noinput=0.0 noqueue=0.0]/s relay eval=0.0/s consume=0.0/s inplace=0.0/s(ok 0.0/s) unarmed=0.0/s mismatch=0.0/s relbusy=0.0/s relok=0.0/s relfail=0.0/s release-stage[queue=0.0 pool=0.0 fence=0.0 reset=0.0 begin=0.0 end=0.0 submit=0.0]/s watchdog=0.0/s | worker plays=0.0/s ok=0.0/s fail=0.0/s nr_absent=0.0/s copyfail=0.0/s
22:07:06.416  [fg-relay] rate3: arm->arm avg=0.00ms max=0.00ms n=0 | arm->work avg=0.00ms max=0.00ms | arm->eval avg=0.00ms max=0.00ms | copywait avg=0.000ms max=0.000ms | copy-land<= avg=0.00ms max=0.00ms | work avg=0.00ms max=0.00ms | totals armed=0 unarmed=0 skipped=0 busy=0 mismatch=0 copies_failed=0 writes=0 conflicts=0
22:07:06.416  [fg-relay] rate4: throttle depth=1 off=0 | sleep calls=53.9/s waits=0.0/s clear=0.0/s timeouts=0.0/s avg=0.00ms | present calls=53.9/s waits=0.0/s clear=0.0/s timeouts=0.0/s avg=0.00ms | max=0.00ms (process)
22:07:17.393  qpc=4375329600225 [focus-fg] state: enabled=1 hooked=1 foreground=0 minimized=0 hwnd=0000000008660FE6 scope_calls=53456 original_false=51909 kept=51909 presents=54102 FG_evaluates=160366
22:07:21.426  [fg-relay] rate/15.0s p2 import_opt=1: presents=53.7/s present-gate[point=53.7 ready=0.0 fallback=0.0 inactive=0.0]/s noinfo=0.0/s stale=0.0/s unlearned=0.0/s attempts=0.0/s armed=0.0/s skipped=0.0/s busy=0.0/s arm-reject[state=0.0 request=0.0 refused=0.0 stopping=0.0 res=0.0 size=0.0]/s pool[cap=0.0 family=0.0 create=0.0 alloc=0.0]/s copy-drop[fence=0.0 reset=0.0 begin=0.0 end=0.0 submit=0.0]/s cf[seq=0.0/s idle=0.0/s nrfence=0.0/s] slotbusy=0.0/s copyfence-busy=0.0/s nr-gpuwait=0.0/s flips=0.0/s
22:07:21.426  [fg-relay] rate2: fginput eval=161.0/s index!=1=0.0/s eval-gate[off=0.0 fallback=0.0 notready=0.0 noinput=0.0 noqueue=0.0]/s relay eval=0.0/s consume=0.0/s inplace=0.0/s(ok 0.0/s) unarmed=0.0/s mismatch=0.0/s relbusy=0.0/s relok=0.0/s relfail=0.0/s release-stage[queue=0.0 pool=0.0 fence=0.0 reset=0.0 begin=0.0 end=0.0 submit=0.0]/s watchdog=0.0/s | worker plays=0.0/s ok=0.0/s fail=0.0/s nr_absent=0.0/s copyfail=0.0/s
22:07:21.426  [fg-relay] rate3: arm->arm avg=0.00ms max=0.00ms n=0 | arm->work avg=0.00ms max=0.00ms | arm->eval avg=0.00ms max=0.00ms | copywait avg=0.000ms max=0.000ms | copy-land<= avg=0.00ms max=0.00ms | work avg=0.00ms max=0.00ms | totals armed=0 unarmed=0 skipped=0 busy=0 mismatch=0 copies_failed=0 writes=0 conflicts=0
22:07:21.427  [fg-relay] rate4: throttle depth=1 off=0 | sleep calls=53.7/s waits=0.0/s clear=0.0/s timeouts=0.0/s avg=0.00ms | present calls=53.7/s waits=0.0/s clear=0.0/s timeouts=0.0/s avg=0.00ms | max=0.00ms (process)
22:07:27.621  === Vulkan CreateFeature1 #46  feature_id=18  VkDevice=000000002F1000D0  thread 40064 ===
22:07:27.621  === Vulkan CreateFeature1 #46 returned -1160773630, handle=0000000000000000 ===
22:07:33.417  qpc=4375489853718 [focus-fg] state: enabled=1 hooked=1 foreground=0 minimized=0 hwnd=0000000008660FE6 scope_calls=54319 original_false=52772 kept=52772 presents=54965 FG_evaluates=162955
22:07:36.432  [fg-relay] rate/15.0s p2 import_opt=1: presents=53.9/s present-gate[point=53.9 ready=0.0 fallback=0.0 inactive=0.0]/s noinfo=0.0/s stale=0.0/s unlearned=0.0/s attempts=0.0/s armed=0.0/s skipped=0.0/s busy=0.0/s arm-reject[state=0.0 request=0.0 refused=0.0 stopping=0.0 res=0.0 size=0.0]/s pool[cap=0.0 family=0.0 create=0.0 alloc=0.0]/s copy-drop[fence=0.0 reset=0.0 begin=0.0 end=0.0 submit=0.0]/s cf[seq=0.0/s idle=0.0/s nrfence=0.0/s] slotbusy=0.0/s copyfence-busy=0.0/s nr-gpuwait=0.0/s flips=0.0/s
22:07:36.432  [fg-relay] rate2: fginput eval=161.5/s index!=1=0.0/s eval-gate[off=0.0 fallback=0.0 notready=0.0 noinput=0.0 noqueue=0.0]/s relay eval=0.0/s consume=0.0/s inplace=0.0/s(ok 0.0/s) unarmed=0.0/s mismatch=0.0/s relbusy=0.0/s relok=0.0/s relfail=0.0/s release-stage[queue=0.0 pool=0.0 fence=0.0 reset=0.0 begin=0.0 end=0.0 submit=0.0]/s watchdog=0.0/s | worker plays=0.0/s ok=0.0/s fail=0.0/s nr_absent=0.0/s copyfail=0.0/s
22:07:36.432  [fg-relay] rate3: arm->arm avg=0.00ms max=0.00ms n=0 | arm->work avg=0.00ms max=0.00ms | arm->eval avg=0.00ms max=0.00ms | copywait avg=0.000ms max=0.000ms | copy-land<= avg=0.00ms max=0.00ms | work avg=0.00ms max=0.00ms | totals armed=0 unarmed=0 skipped=0 busy=0 mismatch=0 copies_failed=0 writes=0 conflicts=0
22:07:36.433  [fg-relay] rate4: throttle depth=1 off=0 | sleep calls=53.9/s waits=0.0/s clear=0.0/s timeouts=0.0/s avg=0.00ms | present calls=53.9/s waits=0.0/s clear=0.0/s timeouts=0.0/s avg=0.00ms | max=0.00ms (process)
22:07:50.456  qpc=4375660243829 [focus-fg] state: enabled=1 hooked=1 foreground=0 minimized=0 hwnd=0000000008660FE6 scope_calls=55244 original_false=53697 kept=53697 presents=55890 FG_evaluates=165730
22:07:51.422  [fg-relay] rate/15.0s p2 import_opt=1: presents=54.3/s present-gate[point=54.3 ready=0.0 fallback=0.0 inactive=0.0]/s noinfo=0.0/s stale=0.0/s unlearned=0.0/s attempts=0.0/s armed=0.0/s skipped=0.0/s busy=0.0/s arm-reject[state=0.0 request=0.0 refused=0.0 stopping=0.0 res=0.0 size=0.0]/s pool[cap=0.0 family=0.0 create=0.0 alloc=0.0]/s copy-drop[fence=0.0 reset=0.0 begin=0.0 end=0.0 submit=0.0]/s cf[seq=0.0/s idle=0.0/s nrfence=0.0/s] slotbusy=0.0/s copyfence-busy=0.0/s nr-gpuwait=0.0/s flips=0.0/s
22:07:51.422  [fg-relay] rate2: fginput eval=162.8/s index!=1=0.0/s eval-gate[off=0.0 fallback=0.0 notready=0.0 noinput=0.0 noqueue=0.0]/s relay eval=0.0/s consume=0.0/s inplace=0.0/s(ok 0.0/s) unarmed=0.0/s mismatch=0.0/s relbusy=0.0/s relok=0.0/s relfail=0.0/s release-stage[queue=0.0 pool=0.0 fence=0.0 reset=0.0 begin=0.0 end=0.0 submit=0.0]/s watchdog=0.0/s | worker plays=0.0/s ok=0.0/s fail=0.0/s nr_absent=0.0/s copyfail=0.0/s
22:07:51.422  [fg-relay] rate3: arm->arm avg=0.00ms max=0.00ms n=0 | arm->work avg=0.00ms max=0.00ms | arm->eval avg=0.00ms max=0.00ms | copywait avg=0.000ms max=0.000ms | copy-land<= avg=0.00ms max=0.00ms | work avg=0.00ms max=0.00ms | totals armed=0 unarmed=0 skipped=0 busy=0 mismatch=0 copies_failed=0 writes=0 conflicts=0
22:07:51.422  [fg-relay] rate4: throttle depth=1 off=0 | sleep calls=54.3/s waits=0.0/s clear=0.0/s timeouts=0.0/s avg=0.00ms | present calls=54.3/s waits=0.0/s clear=0.0/s timeouts=0.0/s avg=0.00ms | max=0.00ms (process)
22:07:57.636  === Vulkan CreateFeature1 #47  feature_id=18  VkDevice=000000002F1000D0  thread 40064 ===
22:07:57.636  === Vulkan CreateFeature1 #47 returned -1160773630, handle=0000000000000000 ===
22:08:06.431  [fg-relay] rate/15.0s p2 import_opt=1: presents=54.1/s present-gate[point=54.1 ready=0.0 fallback=0.0 inactive=0.0]/s noinfo=0.0/s stale=0.0/s unlearned=0.0/s attempts=0.0/s armed=0.0/s skipped=0.0/s busy=0.0/s arm-reject[state=0.0 request=0.0 refused=0.0 stopping=0.0 res=0.0 size=0.0]/s pool[cap=0.0 family=0.0 create=0.0 alloc=0.0]/s copy-drop[fence=0.0 reset=0.0 begin=0.0 end=0.0 submit=0.0]/s cf[seq=0.0/s idle=0.0/s nrfence=0.0/s] slotbusy=0.0/s copyfence-busy=0.0/s nr-gpuwait=0.0/s flips=0.0/s
22:08:06.431  [fg-relay] rate2: fginput eval=162.1/s index!=1=0.0/s eval-gate[off=0.0 fallback=0.0 notready=0.0 noinput=0.0 noqueue=0.0]/s relay eval=0.0/s consume=0.0/s inplace=0.0/s(ok 0.0/s) unarmed=0.0/s mismatch=0.0/s relbusy=0.0/s relok=0.0/s relfail=0.0/s release-stage[queue=0.0 pool=0.0 fence=0.0 reset=0.0 begin=0.0 end=0.0 submit=0.0]/s watchdog=0.0/s | worker plays=0.0/s ok=0.0/s fail=0.0/s nr_absent=0.0/s copyfail=0.0/s
22:08:06.432  [fg-relay] rate3: arm->arm avg=0.00ms max=0.00ms n=0 | arm->work avg=0.00ms max=0.00ms | arm->eval avg=0.00ms max=0.00ms | copywait avg=0.000ms max=0.000ms | copy-land<= avg=0.00ms max=0.00ms | work avg=0.00ms max=0.00ms | totals armed=0 unarmed=0 skipped=0 busy=0 mismatch=0 copies_failed=0 writes=0 conflicts=0
22:08:06.432  [fg-relay] rate4: throttle depth=1 off=0 | sleep calls=54.1/s waits=0.0/s clear=0.0/s timeouts=0.0/s avg=0.00ms | present calls=54.1/s waits=0.0/s clear=0.0/s timeouts=0.0/s avg=0.00ms | max=0.00ms (process)
22:08:06.532  qpc=4375820993179 [focus-fg] state: enabled=1 hooked=1 foreground=0 minimized=0 hwnd=0000000008660FE6 scope_calls=56113 original_false=54566 kept=54566 presents=56759 FG_evaluates=168337
22:08:21.423  [fg-relay] rate/15.0s p2 import_opt=1: presents=53.8/s present-gate[point=53.8 ready=0.0 fallback=0.0 inactive=0.0]/s noinfo=0.0/s stale=0.0/s unlearned=0.0/s attempts=0.0/s armed=0.0/s skipped=0.0/s busy=0.0/s arm-reject[state=0.0 request=0.0 refused=0.0 stopping=0.0 res=0.0 size=0.0]/s pool[cap=0.0 family=0.0 create=0.0 alloc=0.0]/s copy-drop[fence=0.0 reset=0.0 begin=0.0 end=0.0 submit=0.0]/s cf[seq=0.0/s idle=0.0/s nrfence=0.0/s] slotbusy=0.0/s copyfence-busy=0.0/s nr-gpuwait=0.0/s flips=0.0/s
22:08:21.423  [fg-relay] rate2: fginput eval=161.5/s index!=1=0.0/s eval-gate[off=0.0 fallback=0.0 notready=0.0 noinput=0.0 noqueue=0.0]/s relay eval=0.0/s consume=0.0/s inplace=0.0/s(ok 0.0/s) unarmed=0.0/s mismatch=0.0/s relbusy=0.0/s relok=0.0/s relfail=0.0/s release-stage[queue=0.0 pool=0.0 fence=0.0 reset=0.0 begin=0.0 end=0.0 submit=0.0]/s watchdog=0.0/s | worker plays=0.0/s ok=0.0/s fail=0.0/s nr_absent=0.0/s copyfail=0.0/s
22:08:21.423  [fg-relay] rate3: arm->arm avg=0.00ms max=0.00ms n=0 | arm->work avg=0.00ms max=0.00ms | arm->eval avg=0.00ms max=0.00ms | copywait avg=0.000ms max=0.000ms | copy-land<= avg=0.00ms max=0.00ms | work avg=0.00ms max=0.00ms | totals armed=0 unarmed=0 skipped=0 busy=0 mismatch=0 copies_failed=0 writes=0 conflicts=0
22:08:21.424  [fg-relay] rate4: throttle depth=1 off=0 | sleep calls=53.8/s waits=0.0/s clear=0.0/s timeouts=0.0/s avg=0.00ms | present calls=53.8/s waits=0.0/s clear=0.0/s timeouts=0.0/s avg=0.00ms | max=0.00ms (process)
22:08:24.568  qpc=4376001352339 [focus-fg] state: enabled=1 hooked=1 foreground=0 minimized=0 hwnd=0000000008660FE6 scope_calls=57085 original_false=55538 kept=55538 presents=57731 FG_evaluates=171253
22:08:27.656  === Vulkan CreateFeature1 #48  feature_id=18  VkDevice=000000002F1000D0  thread 40064 ===
22:08:27.656  === Vulkan CreateFeature1 #48 returned -1160773630, handle=0000000000000000 ===
22:08:36.431  [fg-relay] rate/15.0s p2 import_opt=1: presents=54.3/s present-gate[point=54.3 ready=0.0 fallback=0.0 inactive=0.0]/s noinfo=0.0/s stale=0.0/s unlearned=0.0/s attempts=0.0/s armed=0.0/s skipped=0.0/s busy=0.0/s arm-reject[state=0.0 request=0.0 refused=0.0 stopping=0.0 res=0.0 size=0.0]/s pool[cap=0.0 family=0.0 create=0.0 alloc=0.0]/s copy-drop[fence=0.0 reset=0.0 begin=0.0 end=0.0 submit=0.0]/s cf[seq=0.0/s idle=0.0/s nrfence=0.0/s] slotbusy=0.0/s copyfence-busy=0.0/s nr-gpuwait=0.0/s flips=0.0/s
22:08:36.431  [fg-relay] rate2: fginput eval=162.8/s index!=1=0.0/s eval-gate[off=0.0 fallback=0.0 notready=0.0 noinput=0.0 noqueue=0.0]/s relay eval=0.0/s consume=0.0/s inplace=0.0/s(ok 0.0/s) unarmed=0.0/s mismatch=0.0/s relbusy=0.0/s relok=0.0/s relfail=0.0/s release-stage[queue=0.0 pool=0.0 fence=0.0 reset=0.0 begin=0.0 end=0.0 submit=0.0]/s watchdog=0.0/s | worker plays=0.0/s ok=0.0/s fail=0.0/s nr_absent=0.0/s copyfail=0.0/s
22:08:36.432  [fg-relay] rate3: arm->arm avg=0.00ms max=0.00ms n=0 | arm->work avg=0.00ms max=0.00ms | arm->eval avg=0.00ms max=0.00ms | copywait avg=0.000ms max=0.000ms | copy-land<= avg=0.00ms max=0.00ms | work avg=0.00ms max=0.00ms | totals armed=0 unarmed=0 skipped=0 busy=0 mismatch=0 copies_failed=0 writes=0 conflicts=0
22:08:36.432  [fg-relay] rate4: throttle depth=1 off=0 | sleep calls=54.3/s waits=0.0/s clear=0.0/s timeouts=0.0/s avg=0.00ms | present calls=54.3/s waits=0.0/s clear=0.0/s timeouts=0.0/s avg=0.00ms | max=0.00ms (process)
22:08:40.622  qpc=4376161895270 [focus-fg] state: enabled=1 hooked=1 foreground=0 minimized=0 hwnd=0000000008660FE6 scope_calls=57955 original_false=56408 kept=56408 presents=58601 FG_evaluates=173863
22:08:51.423  [fg-relay] rate/15.0s p2 import_opt=1: presents=54.0/s present-gate[point=54.0 ready=0.0 fallback=0.0 inactive=0.0]/s noinfo=0.0/s stale=0.0/s unlearned=0.0/s attempts=0.0/s armed=0.0/s skipped=0.0/s busy=0.0/s arm-reject[state=0.0 request=0.0 refused=0.0 stopping=0.0 res=0.0 size=0.0]/s pool[cap=0.0 family=0.0 create=0.0 alloc=0.0]/s copy-drop[fence=0.0 reset=0.0 begin=0.0 end=0.0 submit=0.0]/s cf[seq=0.0/s idle=0.0/s nrfence=0.0/s] slotbusy=0.0/s copyfence-busy=0.0/s nr-gpuwait=0.0/s flips=0.0/s
22:08:51.423  [fg-relay] rate2: fginput eval=162.0/s index!=1=0.0/s eval-gate[off=0.0 fallback=0.0 notready=0.0 noinput=0.0 noqueue=0.0]/s relay eval=0.0/s consume=0.0/s inplace=0.0/s(ok 0.0/s) unarmed=0.0/s mismatch=0.0/s relbusy=0.0/s relok=0.0/s relfail=0.0/s release-stage[queue=0.0 pool=0.0 fence=0.0 reset=0.0 begin=0.0 end=0.0 submit=0.0]/s watchdog=0.0/s | worker plays=0.0/s ok=0.0/s fail=0.0/s nr_absent=0.0/s copyfail=0.0/s
22:08:51.423  [fg-relay] rate3: arm->arm avg=0.00ms max=0.00ms n=0 | arm->work avg=0.00ms max=0.00ms | arm->eval avg=0.00ms max=0.00ms | copywait avg=0.000ms max=0.000ms | copy-land<= avg=0.00ms max=0.00ms | work avg=0.00ms max=0.00ms | totals armed=0 unarmed=0 skipped=0 busy=0 mismatch=0 copies_failed=0 writes=0 conflicts=0
22:08:51.423  [fg-relay] rate4: throttle depth=1 off=0 | sleep calls=54.0/s waits=0.0/s clear=0.0/s timeouts=0.0/s avg=0.00ms | present calls=54.0/s waits=0.0/s clear=0.0/s timeouts=0.0/s avg=0.00ms | max=0.00ms (process)
22:08:57.630  qpc=4376331977420 [focus-fg] state: enabled=1 hooked=1 foreground=0 minimized=0 hwnd=0000000008660FE6 scope_calls=58876 original_false=57329 kept=57329 presents=59522 FG_evaluates=176626
22:08:57.665  === Vulkan CreateFeature1 #49  feature_id=18  VkDevice=000000002F1000D0  thread 40064 ===
22:08:57.665  === Vulkan CreateFeature1 #49 returned -1160773630, handle=0000000000000000 ===
22:09:06.438  [fg-relay] rate/15.0s p2 import_opt=1: presents=54.3/s present-gate[point=54.3 ready=0.0 fallback=0.0 inactive=0.0]/s noinfo=0.0/s stale=0.0/s unlearned=0.0/s attempts=0.0/s armed=0.0/s skipped=0.0/s busy=0.0/s arm-reject[state=0.0 request=0.0 refused=0.0 stopping=0.0 res=0.0 size=0.0]/s pool[cap=0.0 family=0.0 create=0.0 alloc=0.0]/s copy-drop[fence=0.0 reset=0.0 begin=0.0 end=0.0 submit=0.0]/s cf[seq=0.0/s idle=0.0/s nrfence=0.0/s] slotbusy=0.0/s copyfence-busy=0.0/s nr-gpuwait=0.0/s flips=0.0/s
22:09:06.439  [fg-relay] rate2: fginput eval=163.0/s index!=1=0.0/s eval-gate[off=0.0 fallback=0.0 notready=0.0 noinput=0.0 noqueue=0.0]/s relay eval=0.0/s consume=0.0/s inplace=0.0/s(ok 0.0/s) unarmed=0.0/s mismatch=0.0/s relbusy=0.0/s relok=0.0/s relfail=0.0/s release-stage[queue=0.0 pool=0.0 fence=0.0 reset=0.0 begin=0.0 end=0.0 submit=0.0]/s watchdog=0.0/s | worker plays=0.0/s ok=0.0/s fail=0.0/s nr_absent=0.0/s copyfail=0.0/s
22:09:06.439  [fg-relay] rate3: arm->arm avg=0.00ms max=0.00ms n=0 | arm->work avg=0.00ms max=0.00ms | arm->eval avg=0.00ms max=0.00ms | copywait avg=0.000ms max=0.000ms | copy-land<= avg=0.00ms max=0.00ms | work avg=0.00ms max=0.00ms | totals armed=0 unarmed=0 skipped=0 busy=0 mismatch=0 copies_failed=0 writes=0 conflicts=0
22:09:06.439  [fg-relay] rate4: throttle depth=1 off=0 | sleep calls=54.3/s waits=0.0/s clear=0.0/s timeouts=0.0/s avg=0.00ms | present calls=54.3/s waits=0.0/s clear=0.0/s timeouts=0.0/s avg=0.00ms | max=0.00ms (process)
22:09:13.675  qpc=4376492420252 [focus-fg] state: enabled=1 hooked=1 foreground=0 minimized=0 hwnd=0000000008660FE6 scope_calls=59745 original_false=58198 kept=58198 presents=60391 FG_evaluates=179233
22:09:21.452  [fg-relay] rate/15.0s p2 import_opt=1: presents=54.1/s present-gate[point=54.1 ready=0.0 fallback=0.0 inactive=0.0]/s noinfo=0.0/s stale=0.0/s unlearned=0.0/s attempts=0.0/s armed=0.0/s skipped=0.0/s busy=0.0/s arm-reject[state=0.0 request=0.0 refused=0.0 stopping=0.0 res=0.0 size=0.0]/s pool[cap=0.0 family=0.0 create=0.0 alloc=0.0]/s copy-drop[fence=0.0 reset=0.0 begin=0.0 end=0.0 submit=0.0]/s cf[seq=0.0/s idle=0.0/s nrfence=0.0/s] slotbusy=0.0/s copyfence-busy=0.0/s nr-gpuwait=0.0/s flips=0.0/s
22:09:21.452  [fg-relay] rate2: fginput eval=162.4/s index!=1=0.0/s eval-gate[off=0.0 fallback=0.0 notready=0.0 noinput=0.0 noqueue=0.0]/s relay eval=0.0/s consume=0.0/s inplace=0.0/s(ok 0.0/s) unarmed=0.0/s mismatch=0.0/s relbusy=0.0/s relok=0.0/s relfail=0.0/s release-stage[queue=0.0 pool=0.0 fence=0.0 reset=0.0 begin=0.0 end=0.0 submit=0.0]/s watchdog=0.0/s | worker plays=0.0/s ok=0.0/s fail=0.0/s nr_absent=0.0/s copyfail=0.0/s
22:09:21.452  [fg-relay] rate3: arm->arm avg=0.00ms max=0.00ms n=0 | arm->work avg=0.00ms max=0.00ms | arm->eval avg=0.00ms max=0.00ms | copywait avg=0.000ms max=0.000ms | copy-land<= avg=0.00ms max=0.00ms | work avg=0.00ms max=0.00ms | totals armed=0 unarmed=0 skipped=0 busy=0 mismatch=0 copies_failed=0 writes=0 conflicts=0
22:09:21.453  [fg-relay] rate4: throttle depth=1 off=0 | sleep calls=54.1/s waits=0.0/s clear=0.0/s timeouts=0.0/s avg=0.00ms | present calls=54.1/s waits=0.0/s clear=0.0/s timeouts=0.0/s avg=0.00ms | max=0.00ms (process)
22:09:27.677  === Vulkan CreateFeature1 #50  feature_id=18  VkDevice=000000002F1000D0  thread 40064 ===
22:09:27.678  === Vulkan CreateFeature1 #50 returned -1160773630, handle=0000000000000000 ===
22:09:32.680  qpc=4376682479781 [focus-fg] state: enabled=1 hooked=1 foreground=0 minimized=0 hwnd=0000000008660FE6 scope_calls=60773 original_false=59226 kept=59226 presents=61419 FG_evaluates=182317
22:09:36.454  [fg-relay] rate/15.0s p2 import_opt=1: presents=54.1/s present-gate[point=54.1 ready=0.0 fallback=0.0 inactive=0.0]/s noinfo=0.0/s stale=0.0/s unlearned=0.0/s attempts=0.0/s armed=0.0/s skipped=0.0/s busy=0.0/s arm-reject[state=0.0 request=0.0 refused=0.0 stopping=0.0 res=0.0 size=0.0]/s pool[cap=0.0 family=0.0 create=0.0 alloc=0.0]/s copy-drop[fence=0.0 reset=0.0 begin=0.0 end=0.0 submit=0.0]/s cf[seq=0.0/s idle=0.0/s nrfence=0.0/s] slotbusy=0.0/s copyfence-busy=0.0/s nr-gpuwait=0.0/s flips=0.0/s
22:09:36.454  [fg-relay] rate2: fginput eval=162.2/s index!=1=0.0/s eval-gate[off=0.0 fallback=0.0 notready=0.0 noinput=0.0 noqueue=0.0]/s relay eval=0.0/s consume=0.0/s inplace=0.0/s(ok 0.0/s) unarmed=0.0/s mismatch=0.0/s relbusy=0.0/s relok=0.0/s relfail=0.0/s release-stage[queue=0.0 pool=0.0 fence=0.0 reset=0.0 begin=0.0 end=0.0 submit=0.0]/s watchdog=0.0/s | worker plays=0.0/s ok=0.0/s fail=0.0/s nr_absent=0.0/s copyfail=0.0/s
22:09:36.455  [fg-relay] rate3: arm->arm avg=0.00ms max=0.00ms n=0 | arm->work avg=0.00ms max=0.00ms | arm->eval avg=0.00ms max=0.00ms | copywait avg=0.000ms max=0.000ms | copy-land<= avg=0.00ms max=0.00ms | work avg=0.00ms max=0.00ms | totals armed=0 unarmed=0 skipped=0 busy=0 mismatch=0 copies_failed=0 writes=0 conflicts=0
22:09:36.455  [fg-relay] rate4: throttle depth=1 off=0 | sleep calls=54.1/s waits=0.0/s clear=0.0/s timeouts=0.0/s avg=0.00ms | present calls=54.1/s waits=0.0/s clear=0.0/s timeouts=0.0/s avg=0.00ms | max=0.00ms (process)
22:09:47.710  qpc=4376832778964 [focus-fg] state: enabled=1 hooked=1 foreground=0 minimized=0 hwnd=0000000008660FE6 scope_calls=61590 original_false=60043 kept=60043 presents=62236 FG_evaluates=184768
22:09:51.457  [fg-relay] rate/15.0s p2 import_opt=1: presents=54.2/s present-gate[point=54.2 ready=0.0 fallback=0.0 inactive=0.0]/s noinfo=0.0/s stale=0.0/s unlearned=0.0/s attempts=0.0/s armed=0.0/s skipped=0.0/s busy=0.0/s arm-reject[state=0.0 request=0.0 refused=0.0 stopping=0.0 res=0.0 size=0.0]/s pool[cap=0.0 family=0.0 create=0.0 alloc=0.0]/s copy-drop[fence=0.0 reset=0.0 begin=0.0 end=0.0 submit=0.0]/s cf[seq=0.0/s idle=0.0/s nrfence=0.0/s] slotbusy=0.0/s copyfence-busy=0.0/s nr-gpuwait=0.0/s flips=0.0/s
22:09:51.457  [fg-relay] rate2: fginput eval=162.6/s index!=1=0.0/s eval-gate[off=0.0 fallback=0.0 notready=0.0 noinput=0.0 noqueue=0.0]/s relay eval=0.0/s consume=0.0/s inplace=0.0/s(ok 0.0/s) unarmed=0.0/s mismatch=0.0/s relbusy=0.0/s relok=0.0/s relfail=0.0/s release-stage[queue=0.0 pool=0.0 fence=0.0 reset=0.0 begin=0.0 end=0.0 submit=0.0]/s watchdog=0.0/s | worker plays=0.0/s ok=0.0/s fail=0.0/s nr_absent=0.0/s copyfail=0.0/s
22:09:51.457  [fg-relay] rate3: arm->arm avg=0.00ms max=0.00ms n=0 | arm->work avg=0.00ms max=0.00ms | arm->eval avg=0.00ms max=0.00ms | copywait avg=0.000ms max=0.000ms | copy-land<= avg=0.00ms max=0.00ms | work avg=0.00ms max=0.00ms | totals armed=0 unarmed=0 skipped=0 busy=0 mismatch=0 copies_failed=0 writes=0 conflicts=0
22:09:51.457  [fg-relay] rate4: throttle depth=1 off=0 | sleep calls=54.2/s waits=0.0/s clear=0.0/s timeouts=0.0/s avg=0.00ms | present calls=54.2/s waits=0.0/s clear=0.0/s timeouts=0.0/s avg=0.00ms | max=0.00ms (process)
22:09:57.689  === Vulkan CreateFeature1 #51  feature_id=18  VkDevice=000000002F1000D0  thread 40064 ===
22:09:57.689  === Vulkan CreateFeature1 #51 returned -1160773630, handle=0000000000000000 ===
22:10:04.723  qpc=4377002909590 [focus-fg] state: enabled=1 hooked=1 foreground=0 minimized=0 hwnd=0000000008660FE6 scope_calls=62509 original_false=60962 kept=60962 presents=63155 FG_evaluates=187525
22:10:06.459  [fg-relay] rate/15.0s p2 import_opt=1: presents=54.1/s present-gate[point=54.1 ready=0.0 fallback=0.0 inactive=0.0]/s noinfo=0.0/s stale=0.0/s unlearned=0.0/s attempts=0.0/s armed=0.0/s skipped=0.0/s busy=0.0/s arm-reject[state=0.0 request=0.0 refused=0.0 stopping=0.0 res=0.0 size=0.0]/s pool[cap=0.0 family=0.0 create=0.0 alloc=0.0]/s copy-drop[fence=0.0 reset=0.0 begin=0.0 end=0.0 submit=0.0]/s cf[seq=0.0/s idle=0.0/s nrfence=0.0/s] slotbusy=0.0/s copyfence-busy=0.0/s nr-gpuwait=0.0/s flips=0.0/s
22:10:06.459  [fg-relay] rate2: fginput eval=162.4/s index!=1=0.0/s eval-gate[off=0.0 fallback=0.0 notready=0.0 noinput=0.0 noqueue=0.0]/s relay eval=0.0/s consume=0.0/s inplace=0.0/s(ok 0.0/s) unarmed=0.0/s mismatch=0.0/s relbusy=0.0/s relok=0.0/s relfail=0.0/s release-stage[queue=0.0 pool=0.0 fence=0.0 reset=0.0 begin=0.0 end=0.0 submit=0.0]/s watchdog=0.0/s | worker plays=0.0/s ok=0.0/s fail=0.0/s nr_absent=0.0/s copyfail=0.0/s
22:10:06.459  [fg-relay] rate3: arm->arm avg=0.00ms max=0.00ms n=0 | arm->work avg=0.00ms max=0.00ms | arm->eval avg=0.00ms max=0.00ms | copywait avg=0.000ms max=0.000ms | copy-land<= avg=0.00ms max=0.00ms | work avg=0.00ms max=0.00ms | totals armed=0 unarmed=0 skipped=0 busy=0 mismatch=0 copies_failed=0 writes=0 conflicts=0
22:10:06.460  [fg-relay] rate4: throttle depth=1 off=0 | sleep calls=54.1/s waits=0.0/s clear=0.0/s timeouts=0.0/s avg=0.00ms | present calls=54.1/s waits=0.0/s clear=0.0/s timeouts=0.0/s avg=0.00ms | max=0.00ms (process)
22:10:20.802  qpc=4377163696963 [focus-fg] state: enabled=1 hooked=1 foreground=0 minimized=0 hwnd=0000000008660FE6 scope_calls=63375 original_false=61828 kept=61828 presents=64021 FG_evaluates=190123
22:10:21.468  [fg-relay] rate/15.0s p2 import_opt=1: presents=53.8/s present-gate[point=53.8 ready=0.0 fallback=0.0 inactive=0.0]/s noinfo=0.0/s stale=0.0/s unlearned=0.0/s attempts=0.0/s armed=0.0/s skipped=0.0/s busy=0.0/s arm-reject[state=0.0 request=0.0 refused=0.0 stopping=0.0 res=0.0 size=0.0]/s pool[cap=0.0 family=0.0 create=0.0 alloc=0.0]/s copy-drop[fence=0.0 reset=0.0 begin=0.0 end=0.0 submit=0.0]/s cf[seq=0.0/s idle=0.0/s nrfence=0.0/s] slotbusy=0.0/s copyfence-busy=0.0/s nr-gpuwait=0.0/s flips=0.0/s
22:10:21.468  [fg-relay] rate2: fginput eval=161.4/s index!=1=0.0/s eval-gate[off=0.0 fallback=0.0 notready=0.0 noinput=0.0 noqueue=0.0]/s relay eval=0.0/s consume=0.0/s inplace=0.0/s(ok 0.0/s) unarmed=0.0/s mismatch=0.0/s relbusy=0.0/s relok=0.0/s relfail=0.0/s release-stage[queue=0.0 pool=0.0 fence=0.0 reset=0.0 begin=0.0 end=0.0 submit=0.0]/s watchdog=0.0/s | worker plays=0.0/s ok=0.0/s fail=0.0/s nr_absent=0.0/s copyfail=0.0/s
22:10:21.468  [fg-relay] rate3: arm->arm avg=0.00ms max=0.00ms n=0 | arm->work avg=0.00ms max=0.00ms | arm->eval avg=0.00ms max=0.00ms | copywait avg=0.000ms max=0.000ms | copy-land<= avg=0.00ms max=0.00ms | work avg=0.00ms max=0.00ms | totals armed=0 unarmed=0 skipped=0 busy=0 mismatch=0 copies_failed=0 writes=0 conflicts=0
22:10:21.468  [fg-relay] rate4: throttle depth=1 off=0 | sleep calls=53.8/s waits=0.0/s clear=0.0/s timeouts=0.0/s avg=0.00ms | present calls=53.8/s waits=0.0/s clear=0.0/s timeouts=0.0/s avg=0.00ms | max=0.00ms (process)
22:10:27.701  === Vulkan CreateFeature1 #52  feature_id=18  VkDevice=000000002F1000D0  thread 40064 ===
22:10:27.701  === Vulkan CreateFeature1 #52 returned -1160773630, handle=0000000000000000 ===
22:10:36.461  [fg-relay] rate/15.0s p2 import_opt=1: presents=54.4/s present-gate[point=54.4 ready=0.0 fallback=0.0 inactive=0.0]/s noinfo=0.0/s stale=0.0/s unlearned=0.0/s attempts=0.0/s armed=0.0/s skipped=0.0/s busy=0.0/s arm-reject[state=0.0 request=0.0 refused=0.0 stopping=0.0 res=0.0 size=0.0]/s pool[cap=0.0 family=0.0 create=0.0 alloc=0.0]/s copy-drop[fence=0.0 reset=0.0 begin=0.0 end=0.0 submit=0.0]/s cf[seq=0.0/s idle=0.0/s nrfence=0.0/s] slotbusy=0.0/s copyfence-busy=0.0/s nr-gpuwait=0.0/s flips=0.0/s
22:10:36.461  [fg-relay] rate2: fginput eval=163.2/s index!=1=0.0/s eval-gate[off=0.0 fallback=0.0 notready=0.0 noinput=0.0 noqueue=0.0]/s relay eval=0.0/s consume=0.0/s inplace=0.0/s(ok 0.0/s) unarmed=0.0/s mismatch=0.0/s relbusy=0.0/s relok=0.0/s relfail=0.0/s release-stage[queue=0.0 pool=0.0 fence=0.0 reset=0.0 begin=0.0 end=0.0 submit=0.0]/s watchdog=0.0/s | worker plays=0.0/s ok=0.0/s fail=0.0/s nr_absent=0.0/s copyfail=0.0/s
22:10:36.461  [fg-relay] rate3: arm->arm avg=0.00ms max=0.00ms n=0 | arm->work avg=0.00ms max=0.00ms | arm->eval avg=0.00ms max=0.00ms | copywait avg=0.000ms max=0.000ms | copy-land<= avg=0.00ms max=0.00ms | work avg=0.00ms max=0.00ms | totals armed=0 unarmed=0 skipped=0 busy=0 mismatch=0 copies_failed=0 writes=0 conflicts=0
22:10:36.462  [fg-relay] rate4: throttle depth=1 off=0 | sleep calls=54.4/s waits=0.0/s clear=0.0/s timeouts=0.0/s avg=0.00ms | present calls=54.4/s waits=0.0/s clear=0.0/s timeouts=0.0/s avg=0.00ms | max=0.00ms (process)
22:10:39.835  qpc=4377354020542 [focus-fg] state: enabled=1 hooked=1 foreground=0 minimized=0 hwnd=0000000008660FE6 scope_calls=64409 original_false=62862 kept=62862 presents=65055 FG_evaluates=193225
22:10:51.454  [fg-relay] rate/15.0s p2 import_opt=1: presents=54.1/s present-gate[point=54.1 ready=0.0 fallback=0.0 inactive=0.0]/s noinfo=0.0/s stale=0.0/s unlearned=0.0/s attempts=0.0/s armed=0.0/s skipped=0.0/s busy=0.0/s arm-reject[state=0.0 request=0.0 refused=0.0 stopping=0.0 res=0.0 size=0.0]/s pool[cap=0.0 family=0.0 create=0.0 alloc=0.0]/s copy-drop[fence=0.0 reset=0.0 begin=0.0 end=0.0 submit=0.0]/s cf[seq=0.0/s idle=0.0/s nrfence=0.0/s] slotbusy=0.0/s copyfence-busy=0.0/s nr-gpuwait=0.0/s flips=0.0/s
22:10:51.454  [fg-relay] rate2: fginput eval=162.4/s index!=1=0.0/s eval-gate[off=0.0 fallback=0.0 notready=0.0 noinput=0.0 noqueue=0.0]/s relay eval=0.0/s consume=0.0/s inplace=0.0/s(ok 0.0/s) unarmed=0.0/s mismatch=0.0/s relbusy=0.0/s relok=0.0/s relfail=0.0/s release-stage[queue=0.0 pool=0.0 fence=0.0 reset=0.0 begin=0.0 end=0.0 submit=0.0]/s watchdog=0.0/s | worker plays=0.0/s ok=0.0/s fail=0.0/s nr_absent=0.0/s copyfail=0.0/s
22:10:51.454  [fg-relay] rate3: arm->arm avg=0.00ms max=0.00ms n=0 | arm->work avg=0.00ms max=0.00ms | arm->eval avg=0.00ms max=0.00ms | copywait avg=0.000ms max=0.000ms | copy-land<= avg=0.00ms max=0.00ms | work avg=0.00ms max=0.00ms | totals armed=0 unarmed=0 skipped=0 busy=0 mismatch=0 copies_failed=0 writes=0 conflicts=0
22:10:51.454  [fg-relay] rate4: throttle depth=1 off=0 | sleep calls=54.1/s waits=0.0/s clear=0.0/s timeouts=0.0/s avg=0.00ms | present calls=54.1/s waits=0.0/s clear=0.0/s timeouts=0.0/s avg=0.00ms | max=0.00ms (process)
22:10:54.884  qpc=4377504515536 [focus-fg] state: enabled=1 hooked=1 foreground=0 minimized=0 hwnd=0000000008660FE6 scope_calls=65224 original_false=63677 kept=63677 presents=65870 FG_evaluates=195670
22:10:57.713  === Vulkan CreateFeature1 #53  feature_id=18  VkDevice=000000002F1000D0  thread 40064 ===
22:10:57.713  === Vulkan CreateFeature1 #53 returned -1160773630, handle=0000000000000000 ===
22:11:06.470  [fg-relay] rate/15.0s p2 import_opt=1: presents=54.3/s present-gate[point=54.3 ready=0.0 fallback=0.0 inactive=0.0]/s noinfo=0.0/s stale=0.0/s unlearned=0.0/s attempts=0.0/s armed=0.0/s skipped=0.0/s busy=0.0/s arm-reject[state=0.0 request=0.0 refused=0.0 stopping=0.0 res=0.0 size=0.0]/s pool[cap=0.0 family=0.0 create=0.0 alloc=0.0]/s copy-drop[fence=0.0 reset=0.0 begin=0.0 end=0.0 submit=0.0]/s cf[seq=0.0/s idle=0.0/s nrfence=0.0/s] slotbusy=0.0/s copyfence-busy=0.0/s nr-gpuwait=0.0/s flips=0.0/s
22:11:06.470  [fg-relay] rate2: fginput eval=163.0/s index!=1=0.0/s eval-gate[off=0.0 fallback=0.0 notready=0.0 noinput=0.0 noqueue=0.0]/s relay eval=0.0/s consume=0.0/s inplace=0.0/s(ok 0.0/s) unarmed=0.0/s mismatch=0.0/s relbusy=0.0/s relok=0.0/s relfail=0.0/s release-stage[queue=0.0 pool=0.0 fence=0.0 reset=0.0 begin=0.0 end=0.0 submit=0.0]/s watchdog=0.0/s | worker plays=0.0/s ok=0.0/s fail=0.0/s nr_absent=0.0/s copyfail=0.0/s
22:11:06.470  [fg-relay] rate3: arm->arm avg=0.00ms max=0.00ms n=0 | arm->work avg=0.00ms max=0.00ms | arm->eval avg=0.00ms max=0.00ms | copywait avg=0.000ms max=0.000ms | copy-land<= avg=0.00ms max=0.00ms | work avg=0.00ms max=0.00ms | totals armed=0 unarmed=0 skipped=0 busy=0 mismatch=0 copies_failed=0 writes=0 conflicts=0
22:11:06.470  [fg-relay] rate4: throttle depth=1 off=0 | sleep calls=54.3/s waits=0.0/s clear=0.0/s timeouts=0.0/s avg=0.00ms | present calls=54.3/s waits=0.0/s clear=0.0/s timeouts=0.0/s avg=0.00ms | max=0.00ms (process)
22:11:11.934  qpc=4377675009271 [focus-fg] state: enabled=1 hooked=1 foreground=0 minimized=0 hwnd=0000000008660FE6 scope_calls=66154 original_false=64607 kept=64607 presents=66800 FG_evaluates=198460
22:11:21.480  [fg-relay] rate/15.0s p2 import_opt=1: presents=54.8/s present-gate[point=54.8 ready=0.0 fallback=0.0 inactive=0.0]/s noinfo=0.0/s stale=0.0/s unlearned=0.0/s attempts=0.0/s armed=0.0/s skipped=0.0/s busy=0.0/s arm-reject[state=0.0 request=0.0 refused=0.0 stopping=0.0 res=0.0 size=0.0]/s pool[cap=0.0 family=0.0 create=0.0 alloc=0.0]/s copy-drop[fence=0.0 reset=0.0 begin=0.0 end=0.0 submit=0.0]/s cf[seq=0.0/s idle=0.0/s nrfence=0.0/s] slotbusy=0.0/s copyfence-busy=0.0/s nr-gpuwait=0.0/s flips=0.0/s
22:11:21.480  [fg-relay] rate2: fginput eval=164.4/s index!=1=0.0/s eval-gate[off=0.0 fallback=0.0 notready=0.0 noinput=0.0 noqueue=0.0]/s relay eval=0.0/s consume=0.0/s inplace=0.0/s(ok 0.0/s) unarmed=0.0/s mismatch=0.0/s relbusy=0.0/s relok=0.0/s relfail=0.0/s release-stage[queue=0.0 pool=0.0 fence=0.0 reset=0.0 begin=0.0 end=0.0 submit=0.0]/s watchdog=0.0/s | worker plays=0.0/s ok=0.0/s fail=0.0/s nr_absent=0.0/s copyfail=0.0/s
22:11:21.480  [fg-relay] rate3: arm->arm avg=0.00ms max=0.00ms n=0 | arm->work avg=0.00ms max=0.00ms | arm->eval avg=0.00ms max=0.00ms | copywait avg=0.000ms max=0.000ms | copy-land<= avg=0.00ms max=0.00ms | work avg=0.00ms max=0.00ms | totals armed=0 unarmed=0 skipped=0 busy=0 mismatch=0 copies_failed=0 writes=0 conflicts=0
22:11:21.481  [fg-relay] rate4: throttle depth=1 off=0 | sleep calls=54.8/s waits=0.0/s clear=0.0/s timeouts=0.0/s avg=0.00ms | present calls=54.8/s waits=0.0/s clear=0.0/s timeouts=0.0/s avg=0.00ms | max=0.00ms (process)
22:11:27.729  === Vulkan CreateFeature1 #54  feature_id=18  VkDevice=000000002F1000D0  thread 40064 ===
22:11:27.729  === Vulkan CreateFeature1 #54 returned -1160773630, handle=0000000000000000 ===
22:11:29.006  qpc=4377845731505 [focus-fg] state: enabled=1 hooked=1 foreground=0 minimized=0 hwnd=0000000008660FE6 scope_calls=67088 original_false=65541 kept=65541 presents=67734 FG_evaluates=201262
22:11:36.471  [fg-relay] rate/15.0s p2 import_opt=1: presents=54.6/s present-gate[point=54.6 ready=0.0 fallback=0.0 inactive=0.0]/s noinfo=0.0/s stale=0.0/s unlearned=0.0/s attempts=0.0/s armed=0.0/s skipped=0.0/s busy=0.0/s arm-reject[state=0.0 request=0.0 refused=0.0 stopping=0.0 res=0.0 size=0.0]/s pool[cap=0.0 family=0.0 create=0.0 alloc=0.0]/s copy-drop[fence=0.0 reset=0.0 begin=0.0 end=0.0 submit=0.0]/s cf[seq=0.0/s idle=0.0/s nrfence=0.0/s] slotbusy=0.0/s copyfence-busy=0.0/s nr-gpuwait=0.0/s flips=0.0/s
22:11:36.471  [fg-relay] rate2: fginput eval=163.8/s index!=1=0.0/s eval-gate[off=0.0 fallback=0.0 notready=0.0 noinput=0.0 noqueue=0.0]/s relay eval=0.0/s consume=0.0/s inplace=0.0/s(ok 0.0/s) unarmed=0.0/s mismatch=0.0/s relbusy=0.0/s relok=0.0/s relfail=0.0/s release-stage[queue=0.0 pool=0.0 fence=0.0 reset=0.0 begin=0.0 end=0.0 submit=0.0]/s watchdog=0.0/s | worker plays=0.0/s ok=0.0/s fail=0.0/s nr_absent=0.0/s copyfail=0.0/s
22:11:36.472  [fg-relay] rate3: arm->arm avg=0.00ms max=0.00ms n=0 | arm->work avg=0.00ms max=0.00ms | arm->eval avg=0.00ms max=0.00ms | copywait avg=0.000ms max=0.000ms | copy-land<= avg=0.00ms max=0.00ms | work avg=0.00ms max=0.00ms | totals armed=0 unarmed=0 skipped=0 busy=0 mismatch=0 copies_failed=0 writes=0 conflicts=0
22:11:36.472  [fg-relay] rate4: throttle depth=1 off=0 | sleep calls=54.6/s waits=0.0/s clear=0.0/s timeouts=0.0/s avg=0.00ms | present calls=54.6/s waits=0.0/s clear=0.0/s timeouts=0.0/s avg=0.00ms | max=0.00ms (process)
22:11:46.054  qpc=4378016214452 [focus-fg] state: enabled=1 hooked=1 foreground=0 minimized=0 hwnd=0000000008660FE6 scope_calls=68019 original_false=66472 kept=66472 presents=68665 FG_evaluates=204055
22:11:51.475  [fg-relay] rate/15.0s p2 import_opt=1: presents=54.8/s present-gate[point=54.8 ready=0.0 fallback=0.0 inactive=0.0]/s noinfo=0.0/s stale=0.0/s unlearned=0.0/s attempts=0.0/s armed=0.0/s skipped=0.0/s busy=0.0/s arm-reject[state=0.0 request=0.0 refused=0.0 stopping=0.0 res=0.0 size=0.0]/s pool[cap=0.0 family=0.0 create=0.0 alloc=0.0]/s copy-drop[fence=0.0 reset=0.0 begin=0.0 end=0.0 submit=0.0]/s cf[seq=0.0/s idle=0.0/s nrfence=0.0/s] slotbusy=0.0/s copyfence-busy=0.0/s nr-gpuwait=0.0/s flips=0.0/s
22:11:51.475  [fg-relay] rate2: fginput eval=164.4/s index!=1=0.0/s eval-gate[off=0.0 fallback=0.0 notready=0.0 noinput=0.0 noqueue=0.0]/s relay eval=0.0/s consume=0.0/s inplace=0.0/s(ok 0.0/s) unarmed=0.0/s mismatch=0.0/s relbusy=0.0/s relok=0.0/s relfail=0.0/s release-stage[queue=0.0 pool=0.0 fence=0.0 reset=0.0 begin=0.0 end=0.0 submit=0.0]/s watchdog=0.0/s | worker plays=0.0/s ok=0.0/s fail=0.0/s nr_absent=0.0/s copyfail=0.0/s
22:11:51.475  [fg-relay] rate3: arm->arm avg=0.00ms max=0.00ms n=0 | arm->work avg=0.00ms max=0.00ms | arm->eval avg=0.00ms max=0.00ms | copywait avg=0.000ms max=0.000ms | copy-land<= avg=0.00ms max=0.00ms | work avg=0.00ms max=0.00ms | totals armed=0 unarmed=0 skipped=0 busy=0 mismatch=0 copies_failed=0 writes=0 conflicts=0
22:11:51.475  [fg-relay] rate4: throttle depth=1 off=0 | sleep calls=54.8/s waits=0.0/s clear=0.0/s timeouts=0.0/s avg=0.00ms | present calls=54.8/s waits=0.0/s clear=0.0/s timeouts=0.0/s avg=0.00ms | max=0.00ms (process)
22:11:57.749  === Vulkan CreateFeature1 #55  feature_id=18  VkDevice=000000002F1000D0  thread 40064 ===
22:11:57.749  === Vulkan CreateFeature1 #55 returned -1160773630, handle=0000000000000000 ===
22:12:02.098  qpc=4378176652385 [focus-fg] state: enabled=1 hooked=1 foreground=0 minimized=0 hwnd=0000000008660FE6 scope_calls=68899 original_false=67352 kept=67352 presents=69545 FG_evaluates=206695
22:12:06.476  [fg-relay] rate/15.0s p2 import_opt=1: presents=54.7/s present-gate[point=54.7 ready=0.0 fallback=0.0 inactive=0.0]/s noinfo=0.0/s stale=0.0/s unlearned=0.0/s attempts=0.0/s armed=0.0/s skipped=0.0/s busy=0.0/s arm-reject[state=0.0 request=0.0 refused=0.0 stopping=0.0 res=0.0 size=0.0]/s pool[cap=0.0 family=0.0 create=0.0 alloc=0.0]/s copy-drop[fence=0.0 reset=0.0 begin=0.0 end=0.0 submit=0.0]/s cf[seq=0.0/s idle=0.0/s nrfence=0.0/s] slotbusy=0.0/s copyfence-busy=0.0/s nr-gpuwait=0.0/s flips=0.0/s
22:12:06.477  [fg-relay] rate2: fginput eval=163.9/s index!=1=0.0/s eval-gate[off=0.0 fallback=0.0 notready=0.0 noinput=0.0 noqueue=0.0]/s relay eval=0.0/s consume=0.0/s inplace=0.0/s(ok 0.0/s) unarmed=0.0/s mismatch=0.0/s relbusy=0.0/s relok=0.0/s relfail=0.0/s release-stage[queue=0.0 pool=0.0 fence=0.0 reset=0.0 begin=0.0 end=0.0 submit=0.0]/s watchdog=0.0/s | worker plays=0.0/s ok=0.0/s fail=0.0/s nr_absent=0.0/s copyfail=0.0/s
22:12:06.477  [fg-relay] rate3: arm->arm avg=0.00ms max=0.00ms n=0 | arm->work avg=0.00ms max=0.00ms | arm->eval avg=0.00ms max=0.00ms | copywait avg=0.000ms max=0.000ms | copy-land<= avg=0.00ms max=0.00ms | work avg=0.00ms max=0.00ms | totals armed=0 unarmed=0 skipped=0 busy=0 mismatch=0 copies_failed=0 writes=0 conflicts=0
22:12:06.477  [fg-relay] rate4: throttle depth=1 off=0 | sleep calls=54.7/s waits=0.0/s clear=0.0/s timeouts=0.0/s avg=0.00ms | present calls=54.7/s waits=0.0/s clear=0.0/s timeouts=0.0/s avg=0.00ms | max=0.00ms (process)
22:12:20.138  qpc=4378357058479 [focus-fg] state: enabled=1 hooked=1 foreground=0 minimized=0 hwnd=0000000008660FE6 scope_calls=69882 original_false=68335 kept=68335 presents=70528 FG_evaluates=209644
22:12:21.472  [fg-relay] rate/15.0s p2 import_opt=1: presents=54.5/s present-gate[point=54.5 ready=0.0 fallback=0.0 inactive=0.0]/s noinfo=0.0/s stale=0.0/s unlearned=0.0/s attempts=0.0/s armed=0.0/s skipped=0.0/s busy=0.0/s arm-reject[state=0.0 request=0.0 refused=0.0 stopping=0.0 res=0.0 size=0.0]/s pool[cap=0.0 family=0.0 create=0.0 alloc=0.0]/s copy-drop[fence=0.0 reset=0.0 begin=0.0 end=0.0 submit=0.0]/s cf[seq=0.0/s idle=0.0/s nrfence=0.0/s] slotbusy=0.0/s copyfence-busy=0.0/s nr-gpuwait=0.0/s flips=0.0/s
22:12:21.472  [fg-relay] rate2: fginput eval=163.3/s index!=1=0.0/s eval-gate[off=0.0 fallback=0.0 notready=0.0 noinput=0.0 noqueue=0.0]/s relay eval=0.0/s consume=0.0/s inplace=0.0/s(ok 0.0/s) unarmed=0.0/s mismatch=0.0/s relbusy=0.0/s relok=0.0/s relfail=0.0/s release-stage[queue=0.0 pool=0.0 fence=0.0 reset=0.0 begin=0.0 end=0.0 submit=0.0]/s watchdog=0.0/s | worker plays=0.0/s ok=0.0/s fail=0.0/s nr_absent=0.0/s copyfail=0.0/s
22:12:21.473  [fg-relay] rate3: arm->arm avg=0.00ms max=0.00ms n=0 | arm->work avg=0.00ms max=0.00ms | arm->eval avg=0.00ms max=0.00ms | copywait avg=0.000ms max=0.000ms | copy-land<= avg=0.00ms max=0.00ms | work avg=0.00ms max=0.00ms | totals armed=0 unarmed=0 skipped=0 busy=0 mismatch=0 copies_failed=0 writes=0 conflicts=0
22:12:21.473  [fg-relay] rate4: throttle depth=1 off=0 | sleep calls=54.5/s waits=0.0/s clear=0.0/s timeouts=0.0/s avg=0.00ms | present calls=54.5/s waits=0.0/s clear=0.0/s timeouts=0.0/s avg=0.00ms | max=0.00ms (process)
22:12:27.768  === Vulkan CreateFeature1 #56  feature_id=18  VkDevice=000000002F1000D0  thread 40064 ===
22:12:27.768  === Vulkan CreateFeature1 #56 returned -1160773630, handle=0000000000000000 ===
22:12:36.475  [fg-relay] rate/15.0s p2 import_opt=1: presents=54.5/s present-gate[point=54.5 ready=0.0 fallback=0.0 inactive=0.0]/s noinfo=0.0/s stale=0.0/s unlearned=0.0/s attempts=0.0/s armed=0.0/s skipped=0.0/s busy=0.0/s arm-reject[state=0.0 request=0.0 refused=0.0 stopping=0.0 res=0.0 size=0.0]/s pool[cap=0.0 family=0.0 create=0.0 alloc=0.0]/s copy-drop[fence=0.0 reset=0.0 begin=0.0 end=0.0 submit=0.0]/s cf[seq=0.0/s idle=0.0/s nrfence=0.0/s] slotbusy=0.0/s copyfence-busy=0.0/s nr-gpuwait=0.0/s flips=0.0/s
22:12:36.476  [fg-relay] rate2: fginput eval=163.3/s index!=1=0.0/s eval-gate[off=0.0 fallback=0.0 notready=0.0 noinput=0.0 noqueue=0.0]/s relay eval=0.0/s consume=0.0/s inplace=0.0/s(ok 0.0/s) unarmed=0.0/s mismatch=0.0/s relbusy=0.0/s relok=0.0/s relfail=0.0/s release-stage[queue=0.0 pool=0.0 fence=0.0 reset=0.0 begin=0.0 end=0.0 submit=0.0]/s watchdog=0.0/s | worker plays=0.0/s ok=0.0/s fail=0.0/s nr_absent=0.0/s copyfail=0.0/s
22:12:36.476  [fg-relay] rate3: arm->arm avg=0.00ms max=0.00ms n=0 | arm->work avg=0.00ms max=0.00ms | arm->eval avg=0.00ms max=0.00ms | copywait avg=0.000ms max=0.000ms | copy-land<= avg=0.00ms max=0.00ms | work avg=0.00ms max=0.00ms | totals armed=0 unarmed=0 skipped=0 busy=0 mismatch=0 copies_failed=0 writes=0 conflicts=0
22:12:36.476  [fg-relay] rate4: throttle depth=1 off=0 | sleep calls=54.5/s waits=0.0/s clear=0.0/s timeouts=0.0/s avg=0.00ms | present calls=54.5/s waits=0.0/s clear=0.0/s timeouts=0.0/s avg=0.00ms | max=0.00ms (process)
22:12:39.178  qpc=4378547458859 [focus-fg] state: enabled=1 hooked=1 foreground=0 minimized=0 hwnd=0000000008660FE6 scope_calls=70920 original_false=69373 kept=69373 presents=71566 FG_evaluates=212758
22:12:51.470  [fg-relay] rate/15.0s p2 import_opt=1: presents=54.5/s present-gate[point=54.5 ready=0.0 fallback=0.0 inactive=0.0]/s noinfo=0.0/s stale=0.0/s unlearned=0.0/s attempts=0.0/s armed=0.0/s skipped=0.0/s busy=0.0/s arm-reject[state=0.0 request=0.0 refused=0.0 stopping=0.0 res=0.0 size=0.0]/s pool[cap=0.0 family=0.0 create=0.0 alloc=0.0]/s copy-drop[fence=0.0 reset=0.0 begin=0.0 end=0.0 submit=0.0]/s cf[seq=0.0/s idle=0.0/s nrfence=0.0/s] slotbusy=0.0/s copyfence-busy=0.0/s nr-gpuwait=0.0/s flips=0.0/s
22:12:51.470  [fg-relay] rate2: fginput eval=163.3/s index!=1=0.0/s eval-gate[off=0.0 fallback=0.0 notready=0.0 noinput=0.0 noqueue=0.0]/s relay eval=0.0/s consume=0.0/s inplace=0.0/s(ok 0.0/s) unarmed=0.0/s mismatch=0.0/s relbusy=0.0/s relok=0.0/s relfail=0.0/s release-stage[queue=0.0 pool=0.0 fence=0.0 reset=0.0 begin=0.0 end=0.0 submit=0.0]/s watchdog=0.0/s | worker plays=0.0/s ok=0.0/s fail=0.0/s nr_absent=0.0/s copyfail=0.0/s
22:12:51.470  [fg-relay] rate3: arm->arm avg=0.00ms max=0.00ms n=0 | arm->work avg=0.00ms max=0.00ms | arm->eval avg=0.00ms max=0.00ms | copywait avg=0.000ms max=0.000ms | copy-land<= avg=0.00ms max=0.00ms | work avg=0.00ms max=0.00ms | totals armed=0 unarmed=0 skipped=0 busy=0 mismatch=0 copies_failed=0 writes=0 conflicts=0
22:12:51.470  [fg-relay] rate4: throttle depth=1 off=0 | sleep calls=54.5/s waits=0.0/s clear=0.0/s timeouts=0.0/s avg=0.00ms | present calls=54.5/s waits=0.0/s clear=0.0/s timeouts=0.0/s avg=0.00ms | max=0.00ms (process)
22:12:57.207  qpc=4378727742548 [focus-fg] state: enabled=1 hooked=1 foreground=0 minimized=0 hwnd=0000000008660FE6 scope_calls=71901 original_false=70354 kept=70354 presents=72547 FG_evaluates=215701
22:12:57.769  === Vulkan CreateFeature1 #57  feature_id=18  VkDevice=000000002F1000D0  thread 40064 ===
22:12:57.769  === Vulkan CreateFeature1 #57 returned -1160773630, handle=0000000000000000 ===
22:13:06.474  [fg-relay] rate/15.0s p2 import_opt=1: presents=54.1/s present-gate[point=54.1 ready=0.0 fallback=0.0 inactive=0.0]/s noinfo=0.0/s stale=0.0/s unlearned=0.0/s attempts=0.0/s armed=0.0/s skipped=0.0/s busy=0.0/s arm-reject[state=0.0 request=0.0 refused=0.0 stopping=0.0 res=0.0 size=0.0]/s pool[cap=0.0 family=0.0 create=0.0 alloc=0.0]/s copy-drop[fence=0.0 reset=0.0 begin=0.0 end=0.0 submit=0.0]/s cf[seq=0.0/s idle=0.0/s nrfence=0.0/s] slotbusy=0.0/s copyfence-busy=0.0/s nr-gpuwait=0.0/s flips=0.0/s
22:13:06.474  [fg-relay] rate2: fginput eval=162.2/s index!=1=0.0/s eval-gate[off=0.0 fallback=0.0 notready=0.0 noinput=0.0 noqueue=0.0]/s relay eval=0.0/s consume=0.0/s inplace=0.0/s(ok 0.0/s) unarmed=0.0/s mismatch=0.0/s relbusy=0.0/s relok=0.0/s relfail=0.0/s release-stage[queue=0.0 pool=0.0 fence=0.0 reset=0.0 begin=0.0 end=0.0 submit=0.0]/s watchdog=0.0/s | worker plays=0.0/s ok=0.0/s fail=0.0/s nr_absent=0.0/s copyfail=0.0/s
22:13:06.475  [fg-relay] rate3: arm->arm avg=0.00ms max=0.00ms n=0 | arm->work avg=0.00ms max=0.00ms | arm->eval avg=0.00ms max=0.00ms | copywait avg=0.000ms max=0.000ms | copy-land<= avg=0.00ms max=0.00ms | work avg=0.00ms max=0.00ms | totals armed=0 unarmed=0 skipped=0 busy=0 mismatch=0 copies_failed=0 writes=0 conflicts=0
22:13:06.475  [fg-relay] rate4: throttle depth=1 off=0 | sleep calls=54.1/s waits=0.0/s clear=0.0/s timeouts=0.0/s avg=0.00ms | present calls=54.1/s waits=0.0/s clear=0.0/s timeouts=0.0/s avg=0.00ms | max=0.00ms (process)
22:13:13.266  qpc=4378888339750 [focus-fg] state: enabled=1 hooked=1 foreground=0 minimized=0 hwnd=0000000008660FE6 scope_calls=72766 original_false=71219 kept=71219 presents=73412 FG_evaluates=218296
22:13:21.472  [fg-relay] rate/15.0s p2 import_opt=1: presents=53.9/s present-gate[point=53.9 ready=0.0 fallback=0.0 inactive=0.0]/s noinfo=0.0/s stale=0.0/s unlearned=0.0/s attempts=0.0/s armed=0.0/s skipped=0.0/s busy=0.0/s arm-reject[state=0.0 request=0.0 refused=0.0 stopping=0.0 res=0.0 size=0.0]/s pool[cap=0.0 family=0.0 create=0.0 alloc=0.0]/s copy-drop[fence=0.0 reset=0.0 begin=0.0 end=0.0 submit=0.0]/s cf[seq=0.0/s idle=0.0/s nrfence=0.0/s] slotbusy=0.0/s copyfence-busy=0.0/s nr-gpuwait=0.0/s flips=0.0/s
22:13:21.473  [fg-relay] rate2: fginput eval=161.9/s index!=1=0.0/s eval-gate[off=0.0 fallback=0.0 notready=0.0 noinput=0.0 noqueue=0.0]/s relay eval=0.0/s consume=0.0/s inplace=0.0/s(ok 0.0/s) unarmed=0.0/s mismatch=0.0/s relbusy=0.0/s relok=0.0/s relfail=0.0/s release-stage[queue=0.0 pool=0.0 fence=0.0 reset=0.0 begin=0.0 end=0.0 submit=0.0]/s watchdog=0.0/s | worker plays=0.0/s ok=0.0/s fail=0.0/s nr_absent=0.0/s copyfail=0.0/s
22:13:21.473  [fg-relay] rate3: arm->arm avg=0.00ms max=0.00ms n=0 | arm->work avg=0.00ms max=0.00ms | arm->eval avg=0.00ms max=0.00ms | copywait avg=0.000ms max=0.000ms | copy-land<= avg=0.00ms max=0.00ms | work avg=0.00ms max=0.00ms | totals armed=0 unarmed=0 skipped=0 busy=0 mismatch=0 copies_failed=0 writes=0 conflicts=0
22:13:21.473  [fg-relay] rate4: throttle depth=1 off=0 | sleep calls=53.9/s waits=0.0/s clear=0.0/s timeouts=0.0/s avg=0.00ms | present calls=53.9/s waits=0.0/s clear=0.0/s timeouts=0.0/s avg=0.00ms | max=0.00ms (process)
22:13:27.772  === Vulkan CreateFeature1 #58  feature_id=18  VkDevice=000000002F1000D0  thread 40064 ===
22:13:27.773  === Vulkan CreateFeature1 #58 returned -1160773630, handle=0000000000000000 ===
22:13:30.291  qpc=4379058589100 [focus-fg] state: enabled=1 hooked=1 foreground=0 minimized=0 hwnd=0000000008660FE6 scope_calls=73685 original_false=72138 kept=72138 presents=74331 FG_evaluates=221050
22:13:36.478  [fg-relay] rate/15.0s p2 import_opt=1: presents=53.9/s present-gate[point=53.9 ready=0.0 fallback=0.0 inactive=0.0]/s noinfo=0.0/s stale=0.0/s unlearned=0.0/s attempts=0.0/s armed=0.0/s skipped=0.0/s busy=0.0/s arm-reject[state=0.0 request=0.0 refused=0.0 stopping=0.0 res=0.0 size=0.0]/s pool[cap=0.0 family=0.0 create=0.0 alloc=0.0]/s copy-drop[fence=0.0 reset=0.0 begin=0.0 end=0.0 submit=0.0]/s cf[seq=0.0/s idle=0.0/s nrfence=0.0/s] slotbusy=0.0/s copyfence-busy=0.0/s nr-gpuwait=0.0/s flips=0.0/s
22:13:36.478  [fg-relay] rate2: fginput eval=161.6/s index!=1=0.0/s eval-gate[off=0.0 fallback=0.0 notready=0.0 noinput=0.0 noqueue=0.0]/s relay eval=0.0/s consume=0.0/s inplace=0.0/s(ok 0.0/s) unarmed=0.0/s mismatch=0.0/s relbusy=0.0/s relok=0.0/s relfail=0.0/s release-stage[queue=0.0 pool=0.0 fence=0.0 reset=0.0 begin=0.0 end=0.0 submit=0.0]/s watchdog=0.0/s | worker plays=0.0/s ok=0.0/s fail=0.0/s nr_absent=0.0/s copyfail=0.0/s
22:13:36.479  [fg-relay] rate3: arm->arm avg=0.00ms max=0.00ms n=0 | arm->work avg=0.00ms max=0.00ms | arm->eval avg=0.00ms max=0.00ms | copywait avg=0.000ms max=0.000ms | copy-land<= avg=0.00ms max=0.00ms | work avg=0.00ms max=0.00ms | totals armed=0 unarmed=0 skipped=0 busy=0 mismatch=0 copies_failed=0 writes=0 conflicts=0
22:13:36.479  [fg-relay] rate4: throttle depth=1 off=0 | sleep calls=53.9/s waits=0.0/s clear=0.0/s timeouts=0.0/s avg=0.00ms | present calls=53.9/s waits=0.0/s clear=0.0/s timeouts=0.0/s avg=0.00ms | max=0.00ms (process)
22:13:46.332  qpc=4379218992869 [focus-fg] state: enabled=1 hooked=1 foreground=0 minimized=0 hwnd=0000000008660FE6 scope_calls=74551 original_false=73004 kept=73004 presents=75197 FG_evaluates=223651
22:13:51.471  [fg-relay] rate/15.0s p2 import_opt=1: presents=54.1/s present-gate[point=54.1 ready=0.0 fallback=0.0 inactive=0.0]/s noinfo=0.0/s stale=0.0/s unlearned=0.0/s attempts=0.0/s armed=0.0/s skipped=0.0/s busy=0.0/s arm-reject[state=0.0 request=0.0 refused=0.0 stopping=0.0 res=0.0 size=0.0]/s pool[cap=0.0 family=0.0 create=0.0 alloc=0.0]/s copy-drop[fence=0.0 reset=0.0 begin=0.0 end=0.0 submit=0.0]/s cf[seq=0.0/s idle=0.0/s nrfence=0.0/s] slotbusy=0.0/s copyfence-busy=0.0/s nr-gpuwait=0.0/s flips=0.0/s
22:13:51.471  [fg-relay] rate2: fginput eval=162.4/s index!=1=0.0/s eval-gate[off=0.0 fallback=0.0 notready=0.0 noinput=0.0 noqueue=0.0]/s relay eval=0.0/s consume=0.0/s inplace=0.0/s(ok 0.0/s) unarmed=0.0/s mismatch=0.0/s relbusy=0.0/s relok=0.0/s relfail=0.0/s release-stage[queue=0.0 pool=0.0 fence=0.0 reset=0.0 begin=0.0 end=0.0 submit=0.0]/s watchdog=0.0/s | worker plays=0.0/s ok=0.0/s fail=0.0/s nr_absent=0.0/s copyfail=0.0/s
22:13:51.471  [fg-relay] rate3: arm->arm avg=0.00ms max=0.00ms n=0 | arm->work avg=0.00ms max=0.00ms | arm->eval avg=0.00ms max=0.00ms | copywait avg=0.000ms max=0.000ms | copy-land<= avg=0.00ms max=0.00ms | work avg=0.00ms max=0.00ms | totals armed=0 unarmed=0 skipped=0 busy=0 mismatch=0 copies_failed=0 writes=0 conflicts=0
22:13:51.471  [fg-relay] rate4: throttle depth=1 off=0 | sleep calls=54.1/s waits=0.0/s clear=0.0/s timeouts=0.0/s avg=0.00ms | present calls=54.1/s waits=0.0/s clear=0.0/s timeouts=0.0/s avg=0.00ms | max=0.00ms (process)
22:13:57.785  === Vulkan CreateFeature1 #59  feature_id=18  VkDevice=000000002F1000D0  thread 40064 ===
22:13:57.785  === Vulkan CreateFeature1 #59 returned -1160773630, handle=0000000000000000 ===
22:14:04.349  qpc=4379399157692 [focus-fg] state: enabled=1 hooked=1 foreground=0 minimized=0 hwnd=0000000008660FE6 scope_calls=75529 original_false=73982 kept=73982 presents=76175 FG_evaluates=226585
22:14:06.471  [fg-relay] rate/15.0s p2 import_opt=1: presents=54.3/s present-gate[point=54.3 ready=0.0 fallback=0.0 inactive=0.0]/s noinfo=0.0/s stale=0.0/s unlearned=0.0/s attempts=0.0/s armed=0.0/s skipped=0.0/s busy=0.0/s arm-reject[state=0.0 request=0.0 refused=0.0 stopping=0.0 res=0.0 size=0.0]/s pool[cap=0.0 family=0.0 create=0.0 alloc=0.0]/s copy-drop[fence=0.0 reset=0.0 begin=0.0 end=0.0 submit=0.0]/s cf[seq=0.0/s idle=0.0/s nrfence=0.0/s] slotbusy=0.0/s copyfence-busy=0.0/s nr-gpuwait=0.0/s flips=0.0/s
22:14:06.471  [fg-relay] rate2: fginput eval=163.0/s index!=1=0.0/s eval-gate[off=0.0 fallback=0.0 notready=0.0 noinput=0.0 noqueue=0.0]/s relay eval=0.0/s consume=0.0/s inplace=0.0/s(ok 0.0/s) unarmed=0.0/s mismatch=0.0/s relbusy=0.0/s relok=0.0/s relfail=0.0/s release-stage[queue=0.0 pool=0.0 fence=0.0 reset=0.0 begin=0.0 end=0.0 submit=0.0]/s watchdog=0.0/s | worker plays=0.0/s ok=0.0/s fail=0.0/s nr_absent=0.0/s copyfail=0.0/s
22:14:06.471  [fg-relay] rate3: arm->arm avg=0.00ms max=0.00ms n=0 | arm->work avg=0.00ms max=0.00ms | arm->eval avg=0.00ms max=0.00ms | copywait avg=0.000ms max=0.000ms | copy-land<= avg=0.00ms max=0.00ms | work avg=0.00ms max=0.00ms | totals armed=0 unarmed=0 skipped=0 busy=0 mismatch=0 copies_failed=0 writes=0 conflicts=0
22:14:06.471  [fg-relay] rate4: throttle depth=1 off=0 | sleep calls=54.3/s waits=0.0/s clear=0.0/s timeouts=0.0/s avg=0.00ms | present calls=54.3/s waits=0.0/s clear=0.0/s timeouts=0.0/s avg=0.00ms | max=0.00ms (process)
22:14:21.429  qpc=4379569964870 [focus-fg] state: enabled=1 hooked=1 foreground=0 minimized=0 hwnd=0000000008660FE6 scope_calls=76453 original_false=74906 kept=74906 presents=77099 FG_evaluates=229357
22:14:21.481  [fg-relay] rate/15.0s p2 import_opt=1: presents=54.1/s present-gate[point=54.1 ready=0.0 fallback=0.0 inactive=0.0]/s noinfo=0.0/s stale=0.0/s unlearned=0.0/s attempts=0.0/s armed=0.0/s skipped=0.0/s busy=0.0/s arm-reject[state=0.0 request=0.0 refused=0.0 stopping=0.0 res=0.0 size=0.0]/s pool[cap=0.0 family=0.0 create=0.0 alloc=0.0]/s copy-drop[fence=0.0 reset=0.0 begin=0.0 end=0.0 submit=0.0]/s cf[seq=0.0/s idle=0.0/s nrfence=0.0/s] slotbusy=0.0/s copyfence-busy=0.0/s nr-gpuwait=0.0/s flips=0.0/s
22:14:21.481  [fg-relay] rate2: fginput eval=162.2/s index!=1=0.0/s eval-gate[off=0.0 fallback=0.0 notready=0.0 noinput=0.0 noqueue=0.0]/s relay eval=0.0/s consume=0.0/s inplace=0.0/s(ok 0.0/s) unarmed=0.0/s mismatch=0.0/s relbusy=0.0/s relok=0.0/s relfail=0.0/s release-stage[queue=0.0 pool=0.0 fence=0.0 reset=0.0 begin=0.0 end=0.0 submit=0.0]/s watchdog=0.0/s | worker plays=0.0/s ok=0.0/s fail=0.0/s nr_absent=0.0/s copyfail=0.0/s
22:14:21.481  [fg-relay] rate3: arm->arm avg=0.00ms max=0.00ms n=0 | arm->work avg=0.00ms max=0.00ms | arm->eval avg=0.00ms max=0.00ms | copywait avg=0.000ms max=0.000ms | copy-land<= avg=0.00ms max=0.00ms | work avg=0.00ms max=0.00ms | totals armed=0 unarmed=0 skipped=0 busy=0 mismatch=0 copies_failed=0 writes=0 conflicts=0
22:14:21.481  [fg-relay] rate4: throttle depth=1 off=0 | sleep calls=54.1/s waits=0.0/s clear=0.0/s timeouts=0.0/s avg=0.00ms | present calls=54.1/s waits=0.0/s clear=0.0/s timeouts=0.0/s avg=0.00ms | max=0.00ms (process)
22:14:27.794  === Vulkan CreateFeature1 #60  feature_id=18  VkDevice=000000002F1000D0  thread 40064 ===
22:14:27.794  === Vulkan CreateFeature1 #60 returned -1160773630, handle=0000000000000000 ===
22:14:36.485  [fg-relay] rate/15.0s p2 import_opt=1: presents=54.0/s present-gate[point=54.0 ready=0.0 fallback=0.0 inactive=0.0]/s noinfo=0.0/s stale=0.0/s unlearned=0.0/s attempts=0.0/s armed=0.0/s skipped=0.0/s busy=0.0/s arm-reject[state=0.0 request=0.0 refused=0.0 stopping=0.0 res=0.0 size=0.0]/s pool[cap=0.0 family=0.0 create=0.0 alloc=0.0]/s copy-drop[fence=0.0 reset=0.0 begin=0.0 end=0.0 submit=0.0]/s cf[seq=0.0/s idle=0.0/s nrfence=0.0/s] slotbusy=0.0/s copyfence-busy=0.0/s nr-gpuwait=0.0/s flips=0.0/s
22:14:36.485  [fg-relay] rate2: fginput eval=161.9/s index!=1=0.0/s eval-gate[off=0.0 fallback=0.0 notready=0.0 noinput=0.0 noqueue=0.0]/s relay eval=0.0/s consume=0.0/s inplace=0.0/s(ok 0.0/s) unarmed=0.0/s mismatch=0.0/s relbusy=0.0/s relok=0.0/s relfail=0.0/s release-stage[queue=0.0 pool=0.0 fence=0.0 reset=0.0 begin=0.0 end=0.0 submit=0.0]/s watchdog=0.0/s | worker plays=0.0/s ok=0.0/s fail=0.0/s nr_absent=0.0/s copyfail=0.0/s
22:14:36.485  [fg-relay] rate3: arm->arm avg=0.00ms max=0.00ms n=0 | arm->work avg=0.00ms max=0.00ms | arm->eval avg=0.00ms max=0.00ms | copywait avg=0.000ms max=0.000ms | copy-land<= avg=0.00ms max=0.00ms | work avg=0.00ms max=0.00ms | totals armed=0 unarmed=0 skipped=0 busy=0 mismatch=0 copies_failed=0 writes=0 conflicts=0
22:14:36.485  [fg-relay] rate4: throttle depth=1 off=0 | sleep calls=54.0/s waits=0.0/s clear=0.0/s timeouts=0.0/s avg=0.00ms | present calls=54.0/s waits=0.0/s clear=0.0/s timeouts=0.0/s avg=0.00ms | max=0.00ms (process)
22:14:39.476  qpc=4379750431700 [focus-fg] state: enabled=1 hooked=1 foreground=0 minimized=0 hwnd=0000000008660FE6 scope_calls=77428 original_false=75881 kept=75881 presents=78074 FG_evaluates=232282
22:14:51.487  [fg-relay] rate/15.0s p2 import_opt=1: presents=53.9/s present-gate[point=53.9 ready=0.0 fallback=0.0 inactive=0.0]/s noinfo=0.0/s stale=0.0/s unlearned=0.0/s attempts=0.0/s armed=0.0/s skipped=0.0/s busy=0.0/s arm-reject[state=0.0 request=0.0 refused=0.0 stopping=0.0 res=0.0 size=0.0]/s pool[cap=0.0 family=0.0 create=0.0 alloc=0.0]/s copy-drop[fence=0.0 reset=0.0 begin=0.0 end=0.0 submit=0.0]/s cf[seq=0.0/s idle=0.0/s nrfence=0.0/s] slotbusy=0.0/s copyfence-busy=0.0/s nr-gpuwait=0.0/s flips=0.0/s
22:14:51.488  [fg-relay] rate2: fginput eval=161.7/s index!=1=0.0/s eval-gate[off=0.0 fallback=0.0 notready=0.0 noinput=0.0 noqueue=0.0]/s relay eval=0.0/s consume=0.0/s inplace=0.0/s(ok 0.0/s) unarmed=0.0/s mismatch=0.0/s relbusy=0.0/s relok=0.0/s relfail=0.0/s release-stage[queue=0.0 pool=0.0 fence=0.0 reset=0.0 begin=0.0 end=0.0 submit=0.0]/s watchdog=0.0/s | worker plays=0.0/s ok=0.0/s fail=0.0/s nr_absent=0.0/s copyfail=0.0/s
22:14:51.488  [fg-relay] rate3: arm->arm avg=0.00ms max=0.00ms n=0 | arm->work avg=0.00ms max=0.00ms | arm->eval avg=0.00ms max=0.00ms | copywait avg=0.000ms max=0.000ms | copy-land<= avg=0.00ms max=0.00ms | work avg=0.00ms max=0.00ms | totals armed=0 unarmed=0 skipped=0 busy=0 mismatch=0 copies_failed=0 writes=0 conflicts=0
22:14:51.488  [fg-relay] rate4: throttle depth=1 off=0 | sleep calls=53.9/s waits=0.0/s clear=0.0/s timeouts=0.0/s avg=0.00ms | present calls=53.9/s waits=0.0/s clear=0.0/s timeouts=0.0/s avg=0.00ms | max=0.00ms (process)
22:14:54.534  qpc=4379901021596 [focus-fg] state: enabled=1 hooked=1 foreground=0 minimized=0 hwnd=0000000008660FE6 scope_calls=78239 original_false=76692 kept=76692 presents=78885 FG_evaluates=234715
22:14:57.810  === Vulkan CreateFeature1 #61  feature_id=18  VkDevice=000000002F1000D0  thread 40064 ===
22:14:57.810  === Vulkan CreateFeature1 #61 returned -1160773630, handle=0000000000000000 ===
22:15:06.486  [fg-relay] rate/15.0s p2 import_opt=1: presents=53.9/s present-gate[point=53.9 ready=0.0 fallback=0.0 inactive=0.0]/s noinfo=0.0/s stale=0.0/s unlearned=0.0/s attempts=0.0/s armed=0.0/s skipped=0.0/s busy=0.0/s arm-reject[state=0.0 request=0.0 refused=0.0 stopping=0.0 res=0.0 size=0.0]/s pool[cap=0.0 family=0.0 create=0.0 alloc=0.0]/s copy-drop[fence=0.0 reset=0.0 begin=0.0 end=0.0 submit=0.0]/s cf[seq=0.0/s idle=0.0/s nrfence=0.0/s] slotbusy=0.0/s copyfence-busy=0.0/s nr-gpuwait=0.0/s flips=0.0/s
22:15:06.486  [fg-relay] rate2: fginput eval=161.6/s index!=1=0.0/s eval-gate[off=0.0 fallback=0.0 notready=0.0 noinput=0.0 noqueue=0.0]/s relay eval=0.0/s consume=0.0/s inplace=0.0/s(ok 0.0/s) unarmed=0.0/s mismatch=0.0/s relbusy=0.0/s relok=0.0/s relfail=0.0/s release-stage[queue=0.0 pool=0.0 fence=0.0 reset=0.0 begin=0.0 end=0.0 submit=0.0]/s watchdog=0.0/s | worker plays=0.0/s ok=0.0/s fail=0.0/s nr_absent=0.0/s copyfail=0.0/s
22:15:06.486  [fg-relay] rate3: arm->arm avg=0.00ms max=0.00ms n=0 | arm->work avg=0.00ms max=0.00ms | arm->eval avg=0.00ms max=0.00ms | copywait avg=0.000ms max=0.000ms | copy-land<= avg=0.00ms max=0.00ms | work avg=0.00ms max=0.00ms | totals armed=0 unarmed=0 skipped=0 busy=0 mismatch=0 copies_failed=0 writes=0 conflicts=0
22:15:06.486  [fg-relay] rate4: throttle depth=1 off=0 | sleep calls=53.9/s waits=0.0/s clear=0.0/s timeouts=0.0/s avg=0.00ms | present calls=53.9/s waits=0.0/s clear=0.0/s timeouts=0.0/s avg=0.00ms | max=0.00ms (process)
22:15:11.566  qpc=4380071335229 [focus-fg] state: enabled=1 hooked=1 foreground=0 minimized=0 hwnd=0000000008660FE6 scope_calls=79160 original_false=77613 kept=77613 presents=79806 FG_evaluates=237478
22:15:21.488  [fg-relay] rate/15.0s p2 import_opt=1: presents=54.7/s present-gate[point=54.7 ready=0.0 fallback=0.0 inactive=0.0]/s noinfo=0.0/s stale=0.0/s unlearned=0.0/s attempts=0.0/s armed=0.0/s skipped=0.0/s busy=0.0/s arm-reject[state=0.0 request=0.0 refused=0.0 stopping=0.0 res=0.0 size=0.0]/s pool[cap=0.0 family=0.0 create=0.0 alloc=0.0]/s copy-drop[fence=0.0 reset=0.0 begin=0.0 end=0.0 submit=0.0]/s cf[seq=0.0/s idle=0.0/s nrfence=0.0/s] slotbusy=0.0/s copyfence-busy=0.0/s nr-gpuwait=0.0/s flips=0.0/s
22:15:21.489  [fg-relay] rate2: fginput eval=164.2/s index!=1=0.0/s eval-gate[off=0.0 fallback=0.0 notready=0.0 noinput=0.0 noqueue=0.0]/s relay eval=0.0/s consume=0.0/s inplace=0.0/s(ok 0.0/s) unarmed=0.0/s mismatch=0.0/s relbusy=0.0/s relok=0.0/s relfail=0.0/s release-stage[queue=0.0 pool=0.0 fence=0.0 reset=0.0 begin=0.0 end=0.0 submit=0.0]/s watchdog=0.0/s | worker plays=0.0/s ok=0.0/s fail=0.0/s nr_absent=0.0/s copyfail=0.0/s
22:15:21.489  [fg-relay] rate3: arm->arm avg=0.00ms max=0.00ms n=0 | arm->work avg=0.00ms max=0.00ms | arm->eval avg=0.00ms max=0.00ms | copywait avg=0.000ms max=0.000ms | copy-land<= avg=0.00ms max=0.00ms | work avg=0.00ms max=0.00ms | totals armed=0 unarmed=0 skipped=0 busy=0 mismatch=0 copies_failed=0 writes=0 conflicts=0
22:15:21.489  [fg-relay] rate4: throttle depth=1 off=0 | sleep calls=54.7/s waits=0.0/s clear=0.0/s timeouts=0.0/s avg=0.00ms | present calls=54.7/s waits=0.0/s clear=0.0/s timeouts=0.0/s avg=0.00ms | max=0.00ms (process)
22:15:27.821  === Vulkan CreateFeature1 #62  feature_id=18  VkDevice=000000002F1000D0  thread 40064 ===
22:15:27.822  === Vulkan CreateFeature1 #62 returned -1160773630, handle=0000000000000000 ===
22:15:28.609  qpc=4380241766204 [focus-fg] state: enabled=1 hooked=1 foreground=0 minimized=0 hwnd=0000000008660FE6 scope_calls=80093 original_false=78546 kept=78546 presents=80739 FG_evaluates=240277
22:15:36.486  [fg-relay] rate/15.0s p2 import_opt=1: presents=54.3/s present-gate[point=54.3 ready=0.0 fallback=0.0 inactive=0.0]/s noinfo=0.0/s stale=0.0/s unlearned=0.0/s attempts=0.0/s armed=0.0/s skipped=0.0/s busy=0.0/s arm-reject[state=0.0 request=0.0 refused=0.0 stopping=0.0 res=0.0 size=0.0]/s pool[cap=0.0 family=0.0 create=0.0 alloc=0.0]/s copy-drop[fence=0.0 reset=0.0 begin=0.0 end=0.0 submit=0.0]/s cf[seq=0.0/s idle=0.0/s nrfence=0.0/s] slotbusy=0.0/s copyfence-busy=0.0/s nr-gpuwait=0.0/s flips=0.0/s
22:15:36.486  [fg-relay] rate2: fginput eval=163.0/s index!=1=0.0/s eval-gate[off=0.0 fallback=0.0 notready=0.0 noinput=0.0 noqueue=0.0]/s relay eval=0.0/s consume=0.0/s inplace=0.0/s(ok 0.0/s) unarmed=0.0/s mismatch=0.0/s relbusy=0.0/s relok=0.0/s relfail=0.0/s release-stage[queue=0.0 pool=0.0 fence=0.0 reset=0.0 begin=0.0 end=0.0 submit=0.0]/s watchdog=0.0/s | worker plays=0.0/s ok=0.0/s fail=0.0/s nr_absent=0.0/s copyfail=0.0/s
22:15:36.487  [fg-relay] rate3: arm->arm avg=0.00ms max=0.00ms n=0 | arm->work avg=0.00ms max=0.00ms | arm->eval avg=0.00ms max=0.00ms | copywait avg=0.000ms max=0.000ms | copy-land<= avg=0.00ms max=0.00ms | work avg=0.00ms max=0.00ms | totals armed=0 unarmed=0 skipped=0 busy=0 mismatch=0 copies_failed=0 writes=0 conflicts=0
22:15:36.487  [fg-relay] rate4: throttle depth=1 off=0 | sleep calls=54.3/s waits=0.0/s clear=0.0/s timeouts=0.0/s avg=0.00ms | present calls=54.3/s waits=0.0/s clear=0.0/s timeouts=0.0/s avg=0.00ms | max=0.00ms (process)
22:15:46.668  qpc=4380422348039 [focus-fg] state: enabled=1 hooked=1 foreground=0 minimized=0 hwnd=0000000008660FE6 scope_calls=81076 original_false=79529 kept=79529 presents=81722 FG_evaluates=243226
22:15:51.503  [fg-relay] rate/15.0s p2 import_opt=1: presents=54.8/s present-gate[point=54.8 ready=0.0 fallback=0.0 inactive=0.0]/s noinfo=0.0/s stale=0.0/s unlearned=0.0/s attempts=0.0/s armed=0.0/s skipped=0.0/s busy=0.0/s arm-reject[state=0.0 request=0.0 refused=0.0 stopping=0.0 res=0.0 size=0.0]/s pool[cap=0.0 family=0.0 create=0.0 alloc=0.0]/s copy-drop[fence=0.0 reset=0.0 begin=0.0 end=0.0 submit=0.0]/s cf[seq=0.0/s idle=0.0/s nrfence=0.0/s] slotbusy=0.0/s copyfence-busy=0.0/s nr-gpuwait=0.0/s flips=0.0/s
22:15:51.503  [fg-relay] rate2: fginput eval=164.4/s index!=1=0.0/s eval-gate[off=0.0 fallback=0.0 notready=0.0 noinput=0.0 noqueue=0.0]/s relay eval=0.0/s consume=0.0/s inplace=0.0/s(ok 0.0/s) unarmed=0.0/s mismatch=0.0/s relbusy=0.0/s relok=0.0/s relfail=0.0/s release-stage[queue=0.0 pool=0.0 fence=0.0 reset=0.0 begin=0.0 end=0.0 submit=0.0]/s watchdog=0.0/s | worker plays=0.0/s ok=0.0/s fail=0.0/s nr_absent=0.0/s copyfail=0.0/s
22:15:51.503  [fg-relay] rate3: arm->arm avg=0.00ms max=0.00ms n=0 | arm->work avg=0.00ms max=0.00ms | arm->eval avg=0.00ms max=0.00ms | copywait avg=0.000ms max=0.000ms | copy-land<= avg=0.00ms max=0.00ms | work avg=0.00ms max=0.00ms | totals armed=0 unarmed=0 skipped=0 busy=0 mismatch=0 copies_failed=0 writes=0 conflicts=0
22:15:51.503  [fg-relay] rate4: throttle depth=1 off=0 | sleep calls=54.8/s waits=0.0/s clear=0.0/s timeouts=0.0/s avg=0.00ms | present calls=54.8/s waits=0.0/s clear=0.0/s timeouts=0.0/s avg=0.00ms | max=0.00ms (process)
22:15:57.838  === Vulkan CreateFeature1 #63  feature_id=18  VkDevice=000000002F1000D0  thread 40064 ===
22:15:57.838  === Vulkan CreateFeature1 #63 returned -1160773630, handle=0000000000000000 ===
22:16:03.700  qpc=4380592674983 [focus-fg] state: enabled=1 hooked=1 foreground=0 minimized=0 hwnd=0000000008660FE6 scope_calls=82010 original_false=80463 kept=80463 presents=82656 FG_evaluates=246027
22:16:06.520  [fg-relay] rate/15.0s p2 import_opt=1: presents=54.7/s present-gate[point=54.7 ready=0.0 fallback=0.0 inactive=0.0]/s noinfo=0.0/s stale=0.0/s unlearned=0.0/s attempts=0.0/s armed=0.0/s skipped=0.0/s busy=0.0/s arm-reject[state=0.0 request=0.0 refused=0.0 stopping=0.0 res=0.0 size=0.0]/s pool[cap=0.0 family=0.0 create=0.0 alloc=0.0]/s copy-drop[fence=0.0 reset=0.0 begin=0.0 end=0.0 submit=0.0]/s cf[seq=0.0/s idle=0.0/s nrfence=0.0/s] slotbusy=0.0/s copyfence-busy=0.0/s nr-gpuwait=0.0/s flips=0.0/s
22:16:06.520  [fg-relay] rate2: fginput eval=164.2/s index!=1=0.0/s eval-gate[off=0.0 fallback=0.0 notready=0.0 noinput=0.0 noqueue=0.0]/s relay eval=0.0/s consume=0.0/s inplace=0.0/s(ok 0.0/s) unarmed=0.0/s mismatch=0.0/s relbusy=0.0/s relok=0.0/s relfail=0.0/s release-stage[queue=0.0 pool=0.0 fence=0.0 reset=0.0 begin=0.0 end=0.0 submit=0.0]/s watchdog=0.0/s | worker plays=0.0/s ok=0.0/s fail=0.0/s nr_absent=0.0/s copyfail=0.0/s
22:16:06.520  [fg-relay] rate3: arm->arm avg=0.00ms max=0.00ms n=0 | arm->work avg=0.00ms max=0.00ms | arm->eval avg=0.00ms max=0.00ms | copywait avg=0.000ms max=0.000ms | copy-land<= avg=0.00ms max=0.00ms | work avg=0.00ms max=0.00ms | totals armed=0 unarmed=0 skipped=0 busy=0 mismatch=0 copies_failed=0 writes=0 conflicts=0
22:16:06.521  [fg-relay] rate4: throttle depth=1 off=0 | sleep calls=54.7/s waits=0.0/s clear=0.0/s timeouts=0.0/s avg=0.00ms | present calls=54.7/s waits=0.0/s clear=0.0/s timeouts=0.0/s avg=0.00ms | max=0.00ms (process)
22:16:21.521  [fg-relay] rate/15.0s p2 import_opt=1: presents=55.1/s present-gate[point=55.1 ready=0.0 fallback=0.0 inactive=0.0]/s noinfo=0.0/s stale=0.0/s unlearned=0.0/s attempts=0.0/s armed=0.0/s skipped=0.0/s busy=0.0/s arm-reject[state=0.0 request=0.0 refused=0.0 stopping=0.0 res=0.0 size=0.0]/s pool[cap=0.0 family=0.0 create=0.0 alloc=0.0]/s copy-drop[fence=0.0 reset=0.0 begin=0.0 end=0.0 submit=0.0]/s cf[seq=0.0/s idle=0.0/s nrfence=0.0/s] slotbusy=0.0/s copyfence-busy=0.0/s nr-gpuwait=0.0/s flips=0.0/s
22:16:21.522  [fg-relay] rate2: fginput eval=165.3/s index!=1=0.0/s eval-gate[off=0.0 fallback=0.0 notready=0.0 noinput=0.0 noqueue=0.0]/s relay eval=0.0/s consume=0.0/s inplace=0.0/s(ok 0.0/s) unarmed=0.0/s mismatch=0.0/s relbusy=0.0/s relok=0.0/s relfail=0.0/s release-stage[queue=0.0 pool=0.0 fence=0.0 reset=0.0 begin=0.0 end=0.0 submit=0.0]/s watchdog=0.0/s | worker plays=0.0/s ok=0.0/s fail=0.0/s nr_absent=0.0/s copyfail=0.0/s
22:16:21.522  [fg-relay] rate3: arm->arm avg=0.00ms max=0.00ms n=0 | arm->work avg=0.00ms max=0.00ms | arm->eval avg=0.00ms max=0.00ms | copywait avg=0.000ms max=0.000ms | copy-land<= avg=0.00ms max=0.00ms | work avg=0.00ms max=0.00ms | totals armed=0 unarmed=0 skipped=0 busy=0 mismatch=0 copies_failed=0 writes=0 conflicts=0
22:16:21.522  [fg-relay] rate4: throttle depth=1 off=0 | sleep calls=55.1/s waits=0.0/s clear=0.0/s timeouts=0.0/s avg=0.00ms | present calls=55.1/s waits=0.0/s clear=0.0/s timeouts=0.0/s avg=0.00ms | max=0.00ms (process)
22:16:23.725  qpc=4380792922816 [focus-fg] state: enabled=1 hooked=1 foreground=0 minimized=0 hwnd=0000000008660FE6 scope_calls=83113 original_false=81566 kept=81566 presents=83759 FG_evaluates=249337
22:16:27.855  === Vulkan CreateFeature1 #64  feature_id=18  VkDevice=000000002F1000D0  thread 40064 ===
22:16:27.855  === Vulkan CreateFeature1 #64 returned -1160773630, handle=0000000000000000 ===
22:16:36.531  [fg-relay] rate/15.0s p2 import_opt=1: presents=55.3/s present-gate[point=55.3 ready=0.0 fallback=0.0 inactive=0.0]/s noinfo=0.0/s stale=0.0/s unlearned=0.0/s attempts=0.0/s armed=0.0/s skipped=0.0/s busy=0.0/s arm-reject[state=0.0 request=0.0 refused=0.0 stopping=0.0 res=0.0 size=0.0]/s pool[cap=0.0 family=0.0 create=0.0 alloc=0.0]/s copy-drop[fence=0.0 reset=0.0 begin=0.0 end=0.0 submit=0.0]/s cf[seq=0.0/s idle=0.0/s nrfence=0.0/s] slotbusy=0.0/s copyfence-busy=0.0/s nr-gpuwait=0.0/s flips=0.0/s
22:16:36.531  [fg-relay] rate2: fginput eval=165.9/s index!=1=0.0/s eval-gate[off=0.0 fallback=0.0 notready=0.0 noinput=0.0 noqueue=0.0]/s relay eval=0.0/s consume=0.0/s inplace=0.0/s(ok 0.0/s) unarmed=0.0/s mismatch=0.0/s relbusy=0.0/s relok=0.0/s relfail=0.0/s release-stage[queue=0.0 pool=0.0 fence=0.0 reset=0.0 begin=0.0 end=0.0 submit=0.0]/s watchdog=0.0/s | worker plays=0.0/s ok=0.0/s fail=0.0/s nr_absent=0.0/s copyfail=0.0/s
22:16:36.531  [fg-relay] rate3: arm->arm avg=0.00ms max=0.00ms n=0 | arm->work avg=0.00ms max=0.00ms | arm->eval avg=0.00ms max=0.00ms | copywait avg=0.000ms max=0.000ms | copy-land<= avg=0.00ms max=0.00ms | work avg=0.00ms max=0.00ms | totals armed=0 unarmed=0 skipped=0 busy=0 mismatch=0 copies_failed=0 writes=0 conflicts=0
22:16:36.531  [fg-relay] rate4: throttle depth=1 off=0 | sleep calls=55.3/s waits=0.0/s clear=0.0/s timeouts=0.0/s avg=0.00ms | present calls=55.3/s waits=0.0/s clear=0.0/s timeouts=0.0/s avg=0.00ms | max=0.00ms (process)
22:16:43.742  qpc=4380993093201 [focus-fg] state: enabled=1 hooked=1 foreground=0 minimized=0 hwnd=0000000008660FE6 scope_calls=84216 original_false=82669 kept=82669 presents=84862 FG_evaluates=252646
22:16:51.519  [fg-relay] rate/15.0s p2 import_opt=1: presents=54.9/s present-gate[point=54.9 ready=0.0 fallback=0.0 inactive=0.0]/s noinfo=0.0/s stale=0.0/s unlearned=0.0/s attempts=0.0/s armed=0.0/s skipped=0.0/s busy=0.0/s arm-reject[state=0.0 request=0.0 refused=0.0 stopping=0.0 res=0.0 size=0.0]/s pool[cap=0.0 family=0.0 create=0.0 alloc=0.0]/s copy-drop[fence=0.0 reset=0.0 begin=0.0 end=0.0 submit=0.0]/s cf[seq=0.0/s idle=0.0/s nrfence=0.0/s] slotbusy=0.0/s copyfence-busy=0.0/s nr-gpuwait=0.0/s flips=0.0/s
22:16:51.519  [fg-relay] rate2: fginput eval=164.6/s index!=1=0.0/s eval-gate[off=0.0 fallback=0.0 notready=0.0 noinput=0.0 noqueue=0.0]/s relay eval=0.0/s consume=0.0/s inplace=0.0/s(ok 0.0/s) unarmed=0.0/s mismatch=0.0/s relbusy=0.0/s relok=0.0/s relfail=0.0/s release-stage[queue=0.0 pool=0.0 fence=0.0 reset=0.0 begin=0.0 end=0.0 submit=0.0]/s watchdog=0.0/s | worker plays=0.0/s ok=0.0/s fail=0.0/s nr_absent=0.0/s copyfail=0.0/s
22:16:51.519  [fg-relay] rate3: arm->arm avg=0.00ms max=0.00ms n=0 | arm->work avg=0.00ms max=0.00ms | arm->eval avg=0.00ms max=0.00ms | copywait avg=0.000ms max=0.000ms | copy-land<= avg=0.00ms max=0.00ms | work avg=0.00ms max=0.00ms | totals armed=0 unarmed=0 skipped=0 busy=0 mismatch=0 copies_failed=0 writes=0 conflicts=0
22:16:51.519  [fg-relay] rate4: throttle depth=1 off=0 | sleep calls=54.9/s waits=0.0/s clear=0.0/s timeouts=0.0/s avg=0.00ms | present calls=54.9/s waits=0.0/s clear=0.0/s timeouts=0.0/s avg=0.00ms | max=0.00ms (process)
22:16:57.861  === Vulkan CreateFeature1 #65  feature_id=18  VkDevice=000000002F1000D0  thread 40064 ===
22:16:57.861  === Vulkan CreateFeature1 #65 returned -1160773630, handle=0000000000000000 ===
22:16:59.771  qpc=4381153381819 [focus-fg] state: enabled=1 hooked=1 foreground=0 minimized=0 hwnd=0000000008660FE6 scope_calls=85097 original_false=83550 kept=83550 presents=85743 FG_evaluates=255289
22:17:06.533  [fg-relay] rate/15.0s p2 import_opt=1: presents=54.7/s present-gate[point=54.7 ready=0.0 fallback=0.0 inactive=0.0]/s noinfo=0.0/s stale=0.0/s unlearned=0.0/s attempts=0.0/s armed=0.0/s skipped=0.0/s busy=0.0/s arm-reject[state=0.0 request=0.0 refused=0.0 stopping=0.0 res=0.0 size=0.0]/s pool[cap=0.0 family=0.0 create=0.0 alloc=0.0]/s copy-drop[fence=0.0 reset=0.0 begin=0.0 end=0.0 submit=0.0]/s cf[seq=0.0/s idle=0.0/s nrfence=0.0/s] slotbusy=0.0/s copyfence-busy=0.0/s nr-gpuwait=0.0/s flips=0.0/s
22:17:06.533  [fg-relay] rate2: fginput eval=164.0/s index!=1=0.0/s eval-gate[off=0.0 fallback=0.0 notready=0.0 noinput=0.0 noqueue=0.0]/s relay eval=0.0/s consume=0.0/s inplace=0.0/s(ok 0.0/s) unarmed=0.0/s mismatch=0.0/s relbusy=0.0/s relok=0.0/s relfail=0.0/s release-stage[queue=0.0 pool=0.0 fence=0.0 reset=0.0 begin=0.0 end=0.0 submit=0.0]/s watchdog=0.0/s | worker plays=0.0/s ok=0.0/s fail=0.0/s nr_absent=0.0/s copyfail=0.0/s
22:17:06.533  [fg-relay] rate3: arm->arm avg=0.00ms max=0.00ms n=0 | arm->work avg=0.00ms max=0.00ms | arm->eval avg=0.00ms max=0.00ms | copywait avg=0.000ms max=0.000ms | copy-land<= avg=0.00ms max=0.00ms | work avg=0.00ms max=0.00ms | totals armed=0 unarmed=0 skipped=0 busy=0 mismatch=0 copies_failed=0 writes=0 conflicts=0
22:17:06.534  [fg-relay] rate4: throttle depth=1 off=0 | sleep calls=54.7/s waits=0.0/s clear=0.0/s timeouts=0.0/s avg=0.00ms | present calls=54.7/s waits=0.0/s clear=0.0/s timeouts=0.0/s avg=0.00ms | max=0.00ms (process)
22:17:18.803  qpc=4381343699897 [focus-fg] state: enabled=1 hooked=1 foreground=0 minimized=0 hwnd=0000000008660FE6 scope_calls=86139 original_false=84592 kept=84592 presents=86785 FG_evaluates=258415
22:17:21.542  [fg-relay] rate/15.0s p2 import_opt=1: presents=54.8/s present-gate[point=54.8 ready=0.0 fallback=0.0 inactive=0.0]/s noinfo=0.0/s stale=0.0/s unlearned=0.0/s attempts=0.0/s armed=0.0/s skipped=0.0/s busy=0.0/s arm-reject[state=0.0 request=0.0 refused=0.0 stopping=0.0 res=0.0 size=0.0]/s pool[cap=0.0 family=0.0 create=0.0 alloc=0.0]/s copy-drop[fence=0.0 reset=0.0 begin=0.0 end=0.0 submit=0.0]/s cf[seq=0.0/s idle=0.0/s nrfence=0.0/s] slotbusy=0.0/s copyfence-busy=0.0/s nr-gpuwait=0.0/s flips=0.0/s
22:17:21.542  [fg-relay] rate2: fginput eval=164.4/s index!=1=0.0/s eval-gate[off=0.0 fallback=0.0 notready=0.0 noinput=0.0 noqueue=0.0]/s relay eval=0.0/s consume=0.0/s inplace=0.0/s(ok 0.0/s) unarmed=0.0/s mismatch=0.0/s relbusy=0.0/s relok=0.0/s relfail=0.0/s release-stage[queue=0.0 pool=0.0 fence=0.0 reset=0.0 begin=0.0 end=0.0 submit=0.0]/s watchdog=0.0/s | worker plays=0.0/s ok=0.0/s fail=0.0/s nr_absent=0.0/s copyfail=0.0/s
22:17:21.542  [fg-relay] rate3: arm->arm avg=0.00ms max=0.00ms n=0 | arm->work avg=0.00ms max=0.00ms | arm->eval avg=0.00ms max=0.00ms | copywait avg=0.000ms max=0.000ms | copy-land<= avg=0.00ms max=0.00ms | work avg=0.00ms max=0.00ms | totals armed=0 unarmed=0 skipped=0 busy=0 mismatch=0 copies_failed=0 writes=0 conflicts=0
22:17:21.542  [fg-relay] rate4: throttle depth=1 off=0 | sleep calls=54.8/s waits=0.0/s clear=0.0/s timeouts=0.0/s avg=0.00ms | present calls=54.8/s waits=0.0/s clear=0.0/s timeouts=0.0/s avg=0.00ms | max=0.00ms (process)
22:17:27.873  === Vulkan CreateFeature1 #66  feature_id=18  VkDevice=000000002F1000D0  thread 40064 ===
22:17:27.873  === Vulkan CreateFeature1 #66 returned -1160773630, handle=0000000000000000 ===
22:17:35.834  qpc=4381514013128 [focus-fg] state: enabled=1 hooked=1 foreground=0 minimized=0 hwnd=0000000008660FE6 scope_calls=87053 original_false=85506 kept=85506 presents=87699 FG_evaluates=261157
22:17:36.539  [fg-relay] rate/15.0s p2 import_opt=1: presents=53.6/s present-gate[point=53.6 ready=0.0 fallback=0.0 inactive=0.0]/s noinfo=0.0/s stale=0.0/s unlearned=0.0/s attempts=0.0/s armed=0.0/s skipped=0.0/s busy=0.0/s arm-reject[state=0.0 request=0.0 refused=0.0 stopping=0.0 res=0.0 size=0.0]/s pool[cap=0.0 family=0.0 create=0.0 alloc=0.0]/s copy-drop[fence=0.0 reset=0.0 begin=0.0 end=0.0 submit=0.0]/s cf[seq=0.0/s idle=0.0/s nrfence=0.0/s] slotbusy=0.0/s copyfence-busy=0.0/s nr-gpuwait=0.0/s flips=0.0/s
22:17:36.539  [fg-relay] rate2: fginput eval=160.8/s index!=1=0.0/s eval-gate[off=0.0 fallback=0.0 notready=0.0 noinput=0.0 noqueue=0.0]/s relay eval=0.0/s consume=0.0/s inplace=0.0/s(ok 0.0/s) unarmed=0.0/s mismatch=0.0/s relbusy=0.0/s relok=0.0/s relfail=0.0/s release-stage[queue=0.0 pool=0.0 fence=0.0 reset=0.0 begin=0.0 end=0.0 submit=0.0]/s watchdog=0.0/s | worker plays=0.0/s ok=0.0/s fail=0.0/s nr_absent=0.0/s copyfail=0.0/s
22:17:36.540  [fg-relay] rate3: arm->arm avg=0.00ms max=0.00ms n=0 | arm->work avg=0.00ms max=0.00ms | arm->eval avg=0.00ms max=0.00ms | copywait avg=0.000ms max=0.000ms | copy-land<= avg=0.00ms max=0.00ms | work avg=0.00ms max=0.00ms | totals armed=0 unarmed=0 skipped=0 busy=0 mismatch=0 copies_failed=0 writes=0 conflicts=0
22:17:36.540  [fg-relay] rate4: throttle depth=1 off=0 | sleep calls=53.6/s waits=0.0/s clear=0.0/s timeouts=0.0/s avg=0.00ms | present calls=53.6/s waits=0.0/s clear=0.0/s timeouts=0.0/s avg=0.00ms | max=0.00ms (process)
22:17:51.538  [fg-relay] rate/15.0s p2 import_opt=1: presents=54.2/s present-gate[point=54.2 ready=0.0 fallback=0.0 inactive=0.0]/s noinfo=0.0/s stale=0.0/s unlearned=0.0/s attempts=0.0/s armed=0.0/s skipped=0.0/s busy=0.0/s arm-reject[state=0.0 request=0.0 refused=0.0 stopping=0.0 res=0.0 size=0.0]/s pool[cap=0.0 family=0.0 create=0.0 alloc=0.0]/s copy-drop[fence=0.0 reset=0.0 begin=0.0 end=0.0 submit=0.0]/s cf[seq=0.0/s idle=0.0/s nrfence=0.0/s] slotbusy=0.0/s copyfence-busy=0.0/s nr-gpuwait=0.0/s flips=0.0/s
22:17:51.538  [fg-relay] rate2: fginput eval=162.6/s index!=1=0.0/s eval-gate[off=0.0 fallback=0.0 notready=0.0 noinput=0.0 noqueue=0.0]/s relay eval=0.0/s consume=0.0/s inplace=0.0/s(ok 0.0/s) unarmed=0.0/s mismatch=0.0/s relbusy=0.0/s relok=0.0/s relfail=0.0/s release-stage[queue=0.0 pool=0.0 fence=0.0 reset=0.0 begin=0.0 end=0.0 submit=0.0]/s watchdog=0.0/s | worker plays=0.0/s ok=0.0/s fail=0.0/s nr_absent=0.0/s copyfail=0.0/s
22:17:51.538  [fg-relay] rate3: arm->arm avg=0.00ms max=0.00ms n=0 | arm->work avg=0.00ms max=0.00ms | arm->eval avg=0.00ms max=0.00ms | copywait avg=0.000ms max=0.000ms | copy-land<= avg=0.00ms max=0.00ms | work avg=0.00ms max=0.00ms | totals armed=0 unarmed=0 skipped=0 busy=0 mismatch=0 copies_failed=0 writes=0 conflicts=0
22:17:51.539  [fg-relay] rate4: throttle depth=1 off=0 | sleep calls=54.2/s waits=0.0/s clear=0.0/s timeouts=0.0/s avg=0.00ms | present calls=54.2/s waits=0.0/s clear=0.0/s timeouts=0.0/s avg=0.00ms | max=0.00ms (process)
22:17:53.882  qpc=4381694495395 [focus-fg] state: enabled=1 hooked=1 foreground=0 minimized=0 hwnd=0000000008660FE6 scope_calls=88031 original_false=86484 kept=86484 presents=88677 FG_evaluates=264091
22:17:57.886  === Vulkan CreateFeature1 #67  feature_id=18  VkDevice=000000002F1000D0  thread 40064 ===
22:17:57.886  === Vulkan CreateFeature1 #67 returned -1160773630, handle=0000000000000000 ===
22:18:06.533  [fg-relay] rate/15.0s p2 import_opt=1: presents=54.3/s present-gate[point=54.3 ready=0.0 fallback=0.0 inactive=0.0]/s noinfo=0.0/s stale=0.0/s unlearned=0.0/s attempts=0.0/s armed=0.0/s skipped=0.0/s busy=0.0/s arm-reject[state=0.0 request=0.0 refused=0.0 stopping=0.0 res=0.0 size=0.0]/s pool[cap=0.0 family=0.0 create=0.0 alloc=0.0]/s copy-drop[fence=0.0 reset=0.0 begin=0.0 end=0.0 submit=0.0]/s cf[seq=0.0/s idle=0.0/s nrfence=0.0/s] slotbusy=0.0/s copyfence-busy=0.0/s nr-gpuwait=0.0/s flips=0.0/s
22:18:06.534  [fg-relay] rate2: fginput eval=162.8/s index!=1=0.0/s eval-gate[off=0.0 fallback=0.0 notready=0.0 noinput=0.0 noqueue=0.0]/s relay eval=0.0/s consume=0.0/s inplace=0.0/s(ok 0.0/s) unarmed=0.0/s mismatch=0.0/s relbusy=0.0/s relok=0.0/s relfail=0.0/s release-stage[queue=0.0 pool=0.0 fence=0.0 reset=0.0 begin=0.0 end=0.0 submit=0.0]/s watchdog=0.0/s | worker plays=0.0/s ok=0.0/s fail=0.0/s nr_absent=0.0/s copyfail=0.0/s
22:18:06.534  [fg-relay] rate3: arm->arm avg=0.00ms max=0.00ms n=0 | arm->work avg=0.00ms max=0.00ms | arm->eval avg=0.00ms max=0.00ms | copywait avg=0.000ms max=0.000ms | copy-land<= avg=0.00ms max=0.00ms | work avg=0.00ms max=0.00ms | totals armed=0 unarmed=0 skipped=0 busy=0 mismatch=0 copies_failed=0 writes=0 conflicts=0
22:18:06.534  [fg-relay] rate4: throttle depth=1 off=0 | sleep calls=54.3/s waits=0.0/s clear=0.0/s timeouts=0.0/s avg=0.00ms | present calls=54.3/s waits=0.0/s clear=0.0/s timeouts=0.0/s avg=0.00ms | max=0.00ms (process)
22:18:09.944  qpc=4381855115993 [focus-fg] state: enabled=1 hooked=1 foreground=0 minimized=0 hwnd=0000000008660FE6 scope_calls=88901 original_false=87354 kept=87354 presents=89547 FG_evaluates=266701
22:18:21.540  [fg-relay] rate/15.0s p2 import_opt=1: presents=53.9/s present-gate[point=53.9 ready=0.0 fallback=0.0 inactive=0.0]/s noinfo=0.0/s stale=0.0/s unlearned=0.0/s attempts=0.0/s armed=0.0/s skipped=0.0/s busy=0.0/s arm-reject[state=0.0 request=0.0 refused=0.0 stopping=0.0 res=0.0 size=0.0]/s pool[cap=0.0 family=0.0 create=0.0 alloc=0.0]/s copy-drop[fence=0.0 reset=0.0 begin=0.0 end=0.0 submit=0.0]/s cf[seq=0.0/s idle=0.0/s nrfence=0.0/s] slotbusy=0.0/s copyfence-busy=0.0/s nr-gpuwait=0.0/s flips=0.0/s
22:18:21.540  [fg-relay] rate2: fginput eval=161.8/s index!=1=0.0/s eval-gate[off=0.0 fallback=0.0 notready=0.0 noinput=0.0 noqueue=0.0]/s relay eval=0.0/s consume=0.0/s inplace=0.0/s(ok 0.0/s) unarmed=0.0/s mismatch=0.0/s relbusy=0.0/s relok=0.0/s relfail=0.0/s release-stage[queue=0.0 pool=0.0 fence=0.0 reset=0.0 begin=0.0 end=0.0 submit=0.0]/s watchdog=0.0/s | worker plays=0.0/s ok=0.0/s fail=0.0/s nr_absent=0.0/s copyfail=0.0/s
22:18:21.540  [fg-relay] rate3: arm->arm avg=0.00ms max=0.00ms n=0 | arm->work avg=0.00ms max=0.00ms | arm->eval avg=0.00ms max=0.00ms | copywait avg=0.000ms max=0.000ms | copy-land<= avg=0.00ms max=0.00ms | work avg=0.00ms max=0.00ms | totals armed=0 unarmed=0 skipped=0 busy=0 mismatch=0 copies_failed=0 writes=0 conflicts=0
22:18:21.540  [fg-relay] rate4: throttle depth=1 off=0 | sleep calls=53.9/s waits=0.0/s clear=0.0/s timeouts=0.0/s avg=0.00ms | present calls=53.9/s waits=0.0/s clear=0.0/s timeouts=0.0/s avg=0.00ms | max=0.00ms (process)
22:18:26.007  qpc=4382015743191 [focus-fg] state: enabled=1 hooked=1 foreground=0 minimized=0 hwnd=0000000008660FE6 scope_calls=89765 original_false=88218 kept=88218 presents=90411 FG_evaluates=269293
22:18:27.897  === Vulkan CreateFeature1 #68  feature_id=18  VkDevice=000000002F1000D0  thread 40064 ===
22:18:27.898  === Vulkan CreateFeature1 #68 returned -1160773630, handle=0000000000000000 ===
22:18:36.540  [fg-relay] rate/15.0s p2 import_opt=1: presents=53.7/s present-gate[point=53.7 ready=0.0 fallback=0.0 inactive=0.0]/s noinfo=0.0/s stale=0.0/s unlearned=0.0/s attempts=0.0/s armed=0.0/s skipped=0.0/s busy=0.0/s arm-reject[state=0.0 request=0.0 refused=0.0 stopping=0.0 res=0.0 size=0.0]/s pool[cap=0.0 family=0.0 create=0.0 alloc=0.0]/s copy-drop[fence=0.0 reset=0.0 begin=0.0 end=0.0 submit=0.0]/s cf[seq=0.0/s idle=0.0/s nrfence=0.0/s] slotbusy=0.0/s copyfence-busy=0.0/s nr-gpuwait=0.0/s flips=0.0/s
22:18:36.540  [fg-relay] rate2: fginput eval=161.0/s index!=1=0.0/s eval-gate[off=0.0 fallback=0.0 notready=0.0 noinput=0.0 noqueue=0.0]/s relay eval=0.0/s consume=0.0/s inplace=0.0/s(ok 0.0/s) unarmed=0.0/s mismatch=0.0/s relbusy=0.0/s relok=0.0/s relfail=0.0/s release-stage[queue=0.0 pool=0.0 fence=0.0 reset=0.0 begin=0.0 end=0.0 submit=0.0]/s watchdog=0.0/s | worker plays=0.0/s ok=0.0/s fail=0.0/s nr_absent=0.0/s copyfail=0.0/s
22:18:36.540  [fg-relay] rate3: arm->arm avg=0.00ms max=0.00ms n=0 | arm->work avg=0.00ms max=0.00ms | arm->eval avg=0.00ms max=0.00ms | copywait avg=0.000ms max=0.000ms | copy-land<= avg=0.00ms max=0.00ms | work avg=0.00ms max=0.00ms | totals armed=0 unarmed=0 skipped=0 busy=0 mismatch=0 copies_failed=0 writes=0 conflicts=0
22:18:36.541  [fg-relay] rate4: throttle depth=1 off=0 | sleep calls=53.7/s waits=0.0/s clear=0.0/s timeouts=0.0/s avg=0.00ms | present calls=53.7/s waits=0.0/s clear=0.0/s timeouts=0.0/s avg=0.00ms | max=0.00ms (process)
22:18:41.082  qpc=4382166492390 [focus-fg] state: enabled=1 hooked=1 foreground=0 minimized=0 hwnd=0000000008660FE6 scope_calls=90578 original_false=89031 kept=89031 presents=91224 FG_evaluates=271732
22:18:51.537  [fg-relay] rate/15.0s p2 import_opt=1: presents=54.1/s present-gate[point=54.1 ready=0.0 fallback=0.0 inactive=0.0]/s noinfo=0.0/s stale=0.0/s unlearned=0.0/s attempts=0.0/s armed=0.0/s skipped=0.0/s busy=0.0/s arm-reject[state=0.0 request=0.0 refused=0.0 stopping=0.0 res=0.0 size=0.0]/s pool[cap=0.0 family=0.0 create=0.0 alloc=0.0]/s copy-drop[fence=0.0 reset=0.0 begin=0.0 end=0.0 submit=0.0]/s cf[seq=0.0/s idle=0.0/s nrfence=0.0/s] slotbusy=0.0/s copyfence-busy=0.0/s nr-gpuwait=0.0/s flips=0.0/s
22:18:51.537  [fg-relay] rate2: fginput eval=162.2/s index!=1=0.0/s eval-gate[off=0.0 fallback=0.0 notready=0.0 noinput=0.0 noqueue=0.0]/s relay eval=0.0/s consume=0.0/s inplace=0.0/s(ok 0.0/s) unarmed=0.0/s mismatch=0.0/s relbusy=0.0/s relok=0.0/s relfail=0.0/s release-stage[queue=0.0 pool=0.0 fence=0.0 reset=0.0 begin=0.0 end=0.0 submit=0.0]/s watchdog=0.0/s | worker plays=0.0/s ok=0.0/s fail=0.0/s nr_absent=0.0/s copyfail=0.0/s
22:18:51.538  [fg-relay] rate3: arm->arm avg=0.00ms max=0.00ms n=0 | arm->work avg=0.00ms max=0.00ms | arm->eval avg=0.00ms max=0.00ms | copywait avg=0.000ms max=0.000ms | copy-land<= avg=0.00ms max=0.00ms | work avg=0.00ms max=0.00ms | totals armed=0 unarmed=0 skipped=0 busy=0 mismatch=0 copies_failed=0 writes=0 conflicts=0
22:18:51.538  [fg-relay] rate4: throttle depth=1 off=0 | sleep calls=54.1/s waits=0.0/s clear=0.0/s timeouts=0.0/s avg=0.00ms | present calls=54.1/s waits=0.0/s clear=0.0/s timeouts=0.0/s avg=0.00ms | max=0.00ms (process)
22:18:57.905  === Vulkan CreateFeature1 #69  feature_id=18  VkDevice=000000002F1000D0  thread 40064 ===
22:18:57.906  === Vulkan CreateFeature1 #69 returned -1160773630, handle=0000000000000000 ===
22:19:01.084  qpc=4382366510649 [focus-fg] state: enabled=1 hooked=1 foreground=0 minimized=0 hwnd=0000000008660FE6 scope_calls=91657 original_false=90110 kept=90110 presents=92303 FG_evaluates=274969
22:19:06.536  [fg-relay] rate/15.0s p2 import_opt=1: presents=53.9/s present-gate[point=53.9 ready=0.0 fallback=0.0 inactive=0.0]/s noinfo=0.0/s stale=0.0/s unlearned=0.0/s attempts=0.0/s armed=0.0/s skipped=0.0/s busy=0.0/s arm-reject[state=0.0 request=0.0 refused=0.0 stopping=0.0 res=0.0 size=0.0]/s pool[cap=0.0 family=0.0 create=0.0 alloc=0.0]/s copy-drop[fence=0.0 reset=0.0 begin=0.0 end=0.0 submit=0.0]/s cf[seq=0.0/s idle=0.0/s nrfence=0.0/s] slotbusy=0.0/s copyfence-busy=0.0/s nr-gpuwait=0.0/s flips=0.0/s
22:19:06.536  [fg-relay] rate2: fginput eval=161.6/s index!=1=0.0/s eval-gate[off=0.0 fallback=0.0 notready=0.0 noinput=0.0 noqueue=0.0]/s relay eval=0.0/s consume=0.0/s inplace=0.0/s(ok 0.0/s) unarmed=0.0/s mismatch=0.0/s relbusy=0.0/s relok=0.0/s relfail=0.0/s release-stage[queue=0.0 pool=0.0 fence=0.0 reset=0.0 begin=0.0 end=0.0 submit=0.0]/s watchdog=0.0/s | worker plays=0.0/s ok=0.0/s fail=0.0/s nr_absent=0.0/s copyfail=0.0/s
22:19:06.536  [fg-relay] rate3: arm->arm avg=0.00ms max=0.00ms n=0 | arm->work avg=0.00ms max=0.00ms | arm->eval avg=0.00ms max=0.00ms | copywait avg=0.000ms max=0.000ms | copy-land<= avg=0.00ms max=0.00ms | work avg=0.00ms max=0.00ms | totals armed=0 unarmed=0 skipped=0 busy=0 mismatch=0 copies_failed=0 writes=0 conflicts=0
22:19:06.537  [fg-relay] rate4: throttle depth=1 off=0 | sleep calls=53.9/s waits=0.0/s clear=0.0/s timeouts=0.0/s avg=0.00ms | present calls=53.9/s waits=0.0/s clear=0.0/s timeouts=0.0/s avg=0.00ms | max=0.00ms (process)
22:19:17.116  qpc=4382526834728 [focus-fg] state: enabled=1 hooked=1 foreground=0 minimized=0 hwnd=0000000008660FE6 scope_calls=92520 original_false=90973 kept=90973 presents=93166 FG_evaluates=277558
22:19:21.537  [fg-relay] rate/15.0s p2 import_opt=1: presents=53.7/s present-gate[point=53.7 ready=0.0 fallback=0.0 inactive=0.0]/s noinfo=0.0/s stale=0.0/s unlearned=0.0/s attempts=0.0/s armed=0.0/s skipped=0.0/s busy=0.0/s arm-reject[state=0.0 request=0.0 refused=0.0 stopping=0.0 res=0.0 size=0.0]/s pool[cap=0.0 family=0.0 create=0.0 alloc=0.0]/s copy-drop[fence=0.0 reset=0.0 begin=0.0 end=0.0 submit=0.0]/s cf[seq=0.0/s idle=0.0/s nrfence=0.0/s] slotbusy=0.0/s copyfence-busy=0.0/s nr-gpuwait=0.0/s flips=0.0/s
22:19:21.538  [fg-relay] rate2: fginput eval=160.9/s index!=1=0.0/s eval-gate[off=0.0 fallback=0.0 notready=0.0 noinput=0.0 noqueue=0.0]/s relay eval=0.0/s consume=0.0/s inplace=0.0/s(ok 0.0/s) unarmed=0.0/s mismatch=0.0/s relbusy=0.0/s relok=0.0/s relfail=0.0/s release-stage[queue=0.0 pool=0.0 fence=0.0 reset=0.0 begin=0.0 end=0.0 submit=0.0]/s watchdog=0.0/s | worker plays=0.0/s ok=0.0/s fail=0.0/s nr_absent=0.0/s copyfail=0.0/s
22:19:21.538  [fg-relay] rate3: arm->arm avg=0.00ms max=0.00ms n=0 | arm->work avg=0.00ms max=0.00ms | arm->eval avg=0.00ms max=0.00ms | copywait avg=0.000ms max=0.000ms | copy-land<= avg=0.00ms max=0.00ms | work avg=0.00ms max=0.00ms | totals armed=0 unarmed=0 skipped=0 busy=0 mismatch=0 copies_failed=0 writes=0 conflicts=0
22:19:21.538  [fg-relay] rate4: throttle depth=1 off=0 | sleep calls=53.7/s waits=0.0/s clear=0.0/s timeouts=0.0/s avg=0.00ms | present calls=53.7/s waits=0.0/s clear=0.0/s timeouts=0.0/s avg=0.00ms | max=0.00ms (process)
22:19:27.923  === Vulkan CreateFeature1 #70  feature_id=18  VkDevice=000000002F1000D0  thread 40064 ===
22:19:27.923  === Vulkan CreateFeature1 #70 returned -1160773630, handle=0000000000000000 ===
22:19:33.160  qpc=4382687284110 [focus-fg] state: enabled=1 hooked=1 foreground=0 minimized=0 hwnd=0000000008660FE6 scope_calls=93383 original_false=91836 kept=91836 presents=94029 FG_evaluates=280147
22:19:36.545  [fg-relay] rate/15.0s p2 import_opt=1: presents=53.9/s present-gate[point=53.9 ready=0.0 fallback=0.0 inactive=0.0]/s noinfo=0.0/s stale=0.0/s unlearned=0.0/s attempts=0.0/s armed=0.0/s skipped=0.0/s busy=0.0/s arm-reject[state=0.0 request=0.0 refused=0.0 stopping=0.0 res=0.0 size=0.0]/s pool[cap=0.0 family=0.0 create=0.0 alloc=0.0]/s copy-drop[fence=0.0 reset=0.0 begin=0.0 end=0.0 submit=0.0]/s cf[seq=0.0/s idle=0.0/s nrfence=0.0/s] slotbusy=0.0/s copyfence-busy=0.0/s nr-gpuwait=0.0/s flips=0.0/s
22:19:36.545  [fg-relay] rate2: fginput eval=161.8/s index!=1=0.0/s eval-gate[off=0.0 fallback=0.0 notready=0.0 noinput=0.0 noqueue=0.0]/s relay eval=0.0/s consume=0.0/s inplace=0.0/s(ok 0.0/s) unarmed=0.0/s mismatch=0.0/s relbusy=0.0/s relok=0.0/s relfail=0.0/s release-stage[queue=0.0 pool=0.0 fence=0.0 reset=0.0 begin=0.0 end=0.0 submit=0.0]/s watchdog=0.0/s | worker plays=0.0/s ok=0.0/s fail=0.0/s nr_absent=0.0/s copyfail=0.0/s
22:19:36.545  [fg-relay] rate3: arm->arm avg=0.00ms max=0.00ms n=0 | arm->work avg=0.00ms max=0.00ms | arm->eval avg=0.00ms max=0.00ms | copywait avg=0.000ms max=0.000ms | copy-land<= avg=0.00ms max=0.00ms | work avg=0.00ms max=0.00ms | totals armed=0 unarmed=0 skipped=0 busy=0 mismatch=0 copies_failed=0 writes=0 conflicts=0
22:19:36.545  [fg-relay] rate4: throttle depth=1 off=0 | sleep calls=53.9/s waits=0.0/s clear=0.0/s timeouts=0.0/s avg=0.00ms | present calls=53.9/s waits=0.0/s clear=0.0/s timeouts=0.0/s avg=0.00ms | max=0.00ms (process)
22:19:50.212  qpc=4382857791328 [focus-fg] state: enabled=1 hooked=1 foreground=0 minimized=0 hwnd=0000000008660FE6 scope_calls=94304 original_false=92757 kept=92757 presents=94950 FG_evaluates=282910
22:19:51.533  [fg-relay] rate/15.0s p2 import_opt=1: presents=54.1/s present-gate[point=54.1 ready=0.0 fallback=0.0 inactive=0.0]/s noinfo=0.0/s stale=0.0/s unlearned=0.0/s attempts=0.0/s armed=0.0/s skipped=0.0/s busy=0.0/s arm-reject[state=0.0 request=0.0 refused=0.0 stopping=0.0 res=0.0 size=0.0]/s pool[cap=0.0 family=0.0 create=0.0 alloc=0.0]/s copy-drop[fence=0.0 reset=0.0 begin=0.0 end=0.0 submit=0.0]/s cf[seq=0.0/s idle=0.0/s nrfence=0.0/s] slotbusy=0.0/s copyfence-busy=0.0/s nr-gpuwait=0.0/s flips=0.0/s
22:19:51.533  [fg-relay] rate2: fginput eval=162.2/s index!=1=0.0/s eval-gate[off=0.0 fallback=0.0 notready=0.0 noinput=0.0 noqueue=0.0]/s relay eval=0.0/s consume=0.0/s inplace=0.0/s(ok 0.0/s) unarmed=0.0/s mismatch=0.0/s relbusy=0.0/s relok=0.0/s relfail=0.0/s release-stage[queue=0.0 pool=0.0 fence=0.0 reset=0.0 begin=0.0 end=0.0 submit=0.0]/s watchdog=0.0/s | worker plays=0.0/s ok=0.0/s fail=0.0/s nr_absent=0.0/s copyfail=0.0/s
22:19:51.533  [fg-relay] rate3: arm->arm avg=0.00ms max=0.00ms n=0 | arm->work avg=0.00ms max=0.00ms | arm->eval avg=0.00ms max=0.00ms | copywait avg=0.000ms max=0.000ms | copy-land<= avg=0.00ms max=0.00ms | work avg=0.00ms max=0.00ms | totals armed=0 unarmed=0 skipped=0 busy=0 mismatch=0 copies_failed=0 writes=0 conflicts=0
22:19:51.533  [fg-relay] rate4: throttle depth=1 off=0 | sleep calls=54.1/s waits=0.0/s clear=0.0/s timeouts=0.0/s avg=0.00ms | present calls=54.1/s waits=0.0/s clear=0.0/s timeouts=0.0/s avg=0.00ms | max=0.00ms (process)
22:19:57.933  === Vulkan CreateFeature1 #71  feature_id=18  VkDevice=000000002F1000D0  thread 40064 ===
22:19:57.933  === Vulkan CreateFeature1 #71 returned -1160773630, handle=0000000000000000 ===
22:20:06.538  [fg-relay] rate/15.0s p2 import_opt=1: presents=54.5/s present-gate[point=54.5 ready=0.0 fallback=0.0 inactive=0.0]/s noinfo=0.0/s stale=0.0/s unlearned=0.0/s attempts=0.0/s armed=0.0/s skipped=0.0/s busy=0.0/s arm-reject[state=0.0 request=0.0 refused=0.0 stopping=0.0 res=0.0 size=0.0]/s pool[cap=0.0 family=0.0 create=0.0 alloc=0.0]/s copy-drop[fence=0.0 reset=0.0 begin=0.0 end=0.0 submit=0.0]/s cf[seq=0.0/s idle=0.0/s nrfence=0.0/s] slotbusy=0.0/s copyfence-busy=0.0/s nr-gpuwait=0.0/s flips=0.0/s
22:20:06.538  [fg-relay] rate2: fginput eval=163.2/s index!=1=0.0/s eval-gate[off=0.0 fallback=0.0 notready=0.0 noinput=0.0 noqueue=0.0]/s relay eval=0.0/s consume=0.0/s inplace=0.0/s(ok 0.0/s) unarmed=0.0/s mismatch=0.0/s relbusy=0.0/s relok=0.0/s relfail=0.0/s release-stage[queue=0.0 pool=0.0 fence=0.0 reset=0.0 begin=0.0 end=0.0 submit=0.0]/s watchdog=0.0/s | worker plays=0.0/s ok=0.0/s fail=0.0/s nr_absent=0.0/s copyfail=0.0/s
22:20:06.539  [fg-relay] rate3: arm->arm avg=0.00ms max=0.00ms n=0 | arm->work avg=0.00ms max=0.00ms | arm->eval avg=0.00ms max=0.00ms | copywait avg=0.000ms max=0.000ms | copy-land<= avg=0.00ms max=0.00ms | work avg=0.00ms max=0.00ms | totals armed=0 unarmed=0 skipped=0 busy=0 mismatch=0 copies_failed=0 writes=0 conflicts=0
22:20:06.539  [fg-relay] rate4: throttle depth=1 off=0 | sleep calls=54.5/s waits=0.0/s clear=0.0/s timeouts=0.0/s avg=0.00ms | present calls=54.5/s waits=0.0/s clear=0.0/s timeouts=0.0/s avg=0.00ms | max=0.00ms (process)
22:20:09.208  qpc=4383047757052 [focus-fg] state: enabled=1 hooked=1 foreground=0 minimized=0 hwnd=0000000008660FE6 scope_calls=95337 original_false=93790 kept=93790 presents=95983 FG_evaluates=286009
22:20:21.532  [fg-relay] rate/15.0s p2 import_opt=1: presents=54.2/s present-gate[point=54.2 ready=0.0 fallback=0.0 inactive=0.0]/s noinfo=0.0/s stale=0.0/s unlearned=0.0/s attempts=0.0/s armed=0.0/s skipped=0.0/s busy=0.0/s arm-reject[state=0.0 request=0.0 refused=0.0 stopping=0.0 res=0.0 size=0.0]/s pool[cap=0.0 family=0.0 create=0.0 alloc=0.0]/s copy-drop[fence=0.0 reset=0.0 begin=0.0 end=0.0 submit=0.0]/s cf[seq=0.0/s idle=0.0/s nrfence=0.0/s] slotbusy=0.0/s copyfence-busy=0.0/s nr-gpuwait=0.0/s flips=0.0/s
22:20:21.532  [fg-relay] rate2: fginput eval=162.7/s index!=1=0.0/s eval-gate[off=0.0 fallback=0.0 notready=0.0 noinput=0.0 noqueue=0.0]/s relay eval=0.0/s consume=0.0/s inplace=0.0/s(ok 0.0/s) unarmed=0.0/s mismatch=0.0/s relbusy=0.0/s relok=0.0/s relfail=0.0/s release-stage[queue=0.0 pool=0.0 fence=0.0 reset=0.0 begin=0.0 end=0.0 submit=0.0]/s watchdog=0.0/s | worker plays=0.0/s ok=0.0/s fail=0.0/s nr_absent=0.0/s copyfail=0.0/s
22:20:21.533  [fg-relay] rate3: arm->arm avg=0.00ms max=0.00ms n=0 | arm->work avg=0.00ms max=0.00ms | arm->eval avg=0.00ms max=0.00ms | copywait avg=0.000ms max=0.000ms | copy-land<= avg=0.00ms max=0.00ms | work avg=0.00ms max=0.00ms | totals armed=0 unarmed=0 skipped=0 busy=0 mismatch=0 copies_failed=0 writes=0 conflicts=0
22:20:21.533  [fg-relay] rate4: throttle depth=1 off=0 | sleep calls=54.2/s waits=0.0/s clear=0.0/s timeouts=0.0/s avg=0.00ms | present calls=54.2/s waits=0.0/s clear=0.0/s timeouts=0.0/s avg=0.00ms | max=0.00ms (process)
22:20:27.945  === Vulkan CreateFeature1 #72  feature_id=18  VkDevice=000000002F1000D0  thread 40064 ===
22:20:27.946  === Vulkan CreateFeature1 #72 returned -1160773630, handle=0000000000000000 ===
22:20:28.246  qpc=4383238136538 [focus-fg] state: enabled=1 hooked=1 foreground=0 minimized=0 hwnd=0000000008660FE6 scope_calls=96373 original_false=94826 kept=94826 presents=97019 FG_evaluates=289114
22:20:36.534  [fg-relay] rate/15.0s p2 import_opt=1: presents=54.6/s present-gate[point=54.6 ready=0.0 fallback=0.0 inactive=0.0]/s noinfo=0.0/s stale=0.0/s unlearned=0.0/s attempts=0.0/s armed=0.0/s skipped=0.0/s busy=0.0/s arm-reject[state=0.0 request=0.0 refused=0.0 stopping=0.0 res=0.0 size=0.0]/s pool[cap=0.0 family=0.0 create=0.0 alloc=0.0]/s copy-drop[fence=0.0 reset=0.0 begin=0.0 end=0.0 submit=0.0]/s cf[seq=0.0/s idle=0.0/s nrfence=0.0/s] slotbusy=0.0/s copyfence-busy=0.0/s nr-gpuwait=0.0/s flips=0.0/s
22:20:36.535  [fg-relay] rate2: fginput eval=163.8/s index!=1=0.0/s eval-gate[off=0.0 fallback=0.0 notready=0.0 noinput=0.0 noqueue=0.0]/s relay eval=0.0/s consume=0.0/s inplace=0.0/s(ok 0.0/s) unarmed=0.0/s mismatch=0.0/s relbusy=0.0/s relok=0.0/s relfail=0.0/s release-stage[queue=0.0 pool=0.0 fence=0.0 reset=0.0 begin=0.0 end=0.0 submit=0.0]/s watchdog=0.0/s | worker plays=0.0/s ok=0.0/s fail=0.0/s nr_absent=0.0/s copyfail=0.0/s
22:20:36.535  [fg-relay] rate3: arm->arm avg=0.00ms max=0.00ms n=0 | arm->work avg=0.00ms max=0.00ms | arm->eval avg=0.00ms max=0.00ms | copywait avg=0.000ms max=0.000ms | copy-land<= avg=0.00ms max=0.00ms | work avg=0.00ms max=0.00ms | totals armed=0 unarmed=0 skipped=0 busy=0 mismatch=0 copies_failed=0 writes=0 conflicts=0
22:20:36.535  [fg-relay] rate4: throttle depth=1 off=0 | sleep calls=54.6/s waits=0.0/s clear=0.0/s timeouts=0.0/s avg=0.00ms | present calls=54.6/s waits=0.0/s clear=0.0/s timeouts=0.0/s avg=0.00ms | max=0.00ms (process)
22:20:46.279  qpc=4383418470536 [focus-fg] state: enabled=1 hooked=1 foreground=0 minimized=0 hwnd=0000000008660FE6 scope_calls=97356 original_false=95809 kept=95809 presents=98002 FG_evaluates=292066
22:20:51.533  [fg-relay] rate/15.0s p2 import_opt=1: presents=54.4/s present-gate[point=54.4 ready=0.0 fallback=0.0 inactive=0.0]/s noinfo=0.0/s stale=0.0/s unlearned=0.0/s attempts=0.0/s armed=0.0/s skipped=0.0/s busy=0.0/s arm-reject[state=0.0 request=0.0 refused=0.0 stopping=0.0 res=0.0 size=0.0]/s pool[cap=0.0 family=0.0 create=0.0 alloc=0.0]/s copy-drop[fence=0.0 reset=0.0 begin=0.0 end=0.0 submit=0.0]/s cf[seq=0.0/s idle=0.0/s nrfence=0.0/s] slotbusy=0.0/s copyfence-busy=0.0/s nr-gpuwait=0.0/s flips=0.0/s
22:20:51.533  [fg-relay] rate2: fginput eval=163.2/s index!=1=0.0/s eval-gate[off=0.0 fallback=0.0 notready=0.0 noinput=0.0 noqueue=0.0]/s relay eval=0.0/s consume=0.0/s inplace=0.0/s(ok 0.0/s) unarmed=0.0/s mismatch=0.0/s relbusy=0.0/s relok=0.0/s relfail=0.0/s release-stage[queue=0.0 pool=0.0 fence=0.0 reset=0.0 begin=0.0 end=0.0 submit=0.0]/s watchdog=0.0/s | worker plays=0.0/s ok=0.0/s fail=0.0/s nr_absent=0.0/s copyfail=0.0/s
22:20:51.534  [fg-relay] rate3: arm->arm avg=0.00ms max=0.00ms n=0 | arm->work avg=0.00ms max=0.00ms | arm->eval avg=0.00ms max=0.00ms | copywait avg=0.000ms max=0.000ms | copy-land<= avg=0.00ms max=0.00ms | work avg=0.00ms max=0.00ms | totals armed=0 unarmed=0 skipped=0 busy=0 mismatch=0 copies_failed=0 writes=0 conflicts=0
22:20:51.534  [fg-relay] rate4: throttle depth=1 off=0 | sleep calls=54.4/s waits=0.0/s clear=0.0/s timeouts=0.0/s avg=0.00ms | present calls=54.4/s waits=0.0/s clear=0.0/s timeouts=0.0/s avg=0.00ms | max=0.00ms (process)
22:20:57.954  === Vulkan CreateFeature1 #73  feature_id=18  VkDevice=000000002F1000D0  thread 40064 ===
22:20:57.955  === Vulkan CreateFeature1 #73 returned -1160773630, handle=0000000000000000 ===
22:21:05.291  qpc=4383608589010 [focus-fg] state: enabled=1 hooked=1 foreground=0 minimized=0 hwnd=0000000008660FE6 scope_calls=98386 original_false=96839 kept=96839 presents=99032 FG_evaluates=295156
22:21:06.533  [fg-relay] rate/15.0s p2 import_opt=1: presents=54.1/s present-gate[point=54.1 ready=0.0 fallback=0.0 inactive=0.0]/s noinfo=0.0/s stale=0.0/s unlearned=0.0/s attempts=0.0/s armed=0.0/s skipped=0.0/s busy=0.0/s arm-reject[state=0.0 request=0.0 refused=0.0 stopping=0.0 res=0.0 size=0.0]/s pool[cap=0.0 family=0.0 create=0.0 alloc=0.0]/s copy-drop[fence=0.0 reset=0.0 begin=0.0 end=0.0 submit=0.0]/s cf[seq=0.0/s idle=0.0/s nrfence=0.0/s] slotbusy=0.0/s copyfence-busy=0.0/s nr-gpuwait=0.0/s flips=0.0/s
22:21:06.533  [fg-relay] rate2: fginput eval=162.3/s index!=1=0.0/s eval-gate[off=0.0 fallback=0.0 notready=0.0 noinput=0.0 noqueue=0.0]/s relay eval=0.0/s consume=0.0/s inplace=0.0/s(ok 0.0/s) unarmed=0.0/s mismatch=0.0/s relbusy=0.0/s relok=0.0/s relfail=0.0/s release-stage[queue=0.0 pool=0.0 fence=0.0 reset=0.0 begin=0.0 end=0.0 submit=0.0]/s watchdog=0.0/s | worker plays=0.0/s ok=0.0/s fail=0.0/s nr_absent=0.0/s copyfail=0.0/s
22:21:06.534  [fg-relay] rate3: arm->arm avg=0.00ms max=0.00ms n=0 | arm->work avg=0.00ms max=0.00ms | arm->eval avg=0.00ms max=0.00ms | copywait avg=0.000ms max=0.000ms | copy-land<= avg=0.00ms max=0.00ms | work avg=0.00ms max=0.00ms | totals armed=0 unarmed=0 skipped=0 busy=0 mismatch=0 copies_failed=0 writes=0 conflicts=0
22:21:06.534  [fg-relay] rate4: throttle depth=1 off=0 | sleep calls=54.1/s waits=0.0/s clear=0.0/s timeouts=0.0/s avg=0.00ms | present calls=54.1/s waits=0.0/s clear=0.0/s timeouts=0.0/s avg=0.00ms | max=0.00ms (process)
22:21:21.533  [fg-relay] rate/15.0s p2 import_opt=1: presents=54.5/s present-gate[point=54.5 ready=0.0 fallback=0.0 inactive=0.0]/s noinfo=0.0/s stale=0.0/s unlearned=0.0/s attempts=0.0/s armed=0.0/s skipped=0.0/s busy=0.0/s arm-reject[state=0.0 request=0.0 refused=0.0 stopping=0.0 res=0.0 size=0.0]/s pool[cap=0.0 family=0.0 create=0.0 alloc=0.0]/s copy-drop[fence=0.0 reset=0.0 begin=0.0 end=0.0 submit=0.0]/s cf[seq=0.0/s idle=0.0/s nrfence=0.0/s] slotbusy=0.0/s copyfence-busy=0.0/s nr-gpuwait=0.0/s flips=0.0/s
22:21:21.533  [fg-relay] rate2: fginput eval=163.4/s index!=1=0.0/s eval-gate[off=0.0 fallback=0.0 notready=0.0 noinput=0.0 noqueue=0.0]/s relay eval=0.0/s consume=0.0/s inplace=0.0/s(ok 0.0/s) unarmed=0.0/s mismatch=0.0/s relbusy=0.0/s relok=0.0/s relfail=0.0/s release-stage[queue=0.0 pool=0.0 fence=0.0 reset=0.0 begin=0.0 end=0.0 submit=0.0]/s watchdog=0.0/s | worker plays=0.0/s ok=0.0/s fail=0.0/s nr_absent=0.0/s copyfail=0.0/s
22:21:21.533  [fg-relay] rate3: arm->arm avg=0.00ms max=0.00ms n=0 | arm->work avg=0.00ms max=0.00ms | arm->eval avg=0.00ms max=0.00ms | copywait avg=0.000ms max=0.000ms | copy-land<= avg=0.00ms max=0.00ms | work avg=0.00ms max=0.00ms | totals armed=0 unarmed=0 skipped=0 busy=0 mismatch=0 copies_failed=0 writes=0 conflicts=0
22:21:21.533  [fg-relay] rate4: throttle depth=1 off=0 | sleep calls=54.5/s waits=0.0/s clear=0.0/s timeouts=0.0/s avg=0.00ms | present calls=54.5/s waits=0.0/s clear=0.0/s timeouts=0.0/s avg=0.00ms | max=0.00ms (process)
22:21:26.313  qpc=4383818807131 [focus-fg] state: enabled=1 hooked=1 foreground=0 minimized=0 hwnd=0000000008660FE6 scope_calls=99530 original_false=97983 kept=97983 presents=100176 FG_evaluates=298588
22:21:27.967  === Vulkan CreateFeature1 #74  feature_id=18  VkDevice=000000002F1000D0  thread 40064 ===
22:21:27.968  === Vulkan CreateFeature1 #74 returned -1160773630, handle=0000000000000000 ===
22:21:36.533  [fg-relay] rate/15.0s p2 import_opt=1: presents=54.7/s present-gate[point=54.7 ready=0.0 fallback=0.0 inactive=0.0]/s noinfo=0.0/s stale=0.0/s unlearned=0.0/s attempts=0.0/s armed=0.0/s skipped=0.0/s busy=0.0/s arm-reject[state=0.0 request=0.0 refused=0.0 stopping=0.0 res=0.0 size=0.0]/s pool[cap=0.0 family=0.0 create=0.0 alloc=0.0]/s copy-drop[fence=0.0 reset=0.0 begin=0.0 end=0.0 submit=0.0]/s cf[seq=0.0/s idle=0.0/s nrfence=0.0/s] slotbusy=0.0/s copyfence-busy=0.0/s nr-gpuwait=0.0/s flips=0.0/s
22:21:36.533  [fg-relay] rate2: fginput eval=163.9/s index!=1=0.0/s eval-gate[off=0.0 fallback=0.0 notready=0.0 noinput=0.0 noqueue=0.0]/s relay eval=0.0/s consume=0.0/s inplace=0.0/s(ok 0.0/s) unarmed=0.0/s mismatch=0.0/s relbusy=0.0/s relok=0.0/s relfail=0.0/s release-stage[queue=0.0 pool=0.0 fence=0.0 reset=0.0 begin=0.0 end=0.0 submit=0.0]/s watchdog=0.0/s | worker plays=0.0/s ok=0.0/s fail=0.0/s nr_absent=0.0/s copyfail=0.0/s
22:21:36.533  [fg-relay] rate3: arm->arm avg=0.00ms max=0.00ms n=0 | arm->work avg=0.00ms max=0.00ms | arm->eval avg=0.00ms max=0.00ms | copywait avg=0.000ms max=0.000ms | copy-land<= avg=0.00ms max=0.00ms | work avg=0.00ms max=0.00ms | totals armed=0 unarmed=0 skipped=0 busy=0 mismatch=0 copies_failed=0 writes=0 conflicts=0
22:21:36.533  [fg-relay] rate4: throttle depth=1 off=0 | sleep calls=54.7/s waits=0.0/s clear=0.0/s timeouts=0.0/s avg=0.00ms | present calls=54.7/s waits=0.0/s clear=0.0/s timeouts=0.0/s avg=0.00ms | max=0.00ms (process)
22:21:45.360  qpc=4384009277653 [focus-fg] state: enabled=1 hooked=1 foreground=0 minimized=0 hwnd=0000000008660FE6 scope_calls=100572 original_false=99025 kept=99025 presents=101218 FG_evaluates=301714
22:21:51.540  [fg-relay] rate/15.0s p2 import_opt=1: presents=54.7/s present-gate[point=54.7 ready=0.0 fallback=0.0 inactive=0.0]/s noinfo=0.0/s stale=0.0/s unlearned=0.0/s attempts=0.0/s armed=0.0/s skipped=0.0/s busy=0.0/s arm-reject[state=0.0 request=0.0 refused=0.0 stopping=0.0 res=0.0 size=0.0]/s pool[cap=0.0 family=0.0 create=0.0 alloc=0.0]/s copy-drop[fence=0.0 reset=0.0 begin=0.0 end=0.0 submit=0.0]/s cf[seq=0.0/s idle=0.0/s nrfence=0.0/s] slotbusy=0.0/s copyfence-busy=0.0/s nr-gpuwait=0.0/s flips=0.0/s
22:21:51.541  [fg-relay] rate2: fginput eval=164.1/s index!=1=0.0/s eval-gate[off=0.0 fallback=0.0 notready=0.0 noinput=0.0 noqueue=0.0]/s relay eval=0.0/s consume=0.0/s inplace=0.0/s(ok 0.0/s) unarmed=0.0/s mismatch=0.0/s relbusy=0.0/s relok=0.0/s relfail=0.0/s release-stage[queue=0.0 pool=0.0 fence=0.0 reset=0.0 begin=0.0 end=0.0 submit=0.0]/s watchdog=0.0/s | worker plays=0.0/s ok=0.0/s fail=0.0/s nr_absent=0.0/s copyfail=0.0/s
22:21:51.541  [fg-relay] rate3: arm->arm avg=0.00ms max=0.00ms n=0 | arm->work avg=0.00ms max=0.00ms | arm->eval avg=0.00ms max=0.00ms | copywait avg=0.000ms max=0.000ms | copy-land<= avg=0.00ms max=0.00ms | work avg=0.00ms max=0.00ms | totals armed=0 unarmed=0 skipped=0 busy=0 mismatch=0 copies_failed=0 writes=0 conflicts=0
22:21:51.541  [fg-relay] rate4: throttle depth=1 off=0 | sleep calls=54.7/s waits=0.0/s clear=0.0/s timeouts=0.0/s avg=0.00ms | present calls=54.7/s waits=0.0/s clear=0.0/s timeouts=0.0/s avg=0.00ms | max=0.00ms (process)
22:21:57.987  === Vulkan CreateFeature1 #75  feature_id=18  VkDevice=000000002F1000D0  thread 40064 ===
22:21:57.987  === Vulkan CreateFeature1 #75 returned -1160773630, handle=0000000000000000 ===
22:22:03.373  qpc=4384189403762 [focus-fg] state: enabled=1 hooked=1 foreground=0 minimized=0 hwnd=0000000008660FE6 scope_calls=101552 original_false=100005 kept=100005 presents=102198 FG_evaluates=304654
22:22:06.535  [fg-relay] rate/15.0s p2 import_opt=1: presents=54.2/s present-gate[point=54.2 ready=0.0 fallback=0.0 inactive=0.0]/s noinfo=0.0/s stale=0.0/s unlearned=0.0/s attempts=0.0/s armed=0.0/s skipped=0.0/s busy=0.0/s arm-reject[state=0.0 request=0.0 refused=0.0 stopping=0.0 res=0.0 size=0.0]/s pool[cap=0.0 family=0.0 create=0.0 alloc=0.0]/s copy-drop[fence=0.0 reset=0.0 begin=0.0 end=0.0 submit=0.0]/s cf[seq=0.0/s idle=0.0/s nrfence=0.0/s] slotbusy=0.0/s copyfence-busy=0.0/s nr-gpuwait=0.0/s flips=0.0/s
22:22:06.535  [fg-relay] rate2: fginput eval=162.6/s index!=1=0.0/s eval-gate[off=0.0 fallback=0.0 notready=0.0 noinput=0.0 noqueue=0.0]/s relay eval=0.0/s consume=0.0/s inplace=0.0/s(ok 0.0/s) unarmed=0.0/s mismatch=0.0/s relbusy=0.0/s relok=0.0/s relfail=0.0/s release-stage[queue=0.0 pool=0.0 fence=0.0 reset=0.0 begin=0.0 end=0.0 submit=0.0]/s watchdog=0.0/s | worker plays=0.0/s ok=0.0/s fail=0.0/s nr_absent=0.0/s copyfail=0.0/s
22:22:06.535  [fg-relay] rate3: arm->arm avg=0.00ms max=0.00ms n=0 | arm->work avg=0.00ms max=0.00ms | arm->eval avg=0.00ms max=0.00ms | copywait avg=0.000ms max=0.000ms | copy-land<= avg=0.00ms max=0.00ms | work avg=0.00ms max=0.00ms | totals armed=0 unarmed=0 skipped=0 busy=0 mismatch=0 copies_failed=0 writes=0 conflicts=0
22:22:06.535  [fg-relay] rate4: throttle depth=1 off=0 | sleep calls=54.2/s waits=0.0/s clear=0.0/s timeouts=0.0/s avg=0.00ms | present calls=54.2/s waits=0.0/s clear=0.0/s timeouts=0.0/s avg=0.00ms | max=0.00ms (process)
22:22:19.384  qpc=4384349511418 [focus-fg] state: enabled=1 hooked=1 foreground=0 minimized=0 hwnd=0000000008660FE6 scope_calls=102417 original_false=100870 kept=100870 presents=103063 FG_evaluates=307249
22:22:21.544  [fg-relay] rate/15.0s p2 import_opt=1: presents=54.1/s present-gate[point=54.1 ready=0.0 fallback=0.0 inactive=0.0]/s noinfo=0.0/s stale=0.0/s unlearned=0.0/s attempts=0.0/s armed=0.0/s skipped=0.0/s busy=0.0/s arm-reject[state=0.0 request=0.0 refused=0.0 stopping=0.0 res=0.0 size=0.0]/s pool[cap=0.0 family=0.0 create=0.0 alloc=0.0]/s copy-drop[fence=0.0 reset=0.0 begin=0.0 end=0.0 submit=0.0]/s cf[seq=0.0/s idle=0.0/s nrfence=0.0/s] slotbusy=0.0/s copyfence-busy=0.0/s nr-gpuwait=0.0/s flips=0.0/s
22:22:21.545  [fg-relay] rate2: fginput eval=162.2/s index!=1=0.0/s eval-gate[off=0.0 fallback=0.0 notready=0.0 noinput=0.0 noqueue=0.0]/s relay eval=0.0/s consume=0.0/s inplace=0.0/s(ok 0.0/s) unarmed=0.0/s mismatch=0.0/s relbusy=0.0/s relok=0.0/s relfail=0.0/s release-stage[queue=0.0 pool=0.0 fence=0.0 reset=0.0 begin=0.0 end=0.0 submit=0.0]/s watchdog=0.0/s | worker plays=0.0/s ok=0.0/s fail=0.0/s nr_absent=0.0/s copyfail=0.0/s
22:22:21.545  [fg-relay] rate3: arm->arm avg=0.00ms max=0.00ms n=0 | arm->work avg=0.00ms max=0.00ms | arm->eval avg=0.00ms max=0.00ms | copywait avg=0.000ms max=0.000ms | copy-land<= avg=0.00ms max=0.00ms | work avg=0.00ms max=0.00ms | totals armed=0 unarmed=0 skipped=0 busy=0 mismatch=0 copies_failed=0 writes=0 conflicts=0
22:22:21.545  [fg-relay] rate4: throttle depth=1 off=0 | sleep calls=54.1/s waits=0.0/s clear=0.0/s timeouts=0.0/s avg=0.00ms | present calls=54.1/s waits=0.0/s clear=0.0/s timeouts=0.0/s avg=0.00ms | max=0.00ms (process)
22:22:27.988  === Vulkan CreateFeature1 #76  feature_id=18  VkDevice=000000002F1000D0  thread 40064 ===
22:22:27.988  === Vulkan CreateFeature1 #76 returned -1160773630, handle=0000000000000000 ===
22:22:36.547  [fg-relay] rate/15.0s p2 import_opt=1: presents=54.1/s present-gate[point=54.1 ready=0.0 fallback=0.0 inactive=0.0]/s noinfo=0.0/s stale=0.0/s unlearned=0.0/s attempts=0.0/s armed=0.0/s skipped=0.0/s busy=0.0/s arm-reject[state=0.0 request=0.0 refused=0.0 stopping=0.0 res=0.0 size=0.0]/s pool[cap=0.0 family=0.0 create=0.0 alloc=0.0]/s copy-drop[fence=0.0 reset=0.0 begin=0.0 end=0.0 submit=0.0]/s cf[seq=0.0/s idle=0.0/s nrfence=0.0/s] slotbusy=0.0/s copyfence-busy=0.0/s nr-gpuwait=0.0/s flips=0.0/s
22:22:36.548  [fg-relay] rate2: fginput eval=162.4/s index!=1=0.0/s eval-gate[off=0.0 fallback=0.0 notready=0.0 noinput=0.0 noqueue=0.0]/s relay eval=0.0/s consume=0.0/s inplace=0.0/s(ok 0.0/s) unarmed=0.0/s mismatch=0.0/s relbusy=0.0/s relok=0.0/s relfail=0.0/s release-stage[queue=0.0 pool=0.0 fence=0.0 reset=0.0 begin=0.0 end=0.0 submit=0.0]/s watchdog=0.0/s | worker plays=0.0/s ok=0.0/s fail=0.0/s nr_absent=0.0/s copyfail=0.0/s
22:22:36.548  [fg-relay] rate3: arm->arm avg=0.00ms max=0.00ms n=0 | arm->work avg=0.00ms max=0.00ms | arm->eval avg=0.00ms max=0.00ms | copywait avg=0.000ms max=0.000ms | copy-land<= avg=0.00ms max=0.00ms | work avg=0.00ms max=0.00ms | totals armed=0 unarmed=0 skipped=0 busy=0 mismatch=0 copies_failed=0 writes=0 conflicts=0
22:22:36.548  [fg-relay] rate4: throttle depth=1 off=0 | sleep calls=54.1/s waits=0.0/s clear=0.0/s timeouts=0.0/s avg=0.00ms | present calls=54.1/s waits=0.0/s clear=0.0/s timeouts=0.0/s avg=0.00ms | max=0.00ms (process)
22:22:38.407  qpc=4384539743773 [focus-fg] state: enabled=1 hooked=1 foreground=0 minimized=0 hwnd=0000000008660FE6 scope_calls=103448 original_false=101901 kept=101901 presents=104094 FG_evaluates=310342
22:22:51.554  [fg-relay] rate/15.0s p2 import_opt=1: presents=54.2/s present-gate[point=54.2 ready=0.0 fallback=0.0 inactive=0.0]/s noinfo=0.0/s stale=0.0/s unlearned=0.0/s attempts=0.0/s armed=0.0/s skipped=0.0/s busy=0.0/s arm-reject[state=0.0 request=0.0 refused=0.0 stopping=0.0 res=0.0 size=0.0]/s pool[cap=0.0 family=0.0 create=0.0 alloc=0.0]/s copy-drop[fence=0.0 reset=0.0 begin=0.0 end=0.0 submit=0.0]/s cf[seq=0.0/s idle=0.0/s nrfence=0.0/s] slotbusy=0.0/s copyfence-busy=0.0/s nr-gpuwait=0.0/s flips=0.0/s
22:22:51.554  [fg-relay] rate2: fginput eval=162.5/s index!=1=0.0/s eval-gate[off=0.0 fallback=0.0 notready=0.0 noinput=0.0 noqueue=0.0]/s relay eval=0.0/s consume=0.0/s inplace=0.0/s(ok 0.0/s) unarmed=0.0/s mismatch=0.0/s relbusy=0.0/s relok=0.0/s relfail=0.0/s release-stage[queue=0.0 pool=0.0 fence=0.0 reset=0.0 begin=0.0 end=0.0 submit=0.0]/s watchdog=0.0/s | worker plays=0.0/s ok=0.0/s fail=0.0/s nr_absent=0.0/s copyfail=0.0/s
22:22:51.554  [fg-relay] rate3: arm->arm avg=0.00ms max=0.00ms n=0 | arm->work avg=0.00ms max=0.00ms | arm->eval avg=0.00ms max=0.00ms | copywait avg=0.000ms max=0.000ms | copy-land<= avg=0.00ms max=0.00ms | work avg=0.00ms max=0.00ms | totals armed=0 unarmed=0 skipped=0 busy=0 mismatch=0 copies_failed=0 writes=0 conflicts=0
22:22:51.554  [fg-relay] rate4: throttle depth=1 off=0 | sleep calls=54.2/s waits=0.0/s clear=0.0/s timeouts=0.0/s avg=0.00ms | present calls=54.2/s waits=0.0/s clear=0.0/s timeouts=0.0/s avg=0.00ms | max=0.00ms (process)
22:22:55.472  qpc=4384710390733 [focus-fg] state: enabled=1 hooked=1 foreground=0 minimized=0 hwnd=0000000008660FE6 scope_calls=104371 original_false=102824 kept=102824 presents=105017 FG_evaluates=313111
22:22:58.007  === Vulkan CreateFeature1 #77  feature_id=18  VkDevice=000000002F1000D0  thread 40064 ===
22:22:58.007  === Vulkan CreateFeature1 #77 returned -1160773630, handle=0000000000000000 ===
22:23:06.564  [fg-relay] rate/15.0s p2 import_opt=1: presents=53.9/s present-gate[point=53.9 ready=0.0 fallback=0.0 inactive=0.0]/s noinfo=0.0/s stale=0.0/s unlearned=0.0/s attempts=0.0/s armed=0.0/s skipped=0.0/s busy=0.0/s arm-reject[state=0.0 request=0.0 refused=0.0 stopping=0.0 res=0.0 size=0.0]/s pool[cap=0.0 family=0.0 create=0.0 alloc=0.0]/s copy-drop[fence=0.0 reset=0.0 begin=0.0 end=0.0 submit=0.0]/s cf[seq=0.0/s idle=0.0/s nrfence=0.0/s] slotbusy=0.0/s copyfence-busy=0.0/s nr-gpuwait=0.0/s flips=0.0/s
22:23:06.564  [fg-relay] rate2: fginput eval=161.6/s index!=1=0.0/s eval-gate[off=0.0 fallback=0.0 notready=0.0 noinput=0.0 noqueue=0.0]/s relay eval=0.0/s consume=0.0/s inplace=0.0/s(ok 0.0/s) unarmed=0.0/s mismatch=0.0/s relbusy=0.0/s relok=0.0/s relfail=0.0/s release-stage[queue=0.0 pool=0.0 fence=0.0 reset=0.0 begin=0.0 end=0.0 submit=0.0]/s watchdog=0.0/s | worker plays=0.0/s ok=0.0/s fail=0.0/s nr_absent=0.0/s copyfail=0.0/s
22:23:06.564  [fg-relay] rate3: arm->arm avg=0.00ms max=0.00ms n=0 | arm->work avg=0.00ms max=0.00ms | arm->eval avg=0.00ms max=0.00ms | copywait avg=0.000ms max=0.000ms | copy-land<= avg=0.00ms max=0.00ms | work avg=0.00ms max=0.00ms | totals armed=0 unarmed=0 skipped=0 busy=0 mismatch=0 copies_failed=0 writes=0 conflicts=0
22:23:06.564  [fg-relay] rate4: throttle depth=1 off=0 | sleep calls=53.9/s waits=0.0/s clear=0.0/s timeouts=0.0/s avg=0.00ms | present calls=53.9/s waits=0.0/s clear=0.0/s timeouts=0.0/s avg=0.00ms | max=0.00ms (process)
22:23:11.477  qpc=4384870443620 [focus-fg] state: enabled=1 hooked=1 foreground=0 minimized=0 hwnd=0000000008660FE6 scope_calls=105237 original_false=103690 kept=103690 presents=105883 FG_evaluates=315709
22:23:21.572  [fg-relay] rate/15.0s p2 import_opt=1: presents=54.5/s present-gate[point=54.5 ready=0.0 fallback=0.0 inactive=0.0]/s noinfo=0.0/s stale=0.0/s unlearned=0.0/s attempts=0.0/s armed=0.0/s skipped=0.0/s busy=0.0/s arm-reject[state=0.0 request=0.0 refused=0.0 stopping=0.0 res=0.0 size=0.0]/s pool[cap=0.0 family=0.0 create=0.0 alloc=0.0]/s copy-drop[fence=0.0 reset=0.0 begin=0.0 end=0.0 submit=0.0]/s cf[seq=0.0/s idle=0.0/s nrfence=0.0/s] slotbusy=0.0/s copyfence-busy=0.0/s nr-gpuwait=0.0/s flips=0.0/s
22:23:21.573  [fg-relay] rate2: fginput eval=163.4/s index!=1=0.0/s eval-gate[off=0.0 fallback=0.0 notready=0.0 noinput=0.0 noqueue=0.0]/s relay eval=0.0/s consume=0.0/s inplace=0.0/s(ok 0.0/s) unarmed=0.0/s mismatch=0.0/s relbusy=0.0/s relok=0.0/s relfail=0.0/s release-stage[queue=0.0 pool=0.0 fence=0.0 reset=0.0 begin=0.0 end=0.0 submit=0.0]/s watchdog=0.0/s | worker plays=0.0/s ok=0.0/s fail=0.0/s nr_absent=0.0/s copyfail=0.0/s
22:23:21.573  [fg-relay] rate3: arm->arm avg=0.00ms max=0.00ms n=0 | arm->work avg=0.00ms max=0.00ms | arm->eval avg=0.00ms max=0.00ms | copywait avg=0.000ms max=0.000ms | copy-land<= avg=0.00ms max=0.00ms | work avg=0.00ms max=0.00ms | totals armed=0 unarmed=0 skipped=0 busy=0 mismatch=0 copies_failed=0 writes=0 conflicts=0
22:23:21.573  [fg-relay] rate4: throttle depth=1 off=0 | sleep calls=54.5/s waits=0.0/s clear=0.0/s timeouts=0.0/s avg=0.00ms | present calls=54.5/s waits=0.0/s clear=0.0/s timeouts=0.0/s avg=0.00ms | max=0.00ms (process)
22:23:28.014  === Vulkan CreateFeature1 #78  feature_id=18  VkDevice=000000002F1000D0  thread 40064 ===
22:23:28.014  === Vulkan CreateFeature1 #78 returned -1160773630, handle=0000000000000000 ===
22:23:30.519  qpc=4385060868980 [focus-fg] state: enabled=1 hooked=1 foreground=0 minimized=0 hwnd=0000000008660FE6 scope_calls=106267 original_false=104720 kept=104720 presents=106913 FG_evaluates=318799
22:23:36.567  [fg-relay] rate/15.0s p2 import_opt=1: presents=53.9/s present-gate[point=53.9 ready=0.0 fallback=0.0 inactive=0.0]/s noinfo=0.0/s stale=0.0/s unlearned=0.0/s attempts=0.0/s armed=0.0/s skipped=0.0/s busy=0.0/s arm-reject[state=0.0 request=0.0 refused=0.0 stopping=0.0 res=0.0 size=0.0]/s pool[cap=0.0 family=0.0 create=0.0 alloc=0.0]/s copy-drop[fence=0.0 reset=0.0 begin=0.0 end=0.0 submit=0.0]/s cf[seq=0.0/s idle=0.0/s nrfence=0.0/s] slotbusy=0.0/s copyfence-busy=0.0/s nr-gpuwait=0.0/s flips=0.0/s
22:23:36.567  [fg-relay] rate2: fginput eval=161.6/s index!=1=0.0/s eval-gate[off=0.0 fallback=0.0 notready=0.0 noinput=0.0 noqueue=0.0]/s relay eval=0.0/s consume=0.0/s inplace=0.0/s(ok 0.0/s) unarmed=0.0/s mismatch=0.0/s relbusy=0.0/s relok=0.0/s relfail=0.0/s release-stage[queue=0.0 pool=0.0 fence=0.0 reset=0.0 begin=0.0 end=0.0 submit=0.0]/s watchdog=0.0/s | worker plays=0.0/s ok=0.0/s fail=0.0/s nr_absent=0.0/s copyfail=0.0/s
22:23:36.568  [fg-relay] rate3: arm->arm avg=0.00ms max=0.00ms n=0 | arm->work avg=0.00ms max=0.00ms | arm->eval avg=0.00ms max=0.00ms | copywait avg=0.000ms max=0.000ms | copy-land<= avg=0.00ms max=0.00ms | work avg=0.00ms max=0.00ms | totals armed=0 unarmed=0 skipped=0 busy=0 mismatch=0 copies_failed=0 writes=0 conflicts=0
22:23:36.568  [fg-relay] rate4: throttle depth=1 off=0 | sleep calls=53.9/s waits=0.0/s clear=0.0/s timeouts=0.0/s avg=0.00ms | present calls=53.9/s waits=0.0/s clear=0.0/s timeouts=0.0/s avg=0.00ms | max=0.00ms (process)
22:23:47.571  qpc=4385231381475 [focus-fg] state: enabled=1 hooked=1 foreground=0 minimized=0 hwnd=0000000008660FE6 scope_calls=107185 original_false=105638 kept=105638 presents=107831 FG_evaluates=321553
22:23:51.574  [fg-relay] rate/15.0s p2 import_opt=1: presents=53.7/s present-gate[point=53.7 ready=0.0 fallback=0.0 inactive=0.0]/s noinfo=0.0/s stale=0.0/s unlearned=0.0/s attempts=0.0/s armed=0.0/s skipped=0.0/s busy=0.0/s arm-reject[state=0.0 request=0.0 refused=0.0 stopping=0.0 res=0.0 size=0.0]/s pool[cap=0.0 family=0.0 create=0.0 alloc=0.0]/s copy-drop[fence=0.0 reset=0.0 begin=0.0 end=0.0 submit=0.0]/s cf[seq=0.0/s idle=0.0/s nrfence=0.0/s] slotbusy=0.0/s copyfence-busy=0.0/s nr-gpuwait=0.0/s flips=0.0/s
22:23:51.574  [fg-relay] rate2: fginput eval=161.0/s index!=1=0.0/s eval-gate[off=0.0 fallback=0.0 notready=0.0 noinput=0.0 noqueue=0.0]/s relay eval=0.0/s consume=0.0/s inplace=0.0/s(ok 0.0/s) unarmed=0.0/s mismatch=0.0/s relbusy=0.0/s relok=0.0/s relfail=0.0/s release-stage[queue=0.0 pool=0.0 fence=0.0 reset=0.0 begin=0.0 end=0.0 submit=0.0]/s watchdog=0.0/s | worker plays=0.0/s ok=0.0/s fail=0.0/s nr_absent=0.0/s copyfail=0.0/s
22:23:51.574  [fg-relay] rate3: arm->arm avg=0.00ms max=0.00ms n=0 | arm->work avg=0.00ms max=0.00ms | arm->eval avg=0.00ms max=0.00ms | copywait avg=0.000ms max=0.000ms | copy-land<= avg=0.00ms max=0.00ms | work avg=0.00ms max=0.00ms | totals armed=0 unarmed=0 skipped=0 busy=0 mismatch=0 copies_failed=0 writes=0 conflicts=0
22:23:51.574  [fg-relay] rate4: throttle depth=1 off=0 | sleep calls=53.7/s waits=0.0/s clear=0.0/s timeouts=0.0/s avg=0.00ms | present calls=53.7/s waits=0.0/s clear=0.0/s timeouts=0.0/s avg=0.00ms | max=0.00ms (process)
22:23:58.016  === Vulkan CreateFeature1 #79  feature_id=18  VkDevice=000000002F1000D0  thread 40064 ===
22:23:58.017  === Vulkan CreateFeature1 #79 returned -1160773630, handle=0000000000000000 ===
22:24:04.648  qpc=4385402153102 [focus-fg] state: enabled=1 hooked=1 foreground=0 minimized=0 hwnd=0000000008660FE6 scope_calls=108103 original_false=106556 kept=106556 presents=108749 FG_evaluates=324307
22:24:06.563  [fg-relay] rate/15.0s p2 import_opt=1: presents=53.9/s present-gate[point=53.9 ready=0.0 fallback=0.0 inactive=0.0]/s noinfo=0.0/s stale=0.0/s unlearned=0.0/s attempts=0.0/s armed=0.0/s skipped=0.0/s busy=0.0/s arm-reject[state=0.0 request=0.0 refused=0.0 stopping=0.0 res=0.0 size=0.0]/s pool[cap=0.0 family=0.0 create=0.0 alloc=0.0]/s copy-drop[fence=0.0 reset=0.0 begin=0.0 end=0.0 submit=0.0]/s cf[seq=0.0/s idle=0.0/s nrfence=0.0/s] slotbusy=0.0/s copyfence-busy=0.0/s nr-gpuwait=0.0/s flips=0.0/s
22:24:06.563  [fg-relay] rate2: fginput eval=161.5/s index!=1=0.0/s eval-gate[off=0.0 fallback=0.0 notready=0.0 noinput=0.0 noqueue=0.0]/s relay eval=0.0/s consume=0.0/s inplace=0.0/s(ok 0.0/s) unarmed=0.0/s mismatch=0.0/s relbusy=0.0/s relok=0.0/s relfail=0.0/s release-stage[queue=0.0 pool=0.0 fence=0.0 reset=0.0 begin=0.0 end=0.0 submit=0.0]/s watchdog=0.0/s | worker plays=0.0/s ok=0.0/s fail=0.0/s nr_absent=0.0/s copyfail=0.0/s
22:24:06.563  [fg-relay] rate3: arm->arm avg=0.00ms max=0.00ms n=0 | arm->work avg=0.00ms max=0.00ms | arm->eval avg=0.00ms max=0.00ms | copywait avg=0.000ms max=0.000ms | copy-land<= avg=0.00ms max=0.00ms | work avg=0.00ms max=0.00ms | totals armed=0 unarmed=0 skipped=0 busy=0 mismatch=0 copies_failed=0 writes=0 conflicts=0
22:24:06.563  [fg-relay] rate4: throttle depth=1 off=0 | sleep calls=53.9/s waits=0.0/s clear=0.0/s timeouts=0.0/s avg=0.00ms | present calls=53.9/s waits=0.0/s clear=0.0/s timeouts=0.0/s avg=0.00ms | max=0.00ms (process)
22:24:20.737  qpc=4385563050203 [focus-fg] state: enabled=1 hooked=1 foreground=0 minimized=0 hwnd=0000000008660FE6 scope_calls=108972 original_false=107425 kept=107425 presents=109618 FG_evaluates=326914
22:24:21.572  [fg-relay] rate/15.0s p2 import_opt=1: presents=54.1/s present-gate[point=54.1 ready=0.0 fallback=0.0 inactive=0.0]/s noinfo=0.0/s stale=0.0/s unlearned=0.0/s attempts=0.0/s armed=0.0/s skipped=0.0/s busy=0.0/s arm-reject[state=0.0 request=0.0 refused=0.0 stopping=0.0 res=0.0 size=0.0]/s pool[cap=0.0 family=0.0 create=0.0 alloc=0.0]/s copy-drop[fence=0.0 reset=0.0 begin=0.0 end=0.0 submit=0.0]/s cf[seq=0.0/s idle=0.0/s nrfence=0.0/s] slotbusy=0.0/s copyfence-busy=0.0/s nr-gpuwait=0.0/s flips=0.0/s
22:24:21.572  [fg-relay] rate2: fginput eval=162.2/s index!=1=0.0/s eval-gate[off=0.0 fallback=0.0 notready=0.0 noinput=0.0 noqueue=0.0]/s relay eval=0.0/s consume=0.0/s inplace=0.0/s(ok 0.0/s) unarmed=0.0/s mismatch=0.0/s relbusy=0.0/s relok=0.0/s relfail=0.0/s release-stage[queue=0.0 pool=0.0 fence=0.0 reset=0.0 begin=0.0 end=0.0 submit=0.0]/s watchdog=0.0/s | worker plays=0.0/s ok=0.0/s fail=0.0/s nr_absent=0.0/s copyfail=0.0/s
22:24:21.572  [fg-relay] rate3: arm->arm avg=0.00ms max=0.00ms n=0 | arm->work avg=0.00ms max=0.00ms | arm->eval avg=0.00ms max=0.00ms | copywait avg=0.000ms max=0.000ms | copy-land<= avg=0.00ms max=0.00ms | work avg=0.00ms max=0.00ms | totals armed=0 unarmed=0 skipped=0 busy=0 mismatch=0 copies_failed=0 writes=0 conflicts=0
22:24:21.572  [fg-relay] rate4: throttle depth=1 off=0 | sleep calls=54.1/s waits=0.0/s clear=0.0/s timeouts=0.0/s avg=0.00ms | present calls=54.1/s waits=0.0/s clear=0.0/s timeouts=0.0/s avg=0.00ms | max=0.00ms (process)
22:24:28.032  === Vulkan CreateFeature1 #80  feature_id=18  VkDevice=000000002F1000D0  thread 40064 ===
22:24:28.032  === Vulkan CreateFeature1 #80 returned -1160773630, handle=0000000000000000 ===
22:24:36.566  [fg-relay] rate/15.0s p2 import_opt=1: presents=54.5/s present-gate[point=54.5 ready=0.0 fallback=0.0 inactive=0.0]/s noinfo=0.0/s stale=0.0/s unlearned=0.0/s attempts=0.0/s armed=0.0/s skipped=0.0/s busy=0.0/s arm-reject[state=0.0 request=0.0 refused=0.0 stopping=0.0 res=0.0 size=0.0]/s pool[cap=0.0 family=0.0 create=0.0 alloc=0.0]/s copy-drop[fence=0.0 reset=0.0 begin=0.0 end=0.0 submit=0.0]/s cf[seq=0.0/s idle=0.0/s nrfence=0.0/s] slotbusy=0.0/s copyfence-busy=0.0/s nr-gpuwait=0.0/s flips=0.0/s
22:24:36.566  [fg-relay] rate2: fginput eval=163.3/s index!=1=0.0/s eval-gate[off=0.0 fallback=0.0 notready=0.0 noinput=0.0 noqueue=0.0]/s relay eval=0.0/s consume=0.0/s inplace=0.0/s(ok 0.0/s) unarmed=0.0/s mismatch=0.0/s relbusy=0.0/s relok=0.0/s relfail=0.0/s release-stage[queue=0.0 pool=0.0 fence=0.0 reset=0.0 begin=0.0 end=0.0 submit=0.0]/s watchdog=0.0/s | worker plays=0.0/s ok=0.0/s fail=0.0/s nr_absent=0.0/s copyfail=0.0/s
22:24:36.566  [fg-relay] rate3: arm->arm avg=0.00ms max=0.00ms n=0 | arm->work avg=0.00ms max=0.00ms | arm->eval avg=0.00ms max=0.00ms | copywait avg=0.000ms max=0.000ms | copy-land<= avg=0.00ms max=0.00ms | work avg=0.00ms max=0.00ms | totals armed=0 unarmed=0 skipped=0 busy=0 mismatch=0 copies_failed=0 writes=0 conflicts=0
22:24:36.566  [fg-relay] rate4: throttle depth=1 off=0 | sleep calls=54.5/s waits=0.0/s clear=0.0/s timeouts=0.0/s avg=0.00ms | present calls=54.5/s waits=0.0/s clear=0.0/s timeouts=0.0/s avg=0.00ms | max=0.00ms (process)
22:24:42.732  qpc=4385782997306 [focus-fg] state: enabled=1 hooked=1 foreground=0 minimized=0 hwnd=0000000008660FE6 scope_calls=110168 original_false=108621 kept=108621 presents=110814 FG_evaluates=330502
22:24:51.577  [fg-relay] rate/15.0s p2 import_opt=1: presents=54.4/s present-gate[point=54.4 ready=0.0 fallback=0.0 inactive=0.0]/s noinfo=0.0/s stale=0.0/s unlearned=0.0/s attempts=0.0/s armed=0.0/s skipped=0.0/s busy=0.0/s arm-reject[state=0.0 request=0.0 refused=0.0 stopping=0.0 res=0.0 size=0.0]/s pool[cap=0.0 family=0.0 create=0.0 alloc=0.0]/s copy-drop[fence=0.0 reset=0.0 begin=0.0 end=0.0 submit=0.0]/s cf[seq=0.0/s idle=0.0/s nrfence=0.0/s] slotbusy=0.0/s copyfence-busy=0.0/s nr-gpuwait=0.0/s flips=0.0/s
22:24:51.577  [fg-relay] rate2: fginput eval=163.2/s index!=1=0.0/s eval-gate[off=0.0 fallback=0.0 notready=0.0 noinput=0.0 noqueue=0.0]/s relay eval=0.0/s consume=0.0/s inplace=0.0/s(ok 0.0/s) unarmed=0.0/s mismatch=0.0/s relbusy=0.0/s relok=0.0/s relfail=0.0/s release-stage[queue=0.0 pool=0.0 fence=0.0 reset=0.0 begin=0.0 end=0.0 submit=0.0]/s watchdog=0.0/s | worker plays=0.0/s ok=0.0/s fail=0.0/s nr_absent=0.0/s copyfail=0.0/s
22:24:51.577  [fg-relay] rate3: arm->arm avg=0.00ms max=0.00ms n=0 | arm->work avg=0.00ms max=0.00ms | arm->eval avg=0.00ms max=0.00ms | copywait avg=0.000ms max=0.000ms | copy-land<= avg=0.00ms max=0.00ms | work avg=0.00ms max=0.00ms | totals armed=0 unarmed=0 skipped=0 busy=0 mismatch=0 copies_failed=0 writes=0 conflicts=0
22:24:51.577  [fg-relay] rate4: throttle depth=1 off=0 | sleep calls=54.4/s waits=0.0/s clear=0.0/s timeouts=0.0/s avg=0.00ms | present calls=54.4/s waits=0.0/s clear=0.0/s timeouts=0.0/s avg=0.00ms | max=0.00ms (process)
22:24:58.038  === Vulkan CreateFeature1 #81  feature_id=18  VkDevice=000000002F1000D0  thread 40064 ===
22:24:58.038  === Vulkan CreateFeature1 #81 returned -1160773630, handle=0000000000000000 ===
22:24:59.759  qpc=4385953263571 [focus-fg] state: enabled=1 hooked=1 foreground=0 minimized=0 hwnd=0000000008660FE6 scope_calls=111111 original_false=109564 kept=109564 presents=111757 FG_evaluates=333331
22:25:06.573  [fg-relay] rate/15.0s p2 import_opt=1: presents=56.6/s present-gate[point=56.6 ready=0.0 fallback=0.0 inactive=0.0]/s noinfo=0.0/s stale=0.0/s unlearned=0.0/s attempts=0.0/s armed=0.0/s skipped=0.0/s busy=0.0/s arm-reject[state=0.0 request=0.0 refused=0.0 stopping=0.0 res=0.0 size=0.0]/s pool[cap=0.0 family=0.0 create=0.0 alloc=0.0]/s copy-drop[fence=0.0 reset=0.0 begin=0.0 end=0.0 submit=0.0]/s cf[seq=0.0/s idle=0.0/s nrfence=0.0/s] slotbusy=0.0/s copyfence-busy=0.0/s nr-gpuwait=0.0/s flips=0.0/s
22:25:06.573  [fg-relay] rate2: fginput eval=169.7/s index!=1=0.0/s eval-gate[off=0.0 fallback=0.0 notready=0.0 noinput=0.0 noqueue=0.0]/s relay eval=0.0/s consume=0.0/s inplace=0.0/s(ok 0.0/s) unarmed=0.0/s mismatch=0.0/s relbusy=0.0/s relok=0.0/s relfail=0.0/s release-stage[queue=0.0 pool=0.0 fence=0.0 reset=0.0 begin=0.0 end=0.0 submit=0.0]/s watchdog=0.0/s | worker plays=0.0/s ok=0.0/s fail=0.0/s nr_absent=0.0/s copyfail=0.0/s
22:25:06.573  [fg-relay] rate3: arm->arm avg=0.00ms max=0.00ms n=0 | arm->work avg=0.00ms max=0.00ms | arm->eval avg=0.00ms max=0.00ms | copywait avg=0.000ms max=0.000ms | copy-land<= avg=0.00ms max=0.00ms | work avg=0.00ms max=0.00ms | totals armed=0 unarmed=0 skipped=0 busy=0 mismatch=0 copies_failed=0 writes=0 conflicts=0
22:25:06.573  [fg-relay] rate4: throttle depth=1 off=0 | sleep calls=56.6/s waits=0.0/s clear=0.0/s timeouts=0.0/s avg=0.00ms | present calls=56.6/s waits=0.0/s clear=0.0/s timeouts=0.0/s avg=0.00ms | max=0.00ms (process)
22:25:19.803  qpc=4386153709276 [focus-fg] state: enabled=1 hooked=1 foreground=0 minimized=0 hwnd=0000000008660FE6 scope_calls=112256 original_false=110709 kept=110709 presents=112902 FG_evaluates=336766
22:25:21.565  [fg-relay] rate/15.0s p2 import_opt=1: presents=57.1/s present-gate[point=57.1 ready=0.0 fallback=0.0 inactive=0.0]/s noinfo=0.0/s stale=0.0/s unlearned=0.0/s attempts=0.0/s armed=0.0/s skipped=0.0/s busy=0.0/s arm-reject[state=0.0 request=0.0 refused=0.0 stopping=0.0 res=0.0 size=0.0]/s pool[cap=0.0 family=0.0 create=0.0 alloc=0.0]/s copy-drop[fence=0.0 reset=0.0 begin=0.0 end=0.0 submit=0.0]/s cf[seq=0.0/s idle=0.0/s nrfence=0.0/s] slotbusy=0.0/s copyfence-busy=0.0/s nr-gpuwait=0.0/s flips=0.0/s
22:25:21.565  [fg-relay] rate2: fginput eval=171.4/s index!=1=0.0/s eval-gate[off=0.0 fallback=0.0 notready=0.0 noinput=0.0 noqueue=0.0]/s relay eval=0.0/s consume=0.0/s inplace=0.0/s(ok 0.0/s) unarmed=0.0/s mismatch=0.0/s relbusy=0.0/s relok=0.0/s relfail=0.0/s release-stage[queue=0.0 pool=0.0 fence=0.0 reset=0.0 begin=0.0 end=0.0 submit=0.0]/s watchdog=0.0/s | worker plays=0.0/s ok=0.0/s fail=0.0/s nr_absent=0.0/s copyfail=0.0/s
22:25:21.565  [fg-relay] rate3: arm->arm avg=0.00ms max=0.00ms n=0 | arm->work avg=0.00ms max=0.00ms | arm->eval avg=0.00ms max=0.00ms | copywait avg=0.000ms max=0.000ms | copy-land<= avg=0.00ms max=0.00ms | work avg=0.00ms max=0.00ms | totals armed=0 unarmed=0 skipped=0 busy=0 mismatch=0 copies_failed=0 writes=0 conflicts=0
22:25:21.565  [fg-relay] rate4: throttle depth=1 off=0 | sleep calls=57.1/s waits=0.0/s clear=0.0/s timeouts=0.0/s avg=0.00ms | present calls=57.1/s waits=0.0/s clear=0.0/s timeouts=0.0/s avg=0.00ms | max=0.00ms (process)
22:25:28.049  === Vulkan CreateFeature1 #82  feature_id=18  VkDevice=000000002F1000D0  thread 40064 ===
22:25:28.049  === Vulkan CreateFeature1 #82 returned -1160773630, handle=0000000000000000 ===
22:25:36.579  [fg-relay] rate/15.0s p2 import_opt=1: presents=57.3/s present-gate[point=57.3 ready=0.0 fallback=0.0 inactive=0.0]/s noinfo=0.0/s stale=0.0/s unlearned=0.0/s attempts=0.0/s armed=0.0/s skipped=0.0/s busy=0.0/s arm-reject[state=0.0 request=0.0 refused=0.0 stopping=0.0 res=0.0 size=0.0]/s pool[cap=0.0 family=0.0 create=0.0 alloc=0.0]/s copy-drop[fence=0.0 reset=0.0 begin=0.0 end=0.0 submit=0.0]/s cf[seq=0.0/s idle=0.0/s nrfence=0.0/s] slotbusy=0.0/s copyfence-busy=0.0/s nr-gpuwait=0.0/s flips=0.0/s
22:25:36.579  [fg-relay] rate2: fginput eval=171.9/s index!=1=0.0/s eval-gate[off=0.0 fallback=0.0 notready=0.0 noinput=0.0 noqueue=0.0]/s relay eval=0.0/s consume=0.0/s inplace=0.0/s(ok 0.0/s) unarmed=0.0/s mismatch=0.0/s relbusy=0.0/s relok=0.0/s relfail=0.0/s release-stage[queue=0.0 pool=0.0 fence=0.0 reset=0.0 begin=0.0 end=0.0 submit=0.0]/s watchdog=0.0/s | worker plays=0.0/s ok=0.0/s fail=0.0/s nr_absent=0.0/s copyfail=0.0/s
22:25:36.579  [fg-relay] rate3: arm->arm avg=0.00ms max=0.00ms n=0 | arm->work avg=0.00ms max=0.00ms | arm->eval avg=0.00ms max=0.00ms | copywait avg=0.000ms max=0.000ms | copy-land<= avg=0.00ms max=0.00ms | work avg=0.00ms max=0.00ms | totals armed=0 unarmed=0 skipped=0 busy=0 mismatch=0 copies_failed=0 writes=0 conflicts=0
22:25:36.580  [fg-relay] rate4: throttle depth=1 off=0 | sleep calls=57.3/s waits=0.0/s clear=0.0/s timeouts=0.0/s avg=0.00ms | present calls=57.3/s waits=0.0/s clear=0.0/s timeouts=0.0/s avg=0.00ms | max=0.00ms (process)
22:25:37.803  qpc=4386333698682 [focus-fg] state: enabled=1 hooked=1 foreground=0 minimized=0 hwnd=0000000008660FE6 scope_calls=113288 original_false=111741 kept=111741 presents=113934 FG_evaluates=339862
22:25:51.583  [fg-relay] rate/15.0s p2 import_opt=1: presents=56.7/s present-gate[point=56.7 ready=0.0 fallback=0.0 inactive=0.0]/s noinfo=0.0/s stale=0.0/s unlearned=0.0/s attempts=0.0/s armed=0.0/s skipped=0.0/s busy=0.0/s arm-reject[state=0.0 request=0.0 refused=0.0 stopping=0.0 res=0.0 size=0.0]/s pool[cap=0.0 family=0.0 create=0.0 alloc=0.0]/s copy-drop[fence=0.0 reset=0.0 begin=0.0 end=0.0 submit=0.0]/s cf[seq=0.0/s idle=0.0/s nrfence=0.0/s] slotbusy=0.0/s copyfence-busy=0.0/s nr-gpuwait=0.0/s flips=0.0/s
22:25:51.583  [fg-relay] rate2: fginput eval=170.0/s index!=1=0.0/s eval-gate[off=0.0 fallback=0.0 notready=0.0 noinput=0.0 noqueue=0.0]/s relay eval=0.0/s consume=0.0/s inplace=0.0/s(ok 0.0/s) unarmed=0.0/s mismatch=0.0/s relbusy=0.0/s relok=0.0/s relfail=0.0/s release-stage[queue=0.0 pool=0.0 fence=0.0 reset=0.0 begin=0.0 end=0.0 submit=0.0]/s watchdog=0.0/s | worker plays=0.0/s ok=0.0/s fail=0.0/s nr_absent=0.0/s copyfail=0.0/s
22:25:51.583  [fg-relay] rate3: arm->arm avg=0.00ms max=0.00ms n=0 | arm->work avg=0.00ms max=0.00ms | arm->eval avg=0.00ms max=0.00ms | copywait avg=0.000ms max=0.000ms | copy-land<= avg=0.00ms max=0.00ms | work avg=0.00ms max=0.00ms | totals armed=0 unarmed=0 skipped=0 busy=0 mismatch=0 copies_failed=0 writes=0 conflicts=0
22:25:51.583  [fg-relay] rate4: throttle depth=1 off=0 | sleep calls=56.7/s waits=0.0/s clear=0.0/s timeouts=0.0/s avg=0.00ms | present calls=56.7/s waits=0.0/s clear=0.0/s timeouts=0.0/s avg=0.00ms | max=0.00ms (process)
22:25:53.863  qpc=4386494305418 [focus-fg] state: enabled=1 hooked=1 foreground=0 minimized=0 hwnd=0000000008660FE6 scope_calls=114198 original_false=112651 kept=112651 presents=114844 FG_evaluates=342592
22:25:58.050  === Vulkan CreateFeature1 #83  feature_id=18  VkDevice=000000002F1000D0  thread 40064 ===
22:25:58.050  === Vulkan CreateFeature1 #83 returned -1160773630, handle=0000000000000000 ===
22:26:06.592  [fg-relay] rate/15.0s p2 import_opt=1: presents=56.7/s present-gate[point=56.7 ready=0.0 fallback=0.0 inactive=0.0]/s noinfo=0.0/s stale=0.0/s unlearned=0.0/s attempts=0.0/s armed=0.0/s skipped=0.0/s busy=0.0/s arm-reject[state=0.0 request=0.0 refused=0.0 stopping=0.0 res=0.0 size=0.0]/s pool[cap=0.0 family=0.0 create=0.0 alloc=0.0]/s copy-drop[fence=0.0 reset=0.0 begin=0.0 end=0.0 submit=0.0]/s cf[seq=0.0/s idle=0.0/s nrfence=0.0/s] slotbusy=0.0/s copyfence-busy=0.0/s nr-gpuwait=0.0/s flips=0.0/s
22:26:06.592  [fg-relay] rate2: fginput eval=170.1/s index!=1=0.0/s eval-gate[off=0.0 fallback=0.0 notready=0.0 noinput=0.0 noqueue=0.0]/s relay eval=0.0/s consume=0.0/s inplace=0.0/s(ok 0.0/s) unarmed=0.0/s mismatch=0.0/s relbusy=0.0/s relok=0.0/s relfail=0.0/s release-stage[queue=0.0 pool=0.0 fence=0.0 reset=0.0 begin=0.0 end=0.0 submit=0.0]/s watchdog=0.0/s | worker plays=0.0/s ok=0.0/s fail=0.0/s nr_absent=0.0/s copyfail=0.0/s
22:26:06.592  [fg-relay] rate3: arm->arm avg=0.00ms max=0.00ms n=0 | arm->work avg=0.00ms max=0.00ms | arm->eval avg=0.00ms max=0.00ms | copywait avg=0.000ms max=0.000ms | copy-land<= avg=0.00ms max=0.00ms | work avg=0.00ms max=0.00ms | totals armed=0 unarmed=0 skipped=0 busy=0 mismatch=0 copies_failed=0 writes=0 conflicts=0
22:26:06.592  [fg-relay] rate4: throttle depth=1 off=0 | sleep calls=56.7/s waits=0.0/s clear=0.0/s timeouts=0.0/s avg=0.00ms | present calls=56.7/s waits=0.0/s clear=0.0/s timeouts=0.0/s avg=0.00ms | max=0.00ms (process)
22:26:11.887  qpc=4386674540358 [focus-fg] state: enabled=1 hooked=1 foreground=0 minimized=0 hwnd=0000000008660FE6 scope_calls=115215 original_false=113668 kept=113668 presents=115861 FG_evaluates=345643
22:26:17.060  qpc=4386726237722 [fg-transition] start=4386726236770 frame=000000000001C5B6 idx=2/3 queue=000000002DE53CD0 reset=0 enable=1 recording=1 not-rendering=0 metering=1 fullscreen=0 slmode=1 known=0x17f hud=4413f0d0 back=2ddfaed0 real=0 interp=4527d8d0 bridge-lock=1 arm=0->0 result=1 disable-interp=0(known=0) foreground=1 monitors=0000000003DB2751/0000000003DB2751 cpu=0.095ms
22:26:17.061  qpc=4386726239804 [fg-transition] start=4386726239175 frame=000000000001C5B6 idx=3/3 queue=000000002DE53CD0 reset=0 enable=1 recording=1 not-rendering=0 metering=1 fullscreen=0 slmode=1 known=0x17f hud=4413f0d0 back=2ddfaed0 real=0 interp=4527ded0 bridge-lock=1 arm=0->0 result=1 disable-interp=0(known=0) foreground=1 monitors=0000000003DB2751/0000000003DB2751 cpu=0.063ms
22:26:17.092  qpc=4386726560046 [fg-transition] start=4386726557789 frame=000000000001C5B7 idx=1/3 queue=000000002DE53CD0 reset=0 enable=1 recording=1 not-rendering=0 metering=1 fullscreen=0 slmode=1 known=0x17f hud=4413f0d0 back=2ddfa8d0 real=4527d2d0 interp=4527e4d0 bridge-lock=1 arm=0->0 result=1 disable-interp=0(known=0) foreground=1 monitors=0000000003DB2751/0000000003DB2751 cpu=0.225ms
22:26:17.093  qpc=4386726562418 [fg-transition] start=4386726561724 frame=000000000001C5B7 idx=2/3 queue=000000002DE53CD0 reset=0 enable=1 recording=1 not-rendering=0 metering=1 fullscreen=0 slmode=1 known=0x17f hud=4413f0d0 back=2ddfa8d0 real=0 interp=4527ded0 bridge-lock=1 arm=0->0 result=1 disable-interp=0(known=0) foreground=1 monitors=0000000003DB2751/0000000003DB2751 cpu=0.069ms
22:26:17.093  qpc=4386726563272 [fg-transition] start=4386726562745 frame=000000000001C5B7 idx=3/3 queue=000000002DE53CD0 reset=0 enable=1 recording=1 not-rendering=0 metering=1 fullscreen=0 slmode=1 known=0x17f hud=4413f0d0 back=2ddfa8d0 real=0 interp=4527d8d0 bridge-lock=1 arm=0->0 result=1 disable-interp=0(known=0) foreground=1 monitors=0000000003DB2751/0000000003DB2751 cpu=0.053ms
22:26:17.127  qpc=4386726886043 [fg-transition] start=4386726883613 frame=000000000001C5B8 idx=1/3 queue=000000002DE53CD0 reset=0 enable=1 recording=1 not-rendering=0 metering=1 fullscreen=0 slmode=1 known=0x17f hud=4413f0d0 back=2ddf96d0 real=4527e4d0 interp=4527d2d0 bridge-lock=1 arm=0->0 result=1 disable-interp=0(known=0) foreground=1 monitors=0000000003DB2751/0000000003DB2751 cpu=0.243ms
22:26:17.127  qpc=4386726889490 [fg-transition] start=4386726888726 frame=000000000001C5B8 idx=2/3 queue=000000002DE53CD0 reset=0 enable=1 recording=1 not-rendering=0 metering=1 fullscreen=0 slmode=1 known=0x17f hud=4413f0d0 back=2ddf96d0 real=0 interp=4527d8d0 bridge-lock=1 arm=0->0 result=1 disable-interp=0(known=0) foreground=1 monitors=0000000003DB2751/0000000003DB2751 cpu=0.076ms
22:26:17.127  qpc=4386726890377 [fg-transition] start=4386726889841 frame=000000000001C5B8 idx=3/3 queue=000000002DE53CD0 reset=0 enable=1 recording=1 not-rendering=0 metering=1 fullscreen=0 slmode=1 known=0x17f hud=4413f0d0 back=2ddf96d0 real=0 interp=4527ded0 bridge-lock=1 arm=0->0 result=1 disable-interp=0(known=0) foreground=1 monitors=0000000003DB2751/0000000003DB2751 cpu=0.054ms
22:26:17.136  qpc=4386726993754 [fg-transition] start=4386726990794 frame=000000000001C5B9 idx=1/3 queue=000000002DE53CD0 reset=0 enable=1 recording=1 not-rendering=0 metering=1 fullscreen=0 slmode=1 known=0x17f hud=4413f0d0 back=2ddfaed0 real=4527d2d0 interp=4527e4d0 bridge-lock=1 arm=0->0 result=1 disable-interp=0(known=0) foreground=1 monitors=0000000003DB2751/0000000003DB2751 cpu=0.296ms
22:26:17.152  qpc=4386727156238 [fg-transition] start=4386727155120 frame=000000000001C5B9 idx=2/3 queue=000000002DE53CD0 reset=0 enable=1 recording=1 not-rendering=0 metering=1 fullscreen=0 slmode=1 known=0x17f hud=4413f0d0 back=2ddfaed0 real=0 interp=4527ded0 bridge-lock=1 arm=0->0 result=1 disable-interp=0(known=0) foreground=1 monitors=0000000003DB2751/0000000003DB2751 cpu=0.112ms
22:26:17.153  qpc=4386727158328 [fg-transition] start=4386727157659 frame=000000000001C5B9 idx=3/3 queue=000000002DE53CD0 reset=0 enable=1 recording=1 not-rendering=0 metering=1 fullscreen=0 slmode=1 known=0x17f hud=4413f0d0 back=2ddfaed0 real=0 interp=4527d8d0 bridge-lock=1 arm=0->0 result=1 disable-interp=0(known=0) foreground=1 monitors=0000000003DB2751/0000000003DB2751 cpu=0.067ms
22:26:17.153  qpc=4386727175656 [fg-transition] start=4386727172445 frame=000000000001C5BA idx=1/3 queue=000000002DE53CD0 reset=0 enable=1 recording=1 not-rendering=0 metering=1 fullscreen=0 slmode=1 known=0x17f hud=4413f0d0 back=2ddfa8d0 real=4527e4d0 interp=4527d2d0 bridge-lock=1 arm=0->0 result=1 disable-interp=0(known=0) foreground=1 monitors=0000000003DB2751/0000000003DB2751 cpu=0.321ms
22:26:17.892  qpc=4386734594046 [focus-fg] state: enabled=1 hooked=1 foreground=1 minimized=0 hwnd=0000000008660FE6 scope_calls=115549 original_false=113957 kept=113957 presents=116195 FG_evaluates=346645
22:26:21.588  [fg-relay] rate/15.0s p2 import_opt=1: presents=55.8/s present-gate[point=55.8 ready=0.0 fallback=0.0 inactive=0.0]/s noinfo=0.0/s stale=0.0/s unlearned=0.0/s attempts=0.0/s armed=0.0/s skipped=0.0/s busy=0.0/s arm-reject[state=0.0 request=0.0 refused=0.0 stopping=0.0 res=0.0 size=0.0]/s pool[cap=0.0 family=0.0 create=0.0 alloc=0.0]/s copy-drop[fence=0.0 reset=0.0 begin=0.0 end=0.0 submit=0.0]/s cf[seq=0.0/s idle=0.0/s nrfence=0.0/s] slotbusy=0.0/s copyfence-busy=0.0/s nr-gpuwait=0.0/s flips=0.0/s
22:26:21.588  [fg-relay] rate2: fginput eval=167.4/s index!=1=0.0/s eval-gate[off=0.0 fallback=0.0 notready=0.0 noinput=0.0 noqueue=0.0]/s relay eval=0.0/s consume=0.0/s inplace=0.0/s(ok 0.0/s) unarmed=0.0/s mismatch=0.0/s relbusy=0.0/s relok=0.0/s relfail=0.0/s release-stage[queue=0.0 pool=0.0 fence=0.0 reset=0.0 begin=0.0 end=0.0 submit=0.0]/s watchdog=0.0/s | worker plays=0.0/s ok=0.0/s fail=0.0/s nr_absent=0.0/s copyfail=0.0/s
22:26:21.588  [fg-relay] rate3: arm->arm avg=0.00ms max=0.00ms n=0 | arm->work avg=0.00ms max=0.00ms | arm->eval avg=0.00ms max=0.00ms | copywait avg=0.000ms max=0.000ms | copy-land<= avg=0.00ms max=0.00ms | work avg=0.00ms max=0.00ms | totals armed=0 unarmed=0 skipped=0 busy=0 mismatch=0 copies_failed=0 writes=0 conflicts=0
22:26:21.589  [fg-relay] rate4: throttle depth=1 off=0 | sleep calls=55.9/s waits=0.0/s clear=0.0/s timeouts=0.0/s avg=0.00ms | present calls=55.8/s waits=0.0/s clear=0.0/s timeouts=0.0/s avg=0.00ms | max=0.00ms (process)
22:26:28.901  === Vulkan CreateFeature1 #84  feature_id=18  VkDevice=000000002F1000D0  thread 40064 ===
22:26:28.901  === Vulkan CreateFeature1 #84 returned -1160773630, handle=0000000000000000 ===
22:26:28.920  === Vulkan CreateFeature1 #85  feature_id=18  VkDevice=000000002F1000D0  thread 40064 ===
22:26:28.920  === Vulkan CreateFeature1 #85 returned -1160773630, handle=0000000000000000 ===
22:26:29.049  [composition-guard] hidden: config=1 nr_at_fg=0 fg_running=1 window_shown=1
22:26:29.929  === Vulkan CreateFeature1 #86  feature_id=18  VkDevice=000000002F1000D0  thread 40064 ===
22:26:29.930  === Vulkan CreateFeature1 #86 returned -1160773630, handle=0000000000000000 ===
22:26:31.056  [composition-guard] shown at 3840,0 alpha=1
22:26:31.932  === Vulkan CreateFeature1 #87  feature_id=18  VkDevice=000000002F1000D0  thread 40064 ===
22:26:31.933  === Vulkan CreateFeature1 #87 returned -1160773630, handle=0000000000000000 ===
22:26:35.937  === Vulkan CreateFeature1 #88  feature_id=18  VkDevice=000000002F1000D0  thread 40064 ===
22:26:35.937  === Vulkan CreateFeature1 #88 returned -1160773630, handle=0000000000000000 ===
22:26:36.581  [fg-relay] rate/15.0s p2 import_opt=1: presents=56.9/s present-gate[point=56.9 ready=0.0 fallback=0.0 inactive=0.0]/s noinfo=0.0/s stale=0.0/s unlearned=0.0/s attempts=0.0/s armed=0.0/s skipped=0.0/s busy=0.0/s arm-reject[state=0.0 request=0.0 refused=0.0 stopping=0.0 res=0.0 size=0.0]/s pool[cap=0.0 family=0.0 create=0.0 alloc=0.0]/s copy-drop[fence=0.0 reset=0.0 begin=0.0 end=0.0 submit=0.0]/s cf[seq=0.0/s idle=0.0/s nrfence=0.0/s] slotbusy=0.0/s copyfence-busy=0.0/s nr-gpuwait=0.0/s flips=0.0/s
22:26:36.581  [fg-relay] rate2: fginput eval=170.8/s index!=1=0.0/s eval-gate[off=0.0 fallback=0.0 notready=0.0 noinput=0.0 noqueue=0.0]/s relay eval=0.0/s consume=0.0/s inplace=0.0/s(ok 0.0/s) unarmed=0.0/s mismatch=0.0/s relbusy=0.0/s relok=0.0/s relfail=0.0/s release-stage[queue=0.0 pool=0.0 fence=0.0 reset=0.0 begin=0.0 end=0.0 submit=0.0]/s watchdog=0.0/s | worker plays=0.0/s ok=0.0/s fail=0.0/s nr_absent=0.0/s copyfail=0.0/s
22:26:36.581  [fg-relay] rate3: arm->arm avg=0.00ms max=0.00ms n=0 | arm->work avg=0.00ms max=0.00ms | arm->eval avg=0.00ms max=0.00ms | copywait avg=0.000ms max=0.000ms | copy-land<= avg=0.00ms max=0.00ms | work avg=0.00ms max=0.00ms | totals armed=0 unarmed=0 skipped=0 busy=0 mismatch=0 copies_failed=0 writes=0 conflicts=0
22:26:36.582  [fg-relay] rate4: throttle depth=1 off=0 | sleep calls=56.9/s waits=0.0/s clear=0.0/s timeouts=0.0/s avg=0.00ms | present calls=56.9/s waits=0.0/s clear=0.0/s timeouts=0.0/s avg=0.00ms | max=0.00ms (process)
22:26:37.756  qpc=4386933192609 [fg-transition] start=4386933190799 frame=000000000001CA4A idx=2/3 queue=000000002DE53CD0 reset=0 enable=1 recording=1 not-rendering=0 metering=1 fullscreen=0 slmode=1 known=0x17f hud=4413f0d0 back=2ddf96d0 real=0 interp=4527d8d0 bridge-lock=1 arm=0->0 result=1 disable-interp=0(known=0) foreground=0 monitors=0000000003DB2751/0000000067FB33F1 cpu=0.181ms
22:26:37.757  qpc=4386933195210 [fg-transition] start=4386933194427 frame=000000000001CA4A idx=3/3 queue=000000002DE53CD0 reset=0 enable=1 recording=1 not-rendering=0 metering=1 fullscreen=0 slmode=1 known=0x17f hud=4413f0d0 back=2ddf96d0 real=0 interp=4527ded0 bridge-lock=1 arm=0->0 result=1 disable-interp=0(known=0) foreground=0 monitors=0000000003DB2751/0000000067FB33F1 cpu=0.078ms
22:26:37.757  qpc=4386933197478 [fg-transition] start=4386933195725 frame=000000000001CA4B idx=1/3 queue=000000002DE53CD0 reset=0 enable=1 recording=1 not-rendering=0 metering=1 fullscreen=0 slmode=1 known=0x17f hud=4413f0d0 back=2ddfaed0 real=4527d2d0 interp=4527e4d0 bridge-lock=1 arm=0->0 result=1 disable-interp=0(known=0) foreground=0 monitors=0000000003DB2751/0000000067FB33F1 cpu=0.175ms
22:26:37.757  qpc=4386933238073 [focus-fg] state: enabled=1 hooked=1 foreground=0 minimized=0 hwnd=0000000008660FE6 scope_calls=116677 original_false=113958 kept=113958 presents=117323 FG_evaluates=350029
22:26:37.774  qpc=4386933366778 [fg-transition] start=4386933365457 frame=000000000001CA4B idx=2/3 queue=000000002DE53CD0 reset=0 enable=1 recording=1 not-rendering=0 metering=1 fullscreen=0 slmode=1 known=0x17f hud=4413f0d0 back=2ddfaed0 real=0 interp=4527ded0 bridge-lock=1 arm=0->0 result=1 disable-interp=0(known=0) foreground=0 monitors=0000000003DB2751/0000000067FB33F1 cpu=0.132ms
22:26:37.774  qpc=4386933382836 [fg-transition] start=4386933381567 frame=000000000001CA4B idx=3/3 queue=000000002DE53CD0 reset=0 enable=1 recording=1 not-rendering=0 metering=1 fullscreen=0 slmode=1 known=0x17f hud=4413f0d0 back=2ddfaed0 real=0 interp=4527d8d0 bridge-lock=1 arm=0->0 result=1 disable-interp=0(known=0) foreground=0 monitors=0000000003DB2751/0000000067FB33F1 cpu=0.127ms
22:26:37.775  qpc=4386933396890 [fg-transition] start=4386933394679 frame=000000000001CA4C idx=1/3 queue=000000002DE53CD0 reset=0 enable=1 recording=1 not-rendering=0 metering=1 fullscreen=0 slmode=1 known=0x17f hud=4413f0d0 back=2ddfa8d0 real=4527e4d0 interp=4527d2d0 bridge-lock=1 arm=0->0 result=1 disable-interp=0(known=0) foreground=0 monitors=0000000003DB2751/0000000067FB33F1 cpu=0.221ms
22:26:37.788  qpc=4386933519753 [fg-transition] start=4386933518530 frame=000000000001CA4C idx=2/3 queue=000000002DE53CD0 reset=0 enable=1 recording=1 not-rendering=0 metering=1 fullscreen=0 slmode=1 known=0x17f hud=4413f0d0 back=2ddfa8d0 real=0 interp=4527d8d0 bridge-lock=1 arm=0->0 result=1 disable-interp=0(known=0) foreground=0 monitors=0000000003DB2751/0000000067FB33F1 cpu=0.122ms
22:26:37.789  qpc=4386933523988 [fg-transition] start=4386933522378 frame=000000000001CA4C idx=3/3 queue=000000002DE53CD0 reset=0 enable=1 recording=1 not-rendering=0 metering=1 fullscreen=0 slmode=1 known=0x17f hud=4413f0d0 back=2ddfa8d0 real=0 interp=4527ded0 bridge-lock=1 arm=0->0 result=1 disable-interp=0(known=0) foreground=0 monitors=0000000003DB2751/0000000067FB33F1 cpu=0.161ms
22:26:37.789  qpc=4386933529996 [fg-transition] start=4386933527510 frame=000000000001CA4D idx=1/3 queue=000000002DE53CD0 reset=0 enable=1 recording=1 not-rendering=0 metering=1 fullscreen=0 slmode=1 known=0x17f hud=4413f0d0 back=2ddf96d0 real=4527d2d0 interp=4527e4d0 bridge-lock=1 arm=0->0 result=1 disable-interp=0(known=0) foreground=0 monitors=0000000003DB2751/0000000067FB33F1 cpu=0.248ms
22:26:37.806  qpc=4386933678306 [fg-transition] start=4386933676881 frame=000000000001CA4D idx=2/3 queue=000000002DE53CD0 reset=0 enable=1 recording=1 not-rendering=0 metering=1 fullscreen=0 slmode=1 known=0x17f hud=4413f0d0 back=2ddf96d0 real=0 interp=4527ded0 bridge-lock=1 arm=0->0 result=1 disable-interp=0(known=0) foreground=0 monitors=0000000003DB2751/0000000067FB33F1 cpu=0.142ms
22:26:37.807  qpc=4386933680947 [fg-transition] start=4386933680188 frame=000000000001CA4D idx=3/3 queue=000000002DE53CD0 reset=0 enable=1 recording=1 not-rendering=0 metering=1 fullscreen=0 slmode=1 known=0x17f hud=4413f0d0 back=2ddf96d0 real=0 interp=4527d8d0 bridge-lock=1 arm=0->0 result=1 disable-interp=0(known=0) foreground=0 monitors=0000000003DB2751/0000000067FB33F1 cpu=0.076ms
22:26:37.813  qpc=4386933762525 [fg-transition] start=4386933759678 frame=000000000001CA4E idx=1/3 queue=000000002DE53CD0 reset=0 enable=1 recording=1 not-rendering=0 metering=1 fullscreen=0 slmode=1 known=0x17f hud=4413f0d0 back=2ddfaed0 real=4527e4d0 interp=4527d2d0 bridge-lock=1 arm=0->0 result=1 disable-interp=0(known=0) foreground=0 monitors=0000000003DB2751/0000000067FB33F1 cpu=0.284ms
22:26:43.953  === Vulkan CreateFeature1 #89  feature_id=18  VkDevice=000000002F1000D0  thread 40064 ===
22:26:43.953  === Vulkan CreateFeature1 #89 returned -1160773630, handle=0000000000000000 ===
22:26:51.589  [fg-relay] rate/15.0s p2 import_opt=1: presents=58.8/s present-gate[point=58.8 ready=0.0 fallback=0.0 inactive=0.0]/s noinfo=0.0/s stale=0.0/s unlearned=0.0/s attempts=0.0/s armed=0.0/s skipped=0.0/s busy=0.0/s arm-reject[state=0.0 request=0.0 refused=0.0 stopping=0.0 res=0.0 size=0.0]/s pool[cap=0.0 family=0.0 create=0.0 alloc=0.0]/s copy-drop[fence=0.0 reset=0.0 begin=0.0 end=0.0 submit=0.0]/s cf[seq=0.0/s idle=0.0/s nrfence=0.0/s] slotbusy=0.0/s copyfence-busy=0.0/s nr-gpuwait=0.0/s flips=0.0/s
22:26:51.590  [fg-relay] rate2: fginput eval=176.2/s index!=1=0.0/s eval-gate[off=0.0 fallback=0.0 notready=0.0 noinput=0.0 noqueue=0.0]/s relay eval=0.0/s consume=0.0/s inplace=0.0/s(ok 0.0/s) unarmed=0.0/s mismatch=0.0/s relbusy=0.0/s relok=0.0/s relfail=0.0/s release-stage[queue=0.0 pool=0.0 fence=0.0 reset=0.0 begin=0.0 end=0.0 submit=0.0]/s watchdog=0.0/s | worker plays=0.0/s ok=0.0/s fail=0.0/s nr_absent=0.0/s copyfail=0.0/s
22:26:51.590  [fg-relay] rate3: arm->arm avg=0.00ms max=0.00ms n=0 | arm->work avg=0.00ms max=0.00ms | arm->eval avg=0.00ms max=0.00ms | copywait avg=0.000ms max=0.000ms | copy-land<= avg=0.00ms max=0.00ms | work avg=0.00ms max=0.00ms | totals armed=0 unarmed=0 skipped=0 busy=0 mismatch=0 copies_failed=0 writes=0 conflicts=0
22:26:51.590  [fg-relay] rate4: throttle depth=1 off=0 | sleep calls=58.8/s waits=0.0/s clear=0.0/s timeouts=0.0/s avg=0.00ms | present calls=58.8/s waits=0.0/s clear=0.0/s timeouts=0.0/s avg=0.00ms | max=0.00ms (process)
22:26:56.929  qpc=4387124961504 [focus-fg] state: enabled=1 hooked=1 foreground=0 minimized=0 hwnd=0000000008660FE6 scope_calls=117808 original_false=115089 kept=115089 presents=118454 FG_evaluates=353422
22:26:59.967  === Vulkan CreateFeature1 #90  feature_id=18  VkDevice=000000002F1000D0  thread 40064 ===
22:26:59.968  === Vulkan CreateFeature1 #90 returned -1160773630, handle=0000000000000000 ===
22:27:06.594  [fg-relay] rate/15.0s p2 import_opt=1: presents=59.5/s present-gate[point=59.5 ready=0.0 fallback=0.0 inactive=0.0]/s noinfo=0.0/s stale=0.0/s unlearned=0.0/s attempts=0.0/s armed=0.0/s skipped=0.0/s busy=0.0/s arm-reject[state=0.0 request=0.0 refused=0.0 stopping=0.0 res=0.0 size=0.0]/s pool[cap=0.0 family=0.0 create=0.0 alloc=0.0]/s copy-drop[fence=0.0 reset=0.0 begin=0.0 end=0.0 submit=0.0]/s cf[seq=0.0/s idle=0.0/s nrfence=0.0/s] slotbusy=0.0/s copyfence-busy=0.0/s nr-gpuwait=0.0/s flips=0.0/s
22:27:06.594  [fg-relay] rate2: fginput eval=178.6/s index!=1=0.0/s eval-gate[off=0.0 fallback=0.0 notready=0.0 noinput=0.0 noqueue=0.0]/s relay eval=0.0/s consume=0.0/s inplace=0.0/s(ok 0.0/s) unarmed=0.0/s mismatch=0.0/s relbusy=0.0/s relok=0.0/s relfail=0.0/s release-stage[queue=0.0 pool=0.0 fence=0.0 reset=0.0 begin=0.0 end=0.0 submit=0.0]/s watchdog=0.0/s | worker plays=0.0/s ok=0.0/s fail=0.0/s nr_absent=0.0/s copyfail=0.0/s
22:27:06.594  [fg-relay] rate3: arm->arm avg=0.00ms max=0.00ms n=0 | arm->work avg=0.00ms max=0.00ms | arm->eval avg=0.00ms max=0.00ms | copywait avg=0.000ms max=0.000ms | copy-land<= avg=0.00ms max=0.00ms | work avg=0.00ms max=0.00ms | totals armed=0 unarmed=0 skipped=0 busy=0 mismatch=0 copies_failed=0 writes=0 conflicts=0
22:27:06.594  [fg-relay] rate4: throttle depth=1 off=0 | sleep calls=59.5/s waits=0.0/s clear=0.0/s timeouts=0.0/s avg=0.00ms | present calls=59.5/s waits=0.0/s clear=0.0/s timeouts=0.0/s avg=0.00ms | max=0.00ms (process)
22:27:14.926  qpc=4387304936377 [focus-fg] state: enabled=1 hooked=1 foreground=0 minimized=0 hwnd=0000000008660FE6 scope_calls=118882 original_false=116163 kept=116163 presents=119528 FG_evaluates=356644
22:27:21.601  [fg-relay] rate/15.0s p2 import_opt=1: presents=59.6/s present-gate[point=59.6 ready=0.0 fallback=0.0 inactive=0.0]/s noinfo=0.0/s stale=0.0/s unlearned=0.0/s attempts=0.0/s armed=0.0/s skipped=0.0/s busy=0.0/s arm-reject[state=0.0 request=0.0 refused=0.0 stopping=0.0 res=0.0 size=0.0]/s pool[cap=0.0 family=0.0 create=0.0 alloc=0.0]/s copy-drop[fence=0.0 reset=0.0 begin=0.0 end=0.0 submit=0.0]/s cf[seq=0.0/s idle=0.0/s nrfence=0.0/s] slotbusy=0.0/s copyfence-busy=0.0/s nr-gpuwait=0.0/s flips=0.0/s
22:27:21.602  [fg-relay] rate2: fginput eval=178.8/s index!=1=0.0/s eval-gate[off=0.0 fallback=0.0 notready=0.0 noinput=0.0 noqueue=0.0]/s relay eval=0.0/s consume=0.0/s inplace=0.0/s(ok 0.0/s) unarmed=0.0/s mismatch=0.0/s relbusy=0.0/s relok=0.0/s relfail=0.0/s release-stage[queue=0.0 pool=0.0 fence=0.0 reset=0.0 begin=0.0 end=0.0 submit=0.0]/s watchdog=0.0/s | worker plays=0.0/s ok=0.0/s fail=0.0/s nr_absent=0.0/s copyfail=0.0/s
22:27:21.602  [fg-relay] rate3: arm->arm avg=0.00ms max=0.00ms n=0 | arm->work avg=0.00ms max=0.00ms | arm->eval avg=0.00ms max=0.00ms | copywait avg=0.000ms max=0.000ms | copy-land<= avg=0.00ms max=0.00ms | work avg=0.00ms max=0.00ms | totals armed=0 unarmed=0 skipped=0 busy=0 mismatch=0 copies_failed=0 writes=0 conflicts=0
22:27:21.602  [fg-relay] rate4: throttle depth=1 off=0 | sleep calls=59.6/s waits=0.0/s clear=0.0/s timeouts=0.0/s avg=0.00ms | present calls=59.6/s waits=0.0/s clear=0.0/s timeouts=0.0/s avg=0.00ms | max=0.00ms (process)
22:27:29.981  === Vulkan CreateFeature1 #91  feature_id=18  VkDevice=000000002F1000D0  thread 40064 ===
22:27:29.981  === Vulkan CreateFeature1 #91 returned -1160773630, handle=0000000000000000 ===
22:27:33.970  qpc=4387495382006 [focus-fg] state: enabled=1 hooked=1 foreground=0 minimized=0 hwnd=0000000008660FE6 scope_calls=119962 original_false=117243 kept=117243 presents=120608 FG_evaluates=359884
22:27:36.605  [fg-relay] rate/15.0s p2 import_opt=1: presents=55.2/s present-gate[point=55.2 ready=0.0 fallback=0.0 inactive=0.0]/s noinfo=0.0/s stale=0.0/s unlearned=0.0/s attempts=0.0/s armed=0.0/s skipped=0.0/s busy=0.0/s arm-reject[state=0.0 request=0.0 refused=0.0 stopping=0.0 res=0.0 size=0.0]/s pool[cap=0.0 family=0.0 create=0.0 alloc=0.0]/s copy-drop[fence=0.0 reset=0.0 begin=0.0 end=0.0 submit=0.0]/s cf[seq=0.0/s idle=0.0/s nrfence=0.0/s] slotbusy=0.0/s copyfence-busy=0.0/s nr-gpuwait=0.0/s flips=0.0/s
22:27:36.606  [fg-relay] rate2: fginput eval=165.6/s index!=1=0.0/s eval-gate[off=0.0 fallback=0.0 notready=0.0 noinput=0.0 noqueue=0.0]/s relay eval=0.0/s consume=0.0/s inplace=0.0/s(ok 0.0/s) unarmed=0.0/s mismatch=0.0/s relbusy=0.0/s relok=0.0/s relfail=0.0/s release-stage[queue=0.0 pool=0.0 fence=0.0 reset=0.0 begin=0.0 end=0.0 submit=0.0]/s watchdog=0.0/s | worker plays=0.0/s ok=0.0/s fail=0.0/s nr_absent=0.0/s copyfail=0.0/s
22:27:36.606  [fg-relay] rate3: arm->arm avg=0.00ms max=0.00ms n=0 | arm->work avg=0.00ms max=0.00ms | arm->eval avg=0.00ms max=0.00ms | copywait avg=0.000ms max=0.000ms | copy-land<= avg=0.00ms max=0.00ms | work avg=0.00ms max=0.00ms | totals armed=0 unarmed=0 skipped=0 busy=0 mismatch=0 copies_failed=0 writes=0 conflicts=0
22:27:36.606  [fg-relay] rate4: throttle depth=1 off=0 | sleep calls=55.2/s waits=0.0/s clear=0.0/s timeouts=0.0/s avg=0.00ms | present calls=55.2/s waits=0.0/s clear=0.0/s timeouts=0.0/s avg=0.00ms | max=0.00ms (process)
22:27:37.123  qpc=4387526862673 [fg-transition] start=4387526859686 frame=000000000001D7CB idx=1/3 queue=000000002DE53CD0 reset=0 enable=1 recording=1 not-rendering=0 metering=1 fullscreen=0 slmode=1 known=0x17f hud=4413f0d0 back=2ddfaed0 real=4527d2d0 interp=4527e4d0 bridge-lock=1 arm=0->0 result=1 disable-interp=0(known=0) foreground=1 monitors=0000000003DB2751/0000000003DB2751 cpu=0.298ms
22:27:37.123  qpc=4387526865863 [fg-transition] start=4387526865035 frame=000000000001D7CB idx=2/3 queue=000000002DE53CD0 reset=0 enable=1 recording=1 not-rendering=0 metering=1 fullscreen=0 slmode=1 known=0x17f hud=4413f0d0 back=2ddfaed0 real=0 interp=4527ded0 bridge-lock=1 arm=0->0 result=1 disable-interp=0(known=0) foreground=1 monitors=0000000003DB2751/0000000003DB2751 cpu=0.083ms
22:27:37.124  qpc=4387526866853 [fg-transition] start=4387526866291 frame=000000000001D7CB idx=3/3 queue=000000002DE53CD0 reset=0 enable=1 recording=1 not-rendering=0 metering=1 fullscreen=0 slmode=1 known=0x17f hud=4413f0d0 back=2ddfaed0 real=0 interp=4527d8d0 bridge-lock=1 arm=0->0 result=1 disable-interp=0(known=0) foreground=1 monitors=0000000003DB2751/0000000003DB2751 cpu=0.056ms
22:27:37.132  qpc=4387526958183 [fg-transition] start=4387526956255 frame=000000000001D7CC idx=1/3 queue=000000002DE53CD0 reset=0 enable=1 recording=1 not-rendering=0 metering=1 fullscreen=0 slmode=1 known=0x17f hud=4413f0d0 back=2ddfa8d0 real=4527e4d0 interp=4527d2d0 bridge-lock=1 arm=0->0 result=1 disable-interp=0(known=0) foreground=1 monitors=0000000003DB2751/0000000003DB2751 cpu=0.193ms
22:27:37.149  qpc=4387527126956 [fg-transition] start=4387527125507 frame=000000000001D7CC idx=2/3 queue=000000002DE53CD0 reset=0 enable=1 recording=1 not-rendering=0 metering=1 fullscreen=0 slmode=1 known=0x17f hud=4413f0d0 back=2ddfa8d0 real=0 interp=4527d8d0 bridge-lock=1 arm=0->0 result=1 disable-interp=0(known=0) foreground=1 monitors=0000000003DB2751/0000000003DB2751 cpu=0.144ms
22:27:37.149  qpc=4387527130013 [fg-transition] start=4387527129031 frame=000000000001D7CC idx=3/3 queue=000000002DE53CD0 reset=0 enable=1 recording=1 not-rendering=0 metering=1 fullscreen=0 slmode=1 known=0x17f hud=4413f0d0 back=2ddfa8d0 real=0 interp=4527ded0 bridge-lock=1 arm=0->0 result=1 disable-interp=0(known=0) foreground=1 monitors=0000000003DB2751/0000000003DB2751 cpu=0.098ms
22:27:37.150  qpc=4387527162422 [fg-transition] start=4387527160607 frame=000000000001D7CD idx=1/3 queue=000000002DE53CD0 reset=0 enable=1 recording=1 not-rendering=0 metering=1 fullscreen=0 slmode=1 known=0x17f hud=4413f0d0 back=2ddf96d0 real=4527d2d0 interp=4527e4d0 bridge-lock=1 arm=0->0 result=1 disable-interp=0(known=0) foreground=1 monitors=0000000003DB2751/0000000003DB2751 cpu=0.181ms
22:27:37.170  qpc=4387527330186 [fg-transition] start=4387527328851 frame=000000000001D7CD idx=2/3 queue=000000002DE53CD0 reset=0 enable=1 recording=1 not-rendering=0 metering=1 fullscreen=0 slmode=1 known=0x17f hud=4413f0d0 back=2ddf96d0 real=0 interp=4527ded0 bridge-lock=1 arm=0->0 result=1 disable-interp=0(known=0) foreground=1 monitors=0000000003DB2751/0000000003DB2751 cpu=0.133ms
22:27:37.171  qpc=4387527332607 [fg-transition] start=4387527331774 frame=000000000001D7CD idx=3/3 queue=000000002DE53CD0 reset=0 enable=1 recording=1 not-rendering=0 metering=1 fullscreen=0 slmode=1 known=0x17f hud=4413f0d0 back=2ddf96d0 real=0 interp=4527d8d0 bridge-lock=1 arm=0->0 result=1 disable-interp=0(known=0) foreground=1 monitors=0000000003DB2751/0000000003DB2751 cpu=0.083ms
22:27:37.171  qpc=4387527336063 [fg-transition] start=4387527334574 frame=000000000001D7CE idx=1/3 queue=000000002DE53CD0 reset=0 enable=1 recording=1 not-rendering=0 metering=1 fullscreen=0 slmode=1 known=0x17f hud=4413f0d0 back=2ddfaed0 real=4527e4d0 interp=4527d2d0 bridge-lock=1 arm=0->0 result=1 disable-interp=0(known=0) foreground=1 monitors=0000000003DB2751/0000000003DB2751 cpu=0.149ms
22:27:37.188  qpc=4387527519922 [fg-transition] start=4387527518557 frame=000000000001D7CE idx=2/3 queue=000000002DE53CD0 reset=0 enable=1 recording=1 not-rendering=0 metering=1 fullscreen=0 slmode=1 known=0x17f hud=4413f0d0 back=2ddfaed0 real=0 interp=4527d8d0 bridge-lock=1 arm=0->0 result=1 disable-interp=0(known=0) foreground=1 monitors=0000000003DB2751/0000000003DB2751 cpu=0.136ms
22:27:37.189  qpc=4387527522678 [fg-transition] start=4387527521595 frame=000000000001D7CE idx=3/3 queue=000000002DE53CD0 reset=0 enable=1 recording=1 not-rendering=0 metering=1 fullscreen=0 slmode=1 known=0x17f hud=4413f0d0 back=2ddfaed0 real=0 interp=4527ded0 bridge-lock=1 arm=0->0 result=1 disable-interp=0(known=0) foreground=1 monitors=0000000003DB2751/0000000003DB2751 cpu=0.108ms
22:27:38.005  qpc=4387535727208 [focus-fg] state: enabled=1 hooked=1 foreground=1 minimized=0 hwnd=0000000008660FE6 scope_calls=120180 original_false=117413 kept=117413 presents=120826 FG_evaluates=360538
22:27:40.422  qpc=4387559841819 [fg-transition] start=4387559840517 frame=000000000001D87A idx=2/3 queue=000000002DE53CD0 reset=0 enable=1 recording=1 not-rendering=0 metering=1 fullscreen=0 slmode=1 known=0x17f hud=4413f0d0 back=2ddfa8d0 real=0 interp=4527d8d0 bridge-lock=1 arm=0->0 result=1 disable-interp=0(known=0) foreground=0 monitors=0000000003DB2751/0000000000000000 cpu=0.130ms
22:27:40.422  qpc=4387559844372 [fg-transition] start=4387559843584 frame=000000000001D87A idx=3/3 queue=000000002DE53CD0 reset=0 enable=1 recording=1 not-rendering=0 metering=1 fullscreen=0 slmode=1 known=0x17f hud=4413f0d0 back=2ddfa8d0 real=0 interp=4527ded0 bridge-lock=1 arm=0->0 result=1 disable-interp=0(known=0) foreground=0 monitors=0000000003DB2751/0000000067FB33F1 cpu=0.079ms
22:27:40.422  qpc=4387559868850 [fg-transition] start=4387559865127 frame=000000000001D87B idx=1/3 queue=000000002DE53CD0 reset=0 enable=1 recording=1 not-rendering=0 metering=1 fullscreen=0 slmode=1 known=0x17f hud=4413f0d0 back=2ddf96d0 real=4527d2d0 interp=4527e4d0 bridge-lock=1 arm=0->0 result=1 disable-interp=0(known=0) foreground=0 monitors=0000000003DB2751/0000000067FB33F1 cpu=0.372ms
22:27:40.439  qpc=4387560027051 [fg-transition] start=4387560024519 frame=000000000001D87B idx=2/3 queue=000000002DE53CD0 reset=0 enable=1 recording=1 not-rendering=0 metering=1 fullscreen=0 slmode=1 known=0x17f hud=4413f0d0 back=2ddf96d0 real=0 interp=4527ded0 bridge-lock=1 arm=0->0 result=1 disable-interp=0(known=0) foreground=0 monitors=0000000003DB2751/0000000067FB33F1 cpu=0.253ms
22:27:40.440  qpc=4387560030749 [fg-transition] start=4387560029433 frame=000000000001D87B idx=3/3 queue=000000002DE53CD0 reset=0 enable=1 recording=1 not-rendering=0 metering=1 fullscreen=0 slmode=1 known=0x17f hud=4413f0d0 back=2ddf96d0 real=0 interp=4527d8d0 bridge-lock=1 arm=0->0 result=1 disable-interp=0(known=0) foreground=0 monitors=0000000003DB2751/0000000067FB33F1 cpu=0.132ms
22:27:40.459  qpc=4387560213228 [fg-transition] start=4387560209693 frame=000000000001D87C idx=1/3 queue=000000002DE53CD0 reset=0 enable=1 recording=1 not-rendering=0 metering=1 fullscreen=0 slmode=1 known=0x17f hud=4413f0d0 back=2ddfaed0 real=4527e4d0 interp=4527d2d0 bridge-lock=1 arm=0->0 result=1 disable-interp=0(known=0) foreground=0 monitors=0000000003DB2751/0000000067FB33F1 cpu=0.353ms
22:27:40.459  qpc=4387560216730 [fg-transition] start=4387560215872 frame=000000000001D87C idx=2/3 queue=000000002DE53CD0 reset=0 enable=1 recording=1 not-rendering=0 metering=1 fullscreen=0 slmode=1 known=0x17f hud=4413f0d0 back=2ddfaed0 real=0 interp=4527d8d0 bridge-lock=1 arm=0->0 result=1 disable-interp=0(known=0) foreground=0 monitors=0000000003DB2751/0000000067FB33F1 cpu=0.086ms
22:27:40.459  qpc=4387560217857 [fg-transition] start=4387560217113 frame=000000000001D87C idx=3/3 queue=000000002DE53CD0 reset=0 enable=1 recording=1 not-rendering=0 metering=1 fullscreen=0 slmode=1 known=0x17f hud=4413f0d0 back=2ddfaed0 real=0 interp=4527ded0 bridge-lock=1 arm=0->0 result=1 disable-interp=0(known=0) foreground=0 monitors=0000000003DB2751/0000000067FB33F1 cpu=0.074ms
22:27:40.470  qpc=4387560320534 [fg-transition] start=4387560318174 frame=000000000001D87D idx=1/3 queue=000000002DE53CD0 reset=0 enable=1 recording=1 not-rendering=0 metering=1 fullscreen=0 slmode=1 known=0x17f hud=4413f0d0 back=2ddfa8d0 real=4527d2d0 interp=4527e4d0 bridge-lock=1 arm=0->0 result=1 disable-interp=0(known=0) foreground=0 monitors=0000000003DB2751/0000000067FB33F1 cpu=0.235ms
22:27:40.484  qpc=4387560480587 [fg-transition] start=4387560479318 frame=000000000001D87D idx=2/3 queue=000000002DE53CD0 reset=0 enable=1 recording=1 not-rendering=0 metering=1 fullscreen=0 slmode=1 known=0x17f hud=4413f0d0 back=2ddfa8d0 real=0 interp=4527ded0 bridge-lock=1 arm=0->0 result=1 disable-interp=0(known=0) foreground=0 monitors=0000000003DB2751/0000000067FB33F1 cpu=0.127ms
22:27:40.484  qpc=4387560482741 [fg-transition] start=4387560482042 frame=000000000001D87D idx=3/3 queue=000000002DE53CD0 reset=0 enable=1 recording=1 not-rendering=0 metering=1 fullscreen=0 slmode=1 known=0x17f hud=4413f0d0 back=2ddfa8d0 real=0 interp=4527d8d0 bridge-lock=1 arm=0->0 result=1 disable-interp=0(known=0) foreground=0 monitors=0000000003DB2751/0000000067FB33F1 cpu=0.070ms
22:27:40.485  qpc=4387560486823 [fg-transition] start=4387560484304 frame=000000000001D87E idx=1/3 queue=000000002DE53CD0 reset=0 enable=1 recording=1 not-rendering=0 metering=1 fullscreen=0 slmode=1 known=0x17f hud=4413f0d0 back=2ddf96d0 real=4527e4d0 interp=4527d2d0 bridge-lock=1 arm=0->0 result=1 disable-interp=0(known=0) foreground=0 monitors=0000000003DB2751/0000000067FB33F1 cpu=0.252ms
22:27:41.026  qpc=4387565937619 [focus-fg] state: enabled=1 hooked=1 foreground=0 minimized=0 hwnd=0000000008660FE6 scope_calls=120342 original_false=117447 kept=117447 presents=120988 FG_evaluates=361024
22:27:51.599  [fg-relay] rate/15.0s p2 import_opt=1: presents=54.8/s present-gate[point=54.8 ready=0.0 fallback=0.0 inactive=0.0]/s noinfo=0.0/s stale=0.0/s unlearned=0.0/s attempts=0.0/s armed=0.0/s skipped=0.0/s busy=0.0/s arm-reject[state=0.0 request=0.0 refused=0.0 stopping=0.0 res=0.0 size=0.0]/s pool[cap=0.0 family=0.0 create=0.0 alloc=0.0]/s copy-drop[fence=0.0 reset=0.0 begin=0.0 end=0.0 submit=0.0]/s cf[seq=0.0/s idle=0.0/s nrfence=0.0/s] slotbusy=0.0/s copyfence-busy=0.0/s nr-gpuwait=0.0/s flips=0.0/s
22:27:51.600  [fg-relay] rate2: fginput eval=164.4/s index!=1=0.0/s eval-gate[off=0.0 fallback=0.0 notready=0.0 noinput=0.0 noqueue=0.0]/s relay eval=0.0/s consume=0.0/s inplace=0.0/s(ok 0.0/s) unarmed=0.0/s mismatch=0.0/s relbusy=0.0/s relok=0.0/s relfail=0.0/s release-stage[queue=0.0 pool=0.0 fence=0.0 reset=0.0 begin=0.0 end=0.0 submit=0.0]/s watchdog=0.0/s | worker plays=0.0/s ok=0.0/s fail=0.0/s nr_absent=0.0/s copyfail=0.0/s
22:27:51.600  [fg-relay] rate3: arm->arm avg=0.00ms max=0.00ms n=0 | arm->work avg=0.00ms max=0.00ms | arm->eval avg=0.00ms max=0.00ms | copywait avg=0.000ms max=0.000ms | copy-land<= avg=0.00ms max=0.00ms | work avg=0.00ms max=0.00ms | totals armed=0 unarmed=0 skipped=0 busy=0 mismatch=0 copies_failed=0 writes=0 conflicts=0
22:27:51.600  [fg-relay] rate4: throttle depth=1 off=0 | sleep calls=54.8/s waits=0.0/s clear=0.0/s timeouts=0.0/s avg=0.00ms | present calls=54.8/s waits=0.0/s clear=0.0/s timeouts=0.0/s avg=0.00ms | max=0.00ms (process)
