23:56:01.827  dlss5-bridge 1.4.13-pre8-vk-quality3 (built Sep 30 2026 20:31:25) attached.
23:56:01.827    host: C:\Program Files\Hypergryph Launcher\games\Endfield Game\Endfield.exe
23:56:01.827    d3d11.dll: C:\Program Files\Hypergryph Launcher\games\Endfield Game\Endfield.exe
23:56:01.827    reshade: C:\ProgramData\ReShade\ReShade64.dll
23:56:01.827    windows: Windows 11, 10.0 build 26200
23:56:01.828    files next to this add-on:
23:56:01.851      nvngx_dlssnr.dll           present  version 310.8.0.0, 165840496 bytes, 2026-09-11 22:41
23:56:01.852      nvngx_dlss.dll             present  version 310.5.2.0, 54779504 bytes, 2026-07-11 10:59
23:56:01.852    add-ons present:
23:56:01.852      dlss5-bridge.addon64         version 1.4.13.13, 697344 bytes, 2026-09-30 12:31
23:56:01.852          loaded at 00007FFA34E50000
23:56:01.853      renodx-dlss5.addon64         version 0.2026.926.210, 3141632 bytes, 2026-09-27 13:21
23:56:01.855          sha256 DCD93881E976AD033D83C2BB01F4BC3E4DDC59C15FE0DD4CA165BC5FC7D1AC68 -- not on this add-on's measured list, which is one machine's experience and not a compatibility statement. If its panel says active while the picture does not change, unwrap=0 in dlss5-bridge.cfg is the first thing to try.
23:56:01.855    DLSS 5 add-on settings, read from ReShade.ini [RenoDX.DLSS5]:
23:56:01.855      ConfigVersion=7
23:56:01.855      EnableHooks=1
23:56:01.855      NeuralUplift=1
23:56:01.855      NRAdaptiveExposure=1
23:56:01.855      NRAutoMask=1
23:56:01.855      NRChainedHistory=1
23:56:01.855      NRChromaClamp=1
23:56:01.855      NRCodecMode=2
23:56:01.855      NRColorStrength=1
23:56:01.855      NRCostMeter=1
23:56:01.856      NRDepthMode=0
23:56:01.856      NRDetailStability=0
23:56:01.856      NRDiffuseWhiteNits=203
23:56:01.856      NRDisableRelease=0
23:56:01.856      NRDisplayPedestal=0
23:56:01.856      NREditTrace=0
23:56:01.856      NREnableUpscaling=0
23:56:01.856      NRFeedMode=2
23:56:01.856      NRFollowInputRes=0
23:56:01.856      NRGlobalTone=2
23:56:01.856      NRGpuTimers=0
23:56:01.856      NRHookPoint=2
23:56:01.856      NRIntensity=2
23:56:01.856      NRLinearUnitNits=0
23:56:01.856      NRLocalStructure=2
23:56:01.857      NRLocalTone=1
23:56:01.857      NRLookBrighten=0.75
23:56:01.857      NRLookColour=0.5
23:56:01.857      NRLookDarken=0.75
23:56:01.857      NRLookDetail=2
23:56:01.857      NRLookDetailRadius=1
23:56:01.857      NRLookHalo=0
23:56:01.857      NRLookHaloBrightSide=0
23:56:01.857      NRLookHighlights=0.5
23:56:01.857      NRLookHue=1
23:56:01.857      NRLookMaxBrighten=0
23:56:01.857      NRLookMaxColour=0
23:56:01.858      NRLookMaxDarken=0
23:56:01.858      NRLookMidtones=1
23:56:01.858      NRLookMode=1
23:56:01.858      NRLookShadows=0.5
23:56:01.858      NRLookStabilize=0
23:56:01.858      NRLookStabilizeDetail=0
23:56:01.858      NRLookStabilizeMs=60
23:56:01.858      NRLookStrength=1.1
23:56:01.858      NRLookTone=2
23:56:01.858      NRLookUpsample=0
23:56:01.858      NRMaxWorksets=4
23:56:01.858      NRMVecScaleX=1
23:56:01.858      NRMVecScaleY=1
23:56:01.858      NRNeuralFloorGuard=1
23:56:01.859      NRNormAttackStops=4
23:56:01.859      NRNormCutAware=1
23:56:01.859      NRNormGovernor=0
23:56:01.859      NRNormReleaseStops=0.5
23:56:01.859      NRNormSlewStops=0.02
23:56:01.859      NRPaperWhiteScale=2.5375
23:56:01.859      NRPass2AutoMask=1
23:56:01.859      NRPass2Color=1
23:56:01.859      NRPass2FollowPass1=1
23:56:01.859      NRPass2Intensity=2
23:56:01.859      NRPass2LocalTone=1.5
23:56:01.859      NRPass2Skin=0
23:56:01.859      NRPass2Structure=1.25
23:56:01.860      NRPass2Style=2
23:56:01.860      NRPass2Transfer=1
23:56:01.860      NRPass2UICorrection=1
23:56:01.860      NRPass3AutoMask=0
23:56:01.860      NRPass3Color=1
23:56:01.860      NRPass3FollowPass1=0
23:56:01.860      NRPass3Intensity=2
23:56:01.860      NRPass3LocalTone=1
23:56:01.860      NRPass3Skin=-1
23:56:01.860      NRPass3Structure=1
23:56:01.860      NRPass3Style=0
23:56:01.860      NRPass3Transfer=1
23:56:01.860      NRPass3UICorrection=0
23:56:01.861      NRPass4AutoMask=0
23:56:01.861      NRPass4Color=1
23:56:01.861      NRPass4FollowPass1=0
23:56:01.861      NRPass4Intensity=2
23:56:01.861      NRPass4LocalTone=1
23:56:01.861      NRPass4Skin=-1
23:56:01.861      NRPass4Structure=1
23:56:01.861      NRPass4Style=0
23:56:01.861      NRPass4Transfer=0
23:56:01.861      NRPass4UICorrection=0
23:56:01.861      NRPasses=2
23:56:01.861      NRPQCalibration=1
23:56:01.861      NRPresentEncoding=0
23:56:01.862      NRPresentFgSource=0
23:56:01.862      NRPresentFrames=0
23:56:01.862      NRPresentGuides=0
23:56:01.862      NRPresentUICorrection=1
23:56:01.862      NRPresentWhiteNits=0
23:56:01.862      NRPreset=2
23:56:01.862      NRPreUpscale=0
23:56:01.862      NRProxyAnchor=4
23:56:01.862      NRResolutionScale=1
23:56:01.862      NRScreenshotFormat=0
23:56:01.862      NRScreenshotJpegQuality=95
23:56:01.862      NRScreenshotKey=116
23:56:01.862      NRScreenshotLayout=0
23:56:01.863      NRScreenshotMaxMB=10
23:56:01.863      NRScreenshotSource=0
23:56:01.863      NRShutdownQuiesce=1
23:56:01.863      NRSkinIndependent=1
23:56:01.863      NRSkinStructure=0
23:56:01.863      NRSourceEncoding=0
23:56:01.863      NRSourcePrimaries=0
23:56:01.863      NRStyle=2
23:56:01.863      NRStyleHighlightGuard=0
23:56:01.863      NRToggleKey=106
23:56:01.863      NRTransferMode=1
23:56:01.863      NRTransferStrength=1
23:56:01.863      NRUICorrection=1
23:56:01.864      NRWorksetFreePolicy=0
23:56:01.864      UiIssueNotice=1
23:56:01.864      UiLanguage=zh-Hans
23:56:01.864      UiMode=modern
23:56:01.864      UiWelcomed=1
23:56:01.864  [bridge] config: stage=3 mode=2 flags=-1 subrects=1 reset_every=0 pixels=0 skip_game=1 dred=1 skip_exe=1 unwrap=1 source=auto synth=0 hash_out=1 synth_after=0 mv_sign_x=0 mv_sign_y=0 ofa_grid=2 ofa_perf=20 vk_present=1 vk_sync=0
23:56:01.864  [bridge] settings read from C:\Program Files\Hypergryph Launcher\games\Endfield Game\dlss5-bridge.cfg
23:56:01.873  [bridge] the driver's route to neural rendering is closed for this process: entry 18 of the loader's feature table at 00007FF9B10B43E0 named "dlssnr" and now names nothing, which is what the previous driver had there. The DLSS 5 add-on drives that feature itself, as it did before the driver update. Nothing on disk is changed and no other feature is touched. Set ngx_loader=1 in dlss5-bridge.cfg to leave the driver's route alone.
23:56:01.873  [synth] registered for ReShade effect events at add-on API 18 (synth floor 10).
23:56:01.873  [vkmirror] colour format tables agree on 7 of 7 entries.
23:56:01.873  [vkmirror] vk_mirror=1: the Vulkan NGX entry points will be hooked and a Vulkan game's own DLSS contract mirrored onto the private D3D12 session.
23:56:01.873  [panel] status panel registered in ReShade's overlay. Asked for the ImGui 19000 function table; ReShade reports its own ImGui as 1.92.5.
23:56:01.874  NGX layer 0: C:\WINDOWS\System32\DriverStore\FileRepository\nv_dispsi.inf_amd64_b8459fc8f905f657\_nvngx.dll (base=00007FF9B0FE0000)
23:56:01.875    version 32.0.16.1692
23:56:01.875    NVSDK_NGX_D3D11_CreateFeature     = 00007FF9B1045C60
23:56:01.875    NVSDK_NGX_D3D11_EvaluateFeature   = 00007FF9B1045E30
23:56:01.875    NVSDK_NGX_D3D11_EvaluateFeature_C = 0000000000000000
23:56:01.875    NVSDK_NGX_D3D11_ReleaseFeature    = 00007FF9B1045D30
23:56:01.875    CreateFeature    prologue: 48 89 6C 24 18 56 57 41 56 48 83 EC 40 48 
23:56:01.876    EvaluateFeature  prologue: 48 89 5C 24 08 48 89 6C 24 10 48 89 74 24 
23:56:02.168    hooked: CreateFeature=yes EvaluateFeature=yes EvaluateFeature_C=absent
23:56:02.168    hooked: D3D11 ReleaseFeature=yes
23:56:02.168    NVSDK_NGX_VULKAN_CreateFeature     = 00007FF9B0FED230
23:56:02.168    NVSDK_NGX_VULKAN_CreateFeature1    = 00007FF9B0FED340
23:56:02.169    NVSDK_NGX_VULKAN_EvaluateFeature   = 00007FF9B0FED4E0
23:56:02.169    NVSDK_NGX_VULKAN_EvaluateFeature_C = 0000000000000000
23:56:02.169    NVSDK_NGX_VULKAN_ReleaseFeature    = 00007FF9B0FED3E0
23:56:02.169    VK CreateFeature prologue: 48 89 5C 24 10 48 89 6C 24 18 48 89 74 24 
23:56:02.169    VK CreateFeature1 prologue: 48 89 6C 24 10 48 89 74 24 18 48 89 7C 24 
23:56:02.169    VK EvaluateFeature prologue: 48 89 5C 24 08 48 89 6C 24 10 48 89 74 24 
23:56:02.555    hooked: VULKAN CreateFeature=yes CreateFeature1=yes EvaluateFeature=yes EvaluateFeature_C=absent
23:56:02.556    hooked: VULKAN ReleaseFeature=yes
23:56:02.556  [nr-compat] processing unavailable: Generic add-on is not loaded (renodx-dlss5.addon64). 已经确定可以正常使用该版本插件的Generic插件：8.5.0-rc10
23:56:02.787  [fg-relay] Import=1: the ReShade layer's vkCreateDevice at 00007FF956B507A0 is hooked. Every device created from here on gets VK_KHR_external_semaphore_win32 appended to its extension list, and a driver that refuses the name gets the caller's own list retried unchanged.
23:56:02.788  qpc=3576594361785 [focus-fg] state: enabled=1 hooked=0 foreground=0 minimized=0 hwnd=0000000000000000 scope_calls=0 original_false=0 kept=0 presents=0 FG_evaluates=0
23:56:03.135  qpc=3576595499512 [fg-relay] interposer hook: present=hooked
23:56:03.135  qpc=3576597822534 [fg-trace] queue discovery exports: get_queue=hooked get_queue2=hooked
23:56:03.616  NGX layer 1: C:\Program Files\Hypergryph Launcher\games\Endfield Game\nvngx_dlss.dll (base=00007FF92E5D0000)
23:56:03.617    version 310.5.2.0
23:56:03.617    NVSDK_NGX_D3D11_CreateFeature     = 00007FF92E615160
23:56:03.617    NVSDK_NGX_D3D11_EvaluateFeature   = 00007FF92E6152C0
23:56:03.617    NVSDK_NGX_D3D11_EvaluateFeature_C = 0000000000000000
23:56:03.617    NVSDK_NGX_D3D11_ReleaseFeature    = 00007FF92E615720
23:56:03.617    CreateFeature    prologue: 48 89 5C 24 08 48 89 6C 24 10 56 57 41 56 
23:56:03.617    EvaluateFeature  prologue: 48 89 5C 24 08 48 89 6C 24 10 48 89 74 24 
23:56:03.826      00007FF92E615720 is a thunk table entry; the hook goes to its destination 00007FF92E613440 so the patch does not overwrite the entries beside it.
23:56:03.922    hooked: CreateFeature=yes EvaluateFeature=yes EvaluateFeature_C=absent
23:56:03.922    hooked: D3D11 ReleaseFeature=yes
23:56:03.922    NVSDK_NGX_VULKAN_CreateFeature     = 00007FF92E6979C0
23:56:03.922    NVSDK_NGX_VULKAN_CreateFeature1    = 00007FF92E6979E0
23:56:03.922    NVSDK_NGX_VULKAN_EvaluateFeature   = 00007FF92E6979F0
23:56:03.922    NVSDK_NGX_VULKAN_EvaluateFeature_C = 0000000000000000
23:56:03.922    NVSDK_NGX_VULKAN_ReleaseFeature    = 00007FF92E698020
23:56:03.922    VK CreateFeature prologue: 48 83 EC 38 4C 89 4C 24 20 4D 8B C8 44 8B 
23:56:03.923    VK CreateFeature1 prologue: E9 4B F1 FF FF CC CC CC CC CC CC CC CC CC  <== a thunk into its own module, not a hook
23:56:03.923        the hook jumps into C:\Program Files\Hypergryph Launcher\games\Endfield Game\nvngx_dlss.dll +0xC6B30
23:56:03.923    VK EvaluateFeature prologue: 48 89 5C 24 08 48 89 6C 24 10 48 89 74 24 
23:56:04.032      00007FF92E6979E0 is a thunk table entry; the hook goes to its destination 00007FF92E696B30 so the patch does not overwrite the entries beside it.
23:56:04.239      00007FF92E698020 is a thunk table entry; the hook goes to its destination 00007FF92E696F90 so the patch does not overwrite the entries beside it.
23:56:04.370    hooked: VULKAN CreateFeature=yes CreateFeature1=yes EvaluateFeature=yes EvaluateFeature_C=absent
23:56:04.370    hooked: VULKAN ReleaseFeature=yes
23:56:04.372  [nr-compat] Generic build identified; SHA256=DCD93881E976AD033D83C2BB01F4BC3E4DDC59C15FE0DD4CA165BC5FC7D1AC68. No version/hash gate. 已经确定可以正常使用该版本插件的Generic插件：8.5.0-rc10
23:56:04.373  [nr-compat] configuration condition recovered; normal processing may resume.
23:56:04.399  NGX layer 1 retirement finalized.
23:56:04.399  NGX layer 1: C:\Program Files\Hypergryph Launcher\games\Endfield Game\nvngx_deepdvc.dll (base=00007FF94CF30000)
23:56:04.399    version 310.5.2.0
23:56:04.399    NVSDK_NGX_D3D11_CreateFeature     = 00007FF94CF50140
23:56:04.399    NVSDK_NGX_D3D11_EvaluateFeature   = 00007FF94CF50260
23:56:04.400    NVSDK_NGX_D3D11_EvaluateFeature_C = 0000000000000000
23:56:04.400    NVSDK_NGX_D3D11_ReleaseFeature    = 00007FF94CF50550
23:56:04.400    CreateFeature    prologue: 48 89 5C 24 10 48 89 6C 24 18 57 48 83 EC 
23:56:04.400    EvaluateFeature  prologue: 48 89 5C 24 08 48 89 6C 24 10 48 89 74 24 
23:56:04.621      00007FF94CF50550 is a thunk table entry; the hook goes to its destination 00007FF94CF4E9F0 so the patch does not overwrite the entries beside it.
23:56:04.729    hooked: CreateFeature=yes EvaluateFeature=yes EvaluateFeature_C=absent
23:56:04.729    hooked: D3D11 ReleaseFeature=yes
23:56:04.729    NVSDK_NGX_VULKAN_CreateFeature     = 00007FF94CF544E0
23:56:04.729    NVSDK_NGX_VULKAN_CreateFeature1    = 00007FF94CF54500
23:56:04.730    NVSDK_NGX_VULKAN_EvaluateFeature   = 00007FF94CF54510
23:56:04.730    NVSDK_NGX_VULKAN_EvaluateFeature_C = 0000000000000000
23:56:04.730    NVSDK_NGX_VULKAN_ReleaseFeature    = 00007FF94CF54A90
23:56:04.730    VK CreateFeature prologue: 48 83 EC 38 4C 89 4C 24 20 4D 8B C8 44 8B 
23:56:04.730    VK CreateFeature1 prologue: E9 8B F2 FF FF CC CC CC CC CC CC CC CC CC  <== a thunk into its own module, not a hook
23:56:04.730        the hook jumps into C:\Program Files\Hypergryph Launcher\games\Endfield Game\nvngx_deepdvc.dll +0x23790
23:56:04.730    VK EvaluateFeature prologue: 48 89 5C 24 08 48 89 6C 24 10 48 89 74 24 
23:56:04.835      00007FF94CF54500 is a thunk table entry; the hook goes to its destination 00007FF94CF53790 so the patch does not overwrite the entries beside it.
23:56:05.052      00007FF94CF54A90 is a thunk table entry; the hook goes to its destination 00007FF94CF53B80 so the patch does not overwrite the entries beside it.
23:56:05.149    hooked: VULKAN CreateFeature=yes CreateFeature1=yes EvaluateFeature=yes EvaluateFeature_C=absent
23:56:05.149    hooked: VULKAN ReleaseFeature=yes
23:56:05.150  NGX layer 2: C:\Program Files\Hypergryph Launcher\games\Endfield Game\nvngx_dlssd.dll (base=00007FF932A50000)
23:56:05.150    version 310.5.2.0
23:56:05.150    NVSDK_NGX_D3D11_CreateFeature     = 00007FF932A8A930
23:56:05.150    NVSDK_NGX_D3D11_EvaluateFeature   = 00007FF932A8AA90
23:56:05.150    NVSDK_NGX_D3D11_EvaluateFeature_C = 0000000000000000
23:56:05.150    NVSDK_NGX_D3D11_ReleaseFeature    = 00007FF932A8AEF0
23:56:05.150    CreateFeature    prologue: 48 89 5C 24 08 48 89 6C 24 10 56 57 41 56 
23:56:05.151    EvaluateFeature  prologue: 48 89 5C 24 08 48 89 6C 24 10 48 89 74 24 
23:56:05.336      00007FF932A8AEF0 is a thunk table entry; the hook goes to its destination 00007FF932A88C10 so the patch does not overwrite the entries beside it.
23:56:05.433    hooked: CreateFeature=yes EvaluateFeature=yes EvaluateFeature_C=absent
23:56:05.433    hooked: D3D11 ReleaseFeature=yes
23:56:05.433    NVSDK_NGX_VULKAN_CreateFeature     = 00007FF932B0B4C0
23:56:05.433    NVSDK_NGX_VULKAN_CreateFeature1    = 00007FF932B0B4E0
23:56:05.433    NVSDK_NGX_VULKAN_EvaluateFeature   = 00007FF932B0B4F0
23:56:05.433    NVSDK_NGX_VULKAN_EvaluateFeature_C = 0000000000000000
23:56:05.433    NVSDK_NGX_VULKAN_ReleaseFeature    = 00007FF932B0BB20
23:56:05.433    VK CreateFeature prologue: 48 83 EC 38 4C 89 4C 24 20 4D 8B C8 44 8B 
23:56:05.434    VK CreateFeature1 prologue: E9 4B F1 FF FF CC CC CC CC CC CC CC CC CC  <== a thunk into its own module, not a hook
23:56:05.434        the hook jumps into C:\Program Files\Hypergryph Launcher\games\Endfield Game\nvngx_dlssd.dll +0xBA630
23:56:05.434    VK EvaluateFeature prologue: 48 89 5C 24 08 48 89 6C 24 10 48 89 74 24 
23:56:05.536      00007FF932B0B4E0 is a thunk table entry; the hook goes to its destination 00007FF932B0A630 so the patch does not overwrite the entries beside it.
23:56:05.731      00007FF932B0BB20 is a thunk table entry; the hook goes to its destination 00007FF932B0AA90 so the patch does not overwrite the entries beside it.
23:56:05.816    hooked: VULKAN CreateFeature=yes CreateFeature1=yes EvaluateFeature=yes EvaluateFeature_C=absent
23:56:05.816    hooked: VULKAN ReleaseFeature=yes
23:56:06.265  qpc=3576625678265 [fg-relay] Reflex sleep hook: slGetPluginFunction=00007FFA90C0E0E0 slReflexSleep=00007FFA90C0DE60 hooked
23:56:06.266  qpc=3576626752340 [focus-fg] SetOptions diagnostic hook ready (arguments unchanged)
23:56:06.266  qpc=3576628065732 [focus-fg] FreeResources diagnostic hook ready (arguments unchanged)
23:56:06.266  qpc=3576629134790 [focus-fg] scoped focus gate ready: return_rva=0x4c0a7 interface=00007FFA2C5B7FD0 method=00007FFA2C4E66B0; explicit FG Off and all resource release remain native
23:56:06.284  [fg-guides] Vulkan capability device=000000002FBE00D0 instance=0000000122A5F1A0 physical=000000007F7250D0 queries=1 blit-formats=1 graphics-families=0x1. compute-families=0x5 local-types=0x12.
23:56:06.284  [fg-relay] Import=1: the device created at 000000002FBE00D0 already carried VK_KHR_external_semaphore_win32; it is recorded for the import.
23:56:06.519  NGX layer 3: C:\Program Files\Hypergryph Launcher\games\Endfield Game\nvngx_dlss.dll (base=00007FF92E5D0000)
23:56:06.519    version 310.5.2.0
23:56:06.519    NVSDK_NGX_D3D11_CreateFeature     = 00007FF92E615160
23:56:06.519    NVSDK_NGX_D3D11_EvaluateFeature   = 00007FF92E6152C0
23:56:06.519    NVSDK_NGX_D3D11_EvaluateFeature_C = 0000000000000000
23:56:06.520    NVSDK_NGX_D3D11_ReleaseFeature    = 00007FF92E615720
23:56:06.520    CreateFeature    prologue: 48 89 5C 24 08 48 89 6C 24 10 56 57 41 56 
23:56:06.520    EvaluateFeature  prologue: 48 89 5C 24 08 48 89 6C 24 10 48 89 74 24 
23:56:06.735      00007FF92E615720 is a thunk table entry; the hook goes to its destination 00007FF92E613440 so the patch does not overwrite the entries beside it.
23:56:06.836    hooked: CreateFeature=yes EvaluateFeature=yes EvaluateFeature_C=absent
23:56:06.836    hooked: D3D11 ReleaseFeature=yes
23:56:06.836    NVSDK_NGX_VULKAN_CreateFeature     = 00007FF92E6979C0
23:56:06.837    NVSDK_NGX_VULKAN_CreateFeature1    = 00007FF92E6979E0
23:56:06.837    NVSDK_NGX_VULKAN_EvaluateFeature   = 00007FF92E6979F0
23:56:06.837    NVSDK_NGX_VULKAN_EvaluateFeature_C = 0000000000000000
23:56:06.837    NVSDK_NGX_VULKAN_ReleaseFeature    = 00007FF92E698020
23:56:06.837    VK CreateFeature prologue: 48 83 EC 38 4C 89 4C 24 20 4D 8B C8 44 8B 
23:56:06.837    VK CreateFeature1 prologue: E9 4B F1 FF FF CC CC CC CC CC CC CC CC CC  <== a thunk into its own module, not a hook
23:56:06.837        the hook jumps into C:\Program Files\Hypergryph Launcher\games\Endfield Game\nvngx_dlss.dll +0xC6B30
23:56:06.837    VK EvaluateFeature prologue: 48 89 5C 24 08 48 89 6C 24 10 48 89 74 24 
23:56:06.932      00007FF92E6979E0 is a thunk table entry; the hook goes to its destination 00007FF92E696B30 so the patch does not overwrite the entries beside it.
23:56:07.157      00007FF92E698020 is a thunk table entry; the hook goes to its destination 00007FF92E696F90 so the patch does not overwrite the entries beside it.
23:56:07.253    hooked: VULKAN CreateFeature=yes CreateFeature1=yes EvaluateFeature=yes EvaluateFeature_C=absent
23:56:07.253    hooked: VULKAN ReleaseFeature=yes
23:56:07.268  NGX layer 3 retirement finalized.
23:56:09.105  [vkmirror] ReShade created an effect runtime on Vulkan. The mirror takes it.
23:56:09.215  qpc=3576658625770 [fg-trace] layer queue discovery: 00007FF9D9316D70 hooked
23:56:09.264  qpc=3576659113413 [focus-fg] state: enabled=1 hooked=1 foreground=1 minimized=0 hwnd=0000000021632F4C scope_calls=0 original_false=0 kept=0 presents=0 FG_evaluates=0
23:56:09.354  [fg-relay] shutdown has no relay session or GPU objects; the next runtime can open its first relay.
23:56:09.361  [vkmirror] ReShade created an effect runtime on Vulkan. The mirror takes it.
23:56:09.362  [vkmirror] a new ReShade effect runtime exists, so the mirror is armed again and rebuilds on the next evaluate.
23:56:09.488  [fg-relay] shutdown has no relay session or GPU objects; the next runtime can open its first relay.
23:56:09.495  [vkmirror] ReShade created an effect runtime on Vulkan. The mirror takes it.
23:56:09.495  [vkmirror] a new ReShade effect runtime exists, so the mirror is armed again and rebuilds on the next evaluate.
23:56:10.823  NGX layer 3: C:\Program Files\Hypergryph Launcher\games\Endfield Game\nvngx_dlssnr.dll (base=00007FF8C6790000)
23:56:10.824    version 310.8.0.0
23:56:10.824    NVSDK_NGX_D3D11_CreateFeature     = 00007FF8C67A38B0
23:56:10.824    NVSDK_NGX_D3D11_EvaluateFeature   = 00007FF8C67A3B20
23:56:10.824    NVSDK_NGX_D3D11_EvaluateFeature_C = 0000000000000000
23:56:10.824    NVSDK_NGX_D3D11_ReleaseFeature    = 00007FF8C67A4190
23:56:10.824    CreateFeature    prologue: 40 53 55 56 48 81 EC 80 02 00 00 48 8B 05 
23:56:10.824    EvaluateFeature  prologue: 40 53 55 56 57 41 56 48 81 EC 60 02 00 00 
23:56:11.104    hooked: CreateFeature=yes EvaluateFeature=yes EvaluateFeature_C=absent
23:56:11.104    hooked: D3D11 ReleaseFeature=yes
23:56:11.105    NVSDK_NGX_VULKAN_CreateFeature     = 00007FF8C67B4A20
23:56:11.105    NVSDK_NGX_VULKAN_CreateFeature1    = 00007FF8C67B4B70
23:56:11.105    NVSDK_NGX_VULKAN_EvaluateFeature   = 00007FF8C67B4C80
23:56:11.105    NVSDK_NGX_VULKAN_EvaluateFeature_C = 0000000000000000
23:56:11.105    NVSDK_NGX_VULKAN_ReleaseFeature    = 00007FF8C67B5410
23:56:11.105    VK CreateFeature prologue: 40 53 55 56 57 41 56 48 81 EC 60 02 00 00 
23:56:11.105    VK CreateFeature1 prologue: 40 53 55 56 57 41 56 48 81 EC 60 02 00 00 
23:56:11.105    VK EvaluateFeature prologue: 48 89 5C 24 08 48 89 6C 24 10 48 89 74 24 
23:56:11.450    hooked: VULKAN CreateFeature=yes CreateFeature1=yes EvaluateFeature=yes EvaluateFeature_C=absent
23:56:11.450    hooked: VULKAN ReleaseFeature=yes
23:56:25.049  qpc=3576816949044 [fg-trace] vkGetDeviceQueue(layer) family=0 index=1 -> queue=000000002E9928D0 thread=59996
23:56:25.049  qpc=3576816951715 [fg-trace] vkGetDeviceQueue(layer) family=2 index=1 -> queue=000000002E9950D0 thread=59996
23:56:25.059  [fg-relay] shutdown has no relay session or GPU objects; the next runtime can open its first relay.
23:56:25.068  [vkmirror] ReShade created an effect runtime on Vulkan. The mirror takes it.
23:56:25.068  [vkmirror] a new ReShade effect runtime exists, so the mirror is armed again and rebuilds on the next evaluate.
23:56:25.077  === Vulkan CreateFeature1 #1  feature_id=1  VkDevice=000000002FBE00D0  thread 65156 ===
23:56:25.097  [feature-lifecycle] Vulkan created feature=1 handle=00000004F86D28F0 generation=1 live=1
23:56:25.097  === Vulkan CreateFeature1 #1 returned 1, handle=00000004F86D28F0 ===
23:56:25.097  [vkmirror] the game's create states 3840x2160 -> 3840x2160. That is the shape the mirror will use, in preference to the four scalars its evaluates carry.
23:56:25.097  [fg-input] native Vulkan DLSS is forwarded without a mirror; the real frame is processed once at the frame-generation input.
23:56:25.213  === Vulkan CreateFeature1 #2  feature_id=18  VkDevice=000000002FBE00D0  thread 65156 ===
23:56:25.213  === Vulkan CreateFeature1 #2 returned -1160773630, handle=0000000000000000 ===
23:56:25.215  qpc=3576818612750 [fg-trace] vkGetDeviceQueue(layer) family=0 index=0 -> queue=000000002E9914D0 thread=65156
23:56:25.215  qpc=3576818612838 [fg-trace] vkGetDeviceQueue(layer) family=2 index=0 -> queue=000000002E993CD0 thread=65156
23:56:25.255  [fg-relay] shutdown has no relay session or GPU objects; the next runtime can open its first relay.
23:56:25.268  [vkmirror] ReShade created an effect runtime on Vulkan. The mirror takes it.
23:56:25.269  [vkmirror] a new ReShade effect runtime exists, so the mirror is armed again and rebuilds on the next evaluate.
23:56:25.291  [fg-relay] shutdown has no relay session or GPU objects; the next runtime can open its first relay.
23:56:25.299  [vkmirror] ReShade created an effect runtime on Vulkan. The mirror takes it.
23:56:25.300  [vkmirror] a new ReShade effect runtime exists, so the mirror is armed again and rebuilds on the next evaluate.
23:56:25.361  === Vulkan CreateFeature1 #3  feature_id=18  VkDevice=000000002FBE00D0  thread 65156 ===
23:56:25.361  === Vulkan CreateFeature1 #3 returned -1160773630, handle=0000000000000000 ===
23:56:25.405  [fg-relay] shutdown has no relay session or GPU objects; the next runtime can open its first relay.
23:56:25.413  [vkmirror] ReShade created an effect runtime on Vulkan. The mirror takes it.
23:56:25.413  [vkmirror] a new ReShade effect runtime exists, so the mirror is armed again and rebuilds on the next evaluate.
23:56:26.366  === Vulkan CreateFeature1 #4  feature_id=18  VkDevice=000000002FBE00D0  thread 65156 ===
23:56:26.366  === Vulkan CreateFeature1 #4 returned -1160773630, handle=0000000000000000 ===
23:56:28.367  === Vulkan CreateFeature1 #5  feature_id=18  VkDevice=000000002FBE00D0  thread 65156 ===
23:56:28.367  === Vulkan CreateFeature1 #5 returned -1160773630, handle=0000000000000000 ===
23:56:31.014  qpc=3576876597286 [focus-fg] game SetOptions unchanged: readable=1 version=4 mode=0 generated=1 flags=0x8 retain_when_off=1 guides=0x0 colour=0x0 result=0x0 foreground=1 minimized=0
23:56:32.063  [feature-lifecycle] Vulkan release handle=00000004F86D28F0 feature=1 generation=1 result=1 removed=1
23:56:37.047  qpc=3576936948781 [focus-fg] state: enabled=1 hooked=1 foreground=1 minimized=0 hwnd=0000000021632F4C scope_calls=0 original_false=0 kept=0 presents=535 FG_evaluates=0
23:56:40.206  [fg-relay] rate/15.0s p2 import_opt=1: presents=42.1/s present-gate[point=42.1 ready=0.0 fallback=0.0 inactive=0.0]/s noinfo=0.0/s stale=0.0/s unlearned=0.0/s attempts=0.0/s armed=0.0/s skipped=0.0/s busy=0.0/s arm-reject[state=0.0 request=0.0 refused=0.0 stopping=0.0 res=0.0 size=0.0]/s pool[cap=0.0 family=0.0 create=0.0 alloc=0.0]/s copy-drop[fence=0.0 reset=0.0 begin=0.0 end=0.0 submit=0.0]/s cf[seq=0.0/s idle=0.0/s nrfence=0.0/s] slotbusy=0.0/s copyfence-busy=0.0/s nr-gpuwait=0.0/s flips=0.0/s
23:56:40.206  [fg-relay] rate2: fginput eval=0.0/s index!=1=0.0/s eval-gate[off=0.0 fallback=0.0 notready=0.0 noinput=0.0 noqueue=0.0]/s relay eval=0.0/s consume=0.0/s inplace=0.0/s(ok 0.0/s) unarmed=0.0/s mismatch=0.0/s relbusy=0.0/s relok=0.0/s relfail=0.0/s release-stage[queue=0.0 pool=0.0 fence=0.0 reset=0.0 begin=0.0 end=0.0 submit=0.0]/s watchdog=0.0/s | worker plays=0.0/s ok=0.0/s fail=0.0/s nr_absent=0.0/s copyfail=0.0/s
23:56:40.206  [fg-relay] rate3: arm->arm avg=0.00ms max=0.00ms n=0 | arm->work avg=0.00ms max=0.00ms | arm->eval avg=0.00ms max=0.00ms | copywait avg=0.000ms max=0.000ms | copy-land<= avg=0.00ms max=0.00ms | work avg=0.00ms max=0.00ms | totals armed=0 unarmed=0 skipped=0 busy=0 mismatch=0 copies_failed=0 writes=0 conflicts=0
23:56:40.206  [fg-relay] rate4: throttle depth=1 off=0 | sleep calls=42.1/s waits=0.0/s clear=0.0/s timeouts=0.0/s avg=0.00ms | present calls=42.1/s waits=0.0/s clear=0.0/s timeouts=0.0/s avg=0.00ms | max=0.00ms (process)
23:56:41.076  === Vulkan CreateFeature1 #6  feature_id=1  VkDevice=000000002FBE00D0  thread 65156 ===
23:56:41.095  [feature-lifecycle] Vulkan created feature=1 handle=000000280D9F15F0 generation=2 live=1
23:56:41.095  === Vulkan CreateFeature1 #6 returned 1, handle=000000280D9F15F0 ===
23:56:41.097  === Vulkan CreateFeature1 #7  feature_id=18  VkDevice=000000002FBE00D0  thread 65156 ===
23:56:41.097  === Vulkan CreateFeature1 #7 returned -1160773630, handle=0000000000000000 ===
23:56:41.100  qpc=3576977452914 [focus-fg] game SetOptions unchanged: readable=1 version=4 mode=1 generated=1 flags=0x0 retain_when_off=0 guides=0x0 colour=0x0 result=0x0 foreground=1 minimized=0
23:56:41.102  === Vulkan CreateFeature1 #8  feature_id=11  VkDevice=000000002FBE00D0  thread 65156 ===
23:56:41.133  [feature-lifecycle] Vulkan created feature=11 handle=000000280DD6CB80 generation=3 live=2
23:56:41.133  === Vulkan CreateFeature1 #8 returned 1, handle=000000280DD6CB80 ===
23:56:41.146  === Vulkan CreateFeature1 #9  feature_id=18  VkDevice=000000002FBE00D0  thread 65156 ===
23:56:41.146  === Vulkan CreateFeature1 #9 returned -1160773630, handle=0000000000000000 ===
23:56:41.210  [present-adapter] enabled, idle. Awaiting a new request token; existing requests are ignored.
23:56:41.210  [fg-input] AutoRun: continuous NR at the frame-generation input; a request with frames=0 stops it. pipeline=serial park
23:56:41.211  
23:56:41.211  ################ synth: opening on this add-on's own D3D12 device ################
23:56:41.215  [bridge] D3D12 device created at feature level 12_1.
23:56:41.216  [bridge] the D3D12 device came back wrapped by ReShade: 00000026902AE720 over 000000013DAF7C10. NGX is given the unwrapped one, so no other add-on is handed D3D12 objects it never asked for.
23:56:41.216  [bridge] add-ons loaded at this point, with their bases:
23:56:41.216  [bridge]   dlss5-bridge.addon64 at 00007FFA34E50000
23:56:41.216  [bridge]   renodx-dlss5.addon64 at 00007FF958790000
23:56:41.246  [synth] this add-on's own D3D12 device is 000000013DAF7C10 and its graphics queue is 000000280DE312C0
23:56:41.247  [bridge] NGX D3D12 entry points taken from C:\WINDOWS\System32\DriverStore\FileRepository\nv_dispsi.inf_amd64_b8459fc8f905f657\_nvngx.dll
23:56:41.247  [synth] NGX data path: C:\Program Files\Hypergryph Launcher\games\Endfield Game\
23:56:41.453  NGX layer 4: C:\Program Files\Hypergryph Launcher\games\Endfield Game\nvngx_dlss.dll (base=00007FF8FB0E0000)
23:56:41.453    version 310.5.2.0
23:56:41.453    NVSDK_NGX_D3D11_CreateFeature     = 00007FF8FB125160
23:56:41.453    NVSDK_NGX_D3D11_EvaluateFeature   = 00007FF8FB1252C0
23:56:41.453    NVSDK_NGX_D3D11_EvaluateFeature_C = 0000000000000000
23:56:41.454    NVSDK_NGX_D3D11_ReleaseFeature    = 00007FF8FB125720
23:56:41.454    CreateFeature    prologue: 48 89 5C 24 08 48 89 6C 24 10 56 57 41 56 
23:56:41.454    EvaluateFeature  prologue: 48 89 5C 24 08 48 89 6C 24 10 48 89 74 24 
23:56:41.655      00007FF8FB125720 is a thunk table entry; the hook goes to its destination 00007FF8FB123440 so the patch does not overwrite the entries beside it.
23:56:41.752    hooked: CreateFeature=yes EvaluateFeature=yes EvaluateFeature_C=absent
23:56:41.752    hooked: D3D11 ReleaseFeature=yes
23:56:41.752    NVSDK_NGX_VULKAN_CreateFeature     = 00007FF8FB1A79C0
23:56:41.752    NVSDK_NGX_VULKAN_CreateFeature1    = 00007FF8FB1A79E0
23:56:41.752    NVSDK_NGX_VULKAN_EvaluateFeature   = 00007FF8FB1A79F0
23:56:41.752    NVSDK_NGX_VULKAN_EvaluateFeature_C = 0000000000000000
23:56:41.752    NVSDK_NGX_VULKAN_ReleaseFeature    = 00007FF8FB1A8020
23:56:41.752    VK CreateFeature prologue: 48 83 EC 38 4C 89 4C 24 20 4D 8B C8 44 8B 
23:56:41.753    VK CreateFeature1 prologue: E9 4B F1 FF FF CC CC CC CC CC CC CC CC CC  <== a thunk into its own module, not a hook
23:56:41.753        the hook jumps into C:\Program Files\Hypergryph Launcher\games\Endfield Game\nvngx_dlss.dll +0xC6B30
23:56:41.753    VK EvaluateFeature prologue: 48 89 5C 24 08 48 89 6C 24 10 48 89 74 24 
23:56:41.851      00007FF8FB1A79E0 is a thunk table entry; the hook goes to its destination 00007FF8FB1A6B30 so the patch does not overwrite the entries beside it.
23:56:42.048      00007FF8FB1A8020 is a thunk table entry; the hook goes to its destination 00007FF8FB1A6F90 so the patch does not overwrite the entries beside it.
23:56:42.143    hooked: VULKAN CreateFeature=yes CreateFeature1=yes EvaluateFeature=yes EvaluateFeature_C=absent
23:56:42.143    hooked: VULKAN ReleaseFeature=yes
23:56:42.238  [synth] Init_Ext(version=0x13) -> ok
23:56:42.238  [synth] D3D12 session ready on this add-on's own D3D12 device. The frame does not start on this device, so every texture NGX reads is created shareable here and imported by the API the game renders with.
23:56:42.239  [synth] Vulkan side ready: VkDevice 000000002FBE00D0, VK_KHR_external_memory_win32 enabled, VK_KHR_push_descriptor enabled, 23 entry points resolved out of vulkan-1.dll with no import of it.
23:56:42.239  [fg-guides] paused for this frame: HUD-less and backbuffer differ in size or format; valid inputs resume automatically.
23:56:42.241  === Vulkan CreateFeature1 #10  feature_id=18  VkDevice=000000002FBE00D0  thread 65156 ===
23:56:42.241  === Vulkan CreateFeature1 #10 returned -1160773630, handle=0000000000000000 ===
23:56:42.242  [fg-census] evaluate observed: MultiFrameIndex=1 thread=55544
23:56:42.242  [fg-census] pass 1 begins: 131 keys, types tried u/i/f/d/ull/ptr.
23:56:42.242  [fg-census] DLSSG.AutomodeOverrideReset u=0 i=0 f=0 d=0 ull=0
23:56:42.242  [fg-census] DLSSG.Backbuffer ptr=000000268FE29DD8
23:56:42.242  [fg-census] DLSSG.BackbufferFormat u=37 i=37 f=37 d=37 ull=37
23:56:42.242  [fg-census] DLSSG.BackbufferFrameID ptr=0000000000000285
23:56:42.242  [fg-census] DLSSG.BackbufferSubrectBaseX u=640 i=640 f=640 d=640 ull=640
23:56:42.242  [fg-census] DLSSG.BackbufferSubrectBaseY u=0 i=0 f=0 d=0 ull=0
23:56:42.242  [fg-census] DLSSG.BackbufferSubrectHeight u=2160 i=2160 f=2160 d=2160 ull=2160
23:56:42.242  [fg-census] DLSSG.BackbufferSubrectWidth u=3840 i=3840 f=3840 d=3840 ull=3840
23:56:42.243  [fg-census] DLSSG.BidirectionalDistortionField ptr=0000000000000000
23:56:42.243  [fg-census] DLSSG.BidirectionalDistortionFieldLowPrecision.Bias u=0 i=0 f=0 d=0 ull=0
23:56:42.243  [fg-census] DLSSG.BidirectionalDistortionFieldLowPrecision.IsLowPrecision u=0 i=0 f=0 d=0 ull=0
23:56:42.243  [fg-census] DLSSG.BidirectionalDistortionFieldLowPrecision.Scale u=1 i=1 f=1 d=1 ull=1
23:56:42.243  [fg-census] DLSSG.BidirectionalDistortionFieldSubrectBaseX u=0 i=0 f=0 d=0 ull=0
23:56:42.243  [fg-census] DLSSG.BidirectionalDistortionFieldSubrectBaseY u=0 i=0 f=0 d=0 ull=0
23:56:42.243  [fg-census] DLSSG.BidirectionalDistortionFieldSubrectHeight u=0 i=0 f=0 d=0 ull=0
23:56:42.243  [fg-census] DLSSG.BidirectionalDistortionFieldSubrectWidth u=0 i=0 f=0 d=0 ull=0
23:56:42.243  [fg-census] DLSSG.CameraAspectRatio u=1 i=1 f=1.77778 d=1.77777779 ull=1
23:56:42.243  [fg-census] DLSSG.CameraFOV u=1 i=1 f=1.01229 d=1.01229095 ull=1
23:56:42.243  [fg-census] DLSSG.CameraFar u=10000 i=10000 f=10000 d=10000 ull=10000
23:56:42.243  [fg-census] DLSSG.CameraFwdX u=0 i=0 f=-0.984246 d=-0.984245658 ull=0
23:56:42.243  [fg-census] DLSSG.CameraFwdY u=0 i=0 f=-0.0308494 d=-0.0308494419 ull=0
23:56:42.243  [fg-census] DLSSG.CameraFwdZ u=0 i=0 f=0.174095 d=0.174094677 ull=0
23:56:42.243  [fg-census] DLSSG.CameraMotionIncluded u=1 i=1 f=1 d=1 ull=1
23:56:42.243  [fg-census] DLSSG.CameraNear u=0 i=0 f=0.1 d=0.100000001 ull=0
23:56:42.243  [fg-census] DLSSG.CameraPinholeOffsetX u=0 i=0 f=0 d=0 ull=0
23:56:42.244  [fg-census] DLSSG.CameraPinholeOffsetY u=0 i=0 f=0 d=0 ull=0
23:56:42.244  [fg-census] DLSSG.CameraPosX u=0 i=0 f=-4.17233e-07 d=-4.17232513e-07 ull=0
23:56:42.244  [fg-census] DLSSG.CameraPosY u=4294967295 i=-1 f=-1.37852 d=-1.37852454 ull=18446744073709551615
23:56:42.244  [fg-census] DLSSG.CameraPosZ u=4294967293 i=-3 f=-3.86705 d=-3.86705446 ull=18446744073709551613
23:56:42.244  [fg-census] DLSSG.CameraRightX u=0 i=0 f=0.176807 d=0.176806808 ull=0
23:56:42.245  [fg-census] DLSSG.CameraRightY u=0 i=0 f=-0.171732 d=-0.171732351 ull=0
23:56:42.245  [fg-census] DLSSG.CameraRightZ u=0 i=0 f=0.969148 d=0.969147801 ull=0
23:56:42.245  [fg-census] DLSSG.CameraUpX u=0 i=0 f=2.98023e-08 d=2.98023224e-08 ull=0
23:56:42.245  [fg-census] DLSSG.CameraUpY u=0 i=0 f=0.984661 d=0.984660506 ull=0
23:56:42.245  [fg-census] DLSSG.CameraUpZ u=0 i=0 f=0.174481 d=0.174481198 ull=0
23:56:42.245  [fg-census] DLSSG.CameraViewToClip ptr=000000268FE2A028 m=[1.015 0 0 0 | 0 1.804 0 0 | 0 0 9.954e-06 -1 | 0 0 0.1 0]
23:56:42.245  [fg-census] DLSSG.ClipToCameraView ptr=000000268FE2A068 m=[0.9854 -0 -0 0 | 0 -0.5543 -0 0 | 0 -0 -0 10 | 0 -0 -1 9.954e-05]
23:56:42.245  [fg-census] DLSSG.ClipToLensClip ptr=000000268FE2A0A8 m=[1 0 0 0 | 0 1 0 0 | 0 0 1 0 | 0 0 0 1]
23:56:42.245  [fg-census] DLSSG.ClipToPrevClip ptr=000000268FE2A0E8 m=[1 -1.49e-08 0 0 | 1.863e-09 1 1.155e-13 -4.191e-09 | 5.344e-07 0 1 0 | -1.494e-08 3.519e-08 -9.095e-13 1]
23:56:42.245  [fg-census] DLSSG.CmdAlloc ptr=00000000407119D0
23:56:42.245  [fg-census] DLSSG.CmdQueue ptr=000000002E993CD0
23:56:42.245  [fg-census] DLSSG.ColorBuffersHDR u=0 i=0 f=0 d=0 ull=0
23:56:42.245  [fg-census] DLSSG.Depth ptr=000000268FE29CB8
23:56:42.246  [fg-census] DLSSG.DepthInverted u=1 i=1 f=1 d=1 ull=1
23:56:42.246  [fg-census] DLSSG.DepthSubrectBaseX u=0 i=0 f=0 d=0 ull=0
23:56:42.246  [fg-census] DLSSG.DepthSubrectBaseY u=0 i=0 f=0 d=0 ull=0
23:56:42.246  [fg-census] DLSSG.DepthSubrectHeight u=2160 i=2160 f=2160 d=2160 ull=2160
23:56:42.246  [fg-census] DLSSG.DepthSubrectWidth u=3840 i=3840 f=3840 d=3840 ull=3840
23:56:42.246  [fg-census] DLSSG.Dynamic.ReflexDriven u=0 i=0 f=0 d=0 ull=0
23:56:42.246  [fg-census] DLSSG.DynamicMaxFrameCount u=5 i=5 f=5 d=5 ull=5
23:56:42.246  [fg-census] DLSSG.DynamicResolution u=0 i=0 f=0 d=0 ull=0
23:56:42.246  [fg-census] DLSSG.EnableInterp u=1 i=1 f=1 d=1 ull=1
23:56:42.246  [fg-census] DLSSG.EstimateVRAMCallback ptr=00007FF935207A90
23:56:42.246  [fg-census] DLSSG.EvalFlags u=0 i=0 f=0 d=0 ull=0
23:56:42.246  [fg-census] DLSSG.FenceEvent ptr=0000000000000000
23:56:42.247  [fg-census] DLSSG.FlipMetering u=0 i=0 f=0 d=0 ull=0
23:56:42.247  [fg-census] DLSSG.HUDLess ptr=000000268FE29E38
23:56:42.247  [fg-census] DLSSG.HUDLessSubrectBaseX u=0 i=0 f=0 d=0 ull=0
23:56:42.247  [fg-census] DLSSG.HUDLessSubrectBaseY u=0 i=0 f=0 d=0 ull=0
23:56:42.247  [fg-census] DLSSG.HUDLessSubrectHeight u=2160 i=2160 f=2160 d=2160 ull=2160
23:56:42.247  [fg-census] DLSSG.HUDLessSubrectWidth u=3840 i=3840 f=3840 d=3840 ull=3840
23:56:42.247  [fg-census] DLSSG.Height u=2160 i=2160 f=2160 d=2160 ull=2160
23:56:42.247  [fg-census] DLSSG.InternalHeight u=0 i=0 f=0 d=0 ull=0
23:56:42.247  [fg-census] DLSSG.InternalWidth u=0 i=0 f=0 d=0 ull=0
23:56:42.247  [fg-census] DLSSG.IsRecording u=1 i=1 f=1 d=1 ull=1
23:56:42.247  [fg-census] DLSSG.JitterOffsetX u=0 i=0 f=0.375 d=0.375 ull=0
23:56:42.247  [fg-census] DLSSG.JitterOffsetY u=0 i=0 f=0.0555556 d=0.0555555522 ull=0
23:56:42.247  [fg-census] DLSSG.MVecs ptr=000000268FE29D18
23:56:42.248  [fg-census] DLSSG.MVecsSubrectBaseX u=0 i=0 f=0 d=0 ull=0
23:56:42.248  [fg-census] DLSSG.MVecsSubrectBaseY u=0 i=0 f=0 d=0 ull=0
23:56:42.248  [fg-census] DLSSG.MVecsSubrectHeight u=2160 i=2160 f=2160 d=2160 ull=2160
23:56:42.248  [fg-census] DLSSG.MVecsSubrectWidth u=3840 i=3840 f=3840 d=3840 ull=3840
23:56:42.248  [fg-census] DLSSG.MenuDetectionEnabled u=0 i=0 f=0 d=0 ull=0
23:56:42.248  [fg-census] DLSSG.MinRelativeLinearDepthObjectSeparation u=40 i=40 f=40 d=40 ull=40
23:56:42.248  [fg-census] DLSSG.ModelVersion u=512 i=512 f=512 d=512 ull=512
23:56:42.248  [fg-census] DLSSG.MultiFrameCount u=1 i=1 f=1 d=1 ull=1
23:56:42.248  [fg-census] DLSSG.MultiFrameCountMax u=5 i=5 f=5 d=5 ull=5
23:56:42.248  [fg-census] DLSSG.MultiFrameIndex u=1 i=1 f=1 d=1 ull=1
23:56:42.248  [fg-census] DLSSG.MvecDilated u=0 i=0 f=0 d=0 ull=0
23:56:42.248  [fg-census] DLSSG.MvecInvalidValue u=0 i=-2147483648 f=3.40282e+38 d=3.40282347e+38 ull=9223372036854775808
23:56:42.249  [fg-census] DLSSG.MvecJittered u=0 i=0 f=0 d=0 ull=0
23:56:42.249  [fg-census] DLSSG.MvecScaleX u=3840 i=3840 f=3840 d=3840 ull=3840
23:56:42.249  [fg-census] DLSSG.MvecScaleY u=2160 i=2160 f=2160 d=2160 ull=2160
23:56:42.249  [fg-census] DLSSG.NoWarp ptr=0000000000000000
23:56:42.249  [fg-census] DLSSG.NoWarpSubrectBaseX u=0 i=0 f=0 d=0 ull=0
23:56:42.249  [fg-census] DLSSG.NoWarpSubrectBaseY u=0 i=0 f=0 d=0 ull=0
23:56:42.249  [fg-census] DLSSG.NoWarpSubrectHeight u=0 i=0 f=0 d=0 ull=0
23:56:42.249  [fg-census] DLSSG.NoWarpSubrectWidth u=0 i=0 f=0 d=0 ull=0
23:56:42.249  [fg-census] DLSSG.NotRenderingGameFrames u=0 i=0 f=0 d=0 ull=0
23:56:42.249  [fg-census] DLSSG.OrthoProjection u=0 i=0 f=0 d=0 ull=0
23:56:42.249  [fg-census] DLSSG.OutputDisableInterpolation ptr=000000268FE29FB8
23:56:42.249  [fg-census] DLSSG.OutputInterpolated ptr=00000028ECCFEA68
23:56:42.249  [fg-census] DLSSG.OutputReal ptr=00000028ECCFEB28
23:56:42.250  [fg-census] DLSSG.PrevClipToClip ptr=000000268FE2A128 m=[1 1.49e-08 -1.721e-21 6.245e-17 | -1.863e-09 1 -1.155e-13 4.191e-09 | -5.344e-07 -7.964e-15 1 -3.338e-23 | 1.494e-08 -3.519e-08 9.095e-13 1]
23:56:42.250  [fg-census] DLSSG.QueueSubmitCallback ptr=0000000000000000
23:56:42.250  [fg-census] DLSSG.QueueSubmitCallbackData ptr=0000000000000000
23:56:42.250  [fg-census] DLSSG.RefreshRate u=119 i=119 f=119.996 d=119.996002 ull=119
23:56:42.250  [fg-census] DLSSG.Reset u=0 i=0 f=0 d=0 ull=0
23:56:42.250  [fg-census] DLSSG.StreamlineMode u=1 i=1 f=1 d=1 ull=1
23:56:42.250  [fg-census] DLSSG.StreamlineVersionTag ptr=00007FFA3978CB50
23:56:42.250  [fg-census] DLSSG.SyncFlushCallback ptr=0000000000000000
23:56:42.250  [fg-census] DLSSG.SyncFlushCallbackData ptr=0000000000000000
23:56:42.250  [fg-census] DLSSG.SyncSignalCallback ptr=0000000000000000
23:56:42.250  [fg-census] DLSSG.SyncSignalCallbackData ptr=0000000000000000
23:56:42.250  [fg-census] DLSSG.SyncSignalOnlyCallback ptr=0000000000000000
23:56:42.250  [fg-census] DLSSG.SyncSignalOnlyCallbackData ptr=0000000000000000
23:56:42.250  [fg-census] DLSSG.SyncWaitCallback ptr=0000000000000000
23:56:42.250  [fg-census] DLSSG.SyncWaitCallbackData ptr=0000000000000000
23:56:42.250  [fg-census] DLSSG.SyncWaitOnlyCallback ptr=0000000000000000
23:56:42.250  [fg-census] DLSSG.SyncWaitOnlyCallbackData ptr=0000000000000000
23:56:42.250  [fg-census] DLSSG.TargetFrameRate u=119 i=119 f=119.996 d=119.996002 ull=119
23:56:42.251  [fg-census] DLSSG.UI ptr=0000000000000000
23:56:42.251  [fg-census] DLSSG.UIAlpha ptr=0000000000000000
23:56:42.251  [fg-census] DLSSG.UIAlphaSubrectBaseX u=0 i=0 f=0 d=0 ull=0
23:56:42.251  [fg-census] DLSSG.UIAlphaSubrectBaseY u=0 i=0 f=0 d=0 ull=0
23:56:42.251  [fg-census] DLSSG.UIAlphaSubrectHeight u=0 i=0 f=0 d=0 ull=0
23:56:42.251  [fg-census] DLSSG.UIAlphaSubrectWidth u=0 i=0 f=0 d=0 ull=0
23:56:42.251  [fg-census] DLSSG.UISubrectBaseX u=0 i=0 f=0 d=0 ull=0
23:56:42.251  [fg-census] DLSSG.UISubrectBaseY u=0 i=0 f=0 d=0 ull=0
23:56:42.251  [fg-census] DLSSG.UISubrectHeight u=0 i=0 f=0 d=0 ull=0
23:56:42.252  [fg-census] DLSSG.UISubrectWidth u=0 i=0 f=0 d=0 ull=0
23:56:42.252  [fg-census] DLSSG.UserInterfaceRecompositionEnabled u=0 i=0 f=0 d=0 ull=0
23:56:42.252  [fg-census] DLSSG.VSyncDriverRequested u=1 i=1 f=1 d=1 ull=1
23:56:42.252  [fg-census] DLSSG.VSyncOn u=0 i=0 f=0 d=0 ull=0
23:56:42.252  [fg-census] DLSSG.VSyncSupported u=0 i=0 f=0 d=0 ull=0
23:56:42.252  [fg-census] DLSSG.VkOFAModeRequest u=1 i=1 f=1 d=1 ull=1
23:56:42.252  [fg-census] DLSSG.Width u=3840 i=3840 f=3840 d=3840 ull=3840
23:56:42.252  [fg-census] DLSSG.run_lowres_mvec_pass u=1 i=1 f=1 d=1 ull=1
23:56:42.252  [fg-census] pass 1 ends.
23:56:42.260  NGX layer 4 retirement finalized.
23:56:44.164  [fg-census] evaluate observed: MultiFrameIndex=1 thread=55544
23:56:44.164  [fg-census] pass 2 begins: 131 keys, types tried u/i/f/d/ull/ptr.
23:56:44.164  [fg-census] DLSSG.AutomodeOverrideReset u=0 i=0 f=0 d=0 ull=0
23:56:44.164  [fg-census] DLSSG.Backbuffer ptr=000000268FE2AAE8
23:56:44.164  [fg-census] DLSSG.BackbufferFormat u=37 i=37 f=37 d=37 ull=37
23:56:44.164  [fg-census] DLSSG.BackbufferFrameID ptr=0000000000000286
23:56:44.165  [fg-census] DLSSG.BackbufferSubrectBaseX u=640 i=640 f=640 d=640 ull=640
23:56:44.165  [fg-census] DLSSG.BackbufferSubrectBaseY u=0 i=0 f=0 d=0 ull=0
23:56:44.165  [fg-census] DLSSG.BackbufferSubrectHeight u=2160 i=2160 f=2160 d=2160 ull=2160
23:56:44.165  [fg-census] DLSSG.BackbufferSubrectWidth u=3840 i=3840 f=3840 d=3840 ull=3840
23:56:44.165  [fg-census] DLSSG.BidirectionalDistortionField ptr=0000000000000000
23:56:44.165  [fg-census] DLSSG.BidirectionalDistortionFieldLowPrecision.Bias u=0 i=0 f=0 d=0 ull=0
23:56:44.165  [fg-census] DLSSG.BidirectionalDistortionFieldLowPrecision.IsLowPrecision u=0 i=0 f=0 d=0 ull=0
23:56:44.165  [fg-census] DLSSG.BidirectionalDistortionFieldLowPrecision.Scale u=1 i=1 f=1 d=1 ull=1
23:56:44.165  [fg-census] DLSSG.BidirectionalDistortionFieldSubrectBaseX u=0 i=0 f=0 d=0 ull=0
23:56:44.165  [fg-census] DLSSG.BidirectionalDistortionFieldSubrectBaseY u=0 i=0 f=0 d=0 ull=0
23:56:44.165  [fg-census] DLSSG.BidirectionalDistortionFieldSubrectHeight u=0 i=0 f=0 d=0 ull=0
23:56:44.165  [fg-census] DLSSG.BidirectionalDistortionFieldSubrectWidth u=0 i=0 f=0 d=0 ull=0
23:56:44.165  [fg-census] DLSSG.CameraAspectRatio u=1 i=1 f=1.77778 d=1.77777779 ull=1
23:56:44.166  [fg-census] DLSSG.CameraFOV u=1 i=1 f=1.01229 d=1.01229095 ull=1
23:56:44.166  [fg-census] DLSSG.CameraFar u=10000 i=10000 f=10000 d=10000 ull=10000
23:56:44.166  [fg-census] DLSSG.CameraFwdX u=0 i=0 f=-0.984245 d=-0.98424542 ull=0
23:56:44.166  [fg-census] DLSSG.CameraFwdY u=0 i=0 f=-0.03085 d=-0.0308500156 ull=0
23:56:44.166  [fg-census] DLSSG.CameraFwdZ u=0 i=0 f=0.174096 d=0.174095631 ull=0
23:56:44.166  [fg-census] DLSSG.CameraMotionIncluded u=1 i=1 f=1 d=1 ull=1
23:56:44.166  [fg-census] DLSSG.CameraNear u=0 i=0 f=0.1 d=0.100000001 ull=0
23:56:44.166  [fg-census] DLSSG.CameraPinholeOffsetX u=0 i=0 f=0 d=0 ull=0
23:56:44.167  [fg-census] DLSSG.CameraPinholeOffsetY u=0 i=0 f=0 d=0 ull=0
23:56:44.167  [fg-census] DLSSG.CameraPosX u=524 i=524 f=524.902 d=524.902161 ull=524
23:56:44.167  [fg-census] DLSSG.CameraPosY u=4294966774 i=-522 f=-522.562 d=-522.562012 ull=18446744073709551094
23:56:44.167  [fg-census] DLSSG.CameraPosZ u=1189 i=1189 f=1189.79 d=1189.78662 ull=1189
23:56:44.167  [fg-census] DLSSG.CameraRightX u=0 i=0 f=0.176808 d=0.17680788 ull=0
23:56:44.167  [fg-census] DLSSG.CameraRightY u=0 i=0 f=-0.171734 d=-0.171734303 ull=0
23:56:44.167  [fg-census] DLSSG.CameraRightZ u=0 i=0 f=0.969147 d=0.969147205 ull=0
23:56:44.167  [fg-census] DLSSG.CameraUpX u=0 i=0 f=-1.49012e-08 d=-1.49011612e-08 ull=0
23:56:44.167  [fg-census] DLSSG.CameraUpY u=0 i=0 f=0.98466 d=0.984660149 ull=0
23:56:44.167  [fg-census] DLSSG.CameraUpZ u=0 i=0 f=0.174483 d=0.17448321 ull=0
23:56:44.167  [fg-census] DLSSG.CameraViewToClip ptr=000000268FE2AD38 m=[1.015 0 0 0 | 0 1.804 0 0 | 0 0 9.954e-06 -1 | 0 0 0.1 0]
23:56:44.167  [fg-census] DLSSG.ClipToCameraView ptr=000000268FE2AD78 m=[0.9854 -0 -0 0 | 0 -0.5543 -0 0 | 0 -0 -0 10 | 0 -0 -1 9.954e-05]
23:56:44.167  [fg-census] DLSSG.ClipToLensClip ptr=000000268FE2ADB8 m=[1 0 0 0 | 0 1 0 0 | 0 0 1 0 | 0 0 0 1]
23:56:44.168  [fg-census] DLSSG.ClipToPrevClip ptr=000000268FE2ADF8 m=[1 3.912e-07 1.035e-11 -1.028e-06 | -1.341e-07 1 1.131e-11 -1.134e-06 | -5327 -9402 0.8812 1.194e+04 | -0.05302 -0.09359 -1.183e-06 1.119]
23:56:44.168  [fg-census] DLSSG.CmdAlloc ptr=0000000040711ED0
23:56:44.168  [fg-census] DLSSG.CmdQueue ptr=000000002E993CD0
23:56:44.168  [fg-census] DLSSG.ColorBuffersHDR u=0 i=0 f=0 d=0 ull=0
23:56:44.168  [fg-census] DLSSG.Depth ptr=000000268FE2A9C8
23:56:44.168  [fg-census] DLSSG.DepthInverted u=1 i=1 f=1 d=1 ull=1
23:56:44.168  [fg-census] DLSSG.DepthSubrectBaseX u=0 i=0 f=0 d=0 ull=0
23:56:44.168  [fg-census] DLSSG.DepthSubrectBaseY u=0 i=0 f=0 d=0 ull=0
23:56:44.168  [fg-census] DLSSG.DepthSubrectHeight u=2160 i=2160 f=2160 d=2160 ull=2160
23:56:44.168  [fg-census] DLSSG.DepthSubrectWidth u=3840 i=3840 f=3840 d=3840 ull=3840
23:56:44.168  [fg-census] DLSSG.Dynamic.ReflexDriven u=0 i=0 f=0 d=0 ull=0
23:56:44.168  [fg-census] DLSSG.DynamicMaxFrameCount u=5 i=5 f=5 d=5 ull=5
23:56:44.168  [fg-census] DLSSG.DynamicResolution u=0 i=0 f=0 d=0 ull=0
23:56:44.168  [fg-census] DLSSG.EnableInterp u=1 i=1 f=1 d=1 ull=1
23:56:44.168  [fg-census] DLSSG.EstimateVRAMCallback ptr=00007FF935207A90
23:56:44.169  [fg-census] DLSSG.EvalFlags u=0 i=0 f=0 d=0 ull=0
23:56:44.169  [fg-census] DLSSG.FenceEvent ptr=0000000000000000
23:56:44.169  [fg-census] DLSSG.FlipMetering u=0 i=0 f=0 d=0 ull=0
23:56:44.169  [fg-census] DLSSG.HUDLess ptr=000000268FE2AB48
23:56:44.169  [fg-census] DLSSG.HUDLessSubrectBaseX u=0 i=0 f=0 d=0 ull=0
23:56:44.169  [fg-census] DLSSG.HUDLessSubrectBaseY u=0 i=0 f=0 d=0 ull=0
23:56:44.169  [fg-census] DLSSG.HUDLessSubrectHeight u=2160 i=2160 f=2160 d=2160 ull=2160
23:56:44.169  [fg-census] DLSSG.HUDLessSubrectWidth u=3840 i=3840 f=3840 d=3840 ull=3840
23:56:44.169  [fg-census] DLSSG.Height u=2160 i=2160 f=2160 d=2160 ull=2160
23:56:44.169  [fg-census] DLSSG.InternalHeight u=0 i=0 f=0 d=0 ull=0
23:56:44.169  [fg-census] DLSSG.InternalWidth u=0 i=0 f=0 d=0 ull=0
23:56:44.169  [fg-census] DLSSG.IsRecording u=1 i=1 f=1 d=1 ull=1
23:56:44.169  [fg-census] DLSSG.JitterOffsetX u=0 i=0 f=-0.125 d=-0.125 ull=0
23:56:44.170  [fg-census] DLSSG.JitterOffsetY u=0 i=0 f=-0.277778 d=-0.277777791 ull=0
23:56:44.170  [fg-census] DLSSG.MVecs ptr=000000268FE2AA28
23:56:44.170  [fg-census] DLSSG.MVecsSubrectBaseX u=0 i=0 f=0 d=0 ull=0
23:56:44.170  [fg-census] DLSSG.MVecsSubrectBaseY u=0 i=0 f=0 d=0 ull=0
23:56:44.170  [fg-census] DLSSG.MVecsSubrectHeight u=2160 i=2160 f=2160 d=2160 ull=2160
23:56:44.170  [fg-census] DLSSG.MVecsSubrectWidth u=3840 i=3840 f=3840 d=3840 ull=3840
23:56:44.170  [fg-census] DLSSG.MenuDetectionEnabled u=0 i=0 f=0 d=0 ull=0
23:56:44.170  [fg-census] DLSSG.MinRelativeLinearDepthObjectSeparation u=40 i=40 f=40 d=40 ull=40
23:56:44.170  [fg-census] DLSSG.ModelVersion u=512 i=512 f=512 d=512 ull=512
23:56:44.170  [fg-census] DLSSG.MultiFrameCount u=1 i=1 f=1 d=1 ull=1
23:56:44.170  [fg-census] DLSSG.MultiFrameCountMax u=5 i=5 f=5 d=5 ull=5
23:56:44.170  [fg-census] DLSSG.MultiFrameIndex u=1 i=1 f=1 d=1 ull=1
23:56:44.171  [fg-census] DLSSG.MvecDilated u=0 i=0 f=0 d=0 ull=0
23:56:44.171  [fg-census] DLSSG.MvecInvalidValue u=0 i=-2147483648 f=3.40282e+38 d=3.40282347e+38 ull=9223372036854775808
23:56:44.171  [fg-census] DLSSG.MvecJittered u=0 i=0 f=0 d=0 ull=0
23:56:44.171  [fg-census] DLSSG.MvecScaleX u=3840 i=3840 f=3840 d=3840 ull=3840
23:56:44.171  [fg-census] DLSSG.MvecScaleY u=2160 i=2160 f=2160 d=2160 ull=2160
23:56:44.171  [fg-census] DLSSG.NoWarp ptr=0000000000000000
23:56:44.171  [fg-census] DLSSG.NoWarpSubrectBaseX u=0 i=0 f=0 d=0 ull=0
23:56:44.171  [fg-census] DLSSG.NoWarpSubrectBaseY u=0 i=0 f=0 d=0 ull=0
23:56:44.171  [fg-census] DLSSG.NoWarpSubrectHeight u=0 i=0 f=0 d=0 ull=0
23:56:44.171  [fg-census] DLSSG.NoWarpSubrectWidth u=0 i=0 f=0 d=0 ull=0
23:56:44.171  [fg-census] DLSSG.NotRenderingGameFrames u=0 i=0 f=0 d=0 ull=0
23:56:44.172  [fg-census] DLSSG.OrthoProjection u=0 i=0 f=0 d=0 ull=0
23:56:44.172  [fg-census] DLSSG.OutputDisableInterpolation ptr=000000268FE2ACC8
23:56:44.172  [fg-census] DLSSG.OutputInterpolated ptr=00000028ECD02C38
23:56:44.172  [fg-census] DLSSG.OutputReal ptr=00000028ECD02CF8
23:56:44.172  [fg-census] DLSSG.PrevClipToClip ptr=000000268FE2AE38 m=[1 -3.922e-07 -1.036e-11 1.03e-06 | 1.34e-07 1 -1.132e-11 1.134e-06 | 5327 9402 1.119 -1.194e+04 | 0.05302 0.09359 1.183e-06 0.8812]
23:56:44.172  [fg-census] DLSSG.QueueSubmitCallback ptr=0000000000000000
23:56:44.172  [fg-census] DLSSG.QueueSubmitCallbackData ptr=0000000000000000
23:56:44.172  [fg-census] DLSSG.RefreshRate u=119 i=119 f=119.996 d=119.996002 ull=119
23:56:44.172  [fg-census] DLSSG.Reset u=0 i=0 f=0 d=0 ull=0
23:56:44.172  [fg-census] DLSSG.StreamlineMode u=1 i=1 f=1 d=1 ull=1
23:56:44.172  [fg-census] DLSSG.StreamlineVersionTag ptr=00007FFA3978CB50
23:56:44.172  [fg-census] DLSSG.SyncFlushCallback ptr=0000000000000000
23:56:44.173  [fg-census] DLSSG.SyncFlushCallbackData ptr=0000000000000000
23:56:44.173  [fg-census] DLSSG.SyncSignalCallback ptr=0000000000000000
23:56:44.173  [fg-census] DLSSG.SyncSignalCallbackData ptr=0000000000000000
23:56:44.173  [fg-census] DLSSG.SyncSignalOnlyCallback ptr=0000000000000000
23:56:44.173  [fg-census] DLSSG.SyncSignalOnlyCallbackData ptr=0000000000000000
23:56:44.173  [fg-census] DLSSG.SyncWaitCallback ptr=0000000000000000
23:56:44.173  [fg-census] DLSSG.SyncWaitCallbackData ptr=0000000000000000
23:56:44.173  [fg-census] DLSSG.SyncWaitOnlyCallback ptr=0000000000000000
23:56:44.173  [fg-census] DLSSG.SyncWaitOnlyCallbackData ptr=0000000000000000
23:56:44.174  [fg-census] DLSSG.TargetFrameRate u=119 i=119 f=119.996 d=119.996002 ull=119
23:56:44.174  [fg-census] DLSSG.UI ptr=0000000000000000
23:56:44.174  [fg-census] DLSSG.UIAlpha ptr=0000000000000000
23:56:44.174  [fg-census] DLSSG.UIAlphaSubrectBaseX u=0 i=0 f=0 d=0 ull=0
23:56:44.174  [fg-census] DLSSG.UIAlphaSubrectBaseY u=0 i=0 f=0 d=0 ull=0
23:56:44.174  [fg-census] DLSSG.UIAlphaSubrectHeight u=0 i=0 f=0 d=0 ull=0
23:56:44.174  [fg-census] DLSSG.UIAlphaSubrectWidth u=0 i=0 f=0 d=0 ull=0
23:56:44.174  [fg-census] DLSSG.UISubrectBaseX u=0 i=0 f=0 d=0 ull=0
23:56:44.174  [fg-census] DLSSG.UISubrectBaseY u=0 i=0 f=0 d=0 ull=0
23:56:44.174  [fg-census] DLSSG.UISubrectHeight u=0 i=0 f=0 d=0 ull=0
23:56:44.174  [fg-census] DLSSG.UISubrectWidth u=0 i=0 f=0 d=0 ull=0
23:56:44.175  [fg-census] DLSSG.UserInterfaceRecompositionEnabled u=0 i=0 f=0 d=0 ull=0
23:56:44.175  [fg-census] DLSSG.VSyncDriverRequested u=1 i=1 f=1 d=1 ull=1
23:56:44.175  [fg-census] DLSSG.VSyncOn u=0 i=0 f=0 d=0 ull=0
23:56:44.175  [fg-census] DLSSG.VSyncSupported u=0 i=0 f=0 d=0 ull=0
23:56:44.175  [fg-census] DLSSG.VkOFAModeRequest u=1 i=1 f=1 d=1 ull=1
23:56:44.175  [fg-census] DLSSG.Width u=3840 i=3840 f=3840 d=3840 ull=3840
23:56:44.175  [fg-census] DLSSG.run_lowres_mvec_pass u=1 i=1 f=1 d=1 ull=1
23:56:44.175  [fg-census] pass 2 ends.
23:56:44.205  [fg-census] evaluate observed: MultiFrameIndex=1 thread=55544
23:56:44.205  [fg-census] pass 3 begins: 131 keys, types tried u/i/f/d/ull/ptr.
23:56:44.205  [fg-census] DLSSG.AutomodeOverrideReset u=0 i=0 f=0 d=0 ull=0
23:56:44.205  [fg-census] DLSSG.Backbuffer ptr=000000268FE283B8
23:56:44.205  [fg-census] DLSSG.BackbufferFormat u=37 i=37 f=37 d=37 ull=37
23:56:44.205  [fg-census] DLSSG.BackbufferFrameID ptr=0000000000000287
23:56:44.205  [fg-census] DLSSG.BackbufferSubrectBaseX u=640 i=640 f=640 d=640 ull=640
23:56:44.205  [fg-census] DLSSG.BackbufferSubrectBaseY u=0 i=0 f=0 d=0 ull=0
23:56:44.205  [fg-census] DLSSG.BackbufferSubrectHeight u=2160 i=2160 f=2160 d=2160 ull=2160
23:56:44.206  [fg-census] DLSSG.BackbufferSubrectWidth u=3840 i=3840 f=3840 d=3840 ull=3840
23:56:44.206  [fg-census] DLSSG.BidirectionalDistortionField ptr=0000000000000000
23:56:44.206  [fg-census] DLSSG.BidirectionalDistortionFieldLowPrecision.Bias u=0 i=0 f=0 d=0 ull=0
23:56:44.206  [fg-census] DLSSG.BidirectionalDistortionFieldLowPrecision.IsLowPrecision u=0 i=0 f=0 d=0 ull=0
23:56:44.206  [fg-census] DLSSG.BidirectionalDistortionFieldLowPrecision.Scale u=1 i=1 f=1 d=1 ull=1
23:56:44.206  [fg-census] DLSSG.BidirectionalDistortionFieldSubrectBaseX u=0 i=0 f=0 d=0 ull=0
23:56:44.206  [fg-census] DLSSG.BidirectionalDistortionFieldSubrectBaseY u=0 i=0 f=0 d=0 ull=0
23:56:44.206  [fg-census] DLSSG.BidirectionalDistortionFieldSubrectHeight u=0 i=0 f=0 d=0 ull=0
23:56:44.206  [fg-census] DLSSG.BidirectionalDistortionFieldSubrectWidth u=0 i=0 f=0 d=0 ull=0
23:56:44.206  [fg-census] DLSSG.CameraAspectRatio u=1 i=1 f=1.77778 d=1.77777779 ull=1
23:56:44.206  [fg-census] DLSSG.CameraFOV u=1 i=1 f=1.01229 d=1.01229095 ull=1
23:56:44.206  [fg-census] DLSSG.CameraFar u=10000 i=10000 f=10000 d=10000 ull=10000
23:56:44.206  [fg-census] DLSSG.CameraFwdX u=0 i=0 f=-0.984245 d=-0.98424542 ull=0
23:56:44.206  [fg-census] DLSSG.CameraFwdY u=0 i=0 f=-0.03085 d=-0.0308500156 ull=0
23:56:44.206  [fg-census] DLSSG.CameraFwdZ u=0 i=0 f=0.174096 d=0.174095631 ull=0
23:56:44.206  [fg-census] DLSSG.CameraMotionIncluded u=1 i=1 f=1 d=1 ull=1
23:56:44.206  [fg-census] DLSSG.CameraNear u=0 i=0 f=0.1 d=0.100000001 ull=0
23:56:44.206  [fg-census] DLSSG.CameraPinholeOffsetX u=0 i=0 f=0 d=0 ull=0
23:56:44.207  [fg-census] DLSSG.CameraPinholeOffsetY u=0 i=0 f=0 d=0 ull=0
23:56:44.207  [fg-census] DLSSG.CameraPosX u=524 i=524 f=524.902 d=524.902222 ull=524
23:56:44.207  [fg-census] DLSSG.CameraPosY u=4294966774 i=-522 f=-522.562 d=-522.562012 ull=18446744073709551094
23:56:44.207  [fg-census] DLSSG.CameraPosZ u=1189 i=1189 f=1189.79 d=1189.78662 ull=1189
23:56:44.207  [fg-census] DLSSG.CameraRightX u=0 i=0 f=0.176808 d=0.17680788 ull=0
23:56:44.207  [fg-census] DLSSG.CameraRightY u=0 i=0 f=-0.171734 d=-0.171734303 ull=0
23:56:44.207  [fg-census] DLSSG.CameraRightZ u=0 i=0 f=0.969147 d=0.969147205 ull=0
23:56:44.207  [fg-census] DLSSG.CameraUpX u=0 i=0 f=-1.49012e-08 d=-1.49011612e-08 ull=0
23:56:44.207  [fg-census] DLSSG.CameraUpY u=0 i=0 f=0.98466 d=0.984660149 ull=0
23:56:44.207  [fg-census] DLSSG.CameraUpZ u=0 i=0 f=0.174483 d=0.17448321 ull=0
23:56:44.207  [fg-census] DLSSG.CameraViewToClip ptr=000000268FE28608 m=[1.015 0 0 0 | 0 1.804 0 0 | 0 0 9.954e-06 -1 | 0 0 0.1 0]
23:56:44.207  [fg-census] DLSSG.ClipToCameraView ptr=000000268FE28648 m=[0.9854 -0 -0 0 | 0 -0.5543 -0 0 | 0 -0 -0 10 | 0 -0 -1 9.954e-05]
23:56:44.207  [fg-census] DLSSG.ClipToLensClip ptr=000000268FE28688 m=[1 0 0 0 | 0 1 0 0 | 0 0 1 0 | 0 0 0 1]
23:56:44.207  [fg-census] DLSSG.ClipToPrevClip ptr=000000268FE286C8 m=[1 0 -1.137e-13 0 | -3.725e-09 1 -5.329e-15 -3.027e-09 | -0.0009766 0 1 0 | -7.451e-09 -3.725e-08 -9.095e-13 1]
23:56:44.207  [fg-census] DLSSG.CmdAlloc ptr=00000000407123D0
23:56:44.207  [fg-census] DLSSG.CmdQueue ptr=000000002E993CD0
23:56:44.207  [fg-census] DLSSG.ColorBuffersHDR u=0 i=0 f=0 d=0 ull=0
23:56:44.208  [fg-census] DLSSG.Depth ptr=000000268FE28298
23:56:44.208  [fg-census] DLSSG.DepthInverted u=1 i=1 f=1 d=1 ull=1
23:56:44.208  [fg-census] DLSSG.DepthSubrectBaseX u=0 i=0 f=0 d=0 ull=0
23:56:44.208  [fg-census] DLSSG.DepthSubrectBaseY u=0 i=0 f=0 d=0 ull=0
23:56:44.208  [fg-census] DLSSG.DepthSubrectHeight u=2160 i=2160 f=2160 d=2160 ull=2160
23:56:44.208  [fg-census] DLSSG.DepthSubrectWidth u=3840 i=3840 f=3840 d=3840 ull=3840
23:56:44.208  [fg-census] DLSSG.Dynamic.ReflexDriven u=0 i=0 f=0 d=0 ull=0
23:56:44.208  [fg-census] DLSSG.DynamicMaxFrameCount u=5 i=5 f=5 d=5 ull=5
23:56:44.208  [fg-census] DLSSG.DynamicResolution u=0 i=0 f=0 d=0 ull=0
23:56:44.208  [fg-census] DLSSG.EnableInterp u=1 i=1 f=1 d=1 ull=1
23:56:44.208  [fg-census] DLSSG.EstimateVRAMCallback ptr=00007FF935207A90
23:56:44.208  [fg-census] DLSSG.EvalFlags u=0 i=0 f=0 d=0 ull=0
23:56:44.208  [fg-census] DLSSG.FenceEvent ptr=0000000000000000
23:56:44.208  [fg-census] DLSSG.FlipMetering u=0 i=0 f=0 d=0 ull=0
23:56:44.209  [fg-census] DLSSG.HUDLess ptr=000000268FE28418
23:56:44.209  [fg-census] DLSSG.HUDLessSubrectBaseX u=0 i=0 f=0 d=0 ull=0
23:56:44.209  [fg-census] DLSSG.HUDLessSubrectBaseY u=0 i=0 f=0 d=0 ull=0
23:56:44.209  [fg-census] DLSSG.HUDLessSubrectHeight u=2160 i=2160 f=2160 d=2160 ull=2160
23:56:44.209  [fg-census] DLSSG.HUDLessSubrectWidth u=3840 i=3840 f=3840 d=3840 ull=3840
23:56:44.209  [fg-census] DLSSG.Height u=2160 i=2160 f=2160 d=2160 ull=2160
23:56:44.209  [fg-census] DLSSG.InternalHeight u=0 i=0 f=0 d=0 ull=0
23:56:44.209  [fg-census] DLSSG.InternalWidth u=0 i=0 f=0 d=0 ull=0
23:56:44.209  [fg-census] DLSSG.IsRecording u=1 i=1 f=1 d=1 ull=1
23:56:44.209  [fg-census] DLSSG.JitterOffsetX u=0 i=0 f=0.125 d=0.125 ull=0
23:56:44.209  [fg-census] DLSSG.JitterOffsetY u=0 i=0 f=0.277778 d=0.277777791 ull=0
23:56:44.209  [fg-census] DLSSG.MVecs ptr=000000268FE282F8
23:56:44.209  [fg-census] DLSSG.MVecsSubrectBaseX u=0 i=0 f=0 d=0 ull=0
23:56:44.209  [fg-census] DLSSG.MVecsSubrectBaseY u=0 i=0 f=0 d=0 ull=0
23:56:44.209  [fg-census] DLSSG.MVecsSubrectHeight u=2160 i=2160 f=2160 d=2160 ull=2160
23:56:44.209  [fg-census] DLSSG.MVecsSubrectWidth u=3840 i=3840 f=3840 d=3840 ull=3840
23:56:44.209  [fg-census] DLSSG.MenuDetectionEnabled u=0 i=0 f=0 d=0 ull=0
23:56:44.209  [fg-census] DLSSG.MinRelativeLinearDepthObjectSeparation u=40 i=40 f=40 d=40 ull=40
23:56:44.209  [fg-census] DLSSG.ModelVersion u=512 i=512 f=512 d=512 ull=512
23:56:44.209  [fg-census] DLSSG.MultiFrameCount u=1 i=1 f=1 d=1 ull=1
23:56:44.210  [fg-census] DLSSG.MultiFrameCountMax u=5 i=5 f=5 d=5 ull=5
23:56:44.210  [fg-census] DLSSG.MultiFrameIndex u=1 i=1 f=1 d=1 ull=1
23:56:44.210  [fg-census] DLSSG.MvecDilated u=0 i=0 f=0 d=0 ull=0
23:56:44.210  [fg-census] DLSSG.MvecInvalidValue u=0 i=-2147483648 f=3.40282e+38 d=3.40282347e+38 ull=9223372036854775808
23:56:44.210  [fg-census] DLSSG.MvecJittered u=0 i=0 f=0 d=0 ull=0
23:56:44.210  [fg-census] DLSSG.MvecScaleX u=3840 i=3840 f=3840 d=3840 ull=3840
23:56:44.210  [fg-census] DLSSG.MvecScaleY u=2160 i=2160 f=2160 d=2160 ull=2160
23:56:44.210  [fg-census] DLSSG.NoWarp ptr=0000000000000000
23:56:44.210  [fg-census] DLSSG.NoWarpSubrectBaseX u=0 i=0 f=0 d=0 ull=0
23:56:44.210  [fg-census] DLSSG.NoWarpSubrectBaseY u=0 i=0 f=0 d=0 ull=0
23:56:44.210  [fg-census] DLSSG.NoWarpSubrectHeight u=0 i=0 f=0 d=0 ull=0
23:56:44.210  [fg-census] DLSSG.NoWarpSubrectWidth u=0 i=0 f=0 d=0 ull=0
23:56:44.210  [fg-census] DLSSG.NotRenderingGameFrames u=0 i=0 f=0 d=0 ull=0
23:56:44.210  [fg-census] DLSSG.OrthoProjection u=0 i=0 f=0 d=0 ull=0
23:56:44.210  [fg-census] DLSSG.OutputDisableInterpolation ptr=000000268FE28598
23:56:44.210  [fg-census] DLSSG.OutputInterpolated ptr=00000028ECD02C38
23:56:44.211  [fg-census] DLSSG.OutputReal ptr=00000028ECD02CF8
23:56:44.211  [fg-census] DLSSG.PrevClipToClip ptr=000000268FE28708 m=[1 0 1.137e-13 0 | 3.725e-09 1 5.329e-15 3.027e-09 | 0.0009766 0 1 0 | 7.451e-09 3.725e-08 9.095e-13 1]
23:56:44.211  [fg-census] DLSSG.QueueSubmitCallback ptr=0000000000000000
23:56:44.211  [fg-census] DLSSG.QueueSubmitCallbackData ptr=0000000000000000
23:56:44.211  [fg-census] DLSSG.RefreshRate u=119 i=119 f=119.996 d=119.996002 ull=119
23:56:44.211  [fg-census] DLSSG.Reset u=0 i=0 f=0 d=0 ull=0
23:56:44.211  [fg-census] DLSSG.StreamlineMode u=1 i=1 f=1 d=1 ull=1
23:56:44.211  [fg-census] DLSSG.StreamlineVersionTag ptr=00007FFA3978CB50
23:56:44.211  [fg-census] DLSSG.SyncFlushCallback ptr=0000000000000000
23:56:44.211  [fg-census] DLSSG.SyncFlushCallbackData ptr=0000000000000000
23:56:44.211  [fg-census] DLSSG.SyncSignalCallback ptr=0000000000000000
23:56:44.211  [fg-census] DLSSG.SyncSignalCallbackData ptr=0000000000000000
23:56:44.211  [fg-census] DLSSG.SyncSignalOnlyCallback ptr=0000000000000000
23:56:44.211  [fg-census] DLSSG.SyncSignalOnlyCallbackData ptr=0000000000000000
23:56:44.211  [fg-census] DLSSG.SyncWaitCallback ptr=0000000000000000
23:56:44.211  [fg-census] DLSSG.SyncWaitCallbackData ptr=0000000000000000
23:56:44.211  [fg-census] DLSSG.SyncWaitOnlyCallback ptr=0000000000000000
23:56:44.211  [fg-census] DLSSG.SyncWaitOnlyCallbackData ptr=0000000000000000
23:56:44.212  [fg-census] DLSSG.TargetFrameRate u=119 i=119 f=119.996 d=119.996002 ull=119
23:56:44.212  [fg-census] DLSSG.UI ptr=0000000000000000
23:56:44.212  [fg-census] DLSSG.UIAlpha ptr=0000000000000000
23:56:44.212  [fg-census] DLSSG.UIAlphaSubrectBaseX u=0 i=0 f=0 d=0 ull=0
23:56:44.212  [fg-census] DLSSG.UIAlphaSubrectBaseY u=0 i=0 f=0 d=0 ull=0
23:56:44.212  [fg-census] DLSSG.UIAlphaSubrectHeight u=0 i=0 f=0 d=0 ull=0
23:56:44.212  [fg-census] DLSSG.UIAlphaSubrectWidth u=0 i=0 f=0 d=0 ull=0
23:56:44.212  [fg-census] DLSSG.UISubrectBaseX u=0 i=0 f=0 d=0 ull=0
23:56:44.212  [fg-census] DLSSG.UISubrectBaseY u=0 i=0 f=0 d=0 ull=0
23:56:44.212  [fg-census] DLSSG.UISubrectHeight u=0 i=0 f=0 d=0 ull=0
23:56:44.212  [fg-census] DLSSG.UISubrectWidth u=0 i=0 f=0 d=0 ull=0
23:56:44.212  [fg-census] DLSSG.UserInterfaceRecompositionEnabled u=0 i=0 f=0 d=0 ull=0
23:56:44.212  [fg-census] DLSSG.VSyncDriverRequested u=1 i=1 f=1 d=1 ull=1
23:56:44.212  [fg-census] DLSSG.VSyncOn u=0 i=0 f=0 d=0 ull=0
23:56:44.212  [fg-census] DLSSG.VSyncSupported u=0 i=0 f=0 d=0 ull=0
23:56:44.212  [fg-census] DLSSG.VkOFAModeRequest u=1 i=1 f=1 d=1 ull=1
23:56:44.212  [fg-census] DLSSG.Width u=3840 i=3840 f=3840 d=3840 ull=3840
23:56:44.212  [fg-census] DLSSG.run_lowres_mvec_pass u=1 i=1 f=1 d=1 ull=1
23:56:44.212  [fg-census] pass 3 ends.
23:56:44.291  === Vulkan CreateFeature1 #11  feature_id=18  VkDevice=000000002FBE00D0  thread 65156 ===
23:56:44.291  === Vulkan CreateFeature1 #11 returned -1160773630, handle=0000000000000000 ===
23:56:48.292  === Vulkan CreateFeature1 #12  feature_id=18  VkDevice=000000002FBE00D0  thread 65156 ===
23:56:48.293  === Vulkan CreateFeature1 #12 returned -1160773630, handle=0000000000000000 ===
23:56:54.237  qpc=3577108846630 [focus-fg] state: enabled=1 hooked=1 foreground=1 minimized=0 hwnd=0000000021632F4C scope_calls=768 original_false=0 kept=0 presents=1411 FG_evaluates=768
23:56:55.202  [fg-relay] rate/15.0s p2 import_opt=1: presents=58.1/s present-gate[point=58.1 ready=0.0 fallback=0.0 inactive=0.0]/s noinfo=0.0/s stale=0.0/s unlearned=0.0/s attempts=0.0/s armed=0.0/s skipped=0.0/s busy=0.0/s arm-reject[state=0.0 request=0.0 refused=0.0 stopping=0.0 res=0.0 size=0.0]/s pool[cap=0.0 family=0.0 create=0.0 alloc=0.0]/s copy-drop[fence=0.0 reset=0.0 begin=0.0 end=0.0 submit=0.0]/s cf[seq=0.0/s idle=0.0/s nrfence=0.0/s] slotbusy=0.0/s copyfence-busy=0.0/s nr-gpuwait=0.0/s flips=0.0/s
23:56:55.202  [fg-relay] rate2: fginput eval=57.3/s index!=1=0.0/s eval-gate[off=0.0 fallback=0.0 notready=57.3 noinput=0.0 noqueue=0.0]/s relay eval=0.0/s consume=0.0/s inplace=0.0/s(ok 0.0/s) unarmed=0.0/s mismatch=0.0/s relbusy=0.0/s relok=0.0/s relfail=0.0/s release-stage[queue=0.0 pool=0.0 fence=0.0 reset=0.0 begin=0.0 end=0.0 submit=0.0]/s watchdog=0.0/s | worker plays=0.0/s ok=0.0/s fail=0.0/s nr_absent=0.0/s copyfail=0.0/s
23:56:55.203  [fg-relay] rate3: arm->arm avg=0.00ms max=0.00ms n=0 | arm->work avg=0.00ms max=0.00ms | arm->eval avg=0.00ms max=0.00ms | copywait avg=0.000ms max=0.000ms | copy-land<= avg=0.00ms max=0.00ms | work avg=0.00ms max=0.00ms | totals armed=0 unarmed=0 skipped=0 busy=0 mismatch=0 copies_failed=0 writes=0 conflicts=0
23:56:55.203  [fg-relay] rate4: throttle depth=1 off=0 | sleep calls=58.1/s waits=0.0/s clear=0.0/s timeouts=0.0/s avg=0.00ms | present calls=58.1/s waits=0.0/s clear=0.0/s timeouts=0.0/s avg=0.00ms | max=0.00ms (process)
23:56:56.297  === Vulkan CreateFeature1 #13  feature_id=18  VkDevice=000000002FBE00D0  thread 65156 ===
23:56:56.298  === Vulkan CreateFeature1 #13 returned -1160773630, handle=0000000000000000 ===
23:57:03.240  
23:57:03.240  60 seconds after hooking, nothing has called DLSS through these entry points.
23:57:03.240    CreateFeature calls: 13, EvaluateFeature calls: 0
23:57:03.240    nvngx_dlss.dll is not loaded, so no DLSS model has been asked for yet.
23:57:03.240    sl.interposer.dll is, so an upscaler runtime is initialised and idle.
23:57:03.241    Something has to ask for upscaling before anything here can run: the
23:57:03.241    game's own setting, a mod's setting, or the mod not having loaded.
23:57:04.722  qpc=3577213683057 [focus-fg] game SetOptions unchanged: readable=1 version=4 mode=0 generated=1 flags=0x8 retain_when_off=1 guides=0x0 colour=0x0 result=0x0 foreground=1 minimized=0
23:57:09.254  qpc=3577259018261 [focus-fg] state: enabled=1 hooked=1 foreground=1 minimized=0 hwnd=0000000021632F4C scope_calls=1747 original_false=0 kept=0 presents=2881 FG_evaluates=1747
23:57:09.579  qpc=3577262251078 [focus-fg] game SetOptions unchanged: readable=1 version=4 mode=1 generated=1 flags=0x0 retain_when_off=0 guides=0x0 colour=0x0 result=0x0 foreground=1 minimized=0
23:57:10.204  [fg-relay] rate/15.0s p2 import_opt=1: presents=97.9/s present-gate[point=97.9 ready=0.0 fallback=0.0 inactive=0.0]/s noinfo=0.0/s stale=0.0/s unlearned=0.0/s attempts=0.0/s armed=0.0/s skipped=0.0/s busy=0.0/s arm-reject[state=0.0 request=0.0 refused=0.0 stopping=0.0 res=0.0 size=0.0]/s pool[cap=0.0 family=0.0 create=0.0 alloc=0.0]/s copy-drop[fence=0.0 reset=0.0 begin=0.0 end=0.0 submit=0.0]/s cf[seq=0.0/s idle=0.0/s nrfence=0.0/s] slotbusy=0.0/s copyfence-busy=0.0/s nr-gpuwait=0.0/s flips=0.0/s
23:57:10.204  [fg-relay] rate2: fginput eval=62.9/s index!=1=0.0/s eval-gate[off=0.0 fallback=0.0 notready=62.9 noinput=0.0 noqueue=0.0]/s relay eval=0.0/s consume=0.0/s inplace=0.0/s(ok 0.0/s) unarmed=0.0/s mismatch=0.0/s relbusy=0.0/s relok=0.0/s relfail=0.0/s release-stage[queue=0.0 pool=0.0 fence=0.0 reset=0.0 begin=0.0 end=0.0 submit=0.0]/s watchdog=0.0/s | worker plays=0.0/s ok=0.0/s fail=0.0/s nr_absent=0.0/s copyfail=0.0/s
23:57:10.204  [fg-relay] rate3: arm->arm avg=0.00ms max=0.00ms n=0 | arm->work avg=0.00ms max=0.00ms | arm->eval avg=0.00ms max=0.00ms | copywait avg=0.000ms max=0.000ms | copy-land<= avg=0.00ms max=0.00ms | work avg=0.00ms max=0.00ms | totals armed=0 unarmed=0 skipped=0 busy=0 mismatch=0 copies_failed=0 writes=0 conflicts=0
23:57:10.204  [fg-relay] rate4: throttle depth=1 off=0 | sleep calls=97.9/s waits=0.0/s clear=0.0/s timeouts=0.0/s avg=0.00ms | present calls=97.9/s waits=0.0/s clear=0.0/s timeouts=0.0/s avg=0.00ms | max=0.00ms (process)
23:57:10.971  qpc=3577276167246 [focus-fg] game SetOptions unchanged: readable=1 version=4 mode=0 generated=1 flags=0x8 retain_when_off=1 guides=0x0 colour=0x0 result=0x0 foreground=1 minimized=0
23:57:17.697  === Vulkan CreateFeature1 #14  feature_id=1  VkDevice=000000002FBE00D0  thread 65156 ===
23:57:17.716  [feature-lifecycle] Vulkan created feature=1 handle=000000294E186030 generation=4 live=3
23:57:17.716  === Vulkan CreateFeature1 #14 returned 1, handle=000000294E186030 ===
23:57:17.716  [vkmirror] the game's create states 2560x1440 -> 3840x2160. That is the shape the mirror will use, in preference to the four scalars its evaluates carry.
23:57:17.717  === Vulkan CreateFeature1 #15  feature_id=18  VkDevice=000000002FBE00D0  thread 65156 ===
23:57:17.717  === Vulkan CreateFeature1 #15 returned -1160773630, handle=0000000000000000 ===
23:57:17.720  qpc=3577343654547 [focus-fg] game SetOptions unchanged: readable=1 version=4 mode=1 generated=1 flags=0x0 retain_when_off=0 guides=0x0 colour=0x0 result=0x0 foreground=1 minimized=0
23:57:17.728  === Vulkan CreateFeature1 #16  feature_id=18  VkDevice=000000002FBE00D0  thread 65156 ===
23:57:17.728  === Vulkan CreateFeature1 #16 returned -1160773630, handle=0000000000000000 ===
23:57:17.753  [feature-lifecycle] Vulkan release handle=000000280D9F15F0 feature=1 generation=2 result=1 removed=1
23:57:18.747  === Vulkan CreateFeature1 #17  feature_id=18  VkDevice=000000002FBE00D0  thread 65156 ===
23:57:18.748  === Vulkan CreateFeature1 #17 returned -1160773630, handle=0000000000000000 ===
23:57:18.762  qpc=3577354081541 [focus-fg] game SetOptions unchanged: readable=1 version=4 mode=0 generated=1 flags=0x8 retain_when_off=1 guides=0x0 colour=0x0 result=0x0 foreground=1 minimized=0
23:57:24.253  qpc=3577409010356 [focus-fg] state: enabled=1 hooked=1 foreground=1 minimized=0 hwnd=0000000021632F4C scope_calls=1970 original_false=0 kept=0 presents=4532 FG_evaluates=1970
23:57:25.202  [fg-relay] rate/15.0s p2 import_opt=1: presents=111.7/s present-gate[point=111.7 ready=0.0 fallback=0.0 inactive=0.0]/s noinfo=0.0/s stale=0.0/s unlearned=0.0/s attempts=0.0/s armed=0.0/s skipped=0.0/s busy=0.0/s arm-reject[state=0.0 request=0.0 refused=0.0 stopping=0.0 res=0.0 size=0.0]/s pool[cap=0.0 family=0.0 create=0.0 alloc=0.0]/s copy-drop[fence=0.0 reset=0.0 begin=0.0 end=0.0 submit=0.0]/s cf[seq=0.0/s idle=0.0/s nrfence=0.0/s] slotbusy=0.0/s copyfence-busy=0.0/s nr-gpuwait=0.0/s flips=0.0/s
23:57:25.202  [fg-relay] rate2: fginput eval=11.2/s index!=1=0.0/s eval-gate[off=0.0 fallback=0.0 notready=11.2 noinput=0.0 noqueue=0.0]/s relay eval=0.0/s consume=0.0/s inplace=0.0/s(ok 0.0/s) unarmed=0.0/s mismatch=0.0/s relbusy=0.0/s relok=0.0/s relfail=0.0/s release-stage[queue=0.0 pool=0.0 fence=0.0 reset=0.0 begin=0.0 end=0.0 submit=0.0]/s watchdog=0.0/s | worker plays=0.0/s ok=0.0/s fail=0.0/s nr_absent=0.0/s copyfail=0.0/s
23:57:25.202  [fg-relay] rate3: arm->arm avg=0.00ms max=0.00ms n=0 | arm->work avg=0.00ms max=0.00ms | arm->eval avg=0.00ms max=0.00ms | copywait avg=0.000ms max=0.000ms | copy-land<= avg=0.00ms max=0.00ms | work avg=0.00ms max=0.00ms | totals armed=0 unarmed=0 skipped=0 busy=0 mismatch=0 copies_failed=0 writes=0 conflicts=0
23:57:25.202  [fg-relay] rate4: throttle depth=1 off=0 | sleep calls=111.6/s waits=0.0/s clear=0.0/s timeouts=0.0/s avg=0.00ms | present calls=111.7/s waits=0.0/s clear=0.0/s timeouts=0.0/s avg=0.00ms | max=0.00ms (process)
23:57:31.764  === Vulkan CreateFeature1 #18  feature_id=1  VkDevice=000000002FBE00D0  thread 65156 ===
23:57:31.776  [feature-lifecycle] Vulkan created feature=1 handle=000000280D9F15F0 generation=5 live=3
23:57:31.776  === Vulkan CreateFeature1 #18 returned 1, handle=000000280D9F15F0 ===
23:57:31.776  [vkmirror] the game's create states 3840x2160 -> 3840x2160. That is the shape the mirror will use, in preference to the four scalars its evaluates carry.
23:57:31.777  === Vulkan CreateFeature1 #19  feature_id=18  VkDevice=000000002FBE00D0  thread 65156 ===
23:57:31.777  === Vulkan CreateFeature1 #19 returned -1160773630, handle=0000000000000000 ===
23:57:31.779  qpc=3577484251827 [focus-fg] game SetOptions unchanged: readable=1 version=4 mode=1 generated=3 flags=0x0 retain_when_off=0 guides=0x0 colour=0x0 result=0x0 foreground=1 minimized=0
23:57:31.787  === Vulkan CreateFeature1 #20  feature_id=18  VkDevice=000000002FBE00D0  thread 65156 ===
23:57:31.787  === Vulkan CreateFeature1 #20 returned -1160773630, handle=0000000000000000 ===
23:57:31.813  [feature-lifecycle] Vulkan release handle=000000294E186030 feature=1 generation=4 result=1 removed=1
23:57:32.789  === Vulkan CreateFeature1 #21  feature_id=18  VkDevice=000000002FBE00D0  thread 65156 ===
23:57:32.789  === Vulkan CreateFeature1 #21 returned -1160773630, handle=0000000000000000 ===
23:57:34.790  === Vulkan CreateFeature1 #22  feature_id=18  VkDevice=000000002FBE00D0  thread 65156 ===
23:57:34.791  === Vulkan CreateFeature1 #22 returned -1160773630, handle=0000000000000000 ===
23:57:35.254  qpc=3577519019890 [focus-fg] state: enabled=1 hooked=1 foreground=0 minimized=0 hwnd=0000000021632F4C scope_calls=2236 original_false=41 kept=41 presents=5681 FG_evaluates=2768
23:57:38.797  === Vulkan CreateFeature1 #23  feature_id=18  VkDevice=000000002FBE00D0  thread 65156 ===
23:57:38.797  === Vulkan CreateFeature1 #23 returned -1160773630, handle=0000000000000000 ===
23:57:40.213  [fg-relay] rate/15.0s p2 import_opt=1: presents=97.3/s present-gate[point=97.3 ready=0.0 fallback=0.0 inactive=0.0]/s noinfo=0.0/s stale=0.0/s unlearned=0.0/s attempts=0.0/s armed=0.0/s skipped=0.0/s busy=0.0/s arm-reject[state=0.0 request=0.0 refused=0.0 stopping=0.0 res=0.0 size=0.0]/s pool[cap=0.0 family=0.0 create=0.0 alloc=0.0]/s copy-drop[fence=0.0 reset=0.0 begin=0.0 end=0.0 submit=0.0]/s cf[seq=0.0/s idle=0.0/s nrfence=0.0/s] slotbusy=0.0/s copyfence-busy=0.0/s nr-gpuwait=0.0/s flips=0.0/s
23:57:40.213  [fg-relay] rate2: fginput eval=135.9/s index!=1=90.6/s eval-gate[off=0.0 fallback=0.0 notready=45.3 noinput=0.0 noqueue=0.0]/s relay eval=0.0/s consume=0.0/s inplace=0.0/s(ok 0.0/s) unarmed=0.0/s mismatch=0.0/s relbusy=0.0/s relok=0.0/s relfail=0.0/s release-stage[queue=0.0 pool=0.0 fence=0.0 reset=0.0 begin=0.0 end=0.0 submit=0.0]/s watchdog=0.0/s | worker plays=0.0/s ok=0.0/s fail=0.0/s nr_absent=0.0/s copyfail=0.0/s
23:57:40.214  [fg-relay] rate3: arm->arm avg=0.00ms max=0.00ms n=0 | arm->work avg=0.00ms max=0.00ms | arm->eval avg=0.00ms max=0.00ms | copywait avg=0.000ms max=0.000ms | copy-land<= avg=0.00ms max=0.00ms | work avg=0.00ms max=0.00ms | totals armed=0 unarmed=0 skipped=0 busy=0 mismatch=0 copies_failed=0 writes=0 conflicts=0
23:57:40.214  [fg-relay] rate4: throttle depth=1 off=0 | sleep calls=97.3/s waits=0.0/s clear=0.0/s timeouts=0.0/s avg=0.00ms | present calls=97.3/s waits=0.0/s clear=0.0/s timeouts=0.0/s avg=0.00ms | max=0.00ms (process)
23:57:46.805  === Vulkan CreateFeature1 #24  feature_id=18  VkDevice=000000002FBE00D0  thread 65156 ===
23:57:46.806  === Vulkan CreateFeature1 #24 returned -1160773630, handle=0000000000000000 ===
23:57:50.255  qpc=3577669030733 [focus-fg] state: enabled=1 hooked=1 foreground=0 minimized=0 hwnd=0000000021632F4C scope_calls=3497 original_false=1302 kept=1302 presents=6951 FG_evaluates=6548
23:57:55.208  [fg-relay] rate/15.0s p2 import_opt=1: presents=84.2/s present-gate[point=84.2 ready=0.0 fallback=0.0 inactive=0.0]/s noinfo=0.0/s stale=0.0/s unlearned=0.0/s attempts=0.0/s armed=0.0/s skipped=0.0/s busy=0.0/s arm-reject[state=0.0 request=0.0 refused=0.0 stopping=0.0 res=0.0 size=0.0]/s pool[cap=0.0 family=0.0 create=0.0 alloc=0.0]/s copy-drop[fence=0.0 reset=0.0 begin=0.0 end=0.0 submit=0.0]/s cf[seq=0.0/s idle=0.0/s nrfence=0.0/s] slotbusy=0.0/s copyfence-busy=0.0/s nr-gpuwait=0.0/s flips=0.0/s
23:57:55.208  [fg-relay] rate2: fginput eval=252.7/s index!=1=168.5/s eval-gate[off=0.0 fallback=0.0 notready=84.2 noinput=0.0 noqueue=0.0]/s relay eval=0.0/s consume=0.0/s inplace=0.0/s(ok 0.0/s) unarmed=0.0/s mismatch=0.0/s relbusy=0.0/s relok=0.0/s relfail=0.0/s release-stage[queue=0.0 pool=0.0 fence=0.0 reset=0.0 begin=0.0 end=0.0 submit=0.0]/s watchdog=0.0/s | worker plays=0.0/s ok=0.0/s fail=0.0/s nr_absent=0.0/s copyfail=0.0/s
23:57:55.208  [fg-relay] rate3: arm->arm avg=0.00ms max=0.00ms n=0 | arm->work avg=0.00ms max=0.00ms | arm->eval avg=0.00ms max=0.00ms | copywait avg=0.000ms max=0.000ms | copy-land<= avg=0.00ms max=0.00ms | work avg=0.00ms max=0.00ms | totals armed=0 unarmed=0 skipped=0 busy=0 mismatch=0 copies_failed=0 writes=0 conflicts=0
23:57:55.208  [fg-relay] rate4: throttle depth=1 off=0 | sleep calls=84.2/s waits=0.0/s clear=0.0/s timeouts=0.0/s avg=0.00ms | present calls=84.2/s waits=0.0/s clear=0.0/s timeouts=0.0/s avg=0.00ms | max=0.00ms (process)
23:58:02.814  === Vulkan CreateFeature1 #25  feature_id=18  VkDevice=000000002FBE00D0  thread 65156 ===
23:58:02.815  === Vulkan CreateFeature1 #25 returned -1160773630, handle=0000000000000000 ===
23:58:05.256  qpc=3577819038494 [focus-fg] state: enabled=1 hooked=1 foreground=0 minimized=0 hwnd=0000000021632F4C scope_calls=4771 original_false=2576 kept=2576 presents=8225 FG_evaluates=10373
23:58:10.211  [fg-relay] rate/15.0s p2 import_opt=1: presents=85.2/s present-gate[point=85.2 ready=0.0 fallback=0.0 inactive=0.0]/s noinfo=0.0/s stale=0.0/s unlearned=0.0/s attempts=0.0/s armed=0.0/s skipped=0.0/s busy=0.0/s arm-reject[state=0.0 request=0.0 refused=0.0 stopping=0.0 res=0.0 size=0.0]/s pool[cap=0.0 family=0.0 create=0.0 alloc=0.0]/s copy-drop[fence=0.0 reset=0.0 begin=0.0 end=0.0 submit=0.0]/s cf[seq=0.0/s idle=0.0/s nrfence=0.0/s] slotbusy=0.0/s copyfence-busy=0.0/s nr-gpuwait=0.0/s flips=0.0/s
23:58:10.211  [fg-relay] rate2: fginput eval=255.6/s index!=1=170.4/s eval-gate[off=0.0 fallback=0.0 notready=85.2 noinput=0.0 noqueue=0.0]/s relay eval=0.0/s consume=0.0/s inplace=0.0/s(ok 0.0/s) unarmed=0.0/s mismatch=0.0/s relbusy=0.0/s relok=0.0/s relfail=0.0/s release-stage[queue=0.0 pool=0.0 fence=0.0 reset=0.0 begin=0.0 end=0.0 submit=0.0]/s watchdog=0.0/s | worker plays=0.0/s ok=0.0/s fail=0.0/s nr_absent=0.0/s copyfail=0.0/s
23:58:10.211  [fg-relay] rate3: arm->arm avg=0.00ms max=0.00ms n=0 | arm->work avg=0.00ms max=0.00ms | arm->eval avg=0.00ms max=0.00ms | copywait avg=0.000ms max=0.000ms | copy-land<= avg=0.00ms max=0.00ms | work avg=0.00ms max=0.00ms | totals armed=0 unarmed=0 skipped=0 busy=0 mismatch=0 copies_failed=0 writes=0 conflicts=0
23:58:10.211  [fg-relay] rate4: throttle depth=1 off=0 | sleep calls=85.2/s waits=0.0/s clear=0.0/s timeouts=0.0/s avg=0.00ms | present calls=85.2/s waits=0.0/s clear=0.0/s timeouts=0.0/s avg=0.00ms | max=0.00ms (process)
23:58:20.260  qpc=3577969076275 [focus-fg] state: enabled=1 hooked=1 foreground=0 minimized=0 hwnd=0000000021632F4C scope_calls=6041 original_false=3846 kept=3846 presents=9495 FG_evaluates=14183
23:58:25.211  [fg-relay] rate/15.0s p2 import_opt=1: presents=84.8/s present-gate[point=84.8 ready=0.0 fallback=0.0 inactive=0.0]/s noinfo=0.0/s stale=0.0/s unlearned=0.0/s attempts=0.0/s armed=0.0/s skipped=0.0/s busy=0.0/s arm-reject[state=0.0 request=0.0 refused=0.0 stopping=0.0 res=0.0 size=0.0]/s pool[cap=0.0 family=0.0 create=0.0 alloc=0.0]/s copy-drop[fence=0.0 reset=0.0 begin=0.0 end=0.0 submit=0.0]/s cf[seq=0.0/s idle=0.0/s nrfence=0.0/s] slotbusy=0.0/s copyfence-busy=0.0/s nr-gpuwait=0.0/s flips=0.0/s
23:58:25.211  [fg-relay] rate2: fginput eval=254.4/s index!=1=169.6/s eval-gate[off=0.0 fallback=0.0 notready=84.8 noinput=0.0 noqueue=0.0]/s relay eval=0.0/s consume=0.0/s inplace=0.0/s(ok 0.0/s) unarmed=0.0/s mismatch=0.0/s relbusy=0.0/s relok=0.0/s relfail=0.0/s release-stage[queue=0.0 pool=0.0 fence=0.0 reset=0.0 begin=0.0 end=0.0 submit=0.0]/s watchdog=0.0/s | worker plays=0.0/s ok=0.0/s fail=0.0/s nr_absent=0.0/s copyfail=0.0/s
23:58:25.211  [fg-relay] rate3: arm->arm avg=0.00ms max=0.00ms n=0 | arm->work avg=0.00ms max=0.00ms | arm->eval avg=0.00ms max=0.00ms | copywait avg=0.000ms max=0.000ms | copy-land<= avg=0.00ms max=0.00ms | work avg=0.00ms max=0.00ms | totals armed=0 unarmed=0 skipped=0 busy=0 mismatch=0 copies_failed=0 writes=0 conflicts=0
23:58:25.211  [fg-relay] rate4: throttle depth=1 off=0 | sleep calls=84.8/s waits=0.0/s clear=0.0/s timeouts=0.0/s avg=0.00ms | present calls=84.8/s waits=0.0/s clear=0.0/s timeouts=0.0/s avg=0.00ms | max=0.00ms (process)
23:58:32.825  === Vulkan CreateFeature1 #26  feature_id=18  VkDevice=000000002FBE00D0  thread 65156 ===
23:58:32.826  === Vulkan CreateFeature1 #26 returned -1160773630, handle=0000000000000000 ===
23:58:36.253  qpc=3578129004197 [focus-fg] state: enabled=1 hooked=1 foreground=0 minimized=0 hwnd=0000000021632F4C scope_calls=7401 original_false=5206 kept=5206 presents=10855 FG_evaluates=18263
23:58:40.208  [fg-relay] rate/15.0s p2 import_opt=1: presents=85.1/s present-gate[point=85.1 ready=0.0 fallback=0.0 inactive=0.0]/s noinfo=0.0/s stale=0.0/s unlearned=0.0/s attempts=0.0/s armed=0.0/s skipped=0.0/s busy=0.0/s arm-reject[state=0.0 request=0.0 refused=0.0 stopping=0.0 res=0.0 size=0.0]/s pool[cap=0.0 family=0.0 create=0.0 alloc=0.0]/s copy-drop[fence=0.0 reset=0.0 begin=0.0 end=0.0 submit=0.0]/s cf[seq=0.0/s idle=0.0/s nrfence=0.0/s] slotbusy=0.0/s copyfence-busy=0.0/s nr-gpuwait=0.0/s flips=0.0/s
23:58:40.208  [fg-relay] rate2: fginput eval=255.2/s index!=1=170.1/s eval-gate[off=0.0 fallback=0.0 notready=85.1 noinput=0.0 noqueue=0.0]/s relay eval=0.0/s consume=0.0/s inplace=0.0/s(ok 0.0/s) unarmed=0.0/s mismatch=0.0/s relbusy=0.0/s relok=0.0/s relfail=0.0/s release-stage[queue=0.0 pool=0.0 fence=0.0 reset=0.0 begin=0.0 end=0.0 submit=0.0]/s watchdog=0.0/s | worker plays=0.0/s ok=0.0/s fail=0.0/s nr_absent=0.0/s copyfail=0.0/s
23:58:40.208  [fg-relay] rate3: arm->arm avg=0.00ms max=0.00ms n=0 | arm->work avg=0.00ms max=0.00ms | arm->eval avg=0.00ms max=0.00ms | copywait avg=0.000ms max=0.000ms | copy-land<= avg=0.00ms max=0.00ms | work avg=0.00ms max=0.00ms | totals armed=0 unarmed=0 skipped=0 busy=0 mismatch=0 copies_failed=0 writes=0 conflicts=0
23:58:40.208  [fg-relay] rate4: throttle depth=1 off=0 | sleep calls=85.1/s waits=0.0/s clear=0.0/s timeouts=0.0/s avg=0.00ms | present calls=85.1/s waits=0.0/s clear=0.0/s timeouts=0.0/s avg=0.00ms | max=0.00ms (process)
23:58:46.042  qpc=3578226880855 [focus-fg] game SetOptions unchanged: readable=1 version=4 mode=0 generated=1 flags=0x8 retain_when_off=1 guides=0x0 colour=0x0 result=0x0 foreground=1 minimized=0
23:58:46.252  qpc=3578228995549 [focus-fg] state: enabled=1 hooked=1 foreground=1 minimized=0 hwnd=0000000021632F4C scope_calls=8224 original_false=5985 kept=5985 presents=11704 FG_evaluates=20732
23:58:48.426  [vkmirror] the game is destroying the effect runtime, so the mirror stops and everything imported onto its VkDevice is released before the device is.
23:58:48.433  [fg-relay] shutdown has no relay session or GPU objects; the next runtime can open its first relay.
23:58:48.442  [vkmirror] ReShade created an effect runtime on Vulkan. The mirror takes it.
23:58:48.443  [vkmirror] a new ReShade effect runtime exists, so the mirror is armed again and rebuilds on the next evaluate.
23:58:48.481  [fg-relay] shutdown has no relay session or GPU objects; the next runtime can open its first relay.
23:58:48.489  [vkmirror] ReShade created an effect runtime on Vulkan. The mirror takes it.
23:58:48.490  [vkmirror] a new ReShade effect runtime exists, so the mirror is armed again and rebuilds on the next evaluate.
23:58:55.204  [fg-relay] rate/15.0s p2 import_opt=1: presents=102.2/s present-gate[point=102.2 ready=0.0 fallback=0.0 inactive=0.0]/s noinfo=0.0/s stale=0.0/s unlearned=0.0/s attempts=0.0/s armed=0.0/s skipped=0.0/s busy=0.0/s arm-reject[state=0.0 request=0.0 refused=0.0 stopping=0.0 res=0.0 size=0.0]/s pool[cap=0.0 family=0.0 create=0.0 alloc=0.0]/s copy-drop[fence=0.0 reset=0.0 begin=0.0 end=0.0 submit=0.0]/s cf[seq=0.0/s idle=0.0/s nrfence=0.0/s] slotbusy=0.0/s copyfence-busy=0.0/s nr-gpuwait=0.0/s flips=0.0/s
23:58:55.205  [fg-relay] rate2: fginput eval=97.0/s index!=1=64.7/s eval-gate[off=0.0 fallback=0.0 notready=32.3 noinput=0.0 noqueue=0.0]/s relay eval=0.0/s consume=0.0/s inplace=0.0/s(ok 0.0/s) unarmed=0.0/s mismatch=0.0/s relbusy=0.0/s relok=0.0/s relfail=0.0/s release-stage[queue=0.0 pool=0.0 fence=0.0 reset=0.0 begin=0.0 end=0.0 submit=0.0]/s watchdog=0.0/s | worker plays=0.0/s ok=0.0/s fail=0.0/s nr_absent=0.0/s copyfail=0.0/s
23:58:55.205  [fg-relay] rate3: arm->arm avg=0.00ms max=0.00ms n=0 | arm->work avg=0.00ms max=0.00ms | arm->eval avg=0.00ms max=0.00ms | copywait avg=0.000ms max=0.000ms | copy-land<= avg=0.00ms max=0.00ms | work avg=0.00ms max=0.00ms | totals armed=0 unarmed=0 skipped=0 busy=0 mismatch=0 copies_failed=0 writes=0 conflicts=0
23:58:55.205  [fg-relay] rate4: throttle depth=1 off=0 | sleep calls=102.2/s waits=0.0/s clear=0.0/s timeouts=0.0/s avg=0.00ms | present calls=102.2/s waits=0.0/s clear=0.0/s timeouts=0.0/s avg=0.00ms | max=0.00ms (process)
23:59:01.253  qpc=3578379011824 [focus-fg] state: enabled=1 hooked=1 foreground=1 minimized=0 hwnd=0000000021632F4C scope_calls=8224 original_false=5985 kept=5985 presents=13433 FG_evaluates=20732
23:59:02.339  === Vulkan CreateFeature1 #27  feature_id=1  VkDevice=000000002FBE00D0  thread 65156 ===
23:59:02.358  [feature-lifecycle] Vulkan created feature=1 handle=000000264F4B2810 generation=6 live=3
23:59:02.358  === Vulkan CreateFeature1 #27 returned 1, handle=000000264F4B2810 ===
23:59:02.358  [vkmirror] the game's create states 5120x2160 -> 5120x2160. That is the shape the mirror will use, in preference to the four scalars its evaluates carry.
23:59:02.359  === Vulkan CreateFeature1 #28  feature_id=18  VkDevice=000000002FBE00D0  thread 65156 ===
23:59:02.359  === Vulkan CreateFeature1 #28 returned -1160773630, handle=0000000000000000 ===
23:59:02.362  qpc=3578390076038 [focus-fg] game SetOptions unchanged: readable=1 version=4 mode=1 generated=3 flags=0x0 retain_when_off=0 guides=0x0 colour=0x0 result=0x0 foreground=1 minimized=0
23:59:02.425  [feature-lifecycle] Vulkan release handle=000000280DD6CB80 feature=11 generation=3 result=1 removed=1
23:59:02.426  === Vulkan CreateFeature1 #29  feature_id=11  VkDevice=000000002FBE00D0  thread 65156 ===
23:59:02.562  [feature-lifecycle] Vulkan created feature=11 handle=000000012FA8A870 generation=7 live=3
23:59:02.562  === Vulkan CreateFeature1 #29 returned 1, handle=000000012FA8A870 ===
23:59:02.571  === Vulkan CreateFeature1 #30  feature_id=18  VkDevice=000000002FBE00D0  thread 65156 ===
23:59:02.572  === Vulkan CreateFeature1 #30 returned -1160773630, handle=0000000000000000 ===
23:59:02.612  [feature-lifecycle] Vulkan release handle=000000280D9F15F0 feature=1 generation=5 result=1 removed=1
23:59:02.700  [synth] Vulkan side ready: VkDevice 000000002FBE00D0, VK_KHR_external_memory_win32 enabled, VK_KHR_push_descriptor enabled, 23 entry points resolved out of vulkan-1.dll with no import of it.
23:59:02.701  [fg-input] building the private feature and its Vulkan import for 5120x2160 R8G8B8A8_UNORM
23:59:02.708  [bridge] shader compiler: C:\Program Files\Hypergryph Launcher\games\Endfield Game\d3dcompiler_47.dll
23:59:02.716  [bridge] sRGB conversion ready: R8G8B8A8_UNORM -> linear BT.709 (normalized SDR) -> original encoding.
23:59:02.716  [synth] colour in R8G8B8A8_UNORM, output R8G8B8A8_UNORM -- the frame is copied into the first and the result is copied back out of the second, because NGX reads one as a shader resource and writes the other through a UAV in the same call.
23:59:02.716  [synth]   Color  fmt 28 5120x2160 flags=0x20: sample yes, typed UAV yes, UAV load yes, UAV store yes
23:59:02.716  [synth]   Output fmt 28 5120x2160 flags=0x24: sample yes, typed UAV yes, UAV load yes, UAV store yes
23:59:02.716  [synth]   Depth  fmt 41 5120x2160 flags=0x20: sample yes, typed UAV yes, UAV load yes, UAV store yes
23:59:02.717  [synth]   MV     fmt 34 5120x2160 flags=0x20: sample yes, typed UAV yes, UAV load yes, UAV store yes
23:59:02.717  [bridge] the synthetic contract's create flags 8: DepthInverted
23:59:02.801  [synth] feature ready on this add-on's own D3D12 device: 5120x2160 -> 5120x2160 handle=000000280D9F15F0
23:59:02.801  [synth] imported memory: the image allows types 0x00000003, the imported handle allows 0x00000002 (query returned 0), and the lowest of the two together is taken, index 1. UNVERIFIED on AMD and on Intel -- if the import fails or the picture is wrong on one of those, this line is the first thing to compare.
23:59:02.801  [synth] 5 D3D12 textures imported into the game's VkDevice -- the four slots, and the pipeline's second Output -- and a 44236800-byte buffer made for the depth aspect to travel through.
23:59:02.802  [present-adapter] NGX evaluate module: _nvngx.dll internal=nvngx.dll product=NGX.
23:59:02.802  [present-adapter] NGX evaluate module: 160_E658700.bin internal=DLSS product=NVIDIA Deep Learning SuperSampling.
23:59:02.802  [present-adapter] NGX evaluate module: 160_E658700.bin internal=DLSS-G product=NVIDIA DLSS-G MFGLW.
23:59:02.803  [present-adapter] NGX evaluate module: nvngx_deepdvc.dll internal=DEEPDVC product=NVIDIA DEEPDVC.
23:59:02.803  [present-adapter] NGX evaluate module: nvngx_dlssd.dll internal=DLSS product=NVIDIA DLSS Ray Reconstruction.
23:59:02.803  [present-adapter] NGX evaluate module: nvngx_dlssnr.dll internal=DLSSNR product=NVIDIA DLSSNR.
23:59:02.871  [present-adapter] private SR carrier copy ready; external SR calls remain tail-forwarded.
23:59:02.939  [present-adapter] NR entry witness ready (tail-forward, CPU observation only).
23:59:02.944  [fg-input] ready: HUD-less -> linear sRGB carrier -> Generic NR -> UI-preserving composite; FG interpolates processed frames. guides: mv=game (scale 5120.000,2160.000) depth=game inverted=1
23:59:02.944  [fg-guides] output=5120x2160 depth=5120x2160 rect=0,0+5120x2160 mv=5120x2160 rect=0,0+5120x2160 mv-scale=5120,2160 carrier-scale=5120,2160 jitter=-0,0.166667 jittered=0 inverted=1 reset=1 gpu-nearest=0/0.
23:59:02.946  [fg-relay] open. Copy completion is signalled to the private queue on the GPU (exported timeline semaphore); the park release is set on the GPU (imported D3D12 fence). Pipeline=2 Import=1.
23:59:02.946  [fg-relay] frame not armed (unarmed=1 skipped=1 busy=0): FG runs on the game's own image this group.
23:59:02.948  [fg-input] frame=1 5120x2160 vkfmt=37 mode=NR pipeline=serial nr_entries=0 sr_entries=1 sr_copies=1 ok=1 busy_skips=0 token=1.
23:59:02.961  [fg-relay] command pool for queue 000000002E993CD0: family=2.
23:59:02.962  [fg-guides] output=5120x2160 depth=5120x2160 rect=0,0+5120x2160 mv=5120x2160 rect=0,0+5120x2160 mv-scale=5120,2160 carrier-scale=5120,2160 jitter=-0.25,0.388889 jittered=0 inverted=1 reset=1 gpu-nearest=0/0.
23:59:02.962  [fg-relay] armed by evaluate: hud=447fd2d0 back=417d90d0 depth=43e1ded0 mv=44a612d0 5120x2160 copy=1 nr=1 import=1 slot=1 arm=1 gpu-wait-nr=0 pending=0.
23:59:02.962  [fg-relay] evaluate: slot=1 nr=1 import=1 stage=3.
23:59:03.141  [fg-relay] frame=1 slot=1 nr=1 ok=1 wrote=1 nr_entries=0 import=1 armed=1 skipped=1 busy=0 mismatch=0 conflicts=0.
23:59:03.142  [fg-guides] output=5120x2160 depth=5120x2160 rect=0,0+5120x2160 mv=5120x2160 rect=0,0+5120x2160 mv-scale=5120,2160 carrier-scale=5120,2160 jitter=0.375,0.0555556 jittered=0 inverted=1 reset=1 gpu-nearest=0/0.
23:59:03.142  [fg-relay] armed by evaluate: hud=447fd2d0 back=417dd8d0 depth=43e1ded0 mv=44a612d0 5120x2160 copy=2 nr=2 import=1 slot=2 arm=2 gpu-wait-nr=1 pending=0.
23:59:03.142  [fg-relay] evaluate: slot=2 nr=2 import=1 stage=3.
23:59:03.242  [fg-relay] frame=2 slot=2 nr=2 ok=1 wrote=1 nr_entries=1 import=1 armed=2 skipped=1 busy=0 mismatch=0 conflicts=0.
23:59:03.244  [fg-relay] armed by evaluate: hud=447fd2d0 back=417d00d0 depth=43e1ded0 mv=44a612d0 5120x2160 copy=3 nr=3 import=1 slot=3 arm=3 gpu-wait-nr=2 pending=1.
23:59:03.244  [fg-relay] evaluate: slot=3 nr=3 import=1 stage=3.
23:59:03.255  [fg-relay] frame=3 slot=3 nr=3 ok=1 wrote=1 nr_entries=2 import=1 armed=3 skipped=1 busy=0 mismatch=0 conflicts=0.
23:59:05.873  qpc=3578425187053 [focus-fg] game SetOptions unchanged: readable=1 version=4 mode=0 generated=1 flags=0x8 retain_when_off=1 guides=0x0 colour=0x0 result=0x0 foreground=1 minimized=0
23:59:09.697  [fg-guides] output=5120x2160 depth=5120x2160 rect=0,0+5120x2160 mv=5120x2160 rect=0,0+5120x2160 mv-scale=5120,2160 carrier-scale=5120,2160 jitter=-0.125,-0.277778 jittered=0 inverted=1 reset=1 gpu-nearest=0/0.
23:59:09.699  qpc=3578463444003 [focus-fg] game SetOptions unchanged: readable=1 version=4 mode=1 generated=3 flags=0x0 retain_when_off=0 guides=0x0 colour=0x0 result=0x0 foreground=1 minimized=0
23:59:10.238  [fg-relay] rate/15.0s p2 import_opt=1: presents=88.9/s present-gate[point=88.9 ready=0.0 fallback=0.0 inactive=0.0]/s noinfo=0.0/s stale=0.0/s unlearned=0.0/s attempts=5.0/s armed=4.9/s skipped=0.1/s busy=0.0/s arm-reject[state=0.0 request=0.0 refused=0.0 stopping=0.0 res=0.0 size=0.0]/s pool[cap=0.0 family=0.0 create=0.0 alloc=0.0]/s copy-drop[fence=0.0 reset=0.0 begin=0.0 end=0.0 submit=0.0]/s cf[seq=0.0/s idle=0.1/s nrfence=0.0/s] slotbusy=0.0/s copyfence-busy=0.0/s nr-gpuwait=4.1/s flips=0.1/s
23:59:10.238  [fg-relay] rate2: fginput eval=15.2/s index!=1=10.1/s eval-gate[off=0.0 fallback=0.0 notready=0.1 noinput=0.0 noqueue=0.0]/s relay eval=5.0/s consume=0.0/s inplace=5.0/s(ok 4.9/s) unarmed=0.1/s mismatch=0.0/s relbusy=0.0/s relok=4.9/s relfail=0.0/s release-stage[queue=0.0 pool=0.0 fence=0.0 reset=0.0 begin=0.0 end=0.0 submit=0.0]/s watchdog=0.0/s | worker plays=4.9/s ok=4.9/s fail=0.0/s nr_absent=0.1/s copyfail=0.0/s
23:59:10.238  [fg-relay] rate3: arm->arm avg=98.95ms max=3833.82ms n=73 | arm->work avg=0.01ms max=0.01ms | arm->eval avg=0.00ms max=0.00ms | copywait avg=0.007ms max=0.022ms | copy-land<= avg=98.89ms max=3833.56ms | work avg=10.98ms max=179.40ms | totals armed=74 unarmed=1 skipped=1 busy=0 mismatch=0 copies_failed=0 writes=74 conflicts=0
23:59:10.238  [fg-relay] rate4: throttle depth=1 off=0 | sleep calls=88.9/s waits=4.8/s clear=28.0/s timeouts=0.1/s avg=35.57ms | present calls=88.9/s waits=0.0/s clear=0.0/s timeouts=0.0/s avg=0.00ms | max=106.12ms (process)
23:59:12.366  qpc=3578490116026 [focus-fg] game SetOptions unchanged: readable=1 version=4 mode=0 generated=1 flags=0x8 retain_when_off=1 guides=0x0 colour=0x0 result=0x0 foreground=1 minimized=0
23:59:17.758  === Vulkan CreateFeature1 #31  feature_id=18  VkDevice=000000002FBE00D0  thread 65156 ===
23:59:17.758  === Vulkan CreateFeature1 #31 returned -1160773630, handle=0000000000000000 ===
23:59:17.759  [fg-guides] output=5120x2160 depth=5120x2160 rect=0,0+5120x2160 mv=5120x2160 rect=0,0+5120x2160 mv-scale=5120,2160 carrier-scale=5120,2160 jitter=0.125,0.277778 jittered=0 inverted=1 reset=1 gpu-nearest=0/0.
23:59:17.761  qpc=3578544061462 [focus-fg] game SetOptions unchanged: readable=1 version=4 mode=1 generated=3 flags=0x0 retain_when_off=0 guides=0x0 colour=0x0 result=0x0 foreground=1 minimized=0
23:59:18.392  qpc=3578550394888 [focus-fg] state: enabled=1 hooked=1 foreground=1 minimized=0 hwnd=0000000021632F4C scope_calls=8356 original_false=5985 kept=5985 presents=14708 FG_evaluates=21123
23:59:19.381  qpc=3578560272594 [focus-fg] game SetOptions unchanged: readable=1 version=4 mode=0 generated=1 flags=0x8 retain_when_off=1 guides=0x0 colour=0x0 result=0x0 foreground=1 minimized=0
23:59:25.240  [fg-relay] rate/15.0s p2 import_opt=1: presents=89.1/s present-gate[point=89.1 ready=0.0 fallback=0.0 inactive=0.0]/s noinfo=0.0/s stale=0.0/s unlearned=0.0/s attempts=5.2/s armed=5.2/s skipped=0.0/s busy=0.0/s arm-reject[state=0.0 request=0.0 refused=0.0 stopping=0.0 res=0.0 size=0.0]/s pool[cap=0.0 family=0.0 create=0.0 alloc=0.0]/s copy-drop[fence=0.0 reset=0.0 begin=0.0 end=0.0 submit=0.0]/s cf[seq=0.0/s idle=0.0/s nrfence=0.0/s] slotbusy=0.0/s copyfence-busy=0.0/s nr-gpuwait=2.3/s flips=0.0/s
23:59:25.240  [fg-relay] rate2: fginput eval=15.6/s index!=1=10.4/s eval-gate[off=0.0 fallback=0.0 notready=0.0 noinput=0.0 noqueue=0.0]/s relay eval=5.2/s consume=0.0/s inplace=5.2/s(ok 5.2/s) unarmed=0.0/s mismatch=0.0/s relbusy=0.0/s relok=5.2/s relfail=0.0/s release-stage[queue=0.0 pool=0.0 fence=0.0 reset=0.0 begin=0.0 end=0.0 submit=0.0]/s watchdog=0.0/s | worker plays=5.2/s ok=5.2/s fail=0.0/s nr_absent=0.0/s copyfail=0.0/s
23:59:25.240  [fg-relay] rate3: arm->arm avg=108.70ms max=5437.84ms n=151 | arm->work avg=0.01ms max=0.11ms | arm->eval avg=0.00ms max=0.00ms | copywait avg=0.007ms max=0.022ms | copy-land<= avg=108.63ms max=5437.57ms | work avg=7.89ms max=179.40ms | totals armed=152 unarmed=1 skipped=1 busy=0 mismatch=0 copies_failed=0 writes=152 conflicts=0
23:59:25.240  [fg-relay] rate4: throttle depth=1 off=0 | sleep calls=89.1/s waits=5.2/s clear=83.9/s timeouts=0.0/s avg=33.50ms | present calls=89.1/s waits=0.0/s clear=0.0/s timeouts=0.0/s avg=0.00ms | max=106.12ms (process)
23:59:32.729  [vkmirror] the game is destroying the effect runtime, so the mirror stops and everything imported onto its VkDevice is released before the device is.
23:59:32.750  [vkmirror] ReShade created an effect runtime on Vulkan. The mirror takes it.
23:59:32.751  [vkmirror] a new ReShade effect runtime exists, so the mirror is armed again and rebuilds on the next evaluate.
23:59:32.782  [fg-relay] shutdown has no relay session or GPU objects; the next runtime can open its first relay.
23:59:32.791  [vkmirror] ReShade created an effect runtime on Vulkan. The mirror takes it.
23:59:32.791  [vkmirror] a new ReShade effect runtime exists, so the mirror is armed again and rebuilds on the next evaluate.
23:59:33.423  qpc=3578700714499 [focus-fg] state: enabled=1 hooked=1 foreground=1 minimized=0 hwnd=0000000021632F4C scope_calls=8378 original_false=5985 kept=5985 presents=16358 FG_evaluates=21194
23:59:35.539  === Vulkan CreateFeature1 #32  feature_id=1  VkDevice=000000002FBE00D0  thread 65156 ===
23:59:35.556  [feature-lifecycle] Vulkan created feature=1 handle=000000280D9F15F0 generation=8 live=3
23:59:35.556  === Vulkan CreateFeature1 #32 returned 1, handle=000000280D9F15F0 ===
23:59:35.557  [vkmirror] the game's create states 3840x2160 -> 3840x2160. That is the shape the mirror will use, in preference to the four scalars its evaluates carry.
23:59:35.558  === Vulkan CreateFeature1 #33  feature_id=18  VkDevice=000000002FBE00D0  thread 65156 ===
23:59:35.558  === Vulkan CreateFeature1 #33 returned -1160773630, handle=0000000000000000 ===
23:59:35.560  qpc=3578722060032 [focus-fg] game SetOptions unchanged: readable=1 version=4 mode=1 generated=3 flags=0x0 retain_when_off=0 guides=0x0 colour=0x0 result=0x0 foreground=1 minimized=0
23:59:35.603  [feature-lifecycle] Vulkan release handle=000000012FA8A870 feature=11 generation=7 result=1 removed=1
23:59:35.603  === Vulkan CreateFeature1 #34  feature_id=11  VkDevice=000000002FBE00D0  thread 65156 ===
23:59:35.734  [feature-lifecycle] Vulkan created feature=11 handle=000000012FF76030 generation=9 live=3
23:59:35.734  === Vulkan CreateFeature1 #34 returned 1, handle=000000012FF76030 ===
23:59:35.747  === Vulkan CreateFeature1 #35  feature_id=18  VkDevice=000000002FBE00D0  thread 65156 ===
23:59:35.747  === Vulkan CreateFeature1 #35 returned -1160773630, handle=0000000000000000 ===
23:59:35.778  [feature-lifecycle] Vulkan release handle=000000264F4B2810 feature=1 generation=6 result=1 removed=1
23:59:35.860  [synth] Vulkan side ready: VkDevice 000000002FBE00D0, VK_KHR_external_memory_win32 enabled, VK_KHR_push_descriptor enabled, 23 entry points resolved out of vulkan-1.dll with no import of it.
23:59:36.753  === Vulkan CreateFeature1 #36  feature_id=18  VkDevice=000000002FBE00D0  thread 65156 ===
23:59:36.753  === Vulkan CreateFeature1 #36 returned -1160773630, handle=0000000000000000 ===
23:59:37.431  qpc=3578740790274 [focus-fg] state: enabled=1 hooked=1 foreground=0 minimized=0 hwnd=0000000021632F4C scope_calls=8497 original_false=6025 kept=6025 presents=16727 FG_evaluates=21551
23:59:38.754  === Vulkan CreateFeature1 #37  feature_id=18  VkDevice=000000002FBE00D0  thread 65156 ===
23:59:38.755  === Vulkan CreateFeature1 #37 returned -1160773630, handle=0000000000000000 ===
23:59:40.233  [fg-relay] rate/15.0s p2 import_opt=1: presents=104.5/s present-gate[point=104.5 ready=0.0 fallback=0.0 inactive=0.0]/s noinfo=0.0/s stale=0.0/s unlearned=0.0/s attempts=0.0/s armed=0.0/s skipped=0.0/s busy=0.0/s arm-reject[state=0.0 request=0.0 refused=0.0 stopping=0.0 res=0.0 size=0.0]/s pool[cap=0.0 family=0.0 create=0.0 alloc=0.0]/s copy-drop[fence=0.0 reset=0.0 begin=0.0 end=0.0 submit=0.0]/s cf[seq=0.0/s idle=0.0/s nrfence=0.0/s] slotbusy=0.0/s copyfence-busy=0.0/s nr-gpuwait=0.0/s flips=0.0/s
23:59:40.233  [fg-relay] rate2: fginput eval=69.8/s index!=1=46.5/s eval-gate[off=0.0 fallback=0.0 notready=23.3 noinput=0.0 noqueue=0.0]/s relay eval=0.0/s consume=0.0/s inplace=0.0/s(ok 0.0/s) unarmed=0.0/s mismatch=0.0/s relbusy=0.0/s relok=0.0/s relfail=0.0/s release-stage[queue=0.0 pool=0.0 fence=0.0 reset=0.0 begin=0.0 end=0.0 submit=0.0]/s watchdog=0.0/s | worker plays=0.0/s ok=0.0/s fail=0.0/s nr_absent=0.0/s copyfail=0.0/s
23:59:40.233  [fg-relay] rate3: arm->arm avg=108.70ms max=5437.84ms n=151 | arm->work avg=0.01ms max=0.11ms | arm->eval avg=0.00ms max=0.00ms | copywait avg=0.007ms max=0.022ms | copy-land<= avg=108.63ms max=5437.57ms | work avg=7.89ms max=179.40ms | totals armed=152 unarmed=1 skipped=1 busy=0 mismatch=0 copies_failed=0 writes=152 conflicts=0
23:59:40.233  [fg-relay] rate4: throttle depth=1 off=0 | sleep calls=104.5/s waits=0.0/s clear=59.3/s timeouts=0.0/s avg=0.00ms | present calls=104.5/s waits=0.0/s clear=0.0/s timeouts=0.0/s avg=0.00ms | max=106.12ms (process)
23:59:42.770  === Vulkan CreateFeature1 #38  feature_id=18  VkDevice=000000002FBE00D0  thread 65156 ===
23:59:42.770  === Vulkan CreateFeature1 #38 returned -1160773630, handle=0000000000000000 ===
23:59:48.426  qpc=3578850737423 [focus-fg] state: enabled=1 hooked=1 foreground=1 minimized=0 hwnd=0000000021632F4C scope_calls=9412 original_false=6924 kept=6924 presents=17651 FG_evaluates=24293
23:59:49.438  qpc=3578860843888 [focus-fg] game SetOptions unchanged: readable=1 version=4 mode=0 generated=1 flags=0x8 retain_when_off=1 guides=0x0 colour=0x0 result=0x0 foreground=1 minimized=0
23:59:51.626  [vkmirror] the game is destroying the effect runtime, so the mirror stops and everything imported onto its VkDevice is released before the device is.
23:59:51.633  [fg-relay] shutdown has no relay session or GPU objects; the next runtime can open its first relay.
23:59:51.642  [vkmirror] ReShade created an effect runtime on Vulkan. The mirror takes it.
23:59:51.642  [vkmirror] a new ReShade effect runtime exists, so the mirror is armed again and rebuilds on the next evaluate.
23:59:51.670  [fg-relay] shutdown has no relay session or GPU objects; the next runtime can open its first relay.
23:59:51.677  [vkmirror] ReShade created an effect runtime on Vulkan. The mirror takes it.
23:59:51.677  [vkmirror] a new ReShade effect runtime exists, so the mirror is armed again and rebuilds on the next evaluate.
23:59:53.701  === Vulkan CreateFeature1 #39  feature_id=1  VkDevice=000000002FBE00D0  thread 65156 ===
23:59:53.718  [feature-lifecycle] Vulkan created feature=1 handle=0000002B23C4DE10 generation=10 live=3
23:59:53.718  === Vulkan CreateFeature1 #39 returned 1, handle=0000002B23C4DE10 ===
23:59:53.719  [vkmirror] the game's create states 5120x2160 -> 5120x2160. That is the shape the mirror will use, in preference to the four scalars its evaluates carry.
23:59:53.720  === Vulkan CreateFeature1 #40  feature_id=18  VkDevice=000000002FBE00D0  thread 65156 ===
23:59:53.720  === Vulkan CreateFeature1 #40 returned -1160773630, handle=0000000000000000 ===
23:59:53.722  qpc=3578903679515 [focus-fg] game SetOptions unchanged: readable=1 version=4 mode=1 generated=3 flags=0x0 retain_when_off=0 guides=0x0 colour=0x0 result=0x0 foreground=1 minimized=0
23:59:53.758  [feature-lifecycle] Vulkan release handle=000000012FF76030 feature=11 generation=9 result=1 removed=1
23:59:53.758  === Vulkan CreateFeature1 #41  feature_id=11  VkDevice=000000002FBE00D0  thread 65156 ===
23:59:53.883  [feature-lifecycle] Vulkan created feature=11 handle=00000028E7649410 generation=11 live=3
23:59:53.883  === Vulkan CreateFeature1 #41 returned 1, handle=00000028E7649410 ===
23:59:53.894  === Vulkan CreateFeature1 #42  feature_id=18  VkDevice=000000002FBE00D0  thread 65156 ===
23:59:53.895  === Vulkan CreateFeature1 #42 returned -1160773630, handle=0000000000000000 ===
23:59:53.932  [feature-lifecycle] Vulkan release handle=000000280D9F15F0 feature=1 generation=8 result=1 removed=1
23:59:53.998  [synth] Vulkan side ready: VkDevice 000000002FBE00D0, VK_KHR_external_memory_win32 enabled, VK_KHR_push_descriptor enabled, 23 entry points resolved out of vulkan-1.dll with no import of it.
23:59:53.999  [fg-input] building the private feature and its Vulkan import for 5120x2160 R8G8B8A8_UNORM
23:59:54.006  [bridge] sRGB conversion ready: R8G8B8A8_UNORM -> linear BT.709 (normalized SDR) -> original encoding.
23:59:54.006  [synth] colour in R8G8B8A8_UNORM, output R8G8B8A8_UNORM -- the frame is copied into the first and the result is copied back out of the second, because NGX reads one as a shader resource and writes the other through a UAV in the same call.
23:59:54.006  [synth]   Color  fmt 28 5120x2160 flags=0x20: sample yes, typed UAV yes, UAV load yes, UAV store yes
23:59:54.006  [synth]   Output fmt 28 5120x2160 flags=0x24: sample yes, typed UAV yes, UAV load yes, UAV store yes
23:59:54.006  [synth]   Depth  fmt 41 5120x2160 flags=0x20: sample yes, typed UAV yes, UAV load yes, UAV store yes
23:59:54.006  [synth]   MV     fmt 34 5120x2160 flags=0x20: sample yes, typed UAV yes, UAV load yes, UAV store yes
23:59:54.006  [bridge] the synthetic contract's create flags 8: DepthInverted
23:59:54.018  [synth] feature ready on this add-on's own D3D12 device: 5120x2160 -> 5120x2160 handle=000000280D9F15F0
23:59:54.019  [synth] imported memory: the image allows types 0x00000003, the imported handle allows 0x00000002 (query returned 0), and the lowest of the two together is taken, index 1. UNVERIFIED on AMD and on Intel -- if the import fails or the picture is wrong on one of those, this line is the first thing to compare.
23:59:54.019  [synth] 5 D3D12 textures imported into the game's VkDevice -- the four slots, and the pipeline's second Output -- and a 44236800-byte buffer made for the depth aspect to travel through.
23:59:54.019  [fg-input] ready: HUD-less -> linear sRGB carrier -> Generic NR -> UI-preserving composite; FG interpolates processed frames. guides: mv=game (scale 5120.000,2160.000) depth=game inverted=1
23:59:54.019  [fg-guides] output=5120x2160 depth=5120x2160 rect=0,0+5120x2160 mv=5120x2160 rect=0,0+5120x2160 mv-scale=5120,2160 carrier-scale=5120,2160 jitter=0.25,-0.166667 jittered=0 inverted=1 reset=1 gpu-nearest=0/0.
23:59:54.021  [fg-relay] open. Copy completion is signalled to the private queue on the GPU (exported timeline semaphore); the park release is set on the GPU (imported D3D12 fence). Pipeline=2 Import=1.
23:59:54.021  [fg-relay] frame not armed (unarmed=2 skipped=2 busy=0): FG runs on the game's own image this group.
23:59:54.128  [fg-input] frame=2 5120x2160 vkfmt=37 mode=NR pipeline=serial nr_entries=0 sr_entries=1 sr_copies=1 ok=1 busy_skips=0 token=1.
23:59:54.140  [fg-relay] command pool for queue 000000002E993CD0: family=2.
23:59:54.141  [fg-guides] output=5120x2160 depth=5120x2160 rect=0,0+5120x2160 mv=5120x2160 rect=0,0+5120x2160 mv-scale=5120,2160 carrier-scale=5120,2160 jitter=0.375,0.0555556 jittered=0 inverted=1 reset=1 gpu-nearest=0/0.
23:59:55.277  [fg-relay] rate/15.0s p2 import_opt=1: presents=83.4/s present-gate[point=83.4 ready=0.0 fallback=0.0 inactive=0.0]/s noinfo=0.0/s stale=0.0/s unlearned=0.0/s attempts=1.7/s armed=1.7/s skipped=0.1/s busy=0.0/s arm-reject[state=0.0 request=0.0 refused=0.0 stopping=0.0 res=0.0 size=0.0]/s pool[cap=0.0 family=0.0 create=0.0 alloc=0.0]/s copy-drop[fence=0.0 reset=0.0 begin=0.0 end=0.0 submit=0.0]/s cf[seq=0.0/s idle=0.1/s nrfence=0.0/s] slotbusy=0.0/s copyfence-busy=0.0/s nr-gpuwait=1.5/s flips=0.1/s
23:59:55.277  [fg-relay] rate2: fginput eval=155.3/s index!=1=103.5/s eval-gate[off=0.0 fallback=0.0 notready=50.0 noinput=0.0 noqueue=0.0]/s relay eval=1.7/s consume=0.0/s inplace=1.7/s(ok 1.7/s) unarmed=0.1/s mismatch=0.0/s relbusy=0.0/s relok=1.7/s relfail=0.0/s release-stage[queue=0.0 pool=0.0 fence=0.0 reset=0.0 begin=0.0 end=0.0 submit=0.0]/s watchdog=0.0/s | worker plays=1.7/s ok=1.7/s fail=0.0/s nr_absent=0.0/s copyfail=0.0/s
23:59:55.277  [fg-relay] rate3: arm->arm avg=296.91ms max=34765.38ms n=176 | arm->work avg=0.01ms max=0.11ms | arm->eval avg=0.00ms max=0.00ms | copywait avg=0.007ms max=0.022ms | copy-land<= avg=99.88ms max=5437.57ms | work avg=8.31ms max=179.40ms | totals armed=177 unarmed=2 skipped=2 busy=0 mismatch=0 copies_failed=0 writes=177 conflicts=0
23:59:55.277  [fg-relay] rate4: throttle depth=1 off=0 | sleep calls=83.4/s waits=1.6/s clear=0.1/s timeouts=0.0/s avg=27.33ms | present calls=83.4/s waits=0.0/s clear=0.0/s timeouts=0.0/s avg=0.00ms | max=106.12ms (process)
23:59:55.326  qpc=3578919716669 [focus-fg] game SetOptions unchanged: readable=1 version=4 mode=0 generated=1 flags=0x8 retain_when_off=1 guides=0x0 colour=0x0 result=0x0 foreground=1 minimized=0
23:59:59.210  [vkmirror] the game is destroying the effect runtime, so the mirror stops and everything imported onto its VkDevice is released before the device is.
23:59:59.228  [vkmirror] ReShade created an effect runtime on Vulkan. The mirror takes it.
23:59:59.228  [vkmirror] a new ReShade effect runtime exists, so the mirror is armed again and rebuilds on the next evaluate.
23:59:59.243  qpc=3578958878666 [focus-fg] game SetOptions unchanged: readable=1 version=4 mode=0 generated=1 flags=0x0 retain_when_off=0 guides=0x0 colour=0x0 result=0x0 foreground=1 minimized=0
23:59:59.346  [feature-lifecycle] Vulkan release handle=00000028E7649410 feature=11 generation=11 result=1 removed=1
23:59:59.349  qpc=3578959943822 [focus-fg] game slFreeResources(DLSS_G) forwarded unchanged: result=0x0 foreground=1
00:00:00.923  === Vulkan CreateFeature1 #43  feature_id=18  VkDevice=000000002FBE00D0  thread 65156 ===
00:00:00.923  === Vulkan CreateFeature1 #43 returned -1160773630, handle=0000000000000000 ===
00:00:00.947  [fg-relay] shutdown has no relay session or GPU objects; the next runtime can open its first relay.
00:00:00.953  [vkmirror] ReShade created an effect runtime on Vulkan. The mirror takes it.
00:00:00.954  [vkmirror] a new ReShade effect runtime exists, so the mirror is armed again and rebuilds on the next evaluate.
00:00:02.928  === Vulkan CreateFeature1 #44  feature_id=18  VkDevice=000000002FBE00D0  thread 65156 ===
00:00:02.929  === Vulkan CreateFeature1 #44 returned -1160773630, handle=0000000000000000 ===
00:00:06.937  === Vulkan CreateFeature1 #45  feature_id=18  VkDevice=000000002FBE00D0  thread 65156 ===
00:00:06.937  === Vulkan CreateFeature1 #45 returned -1160773630, handle=0000000000000000 ===
00:00:16.909  === Vulkan CreateFeature1 #46  feature_id=18  VkDevice=000000002FBE00D0  thread 65156 ===
00:00:16.909  === Vulkan CreateFeature1 #46 returned -1160773630, handle=0000000000000000 ===
00:00:16.933  [fg-relay] shutdown has no relay session or GPU objects; the next runtime can open its first relay.
00:00:16.940  [vkmirror] ReShade created an effect runtime on Vulkan. The mirror takes it.
00:00:16.940  [vkmirror] a new ReShade effect runtime exists, so the mirror is armed again and rebuilds on the next evaluate.
00:00:26.098  [fg-relay] shutdown has no relay session or GPU objects; the next runtime can open its first relay.
00:00:26.107  [vkmirror] ReShade created an effect runtime on Vulkan. The mirror takes it.
00:00:26.107  [vkmirror] a new ReShade effect runtime exists, so the mirror is armed again and rebuilds on the next evaluate.
00:00:26.139  [fg-relay] rate/30.9s p2 import_opt=1: presents=13.6/s present-gate[point=13.6 ready=0.0 fallback=0.0 inactive=0.0]/s noinfo=0.0/s stale=0.0/s unlearned=0.0/s attempts=0.0/s armed=0.0/s skipped=0.0/s busy=0.0/s arm-reject[state=0.0 request=0.0 refused=0.0 stopping=0.0 res=0.0 size=0.0]/s pool[cap=0.0 family=0.0 create=0.0 alloc=0.0]/s copy-drop[fence=0.0 reset=0.0 begin=0.0 end=0.0 submit=0.0]/s cf[seq=0.0/s idle=0.0/s nrfence=0.0/s] slotbusy=0.0/s copyfence-busy=0.0/s nr-gpuwait=0.0/s flips=0.0/s
00:00:26.139  [fg-relay] rate2: fginput eval=0.1/s index!=1=0.1/s eval-gate[off=0.0 fallback=0.0 notready=0.0 noinput=0.0 noqueue=0.0]/s relay eval=0.0/s consume=0.0/s inplace=0.0/s(ok 0.0/s) unarmed=0.0/s mismatch=0.0/s relbusy=0.0/s relok=0.0/s relfail=0.0/s release-stage[queue=0.0 pool=0.0 fence=0.0 reset=0.0 begin=0.0 end=0.0 submit=0.0]/s watchdog=0.0/s | worker plays=0.0/s ok=0.0/s fail=0.0/s nr_absent=0.0/s copyfail=0.0/s
00:00:26.140  [fg-relay] rate3: arm->arm avg=295.57ms max=34765.38ms n=177 | arm->work avg=0.01ms max=0.11ms | arm->eval avg=0.00ms max=0.00ms | copywait avg=0.007ms max=0.022ms | copy-land<= avg=99.65ms max=5437.57ms | work avg=8.27ms max=179.40ms | totals armed=178 unarmed=2 skipped=2 busy=0 mismatch=0 copies_failed=0 writes=178 conflicts=0
00:00:26.140  [fg-relay] rate4: throttle depth=1 off=0 | sleep calls=92.2/s waits=0.0/s clear=13.6/s timeouts=0.0/s avg=33.96ms | present calls=13.6/s waits=0.0/s clear=0.0/s timeouts=0.0/s avg=0.00ms | max=106.12ms (process)
00:00:26.141  qpc=3579227864943 [focus-fg] game SetOptions unchanged: readable=1 version=4 mode=0 generated=1 flags=0x8 retain_when_off=1 guides=0x0 colour=0x0 result=0x0 foreground=1 minimized=0
00:00:28.144  qpc=3579247911539 [focus-fg] state: enabled=1 hooked=1 foreground=1 minimized=0 hwnd=0000000021632F4C scope_calls=9506 original_false=6924 kept=6924 presents=18856 FG_evaluates=24578
00:00:29.142  === Vulkan CreateFeature1 #47  feature_id=11  VkDevice=000000002FBE00D0  thread 65156 ===
00:00:29.144  qpc=3579257887581 [focus-fg] game SetOptions unchanged: readable=1 version=4 mode=1 generated=3 flags=0x0 retain_when_off=0 guides=0x0 colour=0x0 result=0x0 foreground=1 minimized=0
00:00:29.274  [feature-lifecycle] Vulkan created feature=11 handle=0000002B25681EA0 generation=12 live=2
00:00:29.274  === Vulkan CreateFeature1 #47 returned 1, handle=0000002B25681EA0 ===
00:00:29.408  [synth] Vulkan side ready: VkDevice 000000002FBE00D0, VK_KHR_external_memory_win32 enabled, VK_KHR_push_descriptor enabled, 23 entry points resolved out of vulkan-1.dll with no import of it.
00:00:29.408  [fg-input] building the private feature and its Vulkan import for 5120x2160 R8G8B8A8_UNORM
00:00:29.415  [bridge] sRGB conversion ready: R8G8B8A8_UNORM -> linear BT.709 (normalized SDR) -> original encoding.
00:00:29.415  [synth] colour in R8G8B8A8_UNORM, output R8G8B8A8_UNORM -- the frame is copied into the first and the result is copied back out of the second, because NGX reads one as a shader resource and writes the other through a UAV in the same call.
00:00:29.415  [synth]   Color  fmt 28 5120x2160 flags=0x20: sample yes, typed UAV yes, UAV load yes, UAV store yes
00:00:29.415  [synth]   Output fmt 28 5120x2160 flags=0x24: sample yes, typed UAV yes, UAV load yes, UAV store yes
00:00:29.416  [synth]   Depth  fmt 41 5120x2160 flags=0x20: sample yes, typed UAV yes, UAV load yes, UAV store yes
00:00:29.416  [synth]   MV     fmt 34 5120x2160 flags=0x20: sample yes, typed UAV yes, UAV load yes, UAV store yes
00:00:29.416  [bridge] the synthetic contract's create flags 8: DepthInverted
00:00:29.427  [synth] feature ready on this add-on's own D3D12 device: 5120x2160 -> 5120x2160 handle=0000002AEB73EEB0
00:00:29.428  [synth] imported memory: the image allows types 0x00000003, the imported handle allows 0x00000002 (query returned 0), and the lowest of the two together is taken, index 1. UNVERIFIED on AMD and on Intel -- if the import fails or the picture is wrong on one of those, this line is the first thing to compare.
00:00:29.428  [synth] 5 D3D12 textures imported into the game's VkDevice -- the four slots, and the pipeline's second Output -- and a 44236800-byte buffer made for the depth aspect to travel through.
00:00:29.428  [fg-input] ready: HUD-less -> linear sRGB carrier -> Generic NR -> UI-preserving composite; FG interpolates processed frames. guides: mv=game (scale 5120.000,2160.000) depth=game inverted=1
00:00:29.429  [fg-guides] output=5120x2160 depth=5120x2160 rect=0,0+5120x2160 mv=5120x2160 rect=0,0+5120x2160 mv-scale=5120,2160 carrier-scale=5120,2160 jitter=-0,0.166667 jittered=0 inverted=1 reset=1 gpu-nearest=0/0.
00:00:29.430  [fg-relay] open. Copy completion is signalled to the private queue on the GPU (exported timeline semaphore); the park release is set on the GPU (imported D3D12 fence). Pipeline=2 Import=1.
00:00:29.430  [fg-relay] frame not armed (unarmed=3 skipped=3 busy=0): FG runs on the game's own image this group.
00:00:29.509  [fg-input] frame=3 5120x2160 vkfmt=37 mode=NR pipeline=serial nr_entries=0 sr_entries=1 sr_copies=1 ok=1 busy_skips=0 token=1.
00:00:29.522  [fg-relay] command pool for queue 000000002E993CD0: family=2.
00:00:29.522  [fg-guides] output=5120x2160 depth=5120x2160 rect=0,0+5120x2160 mv=5120x2160 rect=0,0+5120x2160 mv-scale=5120,2160 carrier-scale=5120,2160 jitter=-0.25,0.388889 jittered=0 inverted=1 reset=1 gpu-nearest=0/0.
00:00:33.207  qpc=3579298542191 [focus-fg] state: enabled=1 hooked=1 foreground=0 minimized=0 hwnd=0000000021632F4C scope_calls=9593 original_false=6934 kept=6934 presents=19069 FG_evaluates=24834
00:00:34.374  [fg-relay] command pool for queue 000000002E9928D0: family=0.
00:00:41.173  [fg-relay] rate/15.0s p2 import_opt=1: presents=41.2/s present-gate[point=41.2 ready=0.0 fallback=0.0 inactive=0.0]/s noinfo=0.0/s stale=0.0/s unlearned=0.0/s attempts=17.6/s armed=17.6/s skipped=0.1/s busy=0.0/s arm-reject[state=0.0 request=0.0 refused=0.0 stopping=0.0 res=0.0 size=0.0]/s pool[cap=0.0 family=0.0 create=0.0 alloc=0.0]/s copy-drop[fence=0.0 reset=0.0 begin=0.0 end=0.0 submit=0.0]/s cf[seq=0.0/s idle=0.1/s nrfence=0.0/s] slotbusy=0.0/s copyfence-busy=0.0/s nr-gpuwait=12.6/s flips=0.1/s
00:00:41.173  [fg-relay] rate2: fginput eval=53.1/s index!=1=35.4/s eval-gate[off=0.0 fallback=0.0 notready=0.1 noinput=0.0 noqueue=0.0]/s relay eval=17.6/s consume=0.0/s inplace=17.6/s(ok 17.6/s) unarmed=0.1/s mismatch=0.0/s relbusy=0.0/s relok=17.6/s relfail=0.0/s release-stage[queue=0.0 pool=0.0 fence=0.0 reset=0.0 begin=0.0 end=0.0 submit=0.0]/s watchdog=0.0/s | worker plays=17.6/s ok=17.6/s fail=0.0/s nr_absent=0.0/s copyfail=0.0/s
00:00:41.173  [fg-relay] rate3: arm->arm avg=222.69ms max=34765.38ms n=441 | arm->work avg=0.01ms max=0.11ms | arm->eval avg=0.00ms max=0.00ms | copywait avg=0.007ms max=0.037ms | copy-land<= avg=67.62ms max=5437.57ms | work avg=10.41ms max=179.40ms | totals armed=442 unarmed=3 skipped=3 busy=0 mismatch=0 copies_failed=0 writes=442 conflicts=0
00:00:41.173  [fg-relay] rate4: throttle depth=1 off=0 | sleep calls=41.2/s waits=17.5/s clear=0.8/s timeouts=0.1/s avg=34.58ms | present calls=41.2/s waits=0.0/s clear=0.0/s timeouts=0.0/s avg=0.00ms | max=106.12ms (process)
00:00:48.022  [bridge] 600 frames delivered so far.
00:00:48.472  qpc=3579451194617 [focus-fg] state: enabled=1 hooked=1 foreground=0 minimized=0 hwnd=0000000021632F4C scope_calls=9938 original_false=7279 kept=7279 presents=19425 FG_evaluates=25871
00:00:55.539  qpc=3579521866389 [focus-fg] state: enabled=1 hooked=1 foreground=1 minimized=0 hwnd=0000000021632F4C scope_calls=10092 original_false=7416 kept=7416 presents=19595 FG_evaluates=26333
00:00:56.145  qpc=3579527910811 [focus-fg] game SetOptions unchanged: readable=1 version=4 mode=0 generated=1 flags=0x8 retain_when_off=1 guides=0x0 colour=0x0 result=0x0 foreground=1 minimized=0
00:00:56.176  [fg-relay] rate/15.0s p2 import_opt=1: presents=23.5/s present-gate[point=23.5 ready=0.0 fallback=0.0 inactive=0.0]/s noinfo=0.0/s stale=0.0/s unlearned=0.0/s attempts=22.0/s armed=22.0/s skipped=0.0/s busy=0.0/s arm-reject[state=0.0 request=0.0 refused=0.0 stopping=0.0 res=0.0 size=0.0]/s pool[cap=0.0 family=0.0 create=0.0 alloc=0.0]/s copy-drop[fence=0.0 reset=0.0 begin=0.0 end=0.0 submit=0.0]/s cf[seq=0.0/s idle=0.0/s nrfence=0.0/s] slotbusy=0.0/s copyfence-busy=0.0/s nr-gpuwait=12.8/s flips=0.0/s
00:00:56.176  [fg-relay] rate2: fginput eval=66.0/s index!=1=44.0/s eval-gate[off=0.0 fallback=0.0 notready=0.0 noinput=0.0 noqueue=0.0]/s relay eval=22.0/s consume=0.0/s inplace=22.0/s(ok 22.0/s) unarmed=0.0/s mismatch=0.0/s relbusy=0.0/s relok=22.0/s relfail=0.0/s release-stage[queue=0.0 pool=0.0 fence=0.0 reset=0.0 begin=0.0 end=0.0 submit=0.0]/s watchdog=0.0/s | worker plays=22.0/s ok=22.0/s fail=0.0/s nr_absent=0.0/s copyfail=0.0/s
00:00:56.176  [fg-relay] rate3: arm->arm avg=146.59ms max=34765.38ms n=771 | arm->work avg=0.01ms max=0.11ms | arm->eval avg=0.00ms max=0.00ms | copywait avg=0.007ms max=0.057ms | copy-land<= avg=59.67ms max=5437.57ms | work avg=11.76ms max=179.40ms | totals armed=772 unarmed=3 skipped=3 busy=0 mismatch=0 copies_failed=0 writes=772 conflicts=0
00:00:56.177  [fg-relay] rate4: throttle depth=1 off=0 | sleep calls=23.5/s waits=21.6/s clear=2.0/s timeouts=0.0/s avg=36.17ms | present calls=23.5/s waits=0.0/s clear=0.0/s timeouts=0.0/s avg=0.00ms | max=106.12ms (process)
00:01:01.535  qpc=3579581828451 [focus-fg] state: enabled=1 hooked=1 foreground=0 minimized=0 hwnd=0000000021632F4C scope_calls=10102 original_false=7416 kept=7416 presents=20211 FG_evaluates=26366
00:01:11.173  [fg-relay] rate/15.0s p2 import_opt=1: presents=117.0/s present-gate[point=117.0 ready=0.0 fallback=0.0 inactive=0.0]/s noinfo=0.0/s stale=0.0/s unlearned=0.0/s attempts=0.0/s armed=0.0/s skipped=0.0/s busy=0.0/s arm-reject[state=0.0 request=0.0 refused=0.0 stopping=0.0 res=0.0 size=0.0]/s pool[cap=0.0 family=0.0 create=0.0 alloc=0.0]/s copy-drop[fence=0.0 reset=0.0 begin=0.0 end=0.0 submit=0.0]/s cf[seq=0.0/s idle=0.0/s nrfence=0.0/s] slotbusy=0.0/s copyfence-busy=0.0/s nr-gpuwait=0.0/s flips=0.0/s
00:01:11.173  [fg-relay] rate2: fginput eval=0.0/s index!=1=0.0/s eval-gate[off=0.0 fallback=0.0 notready=0.0 noinput=0.0 noqueue=0.0]/s relay eval=0.0/s consume=0.0/s inplace=0.0/s(ok 0.0/s) unarmed=0.0/s mismatch=0.0/s relbusy=0.0/s relok=0.0/s relfail=0.0/s release-stage[queue=0.0 pool=0.0 fence=0.0 reset=0.0 begin=0.0 end=0.0 submit=0.0]/s watchdog=0.0/s | worker plays=0.0/s ok=0.0/s fail=0.0/s nr_absent=0.0/s copyfail=0.0/s
00:01:11.173  [fg-relay] rate3: arm->arm avg=146.59ms max=34765.38ms n=771 | arm->work avg=0.01ms max=0.11ms | arm->eval avg=0.00ms max=0.00ms | copywait avg=0.007ms max=0.057ms | copy-land<= avg=59.67ms max=5437.57ms | work avg=11.76ms max=179.40ms | totals armed=772 unarmed=3 skipped=3 busy=0 mismatch=0 copies_failed=0 writes=772 conflicts=0
00:01:11.173  [fg-relay] rate4: throttle depth=1 off=0 | sleep calls=116.9/s waits=0.0/s clear=116.9/s timeouts=0.0/s avg=0.00ms | present calls=117.0/s waits=0.0/s clear=0.0/s timeouts=0.0/s avg=0.00ms | max=106.12ms (process)
00:01:16.534  qpc=3579731815378 [focus-fg] state: enabled=1 hooked=1 foreground=0 minimized=0 hwnd=0000000021632F4C scope_calls=10102 original_false=7416 kept=7416 presents=22011 FG_evaluates=26366
00:01:26.171  [fg-relay] rate/15.0s p2 import_opt=1: presents=119.5/s present-gate[point=119.5 ready=0.0 fallback=0.0 inactive=0.0]/s noinfo=0.0/s stale=0.0/s unlearned=0.0/s attempts=0.0/s armed=0.0/s skipped=0.0/s busy=0.0/s arm-reject[state=0.0 request=0.0 refused=0.0 stopping=0.0 res=0.0 size=0.0]/s pool[cap=0.0 family=0.0 create=0.0 alloc=0.0]/s copy-drop[fence=0.0 reset=0.0 begin=0.0 end=0.0 submit=0.0]/s cf[seq=0.0/s idle=0.0/s nrfence=0.0/s] slotbusy=0.0/s copyfence-busy=0.0/s nr-gpuwait=0.0/s flips=0.0/s
00:01:26.171  [fg-relay] rate2: fginput eval=0.0/s index!=1=0.0/s eval-gate[off=0.0 fallback=0.0 notready=0.0 noinput=0.0 noqueue=0.0]/s relay eval=0.0/s consume=0.0/s inplace=0.0/s(ok 0.0/s) unarmed=0.0/s mismatch=0.0/s relbusy=0.0/s relok=0.0/s relfail=0.0/s release-stage[queue=0.0 pool=0.0 fence=0.0 reset=0.0 begin=0.0 end=0.0 submit=0.0]/s watchdog=0.0/s | worker plays=0.0/s ok=0.0/s fail=0.0/s nr_absent=0.0/s copyfail=0.0/s
00:01:26.171  [fg-relay] rate3: arm->arm avg=146.59ms max=34765.38ms n=771 | arm->work avg=0.01ms max=0.11ms | arm->eval avg=0.00ms max=0.00ms | copywait avg=0.007ms max=0.057ms | copy-land<= avg=59.67ms max=5437.57ms | work avg=11.76ms max=179.40ms | totals armed=772 unarmed=3 skipped=3 busy=0 mismatch=0 copies_failed=0 writes=772 conflicts=0
00:01:26.171  [fg-relay] rate4: throttle depth=1 off=0 | sleep calls=119.5/s waits=0.0/s clear=119.5/s timeouts=0.0/s avg=0.00ms | present calls=119.5/s waits=0.0/s clear=0.0/s timeouts=0.0/s avg=0.00ms | max=106.12ms (process)
00:01:31.532  qpc=3579881798089 [focus-fg] state: enabled=1 hooked=1 foreground=0 minimized=0 hwnd=0000000021632F4C scope_calls=10102 original_false=7416 kept=7416 presents=23804 FG_evaluates=26366
00:01:41.172  [fg-relay] rate/15.0s p2 import_opt=1: presents=120.0/s present-gate[point=120.0 ready=0.0 fallback=0.0 inactive=0.0]/s noinfo=0.0/s stale=0.0/s unlearned=0.0/s attempts=0.0/s armed=0.0/s skipped=0.0/s busy=0.0/s arm-reject[state=0.0 request=0.0 refused=0.0 stopping=0.0 res=0.0 size=0.0]/s pool[cap=0.0 family=0.0 create=0.0 alloc=0.0]/s copy-drop[fence=0.0 reset=0.0 begin=0.0 end=0.0 submit=0.0]/s cf[seq=0.0/s idle=0.0/s nrfence=0.0/s] slotbusy=0.0/s copyfence-busy=0.0/s nr-gpuwait=0.0/s flips=0.0/s
00:01:41.172  [fg-relay] rate2: fginput eval=0.0/s index!=1=0.0/s eval-gate[off=0.0 fallback=0.0 notready=0.0 noinput=0.0 noqueue=0.0]/s relay eval=0.0/s consume=0.0/s inplace=0.0/s(ok 0.0/s) unarmed=0.0/s mismatch=0.0/s relbusy=0.0/s relok=0.0/s relfail=0.0/s release-stage[queue=0.0 pool=0.0 fence=0.0 reset=0.0 begin=0.0 end=0.0 submit=0.0]/s watchdog=0.0/s | worker plays=0.0/s ok=0.0/s fail=0.0/s nr_absent=0.0/s copyfail=0.0/s
00:01:41.172  [fg-relay] rate3: arm->arm avg=146.59ms max=34765.38ms n=771 | arm->work avg=0.01ms max=0.11ms | arm->eval avg=0.00ms max=0.00ms | copywait avg=0.007ms max=0.057ms | copy-land<= avg=59.67ms max=5437.57ms | work avg=11.76ms max=179.40ms | totals armed=772 unarmed=3 skipped=3 busy=0 mismatch=0 copies_failed=0 writes=772 conflicts=0
00:01:41.172  [fg-relay] rate4: throttle depth=1 off=0 | sleep calls=120.0/s waits=0.0/s clear=120.0/s timeouts=0.0/s avg=0.00ms | present calls=120.0/s waits=0.0/s clear=0.0/s timeouts=0.0/s avg=0.00ms | max=106.12ms (process)
00:01:46.532  qpc=3580031803863 [focus-fg] state: enabled=1 hooked=1 foreground=0 minimized=0 hwnd=0000000021632F4C scope_calls=10102 original_false=7416 kept=7416 presents=25604 FG_evaluates=26366
00:01:56.172  [fg-relay] rate/15.0s p2 import_opt=1: presents=120.0/s present-gate[point=120.0 ready=0.0 fallback=0.0 inactive=0.0]/s noinfo=0.0/s stale=0.0/s unlearned=0.0/s attempts=0.0/s armed=0.0/s skipped=0.0/s busy=0.0/s arm-reject[state=0.0 request=0.0 refused=0.0 stopping=0.0 res=0.0 size=0.0]/s pool[cap=0.0 family=0.0 create=0.0 alloc=0.0]/s copy-drop[fence=0.0 reset=0.0 begin=0.0 end=0.0 submit=0.0]/s cf[seq=0.0/s idle=0.0/s nrfence=0.0/s] slotbusy=0.0/s copyfence-busy=0.0/s nr-gpuwait=0.0/s flips=0.0/s
00:01:56.172  [fg-relay] rate2: fginput eval=0.0/s index!=1=0.0/s eval-gate[off=0.0 fallback=0.0 notready=0.0 noinput=0.0 noqueue=0.0]/s relay eval=0.0/s consume=0.0/s inplace=0.0/s(ok 0.0/s) unarmed=0.0/s mismatch=0.0/s relbusy=0.0/s relok=0.0/s relfail=0.0/s release-stage[queue=0.0 pool=0.0 fence=0.0 reset=0.0 begin=0.0 end=0.0 submit=0.0]/s watchdog=0.0/s | worker plays=0.0/s ok=0.0/s fail=0.0/s nr_absent=0.0/s copyfail=0.0/s
00:01:56.172  [fg-relay] rate3: arm->arm avg=146.59ms max=34765.38ms n=771 | arm->work avg=0.01ms max=0.11ms | arm->eval avg=0.00ms max=0.00ms | copywait avg=0.007ms max=0.057ms | copy-land<= avg=59.67ms max=5437.57ms | work avg=11.76ms max=179.40ms | totals armed=772 unarmed=3 skipped=3 busy=0 mismatch=0 copies_failed=0 writes=772 conflicts=0
00:01:56.172  [fg-relay] rate4: throttle depth=1 off=0 | sleep calls=120.0/s waits=0.0/s clear=120.0/s timeouts=0.0/s avg=0.00ms | present calls=120.0/s waits=0.0/s clear=0.0/s timeouts=0.0/s avg=0.00ms | max=106.12ms (process)
00:02:01.533  qpc=3580181806060 [focus-fg] state: enabled=1 hooked=1 foreground=0 minimized=0 hwnd=0000000021632F4C scope_calls=10102 original_false=7416 kept=7416 presents=27404 FG_evaluates=26366
00:02:11.176  [fg-relay] rate/15.0s p2 import_opt=1: presents=119.9/s present-gate[point=119.9 ready=0.0 fallback=0.0 inactive=0.0]/s noinfo=0.0/s stale=0.0/s unlearned=0.0/s attempts=0.0/s armed=0.0/s skipped=0.0/s busy=0.0/s arm-reject[state=0.0 request=0.0 refused=0.0 stopping=0.0 res=0.0 size=0.0]/s pool[cap=0.0 family=0.0 create=0.0 alloc=0.0]/s copy-drop[fence=0.0 reset=0.0 begin=0.0 end=0.0 submit=0.0]/s cf[seq=0.0/s idle=0.0/s nrfence=0.0/s] slotbusy=0.0/s copyfence-busy=0.0/s nr-gpuwait=0.0/s flips=0.0/s
00:02:11.177  [fg-relay] rate2: fginput eval=0.0/s index!=1=0.0/s eval-gate[off=0.0 fallback=0.0 notready=0.0 noinput=0.0 noqueue=0.0]/s relay eval=0.0/s consume=0.0/s inplace=0.0/s(ok 0.0/s) unarmed=0.0/s mismatch=0.0/s relbusy=0.0/s relok=0.0/s relfail=0.0/s release-stage[queue=0.0 pool=0.0 fence=0.0 reset=0.0 begin=0.0 end=0.0 submit=0.0]/s watchdog=0.0/s | worker plays=0.0/s ok=0.0/s fail=0.0/s nr_absent=0.0/s copyfail=0.0/s
00:02:11.177  [fg-relay] rate3: arm->arm avg=146.59ms max=34765.38ms n=771 | arm->work avg=0.01ms max=0.11ms | arm->eval avg=0.00ms max=0.00ms | copywait avg=0.007ms max=0.057ms | copy-land<= avg=59.67ms max=5437.57ms | work avg=11.76ms max=179.40ms | totals armed=772 unarmed=3 skipped=3 busy=0 mismatch=0 copies_failed=0 writes=772 conflicts=0
00:02:11.177  [fg-relay] rate4: throttle depth=1 off=0 | sleep calls=119.9/s waits=0.0/s clear=119.9/s timeouts=0.0/s avg=0.00ms | present calls=119.9/s waits=0.0/s clear=0.0/s timeouts=0.0/s avg=0.00ms | max=106.12ms (process)
00:02:16.537  qpc=3580331850762 [focus-fg] state: enabled=1 hooked=1 foreground=0 minimized=0 hwnd=0000000021632F4C scope_calls=10102 original_false=7416 kept=7416 presents=29202 FG_evaluates=26366
00:02:26.177  [fg-relay] rate/15.0s p2 import_opt=1: presents=120.0/s present-gate[point=120.0 ready=0.0 fallback=0.0 inactive=0.0]/s noinfo=0.0/s stale=0.0/s unlearned=0.0/s attempts=0.0/s armed=0.0/s skipped=0.0/s busy=0.0/s arm-reject[state=0.0 request=0.0 refused=0.0 stopping=0.0 res=0.0 size=0.0]/s pool[cap=0.0 family=0.0 create=0.0 alloc=0.0]/s copy-drop[fence=0.0 reset=0.0 begin=0.0 end=0.0 submit=0.0]/s cf[seq=0.0/s idle=0.0/s nrfence=0.0/s] slotbusy=0.0/s copyfence-busy=0.0/s nr-gpuwait=0.0/s flips=0.0/s
00:02:26.177  [fg-relay] rate2: fginput eval=0.0/s index!=1=0.0/s eval-gate[off=0.0 fallback=0.0 notready=0.0 noinput=0.0 noqueue=0.0]/s relay eval=0.0/s consume=0.0/s inplace=0.0/s(ok 0.0/s) unarmed=0.0/s mismatch=0.0/s relbusy=0.0/s relok=0.0/s relfail=0.0/s release-stage[queue=0.0 pool=0.0 fence=0.0 reset=0.0 begin=0.0 end=0.0 submit=0.0]/s watchdog=0.0/s | worker plays=0.0/s ok=0.0/s fail=0.0/s nr_absent=0.0/s copyfail=0.0/s
00:02:26.177  [fg-relay] rate3: arm->arm avg=146.59ms max=34765.38ms n=771 | arm->work avg=0.01ms max=0.11ms | arm->eval avg=0.00ms max=0.00ms | copywait avg=0.007ms max=0.057ms | copy-land<= avg=59.67ms max=5437.57ms | work avg=11.76ms max=179.40ms | totals armed=772 unarmed=3 skipped=3 busy=0 mismatch=0 copies_failed=0 writes=772 conflicts=0
00:02:26.178  [fg-relay] rate4: throttle depth=1 off=0 | sleep calls=120.0/s waits=0.0/s clear=120.0/s timeouts=0.0/s avg=0.00ms | present calls=120.0/s waits=0.0/s clear=0.0/s timeouts=0.0/s avg=0.00ms | max=106.12ms (process)
00:02:31.538  qpc=3580481857151 [focus-fg] state: enabled=1 hooked=1 foreground=0 minimized=0 hwnd=0000000021632F4C scope_calls=10102 original_false=7416 kept=7416 presents=31002 FG_evaluates=26366
00:02:41.178  [fg-relay] rate/15.0s p2 import_opt=1: presents=120.0/s present-gate[point=120.0 ready=0.0 fallback=0.0 inactive=0.0]/s noinfo=0.0/s stale=0.0/s unlearned=0.0/s attempts=0.0/s armed=0.0/s skipped=0.0/s busy=0.0/s arm-reject[state=0.0 request=0.0 refused=0.0 stopping=0.0 res=0.0 size=0.0]/s pool[cap=0.0 family=0.0 create=0.0 alloc=0.0]/s copy-drop[fence=0.0 reset=0.0 begin=0.0 end=0.0 submit=0.0]/s cf[seq=0.0/s idle=0.0/s nrfence=0.0/s] slotbusy=0.0/s copyfence-busy=0.0/s nr-gpuwait=0.0/s flips=0.0/s
00:02:41.178  [fg-relay] rate2: fginput eval=0.0/s index!=1=0.0/s eval-gate[off=0.0 fallback=0.0 notready=0.0 noinput=0.0 noqueue=0.0]/s relay eval=0.0/s consume=0.0/s inplace=0.0/s(ok 0.0/s) unarmed=0.0/s mismatch=0.0/s relbusy=0.0/s relok=0.0/s relfail=0.0/s release-stage[queue=0.0 pool=0.0 fence=0.0 reset=0.0 begin=0.0 end=0.0 submit=0.0]/s watchdog=0.0/s | worker plays=0.0/s ok=0.0/s fail=0.0/s nr_absent=0.0/s copyfail=0.0/s
00:02:41.178  [fg-relay] rate3: arm->arm avg=146.59ms max=34765.38ms n=771 | arm->work avg=0.01ms max=0.11ms | arm->eval avg=0.00ms max=0.00ms | copywait avg=0.007ms max=0.057ms | copy-land<= avg=59.67ms max=5437.57ms | work avg=11.76ms max=179.40ms | totals armed=772 unarmed=3 skipped=3 busy=0 mismatch=0 copies_failed=0 writes=772 conflicts=0
00:02:41.178  [fg-relay] rate4: throttle depth=1 off=0 | sleep calls=120.0/s waits=0.0/s clear=120.0/s timeouts=0.0/s avg=0.00ms | present calls=120.0/s waits=0.0/s clear=0.0/s timeouts=0.0/s avg=0.00ms | max=106.12ms (process)
00:02:46.538  qpc=3580631861051 [focus-fg] state: enabled=1 hooked=1 foreground=0 minimized=0 hwnd=0000000021632F4C scope_calls=10102 original_false=7416 kept=7416 presents=32802 FG_evaluates=26366
00:02:56.170  [fg-relay] rate/15.0s p2 import_opt=1: presents=119.9/s present-gate[point=119.9 ready=0.0 fallback=0.0 inactive=0.0]/s noinfo=0.0/s stale=0.0/s unlearned=0.0/s attempts=0.0/s armed=0.0/s skipped=0.0/s busy=0.0/s arm-reject[state=0.0 request=0.0 refused=0.0 stopping=0.0 res=0.0 size=0.0]/s pool[cap=0.0 family=0.0 create=0.0 alloc=0.0]/s copy-drop[fence=0.0 reset=0.0 begin=0.0 end=0.0 submit=0.0]/s cf[seq=0.0/s idle=0.0/s nrfence=0.0/s] slotbusy=0.0/s copyfence-busy=0.0/s nr-gpuwait=0.0/s flips=0.0/s
00:02:56.170  [fg-relay] rate2: fginput eval=0.0/s index!=1=0.0/s eval-gate[off=0.0 fallback=0.0 notready=0.0 noinput=0.0 noqueue=0.0]/s relay eval=0.0/s consume=0.0/s inplace=0.0/s(ok 0.0/s) unarmed=0.0/s mismatch=0.0/s relbusy=0.0/s relok=0.0/s relfail=0.0/s release-stage[queue=0.0 pool=0.0 fence=0.0 reset=0.0 begin=0.0 end=0.0 submit=0.0]/s watchdog=0.0/s | worker plays=0.0/s ok=0.0/s fail=0.0/s nr_absent=0.0/s copyfail=0.0/s
00:02:56.170  [fg-relay] rate3: arm->arm avg=146.59ms max=34765.38ms n=771 | arm->work avg=0.01ms max=0.11ms | arm->eval avg=0.00ms max=0.00ms | copywait avg=0.007ms max=0.057ms | copy-land<= avg=59.67ms max=5437.57ms | work avg=11.76ms max=179.40ms | totals armed=772 unarmed=3 skipped=3 busy=0 mismatch=0 copies_failed=0 writes=772 conflicts=0
00:02:56.170  [fg-relay] rate4: throttle depth=1 off=0 | sleep calls=119.9/s waits=0.0/s clear=119.9/s timeouts=0.0/s avg=0.00ms | present calls=119.9/s waits=0.0/s clear=0.0/s timeouts=0.0/s avg=0.00ms | max=106.12ms (process)
00:03:01.539  qpc=3580781870497 [focus-fg] state: enabled=1 hooked=1 foreground=0 minimized=0 hwnd=0000000021632F4C scope_calls=10102 original_false=7416 kept=7416 presents=34602 FG_evaluates=26366
00:03:11.170  [fg-relay] rate/15.0s p2 import_opt=1: presents=120.0/s present-gate[point=120.0 ready=0.0 fallback=0.0 inactive=0.0]/s noinfo=0.0/s stale=0.0/s unlearned=0.0/s attempts=0.0/s armed=0.0/s skipped=0.0/s busy=0.0/s arm-reject[state=0.0 request=0.0 refused=0.0 stopping=0.0 res=0.0 size=0.0]/s pool[cap=0.0 family=0.0 create=0.0 alloc=0.0]/s copy-drop[fence=0.0 reset=0.0 begin=0.0 end=0.0 submit=0.0]/s cf[seq=0.0/s idle=0.0/s nrfence=0.0/s] slotbusy=0.0/s copyfence-busy=0.0/s nr-gpuwait=0.0/s flips=0.0/s
00:03:11.170  [fg-relay] rate2: fginput eval=0.0/s index!=1=0.0/s eval-gate[off=0.0 fallback=0.0 notready=0.0 noinput=0.0 noqueue=0.0]/s relay eval=0.0/s consume=0.0/s inplace=0.0/s(ok 0.0/s) unarmed=0.0/s mismatch=0.0/s relbusy=0.0/s relok=0.0/s relfail=0.0/s release-stage[queue=0.0 pool=0.0 fence=0.0 reset=0.0 begin=0.0 end=0.0 submit=0.0]/s watchdog=0.0/s | worker plays=0.0/s ok=0.0/s fail=0.0/s nr_absent=0.0/s copyfail=0.0/s
00:03:11.170  [fg-relay] rate3: arm->arm avg=146.59ms max=34765.38ms n=771 | arm->work avg=0.01ms max=0.11ms | arm->eval avg=0.00ms max=0.00ms | copywait avg=0.007ms max=0.057ms | copy-land<= avg=59.67ms max=5437.57ms | work avg=11.76ms max=179.40ms | totals armed=772 unarmed=3 skipped=3 busy=0 mismatch=0 copies_failed=0 writes=772 conflicts=0
00:03:11.170  [fg-relay] rate4: throttle depth=1 off=0 | sleep calls=120.0/s waits=0.0/s clear=120.0/s timeouts=0.0/s avg=0.00ms | present calls=120.0/s waits=0.0/s clear=0.0/s timeouts=0.0/s avg=0.00ms | max=106.12ms (process)
00:03:16.539  qpc=3580931870371 [focus-fg] state: enabled=1 hooked=1 foreground=0 minimized=0 hwnd=0000000021632F4C scope_calls=10102 original_false=7416 kept=7416 presents=36402 FG_evaluates=26366
00:03:26.171  [fg-relay] rate/15.0s p2 import_opt=1: presents=120.0/s present-gate[point=120.0 ready=0.0 fallback=0.0 inactive=0.0]/s noinfo=0.0/s stale=0.0/s unlearned=0.0/s attempts=0.0/s armed=0.0/s skipped=0.0/s busy=0.0/s arm-reject[state=0.0 request=0.0 refused=0.0 stopping=0.0 res=0.0 size=0.0]/s pool[cap=0.0 family=0.0 create=0.0 alloc=0.0]/s copy-drop[fence=0.0 reset=0.0 begin=0.0 end=0.0 submit=0.0]/s cf[seq=0.0/s idle=0.0/s nrfence=0.0/s] slotbusy=0.0/s copyfence-busy=0.0/s nr-gpuwait=0.0/s flips=0.0/s
00:03:26.171  [fg-relay] rate2: fginput eval=0.0/s index!=1=0.0/s eval-gate[off=0.0 fallback=0.0 notready=0.0 noinput=0.0 noqueue=0.0]/s relay eval=0.0/s consume=0.0/s inplace=0.0/s(ok 0.0/s) unarmed=0.0/s mismatch=0.0/s relbusy=0.0/s relok=0.0/s relfail=0.0/s release-stage[queue=0.0 pool=0.0 fence=0.0 reset=0.0 begin=0.0 end=0.0 submit=0.0]/s watchdog=0.0/s | worker plays=0.0/s ok=0.0/s fail=0.0/s nr_absent=0.0/s copyfail=0.0/s
00:03:26.171  [fg-relay] rate3: arm->arm avg=146.59ms max=34765.38ms n=771 | arm->work avg=0.01ms max=0.11ms | arm->eval avg=0.00ms max=0.00ms | copywait avg=0.007ms max=0.057ms | copy-land<= avg=59.67ms max=5437.57ms | work avg=11.76ms max=179.40ms | totals armed=772 unarmed=3 skipped=3 busy=0 mismatch=0 copies_failed=0 writes=772 conflicts=0
00:03:26.171  [fg-relay] rate4: throttle depth=1 off=0 | sleep calls=120.0/s waits=0.0/s clear=120.0/s timeouts=0.0/s avg=0.00ms | present calls=120.0/s waits=0.0/s clear=0.0/s timeouts=0.0/s avg=0.00ms | max=106.12ms (process)
00:03:31.532  qpc=3581081799873 [focus-fg] state: enabled=1 hooked=1 foreground=0 minimized=0 hwnd=0000000021632F4C scope_calls=10102 original_false=7416 kept=7416 presents=38201 FG_evaluates=26366
00:03:40.537  qpc=3581171846553 [focus-fg] state: enabled=1 hooked=1 foreground=1 minimized=0 hwnd=0000000021632F4C scope_calls=10102 original_false=7416 kept=7416 presents=39278 FG_evaluates=26366
00:03:41.172  [fg-relay] rate/15.0s p2 import_opt=1: presents=119.3/s present-gate[point=119.3 ready=0.0 fallback=0.0 inactive=0.0]/s noinfo=0.0/s stale=0.0/s unlearned=0.0/s attempts=0.0/s armed=0.0/s skipped=0.0/s busy=0.0/s arm-reject[state=0.0 request=0.0 refused=0.0 stopping=0.0 res=0.0 size=0.0]/s pool[cap=0.0 family=0.0 create=0.0 alloc=0.0]/s copy-drop[fence=0.0 reset=0.0 begin=0.0 end=0.0 submit=0.0]/s cf[seq=0.0/s idle=0.0/s nrfence=0.0/s] slotbusy=0.0/s copyfence-busy=0.0/s nr-gpuwait=0.0/s flips=0.0/s
00:03:41.172  [fg-relay] rate2: fginput eval=0.0/s index!=1=0.0/s eval-gate[off=0.0 fallback=0.0 notready=0.0 noinput=0.0 noqueue=0.0]/s relay eval=0.0/s consume=0.0/s inplace=0.0/s(ok 0.0/s) unarmed=0.0/s mismatch=0.0/s relbusy=0.0/s relok=0.0/s relfail=0.0/s release-stage[queue=0.0 pool=0.0 fence=0.0 reset=0.0 begin=0.0 end=0.0 submit=0.0]/s watchdog=0.0/s | worker plays=0.0/s ok=0.0/s fail=0.0/s nr_absent=0.0/s copyfail=0.0/s
00:03:41.172  [fg-relay] rate3: arm->arm avg=146.59ms max=34765.38ms n=771 | arm->work avg=0.01ms max=0.11ms | arm->eval avg=0.00ms max=0.00ms | copywait avg=0.007ms max=0.057ms | copy-land<= avg=59.67ms max=5437.57ms | work avg=11.76ms max=179.40ms | totals armed=772 unarmed=3 skipped=3 busy=0 mismatch=0 copies_failed=0 writes=772 conflicts=0
00:03:41.172  [fg-relay] rate4: throttle depth=1 off=0 | sleep calls=119.3/s waits=0.0/s clear=119.3/s timeouts=0.0/s avg=0.00ms | present calls=119.3/s waits=0.0/s clear=0.0/s timeouts=0.0/s avg=0.00ms | max=106.12ms (process)
00:03:45.523  === Vulkan CreateFeature1 #48  feature_id=1  VkDevice=000000002FBE00D0  thread 65156 ===
00:03:45.541  [feature-lifecycle] Vulkan created feature=1 handle=0000002AEB6CA130 generation=13 live=3
00:03:45.542  === Vulkan CreateFeature1 #48 returned 1, handle=0000002AEB6CA130 ===
00:03:45.542  [vkmirror] the game's create states 1707x720 -> 5120x2160. That is the shape the mirror will use, in preference to the four scalars its evaluates carry.
00:03:45.543  === Vulkan CreateFeature1 #49  feature_id=18  VkDevice=000000002FBE00D0  thread 65156 ===
00:03:45.543  === Vulkan CreateFeature1 #49 returned -1160773630, handle=0000000000000000 ===
00:03:45.547  qpc=3581221914817 [focus-fg] game SetOptions unchanged: readable=1 version=4 mode=1 generated=3 flags=0x0 retain_when_off=0 guides=0x0 colour=0x0 result=0x0 foreground=1 minimized=0
00:03:45.552  === Vulkan CreateFeature1 #50  feature_id=18  VkDevice=000000002FBE00D0  thread 65156 ===
00:03:45.552  === Vulkan CreateFeature1 #50 returned -1160773630, handle=0000000000000000 ===
00:03:45.575  [feature-lifecycle] Vulkan release handle=0000002B23C4DE10 feature=1 generation=10 result=1 removed=1
00:03:45.679  [fg-guides] GPU nearest ready: two device-local buffers of 44236800 bytes, integer raw-texel shader, concurrent queue-families=0x5.
00:03:45.679  [fg-guides] output=5120x2160 depth=1704x718 rect=0,0+1704x718 mv=1704x718 rect=0,0+1704x718 mv-scale=1704,718 carrier-scale=5120,2160 jitter=-0.109375,0.364198 jittered=0 inverted=1 reset=1 gpu-nearest=1/1.
00:03:47.779  qpc=3581244242626 [focus-fg] game SetOptions unchanged: readable=1 version=4 mode=0 generated=1 flags=0x8 retain_when_off=1 guides=0x0 colour=0x0 result=0x0 foreground=1 minimized=0
00:03:52.424  === Vulkan CreateFeature1 #51  feature_id=1  VkDevice=000000002FBE00D0  thread 65156 ===
00:03:52.435  [feature-lifecycle] Vulkan created feature=1 handle=0000002B23C4DE10 generation=14 live=3
00:03:52.435  === Vulkan CreateFeature1 #51 returned 1, handle=0000002B23C4DE10 ===
00:03:52.435  [vkmirror] the game's create states 5120x2160 -> 5120x2160. That is the shape the mirror will use, in preference to the four scalars its evaluates carry.
00:03:52.437  [fg-guides] output=5120x2160 depth=5120x2160 rect=0,0+5120x2160 mv=5120x2160 rect=0,0+5120x2160 mv-scale=5120,2160 carrier-scale=5120,2160 jitter=-0.375,-0.0555556 jittered=0 inverted=1 reset=1 gpu-nearest=0/0.
00:03:52.439  qpc=3581290840677 [focus-fg] game SetOptions unchanged: readable=1 version=4 mode=1 generated=3 flags=0x0 retain_when_off=0 guides=0x0 colour=0x0 result=0x0 foreground=1 minimized=0
00:03:52.530  [feature-lifecycle] Vulkan release handle=0000002AEB6CA130 feature=1 generation=13 result=1 removed=1
00:03:53.751  qpc=3581303995655 [focus-fg] state: enabled=1 hooked=1 foreground=0 minimized=0 hwnd=0000000021632F4C scope_calls=10184 original_false=7421 kept=7421 presents=40428 FG_evaluates=26610
00:03:56.197  [fg-relay] rate/15.0s p2 import_opt=1: presents=75.4/s present-gate[point=75.4 ready=0.0 fallback=0.0 inactive=0.0]/s noinfo=0.0/s stale=0.0/s unlearned=0.0/s attempts=8.9/s armed=8.9/s skipped=0.0/s busy=0.0/s arm-reject[state=0.0 request=0.0 refused=0.0 stopping=0.0 res=0.0 size=0.0]/s pool[cap=0.0 family=0.0 create=0.0 alloc=0.0]/s copy-drop[fence=0.0 reset=0.0 begin=0.0 end=0.0 submit=0.0]/s cf[seq=0.0/s idle=0.0/s nrfence=0.0/s] slotbusy=0.0/s copyfence-busy=0.0/s nr-gpuwait=5.7/s flips=0.0/s
00:03:56.197  [fg-relay] rate2: fginput eval=26.4/s index!=1=17.6/s eval-gate[off=0.0 fallback=0.0 notready=0.0 noinput=0.0 noqueue=0.0]/s relay eval=8.9/s consume=0.0/s inplace=8.9/s(ok 8.9/s) unarmed=0.0/s mismatch=0.0/s relbusy=0.0/s relok=8.9/s relfail=0.0/s release-stage[queue=0.0 pool=0.0 fence=0.0 reset=0.0 begin=0.0 end=0.0 submit=0.0]/s watchdog=0.0/s | worker plays=8.9/s ok=8.9/s fail=0.0/s nr_absent=0.0/s copyfail=0.0/s
00:03:56.197  [fg-relay] rate3: arm->arm avg=324.35ms max=169700.79ms n=904 | arm->work avg=0.01ms max=0.11ms | arm->eval avg=0.00ms max=0.00ms | copywait avg=0.007ms max=0.061ms | copy-land<= avg=250.64ms max=169700.42ms | work avg=10.84ms max=179.40ms | totals armed=905 unarmed=3 skipped=3 busy=0 mismatch=0 copies_failed=0 writes=905 conflicts=0
00:03:56.197  [fg-relay] rate4: throttle depth=1 off=0 | sleep calls=75.5/s waits=8.7/s clear=66.7/s timeouts=0.0/s avg=31.22ms | present calls=75.4/s waits=0.0/s clear=0.0/s timeouts=0.0/s avg=0.00ms | max=106.12ms (process)
00:04:09.084  [bridge] 1200 frames delivered so far.
00:04:09.976  qpc=3581466239905 [focus-fg] state: enabled=1 hooked=1 foreground=0 minimized=0 hwnd=0000000021632F4C scope_calls=10548 original_false=7785 kept=7785 presents=40792 FG_evaluates=27699
00:04:11.203  [fg-relay] rate/15.0s p2 import_opt=1: presents=22.6/s present-gate[point=22.6 ready=0.0 fallback=0.0 inactive=0.0]/s noinfo=0.0/s stale=0.0/s unlearned=0.0/s attempts=22.6/s armed=22.6/s skipped=0.0/s busy=0.0/s arm-reject[state=0.0 request=0.0 refused=0.0 stopping=0.0 res=0.0 size=0.0]/s pool[cap=0.0 family=0.0 create=0.0 alloc=0.0]/s copy-drop[fence=0.0 reset=0.0 begin=0.0 end=0.0 submit=0.0]/s cf[seq=0.0/s idle=0.0/s nrfence=0.0/s] slotbusy=0.0/s copyfence-busy=0.0/s nr-gpuwait=22.3/s flips=0.0/s
00:04:11.203  [fg-relay] rate2: fginput eval=67.9/s index!=1=45.3/s eval-gate[off=0.0 fallback=0.0 notready=0.0 noinput=0.0 noqueue=0.0]/s relay eval=22.6/s consume=0.0/s inplace=22.6/s(ok 22.6/s) unarmed=0.0/s mismatch=0.0/s relbusy=0.0/s relok=22.6/s relfail=0.0/s release-stage[queue=0.0 pool=0.0 fence=0.0 reset=0.0 begin=0.0 end=0.0 submit=0.0]/s watchdog=0.0/s | worker plays=22.6/s ok=22.6/s fail=0.0/s nr_absent=0.0/s copyfail=0.0/s
00:04:11.203  [fg-relay] rate3: arm->arm avg=247.77ms max=169700.79ms n=1244 | arm->work avg=0.01ms max=0.13ms | arm->eval avg=0.00ms max=0.00ms | copywait avg=0.007ms max=0.116ms | copy-land<= avg=194.09ms max=169700.42ms | work avg=10.00ms max=179.40ms | totals armed=1245 unarmed=3 skipped=3 busy=0 mismatch=0 copies_failed=0 writes=1245 conflicts=0
00:04:11.203  [fg-relay] rate4: throttle depth=1 off=0 | sleep calls=22.6/s waits=22.6/s clear=0.0/s timeouts=0.0/s avg=35.15ms | present calls=22.6/s waits=0.0/s clear=0.0/s timeouts=0.0/s avg=0.00ms | max=106.12ms (process)
00:04:25.257  qpc=3581619049510 [focus-fg] state: enabled=1 hooked=1 foreground=0 minimized=0 hwnd=0000000021632F4C scope_calls=10892 original_false=8129 kept=8129 presents=41136 FG_evaluates=28731
00:04:26.237  [fg-relay] rate/15.0s p2 import_opt=1: presents=22.5/s present-gate[point=22.5 ready=0.0 fallback=0.0 inactive=0.0]/s noinfo=0.0/s stale=0.0/s unlearned=0.0/s attempts=22.5/s armed=22.5/s skipped=0.0/s busy=0.0/s arm-reject[state=0.0 request=0.0 refused=0.0 stopping=0.0 res=0.0 size=0.0]/s pool[cap=0.0 family=0.0 create=0.0 alloc=0.0]/s copy-drop[fence=0.0 reset=0.0 begin=0.0 end=0.0 submit=0.0]/s cf[seq=0.0/s idle=0.0/s nrfence=0.0/s] slotbusy=0.0/s copyfence-busy=0.0/s nr-gpuwait=22.5/s flips=0.0/s
00:04:26.237  [fg-relay] rate2: fginput eval=67.5/s index!=1=45.0/s eval-gate[off=0.0 fallback=0.0 notready=0.0 noinput=0.0 noqueue=0.0]/s relay eval=22.5/s consume=0.0/s inplace=22.5/s(ok 22.5/s) unarmed=0.0/s mismatch=0.0/s relbusy=0.0/s relok=22.5/s relfail=0.0/s release-stage[queue=0.0 pool=0.0 fence=0.0 reset=0.0 begin=0.0 end=0.0 submit=0.0]/s watchdog=0.0/s | worker plays=22.5/s ok=22.5/s fail=0.0/s nr_absent=0.0/s copyfail=0.0/s
00:04:26.237  [fg-relay] rate3: arm->arm avg=204.33ms max=169700.79ms n=1582 | arm->work avg=0.01ms max=0.13ms | arm->eval avg=0.00ms max=0.00ms | copywait avg=0.007ms max=0.134ms | copy-land<= avg=162.08ms max=169700.42ms | work avg=9.52ms max=179.40ms | totals armed=1583 unarmed=3 skipped=3 busy=0 mismatch=0 copies_failed=0 writes=1583 conflicts=0
00:04:26.237  [fg-relay] rate4: throttle depth=1 off=0 | sleep calls=22.5/s waits=22.5/s clear=0.0/s timeouts=0.0/s avg=35.23ms | present calls=22.5/s waits=0.0/s clear=0.0/s timeouts=0.0/s avg=0.00ms | max=106.12ms (process)
00:04:35.762  [bridge] 1800 frames delivered so far.
00:04:35.887  [fg-relay] armed by evaluate: hud=498d7ed0 back=417d9cd0 depth=4d054ed0 mv=43853cd0 5120x2160 copy=1622 nr=1622 import=1 slot=0 arm=1622 gpu-wait-nr=1621 pending=1.
00:04:35.887  [fg-relay] evaluate: slot=0 nr=1622 import=1 stage=3.
00:04:35.894  [fg-relay] frame=1800 slot=0 nr=1622 ok=1 wrote=1 nr_entries=2 import=1 armed=1800 skipped=3 busy=0 mismatch=0 conflicts=0.
00:04:40.556  qpc=3581772034403 [focus-fg] state: enabled=1 hooked=1 foreground=0 minimized=0 hwnd=0000000021632F4C scope_calls=11236 original_false=8473 kept=8473 presents=41480 FG_evaluates=29763
00:04:41.261  [fg-relay] rate/15.0s p2 import_opt=1: presents=22.5/s present-gate[point=22.5 ready=0.0 fallback=0.0 inactive=0.0]/s noinfo=0.0/s stale=0.0/s unlearned=0.0/s attempts=22.5/s armed=22.5/s skipped=0.0/s busy=0.0/s arm-reject[state=0.0 request=0.0 refused=0.0 stopping=0.0 res=0.0 size=0.0]/s pool[cap=0.0 family=0.0 create=0.0 alloc=0.0]/s copy-drop[fence=0.0 reset=0.0 begin=0.0 end=0.0 submit=0.0]/s cf[seq=0.0/s idle=0.0/s nrfence=0.0/s] slotbusy=0.0/s copyfence-busy=0.0/s nr-gpuwait=22.3/s flips=0.0/s
00:04:41.261  [fg-relay] rate2: fginput eval=67.5/s index!=1=45.0/s eval-gate[off=0.0 fallback=0.0 notready=0.0 noinput=0.0 noqueue=0.0]/s relay eval=22.5/s consume=0.0/s inplace=22.5/s(ok 22.5/s) unarmed=0.0/s mismatch=0.0/s relbusy=0.0/s relok=22.5/s relfail=0.0/s release-stage[queue=0.0 pool=0.0 fence=0.0 reset=0.0 begin=0.0 end=0.0 submit=0.0]/s watchdog=0.0/s | worker plays=22.5/s ok=22.5/s fail=0.0/s nr_absent=0.0/s copyfail=0.0/s
00:04:41.261  [fg-relay] rate3: arm->arm avg=176.19ms max=169700.79ms n=1920 | arm->work avg=0.01ms max=0.13ms | arm->eval avg=0.00ms max=0.00ms | copywait avg=0.007ms max=0.134ms | copy-land<= avg=141.34ms max=169700.42ms | work avg=9.21ms max=179.40ms | totals armed=1921 unarmed=3 skipped=3 busy=0 mismatch=0 copies_failed=0 writes=1921 conflicts=0
00:04:41.261  [fg-relay] rate4: throttle depth=1 off=0 | sleep calls=22.4/s waits=22.5/s clear=0.0/s timeouts=0.0/s avg=34.98ms | present calls=22.5/s waits=0.0/s clear=0.0/s timeouts=0.0/s avg=0.00ms | max=106.12ms (process)
00:04:56.282  [fg-relay] rate/15.0s p2 import_opt=1: presents=22.8/s present-gate[point=22.8 ready=0.0 fallback=0.0 inactive=0.0]/s noinfo=0.0/s stale=0.0/s unlearned=0.0/s attempts=22.8/s armed=22.8/s skipped=0.0/s busy=0.0/s arm-reject[state=0.0 request=0.0 refused=0.0 stopping=0.0 res=0.0 size=0.0]/s pool[cap=0.0 family=0.0 create=0.0 alloc=0.0]/s copy-drop[fence=0.0 reset=0.0 begin=0.0 end=0.0 submit=0.0]/s cf[seq=0.0/s idle=0.0/s nrfence=0.0/s] slotbusy=0.0/s copyfence-busy=0.0/s nr-gpuwait=22.8/s flips=0.0/s
00:04:56.283  [fg-relay] rate2: fginput eval=68.3/s index!=1=45.5/s eval-gate[off=0.0 fallback=0.0 notready=0.0 noinput=0.0 noqueue=0.0]/s relay eval=22.8/s consume=0.0/s inplace=22.8/s(ok 22.8/s) unarmed=0.0/s mismatch=0.0/s relbusy=0.0/s relok=22.8/s relfail=0.0/s release-stage[queue=0.0 pool=0.0 fence=0.0 reset=0.0 begin=0.0 end=0.0 submit=0.0]/s watchdog=0.0/s | worker plays=22.8/s ok=22.8/s fail=0.0/s nr_absent=0.0/s copyfail=0.0/s
00:04:56.283  [fg-relay] rate3: arm->arm avg=156.19ms max=169700.79ms n=2262 | arm->work avg=0.01ms max=0.13ms | arm->eval avg=0.00ms max=0.00ms | copywait avg=0.007ms max=0.134ms | copy-land<= avg=126.59ms max=169700.42ms | work avg=8.99ms max=179.40ms | totals armed=2263 unarmed=3 skipped=3 busy=0 mismatch=0 copies_failed=0 writes=2263 conflicts=0
00:04:56.283  [fg-relay] rate4: throttle depth=1 off=0 | sleep calls=22.8/s waits=22.8/s clear=0.0/s timeouts=0.0/s avg=34.81ms | present calls=22.8/s waits=0.0/s clear=0.0/s timeouts=0.0/s avg=0.00ms | max=106.12ms (process)
00:04:56.724  qpc=3581933713414 [focus-fg] state: enabled=1 hooked=1 foreground=0 minimized=0 hwnd=0000000021632F4C scope_calls=11604 original_false=8841 kept=8841 presents=41848 FG_evaluates=30867
00:05:02.179  [bridge] 2400 frames delivered so far.
00:05:11.286  [fg-relay] rate/15.0s p2 import_opt=1: presents=22.7/s present-gate[point=22.7 ready=0.0 fallback=0.0 inactive=0.0]/s noinfo=0.0/s stale=0.0/s unlearned=0.0/s attempts=22.7/s armed=22.7/s skipped=0.0/s busy=0.0/s arm-reject[state=0.0 request=0.0 refused=0.0 stopping=0.0 res=0.0 size=0.0]/s pool[cap=0.0 family=0.0 create=0.0 alloc=0.0]/s copy-drop[fence=0.0 reset=0.0 begin=0.0 end=0.0 submit=0.0]/s cf[seq=0.0/s idle=0.0/s nrfence=0.0/s] slotbusy=0.0/s copyfence-busy=0.0/s nr-gpuwait=22.7/s flips=0.0/s
00:05:11.286  [fg-relay] rate2: fginput eval=68.0/s index!=1=45.3/s eval-gate[off=0.0 fallback=0.0 notready=0.0 noinput=0.0 noqueue=0.0]/s relay eval=22.7/s consume=0.0/s inplace=22.7/s(ok 22.7/s) unarmed=0.0/s mismatch=0.0/s relbusy=0.0/s relok=22.7/s relfail=0.0/s release-stage[queue=0.0 pool=0.0 fence=0.0 reset=0.0 begin=0.0 end=0.0 submit=0.0]/s watchdog=0.0/s | worker plays=22.7/s ok=22.7/s fail=0.0/s nr_absent=0.0/s copyfail=0.0/s
00:05:11.286  [fg-relay] rate3: arm->arm avg=141.54ms max=169700.79ms n=2602 | arm->work avg=0.01ms max=0.13ms | arm->eval avg=0.00ms max=0.00ms | copywait avg=0.007ms max=0.134ms | copy-land<= avg=115.80ms max=169700.42ms | work avg=8.81ms max=179.40ms | totals armed=2603 unarmed=3 skipped=3 busy=0 mismatch=0 copies_failed=0 writes=2603 conflicts=0
00:05:11.286  [fg-relay] rate4: throttle depth=1 off=0 | sleep calls=22.7/s waits=22.7/s clear=0.0/s timeouts=0.0/s avg=34.74ms | present calls=22.7/s waits=0.0/s clear=0.0/s timeouts=0.0/s avg=0.00ms | max=106.12ms (process)
00:05:11.947  qpc=3582085952328 [focus-fg] state: enabled=1 hooked=1 foreground=0 minimized=0 hwnd=0000000021632F4C scope_calls=11949 original_false=9186 kept=9186 presents=42193 FG_evaluates=31902
00:05:26.183  qpc=3582228307791 [focus-fg] state: enabled=1 hooked=1 foreground=1 minimized=0 hwnd=0000000021632F4C scope_calls=12271 original_false=9494 kept=9494 presents=42515 FG_evaluates=32868
00:05:26.313  [fg-relay] rate/15.0s p2 import_opt=1: presents=22.6/s present-gate[point=22.6 ready=0.0 fallback=0.0 inactive=0.0]/s noinfo=0.0/s stale=0.0/s unlearned=0.0/s attempts=22.6/s armed=22.6/s skipped=0.0/s busy=0.0/s arm-reject[state=0.0 request=0.0 refused=0.0 stopping=0.0 res=0.0 size=0.0]/s pool[cap=0.0 family=0.0 create=0.0 alloc=0.0]/s copy-drop[fence=0.0 reset=0.0 begin=0.0 end=0.0 submit=0.0]/s cf[seq=0.0/s idle=0.0/s nrfence=0.0/s] slotbusy=0.0/s copyfence-busy=0.0/s nr-gpuwait=22.5/s flips=0.0/s
00:05:26.314  [fg-relay] rate2: fginput eval=67.9/s index!=1=45.2/s eval-gate[off=0.0 fallback=0.0 notready=0.0 noinput=0.0 noqueue=0.0]/s relay eval=22.6/s consume=0.0/s inplace=22.6/s(ok 22.6/s) unarmed=0.0/s mismatch=0.0/s relbusy=0.0/s relok=22.6/s relfail=0.0/s release-stage[queue=0.0 pool=0.0 fence=0.0 reset=0.0 begin=0.0 end=0.0 submit=0.0]/s watchdog=0.0/s | worker plays=22.6/s ok=22.6/s fail=0.0/s nr_absent=0.0/s copyfail=0.0/s
00:05:26.314  [fg-relay] rate3: arm->arm avg=130.30ms max=169700.79ms n=2942 | arm->work avg=0.01ms max=0.14ms | arm->eval avg=0.00ms max=0.00ms | copywait avg=0.007ms max=0.134ms | copy-land<= avg=107.51ms max=169700.42ms | work avg=8.68ms max=179.40ms | totals armed=2943 unarmed=3 skipped=3 busy=0 mismatch=0 copies_failed=0 writes=2943 conflicts=0
00:05:26.314  [fg-relay] rate4: throttle depth=1 off=0 | sleep calls=22.6/s waits=22.6/s clear=0.0/s timeouts=0.0/s avg=34.65ms | present calls=22.6/s waits=0.0/s clear=0.0/s timeouts=0.0/s avg=0.00ms | max=106.12ms (process)
00:05:28.683  [bridge] 3000 frames delivered so far.
00:05:31.231  qpc=3582278785583 [focus-fg] state: enabled=1 hooked=1 foreground=0 minimized=0 hwnd=0000000021632F4C scope_calls=12386 original_false=9508 kept=9508 presents=42630 FG_evaluates=33213
00:05:41.351  [fg-relay] rate/15.0s p2 import_opt=1: presents=23.2/s present-gate[point=23.2 ready=0.0 fallback=0.0 inactive=0.0]/s noinfo=0.0/s stale=0.0/s unlearned=0.0/s attempts=22.5/s armed=22.5/s skipped=0.0/s busy=0.0/s arm-reject[state=0.0 request=0.0 refused=0.0 stopping=0.0 res=0.0 size=0.0]/s pool[cap=0.0 family=0.0 create=0.0 alloc=0.0]/s copy-drop[fence=0.0 reset=0.0 begin=0.0 end=0.0 submit=0.0]/s cf[seq=0.0/s idle=0.0/s nrfence=0.0/s] slotbusy=0.0/s copyfence-busy=0.0/s nr-gpuwait=17.6/s flips=0.0/s
00:05:41.352  [fg-relay] rate2: fginput eval=67.6/s index!=1=45.1/s eval-gate[off=0.0 fallback=0.0 notready=0.0 noinput=0.0 noqueue=0.0]/s relay eval=22.5/s consume=0.0/s inplace=22.5/s(ok 22.5/s) unarmed=0.0/s mismatch=0.0/s relbusy=0.0/s relok=22.5/s relfail=0.0/s release-stage[queue=0.0 pool=0.0 fence=0.0 reset=0.0 begin=0.0 end=0.0 submit=0.0]/s watchdog=0.0/s | worker plays=22.5/s ok=22.5/s fail=0.0/s nr_absent=0.0/s copyfail=0.0/s
00:05:41.352  [fg-relay] rate3: arm->arm avg=121.46ms max=169700.79ms n=3280 | arm->work avg=0.01ms max=0.15ms | arm->eval avg=0.00ms max=0.00ms | copywait avg=0.007ms max=0.176ms | copy-land<= avg=101.03ms max=169700.42ms | work avg=8.94ms max=179.40ms | totals armed=3281 unarmed=3 skipped=3 busy=0 mismatch=0 copies_failed=0 writes=3281 conflicts=0
00:05:41.352  [fg-relay] rate4: throttle depth=1 off=0 | sleep calls=23.2/s waits=22.4/s clear=0.8/s timeouts=0.0/s avg=35.21ms | present calls=23.2/s waits=0.0/s clear=0.0/s timeouts=0.0/s avg=0.00ms | max=106.12ms (process)
00:05:48.484  qpc=3582451320290 [focus-fg] state: enabled=1 hooked=1 foreground=0 minimized=0 hwnd=0000000021632F4C scope_calls=12772 original_false=9880 kept=9880 presents=43027 FG_evaluates=34373
00:05:55.431  [bridge] 3600 frames delivered so far.
00:05:55.534  [fg-relay] armed by evaluate: hud=498d7ed0 back=417d90d0 depth=4d054ed0 mv=43853cd0 5120x2160 copy=3422 nr=3422 import=1 slot=0 arm=3422 gpu-wait-nr=3421 pending=1.
00:05:55.534  [fg-relay] evaluate: slot=0 nr=3422 import=1 stage=3.
00:05:55.559  [fg-relay] frame=3600 slot=0 nr=3422 ok=1 wrote=1 nr_entries=2 import=1 armed=3600 skipped=3 busy=0 mismatch=0 conflicts=0.
00:05:56.369  [fg-relay] rate/15.0s p2 import_opt=1: presents=22.4/s present-gate[point=22.4 ready=0.0 fallback=0.0 inactive=0.0]/s noinfo=0.0/s stale=0.0/s unlearned=0.0/s attempts=22.4/s armed=22.4/s skipped=0.0/s busy=0.0/s arm-reject[state=0.0 request=0.0 refused=0.0 stopping=0.0 res=0.0 size=0.0]/s pool[cap=0.0 family=0.0 create=0.0 alloc=0.0]/s copy-drop[fence=0.0 reset=0.0 begin=0.0 end=0.0 submit=0.0]/s cf[seq=0.0/s idle=0.0/s nrfence=0.0/s] slotbusy=0.0/s copyfence-busy=0.0/s nr-gpuwait=12.1/s flips=0.0/s
00:05:56.370  [fg-relay] rate2: fginput eval=67.3/s index!=1=44.9/s eval-gate[off=0.0 fallback=0.0 notready=0.0 noinput=0.0 noqueue=0.0]/s relay eval=22.4/s consume=0.0/s inplace=22.4/s(ok 22.4/s) unarmed=0.0/s mismatch=0.0/s relbusy=0.0/s relok=22.4/s relfail=0.0/s release-stage[queue=0.0 pool=0.0 fence=0.0 reset=0.0 begin=0.0 end=0.0 submit=0.0]/s watchdog=0.0/s | worker plays=22.4/s ok=22.4/s fail=0.0/s nr_absent=0.0/s copyfail=0.0/s
00:05:56.370  [fg-relay] rate3: arm->arm avg=114.29ms max=169700.79ms n=3617 | arm->work avg=0.01ms max=0.15ms | arm->eval avg=0.00ms max=0.00ms | copywait avg=0.007ms max=0.176ms | copy-land<= avg=95.95ms max=169700.42ms | work avg=9.42ms max=179.40ms | totals armed=3618 unarmed=3 skipped=3 busy=0 mismatch=0 copies_failed=0 writes=3618 conflicts=0
00:05:56.370  [fg-relay] rate4: throttle depth=1 off=0 | sleep calls=22.4/s waits=22.4/s clear=0.0/s timeouts=0.0/s avg=36.23ms | present calls=22.4/s waits=0.0/s clear=0.0/s timeouts=0.0/s avg=0.00ms | max=106.12ms (process)
00:06:04.811  qpc=3582614592747 [focus-fg] state: enabled=1 hooked=1 foreground=0 minimized=0 hwnd=0000000021632F4C scope_calls=13139 original_false=10247 kept=10247 presents=43394 FG_evaluates=35474
00:06:11.394  [fg-relay] rate/15.0s p2 import_opt=1: presents=22.5/s present-gate[point=22.5 ready=0.0 fallback=0.0 inactive=0.0]/s noinfo=0.0/s stale=0.0/s unlearned=0.0/s attempts=22.5/s armed=22.5/s skipped=0.0/s busy=0.0/s arm-reject[state=0.0 request=0.0 refused=0.0 stopping=0.0 res=0.0 size=0.0]/s pool[cap=0.0 family=0.0 create=0.0 alloc=0.0]/s copy-drop[fence=0.0 reset=0.0 begin=0.0 end=0.0 submit=0.0]/s cf[seq=0.0/s idle=0.0/s nrfence=0.0/s] slotbusy=0.0/s copyfence-busy=0.0/s nr-gpuwait=12.1/s flips=0.0/s
00:06:11.394  [fg-relay] rate2: fginput eval=67.5/s index!=1=45.0/s eval-gate[off=0.0 fallback=0.0 notready=0.0 noinput=0.0 noqueue=0.0]/s relay eval=22.5/s consume=0.0/s inplace=22.5/s(ok 22.5/s) unarmed=0.0/s mismatch=0.0/s relbusy=0.0/s relok=22.5/s relfail=0.0/s release-stage[queue=0.0 pool=0.0 fence=0.0 reset=0.0 begin=0.0 end=0.0 submit=0.0]/s watchdog=0.0/s | worker plays=22.5/s ok=22.5/s fail=0.0/s nr_absent=0.0/s copyfail=0.0/s
00:06:11.394  [fg-relay] rate3: arm->arm avg=108.32ms max=169700.79ms n=3955 | arm->work avg=0.01ms max=0.17ms | arm->eval avg=0.00ms max=0.00ms | copywait avg=0.007ms max=0.176ms | copy-land<= avg=91.71ms max=169700.42ms | work avg=9.83ms max=179.40ms | totals armed=3956 unarmed=3 skipped=3 busy=0 mismatch=0 copies_failed=0 writes=3956 conflicts=0
00:06:11.394  [fg-relay] rate4: throttle depth=1 off=0 | sleep calls=22.5/s waits=22.5/s clear=0.0/s timeouts=0.0/s avg=36.08ms | present calls=22.5/s waits=0.0/s clear=0.0/s timeouts=0.0/s avg=0.00ms | max=106.12ms (process)
00:06:22.122  qpc=3582787700323 [focus-fg] state: enabled=1 hooked=1 foreground=0 minimized=0 hwnd=0000000021632F4C scope_calls=13526 original_false=10634 kept=10634 presents=43781 FG_evaluates=36635
00:06:22.199  [bridge] 4200 frames delivered so far.
00:06:26.410  [fg-relay] rate/15.0s p2 import_opt=1: presents=22.3/s present-gate[point=22.3 ready=0.0 fallback=0.0 inactive=0.0]/s noinfo=0.0/s stale=0.0/s unlearned=0.0/s attempts=22.3/s armed=22.3/s skipped=0.0/s busy=0.0/s arm-reject[state=0.0 request=0.0 refused=0.0 stopping=0.0 res=0.0 size=0.0]/s pool[cap=0.0 family=0.0 create=0.0 alloc=0.0]/s copy-drop[fence=0.0 reset=0.0 begin=0.0 end=0.0 submit=0.0]/s cf[seq=0.0/s idle=0.0/s nrfence=0.0/s] slotbusy=0.0/s copyfence-busy=0.0/s nr-gpuwait=11.6/s flips=0.0/s
00:06:26.410  [fg-relay] rate2: fginput eval=66.9/s index!=1=44.6/s eval-gate[off=0.0 fallback=0.0 notready=0.0 noinput=0.0 noqueue=0.0]/s relay eval=22.3/s consume=0.0/s inplace=22.3/s(ok 22.3/s) unarmed=0.0/s mismatch=0.0/s relbusy=0.0/s relok=22.3/s relfail=0.0/s release-stage[queue=0.0 pool=0.0 fence=0.0 reset=0.0 begin=0.0 end=0.0 submit=0.0]/s watchdog=0.0/s | worker plays=22.3/s ok=22.3/s fail=0.0/s nr_absent=0.0/s copyfail=0.0/s
00:06:26.410  [fg-relay] rate3: arm->arm avg=103.36ms max=169700.79ms n=4290 | arm->work avg=0.01ms max=0.17ms | arm->eval avg=0.00ms max=0.00ms | copywait avg=0.007ms max=0.176ms | copy-land<= avg=88.23ms max=169700.42ms | work avg=10.14ms max=179.40ms | totals armed=4291 unarmed=3 skipped=3 busy=0 mismatch=0 copies_failed=0 writes=4291 conflicts=0
00:06:26.410  [fg-relay] rate4: throttle depth=1 off=0 | sleep calls=22.3/s waits=22.3/s clear=0.0/s timeouts=0.0/s avg=36.73ms | present calls=22.3/s waits=0.0/s clear=0.0/s timeouts=0.0/s avg=0.00ms | max=106.12ms (process)
00:06:38.348  qpc=3582949954183 [focus-fg] state: enabled=1 hooked=1 foreground=0 minimized=0 hwnd=0000000021632F4C scope_calls=13881 original_false=10989 kept=10989 presents=44153 FG_evaluates=37700
00:06:41.424  [fg-relay] rate/15.0s p2 import_opt=1: presents=24.1/s present-gate[point=24.1 ready=0.0 fallback=0.0 inactive=0.0]/s noinfo=0.0/s stale=0.0/s unlearned=0.0/s attempts=21.3/s armed=21.3/s skipped=0.0/s busy=0.0/s arm-reject[state=0.0 request=0.0 refused=0.0 stopping=0.0 res=0.0 size=0.0]/s pool[cap=0.0 family=0.0 create=0.0 alloc=0.0]/s copy-drop[fence=0.0 reset=0.0 begin=0.0 end=0.0 submit=0.0]/s cf[seq=0.0/s idle=0.0/s nrfence=0.0/s] slotbusy=0.0/s copyfence-busy=0.0/s nr-gpuwait=12.9/s flips=0.0/s
00:06:41.424  [fg-relay] rate2: fginput eval=63.8/s index!=1=42.5/s eval-gate[off=0.0 fallback=0.0 notready=0.0 noinput=0.0 noqueue=0.0]/s relay eval=21.3/s consume=0.0/s inplace=21.3/s(ok 21.3/s) unarmed=0.0/s mismatch=0.0/s relbusy=0.0/s relok=21.3/s relfail=0.0/s release-stage[queue=0.0 pool=0.0 fence=0.0 reset=0.0 begin=0.0 end=0.0 submit=0.0]/s watchdog=0.0/s | worker plays=21.3/s ok=21.3/s fail=0.0/s nr_absent=0.0/s copyfail=0.0/s
00:06:41.424  [fg-relay] rate3: arm->arm avg=99.44ms max=169700.79ms n=4610 | arm->work avg=0.01ms max=0.17ms | arm->eval avg=0.00ms max=0.00ms | copywait avg=0.007ms max=0.176ms | copy-land<= avg=85.56ms max=169700.42ms | work avg=10.34ms max=179.40ms | totals armed=4611 unarmed=3 skipped=3 busy=0 mismatch=0 copies_failed=0 writes=4611 conflicts=0
00:06:41.424  [fg-relay] rate4: throttle depth=1 off=0 | sleep calls=24.1/s waits=21.2/s clear=2.9/s timeouts=0.0/s avg=36.54ms | present calls=24.1/s waits=0.0/s clear=0.0/s timeouts=0.0/s avg=0.00ms | max=106.12ms (process)
00:06:50.033  [bridge] 4800 frames delivered so far.
00:06:55.554  qpc=3583122020039 [focus-fg] state: enabled=1 hooked=1 foreground=0 minimized=0 hwnd=0000000021632F4C scope_calls=14248 original_false=11356 kept=11356 presents=44571 FG_evaluates=38801
00:06:56.459  [fg-relay] rate/15.0s p2 import_opt=1: presents=23.4/s present-gate[point=23.4 ready=0.0 fallback=0.0 inactive=0.0]/s noinfo=0.0/s stale=0.0/s unlearned=0.0/s attempts=21.7/s armed=21.7/s skipped=0.0/s busy=0.0/s arm-reject[state=0.0 request=0.0 refused=0.0 stopping=0.0 res=0.0 size=0.0]/s pool[cap=0.0 family=0.0 create=0.0 alloc=0.0]/s copy-drop[fence=0.0 reset=0.0 begin=0.0 end=0.0 submit=0.0]/s cf[seq=0.0/s idle=0.0/s nrfence=0.0/s] slotbusy=0.0/s copyfence-busy=0.0/s nr-gpuwait=13.2/s flips=0.0/s
00:06:56.459  [fg-relay] rate2: fginput eval=65.2/s index!=1=43.5/s eval-gate[off=0.0 fallback=0.0 notready=0.0 noinput=0.0 noqueue=0.0]/s relay eval=21.7/s consume=0.0/s inplace=21.7/s(ok 21.7/s) unarmed=0.0/s mismatch=0.0/s relbusy=0.0/s relok=21.7/s relfail=0.0/s release-stage[queue=0.0 pool=0.0 fence=0.0 reset=0.0 begin=0.0 end=0.0 submit=0.0]/s watchdog=0.0/s | worker plays=21.7/s ok=21.7/s fail=0.0/s nr_absent=0.0/s copyfail=0.0/s
00:06:56.459  [fg-relay] rate3: arm->arm avg=95.92ms max=169700.79ms n=4936 | arm->work avg=0.01ms max=0.17ms | arm->eval avg=0.00ms max=0.00ms | copywait avg=0.007ms max=0.176ms | copy-land<= avg=83.19ms max=169700.42ms | work avg=10.52ms max=179.40ms | totals armed=4937 unarmed=3 skipped=3 busy=0 mismatch=0 copies_failed=0 writes=4937 conflicts=0
00:06:56.459  [fg-relay] rate4: throttle depth=1 off=0 | sleep calls=23.4/s waits=21.6/s clear=1.8/s timeouts=0.0/s avg=36.64ms | present calls=23.4/s waits=0.0/s clear=0.0/s timeouts=0.0/s avg=0.00ms | max=106.12ms (process)
00:07:10.736  qpc=3583273835648 [focus-fg] state: enabled=1 hooked=1 foreground=0 minimized=0 hwnd=0000000021632F4C scope_calls=14585 original_false=11693 kept=11693 presents=44908 FG_evaluates=39812
00:07:11.486  [fg-relay] rate/15.0s p2 import_opt=1: presents=22.2/s present-gate[point=22.2 ready=0.0 fallback=0.0 inactive=0.0]/s noinfo=0.0/s stale=0.0/s unlearned=0.0/s attempts=22.2/s armed=22.2/s skipped=0.0/s busy=0.0/s arm-reject[state=0.0 request=0.0 refused=0.0 stopping=0.0 res=0.0 size=0.0]/s pool[cap=0.0 family=0.0 create=0.0 alloc=0.0]/s copy-drop[fence=0.0 reset=0.0 begin=0.0 end=0.0 submit=0.0]/s cf[seq=0.0/s idle=0.0/s nrfence=0.0/s] slotbusy=0.0/s copyfence-busy=0.0/s nr-gpuwait=12.1/s flips=0.0/s
00:07:11.487  [fg-relay] rate2: fginput eval=66.7/s index!=1=44.4/s eval-gate[off=0.0 fallback=0.0 notready=0.0 noinput=0.0 noqueue=0.0]/s relay eval=22.2/s consume=0.0/s inplace=22.2/s(ok 22.2/s) unarmed=0.0/s mismatch=0.0/s relbusy=0.0/s relok=22.2/s relfail=0.0/s release-stage[queue=0.0 pool=0.0 fence=0.0 reset=0.0 begin=0.0 end=0.0 submit=0.0]/s watchdog=0.0/s | worker plays=22.2/s ok=22.2/s fail=0.0/s nr_absent=0.0/s copyfail=0.0/s
00:07:11.487  [fg-relay] rate3: arm->arm avg=92.70ms max=169700.79ms n=5270 | arm->work avg=0.01ms max=0.17ms | arm->eval avg=0.00ms max=0.00ms | copywait avg=0.007ms max=0.176ms | copy-land<= avg=81.02ms max=169700.42ms | work avg=10.78ms max=179.40ms | totals armed=5271 unarmed=3 skipped=3 busy=0 mismatch=0 copies_failed=0 writes=5271 conflicts=0
00:07:11.487  [fg-relay] rate4: throttle depth=1 off=0 | sleep calls=22.2/s waits=22.2/s clear=0.0/s timeouts=0.0/s avg=36.76ms | present calls=22.2/s waits=0.0/s clear=0.0/s timeouts=0.0/s avg=0.00ms | max=106.12ms (process)
00:07:17.200  [bridge] 5400 frames delivered so far.
00:07:17.306  [fg-relay] armed by evaluate: hud=498d7ed0 back=417d96d0 depth=4d054ed0 mv=43853cd0 5120x2160 copy=5222 nr=5222 import=1 slot=0 arm=5222 gpu-wait-nr=5221 pending=1.
00:07:17.306  [fg-relay] evaluate: slot=0 nr=5222 import=1 stage=3.
00:07:17.332  [fg-relay] frame=5400 slot=0 nr=5222 ok=1 wrote=1 nr_entries=2 import=1 armed=5400 skipped=3 busy=0 mismatch=0 conflicts=0.
00:07:25.916  qpc=3583425641397 [focus-fg] state: enabled=1 hooked=1 foreground=0 minimized=0 hwnd=0000000021632F4C scope_calls=14920 original_false=12028 kept=12028 presents=45243 FG_evaluates=40817
00:07:26.500  [fg-relay] rate/15.0s p2 import_opt=1: presents=22.0/s present-gate[point=22.0 ready=0.0 fallback=0.0 inactive=0.0]/s noinfo=0.0/s stale=0.0/s unlearned=0.0/s attempts=22.0/s armed=22.0/s skipped=0.0/s busy=0.0/s arm-reject[state=0.0 request=0.0 refused=0.0 stopping=0.0 res=0.0 size=0.0]/s pool[cap=0.0 family=0.0 create=0.0 alloc=0.0]/s copy-drop[fence=0.0 reset=0.0 begin=0.0 end=0.0 submit=0.0]/s cf[seq=0.0/s idle=0.0/s nrfence=0.0/s] slotbusy=0.0/s copyfence-busy=0.0/s nr-gpuwait=11.9/s flips=0.0/s
00:07:26.501  [fg-relay] rate2: fginput eval=66.1/s index!=1=44.1/s eval-gate[off=0.0 fallback=0.0 notready=0.0 noinput=0.0 noqueue=0.0]/s relay eval=22.0/s consume=0.0/s inplace=22.0/s(ok 22.0/s) unarmed=0.0/s mismatch=0.0/s relbusy=0.0/s relok=22.0/s relfail=0.0/s release-stage[queue=0.0 pool=0.0 fence=0.0 reset=0.0 begin=0.0 end=0.0 submit=0.0]/s watchdog=0.0/s | worker plays=22.0/s ok=22.0/s fail=0.0/s nr_absent=0.0/s copyfail=0.0/s
00:07:26.501  [fg-relay] rate3: arm->arm avg=89.89ms max=169700.79ms n=5601 | arm->work avg=0.01ms max=0.24ms | arm->eval avg=0.00ms max=0.00ms | copywait avg=0.007ms max=0.176ms | copy-land<= avg=79.18ms max=169700.42ms | work avg=10.99ms max=179.40ms | totals armed=5602 unarmed=3 skipped=3 busy=0 mismatch=0 copies_failed=0 writes=5602 conflicts=0
00:07:26.501  [fg-relay] rate4: throttle depth=1 off=0 | sleep calls=22.0/s waits=22.0/s clear=0.0/s timeouts=0.0/s avg=37.22ms | present calls=22.0/s waits=0.0/s clear=0.0/s timeouts=0.0/s avg=0.00ms | max=106.12ms (process)
00:07:41.096  qpc=3583577439086 [focus-fg] state: enabled=1 hooked=1 foreground=0 minimized=0 hwnd=0000000021632F4C scope_calls=15255 original_false=12363 kept=12363 presents=45578 FG_evaluates=41822
00:07:41.506  [fg-relay] rate/15.0s p2 import_opt=1: presents=22.1/s present-gate[point=22.1 ready=0.0 fallback=0.0 inactive=0.0]/s noinfo=0.0/s stale=0.0/s unlearned=0.0/s attempts=22.1/s armed=22.1/s skipped=0.0/s busy=0.0/s arm-reject[state=0.0 request=0.0 refused=0.0 stopping=0.0 res=0.0 size=0.0]/s pool[cap=0.0 family=0.0 create=0.0 alloc=0.0]/s copy-drop[fence=0.0 reset=0.0 begin=0.0 end=0.0 submit=0.0]/s cf[seq=0.0/s idle=0.0/s nrfence=0.0/s] slotbusy=0.0/s copyfence-busy=0.0/s nr-gpuwait=12.0/s flips=0.0/s
00:07:41.507  [fg-relay] rate2: fginput eval=66.2/s index!=1=44.1/s eval-gate[off=0.0 fallback=0.0 notready=0.0 noinput=0.0 noqueue=0.0]/s relay eval=22.1/s consume=0.0/s inplace=22.1/s(ok 22.1/s) unarmed=0.0/s mismatch=0.0/s relbusy=0.0/s relok=22.1/s relfail=0.0/s release-stage[queue=0.0 pool=0.0 fence=0.0 reset=0.0 begin=0.0 end=0.0 submit=0.0]/s watchdog=0.0/s | worker plays=22.1/s ok=22.1/s fail=0.0/s nr_absent=0.0/s copyfail=0.0/s
00:07:41.507  [fg-relay] rate3: arm->arm avg=87.41ms max=169700.79ms n=5932 | arm->work avg=0.01ms max=0.24ms | arm->eval avg=0.00ms max=0.00ms | copywait avg=0.007ms max=0.176ms | copy-land<= avg=77.40ms max=169700.42ms | work avg=11.19ms max=179.40ms | totals armed=5933 unarmed=3 skipped=3 busy=0 mismatch=0 copies_failed=0 writes=5933 conflicts=0
00:07:41.507  [fg-relay] rate4: throttle depth=1 off=0 | sleep calls=22.1/s waits=22.0/s clear=0.1/s timeouts=0.0/s avg=37.15ms | present calls=22.1/s waits=0.0/s clear=0.0/s timeouts=0.0/s avg=0.00ms | max=106.12ms (process)
00:07:44.412  [bridge] 6000 frames delivered so far.
00:07:56.502  [fg-relay] rate/15.0s p2 import_opt=1: presents=22.1/s present-gate[point=22.1 ready=0.0 fallback=0.0 inactive=0.0]/s noinfo=0.0/s stale=0.0/s unlearned=0.0/s attempts=22.1/s armed=22.1/s skipped=0.0/s busy=0.0/s arm-reject[state=0.0 request=0.0 refused=0.0 stopping=0.0 res=0.0 size=0.0]/s pool[cap=0.0 family=0.0 create=0.0 alloc=0.0]/s copy-drop[fence=0.0 reset=0.0 begin=0.0 end=0.0 submit=0.0]/s cf[seq=0.0/s idle=0.0/s nrfence=0.0/s] slotbusy=0.0/s copyfence-busy=0.0/s nr-gpuwait=12.1/s flips=0.0/s
00:07:56.503  [fg-relay] rate2: fginput eval=66.2/s index!=1=44.1/s eval-gate[off=0.0 fallback=0.0 notready=0.0 noinput=0.0 noqueue=0.0]/s relay eval=22.1/s consume=0.0/s inplace=22.1/s(ok 22.1/s) unarmed=0.0/s mismatch=0.0/s relbusy=0.0/s relok=22.1/s relfail=0.0/s release-stage[queue=0.0 pool=0.0 fence=0.0 reset=0.0 begin=0.0 end=0.0 submit=0.0]/s watchdog=0.0/s | worker plays=22.1/s ok=22.1/s fail=0.0/s nr_absent=0.0/s copyfail=0.0/s
00:07:56.503  [fg-relay] rate3: arm->arm avg=85.19ms max=169700.79ms n=6263 | arm->work avg=0.01ms max=0.78ms | arm->eval avg=0.00ms max=0.00ms | copywait avg=0.007ms max=0.176ms | copy-land<= avg=76.04ms max=169700.42ms | work avg=11.38ms max=179.40ms | totals armed=6264 unarmed=3 skipped=3 busy=0 mismatch=0 copies_failed=0 writes=6264 conflicts=0
00:07:56.503  [fg-relay] rate4: throttle depth=1 off=0 | sleep calls=22.1/s waits=22.1/s clear=0.0/s timeouts=0.0/s avg=37.11ms | present calls=22.1/s waits=0.0/s clear=0.0/s timeouts=0.0/s avg=0.00ms | max=106.12ms (process)
00:07:57.314  qpc=3583739613531 [focus-fg] state: enabled=1 hooked=1 foreground=0 minimized=0 hwnd=0000000021632F4C scope_calls=15613 original_false=12721 kept=12721 presents=45936 FG_evaluates=42896
00:08:11.519  [fg-relay] rate/15.0s p2 import_opt=1: presents=22.0/s present-gate[point=22.0 ready=0.0 fallback=0.0 inactive=0.0]/s noinfo=0.0/s stale=0.0/s unlearned=0.0/s attempts=22.0/s armed=22.0/s skipped=0.0/s busy=0.0/s arm-reject[state=0.0 request=0.0 refused=0.0 stopping=0.0 res=0.0 size=0.0]/s pool[cap=0.0 family=0.0 create=0.0 alloc=0.0]/s copy-drop[fence=0.0 reset=0.0 begin=0.0 end=0.0 submit=0.0]/s cf[seq=0.0/s idle=0.0/s nrfence=0.0/s] slotbusy=0.0/s copyfence-busy=0.0/s nr-gpuwait=11.7/s flips=0.0/s
00:08:11.519  [fg-relay] rate2: fginput eval=66.1/s index!=1=44.1/s eval-gate[off=0.0 fallback=0.0 notready=0.0 noinput=0.0 noqueue=0.0]/s relay eval=22.0/s consume=0.0/s inplace=22.0/s(ok 22.0/s) unarmed=0.0/s mismatch=0.0/s relbusy=0.0/s relok=22.0/s relfail=0.0/s release-stage[queue=0.0 pool=0.0 fence=0.0 reset=0.0 begin=0.0 end=0.0 submit=0.0]/s watchdog=0.0/s | worker plays=22.0/s ok=22.0/s fail=0.0/s nr_absent=0.0/s copyfail=0.0/s
00:08:11.519  [fg-relay] rate3: arm->arm avg=83.18ms max=169700.79ms n=6594 | arm->work avg=0.01ms max=0.78ms | arm->eval avg=0.00ms max=0.00ms | copywait avg=0.007ms max=0.176ms | copy-land<= avg=74.78ms max=169700.42ms | work avg=11.53ms max=179.40ms | totals armed=6595 unarmed=3 skipped=3 busy=0 mismatch=0 copies_failed=0 writes=6595 conflicts=0
00:08:11.519  [fg-relay] rate4: throttle depth=1 off=0 | sleep calls=22.0/s waits=22.0/s clear=0.0/s timeouts=0.0/s avg=37.24ms | present calls=22.0/s waits=0.0/s clear=0.0/s timeouts=0.0/s avg=0.00ms | max=106.12ms (process)
00:08:11.600  [bridge] 6600 frames delivered so far.
00:08:13.576  qpc=3583902232417 [focus-fg] state: enabled=1 hooked=1 foreground=0 minimized=0 hwnd=0000000021632F4C scope_calls=15971 original_false=13079 kept=13079 presents=46294 FG_evaluates=43970
00:08:26.532  [fg-relay] rate/15.0s p2 import_opt=1: presents=22.0/s present-gate[point=22.0 ready=0.0 fallback=0.0 inactive=0.0]/s noinfo=0.0/s stale=0.0/s unlearned=0.0/s attempts=22.0/s armed=22.0/s skipped=0.0/s busy=0.0/s arm-reject[state=0.0 request=0.0 refused=0.0 stopping=0.0 res=0.0 size=0.0]/s pool[cap=0.0 family=0.0 create=0.0 alloc=0.0]/s copy-drop[fence=0.0 reset=0.0 begin=0.0 end=0.0 submit=0.0]/s cf[seq=0.0/s idle=0.0/s nrfence=0.0/s] slotbusy=0.0/s copyfence-busy=0.0/s nr-gpuwait=11.8/s flips=0.0/s
00:08:26.532  [fg-relay] rate2: fginput eval=65.9/s index!=1=44.0/s eval-gate[off=0.0 fallback=0.0 notready=0.0 noinput=0.0 noqueue=0.0]/s relay eval=22.0/s consume=0.0/s inplace=22.0/s(ok 22.0/s) unarmed=0.0/s mismatch=0.0/s relbusy=0.0/s relok=22.0/s relfail=0.0/s release-stage[queue=0.0 pool=0.0 fence=0.0 reset=0.0 begin=0.0 end=0.0 submit=0.0]/s watchdog=0.0/s | worker plays=22.0/s ok=22.0/s fail=0.0/s nr_absent=0.0/s copyfail=0.0/s
00:08:26.532  [fg-relay] rate3: arm->arm avg=81.39ms max=169700.79ms n=6924 | arm->work avg=0.01ms max=0.78ms | arm->eval avg=0.00ms max=0.00ms | copywait avg=0.007ms max=0.176ms | copy-land<= avg=73.57ms max=169700.42ms | work avg=11.67ms max=179.40ms | totals armed=6925 unarmed=3 skipped=3 busy=0 mismatch=0 copies_failed=0 writes=6925 conflicts=0
00:08:26.532  [fg-relay] rate4: throttle depth=1 off=0 | sleep calls=22.0/s waits=22.0/s clear=0.0/s timeouts=0.0/s avg=37.05ms | present calls=22.0/s waits=0.0/s clear=0.0/s timeouts=0.0/s avg=0.00ms | max=106.12ms (process)
00:08:28.672  qpc=3584053200218 [focus-fg] state: enabled=1 hooked=1 foreground=0 minimized=0 hwnd=0000000021632F4C scope_calls=16303 original_false=13411 kept=13411 presents=46626 FG_evaluates=44966
00:08:38.899  [bridge] 7200 frames delivered so far.
00:08:39.038  [fg-relay] armed by evaluate: hud=498d7ed0 back=417d96d0 depth=4d054ed0 mv=43853cd0 5120x2160 copy=7022 nr=7022 import=1 slot=0 arm=7022 gpu-wait-nr=7021 pending=0.
00:08:39.038  [fg-relay] evaluate: slot=0 nr=7022 import=1 stage=3.
00:08:39.039  [fg-relay] frame=7200 slot=0 nr=7022 ok=1 wrote=1 nr_entries=2 import=1 armed=7200 skipped=3 busy=0 mismatch=0 conflicts=0.
00:08:41.560  [fg-relay] rate/15.0s p2 import_opt=1: presents=22.0/s present-gate[point=22.0 ready=0.0 fallback=0.0 inactive=0.0]/s noinfo=0.0/s stale=0.0/s unlearned=0.0/s attempts=22.0/s armed=22.0/s skipped=0.0/s busy=0.0/s arm-reject[state=0.0 request=0.0 refused=0.0 stopping=0.0 res=0.0 size=0.0]/s pool[cap=0.0 family=0.0 create=0.0 alloc=0.0]/s copy-drop[fence=0.0 reset=0.0 begin=0.0 end=0.0 submit=0.0]/s cf[seq=0.0/s idle=0.0/s nrfence=0.0/s] slotbusy=0.0/s copyfence-busy=0.0/s nr-gpuwait=11.6/s flips=0.0/s
00:08:41.560  [fg-relay] rate2: fginput eval=66.1/s index!=1=44.1/s eval-gate[off=0.0 fallback=0.0 notready=0.0 noinput=0.0 noqueue=0.0]/s relay eval=22.0/s consume=0.0/s inplace=22.0/s(ok 22.0/s) unarmed=0.0/s mismatch=0.0/s relbusy=0.0/s relok=22.0/s relfail=0.0/s release-stage[queue=0.0 pool=0.0 fence=0.0 reset=0.0 begin=0.0 end=0.0 submit=0.0]/s watchdog=0.0/s | worker plays=22.0/s ok=22.0/s fail=0.0/s nr_absent=0.0/s copyfail=0.0/s
00:08:41.560  [fg-relay] rate3: arm->arm avg=79.75ms max=169700.79ms n=7255 | arm->work avg=0.01ms max=0.78ms | arm->eval avg=0.00ms max=0.00ms | copywait avg=0.007ms max=0.176ms | copy-land<= avg=72.49ms max=169700.42ms | work avg=11.78ms max=179.40ms | totals armed=7256 unarmed=3 skipped=3 busy=0 mismatch=0 copies_failed=0 writes=7256 conflicts=0
00:08:41.560  [fg-relay] rate4: throttle depth=1 off=0 | sleep calls=22.0/s waits=22.0/s clear=0.0/s timeouts=0.0/s avg=37.31ms | present calls=22.0/s waits=0.0/s clear=0.0/s timeouts=0.0/s avg=0.00ms | max=106.12ms (process)
00:08:47.861  qpc=3584245085541 [focus-fg] state: enabled=1 hooked=1 foreground=0 minimized=0 hwnd=0000000021632F4C scope_calls=16726 original_false=13834 kept=13834 presents=47049 FG_evaluates=46234
00:08:56.584  [fg-relay] rate/15.0s p2 import_opt=1: presents=22.0/s present-gate[point=22.0 ready=0.0 fallback=0.0 inactive=0.0]/s noinfo=0.0/s stale=0.0/s unlearned=0.0/s attempts=22.0/s armed=22.0/s skipped=0.0/s busy=0.0/s arm-reject[state=0.0 request=0.0 refused=0.0 stopping=0.0 res=0.0 size=0.0]/s pool[cap=0.0 family=0.0 create=0.0 alloc=0.0]/s copy-drop[fence=0.0 reset=0.0 begin=0.0 end=0.0 submit=0.0]/s cf[seq=0.0/s idle=0.0/s nrfence=0.0/s] slotbusy=0.0/s copyfence-busy=0.0/s nr-gpuwait=11.6/s flips=0.0/s
00:08:56.585  [fg-relay] rate2: fginput eval=66.1/s index!=1=44.0/s eval-gate[off=0.0 fallback=0.0 notready=0.0 noinput=0.0 noqueue=0.0]/s relay eval=22.0/s consume=0.0/s inplace=22.0/s(ok 22.0/s) unarmed=0.0/s mismatch=0.0/s relbusy=0.0/s relok=22.0/s relfail=0.0/s release-stage[queue=0.0 pool=0.0 fence=0.0 reset=0.0 begin=0.0 end=0.0 submit=0.0]/s watchdog=0.0/s | worker plays=22.0/s ok=22.0/s fail=0.0/s nr_absent=0.0/s copyfail=0.0/s
00:08:56.585  [fg-relay] rate3: arm->arm avg=78.25ms max=169700.79ms n=7586 | arm->work avg=0.01ms max=0.78ms | arm->eval avg=0.00ms max=0.00ms | copywait avg=0.007ms max=0.176ms | copy-land<= avg=71.49ms max=169700.42ms | work avg=11.89ms max=179.40ms | totals armed=7587 unarmed=3 skipped=3 busy=0 mismatch=0 copies_failed=0 writes=7587 conflicts=0
00:08:56.585  [fg-relay] rate4: throttle depth=1 off=0 | sleep calls=22.0/s waits=22.0/s clear=0.0/s timeouts=0.0/s avg=37.13ms | present calls=22.0/s waits=0.0/s clear=0.0/s timeouts=0.0/s avg=0.00ms | max=106.12ms (process)
00:09:03.969  qpc=3584406168115 [focus-fg] state: enabled=1 hooked=1 foreground=0 minimized=0 hwnd=0000000021632F4C scope_calls=17080 original_false=14188 kept=14188 presents=47403 FG_evaluates=47297
00:09:06.130  [bridge] 7800 frames delivered so far.
00:09:11.584  [fg-relay] rate/15.0s p2 import_opt=1: presents=22.0/s present-gate[point=22.0 ready=0.0 fallback=0.0 inactive=0.0]/s noinfo=0.0/s stale=0.0/s unlearned=0.0/s attempts=22.0/s armed=22.0/s skipped=0.0/s busy=0.0/s arm-reject[state=0.0 request=0.0 refused=0.0 stopping=0.0 res=0.0 size=0.0]/s pool[cap=0.0 family=0.0 create=0.0 alloc=0.0]/s copy-drop[fence=0.0 reset=0.0 begin=0.0 end=0.0 submit=0.0]/s cf[seq=0.0/s idle=0.0/s nrfence=0.0/s] slotbusy=0.0/s copyfence-busy=0.0/s nr-gpuwait=12.3/s flips=0.0/s
00:09:11.584  [fg-relay] rate2: fginput eval=66.0/s index!=1=44.0/s eval-gate[off=0.0 fallback=0.0 notready=0.0 noinput=0.0 noqueue=0.0]/s relay eval=22.0/s consume=0.0/s inplace=22.0/s(ok 22.0/s) unarmed=0.0/s mismatch=0.0/s relbusy=0.0/s relok=22.0/s relfail=0.0/s release-stage[queue=0.0 pool=0.0 fence=0.0 reset=0.0 begin=0.0 end=0.0 submit=0.0]/s watchdog=0.0/s | worker plays=22.0/s ok=22.0/s fail=0.0/s nr_absent=0.0/s copyfail=0.0/s
00:09:11.584  [fg-relay] rate3: arm->arm avg=76.88ms max=169700.79ms n=7916 | arm->work avg=0.01ms max=0.78ms | arm->eval avg=0.00ms max=0.00ms | copywait avg=0.007ms max=0.176ms | copy-land<= avg=70.62ms max=169700.42ms | work avg=12.02ms max=179.40ms | totals armed=7917 unarmed=3 skipped=3 busy=0 mismatch=0 copies_failed=0 writes=7917 conflicts=0
00:09:11.584  [fg-relay] rate4: throttle depth=1 off=0 | sleep calls=22.0/s waits=22.0/s clear=0.0/s timeouts=0.0/s avg=37.27ms | present calls=22.0/s waits=0.0/s clear=0.0/s timeouts=0.0/s avg=0.00ms | max=106.12ms (process)
00:09:19.103  qpc=3584557506742 [focus-fg] state: enabled=1 hooked=1 foreground=0 minimized=0 hwnd=0000000021632F4C scope_calls=17413 original_false=14521 kept=14521 presents=47736 FG_evaluates=48296
00:09:26.581  [fg-relay] rate/15.0s p2 import_opt=1: presents=22.0/s present-gate[point=22.0 ready=0.0 fallback=0.0 inactive=0.0]/s noinfo=0.0/s stale=0.0/s unlearned=0.0/s attempts=22.0/s armed=22.0/s skipped=0.0/s busy=0.0/s arm-reject[state=0.0 request=0.0 refused=0.0 stopping=0.0 res=0.0 size=0.0]/s pool[cap=0.0 family=0.0 create=0.0 alloc=0.0]/s copy-drop[fence=0.0 reset=0.0 begin=0.0 end=0.0 submit=0.0]/s cf[seq=0.0/s idle=0.0/s nrfence=0.0/s] slotbusy=0.0/s copyfence-busy=0.0/s nr-gpuwait=11.9/s flips=0.0/s
00:09:26.581  [fg-relay] rate2: fginput eval=66.0/s index!=1=44.0/s eval-gate[off=0.0 fallback=0.0 notready=0.0 noinput=0.0 noqueue=0.0]/s relay eval=22.0/s consume=0.0/s inplace=22.0/s(ok 22.0/s) unarmed=0.0/s mismatch=0.0/s relbusy=0.0/s relok=22.0/s relfail=0.0/s release-stage[queue=0.0 pool=0.0 fence=0.0 reset=0.0 begin=0.0 end=0.0 submit=0.0]/s watchdog=0.0/s | worker plays=22.0/s ok=22.0/s fail=0.0/s nr_absent=0.0/s copyfail=0.0/s
00:09:26.581  [fg-relay] rate3: arm->arm avg=75.62ms max=169700.79ms n=8246 | arm->work avg=0.01ms max=0.78ms | arm->eval avg=0.00ms max=0.00ms | copywait avg=0.007ms max=0.176ms | copy-land<= avg=69.79ms max=169700.42ms | work avg=12.12ms max=179.40ms | totals armed=8247 unarmed=3 skipped=3 busy=0 mismatch=0 copies_failed=0 writes=8247 conflicts=0
00:09:26.581  [fg-relay] rate4: throttle depth=1 off=0 | sleep calls=22.0/s waits=22.0/s clear=0.0/s timeouts=0.0/s avg=37.33ms | present calls=22.0/s waits=0.0/s clear=0.0/s timeouts=0.0/s avg=0.00ms | max=106.12ms (process)
00:09:33.391  [bridge] 8400 frames delivered so far.
00:09:35.242  qpc=3584718900901 [focus-fg] state: enabled=1 hooked=1 foreground=0 minimized=0 hwnd=0000000021632F4C scope_calls=17769 original_false=14877 kept=14877 presents=48092 FG_evaluates=49364
00:09:41.580  [fg-relay] rate/15.0s p2 import_opt=1: presents=22.1/s present-gate[point=22.1 ready=0.0 fallback=0.0 inactive=0.0]/s noinfo=0.0/s stale=0.0/s unlearned=0.0/s attempts=22.1/s armed=22.1/s skipped=0.0/s busy=0.0/s arm-reject[state=0.0 request=0.0 refused=0.0 stopping=0.0 res=0.0 size=0.0]/s pool[cap=0.0 family=0.0 create=0.0 alloc=0.0]/s copy-drop[fence=0.0 reset=0.0 begin=0.0 end=0.0 submit=0.0]/s cf[seq=0.0/s idle=0.0/s nrfence=0.0/s] slotbusy=0.0/s copyfence-busy=0.0/s nr-gpuwait=11.8/s flips=0.0/s
00:09:41.580  [fg-relay] rate2: fginput eval=66.4/s index!=1=44.3/s eval-gate[off=0.0 fallback=0.0 notready=0.0 noinput=0.0 noqueue=0.0]/s relay eval=22.1/s consume=0.0/s inplace=22.1/s(ok 22.1/s) unarmed=0.0/s mismatch=0.0/s relbusy=0.0/s relok=22.1/s relfail=0.0/s release-stage[queue=0.0 pool=0.0 fence=0.0 reset=0.0 begin=0.0 end=0.0 submit=0.0]/s watchdog=0.0/s | worker plays=22.1/s ok=22.1/s fail=0.0/s nr_absent=0.0/s copyfail=0.0/s
00:09:41.581  [fg-relay] rate3: arm->arm avg=74.45ms max=169700.79ms n=8578 | arm->work avg=0.01ms max=0.78ms | arm->eval avg=0.00ms max=0.00ms | copywait avg=0.007ms max=0.176ms | copy-land<= avg=69.14ms max=169700.42ms | work avg=12.21ms max=179.40ms | totals armed=8579 unarmed=3 skipped=3 busy=0 mismatch=0 copies_failed=0 writes=8579 conflicts=0
00:09:41.581  [fg-relay] rate4: throttle depth=1 off=0 | sleep calls=22.1/s waits=22.1/s clear=0.0/s timeouts=0.0/s avg=36.97ms | present calls=22.1/s waits=0.0/s clear=0.0/s timeouts=0.0/s avg=0.00ms | max=106.12ms (process)
00:09:51.517  qpc=3584881646000 [focus-fg] state: enabled=1 hooked=1 foreground=0 minimized=0 hwnd=0000000021632F4C scope_calls=18128 original_false=15236 kept=15236 presents=48451 FG_evaluates=50441
00:09:56.593  [fg-relay] rate/15.0s p2 import_opt=1: presents=22.0/s present-gate[point=22.0 ready=0.0 fallback=0.0 inactive=0.0]/s noinfo=0.0/s stale=0.0/s unlearned=0.0/s attempts=22.0/s armed=22.0/s skipped=0.0/s busy=0.0/s arm-reject[state=0.0 request=0.0 refused=0.0 stopping=0.0 res=0.0 size=0.0]/s pool[cap=0.0 family=0.0 create=0.0 alloc=0.0]/s copy-drop[fence=0.0 reset=0.0 begin=0.0 end=0.0 submit=0.0]/s cf[seq=0.0/s idle=0.0/s nrfence=0.0/s] slotbusy=0.0/s copyfence-busy=0.0/s nr-gpuwait=11.7/s flips=0.0/s
00:09:56.593  [fg-relay] rate2: fginput eval=66.1/s index!=1=44.1/s eval-gate[off=0.0 fallback=0.0 notready=0.0 noinput=0.0 noqueue=0.0]/s relay eval=22.0/s consume=0.0/s inplace=22.0/s(ok 22.0/s) unarmed=0.0/s mismatch=0.0/s relbusy=0.0/s relok=22.0/s relfail=0.0/s release-stage[queue=0.0 pool=0.0 fence=0.0 reset=0.0 begin=0.0 end=0.0 submit=0.0]/s watchdog=0.0/s | worker plays=22.0/s ok=22.0/s fail=0.0/s nr_absent=0.0/s copyfail=0.0/s
00:09:56.593  [fg-relay] rate3: arm->arm avg=73.36ms max=169700.79ms n=8909 | arm->work avg=0.01ms max=0.78ms | arm->eval avg=0.00ms max=0.00ms | copywait avg=0.007ms max=0.176ms | copy-land<= avg=68.47ms max=169700.42ms | work avg=12.29ms max=179.40ms | totals armed=8910 unarmed=3 skipped=3 busy=0 mismatch=0 copies_failed=0 writes=8910 conflicts=0
00:09:56.593  [fg-relay] rate4: throttle depth=1 off=0 | sleep calls=22.0/s waits=22.0/s clear=0.0/s timeouts=0.0/s avg=37.14ms | present calls=22.0/s waits=0.0/s clear=0.0/s timeouts=0.0/s avg=0.00ms | max=106.12ms (process)
00:10:00.521  [bridge] 9000 frames delivered so far.
00:10:00.626  [fg-relay] armed by evaluate: hud=498d7ed0 back=417d96d0 depth=4d054ed0 mv=43853cd0 5120x2160 copy=8822 nr=8822 import=1 slot=0 arm=8822 gpu-wait-nr=8821 pending=1.
00:10:00.626  [fg-relay] evaluate: slot=0 nr=8822 import=1 stage=3.
00:10:00.650  [fg-relay] frame=9000 slot=0 nr=8822 ok=1 wrote=1 nr_entries=2 import=1 armed=9000 skipped=3 busy=0 mismatch=0 conflicts=0.
00:10:07.753  qpc=3585044005829 [focus-fg] state: enabled=1 hooked=1 foreground=0 minimized=0 hwnd=0000000021632F4C scope_calls=18488 original_false=15596 kept=15596 presents=48811 FG_evaluates=51521
00:10:11.623  [fg-relay] rate/15.0s p2 import_opt=1: presents=22.2/s present-gate[point=22.2 ready=0.0 fallback=0.0 inactive=0.0]/s noinfo=0.0/s stale=0.0/s unlearned=0.0/s attempts=22.2/s armed=22.2/s skipped=0.0/s busy=0.0/s arm-reject[state=0.0 request=0.0 refused=0.0 stopping=0.0 res=0.0 size=0.0]/s pool[cap=0.0 family=0.0 create=0.0 alloc=0.0]/s copy-drop[fence=0.0 reset=0.0 begin=0.0 end=0.0 submit=0.0]/s cf[seq=0.0/s idle=0.0/s nrfence=0.0/s] slotbusy=0.0/s copyfence-busy=0.0/s nr-gpuwait=11.7/s flips=0.0/s
00:10:11.623  [fg-relay] rate2: fginput eval=66.5/s index!=1=44.3/s eval-gate[off=0.0 fallback=0.0 notready=0.0 noinput=0.0 noqueue=0.0]/s relay eval=22.2/s consume=0.0/s inplace=22.2/s(ok 22.2/s) unarmed=0.0/s mismatch=0.0/s relbusy=0.0/s relok=22.2/s relfail=0.0/s release-stage[queue=0.0 pool=0.0 fence=0.0 reset=0.0 begin=0.0 end=0.0 submit=0.0]/s watchdog=0.0/s | worker plays=22.2/s ok=22.2/s fail=0.0/s nr_absent=0.0/s copyfail=0.0/s
00:10:11.623  [fg-relay] rate3: arm->arm avg=72.35ms max=169700.79ms n=9242 | arm->work avg=0.01ms max=0.78ms | arm->eval avg=0.00ms max=0.00ms | copywait avg=0.007ms max=0.176ms | copy-land<= avg=67.86ms max=169700.42ms | work avg=12.35ms max=179.40ms | totals armed=9243 unarmed=3 skipped=3 busy=0 mismatch=0 copies_failed=0 writes=9243 conflicts=0
00:10:11.623  [fg-relay] rate4: throttle depth=1 off=0 | sleep calls=22.2/s waits=22.2/s clear=0.0/s timeouts=0.0/s avg=37.04ms | present calls=22.2/s waits=0.0/s clear=0.0/s timeouts=0.0/s avg=0.00ms | max=106.12ms (process)
00:10:23.085  qpc=3585197332268 [focus-fg] state: enabled=1 hooked=1 foreground=0 minimized=0 hwnd=0000000021632F4C scope_calls=18829 original_false=15937 kept=15937 presents=49152 FG_evaluates=52543
00:10:26.653  [fg-relay] rate/15.0s p2 import_opt=1: presents=22.2/s present-gate[point=22.2 ready=0.0 fallback=0.0 inactive=0.0]/s noinfo=0.0/s stale=0.0/s unlearned=0.0/s attempts=22.2/s armed=22.2/s skipped=0.0/s busy=0.0/s arm-reject[state=0.0 request=0.0 refused=0.0 stopping=0.0 res=0.0 size=0.0]/s pool[cap=0.0 family=0.0 create=0.0 alloc=0.0]/s copy-drop[fence=0.0 reset=0.0 begin=0.0 end=0.0 submit=0.0]/s cf[seq=0.0/s idle=0.0/s nrfence=0.0/s] slotbusy=0.0/s copyfence-busy=0.0/s nr-gpuwait=11.5/s flips=0.0/s
00:10:26.653  [fg-relay] rate2: fginput eval=66.7/s index!=1=44.5/s eval-gate[off=0.0 fallback=0.0 notready=0.0 noinput=0.0 noqueue=0.0]/s relay eval=22.2/s consume=0.0/s inplace=22.2/s(ok 22.2/s) unarmed=0.0/s mismatch=0.0/s relbusy=0.0/s relok=22.2/s relfail=0.0/s release-stage[queue=0.0 pool=0.0 fence=0.0 reset=0.0 begin=0.0 end=0.0 submit=0.0]/s watchdog=0.0/s | worker plays=22.2/s ok=22.2/s fail=0.0/s nr_absent=0.0/s copyfail=0.0/s
00:10:26.653  [fg-relay] rate3: arm->arm avg=71.39ms max=169700.79ms n=9576 | arm->work avg=0.01ms max=0.78ms | arm->eval avg=0.00ms max=0.00ms | copywait avg=0.007ms max=0.176ms | copy-land<= avg=67.27ms max=169700.42ms | work avg=12.40ms max=179.40ms | totals armed=9577 unarmed=3 skipped=3 busy=0 mismatch=0 copies_failed=0 writes=9577 conflicts=0
00:10:26.654  [fg-relay] rate4: throttle depth=1 off=0 | sleep calls=22.2/s waits=22.2/s clear=0.0/s timeouts=0.0/s avg=36.90ms | present calls=22.2/s waits=0.0/s clear=0.0/s timeouts=0.0/s avg=0.00ms | max=106.12ms (process)
00:10:27.548  [bridge] 9600 frames delivered so far.
00:10:40.365  qpc=3585370127523 [focus-fg] state: enabled=1 hooked=1 foreground=0 minimized=0 hwnd=0000000021632F4C scope_calls=19211 original_false=16319 kept=16319 presents=49534 FG_evaluates=53690
00:10:41.671  [fg-relay] rate/15.0s p2 import_opt=1: presents=22.1/s present-gate[point=22.1 ready=0.0 fallback=0.0 inactive=0.0]/s noinfo=0.0/s stale=0.0/s unlearned=0.0/s attempts=22.1/s armed=22.1/s skipped=0.0/s busy=0.0/s arm-reject[state=0.0 request=0.0 refused=0.0 stopping=0.0 res=0.0 size=0.0]/s pool[cap=0.0 family=0.0 create=0.0 alloc=0.0]/s copy-drop[fence=0.0 reset=0.0 begin=0.0 end=0.0 submit=0.0]/s cf[seq=0.0/s idle=0.0/s nrfence=0.0/s] slotbusy=0.0/s copyfence-busy=0.0/s nr-gpuwait=11.8/s flips=0.0/s
00:10:41.671  [fg-relay] rate2: fginput eval=66.3/s index!=1=44.2/s eval-gate[off=0.0 fallback=0.0 notready=0.0 noinput=0.0 noqueue=0.0]/s relay eval=22.1/s consume=0.0/s inplace=22.1/s(ok 22.1/s) unarmed=0.0/s mismatch=0.0/s relbusy=0.0/s relok=22.1/s relfail=0.0/s release-stage[queue=0.0 pool=0.0 fence=0.0 reset=0.0 begin=0.0 end=0.0 submit=0.0]/s watchdog=0.0/s | worker plays=22.1/s ok=22.1/s fail=0.0/s nr_absent=0.0/s copyfail=0.0/s
00:10:41.671  [fg-relay] rate3: arm->arm avg=70.52ms max=169700.79ms n=9908 | arm->work avg=0.01ms max=0.78ms | arm->eval avg=0.00ms max=0.00ms | copywait avg=0.007ms max=0.176ms | copy-land<= avg=66.66ms max=169700.42ms | work avg=12.47ms max=179.40ms | totals armed=9909 unarmed=3 skipped=3 busy=0 mismatch=0 copies_failed=0 writes=9909 conflicts=0
00:10:41.671  [fg-relay] rate4: throttle depth=1 off=0 | sleep calls=22.1/s waits=22.1/s clear=0.0/s timeouts=0.0/s avg=37.04ms | present calls=22.1/s waits=0.0/s clear=0.0/s timeouts=0.0/s avg=0.00ms | max=106.12ms (process)
00:10:54.708  [bridge] 10200 frames delivered so far.
00:10:55.565  qpc=3585522128815 [focus-fg] state: enabled=1 hooked=1 foreground=0 minimized=0 hwnd=0000000021632F4C scope_calls=19547 original_false=16655 kept=16655 presents=49870 FG_evaluates=54698
00:10:56.697  [fg-relay] rate/15.0s p2 import_opt=1: presents=22.1/s present-gate[point=22.1 ready=0.0 fallback=0.0 inactive=0.0]/s noinfo=0.0/s stale=0.0/s unlearned=0.0/s attempts=22.1/s armed=22.1/s skipped=0.0/s busy=0.0/s arm-reject[state=0.0 request=0.0 refused=0.0 stopping=0.0 res=0.0 size=0.0]/s pool[cap=0.0 family=0.0 create=0.0 alloc=0.0]/s copy-drop[fence=0.0 reset=0.0 begin=0.0 end=0.0 submit=0.0]/s cf[seq=0.0/s idle=0.0/s nrfence=0.0/s] slotbusy=0.0/s copyfence-busy=0.0/s nr-gpuwait=11.7/s flips=0.0/s
00:10:56.697  [fg-relay] rate2: fginput eval=66.3/s index!=1=44.2/s eval-gate[off=0.0 fallback=0.0 notready=0.0 noinput=0.0 noqueue=0.0]/s relay eval=22.1/s consume=0.0/s inplace=22.1/s(ok 22.1/s) unarmed=0.0/s mismatch=0.0/s relbusy=0.0/s relok=22.1/s relfail=0.0/s release-stage[queue=0.0 pool=0.0 fence=0.0 reset=0.0 begin=0.0 end=0.0 submit=0.0]/s watchdog=0.0/s | worker plays=22.1/s ok=22.1/s fail=0.0/s nr_absent=0.0/s copyfail=0.0/s
00:10:56.697  [fg-relay] rate3: arm->arm avg=69.70ms max=169700.79ms n=10240 | arm->work avg=0.01ms max=0.78ms | arm->eval avg=0.00ms max=0.00ms | copywait avg=0.007ms max=0.176ms | copy-land<= avg=66.09ms max=169700.42ms | work avg=12.53ms max=179.40ms | totals armed=10241 unarmed=3 skipped=3 busy=0 mismatch=0 copies_failed=0 writes=10241 conflicts=0
00:10:56.697  [fg-relay] rate4: throttle depth=1 off=0 | sleep calls=22.1/s waits=22.1/s clear=0.0/s timeouts=0.0/s avg=36.87ms | present calls=22.1/s waits=0.0/s clear=0.0/s timeouts=0.0/s avg=0.00ms | max=106.12ms (process)
00:11:11.720  [fg-relay] rate/15.0s p2 import_opt=1: presents=22.3/s present-gate[point=22.3 ready=0.0 fallback=0.0 inactive=0.0]/s noinfo=0.0/s stale=0.0/s unlearned=0.0/s attempts=21.8/s armed=21.8/s skipped=0.0/s busy=0.0/s arm-reject[state=0.0 request=0.0 refused=0.0 stopping=0.0 res=0.0 size=0.0]/s pool[cap=0.0 family=0.0 create=0.0 alloc=0.0]/s copy-drop[fence=0.0 reset=0.0 begin=0.0 end=0.0 submit=0.0]/s cf[seq=0.0/s idle=0.0/s nrfence=0.0/s] slotbusy=0.0/s copyfence-busy=0.0/s nr-gpuwait=15.0/s flips=0.0/s
00:11:11.720  [fg-relay] rate2: fginput eval=65.3/s index!=1=43.5/s eval-gate[off=0.0 fallback=0.0 notready=0.0 noinput=0.0 noqueue=0.0]/s relay eval=21.8/s consume=0.0/s inplace=21.8/s(ok 21.8/s) unarmed=0.0/s mismatch=0.0/s relbusy=0.0/s relok=21.8/s relfail=0.0/s release-stage[queue=0.0 pool=0.0 fence=0.0 reset=0.0 begin=0.0 end=0.0 submit=0.0]/s watchdog=0.0/s | worker plays=21.8/s ok=21.8/s fail=0.0/s nr_absent=0.0/s copyfail=0.0/s
00:11:11.720  [fg-relay] rate3: arm->arm avg=68.96ms max=169700.79ms n=10568 | arm->work avg=0.01ms max=0.78ms | arm->eval avg=0.00ms max=0.00ms | copywait avg=0.007ms max=0.197ms | copy-land<= avg=65.51ms max=169700.42ms | work avg=12.53ms max=179.40ms | totals armed=10569 unarmed=3 skipped=3 busy=0 mismatch=0 copies_failed=0 writes=10569 conflicts=0
00:11:11.720  [fg-relay] rate4: throttle depth=1 off=0 | sleep calls=22.3/s waits=21.8/s clear=0.5/s timeouts=0.0/s avg=36.85ms | present calls=22.3/s waits=0.0/s clear=0.0/s timeouts=0.0/s avg=0.00ms | max=106.12ms (process)
00:11:11.807  qpc=3585684543592 [focus-fg] state: enabled=1 hooked=1 foreground=0 minimized=0 hwnd=0000000021632F4C scope_calls=19902 original_false=17010 kept=17010 presents=50232 FG_evaluates=55761
00:11:22.083  [bridge] 10800 frames delivered so far.
00:11:22.204  [fg-relay] armed by evaluate: hud=498d7ed0 back=417d90d0 depth=4d054ed0 mv=43853cd0 5120x2160 copy=10622 nr=10622 import=1 slot=0 arm=10622 gpu-wait-nr=10621 pending=1.
00:11:22.205  [fg-relay] evaluate: slot=0 nr=10622 import=1 stage=3.
00:11:22.214  [fg-relay] frame=10800 slot=0 nr=10622 ok=1 wrote=1 nr_entries=2 import=1 armed=10800 skipped=3 busy=0 mismatch=0 conflicts=0.
00:11:26.753  [fg-relay] rate/15.0s p2 import_opt=1: presents=23.8/s present-gate[point=23.8 ready=0.0 fallback=0.0 inactive=0.0]/s noinfo=0.0/s stale=0.0/s unlearned=0.0/s attempts=21.9/s armed=21.9/s skipped=0.0/s busy=0.0/s arm-reject[state=0.0 request=0.0 refused=0.0 stopping=0.0 res=0.0 size=0.0]/s pool[cap=0.0 family=0.0 create=0.0 alloc=0.0]/s copy-drop[fence=0.0 reset=0.0 begin=0.0 end=0.0 submit=0.0]/s cf[seq=0.0/s idle=0.0/s nrfence=0.0/s] slotbusy=0.0/s copyfence-busy=0.0/s nr-gpuwait=17.5/s flips=0.0/s
00:11:26.754  [fg-relay] rate2: fginput eval=65.8/s index!=1=43.9/s eval-gate[off=0.0 fallback=0.0 notready=0.0 noinput=0.0 noqueue=0.0]/s relay eval=21.9/s consume=0.0/s inplace=21.9/s(ok 21.9/s) unarmed=0.0/s mismatch=0.0/s relbusy=0.0/s relok=21.9/s relfail=0.0/s release-stage[queue=0.0 pool=0.0 fence=0.0 reset=0.0 begin=0.0 end=0.0 submit=0.0]/s watchdog=0.0/s | worker plays=21.9/s ok=21.9/s fail=0.0/s nr_absent=0.0/s copyfail=0.0/s
00:11:26.754  [fg-relay] rate3: arm->arm avg=68.25ms max=169700.79ms n=10897 | arm->work avg=0.01ms max=0.78ms | arm->eval avg=0.00ms max=0.00ms | copywait avg=0.007ms max=0.284ms | copy-land<= avg=64.94ms max=169700.42ms | work avg=12.48ms max=179.40ms | totals armed=10898 unarmed=3 skipped=3 busy=0 mismatch=0 copies_failed=0 writes=10898 conflicts=0
00:11:26.754  [fg-relay] rate4: throttle depth=1 off=0 | sleep calls=23.8/s waits=21.8/s clear=2.0/s timeouts=0.0/s avg=35.97ms | present calls=23.8/s waits=0.0/s clear=0.0/s timeouts=0.0/s avg=0.00ms | max=106.12ms (process)
00:11:28.006  qpc=3585846535199 [focus-fg] state: enabled=1 hooked=1 foreground=0 minimized=0 hwnd=0000000021632F4C scope_calls=20256 original_false=17364 kept=17364 presents=50615 FG_evaluates=56825
00:11:41.761  [fg-relay] rate/15.0s p2 import_opt=1: presents=23.1/s present-gate[point=23.1 ready=0.0 fallback=0.0 inactive=0.0]/s noinfo=0.0/s stale=0.0/s unlearned=0.0/s attempts=22.5/s armed=22.5/s skipped=0.0/s busy=0.0/s arm-reject[state=0.0 request=0.0 refused=0.0 stopping=0.0 res=0.0 size=0.0]/s pool[cap=0.0 family=0.0 create=0.0 alloc=0.0]/s copy-drop[fence=0.0 reset=0.0 begin=0.0 end=0.0 submit=0.0]/s cf[seq=0.0/s idle=0.0/s nrfence=0.0/s] slotbusy=0.0/s copyfence-busy=0.0/s nr-gpuwait=21.4/s flips=0.0/s
00:11:41.761  [fg-relay] rate2: fginput eval=67.3/s index!=1=44.8/s eval-gate[off=0.0 fallback=0.0 notready=0.0 noinput=0.0 noqueue=0.0]/s relay eval=22.5/s consume=0.0/s inplace=22.5/s(ok 22.5/s) unarmed=0.0/s mismatch=0.0/s relbusy=0.0/s relok=22.5/s relfail=0.0/s release-stage[queue=0.0 pool=0.0 fence=0.0 reset=0.0 begin=0.0 end=0.0 submit=0.0]/s watchdog=0.0/s | worker plays=22.5/s ok=22.5/s fail=0.0/s nr_absent=0.0/s copyfail=0.0/s
00:11:41.761  [fg-relay] rate3: arm->arm avg=67.54ms max=169700.79ms n=11234 | arm->work avg=0.01ms max=0.78ms | arm->eval avg=0.00ms max=0.00ms | copywait avg=0.007ms max=0.284ms | copy-land<= avg=64.34ms max=169700.42ms | work avg=12.37ms max=179.40ms | totals armed=11235 unarmed=3 skipped=3 busy=0 mismatch=0 copies_failed=0 writes=11235 conflicts=0
00:11:41.761  [fg-relay] rate4: throttle depth=1 off=0 | sleep calls=23.1/s waits=22.4/s clear=0.7/s timeouts=0.0/s avg=35.65ms | present calls=23.1/s waits=0.0/s clear=0.0/s timeouts=0.0/s avg=0.00ms | max=106.12ms (process)
00:11:43.171  qpc=3585998189261 [focus-fg] state: enabled=1 hooked=1 foreground=0 minimized=0 hwnd=0000000021632F4C scope_calls=20598 original_false=17706 kept=17706 presents=50966 FG_evaluates=57849
00:11:48.863  [bridge] 11400 frames delivered so far.
00:11:56.769  [fg-relay] rate/15.0s p2 import_opt=1: presents=22.5/s present-gate[point=22.5 ready=0.0 fallback=0.0 inactive=0.0]/s noinfo=0.0/s stale=0.0/s unlearned=0.0/s attempts=22.5/s armed=22.5/s skipped=0.0/s busy=0.0/s arm-reject[state=0.0 request=0.0 refused=0.0 stopping=0.0 res=0.0 size=0.0]/s pool[cap=0.0 family=0.0 create=0.0 alloc=0.0]/s copy-drop[fence=0.0 reset=0.0 begin=0.0 end=0.0 submit=0.0]/s cf[seq=0.0/s idle=0.0/s nrfence=0.0/s] slotbusy=0.0/s copyfence-busy=0.0/s nr-gpuwait=22.5/s flips=0.0/s
00:11:56.769  [fg-relay] rate2: fginput eval=67.5/s index!=1=45.0/s eval-gate[off=0.0 fallback=0.0 notready=0.0 noinput=0.0 noqueue=0.0]/s relay eval=22.5/s consume=0.0/s inplace=22.5/s(ok 22.5/s) unarmed=0.0/s mismatch=0.0/s relbusy=0.0/s relok=22.5/s relfail=0.0/s release-stage[queue=0.0 pool=0.0 fence=0.0 reset=0.0 begin=0.0 end=0.0 submit=0.0]/s watchdog=0.0/s | worker plays=22.5/s ok=22.5/s fail=0.0/s nr_absent=0.0/s copyfail=0.0/s
00:11:56.769  [fg-relay] rate3: arm->arm avg=66.87ms max=169700.79ms n=11572 | arm->work avg=0.01ms max=0.78ms | arm->eval avg=0.00ms max=0.00ms | copywait avg=0.007ms max=0.284ms | copy-land<= avg=63.76ms max=169700.42ms | work avg=12.25ms max=179.40ms | totals armed=11573 unarmed=3 skipped=3 busy=0 mismatch=0 copies_failed=0 writes=11573 conflicts=0
00:11:56.769  [fg-relay] rate4: throttle depth=1 off=0 | sleep calls=22.5/s waits=22.5/s clear=0.0/s timeouts=0.0/s avg=36.15ms | present calls=22.5/s waits=0.0/s clear=0.0/s timeouts=0.0/s avg=0.00ms | max=106.12ms (process)
00:11:59.426  qpc=3586160736492 [focus-fg] state: enabled=1 hooked=1 foreground=0 minimized=0 hwnd=0000000021632F4C scope_calls=20963 original_false=18071 kept=18071 presents=51331 FG_evaluates=58944
00:12:11.784  [fg-relay] rate/15.0s p2 import_opt=1: presents=22.5/s present-gate[point=22.5 ready=0.0 fallback=0.0 inactive=0.0]/s noinfo=0.0/s stale=0.0/s unlearned=0.0/s attempts=22.5/s armed=22.5/s skipped=0.0/s busy=0.0/s arm-reject[state=0.0 request=0.0 refused=0.0 stopping=0.0 res=0.0 size=0.0]/s pool[cap=0.0 family=0.0 create=0.0 alloc=0.0]/s copy-drop[fence=0.0 reset=0.0 begin=0.0 end=0.0 submit=0.0]/s cf[seq=0.0/s idle=0.0/s nrfence=0.0/s] slotbusy=0.0/s copyfence-busy=0.0/s nr-gpuwait=22.5/s flips=0.0/s
00:12:11.784  [fg-relay] rate2: fginput eval=67.5/s index!=1=45.0/s eval-gate[off=0.0 fallback=0.0 notready=0.0 noinput=0.0 noqueue=0.0]/s relay eval=22.5/s consume=0.0/s inplace=22.5/s(ok 22.5/s) unarmed=0.0/s mismatch=0.0/s relbusy=0.0/s relok=22.5/s relfail=0.0/s release-stage[queue=0.0 pool=0.0 fence=0.0 reset=0.0 begin=0.0 end=0.0 submit=0.0]/s watchdog=0.0/s | worker plays=22.5/s ok=22.5/s fail=0.0/s nr_absent=0.0/s copyfail=0.0/s
00:12:11.784  [fg-relay] rate3: arm->arm avg=66.23ms max=169700.79ms n=11910 | arm->work avg=0.01ms max=0.78ms | arm->eval avg=0.00ms max=0.00ms | copywait avg=0.007ms max=0.284ms | copy-land<= avg=63.21ms max=169700.42ms | work avg=12.14ms max=179.40ms | totals armed=11911 unarmed=3 skipped=3 busy=0 mismatch=0 copies_failed=0 writes=11911 conflicts=0
00:12:11.784  [fg-relay] rate4: throttle depth=1 off=0 | sleep calls=22.5/s waits=22.5/s clear=0.0/s timeouts=0.0/s avg=35.99ms | present calls=22.5/s waits=0.0/s clear=0.0/s timeouts=0.0/s avg=0.00ms | max=106.12ms (process)
00:12:12.669  qpc=3586293172345 [focus-fg] state: enabled=1 hooked=1 foreground=1 minimized=0 hwnd=0000000021632F4C scope_calls=21262 original_false=18363 kept=18363 presents=51630 FG_evaluates=59841
00:12:15.649  [bridge] 12000 frames delivered so far.
00:12:19.707  qpc=3586363553190 [focus-fg] state: enabled=1 hooked=1 foreground=0 minimized=0 hwnd=0000000021632F4C scope_calls=21416 original_false=18369 kept=18369 presents=51784 FG_evaluates=60303
00:12:22.740  qpc=3586393881940 [focus-fg] state: enabled=1 hooked=1 foreground=1 minimized=0 hwnd=0000000021632F4C scope_calls=21480 original_false=18419 kept=18419 presents=51861 FG_evaluates=60500
00:12:26.787  [fg-relay] rate/15.0s p2 import_opt=1: presents=23.1/s present-gate[point=23.1 ready=0.0 fallback=0.0 inactive=0.0]/s noinfo=0.0/s stale=0.0/s unlearned=0.0/s attempts=21.8/s armed=21.8/s skipped=0.0/s busy=0.0/s arm-reject[state=0.0 request=0.0 refused=0.0 stopping=0.0 res=0.0 size=0.0]/s pool[cap=0.0 family=0.0 create=0.0 alloc=0.0]/s copy-drop[fence=0.0 reset=0.0 begin=0.0 end=0.0 submit=0.0]/s cf[seq=0.0/s idle=0.0/s nrfence=0.0/s] slotbusy=0.0/s copyfence-busy=0.0/s nr-gpuwait=20.5/s flips=0.0/s
00:12:26.787  [fg-relay] rate2: fginput eval=65.4/s index!=1=43.6/s eval-gate[off=0.0 fallback=0.0 notready=0.0 noinput=0.0 noqueue=0.0]/s relay eval=21.8/s consume=0.0/s inplace=21.8/s(ok 21.8/s) unarmed=0.0/s mismatch=0.0/s relbusy=0.0/s relok=21.8/s relfail=0.0/s release-stage[queue=0.0 pool=0.0 fence=0.0 reset=0.0 begin=0.0 end=0.0 submit=0.0]/s watchdog=0.0/s | worker plays=21.8/s ok=21.8/s fail=0.0/s nr_absent=0.0/s copyfail=0.0/s
00:12:26.787  [fg-relay] rate3: arm->arm avg=65.69ms max=169700.79ms n=12237 | arm->work avg=0.01ms max=0.78ms | arm->eval avg=0.00ms max=0.00ms | copywait avg=0.007ms max=0.284ms | copy-land<= avg=62.77ms max=169700.42ms | work avg=12.07ms max=179.40ms | totals armed=12238 unarmed=3 skipped=3 busy=0 mismatch=0 copies_failed=0 writes=12238 conflicts=0
00:12:26.787  [fg-relay] rate4: throttle depth=1 off=0 | sleep calls=23.1/s waits=21.8/s clear=1.3/s timeouts=0.0/s avg=35.55ms | present calls=23.1/s waits=0.0/s clear=0.0/s timeouts=0.0/s avg=0.00ms | max=106.12ms (process)
00:12:29.156  qpc=3586458009640 [focus-fg] game SetOptions unchanged: readable=1 version=4 mode=0 generated=1 flags=0x8 retain_when_off=1 guides=0x0 colour=0x0 result=0x0 foreground=1 minimized=0
00:12:30.469  [fg-guides] output=5120x2160 depth=5120x2160 rect=0,0+5120x2160 mv=5120x2160 rect=0,0+5120x2160 mv-scale=5120,2160 carrier-scale=5120,2160 jitter=0.375,0.0555556 jittered=0 inverted=1 reset=1 gpu-nearest=0/0.
00:12:30.471  qpc=3586471150775 [focus-fg] game SetOptions unchanged: readable=1 version=4 mode=1 generated=3 flags=0x0 retain_when_off=0 guides=0x0 colour=0x0 result=0x0 foreground=1 minimized=0
00:12:34.870  qpc=3586515175203 [focus-fg] state: enabled=1 hooked=1 foreground=0 minimized=0 hwnd=0000000021632F4C scope_calls=21720 original_false=18441 kept=18441 presents=52260 FG_evaluates=61215
00:12:36.902  qpc=3586535494326 [focus-fg] state: enabled=1 hooked=1 foreground=1 minimized=0 hwnd=0000000021632F4C scope_calls=21759 original_false=18468 kept=18468 presents=52320 FG_evaluates=61337
00:12:40.974  qpc=3586576217720 [focus-fg] state: enabled=1 hooked=1 foreground=0 minimized=0 hwnd=0000000021632F4C scope_calls=21850 original_false=18469 kept=18469 presents=52411 FG_evaluates=61605
00:12:41.812  [fg-relay] rate/15.0s p2 import_opt=1: presents=31.5/s present-gate[point=31.5 ready=0.0 fallback=0.0 inactive=0.0]/s noinfo=0.0/s stale=0.0/s unlearned=0.0/s attempts=20.0/s armed=20.0/s skipped=0.0/s busy=0.0/s arm-reject[state=0.0 request=0.0 refused=0.0 stopping=0.0 res=0.0 size=0.0]/s pool[cap=0.0 family=0.0 create=0.0 alloc=0.0]/s copy-drop[fence=0.0 reset=0.0 begin=0.0 end=0.0 submit=0.0]/s cf[seq=0.0/s idle=0.0/s nrfence=0.0/s] slotbusy=0.0/s copyfence-busy=0.0/s nr-gpuwait=19.5/s flips=0.0/s
00:12:41.812  [fg-relay] rate2: fginput eval=59.9/s index!=1=39.9/s eval-gate[off=0.0 fallback=0.0 notready=0.0 noinput=0.0 noqueue=0.0]/s relay eval=20.0/s consume=0.0/s inplace=20.0/s(ok 20.0/s) unarmed=0.0/s mismatch=0.0/s relbusy=0.0/s relok=20.0/s relfail=0.0/s release-stage[queue=0.0 pool=0.0 fence=0.0 reset=0.0 begin=0.0 end=0.0 submit=0.0]/s watchdog=0.0/s | worker plays=20.0/s ok=20.0/s fail=0.0/s nr_absent=0.0/s copyfail=0.0/s
00:12:41.812  [fg-relay] rate3: arm->arm avg=65.31ms max=169700.79ms n=12537 | arm->work avg=0.01ms max=0.78ms | arm->eval avg=0.00ms max=0.00ms | copywait avg=0.007ms max=0.284ms | copy-land<= avg=62.47ms max=169700.42ms | work avg=11.98ms max=179.40ms | totals armed=12538 unarmed=3 skipped=3 busy=0 mismatch=0 copies_failed=0 writes=12538 conflicts=0
00:12:41.812  [fg-relay] rate4: throttle depth=1 off=0 | sleep calls=31.5/s waits=19.8/s clear=11.7/s timeouts=0.0/s avg=34.88ms | present calls=31.5/s waits=0.0/s clear=0.0/s timeouts=0.0/s avg=0.00ms | max=106.12ms (process)
00:12:44.526  [bridge] 12600 frames delivered so far.
00:12:44.630  [fg-relay] armed by evaluate: hud=498d7ed0 back=417d9cd0 depth=4d054ed0 mv=43853cd0 5120x2160 copy=12422 nr=12422 import=1 slot=0 arm=12422 gpu-wait-nr=12421 pending=1.
00:12:44.630  [fg-relay] evaluate: slot=0 nr=12422 import=1 stage=3.
00:12:44.656  [fg-relay] frame=12600 slot=0 nr=12422 ok=1 wrote=1 nr_entries=2 import=1 armed=12600 skipped=3 busy=0 mismatch=0 conflicts=0.
00:12:56.211  qpc=3586728590389 [focus-fg] state: enabled=1 hooked=1 foreground=0 minimized=0 hwnd=0000000021632F4C scope_calls=22182 original_false=18787 kept=18787 presents=52761 FG_evaluates=62601
00:12:56.820  [fg-relay] rate/15.0s p2 import_opt=1: presents=23.0/s present-gate[point=23.0 ready=0.0 fallback=0.0 inactive=0.0]/s noinfo=0.0/s stale=0.0/s unlearned=0.0/s attempts=21.8/s armed=21.8/s skipped=0.0/s busy=0.0/s arm-reject[state=0.0 request=0.0 refused=0.0 stopping=0.0 res=0.0 size=0.0]/s pool[cap=0.0 family=0.0 create=0.0 alloc=0.0]/s copy-drop[fence=0.0 reset=0.0 begin=0.0 end=0.0 submit=0.0]/s cf[seq=0.0/s idle=0.0/s nrfence=0.0/s] slotbusy=0.0/s copyfence-busy=0.0/s nr-gpuwait=15.2/s flips=0.0/s
00:12:56.820  [fg-relay] rate2: fginput eval=65.4/s index!=1=43.6/s eval-gate[off=0.0 fallback=0.0 notready=0.0 noinput=0.0 noqueue=0.0]/s relay eval=21.8/s consume=0.0/s inplace=21.8/s(ok 21.8/s) unarmed=0.0/s mismatch=0.0/s relbusy=0.0/s relok=21.8/s relfail=0.0/s release-stage[queue=0.0 pool=0.0 fence=0.0 reset=0.0 begin=0.0 end=0.0 submit=0.0]/s watchdog=0.0/s | worker plays=21.8/s ok=21.8/s fail=0.0/s nr_absent=0.0/s copyfail=0.0/s
00:12:56.820  [fg-relay] rate3: arm->arm avg=64.82ms max=169700.79ms n=12864 | arm->work avg=0.01ms max=0.78ms | arm->eval avg=0.00ms max=0.00ms | copywait avg=0.007ms max=0.284ms | copy-land<= avg=62.12ms max=169700.42ms | work avg=11.99ms max=179.40ms | totals armed=12865 unarmed=3 skipped=3 busy=0 mismatch=0 copies_failed=0 writes=12865 conflicts=0
00:12:56.820  [fg-relay] rate4: throttle depth=1 off=0 | sleep calls=23.0/s waits=21.7/s clear=1.3/s timeouts=0.0/s avg=36.26ms | present calls=23.0/s waits=0.0/s clear=0.0/s timeouts=0.0/s avg=0.00ms | max=106.12ms (process)
00:13:11.275  qpc=3586879225844 [focus-fg] state: enabled=1 hooked=1 foreground=0 minimized=0 hwnd=0000000021632F4C scope_calls=22527 original_false=19132 kept=19132 presents=53106 FG_evaluates=63636
00:13:11.303  [bridge] 13200 frames delivered so far.
00:13:11.839  [fg-relay] rate/15.0s p2 import_opt=1: presents=22.9/s present-gate[point=22.9 ready=0.0 fallback=0.0 inactive=0.0]/s noinfo=0.0/s stale=0.0/s unlearned=0.0/s attempts=22.9/s armed=22.9/s skipped=0.0/s busy=0.0/s arm-reject[state=0.0 request=0.0 refused=0.0 stopping=0.0 res=0.0 size=0.0]/s pool[cap=0.0 family=0.0 create=0.0 alloc=0.0]/s copy-drop[fence=0.0 reset=0.0 begin=0.0 end=0.0 submit=0.0]/s cf[seq=0.0/s idle=0.0/s nrfence=0.0/s] slotbusy=0.0/s copyfence-busy=0.0/s nr-gpuwait=22.9/s flips=0.0/s
00:13:11.840  [fg-relay] rate2: fginput eval=68.7/s index!=1=45.8/s eval-gate[off=0.0 fallback=0.0 notready=0.0 noinput=0.0 noqueue=0.0]/s relay eval=22.9/s consume=0.0/s inplace=22.9/s(ok 22.9/s) unarmed=0.0/s mismatch=0.0/s relbusy=0.0/s relok=22.9/s relfail=0.0/s release-stage[queue=0.0 pool=0.0 fence=0.0 reset=0.0 begin=0.0 end=0.0 submit=0.0]/s watchdog=0.0/s | worker plays=22.9/s ok=22.9/s fail=0.0/s nr_absent=0.0/s copyfail=0.0/s
00:13:11.840  [fg-relay] rate3: arm->arm avg=64.27ms max=169700.79ms n=13208 | arm->work avg=0.01ms max=0.78ms | arm->eval avg=0.00ms max=0.00ms | copywait avg=0.007ms max=0.284ms | copy-land<= avg=61.64ms max=169700.42ms | work avg=11.89ms max=179.40ms | totals armed=13209 unarmed=3 skipped=3 busy=0 mismatch=0 copies_failed=0 writes=13209 conflicts=0
00:13:11.840  [fg-relay] rate4: throttle depth=1 off=0 | sleep calls=22.9/s waits=22.9/s clear=0.0/s timeouts=0.0/s avg=35.22ms | present calls=22.9/s waits=0.0/s clear=0.0/s timeouts=0.0/s avg=0.00ms | max=106.12ms (process)
00:13:26.353  qpc=3587030003175 [focus-fg] state: enabled=1 hooked=1 foreground=0 minimized=0 hwnd=0000000021632F4C scope_calls=22872 original_false=19477 kept=19477 presents=53451 FG_evaluates=64671
00:13:26.826  [fg-relay] rate/15.0s p2 import_opt=1: presents=22.9/s present-gate[point=22.9 ready=0.0 fallback=0.0 inactive=0.0]/s noinfo=0.0/s stale=0.0/s unlearned=0.0/s attempts=22.9/s armed=22.9/s skipped=0.0/s busy=0.0/s arm-reject[state=0.0 request=0.0 refused=0.0 stopping=0.0 res=0.0 size=0.0]/s pool[cap=0.0 family=0.0 create=0.0 alloc=0.0]/s copy-drop[fence=0.0 reset=0.0 begin=0.0 end=0.0 submit=0.0]/s cf[seq=0.0/s idle=0.0/s nrfence=0.0/s] slotbusy=0.0/s copyfence-busy=0.0/s nr-gpuwait=22.9/s flips=0.0/s
00:13:26.827  [fg-relay] rate2: fginput eval=68.6/s index!=1=45.7/s eval-gate[off=0.0 fallback=0.0 notready=0.0 noinput=0.0 noqueue=0.0]/s relay eval=22.9/s consume=0.0/s inplace=22.9/s(ok 22.9/s) unarmed=0.0/s mismatch=0.0/s relbusy=0.0/s relok=22.9/s relfail=0.0/s release-stage[queue=0.0 pool=0.0 fence=0.0 reset=0.0 begin=0.0 end=0.0 submit=0.0]/s watchdog=0.0/s | worker plays=22.9/s ok=22.9/s fail=0.0/s nr_absent=0.0/s copyfail=0.0/s
00:13:26.827  [fg-relay] rate3: arm->arm avg=63.75ms max=169700.79ms n=13551 | arm->work avg=0.01ms max=0.78ms | arm->eval avg=0.00ms max=0.00ms | copywait avg=0.007ms max=0.284ms | copy-land<= avg=61.18ms max=169700.42ms | work avg=11.80ms max=179.40ms | totals armed=13552 unarmed=3 skipped=3 busy=0 mismatch=0 copies_failed=0 writes=13552 conflicts=0
00:13:26.827  [fg-relay] rate4: throttle depth=1 off=0 | sleep calls=22.9/s waits=22.9/s clear=0.0/s timeouts=0.0/s avg=35.34ms | present calls=22.9/s waits=0.0/s clear=0.0/s timeouts=0.0/s avg=0.00ms | max=106.12ms (process)
00:13:37.502  [bridge] 13800 frames delivered so far.
00:13:41.434  qpc=3587180824775 [focus-fg] state: enabled=1 hooked=1 foreground=0 minimized=0 hwnd=0000000021632F4C scope_calls=23217 original_false=19822 kept=19822 presents=53796 FG_evaluates=65706
00:13:41.866  [fg-relay] rate/15.0s p2 import_opt=1: presents=22.9/s present-gate[point=22.9 ready=0.0 fallback=0.0 inactive=0.0]/s noinfo=0.0/s stale=0.0/s unlearned=0.0/s attempts=22.9/s armed=22.9/s skipped=0.0/s busy=0.0/s arm-reject[state=0.0 request=0.0 refused=0.0 stopping=0.0 res=0.0 size=0.0]/s pool[cap=0.0 family=0.0 create=0.0 alloc=0.0]/s copy-drop[fence=0.0 reset=0.0 begin=0.0 end=0.0 submit=0.0]/s cf[seq=0.0/s idle=0.0/s nrfence=0.0/s] slotbusy=0.0/s copyfence-busy=0.0/s nr-gpuwait=22.9/s flips=0.0/s
00:13:41.866  [fg-relay] rate2: fginput eval=68.7/s index!=1=45.8/s eval-gate[off=0.0 fallback=0.0 notready=0.0 noinput=0.0 noqueue=0.0]/s relay eval=22.9/s consume=0.0/s inplace=22.9/s(ok 22.9/s) unarmed=0.0/s mismatch=0.0/s relbusy=0.0/s relok=22.9/s relfail=0.0/s release-stage[queue=0.0 pool=0.0 fence=0.0 reset=0.0 begin=0.0 end=0.0 submit=0.0]/s watchdog=0.0/s | worker plays=22.9/s ok=22.9/s fail=0.0/s nr_absent=0.0/s copyfail=0.0/s
00:13:41.867  [fg-relay] rate3: arm->arm avg=63.25ms max=169700.79ms n=13895 | arm->work avg=0.01ms max=0.78ms | arm->eval avg=0.00ms max=0.00ms | copywait avg=0.007ms max=0.284ms | copy-land<= avg=60.75ms max=169700.42ms | work avg=11.71ms max=179.40ms | totals armed=13896 unarmed=3 skipped=3 busy=0 mismatch=0 copies_failed=0 writes=13896 conflicts=0
00:13:41.867  [fg-relay] rate4: throttle depth=1 off=0 | sleep calls=22.9/s waits=22.9/s clear=0.0/s timeouts=0.0/s avg=35.49ms | present calls=22.9/s waits=0.0/s clear=0.0/s timeouts=0.0/s avg=0.00ms | max=106.12ms (process)
00:13:56.499  qpc=3587331464938 [focus-fg] state: enabled=1 hooked=1 foreground=0 minimized=0 hwnd=0000000021632F4C scope_calls=23564 original_false=20169 kept=20169 presents=54143 FG_evaluates=66747
00:13:56.879  [fg-relay] rate/15.0s p2 import_opt=1: presents=23.0/s present-gate[point=23.0 ready=0.0 fallback=0.0 inactive=0.0]/s noinfo=0.0/s stale=0.0/s unlearned=0.0/s attempts=23.0/s armed=23.0/s skipped=0.0/s busy=0.0/s arm-reject[state=0.0 request=0.0 refused=0.0 stopping=0.0 res=0.0 size=0.0]/s pool[cap=0.0 family=0.0 create=0.0 alloc=0.0]/s copy-drop[fence=0.0 reset=0.0 begin=0.0 end=0.0 submit=0.0]/s cf[seq=0.0/s idle=0.0/s nrfence=0.0/s] slotbusy=0.0/s copyfence-busy=0.0/s nr-gpuwait=23.0/s flips=0.0/s
00:13:56.879  [fg-relay] rate2: fginput eval=69.1/s index!=1=46.1/s eval-gate[off=0.0 fallback=0.0 notready=0.0 noinput=0.0 noqueue=0.0]/s relay eval=23.0/s consume=0.0/s inplace=23.0/s(ok 23.0/s) unarmed=0.0/s mismatch=0.0/s relbusy=0.0/s relok=23.0/s relfail=0.0/s release-stage[queue=0.0 pool=0.0 fence=0.0 reset=0.0 begin=0.0 end=0.0 submit=0.0]/s watchdog=0.0/s | worker plays=23.0/s ok=23.0/s fail=0.0/s nr_absent=0.0/s copyfail=0.0/s
00:13:56.879  [fg-relay] rate3: arm->arm avg=62.77ms max=169700.79ms n=14241 | arm->work avg=0.01ms max=0.78ms | arm->eval avg=0.00ms max=0.00ms | copywait avg=0.007ms max=0.284ms | copy-land<= avg=60.32ms max=169700.42ms | work avg=11.62ms max=179.40ms | totals armed=14242 unarmed=3 skipped=3 busy=0 mismatch=0 copies_failed=0 writes=14242 conflicts=0
00:13:56.879  [fg-relay] rate4: throttle depth=1 off=0 | sleep calls=23.0/s waits=23.0/s clear=0.0/s timeouts=0.0/s avg=35.07ms | present calls=23.0/s waits=0.0/s clear=0.0/s timeouts=0.0/s avg=0.00ms | max=106.12ms (process)
00:13:59.568  qpc=3587362157489 [focus-fg] state: enabled=1 hooked=1 foreground=1 minimized=0 hwnd=0000000021632F4C scope_calls=23636 original_false=20220 kept=20220 presents=54215 FG_evaluates=66963
00:14:02.578  qpc=3587392262866 [focus-fg] state: enabled=1 hooked=1 foreground=0 minimized=0 hwnd=0000000021632F4C scope_calls=23705 original_false=20238 kept=20238 presents=54284 FG_evaluates=67170
00:14:03.568  [bridge] 14400 frames delivered so far.
00:14:03.690  [fg-relay] armed by evaluate: hud=498d7ed0 back=417d90d0 depth=4d054ed0 mv=43853cd0 5120x2160 copy=14222 nr=14222 import=1 slot=0 arm=14222 gpu-wait-nr=14221 pending=1.
00:14:03.690  [fg-relay] evaluate: slot=0 nr=14222 import=1 stage=3.
00:14:03.699  [fg-relay] frame=14400 slot=0 nr=14222 ok=1 wrote=1 nr_entries=2 import=1 armed=14400 skipped=3 busy=0 mismatch=0 conflicts=0.
00:14:06.609  qpc=3587432573390 [focus-fg] state: enabled=1 hooked=1 foreground=1 minimized=0 hwnd=0000000021632F4C scope_calls=23793 original_false=20312 kept=20312 presents=54383 FG_evaluates=67436
00:14:09.639  qpc=3587462869754 [focus-fg] state: enabled=1 hooked=1 foreground=0 minimized=0 hwnd=0000000021632F4C scope_calls=23859 original_false=20320 kept=20320 presents=54458 FG_evaluates=67632
00:14:11.914  [fg-relay] rate/15.0s p2 import_opt=1: presents=24.4/s present-gate[point=24.4 ready=0.0 fallback=0.0 inactive=0.0]/s noinfo=0.0/s stale=0.0/s unlearned=0.0/s attempts=22.4/s armed=22.4/s skipped=0.0/s busy=0.0/s arm-reject[state=0.0 request=0.0 refused=0.0 stopping=0.0 res=0.0 size=0.0]/s pool[cap=0.0 family=0.0 create=0.0 alloc=0.0]/s copy-drop[fence=0.0 reset=0.0 begin=0.0 end=0.0 submit=0.0]/s cf[seq=0.0/s idle=0.0/s nrfence=0.0/s] slotbusy=0.0/s copyfence-busy=0.0/s nr-gpuwait=20.2/s flips=0.0/s
00:14:11.914  [fg-relay] rate2: fginput eval=67.2/s index!=1=44.8/s eval-gate[off=0.0 fallback=0.0 notready=0.0 noinput=0.0 noqueue=0.0]/s relay eval=22.4/s consume=0.0/s inplace=22.4/s(ok 22.4/s) unarmed=0.0/s mismatch=0.0/s relbusy=0.0/s relok=22.4/s relfail=0.0/s release-stage[queue=0.0 pool=0.0 fence=0.0 reset=0.0 begin=0.0 end=0.0 submit=0.0]/s watchdog=0.0/s | worker plays=22.4/s ok=22.4/s fail=0.0/s nr_absent=0.0/s copyfail=0.0/s
00:14:11.914  [fg-relay] rate3: arm->arm avg=62.35ms max=169700.79ms n=14577 | arm->work avg=0.01ms max=1.24ms | arm->eval avg=0.00ms max=0.00ms | copywait avg=0.007ms max=0.284ms | copy-land<= avg=59.98ms max=169700.42ms | work avg=11.57ms max=179.40ms | totals armed=14578 unarmed=3 skipped=3 busy=0 mismatch=0 copies_failed=0 writes=14578 conflicts=0
00:14:11.915  [fg-relay] rate4: throttle depth=1 off=0 | sleep calls=24.4/s waits=22.4/s clear=2.1/s timeouts=0.0/s avg=34.02ms | present calls=24.4/s waits=0.0/s clear=0.0/s timeouts=0.0/s avg=0.00ms | max=106.12ms (process)
00:14:24.932  qpc=3587615800101 [focus-fg] state: enabled=1 hooked=1 foreground=0 minimized=0 hwnd=0000000021632F4C scope_calls=24194 original_false=20655 kept=20655 presents=54812 FG_evaluates=68640
00:14:26.909  [fg-relay] rate/15.0s p2 import_opt=1: presents=23.0/s present-gate[point=23.0 ready=0.0 fallback=0.0 inactive=0.0]/s noinfo=0.0/s stale=0.0/s unlearned=0.0/s attempts=21.9/s armed=21.9/s skipped=0.0/s busy=0.0/s arm-reject[state=0.0 request=0.0 refused=0.0 stopping=0.0 res=0.0 size=0.0]/s pool[cap=0.0 family=0.0 create=0.0 alloc=0.0]/s copy-drop[fence=0.0 reset=0.0 begin=0.0 end=0.0 submit=0.0]/s cf[seq=0.0/s idle=0.0/s nrfence=0.0/s] slotbusy=0.0/s copyfence-busy=0.0/s nr-gpuwait=12.7/s flips=0.0/s
00:14:26.909  [fg-relay] rate2: fginput eval=65.6/s index!=1=43.7/s eval-gate[off=0.0 fallback=0.0 notready=0.0 noinput=0.0 noqueue=0.0]/s relay eval=21.9/s consume=0.0/s inplace=21.9/s(ok 21.9/s) unarmed=0.0/s mismatch=0.0/s relbusy=0.0/s relok=21.9/s relfail=0.0/s release-stage[queue=0.0 pool=0.0 fence=0.0 reset=0.0 begin=0.0 end=0.0 submit=0.0]/s watchdog=0.0/s | worker plays=21.9/s ok=21.9/s fail=0.0/s nr_absent=0.0/s copyfail=0.0/s
00:14:26.909  [fg-relay] rate3: arm->arm avg=61.99ms max=169700.79ms n=14905 | arm->work avg=0.01ms max=1.24ms | arm->eval avg=0.00ms max=0.00ms | copywait avg=0.007ms max=0.284ms | copy-land<= avg=59.80ms max=169700.42ms | work avg=11.63ms max=179.40ms | totals armed=14906 unarmed=3 skipped=3 busy=0 mismatch=0 copies_failed=0 writes=14906 conflicts=0
00:14:26.909  [fg-relay] rate4: throttle depth=1 off=0 | sleep calls=23.0/s waits=21.8/s clear=1.2/s timeouts=0.0/s avg=36.44ms | present calls=23.0/s waits=0.0/s clear=0.0/s timeouts=0.0/s avg=0.00ms | max=106.12ms (process)
00:14:31.059  [bridge] 15000 frames delivered so far.
00:14:40.221  qpc=3587768690000 [focus-fg] state: enabled=1 hooked=1 foreground=0 minimized=0 hwnd=0000000021632F4C scope_calls=24540 original_false=21001 kept=21001 presents=55176 FG_evaluates=69675
00:14:41.917  [fg-relay] rate/15.0s p2 import_opt=1: presents=23.5/s present-gate[point=23.5 ready=0.0 fallback=0.0 inactive=0.0]/s noinfo=0.0/s stale=0.0/s unlearned=0.0/s attempts=22.9/s armed=22.9/s skipped=0.0/s busy=0.0/s arm-reject[state=0.0 request=0.0 refused=0.0 stopping=0.0 res=0.0 size=0.0]/s pool[cap=0.0 family=0.0 create=0.0 alloc=0.0]/s copy-drop[fence=0.0 reset=0.0 begin=0.0 end=0.0 submit=0.0]/s cf[seq=0.0/s idle=0.0/s nrfence=0.0/s] slotbusy=0.0/s copyfence-busy=0.0/s nr-gpuwait=22.6/s flips=0.0/s
00:14:41.917  [fg-relay] rate2: fginput eval=68.5/s index!=1=45.6/s eval-gate[off=0.0 fallback=0.0 notready=0.0 noinput=0.0 noqueue=0.0]/s relay eval=22.9/s consume=0.0/s inplace=22.9/s(ok 22.9/s) unarmed=0.0/s mismatch=0.0/s relbusy=0.0/s relok=22.9/s relfail=0.0/s release-stage[queue=0.0 pool=0.0 fence=0.0 reset=0.0 begin=0.0 end=0.0 submit=0.0]/s watchdog=0.0/s | worker plays=22.9/s ok=22.9/s fail=0.0/s nr_absent=0.0/s copyfail=0.0/s
00:14:41.918  [fg-relay] rate3: arm->arm avg=61.58ms max=169700.79ms n=15248 | arm->work avg=0.01ms max=1.24ms | arm->eval avg=0.00ms max=0.00ms | copywait avg=0.007ms max=0.284ms | copy-land<= avg=59.46ms max=169700.42ms | work avg=11.55ms max=179.40ms | totals armed=15249 unarmed=3 skipped=3 busy=0 mismatch=0 copies_failed=0 writes=15249 conflicts=0
00:14:41.918  [fg-relay] rate4: throttle depth=1 off=0 | sleep calls=23.5/s waits=22.9/s clear=0.6/s timeouts=0.0/s avg=34.89ms | present calls=23.5/s waits=0.0/s clear=0.0/s timeouts=0.0/s avg=0.00ms | max=106.12ms (process)
00:14:55.519  qpc=3587921671438 [focus-fg] state: enabled=1 hooked=1 foreground=1 minimized=0 hwnd=0000000021632F4C scope_calls=24896 original_false=21349 kept=21349 presents=55532 FG_evaluates=70743
00:14:56.884  [bridge] 15600 frames delivered so far.
00:14:56.952  [fg-relay] rate/15.0s p2 import_opt=1: presents=23.2/s present-gate[point=23.2 ready=0.0 fallback=0.0 inactive=0.0]/s noinfo=0.0/s stale=0.0/s unlearned=0.0/s attempts=23.2/s armed=23.2/s skipped=0.0/s busy=0.0/s arm-reject[state=0.0 request=0.0 refused=0.0 stopping=0.0 res=0.0 size=0.0]/s pool[cap=0.0 family=0.0 create=0.0 alloc=0.0]/s copy-drop[fence=0.0 reset=0.0 begin=0.0 end=0.0 submit=0.0]/s cf[seq=0.0/s idle=0.0/s nrfence=0.0/s] slotbusy=0.0/s copyfence-busy=0.0/s nr-gpuwait=23.2/s flips=0.0/s
00:14:56.952  [fg-relay] rate2: fginput eval=69.6/s index!=1=46.4/s eval-gate[off=0.0 fallback=0.0 notready=0.0 noinput=0.0 noqueue=0.0]/s relay eval=23.2/s consume=0.0/s inplace=23.2/s(ok 23.2/s) unarmed=0.0/s mismatch=0.0/s relbusy=0.0/s relok=23.2/s relfail=0.0/s release-stage[queue=0.0 pool=0.0 fence=0.0 reset=0.0 begin=0.0 end=0.0 submit=0.0]/s watchdog=0.0/s | worker plays=23.2/s ok=23.2/s fail=0.0/s nr_absent=0.0/s copyfail=0.0/s
00:14:56.952  [fg-relay] rate3: arm->arm avg=61.16ms max=169700.79ms n=15597 | arm->work avg=0.01ms max=1.24ms | arm->eval avg=0.00ms max=0.00ms | copywait avg=0.007ms max=0.284ms | copy-land<= avg=59.09ms max=169700.42ms | work avg=11.47ms max=179.40ms | totals armed=15598 unarmed=3 skipped=3 busy=0 mismatch=0 copies_failed=0 writes=15598 conflicts=0
00:14:56.952  [fg-relay] rate4: throttle depth=1 off=0 | sleep calls=23.2/s waits=23.2/s clear=0.0/s timeouts=0.0/s avg=34.58ms | present calls=23.2/s waits=0.0/s clear=0.0/s timeouts=0.0/s avg=0.00ms | max=106.12ms (process)
00:14:57.558  qpc=3587942053881 [focus-fg] state: enabled=1 hooked=1 foreground=0 minimized=0 hwnd=0000000021632F4C scope_calls=24943 original_false=21364 kept=21364 presents=55579 FG_evaluates=70884
00:15:06.648  qpc=3588032953472 [focus-fg] state: enabled=1 hooked=1 foreground=1 minimized=0 hwnd=0000000021632F4C scope_calls=25143 original_false=21535 kept=21535 presents=55823 FG_evaluates=71484
00:15:07.687  qpc=3588043346493 [focus-fg] state: enabled=1 hooked=1 foreground=0 minimized=0 hwnd=0000000021632F4C scope_calls=25167 original_false=21549 kept=21549 presents=55847 FG_evaluates=71556
00:15:09.710  qpc=3588063576871 [focus-fg] state: enabled=1 hooked=1 foreground=1 minimized=0 hwnd=0000000021632F4C scope_calls=25212 original_false=21583 kept=21583 presents=55903 FG_evaluates=71693
00:15:11.952  [fg-relay] rate/15.0s p2 import_opt=1: presents=26.4/s present-gate[point=26.4 ready=0.0 fallback=0.0 inactive=0.0]/s noinfo=0.0/s stale=0.0/s unlearned=0.0/s attempts=22.1/s armed=22.1/s skipped=0.0/s busy=0.0/s arm-reject[state=0.0 request=0.0 refused=0.0 stopping=0.0 res=0.0 size=0.0]/s pool[cap=0.0 family=0.0 create=0.0 alloc=0.0]/s copy-drop[fence=0.0 reset=0.0 begin=0.0 end=0.0 submit=0.0]/s cf[seq=0.0/s idle=0.0/s nrfence=0.0/s] slotbusy=0.0/s copyfence-busy=0.0/s nr-gpuwait=19.9/s flips=0.0/s
00:15:11.952  [fg-relay] rate2: fginput eval=66.4/s index!=1=44.3/s eval-gate[off=0.0 fallback=0.0 notready=0.0 noinput=0.0 noqueue=0.0]/s relay eval=22.1/s consume=0.0/s inplace=22.1/s(ok 22.1/s) unarmed=0.0/s mismatch=0.0/s relbusy=0.0/s relok=22.1/s relfail=0.0/s release-stage[queue=0.0 pool=0.0 fence=0.0 reset=0.0 begin=0.0 end=0.0 submit=0.0]/s watchdog=0.0/s | worker plays=22.1/s ok=22.1/s fail=0.0/s nr_absent=0.0/s copyfail=0.0/s
00:15:11.952  [fg-relay] rate3: arm->arm avg=60.83ms max=169700.79ms n=15929 | arm->work avg=0.01ms max=1.24ms | arm->eval avg=0.00ms max=0.00ms | copywait avg=0.007ms max=0.284ms | copy-land<= avg=58.82ms max=169700.42ms | work avg=11.43ms max=179.40ms | totals armed=15930 unarmed=3 skipped=3 busy=0 mismatch=0 copies_failed=0 writes=15930 conflicts=0
00:15:11.952  [fg-relay] rate4: throttle depth=1 off=0 | sleep calls=26.4/s waits=22.0/s clear=4.4/s timeouts=0.0/s avg=33.43ms | present calls=26.4/s waits=0.0/s clear=0.0/s timeouts=0.0/s avg=0.00ms | max=106.12ms (process)
00:15:19.838  qpc=3588164861090 [focus-fg] state: enabled=1 hooked=1 foreground=0 minimized=0 hwnd=0000000021632F4C scope_calls=25443 original_false=21594 kept=21594 presents=56143 FG_evaluates=72384
00:15:23.458  [bridge] 16200 frames delivered so far.
00:15:23.684  [fg-relay] armed by evaluate: hud=498d7ed0 back=417d90d0 depth=4d054ed0 mv=43853cd0 5120x2160 copy=16022 nr=16022 import=1 slot=0 arm=16022 gpu-wait-nr=16021 pending=1.
00:15:23.684  [fg-relay] evaluate: slot=0 nr=16022 import=1 stage=3.
00:15:23.713  [fg-relay] frame=16200 slot=0 nr=16022 ok=1 wrote=1 nr_entries=2 import=1 armed=16200 skipped=3 busy=0 mismatch=0 conflicts=0.
00:15:26.969  [fg-relay] rate/15.0s p2 import_opt=1: presents=24.0/s present-gate[point=24.0 ready=0.0 fallback=0.0 inactive=0.0]/s noinfo=0.0/s stale=0.0/s unlearned=0.0/s attempts=22.6/s armed=22.6/s skipped=0.0/s busy=0.0/s arm-reject[state=0.0 request=0.0 refused=0.0 stopping=0.0 res=0.0 size=0.0]/s pool[cap=0.0 family=0.0 create=0.0 alloc=0.0]/s copy-drop[fence=0.0 reset=0.0 begin=0.0 end=0.0 submit=0.0]/s cf[seq=0.0/s idle=0.0/s nrfence=0.0/s] slotbusy=0.0/s copyfence-busy=0.0/s nr-gpuwait=21.2/s flips=0.0/s
00:15:26.969  [fg-relay] rate2: fginput eval=67.9/s index!=1=45.3/s eval-gate[off=0.0 fallback=0.0 notready=0.0 noinput=0.0 noqueue=0.0]/s relay eval=22.6/s consume=0.0/s inplace=22.6/s(ok 22.6/s) unarmed=0.0/s mismatch=0.0/s relbusy=0.0/s relok=22.6/s relfail=0.0/s release-stage[queue=0.0 pool=0.0 fence=0.0 reset=0.0 begin=0.0 end=0.0 submit=0.0]/s watchdog=0.0/s | worker plays=22.6/s ok=22.6/s fail=0.0/s nr_absent=0.0/s copyfail=0.0/s
00:15:26.969  [fg-relay] rate3: arm->arm avg=60.48ms max=169700.79ms n=16269 | arm->work avg=0.01ms max=1.24ms | arm->eval avg=0.00ms max=0.00ms | copywait avg=0.007ms max=0.284ms | copy-land<= avg=58.53ms max=169700.42ms | work avg=11.37ms max=179.40ms | totals armed=16270 unarmed=3 skipped=3 busy=0 mismatch=0 copies_failed=0 writes=16270 conflicts=0
00:15:26.969  [fg-relay] rate4: throttle depth=1 off=0 | sleep calls=24.0/s waits=22.6/s clear=1.4/s timeouts=0.0/s avg=34.08ms | present calls=24.0/s waits=0.0/s clear=0.0/s timeouts=0.0/s avg=0.00ms | max=106.12ms (process)
00:15:35.080  qpc=3588317275144 [focus-fg] state: enabled=1 hooked=1 foreground=0 minimized=0 hwnd=0000000021632F4C scope_calls=25789 original_false=21940 kept=21940 presents=56510 FG_evaluates=73422
00:15:41.983  [fg-relay] rate/15.0s p2 import_opt=1: presents=23.1/s present-gate[point=23.1 ready=0.0 fallback=0.0 inactive=0.0]/s noinfo=0.0/s stale=0.0/s unlearned=0.0/s attempts=23.1/s armed=23.1/s skipped=0.0/s busy=0.0/s arm-reject[state=0.0 request=0.0 refused=0.0 stopping=0.0 res=0.0 size=0.0]/s pool[cap=0.0 family=0.0 create=0.0 alloc=0.0]/s copy-drop[fence=0.0 reset=0.0 begin=0.0 end=0.0 submit=0.0]/s cf[seq=0.0/s idle=0.0/s nrfence=0.0/s] slotbusy=0.0/s copyfence-busy=0.0/s nr-gpuwait=23.1/s flips=0.0/s
00:15:41.983  [fg-relay] rate2: fginput eval=69.3/s index!=1=46.2/s eval-gate[off=0.0 fallback=0.0 notready=0.0 noinput=0.0 noqueue=0.0]/s relay eval=23.1/s consume=0.0/s inplace=23.1/s(ok 23.1/s) unarmed=0.0/s mismatch=0.0/s relbusy=0.0/s relok=23.1/s relfail=0.0/s release-stage[queue=0.0 pool=0.0 fence=0.0 reset=0.0 begin=0.0 end=0.0 submit=0.0]/s watchdog=0.0/s | worker plays=23.1/s ok=23.1/s fail=0.0/s nr_absent=0.0/s copyfail=0.0/s
00:15:41.983  [fg-relay] rate3: arm->arm avg=60.12ms max=169700.79ms n=16616 | arm->work avg=0.01ms max=1.24ms | arm->eval avg=0.00ms max=0.00ms | copywait avg=0.007ms max=0.284ms | copy-land<= avg=58.21ms max=169700.42ms | work avg=11.30ms max=179.40ms | totals armed=16617 unarmed=3 skipped=3 busy=0 mismatch=0 copies_failed=0 writes=16617 conflicts=0
00:15:41.983  [fg-relay] rate4: throttle depth=1 off=0 | sleep calls=23.1/s waits=23.1/s clear=0.0/s timeouts=0.0/s avg=35.45ms | present calls=23.1/s waits=0.0/s clear=0.0/s timeouts=0.0/s avg=0.00ms | max=106.12ms (process)
00:15:49.884  [bridge] 16800 frames delivered so far.
00:15:51.321  qpc=3588479681967 [focus-fg] state: enabled=1 hooked=1 foreground=0 minimized=0 hwnd=0000000021632F4C scope_calls=26161 original_false=22312 kept=22312 presents=56882 FG_evaluates=74538
00:15:52.344  qpc=3588489916534 [focus-fg] state: enabled=1 hooked=1 foreground=1 minimized=0 hwnd=0000000021632F4C scope_calls=26185 original_false=22318 kept=22318 presents=56906 FG_evaluates=74610
00:15:57.011  [fg-relay] rate/15.0s p2 import_opt=1: presents=22.9/s present-gate[point=22.9 ready=0.0 fallback=0.0 inactive=0.0]/s noinfo=0.0/s stale=0.0/s unlearned=0.0/s attempts=22.9/s armed=22.9/s skipped=0.0/s busy=0.0/s arm-reject[state=0.0 request=0.0 refused=0.0 stopping=0.0 res=0.0 size=0.0]/s pool[cap=0.0 family=0.0 create=0.0 alloc=0.0]/s copy-drop[fence=0.0 reset=0.0 begin=0.0 end=0.0 submit=0.0]/s cf[seq=0.0/s idle=0.0/s nrfence=0.0/s] slotbusy=0.0/s copyfence-busy=0.0/s nr-gpuwait=22.8/s flips=0.0/s
00:15:57.011  [fg-relay] rate2: fginput eval=68.7/s index!=1=45.8/s eval-gate[off=0.0 fallback=0.0 notready=0.0 noinput=0.0 noqueue=0.0]/s relay eval=22.9/s consume=0.0/s inplace=22.9/s(ok 22.9/s) unarmed=0.0/s mismatch=0.0/s relbusy=0.0/s relok=22.9/s relfail=0.0/s release-stage[queue=0.0 pool=0.0 fence=0.0 reset=0.0 begin=0.0 end=0.0 submit=0.0]/s watchdog=0.0/s | worker plays=22.9/s ok=22.9/s fail=0.0/s nr_absent=0.0/s copyfail=0.0/s
00:15:57.011  [fg-relay] rate3: arm->arm avg=59.79ms max=169700.79ms n=16960 | arm->work avg=0.01ms max=1.24ms | arm->eval avg=0.00ms max=0.00ms | copywait avg=0.007ms max=0.284ms | copy-land<= avg=57.91ms max=169700.42ms | work avg=11.24ms max=179.40ms | totals armed=16961 unarmed=3 skipped=3 busy=0 mismatch=0 copies_failed=0 writes=16961 conflicts=0
00:15:57.011  [fg-relay] rate4: throttle depth=1 off=0 | sleep calls=22.9/s waits=22.9/s clear=0.0/s timeouts=0.0/s avg=34.96ms | present calls=22.9/s waits=0.0/s clear=0.0/s timeouts=0.0/s avg=0.00ms | max=106.12ms (process)
00:16:04.467  qpc=3588611146098 [focus-fg] state: enabled=1 hooked=1 foreground=0 minimized=0 hwnd=0000000021632F4C scope_calls=26462 original_false=22331 kept=22331 presents=57183 FG_evaluates=75441
00:16:12.008  [fg-relay] rate/15.0s p2 import_opt=1: presents=23.1/s present-gate[point=23.1 ready=0.0 fallback=0.0 inactive=0.0]/s noinfo=0.0/s stale=0.0/s unlearned=0.0/s attempts=23.1/s armed=23.1/s skipped=0.0/s busy=0.0/s arm-reject[state=0.0 request=0.0 refused=0.0 stopping=0.0 res=0.0 size=0.0]/s pool[cap=0.0 family=0.0 create=0.0 alloc=0.0]/s copy-drop[fence=0.0 reset=0.0 begin=0.0 end=0.0 submit=0.0]/s cf[seq=0.0/s idle=0.0/s nrfence=0.0/s] slotbusy=0.0/s copyfence-busy=0.0/s nr-gpuwait=23.0/s flips=0.0/s
00:16:12.008  [fg-relay] rate2: fginput eval=69.2/s index!=1=46.1/s eval-gate[off=0.0 fallback=0.0 notready=0.0 noinput=0.0 noqueue=0.0]/s relay eval=23.1/s consume=0.0/s inplace=23.1/s(ok 23.1/s) unarmed=0.0/s mismatch=0.0/s relbusy=0.0/s relok=23.1/s relfail=0.0/s release-stage[queue=0.0 pool=0.0 fence=0.0 reset=0.0 begin=0.0 end=0.0 submit=0.0]/s watchdog=0.0/s | worker plays=23.1/s ok=23.1/s fail=0.0/s nr_absent=0.0/s copyfail=0.0/s
00:16:12.008  [fg-relay] rate3: arm->arm avg=59.46ms max=169700.79ms n=17306 | arm->work avg=0.01ms max=1.24ms | arm->eval avg=0.00ms max=0.00ms | copywait avg=0.007ms max=0.284ms | copy-land<= avg=57.62ms max=169700.42ms | work avg=11.17ms max=179.40ms | totals armed=17307 unarmed=3 skipped=3 busy=0 mismatch=0 copies_failed=0 writes=17307 conflicts=0
00:16:12.008  [fg-relay] rate4: throttle depth=1 off=0 | sleep calls=23.1/s waits=23.1/s clear=0.0/s timeouts=0.0/s avg=34.11ms | present calls=23.1/s waits=0.0/s clear=0.0/s timeouts=0.0/s avg=0.00ms | max=106.12ms (process)
00:16:15.853  [bridge] 17400 frames delivered so far.
00:16:21.789  qpc=3588784372959 [focus-fg] state: enabled=1 hooked=1 foreground=0 minimized=0 hwnd=0000000021632F4C scope_calls=26867 original_false=22736 kept=22736 presents=57588 FG_evaluates=76656
00:16:27.023  [fg-relay] rate/15.0s p2 import_opt=1: presents=23.4/s present-gate[point=23.4 ready=0.0 fallback=0.0 inactive=0.0]/s noinfo=0.0/s stale=0.0/s unlearned=0.0/s attempts=23.4/s armed=23.4/s skipped=0.0/s busy=0.0/s arm-reject[state=0.0 request=0.0 refused=0.0 stopping=0.0 res=0.0 size=0.0]/s pool[cap=0.0 family=0.0 create=0.0 alloc=0.0]/s copy-drop[fence=0.0 reset=0.0 begin=0.0 end=0.0 submit=0.0]/s cf[seq=0.0/s idle=0.0/s nrfence=0.0/s] slotbusy=0.0/s copyfence-busy=0.0/s nr-gpuwait=23.4/s flips=0.0/s
00:16:27.023  [fg-relay] rate2: fginput eval=70.3/s index!=1=46.9/s eval-gate[off=0.0 fallback=0.0 notready=0.0 noinput=0.0 noqueue=0.0]/s relay eval=23.4/s consume=0.0/s inplace=23.4/s(ok 23.4/s) unarmed=0.0/s mismatch=0.0/s relbusy=0.0/s relok=23.4/s relfail=0.0/s release-stage[queue=0.0 pool=0.0 fence=0.0 reset=0.0 begin=0.0 end=0.0 submit=0.0]/s watchdog=0.0/s | worker plays=23.4/s ok=23.4/s fail=0.0/s nr_absent=0.0/s copyfail=0.0/s
00:16:27.024  [fg-relay] rate3: arm->arm avg=59.13ms max=169700.79ms n=17658 | arm->work avg=0.01ms max=1.24ms | arm->eval avg=0.00ms max=0.00ms | copywait avg=0.007ms max=0.284ms | copy-land<= avg=57.32ms max=169700.42ms | work avg=11.11ms max=179.40ms | totals armed=17659 unarmed=3 skipped=3 busy=0 mismatch=0 copies_failed=0 writes=17659 conflicts=0
00:16:27.024  [fg-relay] rate4: throttle depth=1 off=0 | sleep calls=23.4/s waits=23.4/s clear=0.0/s timeouts=0.0/s avg=34.66ms | present calls=23.4/s waits=0.0/s clear=0.0/s timeouts=0.0/s avg=0.00ms | max=106.12ms (process)
00:16:38.152  qpc=3588948001025 [focus-fg] state: enabled=1 hooked=1 foreground=0 minimized=0 hwnd=0000000021632F4C scope_calls=27250 original_false=23119 kept=23119 presents=57971 FG_evaluates=77805
00:16:41.479  [bridge] 18000 frames delivered so far.
00:16:41.599  [fg-relay] armed by evaluate: hud=498d7ed0 back=417d9cd0 depth=4d054ed0 mv=43853cd0 5120x2160 copy=17822 nr=17822 import=1 slot=0 arm=17822 gpu-wait-nr=17821 pending=1.
00:16:41.599  [fg-relay] evaluate: slot=0 nr=17822 import=1 stage=3.
00:16:41.607  [fg-relay] frame=18000 slot=0 nr=17822 ok=1 wrote=1 nr_entries=2 import=1 armed=18000 skipped=3 busy=0 mismatch=0 conflicts=0.
00:16:42.047  [fg-relay] rate/15.0s p2 import_opt=1: presents=23.4/s present-gate[point=23.4 ready=0.0 fallback=0.0 inactive=0.0]/s noinfo=0.0/s stale=0.0/s unlearned=0.0/s attempts=23.4/s armed=23.4/s skipped=0.0/s busy=0.0/s arm-reject[state=0.0 request=0.0 refused=0.0 stopping=0.0 res=0.0 size=0.0]/s pool[cap=0.0 family=0.0 create=0.0 alloc=0.0]/s copy-drop[fence=0.0 reset=0.0 begin=0.0 end=0.0 submit=0.0]/s cf[seq=0.0/s idle=0.0/s nrfence=0.0/s] slotbusy=0.0/s copyfence-busy=0.0/s nr-gpuwait=23.4/s flips=0.0/s
00:16:42.047  [fg-relay] rate2: fginput eval=70.1/s index!=1=46.7/s eval-gate[off=0.0 fallback=0.0 notready=0.0 noinput=0.0 noqueue=0.0]/s relay eval=23.4/s consume=0.0/s inplace=23.4/s(ok 23.4/s) unarmed=0.0/s mismatch=0.0/s relbusy=0.0/s relok=23.4/s relfail=0.0/s release-stage[queue=0.0 pool=0.0 fence=0.0 reset=0.0 begin=0.0 end=0.0 submit=0.0]/s watchdog=0.0/s | worker plays=23.4/s ok=23.4/s fail=0.0/s nr_absent=0.0/s copyfail=0.0/s
00:16:42.047  [fg-relay] rate3: arm->arm avg=58.81ms max=169700.79ms n=18009 | arm->work avg=0.01ms max=1.24ms | arm->eval avg=0.00ms max=0.00ms | copywait avg=0.007ms max=0.284ms | copy-land<= avg=57.04ms max=169700.42ms | work avg=11.05ms max=179.40ms | totals armed=18010 unarmed=3 skipped=3 busy=0 mismatch=0 copies_failed=0 writes=18010 conflicts=0
00:16:42.047  [fg-relay] rate4: throttle depth=1 off=0 | sleep calls=23.4/s waits=23.4/s clear=0.0/s timeouts=0.0/s avg=34.79ms | present calls=23.4/s waits=0.0/s clear=0.0/s timeouts=0.0/s avg=0.00ms | max=106.12ms (process)
00:16:54.506  qpc=3589111539227 [focus-fg] state: enabled=1 hooked=1 foreground=0 minimized=0 hwnd=0000000021632F4C scope_calls=27631 original_false=23500 kept=23500 presents=58352 FG_evaluates=78948
00:16:57.073  [fg-relay] rate/15.0s p2 import_opt=1: presents=23.3/s present-gate[point=23.3 ready=0.0 fallback=0.0 inactive=0.0]/s noinfo=0.0/s stale=0.0/s unlearned=0.0/s attempts=23.3/s armed=23.3/s skipped=0.0/s busy=0.0/s arm-reject[state=0.0 request=0.0 refused=0.0 stopping=0.0 res=0.0 size=0.0]/s pool[cap=0.0 family=0.0 create=0.0 alloc=0.0]/s copy-drop[fence=0.0 reset=0.0 begin=0.0 end=0.0 submit=0.0]/s cf[seq=0.0/s idle=0.0/s nrfence=0.0/s] slotbusy=0.0/s copyfence-busy=0.0/s nr-gpuwait=23.3/s flips=0.0/s
00:16:57.073  [fg-relay] rate2: fginput eval=69.9/s index!=1=46.6/s eval-gate[off=0.0 fallback=0.0 notready=0.0 noinput=0.0 noqueue=0.0]/s relay eval=23.3/s consume=0.0/s inplace=23.3/s(ok 23.3/s) unarmed=0.0/s mismatch=0.0/s relbusy=0.0/s relok=23.3/s relfail=0.0/s release-stage[queue=0.0 pool=0.0 fence=0.0 reset=0.0 begin=0.0 end=0.0 submit=0.0]/s watchdog=0.0/s | worker plays=23.3/s ok=23.3/s fail=0.0/s nr_absent=0.0/s copyfail=0.0/s
00:16:57.073  [fg-relay] rate3: arm->arm avg=58.50ms max=169700.79ms n=18359 | arm->work avg=0.01ms max=1.24ms | arm->eval avg=0.00ms max=0.00ms | copywait avg=0.007ms max=0.284ms | copy-land<= avg=56.77ms max=169700.42ms | work avg=10.99ms max=179.40ms | totals armed=18360 unarmed=3 skipped=3 busy=0 mismatch=0 copies_failed=0 writes=18360 conflicts=0
00:16:57.073  [fg-relay] rate4: throttle depth=1 off=0 | sleep calls=23.3/s waits=23.3/s clear=0.0/s timeouts=0.0/s avg=34.68ms | present calls=23.3/s waits=0.0/s clear=0.0/s timeouts=0.0/s avg=0.00ms | max=106.12ms (process)
00:17:07.237  [bridge] 18600 frames delivered so far.
00:17:09.878  qpc=3589265262092 [focus-fg] state: enabled=1 hooked=1 foreground=0 minimized=0 hwnd=0000000021632F4C scope_calls=27989 original_false=23858 kept=23858 presents=58710 FG_evaluates=80022
00:17:12.099  [fg-relay] rate/15.0s p2 import_opt=1: presents=23.3/s present-gate[point=23.3 ready=0.0 fallback=0.0 inactive=0.0]/s noinfo=0.0/s stale=0.0/s unlearned=0.0/s attempts=23.3/s armed=23.3/s skipped=0.0/s busy=0.0/s arm-reject[state=0.0 request=0.0 refused=0.0 stopping=0.0 res=0.0 size=0.0]/s pool[cap=0.0 family=0.0 create=0.0 alloc=0.0]/s copy-drop[fence=0.0 reset=0.0 begin=0.0 end=0.0 submit=0.0]/s cf[seq=0.0/s idle=0.0/s nrfence=0.0/s] slotbusy=0.0/s copyfence-busy=0.0/s nr-gpuwait=23.3/s flips=0.0/s
00:17:12.099  [fg-relay] rate2: fginput eval=69.9/s index!=1=46.6/s eval-gate[off=0.0 fallback=0.0 notready=0.0 noinput=0.0 noqueue=0.0]/s relay eval=23.3/s consume=0.0/s inplace=23.3/s(ok 23.3/s) unarmed=0.0/s mismatch=0.0/s relbusy=0.0/s relok=23.3/s relfail=0.0/s release-stage[queue=0.0 pool=0.0 fence=0.0 reset=0.0 begin=0.0 end=0.0 submit=0.0]/s watchdog=0.0/s | worker plays=23.3/s ok=23.3/s fail=0.0/s nr_absent=0.0/s copyfail=0.0/s
00:17:12.099  [fg-relay] rate3: arm->arm avg=58.21ms max=169700.79ms n=18709 | arm->work avg=0.01ms max=1.24ms | arm->eval avg=0.00ms max=0.00ms | copywait avg=0.007ms max=0.284ms | copy-land<= avg=56.51ms max=169700.42ms | work avg=10.93ms max=179.40ms | totals armed=18710 unarmed=3 skipped=3 busy=0 mismatch=0 copies_failed=0 writes=18710 conflicts=0
00:17:12.100  [fg-relay] rate4: throttle depth=1 off=0 | sleep calls=23.3/s waits=23.3/s clear=0.0/s timeouts=0.0/s avg=34.57ms | present calls=23.3/s waits=0.0/s clear=0.0/s timeouts=0.0/s avg=0.00ms | max=106.12ms (process)
00:17:25.208  qpc=3589418556780 [focus-fg] state: enabled=1 hooked=1 foreground=0 minimized=0 hwnd=0000000021632F4C scope_calls=28347 original_false=24216 kept=24216 presents=59068 FG_evaluates=81096
00:17:27.128  [fg-relay] rate/15.0s p2 import_opt=1: presents=23.4/s present-gate[point=23.4 ready=0.0 fallback=0.0 inactive=0.0]/s noinfo=0.0/s stale=0.0/s unlearned=0.0/s attempts=23.4/s armed=23.4/s skipped=0.0/s busy=0.0/s arm-reject[state=0.0 request=0.0 refused=0.0 stopping=0.0 res=0.0 size=0.0]/s pool[cap=0.0 family=0.0 create=0.0 alloc=0.0]/s copy-drop[fence=0.0 reset=0.0 begin=0.0 end=0.0 submit=0.0]/s cf[seq=0.0/s idle=0.0/s nrfence=0.0/s] slotbusy=0.0/s copyfence-busy=0.0/s nr-gpuwait=23.4/s flips=0.0/s
00:17:27.128  [fg-relay] rate2: fginput eval=70.1/s index!=1=46.7/s eval-gate[off=0.0 fallback=0.0 notready=0.0 noinput=0.0 noqueue=0.0]/s relay eval=23.4/s consume=0.0/s inplace=23.4/s(ok 23.4/s) unarmed=0.0/s mismatch=0.0/s relbusy=0.0/s relok=23.4/s relfail=0.0/s release-stage[queue=0.0 pool=0.0 fence=0.0 reset=0.0 begin=0.0 end=0.0 submit=0.0]/s watchdog=0.0/s | worker plays=23.4/s ok=23.4/s fail=0.0/s nr_absent=0.0/s copyfail=0.0/s
00:17:27.128  [fg-relay] rate3: arm->arm avg=57.93ms max=169700.79ms n=19060 | arm->work avg=0.01ms max=1.24ms | arm->eval avg=0.00ms max=0.00ms | copywait avg=0.007ms max=0.284ms | copy-land<= avg=56.26ms max=169700.42ms | work avg=10.88ms max=179.40ms | totals armed=19061 unarmed=3 skipped=3 busy=0 mismatch=0 copies_failed=0 writes=19061 conflicts=0
00:17:27.128  [fg-relay] rate4: throttle depth=1 off=0 | sleep calls=23.4/s waits=23.4/s clear=0.0/s timeouts=0.0/s avg=34.60ms | present calls=23.4/s waits=0.0/s clear=0.0/s timeouts=0.0/s avg=0.00ms | max=106.12ms (process)
00:17:32.954  [bridge] 19200 frames delivered so far.
00:17:42.135  [fg-relay] rate/15.0s p2 import_opt=1: presents=23.3/s present-gate[point=23.3 ready=0.0 fallback=0.0 inactive=0.0]/s noinfo=0.0/s stale=0.0/s unlearned=0.0/s attempts=23.3/s armed=23.3/s skipped=0.0/s busy=0.0/s arm-reject[state=0.0 request=0.0 refused=0.0 stopping=0.0 res=0.0 size=0.0]/s pool[cap=0.0 family=0.0 create=0.0 alloc=0.0]/s copy-drop[fence=0.0 reset=0.0 begin=0.0 end=0.0 submit=0.0]/s cf[seq=0.0/s idle=0.0/s nrfence=0.0/s] slotbusy=0.0/s copyfence-busy=0.0/s nr-gpuwait=23.3/s flips=0.0/s
00:17:42.135  [fg-relay] rate2: fginput eval=70.0/s index!=1=46.7/s eval-gate[off=0.0 fallback=0.0 notready=0.0 noinput=0.0 noqueue=0.0]/s relay eval=23.3/s consume=0.0/s inplace=23.3/s(ok 23.3/s) unarmed=0.0/s mismatch=0.0/s relbusy=0.0/s relok=23.3/s relfail=0.0/s release-stage[queue=0.0 pool=0.0 fence=0.0 reset=0.0 begin=0.0 end=0.0 submit=0.0]/s watchdog=0.0/s | worker plays=23.3/s ok=23.3/s fail=0.0/s nr_absent=0.0/s copyfail=0.0/s
00:17:42.136  [fg-relay] rate3: arm->arm avg=57.66ms max=169700.79ms n=19410 | arm->work avg=0.01ms max=1.24ms | arm->eval avg=0.00ms max=0.00ms | copywait avg=0.007ms max=0.284ms | copy-land<= avg=56.01ms max=169700.42ms | work avg=10.82ms max=179.40ms | totals armed=19411 unarmed=3 skipped=3 busy=0 mismatch=0 copies_failed=0 writes=19411 conflicts=0
00:17:42.136  [fg-relay] rate4: throttle depth=1 off=0 | sleep calls=23.3/s waits=23.3/s clear=0.0/s timeouts=0.0/s avg=34.70ms | present calls=23.3/s waits=0.0/s clear=0.0/s timeouts=0.0/s avg=0.00ms | max=106.12ms (process)
00:17:42.566  qpc=3589592138826 [focus-fg] state: enabled=1 hooked=1 foreground=0 minimized=0 hwnd=0000000021632F4C scope_calls=28752 original_false=24621 kept=24621 presents=59473 FG_evaluates=82311
00:17:57.129  [fg-relay] rate/15.0s p2 import_opt=1: presents=23.3/s present-gate[point=23.3 ready=0.0 fallback=0.0 inactive=0.0]/s noinfo=0.0/s stale=0.0/s unlearned=0.0/s attempts=23.3/s armed=23.3/s skipped=0.0/s busy=0.0/s arm-reject[state=0.0 request=0.0 refused=0.0 stopping=0.0 res=0.0 size=0.0]/s pool[cap=0.0 family=0.0 create=0.0 alloc=0.0]/s copy-drop[fence=0.0 reset=0.0 begin=0.0 end=0.0 submit=0.0]/s cf[seq=0.0/s idle=0.0/s nrfence=0.0/s] slotbusy=0.0/s copyfence-busy=0.0/s nr-gpuwait=23.3/s flips=0.0/s
00:17:57.129  [fg-relay] rate2: fginput eval=69.8/s index!=1=46.5/s eval-gate[off=0.0 fallback=0.0 notready=0.0 noinput=0.0 noqueue=0.0]/s relay eval=23.3/s consume=0.0/s inplace=23.3/s(ok 23.3/s) unarmed=0.0/s mismatch=0.0/s relbusy=0.0/s relok=23.3/s relfail=0.0/s release-stage[queue=0.0 pool=0.0 fence=0.0 reset=0.0 begin=0.0 end=0.0 submit=0.0]/s watchdog=0.0/s | worker plays=23.3/s ok=23.3/s fail=0.0/s nr_absent=0.0/s copyfail=0.0/s
00:17:57.129  [fg-relay] rate3: arm->arm avg=57.40ms max=169700.79ms n=19759 | arm->work avg=0.01ms max=1.24ms | arm->eval avg=0.00ms max=0.00ms | copywait avg=0.007ms max=0.284ms | copy-land<= avg=55.78ms max=169700.42ms | work avg=10.77ms max=179.40ms | totals armed=19760 unarmed=3 skipped=3 busy=0 mismatch=0 copies_failed=0 writes=19760 conflicts=0
00:17:57.129  [fg-relay] rate4: throttle depth=1 off=0 | sleep calls=23.3/s waits=23.3/s clear=0.0/s timeouts=0.0/s avg=34.66ms | present calls=23.3/s waits=0.0/s clear=0.0/s timeouts=0.0/s avg=0.00ms | max=106.12ms (process)
00:17:57.840  qpc=3589744877249 [focus-fg] state: enabled=1 hooked=1 foreground=0 minimized=0 hwnd=0000000021632F4C scope_calls=29107 original_false=24976 kept=24976 presents=59828 FG_evaluates=83376
00:17:58.774  [bridge] 19800 frames delivered so far.
00:17:58.899  [fg-relay] armed by evaluate: hud=498d7ed0 back=417d9cd0 depth=4d054ed0 mv=43853cd0 5120x2160 copy=19622 nr=19622 import=1 slot=0 arm=19622 gpu-wait-nr=19621 pending=1.
00:17:58.899  [fg-relay] evaluate: slot=0 nr=19622 import=1 stage=3.
00:17:58.906  [fg-relay] frame=19800 slot=0 nr=19622 ok=1 wrote=1 nr_entries=2 import=1 armed=19800 skipped=3 busy=0 mismatch=0 conflicts=0.
00:18:12.143  [fg-relay] rate/15.0s p2 import_opt=1: presents=22.8/s present-gate[point=22.8 ready=0.0 fallback=0.0 inactive=0.0]/s noinfo=0.0/s stale=0.0/s unlearned=0.0/s attempts=22.8/s armed=22.8/s skipped=0.0/s busy=0.0/s arm-reject[state=0.0 request=0.0 refused=0.0 stopping=0.0 res=0.0 size=0.0]/s pool[cap=0.0 family=0.0 create=0.0 alloc=0.0]/s copy-drop[fence=0.0 reset=0.0 begin=0.0 end=0.0 submit=0.0]/s cf[seq=0.0/s idle=0.0/s nrfence=0.0/s] slotbusy=0.0/s copyfence-busy=0.0/s nr-gpuwait=22.8/s flips=0.0/s
00:18:12.143  [fg-relay] rate2: fginput eval=68.3/s index!=1=45.6/s eval-gate[off=0.0 fallback=0.0 notready=0.0 noinput=0.0 noqueue=0.0]/s relay eval=22.8/s consume=0.0/s inplace=22.8/s(ok 22.8/s) unarmed=0.0/s mismatch=0.0/s relbusy=0.0/s relok=22.8/s relfail=0.0/s release-stage[queue=0.0 pool=0.0 fence=0.0 reset=0.0 begin=0.0 end=0.0 submit=0.0]/s watchdog=0.0/s | worker plays=22.8/s ok=22.8/s fail=0.0/s nr_absent=0.0/s copyfail=0.0/s
00:18:12.143  [fg-relay] rate3: arm->arm avg=57.17ms max=169700.79ms n=20101 | arm->work avg=0.01ms max=1.24ms | arm->eval avg=0.00ms max=0.00ms | copywait avg=0.007ms max=0.284ms | copy-land<= avg=55.58ms max=169700.42ms | work avg=10.73ms max=179.40ms | totals armed=20102 unarmed=3 skipped=3 busy=0 mismatch=0 copies_failed=0 writes=20102 conflicts=0
00:18:12.144  [fg-relay] rate4: throttle depth=1 off=0 | sleep calls=22.8/s waits=22.8/s clear=0.0/s timeouts=0.0/s avg=35.36ms | present calls=22.8/s waits=0.0/s clear=0.0/s timeouts=0.0/s avg=0.00ms | max=106.12ms (process)
00:18:14.043  qpc=3589906914545 [focus-fg] state: enabled=1 hooked=1 foreground=0 minimized=0 hwnd=0000000021632F4C scope_calls=29477 original_false=25346 kept=25346 presents=60198 FG_evaluates=84486
00:18:24.810  [bridge] 20400 frames delivered so far.
00:18:27.169  [fg-relay] rate/15.0s p2 import_opt=1: presents=23.3/s present-gate[point=23.3 ready=0.0 fallback=0.0 inactive=0.0]/s noinfo=0.0/s stale=0.0/s unlearned=0.0/s attempts=23.3/s armed=23.3/s skipped=0.0/s busy=0.0/s arm-reject[state=0.0 request=0.0 refused=0.0 stopping=0.0 res=0.0 size=0.0]/s pool[cap=0.0 family=0.0 create=0.0 alloc=0.0]/s copy-drop[fence=0.0 reset=0.0 begin=0.0 end=0.0 submit=0.0]/s cf[seq=0.0/s idle=0.0/s nrfence=0.0/s] slotbusy=0.0/s copyfence-busy=0.0/s nr-gpuwait=23.3/s flips=0.0/s
00:18:27.169  [fg-relay] rate2: fginput eval=69.9/s index!=1=46.6/s eval-gate[off=0.0 fallback=0.0 notready=0.0 noinput=0.0 noqueue=0.0]/s relay eval=23.3/s consume=0.0/s inplace=23.3/s(ok 23.3/s) unarmed=0.0/s mismatch=0.0/s relbusy=0.0/s relok=23.3/s relfail=0.0/s release-stage[queue=0.0 pool=0.0 fence=0.0 reset=0.0 begin=0.0 end=0.0 submit=0.0]/s watchdog=0.0/s | worker plays=23.3/s ok=23.3/s fail=0.0/s nr_absent=0.0/s copyfail=0.0/s
00:18:27.170  [fg-relay] rate3: arm->arm avg=56.93ms max=169700.79ms n=20451 | arm->work avg=0.01ms max=1.24ms | arm->eval avg=0.00ms max=0.00ms | copywait avg=0.007ms max=0.284ms | copy-land<= avg=55.36ms max=169700.42ms | work avg=10.68ms max=179.40ms | totals armed=20452 unarmed=3 skipped=3 busy=0 mismatch=0 copies_failed=0 writes=20452 conflicts=0
00:18:27.170  [fg-relay] rate4: throttle depth=1 off=0 | sleep calls=23.3/s waits=23.3/s clear=0.0/s timeouts=0.0/s avg=34.68ms | present calls=23.3/s waits=0.0/s clear=0.0/s timeouts=0.0/s avg=0.00ms | max=106.12ms (process)
00:18:31.345  qpc=3590079928307 [focus-fg] state: enabled=1 hooked=1 foreground=0 minimized=0 hwnd=0000000021632F4C scope_calls=29880 original_false=25749 kept=25749 presents=60601 FG_evaluates=85695
00:18:42.180  [fg-relay] rate/15.0s p2 import_opt=1: presents=23.3/s present-gate[point=23.3 ready=0.0 fallback=0.0 inactive=0.0]/s noinfo=0.0/s stale=0.0/s unlearned=0.0/s attempts=23.3/s armed=23.3/s skipped=0.0/s busy=0.0/s arm-reject[state=0.0 request=0.0 refused=0.0 stopping=0.0 res=0.0 size=0.0]/s pool[cap=0.0 family=0.0 create=0.0 alloc=0.0]/s copy-drop[fence=0.0 reset=0.0 begin=0.0 end=0.0 submit=0.0]/s cf[seq=0.0/s idle=0.0/s nrfence=0.0/s] slotbusy=0.0/s copyfence-busy=0.0/s nr-gpuwait=23.3/s flips=0.0/s
00:18:42.181  [fg-relay] rate2: fginput eval=70.0/s index!=1=46.7/s eval-gate[off=0.0 fallback=0.0 notready=0.0 noinput=0.0 noqueue=0.0]/s relay eval=23.3/s consume=0.0/s inplace=23.3/s(ok 23.3/s) unarmed=0.0/s mismatch=0.0/s relbusy=0.0/s relok=23.3/s relfail=0.0/s release-stage[queue=0.0 pool=0.0 fence=0.0 reset=0.0 begin=0.0 end=0.0 submit=0.0]/s watchdog=0.0/s | worker plays=23.3/s ok=23.3/s fail=0.0/s nr_absent=0.0/s copyfail=0.0/s
00:18:42.181  [fg-relay] rate3: arm->arm avg=56.69ms max=169700.79ms n=20801 | arm->work avg=0.01ms max=1.24ms | arm->eval avg=0.00ms max=0.00ms | copywait avg=0.007ms max=0.284ms | copy-land<= avg=55.15ms max=169700.42ms | work avg=10.63ms max=179.40ms | totals armed=20802 unarmed=3 skipped=3 busy=0 mismatch=0 copies_failed=0 writes=20802 conflicts=0
00:18:42.181  [fg-relay] rate4: throttle depth=1 off=0 | sleep calls=23.3/s waits=23.3/s clear=0.0/s timeouts=0.0/s avg=34.52ms | present calls=23.3/s waits=0.0/s clear=0.0/s timeouts=0.0/s avg=0.00ms | max=106.12ms (process)
00:18:47.600  qpc=3590242474288 [focus-fg] state: enabled=1 hooked=1 foreground=0 minimized=0 hwnd=0000000021632F4C scope_calls=30259 original_false=26128 kept=26128 presents=60980 FG_evaluates=86832
00:18:50.555  [bridge] 21000 frames delivered so far.
00:18:57.184  [fg-relay] rate/15.0s p2 import_opt=1: presents=23.3/s present-gate[point=23.3 ready=0.0 fallback=0.0 inactive=0.0]/s noinfo=0.0/s stale=0.0/s unlearned=0.0/s attempts=23.3/s armed=23.3/s skipped=0.0/s busy=0.0/s arm-reject[state=0.0 request=0.0 refused=0.0 stopping=0.0 res=0.0 size=0.0]/s pool[cap=0.0 family=0.0 create=0.0 alloc=0.0]/s copy-drop[fence=0.0 reset=0.0 begin=0.0 end=0.0 submit=0.0]/s cf[seq=0.0/s idle=0.0/s nrfence=0.0/s] slotbusy=0.0/s copyfence-busy=0.0/s nr-gpuwait=23.3/s flips=0.0/s
00:18:57.184  [fg-relay] rate2: fginput eval=69.8/s index!=1=46.5/s eval-gate[off=0.0 fallback=0.0 notready=0.0 noinput=0.0 noqueue=0.0]/s relay eval=23.3/s consume=0.0/s inplace=23.3/s(ok 23.3/s) unarmed=0.0/s mismatch=0.0/s relbusy=0.0/s relok=23.3/s relfail=0.0/s release-stage[queue=0.0 pool=0.0 fence=0.0 reset=0.0 begin=0.0 end=0.0 submit=0.0]/s watchdog=0.0/s | worker plays=23.3/s ok=23.3/s fail=0.0/s nr_absent=0.0/s copyfail=0.0/s
00:18:57.184  [fg-relay] rate3: arm->arm avg=56.46ms max=169700.79ms n=21150 | arm->work avg=0.01ms max=1.24ms | arm->eval avg=0.00ms max=0.00ms | copywait avg=0.007ms max=0.284ms | copy-land<= avg=54.95ms max=169700.42ms | work avg=10.59ms max=179.40ms | totals armed=21151 unarmed=3 skipped=3 busy=0 mismatch=0 copies_failed=0 writes=21151 conflicts=0
00:18:57.184  [fg-relay] rate4: throttle depth=1 off=0 | sleep calls=23.3/s waits=23.3/s clear=0.0/s timeouts=0.0/s avg=34.53ms | present calls=23.3/s waits=0.0/s clear=0.0/s timeouts=0.0/s avg=0.00ms | max=106.12ms (process)
00:19:02.862  qpc=3590395097671 [focus-fg] state: enabled=1 hooked=1 foreground=1 minimized=0 hwnd=0000000021632F4C scope_calls=30614 original_false=26466 kept=26466 presents=61335 FG_evaluates=87897
00:19:03.179  qpc=3590398222617 [focus-fg] game SetOptions unchanged: readable=1 version=4 mode=0 generated=1 flags=0x8 retain_when_off=1 guides=0x0 colour=0x0 result=0x0 foreground=1 minimized=0
00:19:08.472  === Vulkan CreateFeature1 #52  feature_id=1  VkDevice=000000002FBE00D0  thread 65156 ===
00:19:08.487  [feature-lifecycle] Vulkan created feature=1 handle=000000013C8343F0 generation=15 live=3
00:19:08.487  === Vulkan CreateFeature1 #52 returned 1, handle=000000013C8343F0 ===
00:19:08.487  [vkmirror] the game's create states 1707x720 -> 5120x2160. That is the shape the mirror will use, in preference to the four scalars its evaluates carry.
00:19:08.488  === Vulkan CreateFeature1 #53  feature_id=18  VkDevice=000000002FBE00D0  thread 65156 ===
00:19:08.489  === Vulkan CreateFeature1 #53 returned -1160773630, handle=0000000000000000 ===
00:19:08.490  [fg-guides] output=5120x2160 depth=1704x718 rect=0,0+1704x718 mv=1704x718 rect=0,0+1704x718 mv-scale=1704,718 carrier-scale=5120,2160 jitter=0.015625,-0.41358 jittered=0 inverted=1 reset=1 gpu-nearest=1/1.
00:19:08.493  qpc=3590451365739 [focus-fg] game SetOptions unchanged: readable=1 version=4 mode=1 generated=3 flags=0x0 retain_when_off=0 guides=0x0 colour=0x0 result=0x0 foreground=1 minimized=0
00:19:08.611  [feature-lifecycle] Vulkan release handle=0000002B23C4DE10 feature=1 generation=14 result=1 removed=1
00:19:12.202  [fg-relay] rate/15.0s p2 import_opt=1: presents=54.6/s present-gate[point=54.6 ready=0.0 fallback=0.0 inactive=0.0]/s noinfo=0.0/s stale=0.0/s unlearned=0.0/s attempts=15.4/s armed=15.4/s skipped=0.0/s busy=0.0/s arm-reject[state=0.0 request=0.0 refused=0.0 stopping=0.0 res=0.0 size=0.0]/s pool[cap=0.0 family=0.0 create=0.0 alloc=0.0]/s copy-drop[fence=0.0 reset=0.0 begin=0.0 end=0.0 submit=0.0]/s cf[seq=0.0/s idle=0.0/s nrfence=0.0/s] slotbusy=0.0/s copyfence-busy=0.0/s nr-gpuwait=12.6/s flips=0.0/s
00:19:12.202  [fg-relay] rate2: fginput eval=46.3/s index!=1=30.9/s eval-gate[off=0.0 fallback=0.0 notready=0.0 noinput=0.0 noqueue=0.0]/s relay eval=15.4/s consume=0.0/s inplace=15.4/s(ok 15.4/s) unarmed=0.0/s mismatch=0.0/s relbusy=0.0/s relok=15.4/s relfail=0.0/s release-stage[queue=0.0 pool=0.0 fence=0.0 reset=0.0 begin=0.0 end=0.0 submit=0.0]/s watchdog=0.0/s | worker plays=15.4/s ok=15.4/s fail=0.0/s nr_absent=0.0/s copyfail=0.0/s
00:19:12.202  [fg-relay] rate3: arm->arm avg=56.55ms max=169700.79ms n=21382 | arm->work avg=0.01ms max=1.24ms | arm->eval avg=0.00ms max=0.00ms | copywait avg=0.007ms max=0.284ms | copy-land<= avg=55.06ms max=169700.42ms | work avg=10.54ms max=179.40ms | totals armed=21383 unarmed=3 skipped=3 busy=0 mismatch=0 copies_failed=0 writes=21383 conflicts=0
00:19:12.203  [fg-relay] rate4: throttle depth=1 off=0 | sleep calls=54.6/s waits=15.3/s clear=39.3/s timeouts=0.0/s avg=31.71ms | present calls=54.6/s waits=0.0/s clear=0.0/s timeouts=0.0/s avg=0.00ms | max=106.12ms (process)
00:19:15.532  qpc=3590521772793 [focus-fg] game SetOptions unchanged: readable=1 version=4 mode=0 generated=1 flags=0x8 retain_when_off=1 guides=0x0 colour=0x0 result=0x0 foreground=1 minimized=0
00:19:18.973  qpc=3590556212692 [focus-fg] state: enabled=1 hooked=1 foreground=1 minimized=0 hwnd=0000000021632F4C scope_calls=30803 original_false=26466 kept=26466 presents=62490 FG_evaluates=88469
00:19:27.147  === Vulkan CreateFeature1 #54  feature_id=1  VkDevice=000000002FBE00D0  thread 65156 ===
00:19:27.159  [feature-lifecycle] Vulkan created feature=1 handle=0000002AEA505C70 generation=16 live=3
00:19:27.160  === Vulkan CreateFeature1 #54 returned 1, handle=0000002AEA505C70 ===
00:19:27.160  [vkmirror] the game's create states 2970x1253 -> 5120x2160. That is the shape the mirror will use, in preference to the four scalars its evaluates carry.
00:19:27.168  === Vulkan CreateFeature1 #55  feature_id=18  VkDevice=000000002FBE00D0  thread 65156 ===
00:19:27.169  === Vulkan CreateFeature1 #55 returned -1160773630, handle=0000000000000000 ===
00:19:27.170  [fg-guides] output=5120x2160 depth=2970x1252 rect=0,0+2970x1252 mv=2970x1252 rect=0,0+2970x1252 mv-scale=2970,1252 carrier-scale=5120,2160 jitter=-0.1875,0.0185185 jittered=0 inverted=1 reset=1 gpu-nearest=1/1.
00:19:27.173  qpc=3590638172521 [focus-fg] game SetOptions unchanged: readable=1 version=4 mode=1 generated=3 flags=0x0 retain_when_off=0 guides=0x0 colour=0x0 result=0x0 foreground=1 minimized=0
00:19:27.253  [fg-relay] rate/15.0s p2 import_opt=1: presents=93.3/s present-gate[point=93.3 ready=0.0 fallback=0.0 inactive=0.0]/s noinfo=0.0/s stale=0.0/s unlearned=0.0/s attempts=6.1/s armed=6.1/s skipped=0.0/s busy=0.0/s arm-reject[state=0.0 request=0.0 refused=0.0 stopping=0.0 res=0.0 size=0.0]/s pool[cap=0.0 family=0.0 create=0.0 alloc=0.0]/s copy-drop[fence=0.0 reset=0.0 begin=0.0 end=0.0 submit=0.0]/s cf[seq=0.0/s idle=0.0/s nrfence=0.0/s] slotbusy=0.0/s copyfence-busy=0.0/s nr-gpuwait=6.0/s flips=0.0/s
00:19:27.254  [fg-relay] rate2: fginput eval=18.5/s index!=1=12.4/s eval-gate[off=0.0 fallback=0.0 notready=0.0 noinput=0.0 noqueue=0.0]/s relay eval=6.1/s consume=0.0/s inplace=6.1/s(ok 6.1/s) unarmed=0.0/s mismatch=0.0/s relbusy=0.0/s relok=6.1/s relfail=0.0/s release-stage[queue=0.0 pool=0.0 fence=0.0 reset=0.0 begin=0.0 end=0.0 submit=0.0]/s watchdog=0.0/s | worker plays=6.1/s ok=6.1/s fail=0.0/s nr_absent=0.0/s copyfail=0.0/s
00:19:27.254  [fg-relay] rate3: arm->arm avg=57.01ms max=169700.79ms n=21474 | arm->work avg=0.01ms max=1.24ms | arm->eval avg=0.00ms max=0.00ms | copywait avg=0.007ms max=0.284ms | copy-land<= avg=55.52ms max=169700.42ms | work avg=10.53ms max=179.40ms | totals armed=21475 unarmed=3 skipped=3 busy=0 mismatch=0 copies_failed=0 writes=21475 conflicts=0
00:19:27.254  [fg-relay] rate4: throttle depth=1 off=0 | sleep calls=93.2/s waits=6.0/s clear=87.3/s timeouts=0.0/s avg=28.26ms | present calls=93.3/s waits=0.0/s clear=0.0/s timeouts=0.0/s avg=0.00ms | max=106.12ms (process)
00:19:27.300  [feature-lifecycle] Vulkan release handle=000000013C8343F0 feature=1 generation=15 result=1 removed=1
00:19:29.287  qpc=3590659316302 [focus-fg] game SetOptions unchanged: readable=1 version=4 mode=0 generated=1 flags=0x8 retain_when_off=1 guides=0x0 colour=0x0 result=0x0 foreground=1 minimized=0
00:19:32.838  [fg-guides] output=5120x2160 depth=2970x1252 rect=0,0+2970x1252 mv=2970x1252 rect=0,0+2970x1252 mv-scale=2970,1252 carrier-scale=5120,2160 jitter=-0.3125,-0.203704 jittered=0 inverted=1 reset=1 gpu-nearest=1/1.
00:19:32.841  qpc=3590694853602 [focus-fg] game SetOptions unchanged: readable=1 version=4 mode=1 generated=3 flags=0x0 retain_when_off=0 guides=0x0 colour=0x0 result=0x0 foreground=1 minimized=0
00:19:33.082  qpc=3590697300590 [focus-fg] state: enabled=1 hooked=1 foreground=0 minimized=0 hwnd=0000000021632F4C scope_calls=30864 original_false=26472 kept=26472 presents=63863 FG_evaluates=88647
00:19:35.883  [bridge] 21600 frames delivered so far.
00:19:36.011  [fg-relay] armed by evaluate: hud=498d7ed0 back=417d9cd0 depth=444924d0 mv=43eeb4d0 5120x2160 copy=21422 nr=21422 import=1 slot=0 arm=21422 gpu-wait-nr=21421 pending=0.
00:19:36.011  [fg-relay] evaluate: slot=0 nr=21422 import=1 stage=3.
00:19:36.012  [fg-relay] frame=21600 slot=0 nr=21422 ok=1 wrote=1 nr_entries=2 import=1 armed=21600 skipped=3 busy=0 mismatch=0 conflicts=0.
00:19:42.265  [fg-relay] rate/15.0s p2 import_opt=1: presents=44.4/s present-gate[point=44.4 ready=0.0 fallback=0.0 inactive=0.0]/s noinfo=0.0/s stale=0.0/s unlearned=0.0/s attempts=18.5/s armed=18.5/s skipped=0.0/s busy=0.0/s arm-reject[state=0.0 request=0.0 refused=0.0 stopping=0.0 res=0.0 size=0.0]/s pool[cap=0.0 family=0.0 create=0.0 alloc=0.0]/s copy-drop[fence=0.0 reset=0.0 begin=0.0 end=0.0 submit=0.0]/s cf[seq=0.0/s idle=0.0/s nrfence=0.0/s] slotbusy=0.0/s copyfence-busy=0.0/s nr-gpuwait=7.9/s flips=0.0/s
00:19:42.265  [fg-relay] rate2: fginput eval=55.5/s index!=1=37.0/s eval-gate[off=0.0 fallback=0.0 notready=0.0 noinput=0.0 noqueue=0.0]/s relay eval=18.5/s consume=0.0/s inplace=18.5/s(ok 18.5/s) unarmed=0.0/s mismatch=0.0/s relbusy=0.0/s relok=18.5/s relfail=0.0/s release-stage[queue=0.0 pool=0.0 fence=0.0 reset=0.0 begin=0.0 end=0.0 submit=0.0]/s watchdog=0.0/s | worker plays=18.5/s ok=18.5/s fail=0.0/s nr_absent=0.0/s copyfail=0.0/s
00:19:42.265  [fg-relay] rate3: arm->arm avg=56.97ms max=169700.79ms n=21752 | arm->work avg=0.01ms max=1.24ms | arm->eval avg=0.00ms max=0.00ms | copywait avg=0.007ms max=0.284ms | copy-land<= avg=55.69ms max=169700.42ms | work avg=10.50ms max=179.40ms | totals armed=21753 unarmed=3 skipped=3 busy=0 mismatch=0 copies_failed=0 writes=21753 conflicts=0
00:19:42.265  [fg-relay] rate4: throttle depth=1 off=0 | sleep calls=44.4/s waits=18.2/s clear=26.1/s timeouts=0.0/s avg=29.60ms | present calls=44.4/s waits=0.0/s clear=0.0/s timeouts=0.0/s avg=0.00ms | max=106.12ms (process)
00:19:48.180  qpc=3590848275387 [focus-fg] state: enabled=1 hooked=1 foreground=0 minimized=0 hwnd=0000000021632F4C scope_calls=31231 original_false=26839 kept=26839 presents=64241 FG_evaluates=89750
00:19:57.270  [fg-relay] rate/15.0s p2 import_opt=1: presents=24.9/s present-gate[point=24.9 ready=0.0 fallback=0.0 inactive=0.0]/s noinfo=0.0/s stale=0.0/s unlearned=0.0/s attempts=24.9/s armed=24.9/s skipped=0.0/s busy=0.0/s arm-reject[state=0.0 request=0.0 refused=0.0 stopping=0.0 res=0.0 size=0.0]/s pool[cap=0.0 family=0.0 create=0.0 alloc=0.0]/s copy-drop[fence=0.0 reset=0.0 begin=0.0 end=0.0 submit=0.0]/s cf[seq=0.0/s idle=0.0/s nrfence=0.0/s] slotbusy=0.0/s copyfence-busy=0.0/s nr-gpuwait=13.1/s flips=0.0/s
00:19:57.271  [fg-relay] rate2: fginput eval=74.6/s index!=1=49.7/s eval-gate[off=0.0 fallback=0.0 notready=0.0 noinput=0.0 noqueue=0.0]/s relay eval=24.9/s consume=0.0/s inplace=24.9/s(ok 24.9/s) unarmed=0.0/s mismatch=0.0/s relbusy=0.0/s relok=24.9/s relfail=0.0/s release-stage[queue=0.0 pool=0.0 fence=0.0 reset=0.0 begin=0.0 end=0.0 submit=0.0]/s watchdog=0.0/s | worker plays=24.9/s ok=24.9/s fail=0.0/s nr_absent=0.0/s copyfail=0.0/s
00:19:57.271  [fg-relay] rate3: arm->arm avg=56.69ms max=169700.79ms n=22125 | arm->work avg=0.01ms max=1.24ms | arm->eval avg=0.00ms max=0.00ms | copywait avg=0.007ms max=0.284ms | copy-land<= avg=56.02ms max=169700.42ms | work avg=10.56ms max=179.40ms | totals armed=22126 unarmed=3 skipped=3 busy=0 mismatch=0 copies_failed=0 writes=22126 conflicts=0
00:19:57.271  [fg-relay] rate4: throttle depth=1 off=0 | sleep calls=24.9/s waits=24.9/s clear=0.0/s timeouts=0.0/s avg=32.32ms | present calls=24.9/s waits=0.0/s clear=0.0/s timeouts=0.0/s avg=0.00ms | max=106.12ms (process)
00:20:00.119  [bridge] 22200 frames delivered so far.
00:20:03.297  qpc=3590999451016 [focus-fg] state: enabled=1 hooked=1 foreground=0 minimized=0 hwnd=0000000021632F4C scope_calls=31606 original_false=27214 kept=27214 presents=64616 FG_evaluates=90876
00:20:12.285  [fg-relay] rate/15.0s p2 import_opt=1: presents=24.8/s present-gate[point=24.8 ready=0.0 fallback=0.0 inactive=0.0]/s noinfo=0.0/s stale=0.0/s unlearned=0.0/s attempts=24.8/s armed=24.8/s skipped=0.0/s busy=0.0/s arm-reject[state=0.0 request=0.0 refused=0.0 stopping=0.0 res=0.0 size=0.0]/s pool[cap=0.0 family=0.0 create=0.0 alloc=0.0]/s copy-drop[fence=0.0 reset=0.0 begin=0.0 end=0.0 submit=0.0]/s cf[seq=0.0/s idle=0.0/s nrfence=0.0/s] slotbusy=0.0/s copyfence-busy=0.0/s nr-gpuwait=13.5/s flips=0.0/s
00:20:12.285  [fg-relay] rate2: fginput eval=74.5/s index!=1=49.7/s eval-gate[off=0.0 fallback=0.0 notready=0.0 noinput=0.0 noqueue=0.0]/s relay eval=24.8/s consume=0.0/s inplace=24.8/s(ok 24.8/s) unarmed=0.0/s mismatch=0.0/s relbusy=0.0/s relok=24.8/s relfail=0.0/s release-stage[queue=0.0 pool=0.0 fence=0.0 reset=0.0 begin=0.0 end=0.0 submit=0.0]/s watchdog=0.0/s | worker plays=24.8/s ok=24.8/s fail=0.0/s nr_absent=0.0/s copyfail=0.0/s
00:20:12.285  [fg-relay] rate3: arm->arm avg=56.42ms max=169700.79ms n=22498 | arm->work avg=0.01ms max=1.24ms | arm->eval avg=0.00ms max=0.00ms | copywait avg=0.007ms max=0.284ms | copy-land<= avg=56.34ms max=169700.42ms | work avg=10.63ms max=179.40ms | totals armed=22499 unarmed=3 skipped=3 busy=0 mismatch=0 copies_failed=0 writes=22499 conflicts=0
00:20:12.285  [fg-relay] rate4: throttle depth=1 off=0 | sleep calls=24.8/s waits=24.8/s clear=0.0/s timeouts=0.0/s avg=32.52ms | present calls=24.8/s waits=0.0/s clear=0.0/s timeouts=0.0/s avg=0.00ms | max=106.12ms (process)
00:20:18.367  qpc=3591150144246 [focus-fg] state: enabled=1 hooked=1 foreground=0 minimized=0 hwnd=0000000021632F4C scope_calls=31981 original_false=27589 kept=27589 presents=64991 FG_evaluates=92001
00:20:24.277  [bridge] 22800 frames delivered so far.
00:20:27.306  [fg-relay] rate/15.0s p2 import_opt=1: presents=24.8/s present-gate[point=24.8 ready=0.0 fallback=0.0 inactive=0.0]/s noinfo=0.0/s stale=0.0/s unlearned=0.0/s attempts=24.8/s armed=24.8/s skipped=0.0/s busy=0.0/s arm-reject[state=0.0 request=0.0 refused=0.0 stopping=0.0 res=0.0 size=0.0]/s pool[cap=0.0 family=0.0 create=0.0 alloc=0.0]/s copy-drop[fence=0.0 reset=0.0 begin=0.0 end=0.0 submit=0.0]/s cf[seq=0.0/s idle=0.0/s nrfence=0.0/s] slotbusy=0.0/s copyfence-busy=0.0/s nr-gpuwait=13.4/s flips=0.0/s
00:20:27.306  [fg-relay] rate2: fginput eval=74.5/s index!=1=49.7/s eval-gate[off=0.0 fallback=0.0 notready=0.0 noinput=0.0 noqueue=0.0]/s relay eval=24.8/s consume=0.0/s inplace=24.8/s(ok 24.8/s) unarmed=0.0/s mismatch=0.0/s relbusy=0.0/s relok=24.8/s relfail=0.0/s release-stage[queue=0.0 pool=0.0 fence=0.0 reset=0.0 begin=0.0 end=0.0 submit=0.0]/s watchdog=0.0/s | worker plays=24.8/s ok=24.8/s fail=0.0/s nr_absent=0.0/s copyfail=0.0/s
00:20:27.306  [fg-relay] rate3: arm->arm avg=56.16ms max=169700.79ms n=22871 | arm->work avg=0.01ms max=1.24ms | arm->eval avg=0.00ms max=0.00ms | copywait avg=0.007ms max=0.284ms | copy-land<= avg=56.66ms max=169700.42ms | work avg=10.69ms max=179.40ms | totals armed=22872 unarmed=3 skipped=3 busy=0 mismatch=0 copies_failed=0 writes=22872 conflicts=0
00:20:27.306  [fg-relay] rate4: throttle depth=1 off=0 | sleep calls=24.8/s waits=24.8/s clear=0.0/s timeouts=0.0/s avg=32.62ms | present calls=24.8/s waits=0.0/s clear=0.0/s timeouts=0.0/s avg=0.00ms | max=106.12ms (process)
00:20:33.520  qpc=3591301681439 [focus-fg] state: enabled=1 hooked=1 foreground=0 minimized=0 hwnd=0000000021632F4C scope_calls=32356 original_false=27964 kept=27964 presents=65366 FG_evaluates=93125
00:20:38.575  qpc=3591352231773 [focus-fg] state: enabled=1 hooked=1 foreground=1 minimized=0 hwnd=0000000021632F4C scope_calls=32479 original_false=28067 kept=28067 presents=65500 FG_evaluates=93492
00:20:41.622  qpc=3591382693949 [focus-fg] state: enabled=1 hooked=1 foreground=0 minimized=0 hwnd=0000000021632F4C scope_calls=32557 original_false=28075 kept=28075 presents=65578 FG_evaluates=93726
00:20:42.306  [fg-relay] rate/15.0s p2 import_opt=1: presents=25.6/s present-gate[point=25.6 ready=0.0 fallback=0.0 inactive=0.0]/s noinfo=0.0/s stale=0.0/s unlearned=0.0/s attempts=24.9/s armed=24.9/s skipped=0.0/s busy=0.0/s arm-reject[state=0.0 request=0.0 refused=0.0 stopping=0.0 res=0.0 size=0.0]/s pool[cap=0.0 family=0.0 create=0.0 alloc=0.0]/s copy-drop[fence=0.0 reset=0.0 begin=0.0 end=0.0 submit=0.0]/s cf[seq=0.0/s idle=0.0/s nrfence=0.0/s] slotbusy=0.0/s copyfence-busy=0.0/s nr-gpuwait=16.7/s flips=0.0/s
00:20:42.307  [fg-relay] rate2: fginput eval=74.5/s index!=1=49.6/s eval-gate[off=0.0 fallback=0.0 notready=0.0 noinput=0.0 noqueue=0.0]/s relay eval=24.9/s consume=0.0/s inplace=24.9/s(ok 24.9/s) unarmed=0.0/s mismatch=0.0/s relbusy=0.0/s relok=24.9/s relfail=0.0/s release-stage[queue=0.0 pool=0.0 fence=0.0 reset=0.0 begin=0.0 end=0.0 submit=0.0]/s watchdog=0.0/s | worker plays=24.9/s ok=24.9/s fail=0.0/s nr_absent=0.0/s copyfail=0.0/s
00:20:42.307  [fg-relay] rate3: arm->arm avg=55.90ms max=169700.79ms n=23244 | arm->work avg=0.01ms max=1.24ms | arm->eval avg=0.00ms max=0.00ms | copywait avg=0.007ms max=0.284ms | copy-land<= avg=56.81ms max=169700.42ms | work avg=10.73ms max=179.40ms | totals armed=23245 unarmed=3 skipped=3 busy=0 mismatch=0 copies_failed=0 writes=23245 conflicts=0
00:20:42.307  [fg-relay] rate4: throttle depth=1 off=0 | sleep calls=25.6/s waits=24.9/s clear=0.7/s timeouts=0.0/s avg=31.09ms | present calls=25.6/s waits=0.0/s clear=0.0/s timeouts=0.0/s avg=0.00ms | max=106.12ms (process)
00:20:44.708  qpc=3591413554721 [focus-fg] state: enabled=1 hooked=1 foreground=1 minimized=0 hwnd=0000000021632F4C scope_calls=32631 original_false=28129 kept=28129 presents=65679 FG_evaluates=93948
00:20:45.711  qpc=3591423593624 [focus-fg] state: enabled=1 hooked=1 foreground=0 minimized=0 hwnd=0000000021632F4C scope_calls=32657 original_false=28134 kept=28134 presents=65705 FG_evaluates=94026
00:20:47.775  qpc=3591444223281 [focus-fg] state: enabled=1 hooked=1 foreground=1 minimized=0 hwnd=0000000021632F4C scope_calls=32707 original_false=28179 kept=28179 presents=65769 FG_evaluates=94181
00:20:48.645  [bridge] 23400 frames delivered so far.
00:20:48.755  [fg-relay] armed by evaluate: hud=498d7ed0 back=417d96d0 depth=444924d0 mv=43eeb4d0 5120x2160 copy=23222 nr=23222 import=1 slot=0 arm=23222 gpu-wait-nr=23221 pending=1.
00:20:48.756  [fg-relay] evaluate: slot=0 nr=23222 import=1 stage=3.
00:20:48.762  [fg-relay] frame=23400 slot=0 nr=23222 ok=1 wrote=1 nr_entries=2 import=1 armed=23400 skipped=3 busy=0 mismatch=0 conflicts=0.
00:20:49.792  qpc=3591464403876 [focus-fg] state: enabled=1 hooked=1 foreground=0 minimized=0 hwnd=0000000021632F4C scope_calls=32758 original_false=28202 kept=28202 presents=65832 FG_evaluates=94329
00:20:51.782  qpc=3591484307100 [focus-fg] state: enabled=1 hooked=1 foreground=1 minimized=0 hwnd=0000000021632F4C scope_calls=32806 original_false=28246 kept=28246 presents=65895 FG_evaluates=94476
00:20:54.848  qpc=3591514958295 [focus-fg] state: enabled=1 hooked=1 foreground=0 minimized=0 hwnd=0000000021632F4C scope_calls=32883 original_false=28269 kept=28269 presents=65985 FG_evaluates=94704
00:20:57.307  [fg-relay] rate/15.0s p2 import_opt=1: presents=30.9/s present-gate[point=30.9 ready=0.0 fallback=0.0 inactive=0.0]/s noinfo=0.0/s stale=0.0/s unlearned=0.0/s attempts=24.5/s armed=24.5/s skipped=0.0/s busy=0.0/s arm-reject[state=0.0 request=0.0 refused=0.0 stopping=0.0 res=0.0 size=0.0]/s pool[cap=0.0 family=0.0 create=0.0 alloc=0.0]/s copy-drop[fence=0.0 reset=0.0 begin=0.0 end=0.0 submit=0.0]/s cf[seq=0.0/s idle=0.0/s nrfence=0.0/s] slotbusy=0.0/s copyfence-busy=0.0/s nr-gpuwait=19.3/s flips=0.0/s
00:20:57.307  [fg-relay] rate2: fginput eval=73.5/s index!=1=49.1/s eval-gate[off=0.0 fallback=0.0 notready=0.0 noinput=0.0 noqueue=0.0]/s relay eval=24.5/s consume=0.0/s inplace=24.5/s(ok 24.5/s) unarmed=0.0/s mismatch=0.0/s relbusy=0.0/s relok=24.5/s relfail=0.0/s release-stage[queue=0.0 pool=0.0 fence=0.0 reset=0.0 begin=0.0 end=0.0 submit=0.0]/s watchdog=0.0/s | worker plays=24.5/s ok=24.5/s fail=0.0/s nr_absent=0.0/s copyfail=0.0/s
00:20:57.307  [fg-relay] rate3: arm->arm avg=55.67ms max=169700.79ms n=23611 | arm->work avg=0.01ms max=1.24ms | arm->eval avg=0.00ms max=0.00ms | copywait avg=0.007ms max=0.284ms | copy-land<= avg=56.75ms max=169700.42ms | work avg=10.73ms max=179.40ms | totals armed=23612 unarmed=3 skipped=3 busy=0 mismatch=0 copies_failed=0 writes=23612 conflicts=0
00:20:57.307  [fg-relay] rate4: throttle depth=1 off=0 | sleep calls=30.9/s waits=23.5/s clear=7.3/s timeouts=0.0/s avg=30.95ms | present calls=30.9/s waits=0.0/s clear=0.0/s timeouts=0.0/s avg=0.00ms | max=106.12ms (process)
00:21:10.044  qpc=3591666923112 [focus-fg] state: enabled=1 hooked=1 foreground=0 minimized=0 hwnd=0000000021632F4C scope_calls=33257 original_false=28643 kept=28643 presents=66374 FG_evaluates=95829
00:21:12.304  [fg-relay] rate/15.0s p2 import_opt=1: presents=24.7/s present-gate[point=24.7 ready=0.0 fallback=0.0 inactive=0.0]/s noinfo=0.0/s stale=0.0/s unlearned=0.0/s attempts=24.7/s armed=24.7/s skipped=0.0/s busy=0.0/s arm-reject[state=0.0 request=0.0 refused=0.0 stopping=0.0 res=0.0 size=0.0]/s pool[cap=0.0 family=0.0 create=0.0 alloc=0.0]/s copy-drop[fence=0.0 reset=0.0 begin=0.0 end=0.0 submit=0.0]/s cf[seq=0.0/s idle=0.0/s nrfence=0.0/s] slotbusy=0.0/s copyfence-busy=0.0/s nr-gpuwait=13.2/s flips=0.0/s
00:21:12.305  [fg-relay] rate2: fginput eval=74.0/s index!=1=49.3/s eval-gate[off=0.0 fallback=0.0 notready=0.0 noinput=0.0 noqueue=0.0]/s relay eval=24.7/s consume=0.0/s inplace=24.7/s(ok 24.7/s) unarmed=0.0/s mismatch=0.0/s relbusy=0.0/s relok=24.7/s relfail=0.0/s release-stage[queue=0.0 pool=0.0 fence=0.0 reset=0.0 begin=0.0 end=0.0 submit=0.0]/s watchdog=0.0/s | worker plays=24.7/s ok=24.7/s fail=0.0/s nr_absent=0.0/s copyfail=0.0/s
00:21:12.305  [fg-relay] rate3: arm->arm avg=55.43ms max=169700.79ms n=23981 | arm->work avg=0.01ms max=1.24ms | arm->eval avg=0.00ms max=0.00ms | copywait avg=0.007ms max=0.284ms | copy-land<= avg=57.04ms max=169700.42ms | work avg=10.79ms max=179.40ms | totals armed=23982 unarmed=3 skipped=3 busy=0 mismatch=0 copies_failed=0 writes=23982 conflicts=0
00:21:12.305  [fg-relay] rate4: throttle depth=1 off=0 | sleep calls=24.7/s waits=24.7/s clear=0.0/s timeouts=0.0/s avg=32.46ms | present calls=24.7/s waits=0.0/s clear=0.0/s timeouts=0.0/s avg=0.00ms | max=106.12ms (process)
00:21:12.908  [bridge] 24000 frames delivered so far.
00:21:25.216  qpc=3591818640565 [focus-fg] state: enabled=1 hooked=1 foreground=0 minimized=0 hwnd=0000000021632F4C scope_calls=33632 original_false=29018 kept=29018 presents=66749 FG_evaluates=96954
00:21:27.304  [fg-relay] rate/15.0s p2 import_opt=1: presents=24.7/s present-gate[point=24.7 ready=0.0 fallback=0.0 inactive=0.0]/s noinfo=0.0/s stale=0.0/s unlearned=0.0/s attempts=24.7/s armed=24.7/s skipped=0.0/s busy=0.0/s arm-reject[state=0.0 request=0.0 refused=0.0 stopping=0.0 res=0.0 size=0.0]/s pool[cap=0.0 family=0.0 create=0.0 alloc=0.0]/s copy-drop[fence=0.0 reset=0.0 begin=0.0 end=0.0 submit=0.0]/s cf[seq=0.0/s idle=0.0/s nrfence=0.0/s] slotbusy=0.0/s copyfence-busy=0.0/s nr-gpuwait=13.1/s flips=0.0/s
00:21:27.304  [fg-relay] rate2: fginput eval=74.2/s index!=1=49.5/s eval-gate[off=0.0 fallback=0.0 notready=0.0 noinput=0.0 noqueue=0.0]/s relay eval=24.7/s consume=0.0/s inplace=24.7/s(ok 24.7/s) unarmed=0.0/s mismatch=0.0/s relbusy=0.0/s relok=24.7/s relfail=0.0/s release-stage[queue=0.0 pool=0.0 fence=0.0 reset=0.0 begin=0.0 end=0.0 submit=0.0]/s watchdog=0.0/s | worker plays=24.7/s ok=24.7/s fail=0.0/s nr_absent=0.0/s copyfail=0.0/s
00:21:27.304  [fg-relay] rate3: arm->arm avg=55.20ms max=169700.79ms n=24352 | arm->work avg=0.01ms max=1.24ms | arm->eval avg=0.00ms max=0.00ms | copywait avg=0.007ms max=0.284ms | copy-land<= avg=57.33ms max=169700.42ms | work avg=10.85ms max=179.40ms | totals armed=24353 unarmed=3 skipped=3 busy=0 mismatch=0 copies_failed=0 writes=24353 conflicts=0
00:21:27.305  [fg-relay] rate4: throttle depth=1 off=0 | sleep calls=24.7/s waits=24.7/s clear=0.1/s timeouts=0.0/s avg=32.34ms | present calls=24.7/s waits=0.0/s clear=0.0/s timeouts=0.0/s avg=0.00ms | max=106.12ms (process)
00:21:32.291  qpc=3591889382283 [focus-fg] state: enabled=1 hooked=1 foreground=1 minimized=0 hwnd=0000000021632F4C scope_calls=33806 original_false=29185 kept=29185 presents=66923 FG_evaluates=97478
00:21:34.328  qpc=3591909756462 [focus-fg] state: enabled=1 hooked=1 foreground=0 minimized=0 hwnd=0000000021632F4C scope_calls=33857 original_false=29211 kept=29211 presents=66987 FG_evaluates=97626
00:21:37.254  [bridge] 24600 frames delivered so far.
00:21:42.325  [fg-relay] rate/15.0s p2 import_opt=1: presents=26.4/s present-gate[point=26.4 ready=0.0 fallback=0.0 inactive=0.0]/s noinfo=0.0/s stale=0.0/s unlearned=0.0/s attempts=24.6/s armed=24.6/s skipped=0.0/s busy=0.0/s arm-reject[state=0.0 request=0.0 refused=0.0 stopping=0.0 res=0.0 size=0.0]/s pool[cap=0.0 family=0.0 create=0.0 alloc=0.0]/s copy-drop[fence=0.0 reset=0.0 begin=0.0 end=0.0 submit=0.0]/s cf[seq=0.0/s idle=0.0/s nrfence=0.0/s] slotbusy=0.0/s copyfence-busy=0.0/s nr-gpuwait=14.6/s flips=0.0/s
00:21:42.325  [fg-relay] rate2: fginput eval=73.7/s index!=1=49.1/s eval-gate[off=0.0 fallback=0.0 notready=0.0 noinput=0.0 noqueue=0.0]/s relay eval=24.6/s consume=0.0/s inplace=24.6/s(ok 24.6/s) unarmed=0.0/s mismatch=0.0/s relbusy=0.0/s relok=24.6/s relfail=0.0/s release-stage[queue=0.0 pool=0.0 fence=0.0 reset=0.0 begin=0.0 end=0.0 submit=0.0]/s watchdog=0.0/s | worker plays=24.6/s ok=24.6/s fail=0.0/s nr_absent=0.0/s copyfail=0.0/s
00:21:42.325  [fg-relay] rate3: arm->arm avg=54.99ms max=169700.79ms n=24721 | arm->work avg=0.01ms max=1.24ms | arm->eval avg=0.00ms max=0.00ms | copywait avg=0.007ms max=0.284ms | copy-land<= avg=57.50ms max=169700.42ms | work avg=10.89ms max=179.40ms | totals armed=24722 unarmed=3 skipped=3 busy=0 mismatch=0 copies_failed=0 writes=24722 conflicts=0
00:21:42.325  [fg-relay] rate4: throttle depth=1 off=0 | sleep calls=26.4/s waits=24.1/s clear=2.3/s timeouts=0.0/s avg=32.18ms | present calls=26.4/s waits=0.0/s clear=0.0/s timeouts=0.0/s avg=0.00ms | max=106.12ms (process)
00:21:50.476  qpc=3592071242522 [focus-fg] state: enabled=1 hooked=1 foreground=0 minimized=0 hwnd=0000000021632F4C scope_calls=34255 original_false=29609 kept=29609 presents=67399 FG_evaluates=98823
00:21:57.319  [fg-relay] rate/15.0s p2 import_opt=1: presents=24.8/s present-gate[point=24.8 ready=0.0 fallback=0.0 inactive=0.0]/s noinfo=0.0/s stale=0.0/s unlearned=0.0/s attempts=24.8/s armed=24.8/s skipped=0.0/s busy=0.0/s arm-reject[state=0.0 request=0.0 refused=0.0 stopping=0.0 res=0.0 size=0.0]/s pool[cap=0.0 family=0.0 create=0.0 alloc=0.0]/s copy-drop[fence=0.0 reset=0.0 begin=0.0 end=0.0 submit=0.0]/s cf[seq=0.0/s idle=0.0/s nrfence=0.0/s] slotbusy=0.0/s copyfence-busy=0.0/s nr-gpuwait=13.2/s flips=0.0/s
00:21:57.319  [fg-relay] rate2: fginput eval=74.4/s index!=1=49.6/s eval-gate[off=0.0 fallback=0.0 notready=0.0 noinput=0.0 noqueue=0.0]/s relay eval=24.8/s consume=0.0/s inplace=24.8/s(ok 24.8/s) unarmed=0.0/s mismatch=0.0/s relbusy=0.0/s relok=24.8/s relfail=0.0/s release-stage[queue=0.0 pool=0.0 fence=0.0 reset=0.0 begin=0.0 end=0.0 submit=0.0]/s watchdog=0.0/s | worker plays=24.8/s ok=24.8/s fail=0.0/s nr_absent=0.0/s copyfail=0.0/s
00:21:57.319  [fg-relay] rate3: arm->arm avg=54.77ms max=169700.79ms n=25093 | arm->work avg=0.01ms max=1.24ms | arm->eval avg=0.00ms max=0.00ms | copywait avg=0.007ms max=0.284ms | copy-land<= avg=57.76ms max=169700.42ms | work avg=10.94ms max=179.40ms | totals armed=25094 unarmed=3 skipped=3 busy=0 mismatch=0 copies_failed=0 writes=25094 conflicts=0
00:21:57.319  [fg-relay] rate4: throttle depth=1 off=0 | sleep calls=24.8/s waits=24.8/s clear=0.0/s timeouts=0.0/s avg=32.30ms | present calls=24.8/s waits=0.0/s clear=0.0/s timeouts=0.0/s avg=0.00ms | max=106.12ms (process)
00:22:01.462  [bridge] 25200 frames delivered so far.
00:22:01.550  [fg-relay] armed by evaluate: hud=498d7ed0 back=417d90d0 depth=444924d0 mv=43eeb4d0 5120x2160 copy=25022 nr=25022 import=1 slot=0 arm=25022 gpu-wait-nr=25021 pending=1.
00:22:01.550  [fg-relay] evaluate: slot=0 nr=25022 import=1 stage=3.
00:22:01.575  [fg-relay] frame=25200 slot=0 nr=25022 ok=1 wrote=1 nr_entries=2 import=1 armed=25200 skipped=3 busy=0 mismatch=0 conflicts=0.
00:22:06.574  qpc=3592232222554 [focus-fg] state: enabled=1 hooked=1 foreground=0 minimized=0 hwnd=0000000021632F4C scope_calls=34655 original_false=30009 kept=30009 presents=67799 FG_evaluates=100023
00:22:12.348  [fg-relay] rate/15.0s p2 import_opt=1: presents=24.8/s present-gate[point=24.8 ready=0.0 fallback=0.0 inactive=0.0]/s noinfo=0.0/s stale=0.0/s unlearned=0.0/s attempts=24.8/s armed=24.8/s skipped=0.0/s busy=0.0/s arm-reject[state=0.0 request=0.0 refused=0.0 stopping=0.0 res=0.0 size=0.0]/s pool[cap=0.0 family=0.0 create=0.0 alloc=0.0]/s copy-drop[fence=0.0 reset=0.0 begin=0.0 end=0.0 submit=0.0]/s cf[seq=0.0/s idle=0.0/s nrfence=0.0/s] slotbusy=0.0/s copyfence-busy=0.0/s nr-gpuwait=13.0/s flips=0.0/s
00:22:12.348  [fg-relay] rate2: fginput eval=74.4/s index!=1=49.6/s eval-gate[off=0.0 fallback=0.0 notready=0.0 noinput=0.0 noqueue=0.0]/s relay eval=24.8/s consume=0.0/s inplace=24.8/s(ok 24.8/s) unarmed=0.0/s mismatch=0.0/s relbusy=0.0/s relok=24.8/s relfail=0.0/s release-stage[queue=0.0 pool=0.0 fence=0.0 reset=0.0 begin=0.0 end=0.0 submit=0.0]/s watchdog=0.0/s | worker plays=24.8/s ok=24.8/s fail=0.0/s nr_absent=0.0/s copyfail=0.0/s
00:22:12.349  [fg-relay] rate3: arm->arm avg=54.56ms max=169700.79ms n=25466 | arm->work avg=0.01ms max=1.24ms | arm->eval avg=0.00ms max=0.00ms | copywait avg=0.007ms max=0.284ms | copy-land<= avg=58.02ms max=169700.42ms | work avg=10.99ms max=179.40ms | totals armed=25467 unarmed=3 skipped=3 busy=0 mismatch=0 copies_failed=0 writes=25467 conflicts=0
00:22:12.349  [fg-relay] rate4: throttle depth=1 off=0 | sleep calls=24.8/s waits=24.8/s clear=0.0/s timeouts=0.0/s avg=32.29ms | present calls=24.8/s waits=0.0/s clear=0.0/s timeouts=0.0/s avg=0.00ms | max=106.12ms (process)
00:22:22.683  qpc=3592393303011 [focus-fg] state: enabled=1 hooked=1 foreground=0 minimized=0 hwnd=0000000021632F4C scope_calls=35054 original_false=30408 kept=30408 presents=68198 FG_evaluates=101219
00:22:25.655  [bridge] 25800 frames delivered so far.
00:22:27.347  [fg-relay] rate/15.0s p2 import_opt=1: presents=24.8/s present-gate[point=24.8 ready=0.0 fallback=0.0 inactive=0.0]/s noinfo=0.0/s stale=0.0/s unlearned=0.0/s attempts=24.8/s armed=24.8/s skipped=0.0/s busy=0.0/s arm-reject[state=0.0 request=0.0 refused=0.0 stopping=0.0 res=0.0 size=0.0]/s pool[cap=0.0 family=0.0 create=0.0 alloc=0.0]/s copy-drop[fence=0.0 reset=0.0 begin=0.0 end=0.0 submit=0.0]/s cf[seq=0.0/s idle=0.0/s nrfence=0.0/s] slotbusy=0.0/s copyfence-busy=0.0/s nr-gpuwait=13.1/s flips=0.0/s
00:22:27.347  [fg-relay] rate2: fginput eval=74.4/s index!=1=49.6/s eval-gate[off=0.0 fallback=0.0 notready=0.0 noinput=0.0 noqueue=0.0]/s relay eval=24.8/s consume=0.0/s inplace=24.8/s(ok 24.8/s) unarmed=0.0/s mismatch=0.0/s relbusy=0.0/s relok=24.8/s relfail=0.0/s release-stage[queue=0.0 pool=0.0 fence=0.0 reset=0.0 begin=0.0 end=0.0 submit=0.0]/s watchdog=0.0/s | worker plays=24.8/s ok=24.8/s fail=0.0/s nr_absent=0.0/s copyfail=0.0/s
00:22:27.347  [fg-relay] rate3: arm->arm avg=54.35ms max=169700.79ms n=25838 | arm->work avg=0.01ms max=1.24ms | arm->eval avg=0.00ms max=0.00ms | copywait avg=0.007ms max=0.284ms | copy-land<= avg=58.27ms max=169700.42ms | work avg=11.04ms max=179.40ms | totals armed=25839 unarmed=3 skipped=3 busy=0 mismatch=0 copies_failed=0 writes=25839 conflicts=0
00:22:27.348  [fg-relay] rate4: throttle depth=1 off=0 | sleep calls=24.8/s waits=24.8/s clear=0.0/s timeouts=0.0/s avg=32.42ms | present calls=24.8/s waits=0.0/s clear=0.0/s timeouts=0.0/s avg=0.00ms | max=106.12ms (process)
00:22:37.880  qpc=3592545272078 [focus-fg] state: enabled=1 hooked=1 foreground=0 minimized=0 hwnd=0000000021632F4C scope_calls=35429 original_false=30783 kept=30783 presents=68573 FG_evaluates=102345
00:22:42.363  [fg-relay] rate/15.0s p2 import_opt=1: presents=24.6/s present-gate[point=24.6 ready=0.0 fallback=0.0 inactive=0.0]/s noinfo=0.0/s stale=0.0/s unlearned=0.0/s attempts=24.6/s armed=24.6/s skipped=0.0/s busy=0.0/s arm-reject[state=0.0 request=0.0 refused=0.0 stopping=0.0 res=0.0 size=0.0]/s pool[cap=0.0 family=0.0 create=0.0 alloc=0.0]/s copy-drop[fence=0.0 reset=0.0 begin=0.0 end=0.0 submit=0.0]/s cf[seq=0.0/s idle=0.0/s nrfence=0.0/s] slotbusy=0.0/s copyfence-busy=0.0/s nr-gpuwait=13.0/s flips=0.0/s
00:22:42.363  [fg-relay] rate2: fginput eval=73.9/s index!=1=49.3/s eval-gate[off=0.0 fallback=0.0 notready=0.0 noinput=0.0 noqueue=0.0]/s relay eval=24.6/s consume=0.0/s inplace=24.6/s(ok 24.6/s) unarmed=0.0/s mismatch=0.0/s relbusy=0.0/s relok=24.6/s relfail=0.0/s release-stage[queue=0.0 pool=0.0 fence=0.0 reset=0.0 begin=0.0 end=0.0 submit=0.0]/s watchdog=0.0/s | worker plays=24.6/s ok=24.6/s fail=0.0/s nr_absent=0.0/s copyfail=0.0/s
00:22:42.364  [fg-relay] rate3: arm->arm avg=54.16ms max=169700.79ms n=26208 | arm->work avg=0.01ms max=1.24ms | arm->eval avg=0.00ms max=0.00ms | copywait avg=0.007ms max=0.284ms | copy-land<= avg=58.51ms max=169700.42ms | work avg=11.09ms max=179.40ms | totals armed=26209 unarmed=3 skipped=3 busy=0 mismatch=0 copies_failed=0 writes=26209 conflicts=0
00:22:42.364  [fg-relay] rate4: throttle depth=1 off=0 | sleep calls=24.6/s waits=24.6/s clear=0.0/s timeouts=0.0/s avg=32.39ms | present calls=24.6/s waits=0.0/s clear=0.0/s timeouts=0.0/s avg=0.00ms | max=106.12ms (process)
00:22:49.953  [bridge] 26400 frames delivered so far.
00:22:53.103  qpc=3592697503692 [focus-fg] state: enabled=1 hooked=1 foreground=0 minimized=0 hwnd=0000000021632F4C scope_calls=35805 original_false=31159 kept=31159 presents=68949 FG_evaluates=103473
00:22:55.162  qpc=3592718095589 [focus-fg] state: enabled=1 hooked=1 foreground=1 minimized=0 hwnd=0000000021632F4C scope_calls=35855 original_false=31195 kept=31195 presents=68999 FG_evaluates=103621
00:22:56.218  qpc=3592728622904 [focus-fg] game SetOptions unchanged: readable=1 version=4 mode=0 generated=1 flags=0x8 retain_when_off=1 guides=0x0 colour=0x0 result=0x0 foreground=1 minimized=0
00:22:57.364  [fg-relay] rate/15.0s p2 import_opt=1: presents=30.4/s present-gate[point=30.4 ready=0.0 fallback=0.0 inactive=0.0]/s noinfo=0.0/s stale=0.0/s unlearned=0.0/s attempts=22.7/s armed=22.7/s skipped=0.0/s busy=0.0/s arm-reject[state=0.0 request=0.0 refused=0.0 stopping=0.0 res=0.0 size=0.0]/s pool[cap=0.0 family=0.0 create=0.0 alloc=0.0]/s copy-drop[fence=0.0 reset=0.0 begin=0.0 end=0.0 submit=0.0]/s cf[seq=0.0/s idle=0.0/s nrfence=0.0/s] slotbusy=0.0/s copyfence-busy=0.0/s nr-gpuwait=12.9/s flips=0.0/s
00:22:57.365  [fg-relay] rate2: fginput eval=68.0/s index!=1=45.3/s eval-gate[off=0.0 fallback=0.0 notready=0.0 noinput=0.0 noqueue=0.0]/s relay eval=22.7/s consume=0.0/s inplace=22.7/s(ok 22.7/s) unarmed=0.0/s mismatch=0.0/s relbusy=0.0/s relok=22.7/s relfail=0.0/s release-stage[queue=0.0 pool=0.0 fence=0.0 reset=0.0 begin=0.0 end=0.0 submit=0.0]/s watchdog=0.0/s | worker plays=22.7/s ok=22.7/s fail=0.0/s nr_absent=0.0/s copyfail=0.0/s
00:22:57.365  [fg-relay] rate3: arm->arm avg=53.99ms max=169700.79ms n=26548 | arm->work avg=0.01ms max=1.24ms | arm->eval avg=0.00ms max=0.00ms | copywait avg=0.007ms max=0.284ms | copy-land<= avg=58.69ms max=169700.42ms | work avg=11.13ms max=179.40ms | totals armed=26549 unarmed=3 skipped=3 busy=0 mismatch=0 copies_failed=0 writes=26549 conflicts=0
00:22:57.365  [fg-relay] rate4: throttle depth=1 off=0 | sleep calls=30.4/s waits=22.6/s clear=7.9/s timeouts=0.0/s avg=31.71ms | present calls=30.4/s waits=0.0/s clear=0.0/s timeouts=0.0/s avg=0.00ms | max=106.12ms (process)
00:22:58.971  [vkmirror] the game is destroying the effect runtime, so the mirror stops and everything imported onto its VkDevice is released before the device is.
00:22:58.993  [vkmirror] ReShade created an effect runtime on Vulkan. The mirror takes it.
00:22:58.994  [vkmirror] a new ReShade effect runtime exists, so the mirror is armed again and rebuilds on the next evaluate.
00:22:59.023  [fg-relay] shutdown has no relay session or GPU objects; the next runtime can open its first relay.
00:22:59.032  [vkmirror] ReShade created an effect runtime on Vulkan. The mirror takes it.
00:22:59.032  [vkmirror] a new ReShade effect runtime exists, so the mirror is armed again and rebuilds on the next evaluate.
00:23:00.305  [fg-relay] shutdown has no relay session or GPU objects; the next runtime can open its first relay.
00:23:00.313  [vkmirror] ReShade created an effect runtime on Vulkan. The mirror takes it.
00:23:00.313  [vkmirror] a new ReShade effect runtime exists, so the mirror is armed again and rebuilds on the next evaluate.
00:23:00.339  [fg-relay] shutdown has no relay session or GPU objects; the next runtime can open its first relay.
00:23:00.347  [vkmirror] ReShade created an effect runtime on Vulkan. The mirror takes it.
00:23:00.347  [vkmirror] a new ReShade effect runtime exists, so the mirror is armed again and rebuilds on the next evaluate.
00:23:02.066  === Vulkan CreateFeature1 #56  feature_id=1  VkDevice=000000002FBE00D0  thread 65156 ===
00:23:02.083  [feature-lifecycle] Vulkan created feature=1 handle=0000002AEB58E890 generation=17 live=3
00:23:02.083  === Vulkan CreateFeature1 #56 returned 1, handle=0000002AEB58E890 ===
00:23:02.083  [vkmirror] the game's create states 2227x1253 -> 3840x2160. That is the shape the mirror will use, in preference to the four scalars its evaluates carry.
00:23:02.084  === Vulkan CreateFeature1 #57  feature_id=18  VkDevice=000000002FBE00D0  thread 65156 ===
00:23:02.084  === Vulkan CreateFeature1 #57 returned -1160773630, handle=0000000000000000 ===
00:23:02.088  qpc=3592787322270 [focus-fg] game SetOptions unchanged: readable=1 version=4 mode=1 generated=3 flags=0x0 retain_when_off=0 guides=0x0 colour=0x0 result=0x0 foreground=1 minimized=0
00:23:02.123  [feature-lifecycle] Vulkan release handle=0000002B25681EA0 feature=11 generation=12 result=1 removed=1
00:23:02.123  === Vulkan CreateFeature1 #58  feature_id=11  VkDevice=000000002FBE00D0  thread 65156 ===
00:23:02.252  [feature-lifecycle] Vulkan created feature=11 handle=0000002B24E3EC80 generation=18 live=3
00:23:02.253  === Vulkan CreateFeature1 #58 returned 1, handle=0000002B24E3EC80 ===
00:23:02.259  === Vulkan CreateFeature1 #59  feature_id=18  VkDevice=000000002FBE00D0  thread 65156 ===
00:23:02.259  === Vulkan CreateFeature1 #59 returned -1160773630, handle=0000000000000000 ===
00:23:02.289  [feature-lifecycle] Vulkan release handle=0000002AEA505C70 feature=1 generation=16 result=1 removed=1
00:23:02.356  [synth] Vulkan side ready: VkDevice 000000002FBE00D0, VK_KHR_external_memory_win32 enabled, VK_KHR_push_descriptor enabled, 23 entry points resolved out of vulkan-1.dll with no import of it.
00:23:03.266  === Vulkan CreateFeature1 #60  feature_id=18  VkDevice=000000002FBE00D0  thread 65156 ===
00:23:03.266  === Vulkan CreateFeature1 #60 returned -1160773630, handle=0000000000000000 ===
00:23:05.271  === Vulkan CreateFeature1 #61  feature_id=18  VkDevice=000000002FBE00D0  thread 65156 ===
00:23:05.272  === Vulkan CreateFeature1 #61 returned -1160773630, handle=0000000000000000 ===
00:23:09.272  === Vulkan CreateFeature1 #62  feature_id=18  VkDevice=000000002FBE00D0  thread 65156 ===
00:23:09.273  === Vulkan CreateFeature1 #62 returned -1160773630, handle=0000000000000000 ===
00:23:11.368  qpc=3592880155511 [focus-fg] state: enabled=1 hooked=1 foreground=1 minimized=0 hwnd=0000000021632F4C scope_calls=36848 original_false=31195 kept=31195 presents=70608 FG_evaluates=106602
00:23:12.361  [fg-relay] rate/15.0s p2 import_opt=1: presents=104.6/s present-gate[point=104.6 ready=0.0 fallback=0.0 inactive=0.0]/s noinfo=0.0/s stale=0.0/s unlearned=0.0/s attempts=0.0/s armed=0.0/s skipped=0.0/s busy=0.0/s arm-reject[state=0.0 request=0.0 refused=0.0 stopping=0.0 res=0.0 size=0.0]/s pool[cap=0.0 family=0.0 create=0.0 alloc=0.0]/s copy-drop[fence=0.0 reset=0.0 begin=0.0 end=0.0 submit=0.0]/s cf[seq=0.0/s idle=0.0/s nrfence=0.0/s] slotbusy=0.0/s copyfence-busy=0.0/s nr-gpuwait=0.0/s flips=0.0/s
00:23:12.361  [fg-relay] rate2: fginput eval=213.7/s index!=1=142.4/s eval-gate[off=0.0 fallback=0.0 notready=71.3 noinput=0.0 noqueue=0.0]/s relay eval=0.0/s consume=0.0/s inplace=0.0/s(ok 0.0/s) unarmed=0.0/s mismatch=0.0/s relbusy=0.0/s relok=0.0/s relfail=0.0/s release-stage[queue=0.0 pool=0.0 fence=0.0 reset=0.0 begin=0.0 end=0.0 submit=0.0]/s watchdog=0.0/s | worker plays=0.0/s ok=0.0/s fail=0.0/s nr_absent=0.0/s copyfail=0.0/s
00:23:12.361  [fg-relay] rate3: arm->arm avg=53.99ms max=169700.79ms n=26548 | arm->work avg=0.01ms max=1.24ms | arm->eval avg=0.00ms max=0.00ms | copywait avg=0.007ms max=0.284ms | copy-land<= avg=58.69ms max=169700.42ms | work avg=11.13ms max=179.40ms | totals armed=26549 unarmed=3 skipped=3 busy=0 mismatch=0 copies_failed=0 writes=26549 conflicts=0
00:23:12.361  [fg-relay] rate4: throttle depth=1 off=0 | sleep calls=104.5/s waits=0.0/s clear=11.6/s timeouts=0.0/s avg=0.00ms | present calls=104.6/s waits=0.0/s clear=0.0/s timeouts=0.0/s avg=0.00ms | max=106.12ms (process)
00:23:17.274  === Vulkan CreateFeature1 #63  feature_id=18  VkDevice=000000002FBE00D0  thread 65156 ===
00:23:17.274  === Vulkan CreateFeature1 #63 returned -1160773630, handle=0000000000000000 ===
00:23:26.365  qpc=3593030131589 [focus-fg] state: enabled=1 hooked=1 foreground=1 minimized=0 hwnd=0000000021632F4C scope_calls=38392 original_false=31195 kept=31195 presents=72152 FG_evaluates=111234
00:23:27.364  [fg-relay] rate/15.0s p2 import_opt=1: presents=103.0/s present-gate[point=103.0 ready=0.0 fallback=0.0 inactive=0.0]/s noinfo=0.0/s stale=0.0/s unlearned=0.0/s attempts=0.0/s armed=0.0/s skipped=0.0/s busy=0.0/s arm-reject[state=0.0 request=0.0 refused=0.0 stopping=0.0 res=0.0 size=0.0]/s pool[cap=0.0 family=0.0 create=0.0 alloc=0.0]/s copy-drop[fence=0.0 reset=0.0 begin=0.0 end=0.0 submit=0.0]/s cf[seq=0.0/s idle=0.0/s nrfence=0.0/s] slotbusy=0.0/s copyfence-busy=0.0/s nr-gpuwait=0.0/s flips=0.0/s
00:23:27.364  [fg-relay] rate2: fginput eval=309.1/s index!=1=206.1/s eval-gate[off=0.0 fallback=0.0 notready=103.0 noinput=0.0 noqueue=0.0]/s relay eval=0.0/s consume=0.0/s inplace=0.0/s(ok 0.0/s) unarmed=0.0/s mismatch=0.0/s relbusy=0.0/s relok=0.0/s relfail=0.0/s release-stage[queue=0.0 pool=0.0 fence=0.0 reset=0.0 begin=0.0 end=0.0 submit=0.0]/s watchdog=0.0/s | worker plays=0.0/s ok=0.0/s fail=0.0/s nr_absent=0.0/s copyfail=0.0/s
00:23:27.364  [fg-relay] rate3: arm->arm avg=53.99ms max=169700.79ms n=26548 | arm->work avg=0.01ms max=1.24ms | arm->eval avg=0.00ms max=0.00ms | copywait avg=0.007ms max=0.284ms | copy-land<= avg=58.69ms max=169700.42ms | work avg=11.13ms max=179.40ms | totals armed=26549 unarmed=3 skipped=3 busy=0 mismatch=0 copies_failed=0 writes=26549 conflicts=0
00:23:27.364  [fg-relay] rate4: throttle depth=1 off=0 | sleep calls=103.0/s waits=0.0/s clear=0.0/s timeouts=0.0/s avg=0.00ms | present calls=103.0/s waits=0.0/s clear=0.0/s timeouts=0.0/s avg=0.00ms | max=106.12ms (process)
00:23:33.276  === Vulkan CreateFeature1 #64  feature_id=18  VkDevice=000000002FBE00D0  thread 65156 ===
00:23:33.276  === Vulkan CreateFeature1 #64 returned -1160773630, handle=0000000000000000 ===
00:23:42.366  [fg-relay] rate/15.0s p2 import_opt=1: presents=105.2/s present-gate[point=105.2 ready=0.0 fallback=0.0 inactive=0.0]/s noinfo=0.0/s stale=0.0/s unlearned=0.0/s attempts=0.0/s armed=0.0/s skipped=0.0/s busy=0.0/s arm-reject[state=0.0 request=0.0 refused=0.0 stopping=0.0 res=0.0 size=0.0]/s pool[cap=0.0 family=0.0 create=0.0 alloc=0.0]/s copy-drop[fence=0.0 reset=0.0 begin=0.0 end=0.0 submit=0.0]/s cf[seq=0.0/s idle=0.0/s nrfence=0.0/s] slotbusy=0.0/s copyfence-busy=0.0/s nr-gpuwait=0.0/s flips=0.0/s
00:23:42.366  [fg-relay] rate2: fginput eval=315.5/s index!=1=210.3/s eval-gate[off=0.0 fallback=0.0 notready=105.2 noinput=0.0 noqueue=0.0]/s relay eval=0.0/s consume=0.0/s inplace=0.0/s(ok 0.0/s) unarmed=0.0/s mismatch=0.0/s relbusy=0.0/s relok=0.0/s relfail=0.0/s release-stage[queue=0.0 pool=0.0 fence=0.0 reset=0.0 begin=0.0 end=0.0 submit=0.0]/s watchdog=0.0/s | worker plays=0.0/s ok=0.0/s fail=0.0/s nr_absent=0.0/s copyfail=0.0/s
00:23:42.366  [fg-relay] rate3: arm->arm avg=53.99ms max=169700.79ms n=26548 | arm->work avg=0.01ms max=1.24ms | arm->eval avg=0.00ms max=0.00ms | copywait avg=0.007ms max=0.284ms | copy-land<= avg=58.69ms max=169700.42ms | work avg=11.13ms max=179.40ms | totals armed=26549 unarmed=3 skipped=3 busy=0 mismatch=0 copies_failed=0 writes=26549 conflicts=0
00:23:42.366  [fg-relay] rate4: throttle depth=1 off=0 | sleep calls=105.3/s waits=0.0/s clear=0.0/s timeouts=0.0/s avg=0.00ms | present calls=105.2/s waits=0.0/s clear=0.0/s timeouts=0.0/s avg=0.00ms | max=106.12ms (process)
00:23:42.370  qpc=3593190175492 [focus-fg] state: enabled=1 hooked=1 foreground=1 minimized=0 hwnd=0000000021632F4C scope_calls=40072 original_false=31195 kept=31195 presents=73832 FG_evaluates=116273
00:23:57.376  [fg-relay] rate/15.0s p2 import_opt=1: presents=103.8/s present-gate[point=103.8 ready=0.0 fallback=0.0 inactive=0.0]/s noinfo=0.0/s stale=0.0/s unlearned=0.0/s attempts=0.0/s armed=0.0/s skipped=0.0/s busy=0.0/s arm-reject[state=0.0 request=0.0 refused=0.0 stopping=0.0 res=0.0 size=0.0]/s pool[cap=0.0 family=0.0 create=0.0 alloc=0.0]/s copy-drop[fence=0.0 reset=0.0 begin=0.0 end=0.0 submit=0.0]/s cf[seq=0.0/s idle=0.0/s nrfence=0.0/s] slotbusy=0.0/s copyfence-busy=0.0/s nr-gpuwait=0.0/s flips=0.0/s
00:23:57.376  [fg-relay] rate2: fginput eval=311.4/s index!=1=207.6/s eval-gate[off=0.0 fallback=0.0 notready=103.8 noinput=0.0 noqueue=0.0]/s relay eval=0.0/s consume=0.0/s inplace=0.0/s(ok 0.0/s) unarmed=0.0/s mismatch=0.0/s relbusy=0.0/s relok=0.0/s relfail=0.0/s release-stage[queue=0.0 pool=0.0 fence=0.0 reset=0.0 begin=0.0 end=0.0 submit=0.0]/s watchdog=0.0/s | worker plays=0.0/s ok=0.0/s fail=0.0/s nr_absent=0.0/s copyfail=0.0/s
00:23:57.377  [fg-relay] rate3: arm->arm avg=53.99ms max=169700.79ms n=26548 | arm->work avg=0.01ms max=1.24ms | arm->eval avg=0.00ms max=0.00ms | copywait avg=0.007ms max=0.284ms | copy-land<= avg=58.69ms max=169700.42ms | work avg=11.13ms max=179.40ms | totals armed=26549 unarmed=3 skipped=3 busy=0 mismatch=0 copies_failed=0 writes=26549 conflicts=0
00:23:57.377  [fg-relay] rate4: throttle depth=1 off=0 | sleep calls=103.8/s waits=0.0/s clear=0.0/s timeouts=0.0/s avg=0.00ms | present calls=103.8/s waits=0.0/s clear=0.0/s timeouts=0.0/s avg=0.00ms | max=106.12ms (process)
00:23:58.379  qpc=3593350268599 [focus-fg] state: enabled=1 hooked=1 foreground=1 minimized=0 hwnd=0000000021632F4C scope_calls=41735 original_false=31195 kept=31195 presents=75495 FG_evaluates=121263
00:24:03.280  === Vulkan CreateFeature1 #65  feature_id=18  VkDevice=000000002FBE00D0  thread 65156 ===
00:24:03.281  === Vulkan CreateFeature1 #65 returned -1160773630, handle=0000000000000000 ===
00:24:12.378  [fg-relay] rate/15.0s p2 import_opt=1: presents=105.4/s present-gate[point=105.4 ready=0.0 fallback=0.0 inactive=0.0]/s noinfo=0.0/s stale=0.0/s unlearned=0.0/s attempts=0.0/s armed=0.0/s skipped=0.0/s busy=0.0/s arm-reject[state=0.0 request=0.0 refused=0.0 stopping=0.0 res=0.0 size=0.0]/s pool[cap=0.0 family=0.0 create=0.0 alloc=0.0]/s copy-drop[fence=0.0 reset=0.0 begin=0.0 end=0.0 submit=0.0]/s cf[seq=0.0/s idle=0.0/s nrfence=0.0/s] slotbusy=0.0/s copyfence-busy=0.0/s nr-gpuwait=0.0/s flips=0.0/s
00:24:12.378  [fg-relay] rate2: fginput eval=316.1/s index!=1=210.8/s eval-gate[off=0.0 fallback=0.0 notready=105.3 noinput=0.0 noqueue=0.0]/s relay eval=0.0/s consume=0.0/s inplace=0.0/s(ok 0.0/s) unarmed=0.0/s mismatch=0.0/s relbusy=0.0/s relok=0.0/s relfail=0.0/s release-stage[queue=0.0 pool=0.0 fence=0.0 reset=0.0 begin=0.0 end=0.0 submit=0.0]/s watchdog=0.0/s | worker plays=0.0/s ok=0.0/s fail=0.0/s nr_absent=0.0/s copyfail=0.0/s
00:24:12.379  [fg-relay] rate3: arm->arm avg=53.99ms max=169700.79ms n=26548 | arm->work avg=0.01ms max=1.24ms | arm->eval avg=0.00ms max=0.00ms | copywait avg=0.007ms max=0.284ms | copy-land<= avg=58.69ms max=169700.42ms | work avg=11.13ms max=179.40ms | totals armed=26549 unarmed=3 skipped=3 busy=0 mismatch=0 copies_failed=0 writes=26549 conflicts=0
00:24:12.379  [fg-relay] rate4: throttle depth=1 off=0 | sleep calls=105.4/s waits=0.0/s clear=0.0/s timeouts=0.0/s avg=0.00ms | present calls=105.4/s waits=0.0/s clear=0.0/s timeouts=0.0/s avg=0.00ms | max=106.12ms (process)
00:24:14.381  qpc=3593510292930 [focus-fg] state: enabled=1 hooked=1 foreground=1 minimized=0 hwnd=0000000021632F4C scope_calls=43426 original_false=31195 kept=31195 presents=77186 FG_evaluates=126338
00:24:27.374  [fg-relay] rate/15.0s p2 import_opt=1: presents=107.4/s present-gate[point=107.4 ready=0.0 fallback=0.0 inactive=0.0]/s noinfo=0.0/s stale=0.0/s unlearned=0.0/s attempts=0.0/s armed=0.0/s skipped=0.0/s busy=0.0/s arm-reject[state=0.0 request=0.0 refused=0.0 stopping=0.0 res=0.0 size=0.0]/s pool[cap=0.0 family=0.0 create=0.0 alloc=0.0]/s copy-drop[fence=0.0 reset=0.0 begin=0.0 end=0.0 submit=0.0]/s cf[seq=0.0/s idle=0.0/s nrfence=0.0/s] slotbusy=0.0/s copyfence-busy=0.0/s nr-gpuwait=0.0/s flips=0.0/s
00:24:27.375  [fg-relay] rate2: fginput eval=322.1/s index!=1=214.8/s eval-gate[off=0.0 fallback=0.0 notready=107.3 noinput=0.0 noqueue=0.0]/s relay eval=0.0/s consume=0.0/s inplace=0.0/s(ok 0.0/s) unarmed=0.0/s mismatch=0.0/s relbusy=0.0/s relok=0.0/s relfail=0.0/s release-stage[queue=0.0 pool=0.0 fence=0.0 reset=0.0 begin=0.0 end=0.0 submit=0.0]/s watchdog=0.0/s | worker plays=0.0/s ok=0.0/s fail=0.0/s nr_absent=0.0/s copyfail=0.0/s
00:24:27.375  [fg-relay] rate3: arm->arm avg=53.99ms max=169700.79ms n=26548 | arm->work avg=0.01ms max=1.24ms | arm->eval avg=0.00ms max=0.00ms | copywait avg=0.007ms max=0.284ms | copy-land<= avg=58.69ms max=169700.42ms | work avg=11.13ms max=179.40ms | totals armed=26549 unarmed=3 skipped=3 busy=0 mismatch=0 copies_failed=0 writes=26549 conflicts=0
00:24:27.375  [fg-relay] rate4: throttle depth=1 off=0 | sleep calls=107.4/s waits=0.0/s clear=0.0/s timeouts=0.0/s avg=0.00ms | present calls=107.4/s waits=0.0/s clear=0.0/s timeouts=0.0/s avg=0.00ms | max=106.12ms (process)
00:24:30.379  qpc=3593670264622 [focus-fg] state: enabled=1 hooked=1 foreground=1 minimized=0 hwnd=0000000021632F4C scope_calls=45143 original_false=31195 kept=31195 presents=78903 FG_evaluates=131484
00:24:33.284  === Vulkan CreateFeature1 #66  feature_id=18  VkDevice=000000002FBE00D0  thread 65156 ===
00:24:33.284  === Vulkan CreateFeature1 #66 returned -1160773630, handle=0000000000000000 ===
00:24:42.376  [fg-relay] rate/15.0s p2 import_opt=1: presents=108.9/s present-gate[point=108.9 ready=0.0 fallback=0.0 inactive=0.0]/s noinfo=0.0/s stale=0.0/s unlearned=0.0/s attempts=0.0/s armed=0.0/s skipped=0.0/s busy=0.0/s arm-reject[state=0.0 request=0.0 refused=0.0 stopping=0.0 res=0.0 size=0.0]/s pool[cap=0.0 family=0.0 create=0.0 alloc=0.0]/s copy-drop[fence=0.0 reset=0.0 begin=0.0 end=0.0 submit=0.0]/s cf[seq=0.0/s idle=0.0/s nrfence=0.0/s] slotbusy=0.0/s copyfence-busy=0.0/s nr-gpuwait=0.0/s flips=0.0/s
00:24:42.376  [fg-relay] rate2: fginput eval=326.7/s index!=1=217.7/s eval-gate[off=0.0 fallback=0.0 notready=108.9 noinput=0.0 noqueue=0.0]/s relay eval=0.0/s consume=0.0/s inplace=0.0/s(ok 0.0/s) unarmed=0.0/s mismatch=0.0/s relbusy=0.0/s relok=0.0/s relfail=0.0/s release-stage[queue=0.0 pool=0.0 fence=0.0 reset=0.0 begin=0.0 end=0.0 submit=0.0]/s watchdog=0.0/s | worker plays=0.0/s ok=0.0/s fail=0.0/s nr_absent=0.0/s copyfail=0.0/s
00:24:42.377  [fg-relay] rate3: arm->arm avg=53.99ms max=169700.79ms n=26548 | arm->work avg=0.01ms max=1.24ms | arm->eval avg=0.00ms max=0.00ms | copywait avg=0.007ms max=0.284ms | copy-land<= avg=58.69ms max=169700.42ms | work avg=11.13ms max=179.40ms | totals armed=26549 unarmed=3 skipped=3 busy=0 mismatch=0 copies_failed=0 writes=26549 conflicts=0
00:24:42.377  [fg-relay] rate4: throttle depth=1 off=0 | sleep calls=108.9/s waits=0.0/s clear=0.0/s timeouts=0.0/s avg=0.00ms | present calls=108.9/s waits=0.0/s clear=0.0/s timeouts=0.0/s avg=0.00ms | max=106.12ms (process)
00:24:45.377  qpc=3593820257601 [focus-fg] state: enabled=1 hooked=1 foreground=1 minimized=0 hwnd=0000000021632F4C scope_calls=46785 original_false=31195 kept=31195 presents=80545 FG_evaluates=136413
00:24:57.376  [fg-relay] rate/15.0s p2 import_opt=1: presents=107.1/s present-gate[point=107.1 ready=0.0 fallback=0.0 inactive=0.0]/s noinfo=0.0/s stale=0.0/s unlearned=0.0/s attempts=0.0/s armed=0.0/s skipped=0.0/s busy=0.0/s arm-reject[state=0.0 request=0.0 refused=0.0 stopping=0.0 res=0.0 size=0.0]/s pool[cap=0.0 family=0.0 create=0.0 alloc=0.0]/s copy-drop[fence=0.0 reset=0.0 begin=0.0 end=0.0 submit=0.0]/s cf[seq=0.0/s idle=0.0/s nrfence=0.0/s] slotbusy=0.0/s copyfence-busy=0.0/s nr-gpuwait=0.0/s flips=0.0/s
00:24:57.376  [fg-relay] rate2: fginput eval=321.5/s index!=1=214.4/s eval-gate[off=0.0 fallback=0.0 notready=107.1 noinput=0.0 noqueue=0.0]/s relay eval=0.0/s consume=0.0/s inplace=0.0/s(ok 0.0/s) unarmed=0.0/s mismatch=0.0/s relbusy=0.0/s relok=0.0/s relfail=0.0/s release-stage[queue=0.0 pool=0.0 fence=0.0 reset=0.0 begin=0.0 end=0.0 submit=0.0]/s watchdog=0.0/s | worker plays=0.0/s ok=0.0/s fail=0.0/s nr_absent=0.0/s copyfail=0.0/s
00:24:57.377  [fg-relay] rate3: arm->arm avg=53.99ms max=169700.79ms n=26548 | arm->work avg=0.01ms max=1.24ms | arm->eval avg=0.00ms max=0.00ms | copywait avg=0.007ms max=0.284ms | copy-land<= avg=58.69ms max=169700.42ms | work avg=11.13ms max=179.40ms | totals armed=26549 unarmed=3 skipped=3 busy=0 mismatch=0 copies_failed=0 writes=26549 conflicts=0
00:24:57.377  [fg-relay] rate4: throttle depth=1 off=0 | sleep calls=107.2/s waits=0.0/s clear=0.0/s timeouts=0.0/s avg=0.00ms | present calls=107.1/s waits=0.0/s clear=0.0/s timeouts=0.0/s avg=0.00ms | max=106.12ms (process)
00:25:00.382  qpc=3593970306362 [focus-fg] state: enabled=1 hooked=1 foreground=1 minimized=0 hwnd=0000000021632F4C scope_calls=48376 original_false=31195 kept=31195 presents=82136 FG_evaluates=141186
00:25:03.287  === Vulkan CreateFeature1 #67  feature_id=18  VkDevice=000000002FBE00D0  thread 65156 ===
00:25:03.288  === Vulkan CreateFeature1 #67 returned -1160773630, handle=0000000000000000 ===
00:25:12.379  [fg-relay] rate/15.0s p2 import_opt=1: presents=107.6/s present-gate[point=107.6 ready=0.0 fallback=0.0 inactive=0.0]/s noinfo=0.0/s stale=0.0/s unlearned=0.0/s attempts=0.0/s armed=0.0/s skipped=0.0/s busy=0.0/s arm-reject[state=0.0 request=0.0 refused=0.0 stopping=0.0 res=0.0 size=0.0]/s pool[cap=0.0 family=0.0 create=0.0 alloc=0.0]/s copy-drop[fence=0.0 reset=0.0 begin=0.0 end=0.0 submit=0.0]/s cf[seq=0.0/s idle=0.0/s nrfence=0.0/s] slotbusy=0.0/s copyfence-busy=0.0/s nr-gpuwait=0.0/s flips=0.0/s
00:25:12.380  [fg-relay] rate2: fginput eval=322.8/s index!=1=215.2/s eval-gate[off=0.0 fallback=0.0 notready=107.6 noinput=0.0 noqueue=0.0]/s relay eval=0.0/s consume=0.0/s inplace=0.0/s(ok 0.0/s) unarmed=0.0/s mismatch=0.0/s relbusy=0.0/s relok=0.0/s relfail=0.0/s release-stage[queue=0.0 pool=0.0 fence=0.0 reset=0.0 begin=0.0 end=0.0 submit=0.0]/s watchdog=0.0/s | worker plays=0.0/s ok=0.0/s fail=0.0/s nr_absent=0.0/s copyfail=0.0/s
00:25:12.380  [fg-relay] rate3: arm->arm avg=53.99ms max=169700.79ms n=26548 | arm->work avg=0.01ms max=1.24ms | arm->eval avg=0.00ms max=0.00ms | copywait avg=0.007ms max=0.284ms | copy-land<= avg=58.69ms max=169700.42ms | work avg=11.13ms max=179.40ms | totals armed=26549 unarmed=3 skipped=3 busy=0 mismatch=0 copies_failed=0 writes=26549 conflicts=0
00:25:12.380  [fg-relay] rate4: throttle depth=1 off=0 | sleep calls=107.6/s waits=0.0/s clear=0.0/s timeouts=0.0/s avg=0.00ms | present calls=107.6/s waits=0.0/s clear=0.0/s timeouts=0.0/s avg=0.00ms | max=106.12ms (process)
00:25:16.382  qpc=3594130294148 [focus-fg] state: enabled=1 hooked=1 foreground=1 minimized=0 hwnd=0000000021632F4C scope_calls=50108 original_false=31195 kept=31195 presents=83868 FG_evaluates=146382
00:25:27.381  [fg-relay] rate/15.0s p2 import_opt=1: presents=108.6/s present-gate[point=108.6 ready=0.0 fallback=0.0 inactive=0.0]/s noinfo=0.0/s stale=0.0/s unlearned=0.0/s attempts=0.0/s armed=0.0/s skipped=0.0/s busy=0.0/s arm-reject[state=0.0 request=0.0 refused=0.0 stopping=0.0 res=0.0 size=0.0]/s pool[cap=0.0 family=0.0 create=0.0 alloc=0.0]/s copy-drop[fence=0.0 reset=0.0 begin=0.0 end=0.0 submit=0.0]/s cf[seq=0.0/s idle=0.0/s nrfence=0.0/s] slotbusy=0.0/s copyfence-busy=0.0/s nr-gpuwait=0.0/s flips=0.0/s
00:25:27.381  [fg-relay] rate2: fginput eval=325.8/s index!=1=217.2/s eval-gate[off=0.0 fallback=0.0 notready=108.6 noinput=0.0 noqueue=0.0]/s relay eval=0.0/s consume=0.0/s inplace=0.0/s(ok 0.0/s) unarmed=0.0/s mismatch=0.0/s relbusy=0.0/s relok=0.0/s relfail=0.0/s release-stage[queue=0.0 pool=0.0 fence=0.0 reset=0.0 begin=0.0 end=0.0 submit=0.0]/s watchdog=0.0/s | worker plays=0.0/s ok=0.0/s fail=0.0/s nr_absent=0.0/s copyfail=0.0/s
00:25:27.382  [fg-relay] rate3: arm->arm avg=53.99ms max=169700.79ms n=26548 | arm->work avg=0.01ms max=1.24ms | arm->eval avg=0.00ms max=0.00ms | copywait avg=0.007ms max=0.284ms | copy-land<= avg=58.69ms max=169700.42ms | work avg=11.13ms max=179.40ms | totals armed=26549 unarmed=3 skipped=3 busy=0 mismatch=0 copies_failed=0 writes=26549 conflicts=0
00:25:27.382  [fg-relay] rate4: throttle depth=1 off=0 | sleep calls=108.6/s waits=0.0/s clear=0.0/s timeouts=0.0/s avg=0.00ms | present calls=108.6/s waits=0.0/s clear=0.0/s timeouts=0.0/s avg=0.00ms | max=106.12ms (process)
00:25:31.377  qpc=3594280257531 [focus-fg] state: enabled=1 hooked=1 foreground=1 minimized=0 hwnd=0000000021632F4C scope_calls=51738 original_false=31195 kept=31195 presents=85498 FG_evaluates=151272
00:25:33.292  === Vulkan CreateFeature1 #68  feature_id=18  VkDevice=000000002FBE00D0  thread 65156 ===
00:25:33.292  === Vulkan CreateFeature1 #68 returned -1160773630, handle=0000000000000000 ===
00:25:42.375  [fg-relay] rate/15.0s p2 import_opt=1: presents=107.3/s present-gate[point=107.3 ready=0.0 fallback=0.0 inactive=0.0]/s noinfo=0.0/s stale=0.0/s unlearned=0.0/s attempts=0.0/s armed=0.0/s skipped=0.0/s busy=0.0/s arm-reject[state=0.0 request=0.0 refused=0.0 stopping=0.0 res=0.0 size=0.0]/s pool[cap=0.0 family=0.0 create=0.0 alloc=0.0]/s copy-drop[fence=0.0 reset=0.0 begin=0.0 end=0.0 submit=0.0]/s cf[seq=0.0/s idle=0.0/s nrfence=0.0/s] slotbusy=0.0/s copyfence-busy=0.0/s nr-gpuwait=0.0/s flips=0.0/s
00:25:42.375  [fg-relay] rate2: fginput eval=322.0/s index!=1=214.7/s eval-gate[off=0.0 fallback=0.0 notready=107.3 noinput=0.0 noqueue=0.0]/s relay eval=0.0/s consume=0.0/s inplace=0.0/s(ok 0.0/s) unarmed=0.0/s mismatch=0.0/s relbusy=0.0/s relok=0.0/s relfail=0.0/s release-stage[queue=0.0 pool=0.0 fence=0.0 reset=0.0 begin=0.0 end=0.0 submit=0.0]/s watchdog=0.0/s | worker plays=0.0/s ok=0.0/s fail=0.0/s nr_absent=0.0/s copyfail=0.0/s
00:25:42.375  [fg-relay] rate3: arm->arm avg=53.99ms max=169700.79ms n=26548 | arm->work avg=0.01ms max=1.24ms | arm->eval avg=0.00ms max=0.00ms | copywait avg=0.007ms max=0.284ms | copy-land<= avg=58.69ms max=169700.42ms | work avg=11.13ms max=179.40ms | totals armed=26549 unarmed=3 skipped=3 busy=0 mismatch=0 copies_failed=0 writes=26549 conflicts=0
00:25:42.376  [fg-relay] rate4: throttle depth=1 off=0 | sleep calls=107.3/s waits=0.0/s clear=0.0/s timeouts=0.0/s avg=0.00ms | present calls=107.3/s waits=0.0/s clear=0.0/s timeouts=0.0/s avg=0.00ms | max=106.12ms (process)
00:25:46.381  qpc=3594430285194 [focus-fg] state: enabled=1 hooked=1 foreground=1 minimized=0 hwnd=0000000021632F4C scope_calls=53345 original_false=31195 kept=31195 presents=87105 FG_evaluates=156093
00:25:57.386  [fg-relay] rate/15.0s p2 import_opt=1: presents=107.5/s present-gate[point=107.5 ready=0.0 fallback=0.0 inactive=0.0]/s noinfo=0.0/s stale=0.0/s unlearned=0.0/s attempts=0.0/s armed=0.0/s skipped=0.0/s busy=0.0/s arm-reject[state=0.0 request=0.0 refused=0.0 stopping=0.0 res=0.0 size=0.0]/s pool[cap=0.0 family=0.0 create=0.0 alloc=0.0]/s copy-drop[fence=0.0 reset=0.0 begin=0.0 end=0.0 submit=0.0]/s cf[seq=0.0/s idle=0.0/s nrfence=0.0/s] slotbusy=0.0/s copyfence-busy=0.0/s nr-gpuwait=0.0/s flips=0.0/s
00:25:57.386  [fg-relay] rate2: fginput eval=322.6/s index!=1=215.1/s eval-gate[off=0.0 fallback=0.0 notready=107.5 noinput=0.0 noqueue=0.0]/s relay eval=0.0/s consume=0.0/s inplace=0.0/s(ok 0.0/s) unarmed=0.0/s mismatch=0.0/s relbusy=0.0/s relok=0.0/s relfail=0.0/s release-stage[queue=0.0 pool=0.0 fence=0.0 reset=0.0 begin=0.0 end=0.0 submit=0.0]/s watchdog=0.0/s | worker plays=0.0/s ok=0.0/s fail=0.0/s nr_absent=0.0/s copyfail=0.0/s
00:25:57.387  [fg-relay] rate3: arm->arm avg=53.99ms max=169700.79ms n=26548 | arm->work avg=0.01ms max=1.24ms | arm->eval avg=0.00ms max=0.00ms | copywait avg=0.007ms max=0.284ms | copy-land<= avg=58.69ms max=169700.42ms | work avg=11.13ms max=179.40ms | totals armed=26549 unarmed=3 skipped=3 busy=0 mismatch=0 copies_failed=0 writes=26549 conflicts=0
00:25:57.387  [fg-relay] rate4: throttle depth=1 off=0 | sleep calls=107.5/s waits=0.0/s clear=0.0/s timeouts=0.0/s avg=0.00ms | present calls=107.5/s waits=0.0/s clear=0.0/s timeouts=0.0/s avg=0.00ms | max=106.12ms (process)
00:26:03.301  === Vulkan CreateFeature1 #69  feature_id=18  VkDevice=000000002FBE00D0  thread 65156 ===
00:26:03.301  === Vulkan CreateFeature1 #69 returned -1160773630, handle=0000000000000000 ===
00:26:03.384  qpc=3594600316951 [focus-fg] state: enabled=1 hooked=1 foreground=1 minimized=0 hwnd=0000000021632F4C scope_calls=55160 original_false=31195 kept=31195 presents=88920 FG_evaluates=161538
00:26:12.383  [fg-relay] rate/15.0s p2 import_opt=1: presents=107.1/s present-gate[point=107.1 ready=0.0 fallback=0.0 inactive=0.0]/s noinfo=0.0/s stale=0.0/s unlearned=0.0/s attempts=0.0/s armed=0.0/s skipped=0.0/s busy=0.0/s arm-reject[state=0.0 request=0.0 refused=0.0 stopping=0.0 res=0.0 size=0.0]/s pool[cap=0.0 family=0.0 create=0.0 alloc=0.0]/s copy-drop[fence=0.0 reset=0.0 begin=0.0 end=0.0 submit=0.0]/s cf[seq=0.0/s idle=0.0/s nrfence=0.0/s] slotbusy=0.0/s copyfence-busy=0.0/s nr-gpuwait=0.0/s flips=0.0/s
00:26:12.384  [fg-relay] rate2: fginput eval=321.2/s index!=1=214.1/s eval-gate[off=0.0 fallback=0.0 notready=107.1 noinput=0.0 noqueue=0.0]/s relay eval=0.0/s consume=0.0/s inplace=0.0/s(ok 0.0/s) unarmed=0.0/s mismatch=0.0/s relbusy=0.0/s relok=0.0/s relfail=0.0/s release-stage[queue=0.0 pool=0.0 fence=0.0 reset=0.0 begin=0.0 end=0.0 submit=0.0]/s watchdog=0.0/s | worker plays=0.0/s ok=0.0/s fail=0.0/s nr_absent=0.0/s copyfail=0.0/s
00:26:12.384  [fg-relay] rate3: arm->arm avg=53.99ms max=169700.79ms n=26548 | arm->work avg=0.01ms max=1.24ms | arm->eval avg=0.00ms max=0.00ms | copywait avg=0.007ms max=0.284ms | copy-land<= avg=58.69ms max=169700.42ms | work avg=11.13ms max=179.40ms | totals armed=26549 unarmed=3 skipped=3 busy=0 mismatch=0 copies_failed=0 writes=26549 conflicts=0
00:26:12.384  [fg-relay] rate4: throttle depth=1 off=0 | sleep calls=107.1/s waits=0.0/s clear=0.0/s timeouts=0.0/s avg=0.00ms | present calls=107.1/s waits=0.0/s clear=0.0/s timeouts=0.0/s avg=0.00ms | max=106.12ms (process)
00:26:18.380  qpc=3594750277346 [focus-fg] state: enabled=1 hooked=1 foreground=1 minimized=0 hwnd=0000000021632F4C scope_calls=56778 original_false=31195 kept=31195 presents=90538 FG_evaluates=166392
00:26:27.375  [fg-relay] rate/15.0s p2 import_opt=1: presents=109.5/s present-gate[point=109.5 ready=0.0 fallback=0.0 inactive=0.0]/s noinfo=0.0/s stale=0.0/s unlearned=0.0/s attempts=0.0/s armed=0.0/s skipped=0.0/s busy=0.0/s arm-reject[state=0.0 request=0.0 refused=0.0 stopping=0.0 res=0.0 size=0.0]/s pool[cap=0.0 family=0.0 create=0.0 alloc=0.0]/s copy-drop[fence=0.0 reset=0.0 begin=0.0 end=0.0 submit=0.0]/s cf[seq=0.0/s idle=0.0/s nrfence=0.0/s] slotbusy=0.0/s copyfence-busy=0.0/s nr-gpuwait=0.0/s flips=0.0/s
00:26:27.375  [fg-relay] rate2: fginput eval=328.6/s index!=1=219.1/s eval-gate[off=0.0 fallback=0.0 notready=109.5 noinput=0.0 noqueue=0.0]/s relay eval=0.0/s consume=0.0/s inplace=0.0/s(ok 0.0/s) unarmed=0.0/s mismatch=0.0/s relbusy=0.0/s relok=0.0/s relfail=0.0/s release-stage[queue=0.0 pool=0.0 fence=0.0 reset=0.0 begin=0.0 end=0.0 submit=0.0]/s watchdog=0.0/s | worker plays=0.0/s ok=0.0/s fail=0.0/s nr_absent=0.0/s copyfail=0.0/s
00:26:27.375  [fg-relay] rate3: arm->arm avg=53.99ms max=169700.79ms n=26548 | arm->work avg=0.01ms max=1.24ms | arm->eval avg=0.00ms max=0.00ms | copywait avg=0.007ms max=0.284ms | copy-land<= avg=58.69ms max=169700.42ms | work avg=11.13ms max=179.40ms | totals armed=26549 unarmed=3 skipped=3 busy=0 mismatch=0 copies_failed=0 writes=26549 conflicts=0
00:26:27.375  [fg-relay] rate4: throttle depth=1 off=0 | sleep calls=109.5/s waits=0.0/s clear=0.0/s timeouts=0.0/s avg=0.00ms | present calls=109.5/s waits=0.0/s clear=0.0/s timeouts=0.0/s avg=0.00ms | max=106.12ms (process)
00:26:33.309  === Vulkan CreateFeature1 #70  feature_id=18  VkDevice=000000002FBE00D0  thread 65156 ===
00:26:33.310  === Vulkan CreateFeature1 #70 returned -1160773630, handle=0000000000000000 ===
00:26:34.394  qpc=3594910413943 [focus-fg] state: enabled=1 hooked=1 foreground=1 minimized=0 hwnd=0000000021632F4C scope_calls=58541 original_false=31195 kept=31195 presents=92301 FG_evaluates=171678
00:26:42.374  [fg-relay] rate/15.0s p2 import_opt=1: presents=108.7/s present-gate[point=108.7 ready=0.0 fallback=0.0 inactive=0.0]/s noinfo=0.0/s stale=0.0/s unlearned=0.0/s attempts=0.0/s armed=0.0/s skipped=0.0/s busy=0.0/s arm-reject[state=0.0 request=0.0 refused=0.0 stopping=0.0 res=0.0 size=0.0]/s pool[cap=0.0 family=0.0 create=0.0 alloc=0.0]/s copy-drop[fence=0.0 reset=0.0 begin=0.0 end=0.0 submit=0.0]/s cf[seq=0.0/s idle=0.0/s nrfence=0.0/s] slotbusy=0.0/s copyfence-busy=0.0/s nr-gpuwait=0.0/s flips=0.0/s
00:26:42.374  [fg-relay] rate2: fginput eval=326.0/s index!=1=217.3/s eval-gate[off=0.0 fallback=0.0 notready=108.7 noinput=0.0 noqueue=0.0]/s relay eval=0.0/s consume=0.0/s inplace=0.0/s(ok 0.0/s) unarmed=0.0/s mismatch=0.0/s relbusy=0.0/s relok=0.0/s relfail=0.0/s release-stage[queue=0.0 pool=0.0 fence=0.0 reset=0.0 begin=0.0 end=0.0 submit=0.0]/s watchdog=0.0/s | worker plays=0.0/s ok=0.0/s fail=0.0/s nr_absent=0.0/s copyfail=0.0/s
00:26:42.374  [fg-relay] rate3: arm->arm avg=53.99ms max=169700.79ms n=26548 | arm->work avg=0.01ms max=1.24ms | arm->eval avg=0.00ms max=0.00ms | copywait avg=0.007ms max=0.284ms | copy-land<= avg=58.69ms max=169700.42ms | work avg=11.13ms max=179.40ms | totals armed=26549 unarmed=3 skipped=3 busy=0 mismatch=0 copies_failed=0 writes=26549 conflicts=0
00:26:42.374  [fg-relay] rate4: throttle depth=1 off=0 | sleep calls=108.7/s waits=0.0/s clear=0.0/s timeouts=0.0/s avg=0.00ms | present calls=108.7/s waits=0.0/s clear=0.0/s timeouts=0.0/s avg=0.00ms | max=106.12ms (process)
00:26:50.394  qpc=3595070420065 [focus-fg] state: enabled=1 hooked=1 foreground=1 minimized=0 hwnd=0000000021632F4C scope_calls=60272 original_false=31195 kept=31195 presents=94032 FG_evaluates=176874
00:26:57.375  [fg-relay] rate/15.0s p2 import_opt=1: presents=108.9/s present-gate[point=108.9 ready=0.0 fallback=0.0 inactive=0.0]/s noinfo=0.0/s stale=0.0/s unlearned=0.0/s attempts=0.0/s armed=0.0/s skipped=0.0/s busy=0.0/s arm-reject[state=0.0 request=0.0 refused=0.0 stopping=0.0 res=0.0 size=0.0]/s pool[cap=0.0 family=0.0 create=0.0 alloc=0.0]/s copy-drop[fence=0.0 reset=0.0 begin=0.0 end=0.0 submit=0.0]/s cf[seq=0.0/s idle=0.0/s nrfence=0.0/s] slotbusy=0.0/s copyfence-busy=0.0/s nr-gpuwait=0.0/s flips=0.0/s
00:26:57.376  [fg-relay] rate2: fginput eval=326.7/s index!=1=217.7/s eval-gate[off=0.0 fallback=0.0 notready=108.9 noinput=0.0 noqueue=0.0]/s relay eval=0.0/s consume=0.0/s inplace=0.0/s(ok 0.0/s) unarmed=0.0/s mismatch=0.0/s relbusy=0.0/s relok=0.0/s relfail=0.0/s release-stage[queue=0.0 pool=0.0 fence=0.0 reset=0.0 begin=0.0 end=0.0 submit=0.0]/s watchdog=0.0/s | worker plays=0.0/s ok=0.0/s fail=0.0/s nr_absent=0.0/s copyfail=0.0/s
00:26:57.376  [fg-relay] rate3: arm->arm avg=53.99ms max=169700.79ms n=26548 | arm->work avg=0.01ms max=1.24ms | arm->eval avg=0.00ms max=0.00ms | copywait avg=0.007ms max=0.284ms | copy-land<= avg=58.69ms max=169700.42ms | work avg=11.13ms max=179.40ms | totals armed=26549 unarmed=3 skipped=3 busy=0 mismatch=0 copies_failed=0 writes=26549 conflicts=0
00:26:57.376  [fg-relay] rate4: throttle depth=1 off=0 | sleep calls=108.9/s waits=0.0/s clear=0.0/s timeouts=0.0/s avg=0.00ms | present calls=108.9/s waits=0.0/s clear=0.0/s timeouts=0.0/s avg=0.00ms | max=106.12ms (process)
00:27:03.310  === Vulkan CreateFeature1 #71  feature_id=18  VkDevice=000000002FBE00D0  thread 65156 ===
00:27:03.311  === Vulkan CreateFeature1 #71 returned -1160773630, handle=0000000000000000 ===
00:27:05.400  qpc=3595220475746 [focus-fg] state: enabled=1 hooked=1 foreground=1 minimized=0 hwnd=0000000021632F4C scope_calls=61898 original_false=31195 kept=31195 presents=95658 FG_evaluates=181752
00:27:12.379  [fg-relay] rate/15.0s p2 import_opt=1: presents=108.1/s present-gate[point=108.1 ready=0.0 fallback=0.0 inactive=0.0]/s noinfo=0.0/s stale=0.0/s unlearned=0.0/s attempts=0.0/s armed=0.0/s skipped=0.0/s busy=0.0/s arm-reject[state=0.0 request=0.0 refused=0.0 stopping=0.0 res=0.0 size=0.0]/s pool[cap=0.0 family=0.0 create=0.0 alloc=0.0]/s copy-drop[fence=0.0 reset=0.0 begin=0.0 end=0.0 submit=0.0]/s cf[seq=0.0/s idle=0.0/s nrfence=0.0/s] slotbusy=0.0/s copyfence-busy=0.0/s nr-gpuwait=0.0/s flips=0.0/s
00:27:12.380  [fg-relay] rate2: fginput eval=324.3/s index!=1=216.3/s eval-gate[off=0.0 fallback=0.0 notready=108.0 noinput=0.0 noqueue=0.0]/s relay eval=0.0/s consume=0.0/s inplace=0.0/s(ok 0.0/s) unarmed=0.0/s mismatch=0.0/s relbusy=0.0/s relok=0.0/s relfail=0.0/s release-stage[queue=0.0 pool=0.0 fence=0.0 reset=0.0 begin=0.0 end=0.0 submit=0.0]/s watchdog=0.0/s | worker plays=0.0/s ok=0.0/s fail=0.0/s nr_absent=0.0/s copyfail=0.0/s
00:27:12.380  [fg-relay] rate3: arm->arm avg=53.99ms max=169700.79ms n=26548 | arm->work avg=0.01ms max=1.24ms | arm->eval avg=0.00ms max=0.00ms | copywait avg=0.007ms max=0.284ms | copy-land<= avg=58.69ms max=169700.42ms | work avg=11.13ms max=179.40ms | totals armed=26549 unarmed=3 skipped=3 busy=0 mismatch=0 copies_failed=0 writes=26549 conflicts=0
00:27:12.380  [fg-relay] rate4: throttle depth=1 off=0 | sleep calls=108.1/s waits=0.0/s clear=0.0/s timeouts=0.0/s avg=0.00ms | present calls=108.1/s waits=0.0/s clear=0.0/s timeouts=0.0/s avg=0.00ms | max=106.12ms (process)
00:27:20.397  qpc=3595370446582 [focus-fg] state: enabled=1 hooked=1 foreground=1 minimized=0 hwnd=0000000021632F4C scope_calls=63525 original_false=31195 kept=31195 presents=97285 FG_evaluates=186633
00:27:27.373  [fg-relay] rate/15.0s p2 import_opt=1: presents=107.5/s present-gate[point=107.5 ready=0.0 fallback=0.0 inactive=0.0]/s noinfo=0.0/s stale=0.0/s unlearned=0.0/s attempts=0.0/s armed=0.0/s skipped=0.0/s busy=0.0/s arm-reject[state=0.0 request=0.0 refused=0.0 stopping=0.0 res=0.0 size=0.0]/s pool[cap=0.0 family=0.0 create=0.0 alloc=0.0]/s copy-drop[fence=0.0 reset=0.0 begin=0.0 end=0.0 submit=0.0]/s cf[seq=0.0/s idle=0.0/s nrfence=0.0/s] slotbusy=0.0/s copyfence-busy=0.0/s nr-gpuwait=0.0/s flips=0.0/s
00:27:27.373  [fg-relay] rate2: fginput eval=322.4/s index!=1=214.9/s eval-gate[off=0.0 fallback=0.0 notready=107.5 noinput=0.0 noqueue=0.0]/s relay eval=0.0/s consume=0.0/s inplace=0.0/s(ok 0.0/s) unarmed=0.0/s mismatch=0.0/s relbusy=0.0/s relok=0.0/s relfail=0.0/s release-stage[queue=0.0 pool=0.0 fence=0.0 reset=0.0 begin=0.0 end=0.0 submit=0.0]/s watchdog=0.0/s | worker plays=0.0/s ok=0.0/s fail=0.0/s nr_absent=0.0/s copyfail=0.0/s
00:27:27.373  [fg-relay] rate3: arm->arm avg=53.99ms max=169700.79ms n=26548 | arm->work avg=0.01ms max=1.24ms | arm->eval avg=0.00ms max=0.00ms | copywait avg=0.007ms max=0.284ms | copy-land<= avg=58.69ms max=169700.42ms | work avg=11.13ms max=179.40ms | totals armed=26549 unarmed=3 skipped=3 busy=0 mismatch=0 copies_failed=0 writes=26549 conflicts=0
00:27:27.374  [fg-relay] rate4: throttle depth=1 off=0 | sleep calls=107.5/s waits=0.0/s clear=0.0/s timeouts=0.0/s avg=0.00ms | present calls=107.5/s waits=0.0/s clear=0.0/s timeouts=0.0/s avg=0.00ms | max=106.12ms (process)
00:27:33.317  === Vulkan CreateFeature1 #72  feature_id=18  VkDevice=000000002FBE00D0  thread 65156 ===
00:27:33.317  === Vulkan CreateFeature1 #72 returned -1160773630, handle=0000000000000000 ===
00:27:36.400  qpc=3595530479089 [focus-fg] state: enabled=1 hooked=1 foreground=1 minimized=0 hwnd=0000000021632F4C scope_calls=65228 original_false=31195 kept=31195 presents=98988 FG_evaluates=191742
00:27:42.380  [fg-relay] rate/15.0s p2 import_opt=1: presents=106.9/s present-gate[point=106.9 ready=0.0 fallback=0.0 inactive=0.0]/s noinfo=0.0/s stale=0.0/s unlearned=0.0/s attempts=0.0/s armed=0.0/s skipped=0.0/s busy=0.0/s arm-reject[state=0.0 request=0.0 refused=0.0 stopping=0.0 res=0.0 size=0.0]/s pool[cap=0.0 family=0.0 create=0.0 alloc=0.0]/s copy-drop[fence=0.0 reset=0.0 begin=0.0 end=0.0 submit=0.0]/s cf[seq=0.0/s idle=0.0/s nrfence=0.0/s] slotbusy=0.0/s copyfence-busy=0.0/s nr-gpuwait=0.0/s flips=0.0/s
00:27:42.380  [fg-relay] rate2: fginput eval=320.6/s index!=1=213.7/s eval-gate[off=0.0 fallback=0.0 notready=106.9 noinput=0.0 noqueue=0.0]/s relay eval=0.0/s consume=0.0/s inplace=0.0/s(ok 0.0/s) unarmed=0.0/s mismatch=0.0/s relbusy=0.0/s relok=0.0/s relfail=0.0/s release-stage[queue=0.0 pool=0.0 fence=0.0 reset=0.0 begin=0.0 end=0.0 submit=0.0]/s watchdog=0.0/s | worker plays=0.0/s ok=0.0/s fail=0.0/s nr_absent=0.0/s copyfail=0.0/s
00:27:42.380  [fg-relay] rate3: arm->arm avg=53.99ms max=169700.79ms n=26548 | arm->work avg=0.01ms max=1.24ms | arm->eval avg=0.00ms max=0.00ms | copywait avg=0.007ms max=0.284ms | copy-land<= avg=58.69ms max=169700.42ms | work avg=11.13ms max=179.40ms | totals armed=26549 unarmed=3 skipped=3 busy=0 mismatch=0 copies_failed=0 writes=26549 conflicts=0
00:27:42.380  [fg-relay] rate4: throttle depth=1 off=0 | sleep calls=106.9/s waits=0.0/s clear=0.0/s timeouts=0.0/s avg=0.00ms | present calls=106.9/s waits=0.0/s clear=0.0/s timeouts=0.0/s avg=0.00ms | max=106.12ms (process)
00:27:51.396  qpc=3595680439901 [focus-fg] state: enabled=1 hooked=1 foreground=1 minimized=0 hwnd=0000000021632F4C scope_calls=66842 original_false=31195 kept=31195 presents=100602 FG_evaluates=196584
00:27:57.375  [fg-relay] rate/15.0s p2 import_opt=1: presents=108.1/s present-gate[point=108.1 ready=0.0 fallback=0.0 inactive=0.0]/s noinfo=0.0/s stale=0.0/s unlearned=0.0/s attempts=0.0/s armed=0.0/s skipped=0.0/s busy=0.0/s arm-reject[state=0.0 request=0.0 refused=0.0 stopping=0.0 res=0.0 size=0.0]/s pool[cap=0.0 family=0.0 create=0.0 alloc=0.0]/s copy-drop[fence=0.0 reset=0.0 begin=0.0 end=0.0 submit=0.0]/s cf[seq=0.0/s idle=0.0/s nrfence=0.0/s] slotbusy=0.0/s copyfence-busy=0.0/s nr-gpuwait=0.0/s flips=0.0/s
00:27:57.375  [fg-relay] rate2: fginput eval=324.4/s index!=1=216.3/s eval-gate[off=0.0 fallback=0.0 notready=108.1 noinput=0.0 noqueue=0.0]/s relay eval=0.0/s consume=0.0/s inplace=0.0/s(ok 0.0/s) unarmed=0.0/s mismatch=0.0/s relbusy=0.0/s relok=0.0/s relfail=0.0/s release-stage[queue=0.0 pool=0.0 fence=0.0 reset=0.0 begin=0.0 end=0.0 submit=0.0]/s watchdog=0.0/s | worker plays=0.0/s ok=0.0/s fail=0.0/s nr_absent=0.0/s copyfail=0.0/s
00:27:57.375  [fg-relay] rate3: arm->arm avg=53.99ms max=169700.79ms n=26548 | arm->work avg=0.01ms max=1.24ms | arm->eval avg=0.00ms max=0.00ms | copywait avg=0.007ms max=0.284ms | copy-land<= avg=58.69ms max=169700.42ms | work avg=11.13ms max=179.40ms | totals armed=26549 unarmed=3 skipped=3 busy=0 mismatch=0 copies_failed=0 writes=26549 conflicts=0
00:27:57.375  [fg-relay] rate4: throttle depth=1 off=0 | sleep calls=108.1/s waits=0.0/s clear=0.0/s timeouts=0.0/s avg=0.00ms | present calls=108.1/s waits=0.0/s clear=0.0/s timeouts=0.0/s avg=0.00ms | max=106.12ms (process)
00:27:59.399  qpc=3595760472296 [focus-fg] state: enabled=1 hooked=1 foreground=0 minimized=0 hwnd=0000000021632F4C scope_calls=67716 original_false=31212 kept=31212 presents=101476 FG_evaluates=199206
00:28:03.321  === Vulkan CreateFeature1 #73  feature_id=18  VkDevice=000000002FBE00D0  thread 65156 ===
00:28:03.322  === Vulkan CreateFeature1 #73 returned -1160773630, handle=0000000000000000 ===
00:28:12.375  [fg-relay] rate/15.0s p2 import_opt=1: presents=117.9/s present-gate[point=117.9 ready=0.0 fallback=0.0 inactive=0.0]/s noinfo=0.0/s stale=0.0/s unlearned=0.0/s attempts=0.0/s armed=0.0/s skipped=0.0/s busy=0.0/s arm-reject[state=0.0 request=0.0 refused=0.0 stopping=0.0 res=0.0 size=0.0]/s pool[cap=0.0 family=0.0 create=0.0 alloc=0.0]/s copy-drop[fence=0.0 reset=0.0 begin=0.0 end=0.0 submit=0.0]/s cf[seq=0.0/s idle=0.0/s nrfence=0.0/s] slotbusy=0.0/s copyfence-busy=0.0/s nr-gpuwait=0.0/s flips=0.0/s
00:28:12.375  [fg-relay] rate2: fginput eval=351.0/s index!=1=234.0/s eval-gate[off=0.0 fallback=0.0 notready=117.0 noinput=0.0 noqueue=0.0]/s relay eval=0.0/s consume=0.0/s inplace=0.0/s(ok 0.0/s) unarmed=0.0/s mismatch=0.0/s relbusy=0.0/s relok=0.0/s relfail=0.0/s release-stage[queue=0.0 pool=0.0 fence=0.0 reset=0.0 begin=0.0 end=0.0 submit=0.0]/s watchdog=0.0/s | worker plays=0.0/s ok=0.0/s fail=0.0/s nr_absent=0.0/s copyfail=0.0/s
00:28:12.375  [fg-relay] rate3: arm->arm avg=53.99ms max=169700.79ms n=26548 | arm->work avg=0.01ms max=1.24ms | arm->eval avg=0.00ms max=0.00ms | copywait avg=0.007ms max=0.284ms | copy-land<= avg=58.69ms max=169700.42ms | work avg=11.13ms max=179.40ms | totals armed=26549 unarmed=3 skipped=3 busy=0 mismatch=0 copies_failed=0 writes=26549 conflicts=0
00:28:12.375  [fg-relay] rate4: throttle depth=1 off=0 | sleep calls=117.9/s waits=0.0/s clear=0.0/s timeouts=0.0/s avg=0.00ms | present calls=117.9/s waits=0.0/s clear=0.0/s timeouts=0.0/s avg=0.00ms | max=106.12ms (process)
00:28:14.397  qpc=3595910450354 [focus-fg] state: enabled=1 hooked=1 foreground=0 minimized=0 hwnd=0000000021632F4C scope_calls=69485 original_false=32981 kept=32981 presents=103258 FG_evaluates=204515
00:28:27.373  [fg-relay] rate/15.0s p2 import_opt=1: presents=119.0/s present-gate[point=119.0 ready=0.0 fallback=0.0 inactive=0.0]/s noinfo=0.0/s stale=0.0/s unlearned=0.0/s attempts=0.0/s armed=0.0/s skipped=0.0/s busy=0.0/s arm-reject[state=0.0 request=0.0 refused=0.0 stopping=0.0 res=0.0 size=0.0]/s pool[cap=0.0 family=0.0 create=0.0 alloc=0.0]/s copy-drop[fence=0.0 reset=0.0 begin=0.0 end=0.0 submit=0.0]/s cf[seq=0.0/s idle=0.0/s nrfence=0.0/s] slotbusy=0.0/s copyfence-busy=0.0/s nr-gpuwait=0.0/s flips=0.0/s
00:28:27.374  [fg-relay] rate2: fginput eval=357.0/s index!=1=238.0/s eval-gate[off=0.0 fallback=0.0 notready=119.0 noinput=0.0 noqueue=0.0]/s relay eval=0.0/s consume=0.0/s inplace=0.0/s(ok 0.0/s) unarmed=0.0/s mismatch=0.0/s relbusy=0.0/s relok=0.0/s relfail=0.0/s release-stage[queue=0.0 pool=0.0 fence=0.0 reset=0.0 begin=0.0 end=0.0 submit=0.0]/s watchdog=0.0/s | worker plays=0.0/s ok=0.0/s fail=0.0/s nr_absent=0.0/s copyfail=0.0/s
00:28:27.374  [fg-relay] rate3: arm->arm avg=53.99ms max=169700.79ms n=26548 | arm->work avg=0.01ms max=1.24ms | arm->eval avg=0.00ms max=0.00ms | copywait avg=0.007ms max=0.284ms | copy-land<= avg=58.69ms max=169700.42ms | work avg=11.13ms max=179.40ms | totals armed=26549 unarmed=3 skipped=3 busy=0 mismatch=0 copies_failed=0 writes=26549 conflicts=0
00:28:27.374  [fg-relay] rate4: throttle depth=1 off=0 | sleep calls=119.0/s waits=0.0/s clear=0.0/s timeouts=0.0/s avg=0.00ms | present calls=119.0/s waits=0.0/s clear=0.0/s timeouts=0.0/s avg=0.00ms | max=106.12ms (process)
00:28:29.396  qpc=3596060436931 [focus-fg] state: enabled=1 hooked=1 foreground=0 minimized=0 hwnd=0000000021632F4C scope_calls=71281 original_false=34777 kept=34777 presents=105054 FG_evaluates=209903
00:28:33.325  === Vulkan CreateFeature1 #74  feature_id=18  VkDevice=000000002FBE00D0  thread 65156 ===
00:28:33.325  === Vulkan CreateFeature1 #74 returned -1160773630, handle=0000000000000000 ===
00:28:42.379  [fg-relay] rate/15.0s p2 import_opt=1: presents=119.7/s present-gate[point=119.7 ready=0.0 fallback=0.0 inactive=0.0]/s noinfo=0.0/s stale=0.0/s unlearned=0.0/s attempts=0.0/s armed=0.0/s skipped=0.0/s busy=0.0/s arm-reject[state=0.0 request=0.0 refused=0.0 stopping=0.0 res=0.0 size=0.0]/s pool[cap=0.0 family=0.0 create=0.0 alloc=0.0]/s copy-drop[fence=0.0 reset=0.0 begin=0.0 end=0.0 submit=0.0]/s cf[seq=0.0/s idle=0.0/s nrfence=0.0/s] slotbusy=0.0/s copyfence-busy=0.0/s nr-gpuwait=0.0/s flips=0.0/s
00:28:42.379  [fg-relay] rate2: fginput eval=359.0/s index!=1=239.3/s eval-gate[off=0.0 fallback=0.0 notready=119.7 noinput=0.0 noqueue=0.0]/s relay eval=0.0/s consume=0.0/s inplace=0.0/s(ok 0.0/s) unarmed=0.0/s mismatch=0.0/s relbusy=0.0/s relok=0.0/s relfail=0.0/s release-stage[queue=0.0 pool=0.0 fence=0.0 reset=0.0 begin=0.0 end=0.0 submit=0.0]/s watchdog=0.0/s | worker plays=0.0/s ok=0.0/s fail=0.0/s nr_absent=0.0/s copyfail=0.0/s
00:28:42.380  [fg-relay] rate3: arm->arm avg=53.99ms max=169700.79ms n=26548 | arm->work avg=0.01ms max=1.24ms | arm->eval avg=0.00ms max=0.00ms | copywait avg=0.007ms max=0.284ms | copy-land<= avg=58.69ms max=169700.42ms | work avg=11.13ms max=179.40ms | totals armed=26549 unarmed=3 skipped=3 busy=0 mismatch=0 copies_failed=0 writes=26549 conflicts=0
00:28:42.380  [fg-relay] rate4: throttle depth=1 off=0 | sleep calls=119.7/s waits=0.0/s clear=0.0/s timeouts=0.0/s avg=0.00ms | present calls=119.7/s waits=0.0/s clear=0.0/s timeouts=0.0/s avg=0.00ms | max=106.12ms (process)
00:28:44.397  qpc=3596210453061 [focus-fg] state: enabled=1 hooked=1 foreground=0 minimized=0 hwnd=0000000021632F4C scope_calls=73076 original_false=36572 kept=36572 presents=106849 FG_evaluates=215288
00:28:57.375  [fg-relay] rate/15.0s p2 import_opt=1: presents=119.5/s present-gate[point=119.5 ready=0.0 fallback=0.0 inactive=0.0]/s noinfo=0.0/s stale=0.0/s unlearned=0.0/s attempts=0.0/s armed=0.0/s skipped=0.0/s busy=0.0/s arm-reject[state=0.0 request=0.0 refused=0.0 stopping=0.0 res=0.0 size=0.0]/s pool[cap=0.0 family=0.0 create=0.0 alloc=0.0]/s copy-drop[fence=0.0 reset=0.0 begin=0.0 end=0.0 submit=0.0]/s cf[seq=0.0/s idle=0.0/s nrfence=0.0/s] slotbusy=0.0/s copyfence-busy=0.0/s nr-gpuwait=0.0/s flips=0.0/s
00:28:57.375  [fg-relay] rate2: fginput eval=358.6/s index!=1=239.1/s eval-gate[off=0.0 fallback=0.0 notready=119.5 noinput=0.0 noqueue=0.0]/s relay eval=0.0/s consume=0.0/s inplace=0.0/s(ok 0.0/s) unarmed=0.0/s mismatch=0.0/s relbusy=0.0/s relok=0.0/s relfail=0.0/s release-stage[queue=0.0 pool=0.0 fence=0.0 reset=0.0 begin=0.0 end=0.0 submit=0.0]/s watchdog=0.0/s | worker plays=0.0/s ok=0.0/s fail=0.0/s nr_absent=0.0/s copyfail=0.0/s
00:28:57.375  [fg-relay] rate3: arm->arm avg=53.99ms max=169700.79ms n=26548 | arm->work avg=0.01ms max=1.24ms | arm->eval avg=0.00ms max=0.00ms | copywait avg=0.007ms max=0.284ms | copy-land<= avg=58.69ms max=169700.42ms | work avg=11.13ms max=179.40ms | totals armed=26549 unarmed=3 skipped=3 busy=0 mismatch=0 copies_failed=0 writes=26549 conflicts=0
00:28:57.375  [fg-relay] rate4: throttle depth=1 off=0 | sleep calls=119.5/s waits=0.0/s clear=0.0/s timeouts=0.0/s avg=0.00ms | present calls=119.5/s waits=0.0/s clear=0.0/s timeouts=0.0/s avg=0.00ms | max=106.12ms (process)
