Application,ProcessID,SwapChainAddress,PresentRuntime,SyncInterval,PresentFlags,AllowsTearing,PresentMode,FrameType,TimeInQPC,MsBetweenSimulationStart,MsBetweenPresents,MsBetweenDisplayChange,MsInPresentAPI,MsRenderPresentLatency,MsUntilDisplayed,MsPCLatency,CPUStartQPC,MsBetweenAppStart,MsCPUBusy,MsCPUWait,MsGPULatency,MsGPUTime,MsGPUBusy,MsGPUWait,MsAnimationError,AnimationTime,MsFlipDelay,MsAllInputToPhotonLatency,MsClickToPhotonLatency,MsInstrumentedLatency
Endfield.exe,53680,0x125AB2630,DXGI,0,512,0,Composed: Flip,Application,3683150254169,NA,10.24760000000000,9.11210000000000,0.20050000000000,4.12350000000000,10.4436,NA,3683150153708,10.2466,10.0461,0.2005,3.2141,10.9555,10.9415,0.0140,NA,32.8006,NA,NA,NA,NA
Endfield.exe,53680,0x125AB2630,DXGI,0,512,0,Composed: Flip,Application,3683150355806,NA,10.16370000000000,16.71340000000000,0.19790000000000,4.11060000000000,16.9933,NA,3683150256174,10.1611,9.9632,0.1979,3.9230,10.1508,10.1508,0.0000,-6.4668,43.0472,NA,NA,NA,NA
Endfield.exe,53680,0x125AB2630,DXGI,0,512,0,Composed: Flip,Application,3683150458975,NA,10.31690000000000,7.51500000000000,0.16430000000000,3.37780000000000,14.1914,NA,3683150357785,10.2833,10.1190,0.1643,3.9127,9.5841,9.5841,0.0000,2.6461,53.2083,NA,NA,NA,NA
Endfield.exe,53680,0x125AB2630,DXGI,0,512,0,Composed: Flip,Application,3683150551805,NA,9.28300000000000,8.33910000000000,0.17410000000000,4.01550000000000,13.2475,NA,3683150460618,9.2928,9.1187,0.1741,3.2135,9.9207,9.9182,0.0025,1.9442,63.4916,NA,17.4095,NA,NA
Endfield.exe,53680,0x125AB2630,DXGI,0,512,0,Composed: Flip,Application,3683150651391,NA,9.95860000000000,9.12770000000000,0.18700000000000,3.32650000000000,12.4166,NA,3683150553546,9.9715,9.7845,0.1870,3.8414,9.2696,9.2540,0.0156,0.1651,72.7844,NA,NA,NA,NA
Endfield.exe,53680,0x125AB2630,DXGI,0,512,0,Composed: Flip,Application,3683150752678,NA,10.12870000000000,16.67620000000000,0.16660000000000,4.19610000000000,18.9641,NA,3683150653261,10.1083,9.9417,0.1666,3.1395,10.9983,10.9983,0.0000,-6.7047,82.7559,NA,NA,NA,NA
Endfield.exe,53680,0x125AB2630,DXGI,0,512,0,Composed: Flip,Application,3683150856354,NA,10.36760000000000,7.57590000000000,0.13780000000000,4.56050000000000,16.1724,NA,3683150754344,10.3388,10.2010,0.1378,4.0295,10.7320,10.7320,0.0000,2.5324,92.8642,NA,NA,NA,NA
Endfield.exe,53680,0x125AB2630,DXGI,0,512,0,Composed: Flip,Application,3683150956731,NA,10.03770000000000,9.05600000000000,0.14830000000000,4.81610000000000,15.1907,NA,3683150857732,10.0482,9.8999,0.1483,4.4227,10.2933,10.2901,0.0032,NA,0.0000,NA,NA,NA,NA
Endfield.exe,53680,0x125AB2630,DXGI,0,512,0,Composed: Flip,Application,3683151060231,NA,10.35000000000000,7.56100000000000,0.18890000000000,2.90520000000000,12.4017,NA,3683150958214,10.3906,10.2017,0.1889,4.6678,8.4391,8.4235,0.0156,NA,0.0000,NA,NA,NA,NA
Endfield.exe,53680,0x125AB2630,DXGI,0,512,0,Composed: Flip,Application,3683151160664,NA,10.04330000000000,17.42880000000000,0.15710000000000,3.20860000000000,19.7872,NA,3683151062120,10.0115,9.8544,0.1571,2.7163,10.3467,10.3467,0.0000,NA,0.0000,NA,NA,NA,NA
Endfield.exe,53680,0x125AB2630,DXGI,0,512,0,Composed: Flip,Application,3683151264169,NA,10.35050000000000,7.57540000000000,0.15490000000000,4.13900000000000,17.0121,NA,3683151162235,10.3483,10.1934,0.1549,3.0515,11.2809,11.2809,0.0000,NA,0.0000,NA,NA,NA,NA
Endfield.exe,53680,0x125AB2630,DXGI,0,512,0,Composed: Flip,Application,3683151363870,40.6100,9.97010000000000,8.31890000000000,0.19480000000000,3.76640000000000,15.3609,102.1543,3683151265718,10.0100,9.8152,0.1948,3.9841,9.5975,9.5947,0.0028,-0.2741,40.6100,NA,NA,NA,NA
Endfield.exe,53680,0x125AB2630,DXGI,0,512,0,Composed: Flip,Application,3683151465629,NA,10.17590000000000,8.32950000000000,0.19210000000000,3.22470000000000,13.5145,110.4838,3683151365818,10.1732,9.9811,0.1921,3.5716,9.6342,9.6193,0.0149,NA,0.0000,NA,NA,NA,NA
Endfield.exe,53680,0x125AB2630,DXGI,0,512,0,Composed: Flip,Application,3683151566684,NA,10.10550000000000,9.10930000000000,0.16290000000000,4.20320000000000,12.5183,119.5931,3683151467550,10.0763,9.9134,0.1629,3.0326,11.0840,11.0840,0.0000,NA,0.0000,NA,NA,NA,NA
Endfield.exe,53680,0x125AB2630,DXGI,0,512,0,Composed: Flip,Application,3683151669012,NA,10.23280000000000,24.23410000000000,0.18050000000000,4.00090000000000,26.5196,143.8272,3683151568313,10.2504,10.0699,0.1805,4.0403,10.0305,10.0305,0.0000,NA,0.0000,NA,NA,NA,NA
Endfield.exe,53680,0x125AB2630,DXGI,0,512,0,Composed: Flip,Application,3683151781495,41.0036,11.24830000000000,0.78430000000000,0.16030000000000,7.36750000000000,16.0556,103.6079,3683151670817,11.2281,11.0678,0.1603,3.8204,14.6149,14.6124,0.0025,-1.4536,81.6136,NA,22.1546,NA,NA
Endfield.exe,53680,0x125AB2630,DXGI,0,512,0,Composed: Flip,Application,3683151883977,NA,10.24820000000000,7.53790000000000,0.16630000000000,2.55430000000000,13.3453,111.1458,3683151783098,10.2542,10.0879,0.1663,7.2072,5.4350,5.4310,0.0040,NA,0.0000,NA,NA,NA,NA
Endfield.exe,53680,0x125AB2630,DXGI,0,512,0,Composed: Flip,Application,3683151985984,NA,10.20070000000000,8.34730000000000,0.17810000000000,2.61430000000000,11.4919,119.4931,3683151885640,10.2125,10.0344,0.1781,2.3880,10.2607,10.2607,0.0000,NA,0.0000,NA,NA,NA,NA
Endfield.exe,53680,0x125AB2630,DXGI,0,512,0,Composed: Flip,Application,3683152088112,NA,10.21280000000000,24.99230000000000,0.16550000000000,4.10190000000000,26.2714,144.4854,3683151987765,10.2002,10.0347,0.1655,2.4362,11.7004,11.7004,0.0000,NA,0.0000,NA,NA,NA,NA
Endfield.exe,53680,0x125AB2630,DXGI,0,512,0,Composed: Flip,Application,3683152207313,40.5777,11.92010000000000,0.79430000000000,0.15310000000000,4.10790000000000,15.1456,104.7020,3683152089767,11.9077,11.7546,0.1531,3.9364,11.9261,11.9249,0.0012,-1.0941,122.1913,NA,18.8244,NA,NA
Endfield.exe,53680,0x125AB2630,DXGI,0,512,0,Composed: Flip,Application,3683152310939,NA,10.36260000000000,7.52660000000000,0.18340000000000,2.99550000000000,12.3096,112.2286,3683152208844,10.3929,10.2095,0.1834,3.9548,9.2502,9.2356,0.0146,NA,0.0000,NA,NA,NA,NA
Endfield.exe,53680,0x125AB2630,DXGI,0,512,0,Composed: Flip,Application,3683152412930,NA,10.19910000000000,8.33660000000000,0.14070000000000,2.78070000000000,10.4471,120.5652,3683152312773,10.1564,10.0157,0.1407,2.8121,9.9843,9.9843,0.0000,NA,0.0000,NA,NA,NA,NA
Endfield.exe,53680,0x125AB2630,DXGI,0,512,0,Composed: Flip,Application,3683152516326,NA,10.33960000000000,17.45180000000000,0.12200000000000,4.67950000000000,17.5593,138.0170,3683152414337,10.3209,10.1989,0.1220,2.6400,12.2384,12.2384,0.0000,NA,0.0000,NA,NA,NA,NA
Endfield.exe,53680,0x125AB2630,DXGI,0,512,0,Composed: Flip,Application,3683152630062,43.1563,11.37360000000000,7.59540000000000,0.18060000000000,3.68730000000000,13.7811,102.4561,3683152517546,11.4322,11.2516,0.1806,4.5575,10.3814,10.3791,0.0023,2.2459,165.3476,NA,27.7456,NA,NA
Endfield.exe,53680,0x125AB2630,DXGI,0,512,0,Composed: Flip,Application,3683152733146,NA,10.30840000000000,8.34840000000000,0.19910000000000,4.11270000000000,11.8211,110.8045,3683152631868,10.3269,10.1278,0.1991,3.5067,10.7338,10.7185,0.0153,NA,0.0000,NA,NA,NA,NA
Endfield.exe,53680,0x125AB2630,DXGI,0,512,0,Composed: Flip,Application,3683152835359,NA,10.22130000000000,9.06030000000000,0.14200000000000,3.27660000000000,10.6601,119.8648,3683152735137,10.1642,10.0222,0.1420,3.9136,9.3852,9.3852,0.0000,NA,0.0000,NA,NA,NA,NA
Endfield.exe,53680,0x125AB2630,DXGI,0,512,0,Composed: Flip,Application,3683152938978,NA,10.36190000000000,15.88780000000000,0.13740000000000,4.66950000000000,16.1860,135.7526,3683152836779,10.3573,10.2199,0.1374,3.1346,11.7548,11.7548,0.0000,NA,0.0000,NA,NA,NA,NA
Endfield.exe,53680,0x125AB2630,DXGI,0,512,0,Composed: Flip,Application,3683153034947,43.0744,9.59690000000000,8.32370000000000,0.18590000000000,3.80050000000000,14.9128,104.9429,3683152940352,9.6454,9.4595,0.1859,4.5321,8.7279,8.7249,0.0030,1.4542,208.4220,NA,17.3693,NA,NA
Endfield.exe,53680,0x125AB2630,DXGI,0,512,0,Composed: Flip,Application,3683153138944,NA,10.39970000000000,9.20950000000000,0.14640000000000,3.02080000000000,13.7226,114.1524,3683153036806,10.3602,10.2138,0.1464,3.6146,9.6200,9.6043,0.0157,NA,0.0000,NA,NA,NA,NA
Endfield.exe,53680,0x125AB2630,DXGI,0,512,0,Composed: Flip,Application,3683153240530,NA,10.15860000000000,15.79760000000000,0.15080000000000,4.19910000000000,19.3616,129.9500,3683153140408,10.1630,10.0122,0.1508,2.8744,11.3369,11.3369,0.0000,NA,0.0000,NA,NA,NA,NA
Endfield.exe,53680,0x125AB2630,DXGI,0,512,0,Composed: Flip,Application,3683153344466,NA,10.39360000000000,9.16580000000000,0.12830000000000,4.12480000000000,18.1338,139.1158,3683153242038,10.3711,10.2428,0.1283,4.0483,10.3193,10.3193,0.0000,NA,0.0000,NA,NA,NA,NA
Endfield.exe,53680,0x125AB2630,DXGI,0,512,0,Composed: Flip,Application,3683153442186,40.4790,9.77200000000000,15.82760000000000,0.16370000000000,6.98280000000000,24.1894,114.4644,3683153345749,9.8074,9.6437,0.1637,3.9965,12.6300,12.6276,0.0024,-9.5215,248.9010,NA,26.3639,NA,NA
Endfield.exe,53680,0x125AB2630,DXGI,0,512,0,Composed: Flip,Application,3683153545543,NA,10.33570000000000,0.85290000000000,0.21770000000000,3.81160000000000,14.7066,115.3173,3683153443823,10.3897,10.1720,0.2177,6.8191,7.1645,7.1588,0.0057,NA,0.0000,NA,NA,NA,NA
Endfield.exe,53680,0x125AB2630,DXGI,0,512,0,Composed: Flip,Application,3683153646600,NA,10.10570000000000,7.48640000000000,0.14550000000000,4.23470000000000,12.0873,122.8037,3683153547720,10.0335,9.8880,0.1455,3.5939,10.5288,10.5288,0.0000,NA,0.0000,NA,NA,NA,NA
Endfield.exe,53680,0x125AB2630,DXGI,0,512,0,Composed: Flip,Application,3683153750373,NA,10.37730000000000,16.65280000000000,0.13690000000000,4.02690000000000,18.3628,139.4565,3683153648055,10.3687,10.2318,0.1369,4.0892,10.1695,10.1695,0.0000,NA,0.0000,NA,NA,NA,NA
Endfield.exe,53680,0x125AB2630,DXGI,0,512,0,Composed: Flip,Application,3683153849864,40.9626,9.94910000000000,8.34520000000000,0.16810000000000,3.84620000000000,16.7589,106.8391,3683153751742,9.9803,9.8122,0.1681,3.8900,9.7684,9.7657,0.0027,7.6253,289.8636,NA,18.6983,NA,NA
Endfield.exe,53680,0x125AB2630,DXGI,0,512,0,Composed: Flip,Application,3683153953334,NA,10.34700000000000,8.33000000000000,0.24540000000000,4.25450000000000,14.7419,115.1691,3683153851545,10.4243,10.1789,0.2454,3.6781,10.7553,10.7417,0.0136,NA,0.0000,NA,NA,NA,NA
Endfield.exe,53680,0x125AB2630,DXGI,0,512,0,Composed: Flip,Application,3683154058207,NA,10.48730000000000,8.33300000000000,0.22990000000000,2.42650000000000,12.5876,123.5021,3683153955788,10.4718,10.2419,0.2299,4.0091,8.6593,8.6593,0.0000,NA,0.0000,NA,NA,NA,NA
Endfield.exe,53680,0x125AB2630,DXGI,0,512,0,Composed: Flip,Application,3683154159760,NA,10.15530000000000,8.32860000000000,0.14180000000000,3.00380000000000,10.7609,131.8307,3683154060506,10.0672,9.9254,0.1418,2.1966,10.7326,10.7326,0.0000,NA,0.0000,NA,NA,NA,NA
Endfield.exe,53680,0x125AB2630,DXGI,0,512,0,Composed: Flip,Application,3683154271243,41.9316,11.14830000000000,17.48500000000000,0.13820000000000,3.79650000000000,17.0976,107.3841,3683154161178,11.1447,11.0065,0.1382,2.8620,11.9410,11.9380,0.0030,-0.5450,331.7952,NA,39.1640,NA,NA
Endfield.exe,53680,0x125AB2630,DXGI,0,512,0,Composed: Flip,Application,3683154375774,NA,10.45310000000000,7.51810000000000,0.19760000000000,4.17580000000000,14.1626,114.9022,3683154272625,10.5125,10.3149,0.1976,3.6583,10.8324,10.8176,0.0148,NA,0.0000,NA,NA,NA,NA
Endfield.exe,53680,0x125AB2630,DXGI,0,512,0,Composed: Flip,Application,3683154478582,NA,10.28080000000000,9.11350000000000,0.18470000000000,2.95580000000000,12.9953,124.0157,3683154377750,10.2679,10.0832,0.1847,3.9782,9.0608,9.0608,0.0000,NA,0.0000,NA,NA,NA,NA
Endfield.exe,53680,0x125AB2630,DXGI,0,512,0,Composed: Flip,Application,3683154582488,NA,10.39060000000000,15.90950000000000,0.13310000000000,4.10350000000000,18.5142,139.9252,3683154480429,10.3390,10.2059,0.1331,2.7711,11.5383,11.5383,0.0000,NA,0.0000,NA,NA,NA,NA
Endfield.exe,53680,0x125AB2630,DXGI,0,512,0,Composed: Flip,Application,3683154676025,39.7082,9.35370000000000,8.34140000000000,0.17810000000000,3.64010000000000,17.5019,108.5584,3683154583819,9.3987,9.2206,0.1781,3.9704,8.8903,8.8879,0.0024,-1.1743,371.5034,NA,24.0494,25.0486,NA
Endfield.exe,53680,0x125AB2630,DXGI,0,512,0,Composed: Flip,Application,3683154777261,NA,10.12360000000000,9.09440000000000,0.20850000000000,4.31540000000000,16.4727,117.6528,3683154677806,10.1540,9.9455,0.2085,3.4620,10.7989,10.7831,0.0158,NA,0.0000,NA,NA,NA,NA
Endfield.exe,53680,0x125AB2630,DXGI,0,512,0,Composed: Flip,Application,3683154876959,NA,9.96980000000000,7.53590000000000,0.14040000000000,3.16340000000000,14.0388,125.1887,3683154779346,9.9017,9.7613,0.1404,4.1069,8.8178,8.8178,0.0000,NA,0.0000,NA,NA,NA,NA
Endfield.exe,53680,0x125AB2630,DXGI,0,512,0,Composed: Flip,Application,3683154979963,NA,10.30040000000000,8.34510000000000,0.14280000000000,2.47650000000000,12.0835,133.5338,3683154878363,10.3028,10.1600,0.1428,3.0230,9.6135,9.6135,0.0000,NA,0.0000,NA,NA,NA,NA
Endfield.exe,53680,0x125AB2630,DXGI,0,512,0,Composed: Flip,Application,3683155089091,42.0954,10.91280000000000,17.47800000000000,0.14970000000000,3.89200000000000,18.6487,108.9164,3683154981391,10.9197,10.7700,0.1497,2.3337,12.3283,12.3246,0.0037,-0.3580,413.5988,NA,52.5000,NA,NA
Endfield.exe,53680,0x125AB2630,DXGI,0,512,0,Composed: Flip,Application,3683155192289,NA,10.31980000000000,15.85180000000000,0.16380000000000,4.33880000000000,24.1807,124.7682,3683155090588,10.3339,10.1701,0.1638,3.7423,10.7666,10.7527,0.0139,NA,0.0000,NA,NA,NA,NA
Endfield.exe,53680,0x125AB2630,DXGI,0,512,0,Composed: Flip,Application,3683155293848,NA,10.15590000000000,NA,0.17120000000000,3.81020000000000,NA,NA,3683155193927,10.1633,9.9921,0.1712,4.1750,9.6273,9.6273,0.0000,NA,NA,NA,NA,NA,NA
Endfield.exe,53680,0x125AB2630,DXGI,0,512,0,Composed: Flip,Application,3683155394278,NA,10.04300000000000,8.34330000000000,0.14600000000000,4.13410000000000,12.3251,133.1115,3683155295560,10.0178,9.8718,0.1460,3.6390,10.3669,10.3669,0.0000,NA,0.0000,NA,NA,NA,NA
Endfield.exe,53680,0x125AB2630,DXGI,0,512,0,Composed: Flip,Application,3683155493334,40.1479,9.90560000000000,17.46820000000000,0.17830000000000,3.88740000000000,19.8877,110.4318,3683155395738,9.9379,9.7596,0.1783,3.9881,9.6589,9.6578,0.0011,-1.5154,453.7467,NA,49.1593,NA,NA
Endfield.exe,53680,0x125AB2630,DXGI,0,512,0,Composed: Flip,Application,3683155597081,NA,10.37470000000000,7.53810000000000,0.21790000000000,4.18900000000000,17.0511,117.9699,3683155495117,10.4143,10.1964,0.2179,3.7091,10.6763,10.6616,0.0147,NA,0.0000,NA,NA,NA,NA
Endfield.exe,53680,0x125AB2630,DXGI,0,512,0,Composed: Flip,Application,3683155697144,NA,10.00630000000000,8.37540000000000,0.14010000000000,4.18020000000000,15.4202,126.3453,3683155599260,9.9285,9.7884,0.1401,3.9711,9.9975,9.9975,0.0000,NA,0.0000,NA,NA,NA,NA
Endfield.exe,53680,0x125AB2630,DXGI,0,512,0,Composed: Flip,Application,3683155799050,NA,10.19060000000000,9.07390000000000,0.12110000000000,3.60280000000000,14.3035,135.4192,3683155698545,10.1716,10.0505,0.1211,4.0401,9.6132,9.6132,0.0000,NA,0.0000,NA,NA,NA,NA
Endfield.exe,53680,0x125AB2630,DXGI,0,512,0,Composed: Flip,Application,3683155907379,41.5045,10.83290000000000,15.90710000000000,0.14960000000000,3.72600000000000,19.3777,112.1467,3683155800261,10.8614,10.7118,0.1496,3.4817,10.9561,10.9528,0.0033,0.6100,495.2512,NA,26.0605,NA,NA
Endfield.exe,53680,0x125AB2630,DXGI,0,512,0,Composed: Flip,Application,3683156031488,NA,12.41090000000000,8.29800000000000,0.20090000000000,4.45350000000000,15.2648,120.4447,3683155908875,12.4622,12.2613,0.2009,3.5764,13.1384,13.1248,0.0136,NA,0.0000,NA,NA,NA,NA
Endfield.exe,53680,0x125AB2630,DXGI,0,512,0,Composed: Flip,Application,3683156110862,NA,7.93740000000000,9.14320000000000,0.14670000000000,4.81670000000000,16.4706,129.5879,3683156033497,7.8832,7.7365,0.1467,4.2526,8.3006,8.3006,0.0000,NA,0.0000,NA,NA,NA,NA
Endfield.exe,53680,0x125AB2630,DXGI,0,512,0,Composed: Flip,Application,3683156214684,NA,10.38220000000000,7.49760000000000,0.13660000000000,2.73870000000000,13.5860,137.0855,3683156112329,10.3721,10.2355,0.1366,4.6700,8.3042,8.3042,0.0000,NA,0.0000,NA,NA,NA,NA
Endfield.exe,53680,0x125AB2630,DXGI,0,512,0,Composed: Flip,Application,3683156327301,40.0687,11.26170000000000,16.69470000000000,0.16740000000000,3.85020000000000,19.0190,113.7115,3683156216050,11.2925,11.1251,0.1674,2.6021,12.3732,12.3720,0.0012,-1.5648,535.3199,NA,NA,NA,NA
Endfield.exe,53680,0x125AB2630,DXGI,0,512,0,Composed: Flip,Application,3683156430255,NA,10.29540000000000,9.12050000000000,0.26070000000000,4.24010000000000,17.8441,122.8320,3683156328975,10.3887,10.1280,0.2607,3.6828,10.6853,10.6715,0.0138,NA,0.0000,NA,NA,NA,NA
Endfield.exe,53680,0x125AB2630,DXGI,0,512,0,Composed: Flip,Application,3683156533790,NA,10.35350000000000,7.64280000000000,0.17170000000000,4.16520000000000,15.1334,130.4748,3683156432862,10.2645,10.0928,0.1717,3.9794,10.2786,10.2786,0.0000,NA,0.0000,NA,NA,NA,NA
Endfield.exe,53680,0x125AB2630,DXGI,0,512,0,Composed: Flip,Application,3683156637114,NA,10.33240000000000,8.23020000000000,0.16070000000000,3.85120000000000,13.0312,138.7050,3683156535507,10.3214,10.1607,0.1607,3.9935,10.0184,10.0184,0.0000,NA,0.0000,NA,NA,NA,NA
Endfield.exe,53680,0x125AB2630,DXGI,0,512,0,Composed: Flip,Application,3683156754232,41.5699,11.71180000000000,17.45360000000000,0.14320000000000,4.92590000000000,18.7730,114.5887,3683156638721,11.6943,11.5511,0.1432,3.6905,12.7865,12.7848,0.0017,-0.8772,576.8898,NA,NA,NA,NA
Endfield.exe,53680,0x125AB2630,DXGI,0,512,0,Composed: Flip,Application,3683156857828,NA,10.35960000000000,7.54860000000000,0.16150000000000,2.43890000000000,15.9620,122.1373,3683156755664,10.3779,10.2164,0.1615,4.7827,7.8726,7.8572,0.0154,NA,0.0000,NA,NA,NA,NA
Endfield.exe,53680,0x125AB2630,DXGI,0,512,0,Composed: Flip,Application,3683156961066,NA,10.32380000000000,8.33140000000000,0.16520000000000,4.24640000000000,13.9696,130.4687,3683156859443,10.3275,10.1623,0.1652,2.2774,12.1313,12.1313,0.0000,NA,0.0000,NA,NA,NA,NA
Endfield.exe,53680,0x125AB2630,DXGI,0,512,0,Composed: Flip,Application,3683157063642,NA,10.25760000000000,8.33260000000000,0.12740000000000,2.12850000000000,12.0446,138.8013,3683156962718,10.2198,10.0924,0.1274,4.0812,8.1397,8.1397,0.0000,NA,0.0000,NA,NA,NA,NA
Endfield.exe,53680,0x125AB2630,DXGI,0,512,0,Composed: Flip,Application,3683157184512,41.1166,12.08700000000000,25.01460000000000,0.15100000000000,3.95690000000000,24.9722,122.6993,3683157064916,12.1106,11.9596,0.1510,2.0011,13.9154,13.9129,0.0025,-8.1106,618.0064,NA,69.3565,69.3565,NA
Endfield.exe,53680,0x125AB2630,DXGI,0,512,0,Composed: Flip,Application,3683157289638,NA,10.51260000000000,0.79730000000000,0.19490000000000,4.24720000000000,15.2569,123.4966,3683157186022,10.5565,10.3616,0.1949,3.8059,10.8029,10.7901,0.0128,NA,0.0000,NA,NA,NA,NA
Endfield.exe,53680,0x125AB2630,DXGI,0,512,0,Composed: Flip,Application,3683157392253,NA,10.26150000000000,7.53210000000000,0.13290000000000,2.29390000000000,12.5275,131.0287,3683157291587,10.1995,10.0666,0.1329,4.0523,8.3082,8.3082,0.0000,NA,0.0000,NA,NA,NA,NA
Endfield.exe,53680,0x125AB2630,DXGI,0,512,0,Composed: Flip,Application,3683157496713,NA,10.44600000000000,8.37150000000000,0.12700000000000,2.96960000000000,10.4530,139.4002,3683157393582,10.4401,10.3131,0.1270,2.1610,11.1217,11.1217,0.0000,NA,0.0000,NA,NA,NA,NA
Endfield.exe,53680,0x125AB2630,DXGI,0,512,0,Composed: Flip,Application,3683157596528,43.3163,9.98150000000000,17.48000000000000,0.15610000000000,4.08110000000000,17.9515,113.5639,3683157497983,10.0106,9.8545,0.1561,2.8426,11.0930,11.0900,0.0030,9.1354,661.3227,NA,NA,NA,NA
Endfield.exe,53680,0x125AB2630,DXGI,0,512,0,Composed: Flip,Application,3683157699645,NA,10.31170000000000,7.48290000000000,0.15530000000000,2.64240000000000,15.1227,121.0468,3683157598089,10.3109,10.1556,0.1553,3.9250,8.8730,8.8606,0.0124,NA,0.0000,NA,NA,NA,NA
Endfield.exe,53680,0x125AB2630,DXGI,0,512,0,Composed: Flip,Application,3683157802526,NA,10.28810000000000,9.11900000000000,0.14170000000000,3.67650000000000,13.9536,130.1658,3683157701198,10.2745,10.1328,0.1417,2.4871,11.3222,11.3222,0.0000,NA,0.0000,NA,NA,NA,NA
Endfield.exe,53680,0x125AB2630,DXGI,0,512,0,Composed: Flip,Application,3683157907647,NA,10.51210000000000,15.87080000000000,0.16770000000000,4.05270000000000,19.3123,146.0366,3683157803943,10.5381,10.3704,0.1677,3.5348,10.8883,10.8883,0.0000,NA,0.0000,NA,NA,NA,NA
Endfield.exe,53680,0x125AB2630,DXGI,0,512,0,Composed: Flip,Application,3683158003338,44.2146,9.56910000000000,8.33910000000000,0.15000000000000,4.04070000000000,18.0823,110.1611,3683157909324,9.5514,9.4014,0.1500,3.8850,9.5571,9.5547,0.0024,3.4028,705.5373,NA,55.3780,NA,NA
Endfield.exe,53680,0x125AB2630,DXGI,0,512,0,Composed: Flip,Application,3683158107053,NA,10.37150000000000,9.17690000000000,0.14000000000000,2.72450000000000,16.8877,119.3380,3683158004838,10.3615,10.2215,0.1400,3.8907,9.0553,9.0442,0.0111,NA,0.0000,NA,NA,NA,NA
Endfield.exe,53680,0x125AB2630,DXGI,0,512,0,Composed: Flip,Application,3683158211505,NA,10.44520000000000,7.48390000000000,0.15300000000000,3.09930000000000,13.9264,126.8219,3683158108453,10.4582,10.3052,0.1530,2.5845,10.8200,10.8200,0.0000,NA,0.0000,NA,NA,NA,NA
Endfield.exe,53680,0x125AB2630,DXGI,0,512,0,Composed: Flip,Application,3683158315310,NA,10.38050000000000,8.32660000000000,0.15310000000000,2.08740000000000,11.8725,135.1485,3683158213035,10.3806,10.2275,0.1531,2.9463,9.3686,9.3686,0.0000,NA,0.0000,NA,NA,NA,NA
Endfield.exe,53680,0x125AB2630,DXGI,0,512,0,Composed: Flip,Application,3683158422279,40.0158,10.69690000000000,17.47270000000000,0.15850000000000,4.01530000000000,18.6483,115.2881,3683158316841,10.7023,10.5438,0.1585,1.9343,12.6248,12.6220,0.0028,-2.4443,745.5531,NA,NA,NA,NA
Endfield.exe,53680,0x125AB2630,DXGI,0,512,0,Composed: Flip,Application,3683158528974,NA,10.66950000000000,7.54180000000000,0.39990000000000,4.24650000000000,15.5206,122.8299,3683158423864,10.9109,10.5110,0.3999,3.8568,10.9007,10.8851,0.0156,NA,0.0000,NA,NA,NA,NA
Endfield.exe,53680,0x125AB2630,DXGI,0,512,0,Composed: Flip,Application,3683158631935,NA,10.29610000000000,8.31460000000000,0.15700000000000,4.12370000000000,13.5391,131.1445,3683158532973,10.0532,9.8962,0.1570,3.8466,10.1733,10.1733,0.0000,NA,0.0000,NA,NA,NA,NA
Endfield.exe,53680,0x125AB2630,DXGI,0,512,0,Composed: Flip,Application,3683158737585,NA,10.56500000000000,9.14670000000000,0.37410000000000,3.48410000000000,12.1208,140.2912,3683158633505,10.7821,10.4080,0.3741,3.9667,9.9254,9.9254,0.0000,NA,0.0000,NA,NA,NA,NA
Endfield.exe,53680,0x125AB2630,DXGI,0,512,0,Composed: Flip,Application,3683158842476,40.8733,10.48910000000000,15.86200000000000,0.15130000000000,3.66320000000000,17.4937,115.2799,3683158741326,10.2663,10.1150,0.1513,3.1100,10.6682,10.6647,0.0035,0.0082,786.4264,NA,NA,NA,NA
Endfield.exe,53680,0x125AB2630,DXGI,0,512,0,Composed: Flip,Application,3683158946258,NA,10.37820000000000,9.13840000000000,0.45680000000000,4.24290000000000,16.2539,124.4183,3683158843989,10.6837,10.2269,0.4568,3.5119,10.9579,10.9425,0.0154,NA,0.0000,NA,NA,NA,NA
Endfield.exe,53680,0x125AB2630,DXGI,0,512,0,Composed: Flip,Application,3683159048832,NA,10.25740000000000,7.52680000000000,0.17300000000000,2.87210000000000,13.5233,131.9451,3683158950826,9.9736,9.8006,0.1730,3.7861,8.8866,8.8866,0.0000,NA,0.0000,NA,NA,NA,NA
Endfield.exe,53680,0x125AB2630,DXGI,0,512,0,Composed: Flip,Application,3683159153623,NA,10.47910000000000,8.33740000000000,0.19070000000000,3.85420000000000,11.3816,140.2825,3683159050562,10.4968,10.3061,0.1907,2.6991,11.4612,11.4612,0.0000,NA,0.0000,NA,NA,NA,NA
Endfield.exe,53680,0x125AB2630,DXGI,0,512,0,Composed: Flip,Application,3683159264444,41.7484,11.08210000000000,9.15480000000000,0.17980000000000,3.93150000000000,9.4543,107.6889,3683159155530,11.0712,10.8914,0.1798,3.6635,11.1594,11.1560,0.0034,7.5910,828.1748,NA,NA,NA,NA
Endfield.exe,53680,0x125AB2630,DXGI,0,512,0,Composed: Flip,Application,3683159370172,NA,10.57280000000000,15.85270000000000,0.21370000000000,4.28050000000000,14.7342,123.5416,3683159266242,10.6067,10.3930,0.2137,3.7517,10.9218,10.9037,0.0181,NA,0.0000,NA,NA,NA,NA
Endfield.exe,53680,0x125AB2630,DXGI,0,512,0,Composed: Flip,Application,3683159475120,NA,10.49480000000000,9.13490000000000,0.17900000000000,3.11580000000000,13.3743,132.6765,3683159372309,10.4601,10.2811,0.1790,4.0668,9.3301,9.3301,0.0000,NA,0.0000,NA,NA,NA,NA
Endfield.exe,53680,0x125AB2630,DXGI,0,512,0,Composed: Flip,Application,3683159578035,NA,10.29150000000000,15.87710000000000,0.17290000000000,3.97920000000000,18.9599,148.5536,3683159476910,10.2854,10.1125,0.1729,2.9368,11.1549,11.1549,0.0000,NA,0.0000,NA,NA,NA,NA
Endfield.exe,53680,0x125AB2630,DXGI,0,512,0,Composed: Flip,Application,3683159679310,41.6276,10.12750000000000,9.13040000000000,0.16440000000000,3.85390000000000,17.9628,116.0564,3683159579764,10.1190,9.9546,0.1644,3.8063,10.0022,9.9997,0.0025,-8.3675,869.8024,NA,39.8479,NA,NA
Endfield.exe,53680,0x125AB2630,DXGI,0,512,0,Composed: Flip,Application,3683159783916,NA,10.46060000000000,7.51350000000000,0.28630000000000,2.52500000000000,15.0157,123.5699,3683159680954,10.5825,10.2962,0.2863,3.6895,9.1317,9.1147,0.0170,NA,0.0000,NA,NA,NA,NA
Endfield.exe,53680,0x125AB2630,DXGI,0,512,0,Composed: Flip,Application,3683159887619,NA,10.37030000000000,8.35480000000000,0.20570000000000,3.95480000000000,13.0002,131.9247,3683159786779,10.2897,10.0840,0.2057,2.2387,11.8001,11.8001,0.0000,NA,0.0000,NA,NA,NA,NA
Endfield.exe,53680,0x125AB2630,DXGI,0,512,0,Composed: Flip,Application,3683159990493,NA,10.28740000000000,9.21950000000000,0.21180000000000,3.67640000000000,11.9323,141.1442,3683159889676,10.2935,10.0817,0.2118,3.7491,10.0090,10.0090,0.0000,NA,0.0000,NA,NA,NA,NA
Endfield.exe,53680,0x125AB2630,DXGI,0,512,0,Composed: Flip,Application,3683160097392,42.4743,10.68990000000000,15.79180000000000,0.17550000000000,4.19450000000000,17.0342,113.9143,3683159992611,10.6536,10.4781,0.1755,3.4646,11.2080,11.2009,0.0071,1.5947,912.2767,NA,NA,NA,NA
Endfield.exe,53680,0x125AB2630,DXGI,0,512,0,Composed: Flip,Application,3683160201573,NA,10.41810000000000,9.10240000000000,0.22310000000000,2.67650000000000,15.7185,123.0167,3683160099147,10.4657,10.2426,0.2231,4.0190,8.9001,8.8856,0.0145,NA,0.0000,NA,NA,NA,NA
Endfield.exe,53680,0x125AB2630,DXGI,0,512,0,Composed: Flip,Application,3683160305580,NA,10.40070000000000,7.53450000000000,0.17350000000000,2.22560000000000,12.8523,130.5512,3683160203804,10.3511,10.1776,0.1735,2.4534,9.9498,9.9498,0.0000,NA,0.0000,NA,NA,NA,NA
Endfield.exe,53680,0x125AB2630,DXGI,0,512,0,Composed: Flip,Application,3683160409978,NA,10.43980000000000,17.47780000000000,0.20550000000000,4.04910000000000,19.8903,148.0290,3683160307315,10.4718,10.2663,0.2055,2.0521,12.2633,12.2633,0.0000,NA,0.0000,NA,NA,NA,NA
Endfield.exe,53680,0x125AB2630,DXGI,0,512,0,Composed: Flip,Application,3683160516336,42.9450,10.63580000000000,15.85810000000000,0.16520000000000,4.15230000000000,25.1126,120.9421,3683160412033,10.5955,10.4303,0.1652,3.8436,10.7390,10.7354,0.0036,-7.0278,955.2217,NA,NA,NA,NA
Endfield.exe,53680,0x125AB2630,DXGI,0,512,0,Composed: Flip,Application,3683160624606,NA,10.82700000000000,0.87120000000000,0.19340000000000,3.92670000000000,15.1568,121.8133,3683160517988,10.8552,10.6618,0.1934,3.9871,10.6014,10.5868,0.0146,NA,0.0000,NA,NA,NA,NA
Endfield.exe,53680,0x125AB2630,DXGI,0,512,0,Composed: Flip,Application,3683160727853,NA,10.32470000000000,7.45640000000000,0.25240000000000,4.06690000000000,12.2885,129.2697,3683160626540,10.3837,10.1313,0.2524,3.7333,10.4649,10.4649,0.0000,NA,0.0000,NA,NA,NA,NA
Endfield.exe,53680,0x125AB2630,DXGI,0,512,0,Composed: Flip,Application,3683160830660,NA,10.28070000000000,16.66700000000000,0.14460000000000,4.10540000000000,18.6748,145.9367,3683160730377,10.1729,10.0283,0.1446,3.8145,10.3192,10.3192,0.0000,NA,0.0000,NA,NA,NA,NA
Endfield.exe,53680,0x125AB2630,DXGI,0,512,0,Composed: Flip,Application,3683160942201,40.4756,11.15410000000000,16.66840000000000,0.17830000000000,4.04750000000000,24.1891,122.1295,3683160832106,11.1878,11.0095,0.1783,3.9608,11.0962,11.0934,0.0028,-1.1874,995.6973,NA,NA,NA,NA
Endfield.exe,53680,0x125AB2630,DXGI,0,512,0,Composed: Flip,Application,3683161049252,NA,10.70510000000000,NA,0.35650000000000,4.64980000000000,NA,NA,3683160943984,10.8833,10.5268,0.3565,3.8692,11.3074,11.2923,0.0151,NA,NA,NA,NA,NA,NA
Endfield.exe,53680,0x125AB2630,DXGI,0,512,0,Composed: Flip,Application,3683161151351,NA,10.20990000000000,8.31570000000000,0.18940000000000,4.12050000000000,11.5898,130.4452,3683161052817,10.0428,9.8534,0.1894,4.2933,9.6806,9.6806,0.0000,NA,0.0000,NA,NA,NA,NA
Endfield.exe,53680,0x125AB2630,DXGI,0,512,0,Composed: Flip,Application,3683161255510,NA,10.41590000000000,16.71370000000000,0.14730000000000,4.04040000000000,17.8876,147.1589,3683161153245,10.3738,10.2265,0.1473,3.9311,10.3358,10.3358,0.0000,NA,0.0000,NA,NA,NA,NA
Endfield.exe,53680,0x125AB2630,DXGI,0,512,0,Composed: Flip,Application,3683161365930,41.7988,11.04200000000000,8.29860000000000,0.18880000000000,3.71930000000000,15.1442,115.6509,3683161256983,11.0835,10.8947,0.1888,3.8931,10.7209,10.7184,0.0025,8.4708,1037.4961,NA,NA,NA,NA
Endfield.exe,53680,0x125AB2630,DXGI,0,512,0,Composed: Flip,Application,3683161469019,NA,10.30890000000000,9.16300000000000,0.18570000000000,2.91630000000000,13.9983,124.8139,3683161367818,10.3058,10.1201,0.1857,3.5305,9.5059,9.4897,0.0162,NA,0.0000,NA,NA,NA,NA
Endfield.exe,53680,0x125AB2630,DXGI,0,512,0,Composed: Flip,Application,3683161572537,NA,10.35180000000000,15.84490000000000,0.16780000000000,4.25440000000000,19.4914,140.6588,3683161470876,10.3339,10.1661,0.1678,2.7306,11.6899,11.6899,0.0000,NA,0.0000,NA,NA,NA,NA
Endfield.exe,53680,0x125AB2630,DXGI,0,512,0,Composed: Flip,Application,3683161679752,NA,10.72150000000000,16.67510000000000,0.18170000000000,3.91030000000000,25.4450,157.3339,3683161574215,10.7354,10.5537,0.1817,4.0866,10.3774,10.3774,0.0000,NA,0.0000,NA,NA,NA,NA
Endfield.exe,53680,0x125AB2630,DXGI,0,512,0,Composed: Flip,Application,3683161785136,42.5178,10.53840000000000,NA,0.20320000000000,7.03200000000000,NA,NA,3683161681569,10.5599,10.3567,0.2032,3.7286,13.6601,13.6568,0.0033,NA,NA,NA,NA,NA,NA
Endfield.exe,53680,0x125AB2630,DXGI,0,512,0,Composed: Flip,Application,3683161888305,NA,10.31690000000000,8.33740000000000,0.14420000000000,2.80420000000000,12.9271,123.1535,3683161787168,10.2579,10.1137,0.1442,6.8288,6.0891,6.0820,0.0071,NA,0.0000,NA,26.6860,NA,NA
Endfield.exe,53680,0x125AB2630,DXGI,0,512,0,Composed: Flip,Application,3683161994803,NA,10.64980000000000,8.30600000000000,0.16260000000000,3.19910000000000,10.5833,131.4595,3683161889747,10.6682,10.5056,0.1626,2.6600,11.0447,11.0447,0.0000,NA,0.0000,NA,NA,NA,NA
Endfield.exe,53680,0x125AB2630,DXGI,0,512,0,Composed: Flip,Application,3683162099583,NA,10.47800000000000,25.02560000000000,0.13600000000000,4.31480000000000,25.1309,156.4851,3683161996429,10.4514,10.3154,0.1360,3.0365,11.5937,11.5937,0.0000,NA,0.0000,NA,NA,NA,NA
Endfield.exe,53680,0x125AB2630,DXGI,0,512,0,Composed: Flip,Application,3683162202255,42.3939,10.26720000000000,NA,0.22960000000000,7.94790000000000,NA,NA,3683162100943,10.3608,10.1312,0.2296,4.1788,13.9003,13.8969,0.0034,NA,NA,NA,NA,NA,NA
Endfield.exe,53680,0x125AB2630,DXGI,0,512,0,Composed: Flip,Application,3683162306899,NA,10.46440000000000,8.32040000000000,0.19500000000000,2.56890000000000,12.7197,122.4116,3683162204551,10.4298,10.2348,0.1950,7.7183,5.0854,5.0772,0.0082,NA,0.0000,NA,45.3422,NA,NA
Endfield.exe,53680,0x125AB2630,DXGI,0,512,0,Composed: Flip,Application,3683162409779,NA,10.28800000000000,16.66710000000000,0.12780000000000,5.00400000000000,19.0988,139.0787,3683162308849,10.2208,10.0930,0.1278,2.3739,12.7231,12.7231,0.0000,NA,0.0000,NA,NA,NA,NA
Endfield.exe,53680,0x125AB2630,DXGI,0,512,0,Composed: Flip,Application,3683162515107,NA,10.53280000000000,8.33730000000000,0.11980000000000,4.45080000000000,16.9033,147.4160,3683162411057,10.5248,10.4050,0.1198,4.8762,9.9796,9.9796,0.0000,NA,0.0000,NA,NA,NA,NA
Endfield.exe,53680,0x125AB2630,DXGI,0,512,0,Composed: Flip,Application,3683162614775,44.7807,9.96680000000000,8.32570000000000,0.15160000000000,4.00600000000000,15.2622,110.5267,3683162516305,9.9986,9.8470,0.1516,4.3310,9.5220,9.5191,0.0029,4.6899,1167.1885,NA,NA,NA,NA
Endfield.exe,53680,0x125AB2630,DXGI,0,512,0,Composed: Flip,Application,3683162719654,NA,10.48790000000000,9.14150000000000,0.26530000000000,3.17070000000000,13.9158,119.6682,3683162616291,10.6016,10.3363,0.2653,3.8544,9.6526,9.6357,0.0169,NA,0.0000,NA,NA,NA,NA
Endfield.exe,53680,0x125AB2630,DXGI,0,512,0,Composed: Flip,Application,3683162823067,NA,10.34130000000000,15.90620000000000,0.14030000000000,4.29140000000000,19.4807,135.5744,3683162722307,10.2163,10.0760,0.1403,2.9054,11.4620,11.4620,0.0000,NA,0.0000,NA,NA,NA,NA
Endfield.exe,53680,0x125AB2630,DXGI,0,512,0,Composed: Flip,Application,3683162928240,NA,10.51730000000000,16.61730000000000,0.14670000000000,4.32370000000000,25.5807,152.1917,3683162824470,10.5237,10.3770,0.1467,4.1511,10.5496,10.5496,0.0000,NA,0.0000,NA,NA,NA,NA
Endfield.exe,53680,0x125AB2630,DXGI,0,512,0,Composed: Flip,Application,3683163035419,39.6129,10.71790000000000,NA,0.18830000000000,7.07060000000000,NA,NA,3683162929707,10.7595,10.5712,0.1883,4.1770,13.4648,13.4619,0.0029,NA,NA,NA,NA,NA,NA
Endfield.exe,53680,0x125AB2630,DXGI,0,512,0,Composed: Flip,Application,3683163138987,NA,10.35680000000000,8.35640000000000,0.15910000000000,2.37340000000000,12.8624,120.9352,3683163037302,10.3276,10.1685,0.1591,6.8823,5.6596,5.6522,0.0074,NA,0.0000,NA,NA,NA,NA
Endfield.exe,53680,0x125AB2630,DXGI,0,512,0,Composed: Flip,Application,3683163243589,NA,10.46020000000000,8.30910000000000,0.13970000000000,3.07780000000000,10.7113,129.2443,3683163140578,10.4408,10.3011,0.1397,2.2143,11.1646,11.1646,0.0000,NA,0.0000,NA,NA,NA,NA
Endfield.exe,53680,0x125AB2630,DXGI,0,512,0,Composed: Flip,Application,3683163350119,NA,10.65300000000000,16.70470000000000,0.15170000000000,4.60200000000000,16.7630,145.9490,3683163244986,10.6650,10.5133,0.1517,2.9381,12.1772,12.1772,0.0000,NA,0.0000,NA,NA,NA,NA
Endfield.exe,53680,0x125AB2630,DXGI,0,512,0,Composed: Flip,Application,3683163450340,40.3472,10.02210000000000,8.30950000000000,0.16360000000000,4.10060000000000,15.0504,114.7685,3683163351636,10.0340,9.8704,0.1636,4.4503,9.5207,9.5181,0.0026,-3.3846,1247.1486,NA,NA,NA,NA
Endfield.exe,53680,0x125AB2630,DXGI,0,512,0,Composed: Flip,Application,3683163557099,NA,10.67590000000000,9.15060000000000,0.37170000000000,3.00940000000000,13.5251,123.9191,3683163451976,10.8840,10.5123,0.3717,3.9370,9.5847,9.5708,0.0139,NA,0.0000,NA,NA,NA,NA
Endfield.exe,53680,0x125AB2630,DXGI,0,512,0,Composed: Flip,Application,3683163661325,NA,10.42260000000000,15.85440000000000,0.15130000000000,4.09140000000000,18.9569,139.7735,3683163560816,10.2022,10.0509,0.1513,2.6377,11.5046,11.5046,0.0000,NA,0.0000,NA,NA,NA,NA
Endfield.exe,53680,0x125AB2630,DXGI,0,512,0,Composed: Flip,Application,3683163764511,NA,10.31860000000000,8.29770000000000,0.13010000000000,4.07520000000000,16.9360,148.0712,3683163662838,10.2974,10.1673,0.1301,3.9401,10.3024,10.3024,0.0000,NA,0.0000,NA,NA,NA,NA
Endfield.exe,53680,0x125AB2630,DXGI,0,512,0,Composed: Flip,Application,3683163868927,42.1170,10.44160000000000,8.35450000000000,0.16080000000000,3.98500000000000,14.8489,114.3087,3683163765812,10.4723,10.3115,0.1608,3.9451,10.3514,10.3488,0.0026,0.4598,1289.2656,NA,NA,NA,NA
Endfield.exe,53680,0x125AB2630,DXGI,0,512,0,Composed: Flip,Application,3683163973650,NA,10.47230000000000,8.32590000000000,0.23730000000000,2.83910000000000,12.7025,122.6346,3683163870535,10.5488,10.3115,0.2373,3.8242,9.3264,9.3069,0.0195,NA,0.0000,NA,NA,NA,NA
Endfield.exe,53680,0x125AB2630,DXGI,0,512,0,Composed: Flip,Application,3683164076170,NA,10.25200000000000,9.15550000000000,0.14260000000000,3.44820000000000,11.6060,131.7901,3683163976023,10.1573,10.0147,0.1426,2.6018,10.8611,10.8611,0.0000,NA,0.0000,NA,NA,NA,NA
Endfield.exe,53680,0x125AB2630,DXGI,0,512,0,Composed: Flip,Application,3683164180616,NA,10.44460000000000,15.87460000000000,0.15840000000000,2.58460000000000,17.0360,147.6647,3683164077596,10.4604,10.3020,0.1584,3.3056,9.5810,9.5810,0.0000,NA,0.0000,NA,NA,NA,NA
Endfield.exe,53680,0x125AB2630,DXGI,0,512,0,Composed: Flip,Application,3683164287108,41.6067,10.64920000000000,8.32920000000000,0.16050000000000,5.01450000000000,14.7160,114.3872,3683164182200,10.6513,10.4908,0.1605,2.4262,13.0791,13.0763,0.0028,-0.0785,1330.8723,NA,NA,NA,NA
Endfield.exe,53680,0x125AB2630,DXGI,0,512,0,Composed: Flip,Application,3683164390767,NA,10.36590000000000,9.18530000000000,0.14680000000000,3.59860000000000,13.5354,123.5725,3683164288713,10.3522,10.2054,0.1468,4.8540,8.9500,8.9371,0.0129,NA,0.0000,NA,NA,NA,NA
Endfield.exe,53680,0x125AB2630,DXGI,0,512,0,Composed: Flip,Application,3683164497822,NA,10.70550000000000,15.79950000000000,0.16240000000000,3.99100000000000,18.6294,139.3720,3683164392235,10.7211,10.5587,0.1624,3.4518,11.0979,11.0979,0.0000,NA,0.0000,NA,NA,NA,NA
Endfield.exe,53680,0x125AB2630,DXGI,0,512,0,Composed: Flip,Application,3683164599133,NA,10.13110000000000,9.20790000000000,0.13330000000000,5.02860000000000,17.7062,148.5799,3683164499446,10.1020,9.9687,0.1333,3.8286,11.1687,11.1687,0.0000,NA,0.0000,NA,NA,NA,NA
Endfield.exe,53680,0x125AB2630,DXGI,0,512,0,Composed: Flip,Application,3683164708293,42.6261,10.91600000000000,7.43510000000000,0.14880000000000,3.82430000000000,14.2253,113.3889,3683164600466,10.9315,10.7827,0.1488,4.8953,9.7117,9.7085,0.0032,0.9983,1373.4984,NA,NA,NA,NA
Endfield.exe,53680,0x125AB2630,DXGI,0,512,0,Composed: Flip,Application,3683164811698,NA,10.34050000000000,8.35530000000000,0.19020000000000,4.16140000000000,12.2401,121.7442,3683164709781,10.3819,10.1917,0.1902,3.6755,10.6776,10.6618,0.0158,NA,0.0000,NA,NA,NA,NA
Endfield.exe,53680,0x125AB2630,DXGI,0,512,0,Composed: Flip,Application,3683164915228,NA,10.35300000000000,9.21140000000000,0.14880000000000,4.21120000000000,11.0985,130.9556,3683164813600,10.3116,10.1628,0.1488,3.9712,10.4028,10.4028,0.0000,NA,0.0000,NA,NA,NA,NA
Endfield.exe,53680,0x125AB2630,DXGI,0,512,0,Composed: Flip,Application,3683165020968,NA,10.57400000000000,24.15030000000000,0.14070000000000,4.53790000000000,24.6748,155.1059,3683164916716,10.5659,10.4252,0.1407,4.0624,10.9007,10.9007,0.0000,NA,0.0000,NA,NA,NA,NA
Endfield.exe,53680,0x125AB2630,DXGI,0,512,0,Composed: Flip,Application,3683165112212,41.0786,9.12440000000000,NA,0.15990000000000,7.47120000000000,NA,NA,3683165022375,9.1436,8.9837,0.1599,4.3972,12.0577,12.0546,0.0031,NA,NA,NA,NA,NA,NA
Endfield.exe,53680,0x125AB2630,DXGI,0,512,0,Composed: Flip,Application,3683165216769,NA,10.45570000000000,8.29960000000000,0.18350000000000,4.19410000000000,13.3943,122.3269,3683165113811,10.4793,10.2958,0.1835,7.3113,7.1786,7.1688,0.0098,NA,0.0000,NA,NA,NA,NA
Endfield.exe,53680,0x125AB2630,DXGI,0,512,0,Composed: Flip,Application,3683165320622,NA,10.38530000000000,8.34520000000000,0.13500000000000,3.91750000000000,11.3542,130.6721,3683165218604,10.3368,10.2018,0.1350,4.0106,10.1087,10.1087,0.0000,NA,0.0000,NA,NA,NA,NA
Endfield.exe,53680,0x125AB2630,DXGI,0,512,0,Composed: Flip,Application,3683165443364,NA,12.27420000000000,16.66010000000000,0.18040000000000,2.22080000000000,15.7401,147.3322,3683165321972,12.3196,12.1392,0.1804,3.7825,10.5775,10.5775,0.0000,NA,0.0000,NA,NA,NA,NA
Endfield.exe,53680,0x125AB2630,DXGI,0,512,0,Composed: Flip,Application,3683165522429,41.7516,7.90650000000000,9.15050000000000,0.15130000000000,3.67450000000000,16.9841,118.6950,3683165445168,7.8774,7.7261,0.1513,2.0404,9.3602,9.3569,0.0033,-1.3422,1456.3286,NA,32.1605,NA,NA
Endfield.exe,53680,0x125AB2630,DXGI,0,512,0,Composed: Flip,Application,3683165626337,NA,10.39080000000000,7.51270000000000,0.27580000000000,2.70680000000000,14.1060,126.2077,3683165523942,10.5153,10.2395,0.2758,3.5232,9.4231,9.4118,0.0113,NA,0.0000,NA,NA,NA,NA
Endfield.exe,53680,0x125AB2630,DXGI,0,512,0,Composed: Flip,Application,3683165730896,NA,10.45590000000000,9.17270000000000,0.28090000000000,2.53760000000000,12.8228,135.3804,3683165629095,10.4610,10.1801,0.2809,2.4310,10.2867,10.2867,0.0000,NA,0.0000,NA,NA,NA,NA
Endfield.exe,53680,0x125AB2630,DXGI,0,512,0,Composed: Flip,Application,3683165833273,NA,10.23770000000000,15.85030000000000,0.12560000000000,4.77940000000000,18.4354,151.2307,3683165733705,10.0824,9.9568,0.1256,2.2567,12.4795,12.4795,0.0000,NA,0.0000,NA,NA,NA,NA
Endfield.exe,53680,0x125AB2630,DXGI,0,512,0,Composed: Flip,Application,3683165929392,40.8134,9.61190000000000,8.30910000000000,0.14260000000000,3.90130000000000,17.1326,118.7264,3683165834529,9.6289,9.4863,0.1426,4.6538,8.7338,8.7307,0.0031,-0.0314,1497.1420,NA,NA,NA,NA
Endfield.exe,53680,0x125AB2630,DXGI,0,512,0,Composed: Flip,Application,3683166033481,NA,10.40890000000000,9.17750000000000,0.22660000000000,4.39700000000000,15.9012,127.9039,3683165930818,10.4929,10.2663,0.2266,3.7587,10.9046,10.8875,0.0171,NA,0.0000,NA,NA,NA,NA
Endfield.exe,53680,0x125AB2630,DXGI,0,512,0,Composed: Flip,Application,3683166135523,NA,10.20420000000000,7.48900000000000,0.14350000000000,2.42060000000000,13.1860,135.3929,3683166035747,10.1211,9.9776,0.1435,4.1704,8.2278,8.2278,0.0000,NA,0.0000,NA,NA,NA,NA
Endfield.exe,53680,0x125AB2630,DXGI,0,512,0,Composed: Flip,Application,3683166239795,NA,10.42720000000000,9.15900000000000,0.13080000000000,3.50300000000000,11.9178,144.5519,3683166136958,10.4145,10.2837,0.1308,2.2771,11.5096,11.5096,0.0000,NA,0.0000,NA,NA,NA,NA
Endfield.exe,53680,0x125AB2630,DXGI,0,512,0,Composed: Flip,Application,3683166342382,41.0714,10.25870000000000,15.85970000000000,0.17280000000000,3.71530000000000,17.5188,119.3402,3683166241103,10.3007,10.1279,0.1728,3.3722,10.4710,10.4686,0.0024,-0.6138,1538.2134,NA,NA,NA,NA
Endfield.exe,53680,0x125AB2630,DXGI,0,512,0,Composed: Flip,Application,3683166443641,NA,10.12590000000000,16.65850000000000,0.18320000000000,4.14660000000000,24.0514,135.9987,3683166344110,10.1363,9.9531,0.1832,3.5425,10.5572,10.5426,0.0146,NA,0.0000,NA,NA,NA,NA
Endfield.exe,53680,0x125AB2630,DXGI,0,512,0,Composed: Flip,Application,3683166546242,NA,10.26010000000000,NA,0.16760000000000,3.90070000000000,NA,NA,3683166445473,10.2445,10.0769,0.1676,3.9634,10.0142,10.0142,0.0000,NA,NA,NA,NA,NA,NA
Endfield.exe,53680,0x125AB2630,DXGI,0,512,0,Composed: Flip,Application,3683166650547,NA,10.43050000000000,8.33020000000000,0.20310000000000,3.91000000000000,11.6910,144.3289,3683166547918,10.4660,10.2629,0.2031,3.7331,10.4398,10.4398,0.0000,NA,0.0000,NA,NA,NA,NA
Endfield.exe,53680,0x125AB2630,DXGI,0,512,0,Composed: Flip,Application,3683166755685,40.6952,10.51380000000000,16.65160000000000,0.14600000000000,3.99870000000000,17.8288,120.2853,3683166652578,10.4567,10.3107,0.1460,3.7069,10.6025,10.5992,0.0033,-0.9451,1578.9086,NA,NA,NA,NA
Endfield.exe,53680,0x125AB2630,DXGI,0,512,0,Composed: Flip,Application,3683166858532,NA,10.28470000000000,8.33520000000000,0.17180000000000,2.53590000000000,15.8793,128.6205,3683166757145,10.3105,10.1387,0.1718,3.8527,8.8219,8.8052,0.0167,NA,0.0000,NA,NA,NA,NA
Endfield.exe,53680,0x125AB2630,DXGI,0,512,0,Composed: Flip,Application,3683166961192,NA,10.26600000000000,8.37850000000000,0.17310000000000,4.64560000000000,13.9918,136.9990,3683166860250,10.2673,10.0942,0.1731,2.3641,12.3757,12.3757,0.0000,NA,0.0000,NA,NA,NA,NA
Endfield.exe,53680,0x125AB2630,DXGI,0,512,0,Composed: Flip,Application,3683167062828,NA,10.16360000000000,8.28830000000000,0.13060000000000,2.43400000000000,12.1165,145.2873,3683166962923,10.1211,9.9905,0.1306,4.4725,7.9520,7.9520,0.0000,NA,0.0000,NA,NA,NA,NA
Endfield.exe,53680,0x125AB2630,DXGI,0,512,0,Composed: Flip,Application,3683167185089,41.0921,12.22610000000000,17.49990000000000,0.16140000000000,4.00310000000000,17.3903,123.7223,3683167064134,12.2569,12.0955,0.1614,2.3034,13.7952,13.7909,0.0043,-1.4098,1620.0007,NA,NA,NA,NA
Endfield.exe,53680,0x125AB2630,DXGI,0,512,0,Composed: Flip,Application,3683167286749,NA,10.16600000000000,7.51290000000000,0.20370000000000,2.64200000000000,14.7372,131.2352,3683167186703,10.2083,10.0046,0.2037,3.8417,8.8049,8.7893,0.0156,NA,0.0000,NA,NA,NA,NA
Endfield.exe,53680,0x125AB2630,DXGI,0,512,0,Composed: Flip,Application,3683167388740,NA,10.19910000000000,9.21100000000000,0.16800000000000,3.31460000000000,13.7491,140.4462,3683167288786,10.1634,9.9954,0.1680,2.4383,10.8717,10.8717,0.0000,NA,0.0000,NA,NA,NA,NA
Endfield.exe,53680,0x125AB2630,DXGI,0,512,0,Composed: Flip,Application,3683167491679,NA,10.29390000000000,15.79470000000000,0.15440000000000,4.08600000000000,19.2499,156.2409,3683167390420,10.2803,10.1259,0.1544,3.1466,11.0653,11.0653,0.0000,NA,0.0000,NA,NA,NA,NA
Endfield.exe,53680,0x125AB2630,DXGI,0,512,0,Composed: Flip,Application,3683167593501,41.5829,10.18220000000000,8.32670000000000,0.17850000000000,3.71260000000000,17.3944,122.9847,3683167493223,10.2063,10.0278,0.1785,3.9316,9.8088,9.8057,0.0031,0.7376,1661.5836,NA,22.6879,NA,NA
Endfield.exe,53680,0x125AB2630,DXGI,0,512,0,Composed: Flip,Application,3683167693274,NA,9.97730000000000,9.16050000000000,0.18400000000000,4.34470000000000,16.5776,132.1452,3683167595286,9.9828,9.7988,0.1840,3.5341,10.6094,10.5944,0.0150,NA,0.0000,NA,NA,NA,NA
Endfield.exe,53680,0x125AB2630,DXGI,0,512,0,Composed: Flip,Application,3683167794427,NA,10.11530000000000,7.50140000000000,0.13150000000000,3.26430000000000,13.9637,139.6466,3683167695114,10.0628,9.9313,0.1315,4.1607,9.0349,9.0349,0.0000,NA,0.0000,NA,NA,NA,NA
Endfield.exe,53680,0x125AB2630,DXGI,0,512,0,Composed: Flip,Application,3683167899408,NA,10.49810000000000,8.32950000000000,0.26800000000000,2.31290000000000,11.7951,147.9761,3683167795742,10.6346,10.3666,0.2680,3.1328,9.5467,9.5467,0.0000,NA,0.0000,NA,NA,NA,NA
Endfield.exe,53680,0x125AB2630,DXGI,0,512,0,Composed: Flip,Application,3683168012137,42.7844,11.27290000000000,16.68200000000000,0.13600000000000,3.90490000000000,17.2042,121.8737,3683167902088,11.1409,11.0049,0.1360,2.0449,12.8649,12.8611,0.0038,1.1110,1704.3680,NA,NA,NA,NA
Endfield.exe,53680,0x125AB2630,DXGI,0,512,0,Composed: Flip,Application,3683168114833,NA,10.26960000000000,9.19810000000000,0.16000000000000,4.26110000000000,16.1327,131.0718,3683168013497,10.2936,10.1336,0.1600,3.7689,10.6258,10.6109,0.0149,NA,0.0000,NA,NA,NA,NA
Endfield.exe,53680,0x125AB2630,DXGI,0,512,0,Composed: Flip,Application,3683168218269,NA,10.34360000000000,7.50140000000000,0.16250000000000,2.50220000000000,13.2905,138.5732,3683168116433,10.3461,10.1836,0.1625,4.1011,8.5847,8.5847,0.0000,NA,0.0000,NA,NA,NA,NA
Endfield.exe,53680,0x125AB2630,DXGI,0,512,0,Composed: Flip,Application,3683168321172,NA,10.29030000000000,8.26890000000000,0.13390000000000,3.92050000000000,11.2691,146.8421,3683168219894,10.2617,10.1278,0.1339,2.3397,11.7086,11.7086,0.0000,NA,0.0000,NA,NA,NA,NA
Endfield.exe,53680,0x125AB2630,DXGI,0,512,0,Composed: Flip,Application,3683168422684,40.6438,10.15120000000000,17.51520000000000,0.14410000000000,3.87110000000000,18.6331,123.7135,3683168322511,10.1614,10.0173,0.1441,3.7866,10.1018,10.1008,0.0010,-1.8398,1745.0118,NA,NA,NA,NA
Endfield.exe,53680,0x125AB2630,DXGI,0,512,0,Composed: Flip,Application,3683168532366,NA,10.96820000000000,7.51560000000000,0.22810000000000,3.64140000000000,15.1805,131.2291,3683168424125,11.0522,10.8241,0.2281,3.7270,10.7385,10.7239,0.0146,NA,0.0000,NA,NA,NA,NA
Endfield.exe,53680,0x125AB2630,DXGI,0,512,0,Composed: Flip,Application,3683168629322,NA,9.69560000000000,8.31900000000000,0.14940000000000,4.43420000000000,13.8039,139.5481,3683168534647,9.6169,9.4675,0.1494,3.4133,10.4884,10.4884,0.0000,NA,0.0000,NA,NA,NA,NA
Endfield.exe,53680,0x125AB2630,DXGI,0,512,0,Composed: Flip,Application,3683168732184,NA,10.28620000000000,9.17350000000000,0.51470000000000,2.21610000000000,12.6912,148.7216,3683168630816,10.6515,10.1368,0.5147,4.2848,8.0681,8.0681,0.0000,NA,0.0000,NA,NA,NA,NA
Endfield.exe,53680,0x125AB2630,DXGI,0,512,0,Composed: Flip,Application,3683168832488,42.0867,10.03040000000000,15.83150000000000,0.15910000000000,3.48990000000000,18.4923,122.4664,3683168737331,9.6748,9.5157,0.1591,1.7014,11.3042,11.3014,0.0028,1.2471,1787.0985,NA,NA,NA,NA
Endfield.exe,53680,0x125AB2630,DXGI,0,512,0,Composed: Flip,Application,3683168934620,NA,10.21320000000000,8.37250000000000,0.18100000000000,4.34370000000000,16.6516,130.8389,3683168834079,10.2351,10.0541,0.1810,3.3308,11.0670,11.0512,0.0158,NA,0.0000,NA,NA,NA,NA
Endfield.exe,53680,0x125AB2630,DXGI,0,512,0,Composed: Flip,Application,3683169036262,NA,10.16420000000000,8.31290000000000,0.17460000000000,4.77620000000000,14.8003,139.1518,3683168936430,10.1578,9.9832,0.1746,4.1627,10.5967,10.5967,0.0000,NA,0.0000,NA,NA,NA,NA
Endfield.exe,53680,0x125AB2630,DXGI,0,512,0,Composed: Flip,Application,3683169140073,NA,10.38110000000000,8.33890000000000,0.16170000000000,2.46680000000000,12.7581,147.4907,3683169038008,10.3682,10.2065,0.1617,4.6016,8.0717,8.0717,0.0000,NA,0.0000,NA,NA,NA,NA
Endfield.exe,53680,0x125AB2630,DXGI,0,512,0,Composed: Flip,Application,3683169245893,41.0631,10.58200000000000,16.64040000000000,0.14440000000000,3.75260000000000,18.8165,122.1632,3683169141690,10.5647,10.4203,0.1444,2.3051,11.8678,11.8662,0.0016,-0.6016,1828.1616,NA,30.3247,NA,NA
Endfield.exe,53680,0x125AB2630,DXGI,0,512,0,Composed: Flip,Application,3683169348891,NA,10.29980000000000,9.20570000000000,0.15750000000000,2.45710000000000,17.7224,131.3689,3683169247337,10.3129,10.1554,0.1575,3.6082,9.0043,8.9888,0.0155,NA,0.0000,NA,NA,NA,NA
Endfield.exe,53680,0x125AB2630,DXGI,0,512,0,Composed: Flip,Application,3683169451615,NA,10.27240000000000,7.44780000000000,0.15010000000000,4.13200000000000,14.8978,138.8167,3683169350466,10.2650,10.1149,0.1501,2.2996,11.9473,11.9473,0.0000,NA,0.0000,NA,NA,NA,NA
Endfield.exe,53680,0x125AB2630,DXGI,0,512,0,Composed: Flip,Application,3683169555651,NA,10.40360000000000,8.33920000000000,0.11760000000000,2.90170000000000,12.8334,147.1559,3683169453116,10.3711,10.2535,0.1176,3.9819,9.1733,9.1733,0.0000,NA,0.0000,NA,NA,NA,NA
Endfield.exe,53680,0x125AB2630,DXGI,0,512,0,Composed: Flip,Application,3683169664236,40.8154,10.85850000000000,17.50890000000000,0.14020000000000,3.73160000000000,19.4838,123.8494,3683169556827,10.8811,10.7409,0.1402,2.7841,11.6884,11.6874,0.0010,-1.6862,1868.9770,NA,NA,NA,NA
Endfield.exe,53680,0x125AB2630,DXGI,0,512,0,Composed: Flip,Application,3683169769380,NA,10.51440000000000,7.48620000000000,0.24160000000000,1.72800000000000,16.4556,131.3356,3683169665638,10.6158,10.3742,0.2416,3.5914,8.5108,8.4971,0.0137,NA,0.0000,NA,NA,NA,NA
Endfield.exe,53680,0x125AB2630,DXGI,0,512,0,Composed: Flip,Application,3683169873271,NA,10.38910000000000,8.33050000000000,0.16050000000000,4.91000000000000,14.3970,139.6661,3683169771796,10.3080,10.1475,0.1605,1.4864,13.5711,13.5711,0.0000,NA,0.0000,NA,NA,NA,NA
Endfield.exe,53680,0x125AB2630,DXGI,0,512,0,Composed: Flip,Application,3683169973641,NA,10.03700000000000,8.35130000000000,0.13880000000000,2.91660000000000,12.7113,148.0174,3683169874876,10.0153,9.8765,0.1388,4.7495,8.0436,8.0436,0.0000,NA,0.0000,NA,NA,NA,NA
Endfield.exe,53680,0x125AB2630,DXGI,0,512,0,Composed: Flip,Application,3683170080591,41.8212,10.69500000000000,17.49240000000000,0.16520000000000,3.60340000000000,19.5087,123.6886,3683169975029,10.7214,10.5562,0.1652,2.7778,11.3818,11.3804,0.0014,0.1608,1910.7982,NA,NA,NA,NA
Endfield.exe,53680,0x125AB2630,DXGI,0,512,0,Composed: Flip,Application,3683170183383,NA,10.27920000000000,7.50280000000000,0.15550000000000,4.19700000000000,16.7323,131.1914,3683170082243,10.2695,10.1140,0.1555,3.4382,10.8728,10.8587,0.0141,NA,0.0000,NA,NA,NA,NA
Endfield.exe,53680,0x125AB2630,DXGI,0,512,0,Composed: Flip,Application,3683170287296,NA,10.39130000000000,8.31420000000000,0.19650000000000,4.81130000000000,14.6552,139.5056,3683170184938,10.4323,10.2358,0.1965,4.0415,11.0056,11.0056,0.0000,NA,0.0000,NA,NA,NA,NA
Endfield.exe,53680,0x125AB2630,DXGI,0,512,0,Composed: Flip,Application,3683170392696,NA,10.54000000000000,8.33990000000000,0.16200000000000,2.71050000000000,12.4551,147.8455,3683170289261,10.5055,10.3435,0.1620,4.6148,8.4392,8.4392,0.0000,NA,0.0000,NA,NA,NA,NA
Endfield.exe,53680,0x125AB2630,DXGI,0,512,0,Composed: Flip,Application,3683170487147,41.6064,9.44510000000000,9.23710000000000,0.15800000000000,3.78710000000000,12.2471,115.4762,3683170394316,9.4411,9.2831,0.1580,2.5485,10.5217,10.5209,0.0008,8.2124,1952.4046,NA,NA,NA,NA
Endfield.exe,53680,0x125AB2630,DXGI,0,512,0,Composed: Flip,Application,3683170591260,NA,10.41130000000000,15.78060000000000,0.19210000000000,4.25020000000000,17.6164,131.2568,3683170488727,10.4454,10.2533,0.1921,3.6291,10.8744,10.8584,0.0160,NA,0.0000,NA,NA,NA,NA
Endfield.exe,53680,0x125AB2630,DXGI,0,512,0,Composed: Flip,Application,3683170697007,NA,10.57470000000000,9.18060000000000,0.20780000000000,4.47400000000000,16.2223,140.4374,3683170593181,10.5904,10.3826,0.2078,4.0581,10.7985,10.7985,0.0000,NA,0.0000,NA,NA,NA,NA
Endfield.exe,53680,0x125AB2630,DXGI,0,512,0,Composed: Flip,Application,3683170796580,NA,9.95730000000000,7.48580000000000,0.12490000000000,3.00000000000000,13.7508,147.9232,3683170699085,9.8744,9.7495,0.1249,4.2662,8.4833,8.4833,0.0000,NA,0.0000,NA,NA,NA,NA
Endfield.exe,53680,0x125AB2630,DXGI,0,512,0,Composed: Flip,Application,3683170884762,41.5345,8.81820000000000,8.32610000000000,0.14570000000000,2.30910000000000,13.2587,114.7148,3683170797829,8.8390,8.6933,0.1457,2.8751,8.1273,8.1246,0.0027,0.7614,1993.9391,NA,NA,NA,NA
Endfield.exe,53680,0x125AB2630,DXGI,0,512,0,Composed: Flip,Application,3683170987647,NA,10.28850000000000,8.32420000000000,0.17970000000000,2.89920000000000,11.2944,123.0390,3683170886219,10.3225,10.1428,0.1797,2.1634,10.8786,10.8637,0.0149,NA,0.0000,NA,NA,NA,NA
Endfield.exe,53680,0x125AB2630,DXGI,0,512,0,Composed: Flip,Application,3683171089910,NA,10.22630000000000,9.19050000000000,0.17770000000000,4.24560000000000,10.2586,132.2295,3683170989444,10.2243,10.0466,0.1777,2.7195,11.5727,11.5727,0.0000,NA,0.0000,NA,NA,NA,NA
Endfield.exe,53680,0x125AB2630,DXGI,0,512,0,Composed: Flip,Application,3683171193228,NA,10.33180000000000,15.85930000000000,0.14180000000000,4.45860000000000,15.7861,148.0888,3683171091687,10.2959,10.1541,0.1418,4.0679,10.5448,10.5448,0.0000,NA,0.0000,NA,NA,NA,NA
Endfield.exe,53680,0x125AB2630,DXGI,0,512,0,Composed: Flip,Application,3683171294154,40.0371,10.09260000000000,9.12830000000000,0.15660000000000,4.62670000000000,14.8218,117.1800,3683171194646,10.1074,9.9508,0.1566,4.3168,10.2607,10.2574,0.0033,-2.4652,2033.9762,NA,NA,NA,NA
Endfield.exe,53680,0x125AB2630,DXGI,0,512,0,Composed: Flip,Application,3683171397360,NA,10.32060000000000,7.49210000000000,0.17080000000000,4.42370000000000,11.9933,124.6721,3683171295720,10.3348,10.1640,0.1708,4.4701,10.1176,10.1009,0.0167,NA,0.0000,NA,NA,NA,NA
Endfield.exe,53680,0x125AB2630,DXGI,0,512,0,Composed: Flip,Application,3683171498294,NA,10.09340000000000,16.66670000000000,0.15180000000000,4.17960000000000,18.5666,141.3388,3683171399068,10.0744,9.9226,0.1518,4.2529,9.8493,9.8493,0.0000,NA,0.0000,NA,NA,NA,NA
Endfield.exe,53680,0x125AB2630,DXGI,0,512,0,Composed: Flip,Application,3683171601403,NA,10.31090000000000,8.34790000000000,0.14410000000000,4.09870000000000,16.6036,149.6867,3683171499812,10.3032,10.1591,0.1441,4.0278,10.2300,10.2300,0.0000,NA,0.0000,NA,NA,NA,NA
Endfield.exe,53680,0x125AB2630,DXGI,0,512,0,Composed: Flip,Application,3683171699485,40.5118,9.80820000000000,8.33030000000000,0.19200000000000,3.75610000000000,15.1257,118.0728,3683171602844,9.8561,9.6641,0.1920,3.9546,9.4656,9.4632,0.0024,-0.3252,2074.4880,NA,NA,NA,NA
Endfield.exe,53680,0x125AB2630,DXGI,0,512,0,Composed: Flip,Application,3683171802477,NA,10.29920000000000,8.33790000000000,0.20820000000000,2.94540000000000,13.1644,126.4107,3683171701405,10.3154,10.1072,0.2082,3.5641,9.4885,9.4720,0.0165,NA,0.0000,NA,NA,NA,NA
Endfield.exe,53680,0x125AB2630,DXGI,0,512,0,Composed: Flip,Application,3683171901858,NA,9.93810000000000,16.68500000000000,0.18350000000000,4.21360000000000,19.9113,143.0957,3683171804559,9.9134,9.7299,0.1835,2.7372,11.2063,11.2063,0.0000,NA,0.0000,NA,NA,NA,NA
Endfield.exe,53680,0x125AB2630,DXGI,0,512,0,Composed: Flip,Application,3683172004281,NA,10.24230000000000,16.65430000000000,0.13090000000000,4.09250000000000,26.3233,159.7500,3683171903693,10.1897,10.0588,0.1309,4.0301,10.1212,10.1212,0.0000,NA,0.0000,NA,NA,NA,NA
Endfield.exe,53680,0x125AB2630,DXGI,0,512,0,Composed: Flip,Application,3683172133241,40.6697,12.89600000000000,8.33430000000000,0.13420000000000,4.27500000000000,21.7616,127.4146,3683172005590,12.8993,12.7651,0.1342,3.9616,13.0785,13.0749,0.0036,-9.3418,2115.1577,NA,NA,NA,NA
Endfield.exe,53680,0x125AB2630,DXGI,0,512,0,Composed: Flip,Application,3683172235773,NA,10.25320000000000,8.32330000000000,0.22270000000000,4.47370000000000,19.8317,135.7379,3683172134583,10.3417,10.1190,0.2227,4.1408,10.4519,10.4362,0.0157,NA,0.0000,NA,NA,NA,NA
Endfield.exe,53680,0x125AB2630,DXGI,0,512,0,Composed: Flip,Application,3683172335832,NA,10.00590000000000,8.38540000000000,0.17100000000000,4.13940000000000,18.2112,144.1233,3683172238000,9.9542,9.7832,0.1710,4.2510,9.6716,9.6716,0.0000,NA,0.0000,NA,NA,NA,NA
Endfield.exe,53680,0x125AB2630,DXGI,0,512,0,Composed: Flip,Application,3683172439008,NA,10.31760000000000,9.13080000000000,0.13210000000000,4.45960000000000,17.0244,153.2541,3683172337542,10.2787,10.1466,0.1321,3.9684,10.6378,10.6378,0.0000,NA,0.0000,NA,NA,NA,NA
Endfield.exe,53680,0x125AB2630,DXGI,0,512,0,Composed: Flip,Application,3683172543976,40.7837,10.49680000000000,NA,0.14470000000000,6.82970000000000,NA,NA,3683172440329,10.5094,10.3647,0.1447,4.3275,12.8669,12.8639,0.0030,NA,NA,NA,NA,NA,NA
Endfield.exe,53680,0x125AB2630,DXGI,0,512,0,Composed: Flip,Application,3683172647077,NA,10.31010000000000,15.80760000000000,0.17080000000000,4.10830000000000,12.0251,128.2780,3683172545423,10.3362,10.1654,0.1708,6.6850,7.5887,7.5831,0.0056,NA,0.0000,NA,NA,NA,NA
Endfield.exe,53680,0x125AB2630,DXGI,0,512,0,Composed: Flip,Application,3683172747151,NA,10.00740000000000,17.51980000000000,0.14410000000000,4.27440000000000,19.5375,145.7978,3683172648785,9.9807,9.8366,0.1441,3.9375,10.1735,10.1735,0.0000,NA,0.0000,NA,NA,NA,NA
Endfield.exe,53680,0x125AB2630,DXGI,0,512,0,Composed: Flip,Application,3683172849128,NA,10.19770000000000,7.50120000000000,0.12310000000000,4.65750000000000,16.8410,153.2990,3683172748592,10.1767,10.0536,0.1231,4.1303,10.5808,10.5808,0.0000,NA,0.0000,NA,NA,NA,NA
Endfield.exe,53680,0x125AB2630,DXGI,0,512,0,Composed: Flip,Application,3683172948998,43.8522,9.98700000000000,8.31170000000000,0.17240000000000,3.85840000000000,15.1657,119.2982,3683172850359,10.0363,9.8639,0.1724,4.5344,9.1879,9.1856,0.0023,9.6561,2199.7936,NA,NA,NA,NA
Endfield.exe,53680,0x125AB2630,DXGI,0,512,0,Composed: Flip,Application,3683173051404,NA,10.24060000000000,8.34300000000000,0.18390000000000,3.10280000000000,13.2681,127.6412,3683172950722,10.2521,10.0682,0.1839,3.6860,9.4850,9.4718,0.0132,NA,0.0000,NA,NA,NA,NA
Endfield.exe,53680,0x125AB2630,DXGI,0,512,0,Composed: Flip,Application,3683173151605,NA,10.02010000000000,17.54770000000000,0.20700000000000,4.23790000000000,20.7957,145.1889,3683173053243,10.0432,9.8362,0.2070,2.9189,11.1552,11.1552,0.0000,NA,0.0000,NA,NA,NA,NA
Endfield.exe,53680,0x125AB2630,DXGI,0,512,0,Composed: Flip,Application,3683173254430,NA,10.28250000000000,7.48340000000000,0.12760000000000,4.12440000000000,17.9966,152.6723,3683173153675,10.2031,10.0755,0.1276,4.0309,10.1690,10.1690,0.0000,NA,0.0000,NA,NA,NA,NA
Endfield.exe,53680,0x125AB2630,DXGI,0,512,0,Composed: Flip,Application,3683173364965,40.2546,11.05350000000000,8.28990000000000,0.14180000000000,3.75540000000000,15.2330,120.7076,3683173255706,11.0677,10.9259,0.1418,3.9968,10.6845,10.6818,0.0027,-1.4094,2240.0482,NA,NA,NA,NA
Endfield.exe,53680,0x125AB2630,DXGI,0,512,0,Composed: Flip,Application,3683173468819,NA,10.38540000000000,8.34150000000000,0.17730000000000,2.97910000000000,13.1891,129.0491,3683173366383,10.4209,10.2436,0.1773,3.6136,9.6091,9.5964,0.0127,NA,0.0000,NA,NA,NA,NA
Endfield.exe,53680,0x125AB2630,DXGI,0,512,0,Composed: Flip,Application,3683173569243,NA,10.04240000000000,17.59390000000000,0.15100000000000,4.29810000000000,20.7406,146.6430,3683173470592,10.0161,9.8651,0.1510,2.8018,11.3614,11.3614,0.0000,NA,0.0000,NA,NA,NA,NA
Endfield.exe,53680,0x125AB2630,DXGI,0,512,0,Composed: Flip,Application,3683173673577,NA,10.43340000000000,7.43520000000000,0.15370000000000,4.00540000000000,17.7424,154.0782,3683173570753,10.4361,10.2824,0.1537,4.1471,10.1407,10.1407,0.0000,NA,0.0000,NA,NA,NA,NA
Endfield.exe,53680,0x125AB2630,DXGI,0,512,0,Composed: Flip,Application,3683173780269,40.9559,10.66920000000000,9.15390000000000,0.16050000000000,3.69640000000000,16.2271,122.2762,3683173675114,10.6760,10.5155,0.1605,3.8517,10.3602,10.3580,0.0022,-1.5686,2281.0041,NA,NA,NA,NA
Endfield.exe,53680,0x125AB2630,DXGI,0,512,0,Composed: Flip,Application,3683173882502,NA,10.22330000000000,7.48670000000000,0.20700000000000,4.44630000000000,13.4905,129.7629,3683173781874,10.2698,10.0628,0.2070,3.5359,10.9732,10.9587,0.0145,NA,0.0000,NA,NA,NA,NA
Endfield.exe,53680,0x125AB2630,DXGI,0,512,0,Composed: Flip,Application,3683173987015,NA,10.45130000000000,8.34010000000000,0.15970000000000,2.18490000000000,11.3793,138.1030,3683173884572,10.4040,10.2443,0.1597,4.2393,8.1899,8.1899,0.0000,NA,0.0000,NA,NA,NA,NA
Endfield.exe,53680,0x125AB2630,DXGI,0,512,0,Composed: Flip,Application,3683174088637,NA,10.16220000000000,17.58470000000000,0.14610000000000,4.08950000000000,18.8018,155.6877,3683173988612,10.1486,10.0025,0.1461,2.0252,12.0668,12.0668,0.0000,NA,0.0000,NA,NA,NA,NA
Endfield.exe,53680,0x125AB2630,DXGI,0,512,0,Composed: Flip,Application,3683174192345,41.5979,10.37080000000000,7.41440000000000,0.17770000000000,3.84480000000000,15.8454,121.5042,3683174090098,10.4024,10.2247,0.1777,3.9434,10.1261,10.1237,0.0024,0.7720,2322.6020,NA,NA,NA,NA
Endfield.exe,53680,0x125AB2630,DXGI,0,512,0,Composed: Flip,Application,3683174296803,NA,10.44580000000000,8.32700000000000,0.18560000000000,4.48980000000000,13.7266,129.8312,3683174194122,10.4537,10.2681,0.1856,3.6671,11.0908,11.0760,0.0148,NA,0.0000,NA,NA,NA,NA
Endfield.exe,53680,0x125AB2630,DXGI,0,512,0,Composed: Flip,Application,3683174399736,NA,10.29330000000000,9.20890000000000,0.19200000000000,4.21850000000000,12.6422,139.0401,3683174298659,10.2997,10.1077,0.1920,4.3042,10.0220,10.0220,0.0000,NA,0.0000,NA,NA,NA,NA
Endfield.exe,53680,0x125AB2630,DXGI,0,512,0,Composed: Flip,Application,3683174502688,NA,10.29520000000000,15.81260000000000,0.12290000000000,4.07180000000000,18.1596,154.8527,3683174401656,10.2261,10.1032,0.1229,4.0265,10.1485,10.1485,0.0000,NA,0.0000,NA,NA,NA,NA
Endfield.exe,53680,0x125AB2630,DXGI,0,512,0,Composed: Flip,Application,3683174603031,41.3833,10.03430000000000,8.31330000000000,0.14710000000000,3.82100000000000,16.4386,121.7827,3683174503917,10.0585,9.9114,0.1471,3.9489,9.7835,9.7811,0.0024,-0.2785,2363.9853,NA,NA,NA,NA
Endfield.exe,53680,0x125AB2630,DXGI,0,512,0,Composed: Flip,Application,3683174740085,NA,13.70540000000000,9.20320000000000,0.20680000000000,3.82230000000000,11.9364,130.9859,3683174604502,13.7651,13.5583,0.2068,3.6739,13.7067,13.6928,0.0139,NA,0.0000,NA,NA,NA,NA
Endfield.exe,53680,0x125AB2630,DXGI,0,512,0,Composed: Flip,Application,3683174808200,NA,6.81150000000000,7.48110000000000,0.12980000000000,3.74760000000000,12.6060,138.4670,3683174742153,6.7345,6.6047,0.1298,3.6155,6.7368,6.7368,0.0000,NA,0.0000,NA,NA,NA,NA
Endfield.exe,53680,0x125AB2630,DXGI,0,512,0,Composed: Flip,Application,3683174911895,NA,10.36950000000000,16.65950000000000,0.11620000000000,4.81300000000000,18.8960,155.1265,3683174809498,10.3559,10.2397,0.1162,3.6178,11.4349,11.4349,0.0000,NA,0.0000,NA,NA,NA,NA
Endfield.exe,53680,0x125AB2630,DXGI,0,512,0,Composed: Flip,Application,3683175018178,41.3124,10.62830000000000,9.17010000000000,0.13360000000000,3.85370000000000,17.4378,122.9842,3683174913057,10.6457,10.5121,0.1336,4.6968,9.6690,9.6666,0.0024,-1.2015,2405.2977,NA,53.1732,NA,NA
Endfield.exe,53680,0x125AB2630,DXGI,0,512,0,Composed: Flip,Application,3683175122766,NA,10.45880000000000,7.49870000000000,0.15970000000000,2.53530000000000,14.4777,130.4829,3683175019514,10.4849,10.3252,0.1597,3.7201,9.1404,9.1269,0.0135,NA,0.0000,NA,NA,NA,NA
Endfield.exe,53680,0x125AB2630,DXGI,0,512,0,Composed: Flip,Application,3683175225506,NA,10.27400000000000,8.31650000000000,0.16910000000000,3.21530000000000,12.5202,138.7994,3683175124363,10.2834,10.1143,0.1691,2.3756,10.9540,10.9540,0.0000,NA,0.0000,NA,NA,NA,NA
Endfield.exe,53680,0x125AB2630,DXGI,0,512,0,Composed: Flip,Application,3683175328093,NA,10.25870000000000,9.17960000000000,0.14500000000000,2.85830000000000,11.4411,147.9790,3683175227197,10.2346,10.0896,0.1450,3.0462,9.9017,9.9017,0.0000,NA,0.0000,NA,NA,NA,NA
Endfield.exe,53680,0x125AB2630,DXGI,0,512,0,Composed: Flip,Application,3683175425803,41.0556,9.77100000000000,15.83290000000000,0.19210000000000,3.86030000000000,17.5030,122.0632,3683175329543,9.8181,9.6260,0.1921,2.7133,10.7730,10.7705,0.0025,0.2279,2446.3533,NA,NA,NA,NA
Endfield.exe,53680,0x125AB2630,DXGI,0,512,0,Composed: Flip,Application,3683175530737,NA,10.49340000000000,8.32920000000000,0.19710000000000,4.15470000000000,15.3388,130.3924,3683175427724,10.4984,10.3013,0.1971,3.6682,10.7878,10.7735,0.0143,NA,0.0000,NA,NA,NA,NA
Endfield.exe,53680,0x125AB2630,DXGI,0,512,0,Composed: Flip,Application,3683175633257,NA,10.25200000000000,9.18830000000000,0.16950000000000,3.81610000000000,14.2751,139.5807,3683175532708,10.2244,10.0549,0.1695,3.9576,9.9134,9.9134,0.0000,NA,0.0000,NA,NA,NA,NA
Endfield.exe,53680,0x125AB2630,DXGI,0,512,0,Composed: Flip,Application,3683175737152,NA,10.38950000000000,15.85440000000000,0.15130000000000,3.99800000000000,19.7400,155.4351,3683175634952,10.3713,10.2200,0.1513,3.6466,10.5714,10.5714,0.0000,NA,0.0000,NA,NA,NA,NA
Endfield.exe,53680,0x125AB2630,DXGI,0,512,0,Composed: Flip,Application,3683175829024,42.4428,9.18720000000000,9.14930000000000,0.16630000000000,3.70990000000000,19.7021,122.1416,3683175738665,9.2022,9.0359,0.1663,3.8467,8.8991,8.8965,0.0026,-0.0784,2488.7961,NA,NA,NA,NA
Endfield.exe,53680,0x125AB2630,DXGI,0,512,0,Composed: Flip,Application,3683175930968,NA,10.19440000000000,7.47820000000000,0.18740000000000,2.46240000000000,16.9859,129.6198,3683175830687,10.2155,10.0281,0.1874,3.5436,8.9469,8.9313,0.0156,NA,0.0000,NA,NA,NA,NA
Endfield.exe,53680,0x125AB2630,DXGI,0,512,0,Composed: Flip,Application,3683176033435,NA,10.24670000000000,8.35790000000000,0.21870000000000,4.83720000000000,15.0971,137.9777,3683175932842,10.2780,10.0593,0.2187,2.2750,12.6215,12.6215,0.0000,NA,0.0000,NA,NA,NA,NA
Endfield.exe,53680,0x125AB2630,DXGI,0,512,0,Composed: Flip,Application,3683176137364,NA,10.39290000000000,9.13510000000000,0.13230000000000,3.27340000000000,13.8393,147.1128,3683176035622,10.3065,10.1742,0.1323,4.6185,8.8291,8.8291,0.0000,NA,0.0000,NA,NA,NA,NA
Endfield.exe,53680,0x125AB2630,DXGI,0,512,0,Composed: Flip,Application,3683176237750,39.9061,10.03860000000000,7.52150000000000,0.16590000000000,3.61350000000000,11.3222,114.7282,3683176138687,10.0722,9.9063,0.1659,3.1411,10.3787,10.3761,0.0026,7.4134,2528.7022,NA,NA,NA,NA
Endfield.exe,53680,0x125AB2630,DXGI,0,512,0,Composed: Flip,Application,3683176346316,NA,10.85660000000000,17.50420000000000,0.18120000000000,4.04810000000000,17.9698,132.2324,3683176239409,10.8719,10.6907,0.1812,3.4476,11.2912,11.2759,0.0153,NA,0.0000,NA,NA,NA,NA
Endfield.exe,53680,0x125AB2630,DXGI,0,512,0,Composed: Flip,Application,3683176443437,NA,9.71210000000000,7.48010000000000,0.21360000000000,4.21930000000000,15.7378,139.7125,3683176348128,9.7445,9.5309,0.2136,3.8669,9.8833,9.8833,0.0000,NA,0.0000,NA,NA,NA,NA
Endfield.exe,53680,0x125AB2630,DXGI,0,512,0,Composed: Flip,Application,3683176544467,NA,10.10300000000000,8.32520000000000,0.14770000000000,4.50730000000000,13.9600,148.0377,3683176445573,10.0371,9.8894,0.1477,4.0057,10.3910,10.3910,0.0000,NA,0.0000,NA,NA,NA,NA
Endfield.exe,53680,0x125AB2630,DXGI,0,512,0,Composed: Flip,Application,3683176655524,40.1173,11.10570000000000,17.52270000000000,0.18640000000000,3.94120000000000,20.3770,125.4431,3683176545944,11.1444,10.9580,0.1864,4.3596,10.5396,10.5386,0.0010,-10.7149,2568.8195,NA,NA,NA,NA
Endfield.exe,53680,0x125AB2630,DXGI,0,512,0,Composed: Flip,Application,3683176756458,NA,10.09340000000000,7.47930000000000,0.21010000000000,2.49190000000000,17.7629,132.9224,3683176657388,10.1171,9.9070,0.2101,3.7548,8.6441,8.6307,0.0134,NA,0.0000,NA,NA,NA,NA
Endfield.exe,53680,0x125AB2630,DXGI,0,512,0,Composed: Flip,Application,3683176859089,NA,10.26310000000000,8.31670000000000,0.15980000000000,3.74760000000000,15.8165,141.2391,3683176758559,10.2128,10.0530,0.1598,2.2818,11.5188,11.5188,0.0000,NA,0.0000,NA,NA,NA,NA
Endfield.exe,53680,0x125AB2630,DXGI,0,512,0,Composed: Flip,Application,3683176962257,NA,10.31680000000000,8.33450000000000,0.15750000000000,4.10790000000000,13.8342,149.5736,3683176860687,10.3145,10.1570,0.1575,3.5878,10.6771,10.6771,0.0000,NA,0.0000,NA,NA,NA,NA
Endfield.exe,53680,0x125AB2630,DXGI,0,512,0,Composed: Flip,Application,3683177069584,40.9005,10.73270000000000,8.35590000000000,0.14700000000000,3.73860000000000,11.4574,117.0290,3683176963832,10.7222,10.5752,0.1470,3.9504,10.3634,10.3625,0.0009,8.4141,2609.7200,NA,NA,NA,NA
Endfield.exe,53680,0x125AB2630,DXGI,0,512,0,Composed: Flip,Application,3683177173364,NA,10.37800000000000,16.65750000000000,0.20460000000000,2.52320000000000,17.7369,133.6865,3683177071054,10.4356,10.2310,0.2046,3.5916,9.1626,9.1500,0.0126,NA,0.0000,NA,NA,NA,NA
Endfield.exe,53680,0x125AB2630,DXGI,0,512,0,Composed: Flip,Application,3683177275800,NA,10.24360000000000,9.18910000000000,0.19110000000000,4.76730000000000,16.6824,142.8756,3683177175410,10.2301,10.0390,0.1911,2.3186,12.4877,12.4877,0.0000,NA,0.0000,NA,NA,NA,NA
Endfield.exe,53680,0x125AB2630,DXGI,0,512,0,Composed: Flip,Application,3683177379652,NA,10.38520000000000,7.47240000000000,0.14890000000000,2.99300000000000,13.7696,150.3480,3683177277711,10.3430,10.1941,0.1489,4.5762,8.6109,8.6109,0.0000,NA,0.0000,NA,NA,NA,NA
Endfield.exe,53680,0x125AB2630,DXGI,0,512,0,Composed: Flip,Application,3683177480954,40.8161,10.13020000000000,16.66690000000000,0.13850000000000,5.23140000000000,20.3063,126.1988,3683177381141,10.1198,9.9813,0.1385,2.8441,12.3686,12.3672,0.0014,-9.1698,2650.5361,NA,NA,NA,NA
Endfield.exe,53680,0x125AB2630,DXGI,0,512,0,Composed: Flip,Application,3683177583509,NA,10.25550000000000,9.28630000000000,0.20000000000000,4.16360000000000,19.3371,135.4851,3683177482339,10.3170,10.1170,0.2000,5.0929,9.1877,9.1730,0.0147,NA,0.0000,NA,NA,NA,NA
Endfield.exe,53680,0x125AB2630,DXGI,0,512,0,Composed: Flip,Application,3683177685298,NA,10.17890000000000,7.39470000000000,0.17070000000000,4.25860000000000,16.5529,142.8798,3683177585509,10.1496,9.9789,0.1707,3.9636,10.2739,10.2739,0.0000,NA,0.0000,NA,NA,NA,NA
Endfield.exe,53680,0x125AB2630,DXGI,0,512,0,Composed: Flip,Application,3683177787564,NA,10.22660000000000,8.33040000000000,0.14480000000000,4.73580000000000,14.6567,151.2102,3683177687005,10.2007,10.0559,0.1448,4.0879,10.7038,10.7038,0.0000,NA,0.0000,NA,NA,NA,NA
Endfield.exe,53680,0x125AB2630,DXGI,0,512,0,Composed: Flip,Application,3683177881216,42.0905,9.36520000000000,9.20530000000000,0.15230000000000,2.30770000000000,14.4968,118.3250,3683177789012,9.3727,9.2204,0.1523,4.5910,6.9371,6.9342,0.0029,7.8738,2692.6266,NA,NA,NA,NA
Endfield.exe,53680,0x125AB2630,DXGI,0,512,0,Composed: Flip,Application,3683177983837,NA,10.26210000000000,7.44830000000000,0.14820000000000,2.52180000000000,11.6830,125.7733,3683177882739,10.2580,10.1098,0.1482,2.1554,10.4762,10.4626,0.0136,NA,0.0000,NA,NA,NA,NA
Endfield.exe,53680,0x125AB2630,DXGI,0,512,0,Composed: Flip,Application,3683178086924,NA,10.30870000000000,16.67940000000000,0.15250000000000,2.82490000000000,18.0537,142.4527,3683177985319,10.3130,10.1605,0.1525,2.3736,10.6118,10.6118,0.0000,NA,0.0000,NA,NA,NA,NA
Endfield.exe,53680,0x125AB2630,DXGI,0,512,0,Composed: Flip,Application,3683178190065,NA,10.31410000000000,9.19890000000000,0.15670000000000,4.42950000000000,16.9385,151.6516,3683178088449,10.3183,10.1616,0.1567,2.6724,11.9187,11.9187,0.0000,NA,0.0000,NA,NA,NA,NA
Endfield.exe,53680,0x125AB2630,DXGI,0,512,0,Composed: Flip,Application,3683178293931,40.3365,10.38660000000000,7.46710000000000,0.14870000000000,3.77900000000000,14.0190,120.6869,3683178191632,10.3786,10.2299,0.1487,4.2728,9.7361,9.7337,0.0024,-0.4572,2732.9631,NA,NA,NA,NA
Endfield.exe,53680,0x125AB2630,DXGI,0,512,0,Composed: Flip,Application,3683178397457,NA,10.35260000000000,8.34410000000000,0.16540000000000,3.93290000000000,12.0105,129.0310,3683178295418,10.3693,10.2039,0.1654,3.6303,10.5065,10.4926,0.0139,NA,0.0000,NA,NA,NA,NA
Endfield.exe,53680,0x125AB2630,DXGI,0,512,0,Composed: Flip,Application,3683178499094,NA,10.16370000000000,17.50940000000000,0.17930000000000,4.46930000000000,19.3562,146.5404,3683178399111,10.1776,9.9983,0.1793,3.7675,10.7001,10.7001,0.0000,NA,0.0000,NA,NA,NA,NA
Endfield.exe,53680,0x125AB2630,DXGI,0,512,0,Composed: Flip,Application,3683178602544,NA,10.34500000000000,7.45880000000000,0.14690000000000,4.22620000000000,16.4700,153.9992,3683178500887,10.3126,10.1657,0.1469,4.2900,10.1019,10.1019,0.0000,NA,0.0000,NA,NA,NA,NA
Endfield.exe,53680,0x125AB2630,DXGI,0,512,0,Composed: Flip,Application,3683178697913,40.9920,9.53690000000000,8.32740000000000,0.25120000000000,3.64050000000000,15.2605,121.3346,3683178604013,9.6412,9.3900,0.2512,4.0793,8.9512,8.9488,0.0024,-0.6477,2773.9551,NA,NA,NA,NA
Endfield.exe,53680,0x125AB2630,DXGI,0,512,0,Composed: Flip,Application,3683178803456,NA,10.55430000000000,9.20130000000000,0.54530000000000,2.70650000000000,13.9075,130.5359,3683178700425,10.8484,10.3031,0.5453,3.3893,9.6203,9.6024,0.0179,NA,0.0000,NA,NA,NA,NA
Endfield.exe,53680,0x125AB2630,DXGI,0,512,0,Composed: Flip,Application,3683178902508,NA,9.90520000000000,15.82490000000000,0.32800000000000,4.18030000000000,19.8272,146.3608,3683178808909,9.6879,9.3599,0.3280,2.1612,11.3790,11.3790,0.0000,NA,0.0000,NA,NA,NA,NA
Endfield.exe,53680,0x125AB2630,DXGI,0,512,0,Composed: Flip,Application,3683179008147,NA,10.56390000000000,8.34590000000000,0.14980000000000,3.93430000000000,17.6092,154.7067,3683178905788,10.3857,10.2359,0.1498,3.8523,10.3179,10.3179,0.0000,NA,0.0000,NA,NA,NA,NA
Endfield.exe,53680,0x125AB2630,DXGI,0,512,0,Composed: Flip,Application,3683179110547,41.0785,10.24000000000000,9.18550000000000,0.15870000000000,3.63610000000000,16.5547,122.8137,3683179009645,10.2489,10.0902,0.1587,3.7845,9.9418,9.9390,0.0028,-1.4791,2815.0336,NA,30.5209,NA,NA
Endfield.exe,53680,0x125AB2630,DXGI,0,512,0,Composed: Flip,Application,3683179213553,NA,10.30060000000000,7.47030000000000,0.21730000000000,4.35300000000000,13.7244,130.2840,3683179112134,10.3592,10.1419,0.2173,3.4774,11.0175,11.0001,0.0174,NA,0.0000,NA,NA,NA,NA
Endfield.exe,53680,0x125AB2630,DXGI,0,512,0,Composed: Flip,Application,3683179316105,NA,10.25520000000000,8.35130000000000,0.15910000000000,2.29180000000000,11.8205,138.6353,3683179215726,10.1970,10.0379,0.1591,4.1357,8.1940,8.1940,0.0000,NA,0.0000,NA,NA,NA,NA
Endfield.exe,53680,0x125AB2630,DXGI,0,512,0,Composed: Flip,Application,3683179418607,NA,10.25020000000000,17.52300000000000,0.14130000000000,4.10130000000000,19.0933,156.1583,3683179317696,10.2324,10.0911,0.1413,2.1327,12.0597,12.0597,0.0000,NA,0.0000,NA,NA,NA,NA
Endfield.exe,53680,0x125AB2630,DXGI,0,512,0,Composed: Flip,Application,3683179517581,40.7477,9.89740000000000,7.45100000000000,0.15990000000000,3.70810000000000,16.6469,122.8616,3683179420020,9.9160,9.7561,0.1599,3.9600,9.5042,9.5015,0.0027,-0.0479,2855.7813,NA,NA,NA,NA
Endfield.exe,53680,0x125AB2630,DXGI,0,512,0,Composed: Flip,Application,3683179618600,NA,10.10190000000000,9.22050000000000,0.21870000000000,4.18930000000000,15.7655,132.0821,3683179519180,10.1607,9.9420,0.2187,3.5482,10.5831,10.5680,0.0151,NA,0.0000,NA,NA,NA,NA
Endfield.exe,53680,0x125AB2630,DXGI,0,512,0,Composed: Flip,Application,3683179720019,NA,10.14190000000000,7.46580000000000,0.17750000000000,2.33860000000000,13.0894,139.5479,3683179620787,10.1007,9.9232,0.1775,3.9706,8.2912,8.2912,0.0000,NA,0.0000,NA,NA,NA,NA
Endfield.exe,53680,0x125AB2630,DXGI,0,512,0,Composed: Flip,Application,3683179821660,NA,10.16410000000000,8.30730000000000,0.14620000000000,3.64870000000000,11.2326,147.8552,3683179721794,10.1328,9.9866,0.1462,2.1611,11.4742,11.4742,0.0000,NA,0.0000,NA,NA,NA,NA
Endfield.exe,53680,0x125AB2630,DXGI,0,512,0,Composed: Flip,Application,3683179931366,41.4136,10.97060000000000,17.55450000000000,0.14480000000000,3.82090000000000,17.8165,123.9961,3683179823122,10.9692,10.8244,0.1448,3.5025,11.1428,11.1406,0.0022,-1.1345,2897.1949,NA,NA,NA,NA
Endfield.exe,53680,0x125AB2630,DXGI,0,512,0,Composed: Flip,Application,3683180033638,NA,10.22720000000000,7.46150000000000,0.24660000000000,4.42980000000000,15.0508,131.4576,3683179932814,10.3290,10.0824,0.2466,3.6761,10.8361,10.8247,0.0114,NA,0.0000,NA,NA,NA,NA
Endfield.exe,53680,0x125AB2630,DXGI,0,512,0,Composed: Flip,Application,3683180134171,NA,10.05330000000000,8.33050000000000,0.14600000000000,3.68800000000000,13.3280,139.7881,3683180036104,9.9527,9.8067,0.1460,4.1832,9.3115,9.3115,0.0000,NA,0.0000,NA,NA,NA,NA
Endfield.exe,53680,0x125AB2630,DXGI,0,512,0,Composed: Flip,Application,3683180237557,NA,10.33860000000000,9.20440000000000,0.13470000000000,3.52450000000000,12.1938,148.9925,3683180135631,10.3273,10.1926,0.1347,3.5420,10.1751,10.1751,0.0000,NA,0.0000,NA,NA,NA,NA
Endfield.exe,53680,0x125AB2630,DXGI,0,512,0,Composed: Flip,Application,3683180331172,40.4994,9.36150000000000,15.80180000000000,0.17230000000000,3.84200000000000,18.6341,124.4555,3683180238904,9.3991,9.2268,0.1723,3.3898,9.6790,9.6759,0.0031,-0.2988,2937.6943,NA,NA,NA,NA
Endfield.exe,53680,0x125AB2630,DXGI,0,512,0,Composed: Flip,Application,3683180433252,NA,10.20800000000000,8.31900000000000,0.19500000000000,4.23980000000000,16.7451,132.7745,3683180332895,10.2307,10.0357,0.1950,3.6697,10.6058,10.5905,0.0153,NA,0.0000,NA,NA,NA,NA
Endfield.exe,53680,0x125AB2630,DXGI,0,512,0,Composed: Flip,Application,3683180535766,NA,10.25140000000000,9.21530000000000,0.22680000000000,4.73070000000000,15.7090,141.9898,3683180435202,10.2832,10.0564,0.2268,4.0448,10.7423,10.7423,0.0000,NA,0.0000,NA,NA,NA,NA
Endfield.exe,53680,0x125AB2630,DXGI,0,512,0,Composed: Flip,Application,3683180638053,NA,10.22870000000000,7.46740000000000,0.14420000000000,2.16320000000000,12.9477,149.4572,3683180538034,10.1461,10.0019,0.1442,4.5039,7.6612,7.6612,0.0000,NA,0.0000,NA,NA,NA,NA
Endfield.exe,53680,0x125AB2630,DXGI,0,512,0,Composed: Flip,Application,3683180738964,41.4312,10.09110000000000,8.32780000000000,0.13580000000000,3.75360000000000,11.1844,116.3538,3683180639495,10.0827,9.9469,0.1358,2.0190,11.6815,11.6802,0.0013,8.1017,2979.1255,NA,21.9639,NA,NA
Endfield.exe,53680,0x125AB2630,DXGI,0,512,0,Composed: Flip,Application,3683180841529,NA,10.25650000000000,17.54110000000000,0.16880000000000,3.14520000000000,18.4690,133.8949,3683180740322,10.2895,10.1207,0.1688,3.6178,9.6481,9.6337,0.0144,NA,0.0000,NA,NA,NA,NA
Endfield.exe,53680,0x125AB2630,DXGI,0,512,0,Composed: Flip,Application,3683180941783,NA,10.02540000000000,7.46260000000000,0.15270000000000,4.42560000000000,15.9062,141.3575,3683180843217,10.0093,9.8566,0.1527,2.9764,11.3058,11.3058,0.0000,NA,0.0000,NA,NA,NA,NA
Endfield.exe,53680,0x125AB2630,DXGI,0,512,0,Composed: Flip,Application,3683181044174,NA,10.23910000000000,8.32840000000000,0.14980000000000,4.52310000000000,13.9955,149.6859,3683180943310,10.2362,10.0864,0.1498,4.2729,10.3366,10.3366,0.0000,NA,0.0000,NA,NA,NA,NA
Endfield.exe,53680,0x125AB2630,DXGI,0,512,0,Composed: Flip,Application,3683181164578,40.5486,12.04040000000000,8.31530000000000,0.16340000000000,3.66280000000000,10.2704,115.3769,3683181045672,12.0540,11.8906,0.1634,4.3733,11.1801,11.1787,0.0014,-1.0988,3019.6741,NA,20.5990,NA,NA
Endfield.exe,53680,0x125AB2630,DXGI,0,512,0,Composed: Flip,Application,3683181316770,NA,15.21920000000000,17.54450000000000,0.66050000000000,2.42290000000000,12.5957,132.9214,3683181166212,15.7163,15.0558,0.6605,3.4994,13.9793,13.9671,0.0122,NA,0.0000,NA,NA,NA,NA
Endfield.exe,53680,0x125AB2630,DXGI,0,512,0,Composed: Flip,Application,3683181368336,NA,5.15660000000000,7.45090000000000,0.19940000000000,2.24190000000000,14.8900,140.3723,3683181323375,4.6955,4.4961,0.1994,1.7624,4.9756,4.9756,0.0000,NA,0.0000,NA,NA,NA,NA
Endfield.exe,53680,0x125AB2630,DXGI,0,512,0,Composed: Flip,Application,3683181471996,NA,10.36600000000000,9.20880000000000,0.14330000000000,3.18180000000000,13.7328,149.5811,3683181370330,10.3099,10.1666,0.1433,2.0425,11.3059,11.3059,0.0000,NA,0.0000,NA,NA,NA,NA
Endfield.exe,53680,0x125AB2630,DXGI,0,512,0,Composed: Flip,Application,3683181572479,39.6193,10.04830000000000,7.46700000000000,0.45560000000000,2.68680000000000,11.1515,117.4288,3683181473429,10.3606,9.9050,0.4556,3.0385,9.5533,9.5507,0.0026,-2.0519,3059.2934,NA,18.2780,NA,NA
Endfield.exe,53680,0x125AB2630,DXGI,0,512,0,Composed: Flip,Application,3683181665512,NA,9.30330000000000,16.67680000000000,0.16590000000000,4.14340000000000,18.5250,134.1056,3683181577035,9.0136,8.8477,0.1659,2.2312,10.7599,10.7489,0.0110,NA,0.0000,NA,NA,NA,NA
Endfield.exe,53680,0x125AB2630,DXGI,0,512,0,Composed: Flip,Application,3683181766393,NA,10.08810000000000,8.33570000000000,0.16070000000000,4.10750000000000,16.7726,142.4413,3683181667171,10.0829,9.9222,0.1607,3.9775,10.0522,10.0522,0.0000,NA,0.0000,NA,NA,NA,NA
Endfield.exe,53680,0x125AB2630,DXGI,0,512,0,Composed: Flip,Application,3683181868316,NA,10.19230000000000,8.33170000000000,0.15590000000000,4.61760000000000,14.9120,150.7730,3683181768000,10.1875,10.0316,0.1559,3.9468,10.7024,10.7024,0.0000,NA,0.0000,NA,NA,NA,NA
Endfield.exe,53680,0x125AB2630,DXGI,0,512,0,Composed: Flip,Application,3683181976827,45.8174,10.85110000000000,8.35080000000000,0.17370000000000,3.77170000000000,12.4117,113.3064,3683181869875,10.8689,10.6952,0.1737,4.4617,10.0052,10.0030,0.0022,4.1224,3105.1108,NA,NA,NA,NA
Endfield.exe,53680,0x125AB2630,DXGI,0,512,0,Composed: Flip,Application,3683182082259,NA,10.54320000000000,16.64260000000000,0.26810000000000,4.30460000000000,18.5111,129.9490,3683181978564,10.6376,10.3695,0.2681,3.5980,11.0761,11.0631,0.0130,NA,0.0000,NA,NA,NA,NA
Endfield.exe,53680,0x125AB2630,DXGI,0,512,0,Composed: Flip,Application,3683182182354,NA,10.00950000000000,8.34120000000000,0.24500000000000,4.16260000000000,16.8428,138.2902,3683182084940,9.9864,9.7414,0.2450,4.0365,9.8675,9.8675,0.0000,NA,0.0000,NA,NA,NA,NA
Endfield.exe,53680,0x125AB2630,DXGI,0,512,0,Composed: Flip,Application,3683182285506,NA,10.31520000000000,9.20090000000000,0.17420000000000,3.24930000000000,15.7285,147.4911,3683182184804,10.2444,10.0702,0.1742,3.9176,9.4019,9.4019,0.0000,NA,0.0000,NA,NA,NA,NA
Endfield.exe,53680,0x125AB2630,DXGI,0,512,0,Composed: Flip,Application,3683182386789,37.7875,10.12830000000000,7.45620000000000,0.18830000000000,3.65910000000000,13.0564,117.1598,3683182287248,10.1424,9.9541,0.1883,3.0751,10.5381,10.5357,0.0024,-3.8534,3142.8983,NA,26.5702,NA,NA
Endfield.exe,53680,0x125AB2630,DXGI,0,512,0,Composed: Flip,Application,3683182488744,NA,10.19550000000000,16.67010000000000,0.20710000000000,4.46170000000000,19.5310,133.8299,3683182388672,10.2143,10.0072,0.2071,3.4708,10.9981,10.9847,0.0134,NA,0.0000,NA,NA,NA,NA
Endfield.exe,53680,0x125AB2630,DXGI,0,512,0,Composed: Flip,Application,3683182589618,NA,10.08740000000000,9.21190000000000,0.14660000000000,4.20260000000000,18.6555,143.0418,3683182490815,10.0269,9.8803,0.1466,4.2546,9.8283,9.8283,0.0000,NA,0.0000,NA,NA,NA,NA
Endfield.exe,53680,0x125AB2630,DXGI,0,512,0,Composed: Flip,Application,3683182692149,NA,10.25310000000000,7.44330000000000,0.12830000000000,4.52350000000000,15.8457,150.4851,3683182591084,10.2348,10.1065,0.1283,4.0560,10.5740,10.5740,0.0000,NA,0.0000,NA,NA,NA,NA
Endfield.exe,53680,0x125AB2630,DXGI,0,512,0,Composed: Flip,Application,3683182784606,39.7724,9.24570000000000,8.32180000000000,0.16050000000000,3.74390000000000,14.9218,117.1352,3683182693432,9.2779,9.1174,0.1605,4.3952,8.4661,8.4636,0.0025,-1.8747,3182.6707,NA,NA,NA,NA
Endfield.exe,53680,0x125AB2630,DXGI,0,512,0,Composed: Flip,Application,3683182911270,NA,12.66640000000000,16.68280000000000,0.25630000000000,4.36860000000000,18.9382,133.8180,3683182786211,12.7622,12.5059,0.2563,3.5834,13.2911,13.2784,0.0127,NA,0.0000,NA,NA,NA,NA
Endfield.exe,53680,0x125AB2630,DXGI,0,512,0,Composed: Flip,Application,3683182989333,NA,7.80630000000000,8.33450000000000,0.14070000000000,4.35590000000000,19.4664,142.1525,3683182913833,7.6907,7.5500,0.1407,4.1123,7.7936,7.7936,0.0000,NA,0.0000,NA,NA,NA,NA
Endfield.exe,53680,0x125AB2630,DXGI,0,512,0,Composed: Flip,Application,3683183091093,NA,10.17600000000000,8.34250000000000,0.12720000000000,2.06240000000000,17.6329,150.4950,3683182990740,10.1625,10.0353,0.1272,4.2152,7.8825,7.8825,0.0000,NA,0.0000,NA,NA,NA,NA
Endfield.exe,53680,0x125AB2630,DXGI,0,512,0,Composed: Flip,Application,3683183204729,43.2353,11.36360000000000,8.34610000000000,0.15420000000000,3.91870000000000,14.6154,115.6058,3683183092365,11.3906,11.2364,0.1542,1.9352,13.2199,13.2167,0.0032,1.5294,3225.9060,NA,34.9433,NA,NA
Endfield.exe,53680,0x125AB2630,DXGI,0,512,0,Composed: Flip,Application,3683183308362,NA,10.36330000000000,9.18300000000000,0.16680000000000,2.76060000000000,13.4351,124.7888,3683183206271,10.3759,10.2091,0.1668,3.7645,9.2052,9.1934,0.0118,NA,0.0000,NA,NA,NA,NA
Endfield.exe,53680,0x125AB2630,DXGI,0,512,0,Composed: Flip,Application,3683183408373,NA,10.00110000000000,15.79760000000000,0.13470000000000,4.22750000000000,19.2316,140.5864,3683183310030,9.9690,9.8343,0.1347,2.5938,11.4680,11.4680,0.0000,NA,0.0000,NA,NA,NA,NA
Endfield.exe,53680,0x125AB2630,DXGI,0,512,0,Composed: Flip,Application,3683183513426,NA,10.50530000000000,8.33910000000000,0.15330000000000,3.94020000000000,17.0654,148.9255,3683183409720,10.5239,10.3706,0.1533,4.0928,10.2180,10.2180,0.0000,NA,0.0000,NA,NA,NA,NA
Endfield.exe,53680,0x125AB2630,DXGI,0,512,0,Composed: Flip,Application,3683183607503,38.6324,9.40770000000000,8.33040000000000,0.13340000000000,3.82870000000000,15.9881,118.6235,3683183514959,9.3878,9.2544,0.1334,3.7869,9.2962,9.2935,0.0027,-3.0177,3264.5384,NA,25.6135,NA,NA
Endfield.exe,53680,0x125AB2630,DXGI,0,512,0,Composed: Flip,Application,3683183710507,NA,10.30040000000000,NA,0.19820000000000,4.88710000000000,NA,NA,3683183608837,10.3652,10.1670,0.1982,3.6953,11.3588,11.3467,0.0121,NA,NA,NA,NA,NA,NA
Endfield.exe,53680,0x125AB2630,DXGI,0,512,0,Composed: Flip,Application,3683183811629,NA,10.11220000000000,16.69940000000000,0.15770000000000,4.16890000000000,12.2749,135.3229,3683183712489,10.0717,9.9140,0.1577,4.6889,9.3940,9.3940,0.0000,NA,0.0000,NA,NA,NA,NA
Endfield.exe,53680,0x125AB2630,DXGI,0,512,0,Composed: Flip,Application,3683183929984,NA,11.83550000000000,16.64310000000000,0.12500000000000,2.42270000000000,17.0825,151.9660,3683183813206,11.8028,11.6778,0.1250,4.0112,10.0893,10.0893,0.0000,NA,0.0000,NA,NA,NA,NA
Endfield.exe,53680,0x125AB2630,DXGI,0,512,0,Composed: Flip,Application,3683184021827,44.4347,9.18430000000000,8.31000000000000,0.13440000000000,3.76240000000000,16.2082,115.8413,3683183931234,9.1937,9.0593,0.1344,2.2977,10.5240,10.5211,0.0029,2.7822,3308.9731,NA,22.2599,NA,NA
Endfield.exe,53680,0x125AB2630,DXGI,0,512,0,Composed: Flip,Application,3683184124309,NA,10.24820000000000,8.37400000000000,0.20590000000000,4.45280000000000,14.3340,124.2153,3683184023171,10.3197,10.1138,0.2059,3.6280,10.9386,10.9250,0.0136,NA,0.0000,NA,NA,NA,NA
Endfield.exe,53680,0x125AB2630,DXGI,0,512,0,Composed: Flip,Application,3683184225373,NA,10.10640000000000,8.30790000000000,0.14170000000000,2.72240000000000,12.5355,132.5232,3683184126368,10.0422,9.9005,0.1417,4.2469,8.3760,8.3760,0.0000,NA,0.0000,NA,NA,NA,NA
Endfield.exe,53680,0x125AB2630,DXGI,0,512,0,Composed: Flip,Application,3683184328711,NA,10.33380000000000,17.54780000000000,0.19330000000000,4.10660000000000,19.7495,150.0710,3683184226790,10.3854,10.1921,0.1933,2.5807,11.7180,11.7180,0.0000,NA,0.0000,NA,NA,NA,NA
Endfield.exe,53680,0x125AB2630,DXGI,0,512,0,Composed: Flip,Application,3683184433092,38.2257,10.43810000000000,15.79260000000000,0.14480000000000,3.78230000000000,25.1040,127.6379,3683184330644,10.3896,10.2448,0.1448,3.9133,10.1138,10.1115,0.0023,-11.7966,3347.1988,NA,28.2932,NA,NA
Endfield.exe,53680,0x125AB2630,DXGI,0,512,0,Composed: Flip,Application,3683184536713,NA,10.36210000000000,0.89190000000000,0.23840000000000,4.22930000000000,15.6338,128.5298,3683184434540,10.4557,10.2173,0.2384,3.6375,10.8091,10.7948,0.0143,NA,0.0000,NA,NA,NA,NA
Endfield.exe,53680,0x125AB2630,DXGI,0,512,0,Composed: Flip,Application,3683184638665,NA,10.19520000000000,7.43530000000000,0.16230000000000,2.26780000000000,12.8739,135.9651,3683184539097,10.1191,9.9568,0.1623,3.9909,8.2337,8.2337,0.0000,NA,0.0000,NA,NA,NA,NA
Endfield.exe,53680,0x125AB2630,DXGI,0,512,0,Composed: Flip,Application,3683184741721,NA,10.30560000000000,9.21550000000000,0.14670000000000,3.63030000000000,11.7838,145.1806,3683184640288,10.2900,10.1433,0.1467,2.1055,11.6681,11.6681,0.0000,NA,0.0000,NA,NA,NA,NA
Endfield.exe,53680,0x125AB2630,DXGI,0,512,0,Composed: Flip,Application,3683184836764,41.7957,9.50430000000000,15.78350000000000,0.15520000000000,3.85810000000000,18.0630,119.1684,3683184743188,9.5128,9.3576,0.1552,3.4836,9.7321,9.7287,0.0034,8.4695,3388.9945,NA,25.6067,NA,NA
Endfield.exe,53680,0x125AB2630,DXGI,0,512,0,Composed: Flip,Application,3683184939886,NA,10.31220000000000,9.20550000000000,0.16510000000000,4.33260000000000,16.9563,128.3739,3683184838316,10.3221,10.1570,0.1651,3.7029,10.7867,10.7733,0.0134,NA,0.0000,NA,NA,NA,NA
Endfield.exe,53680,0x125AB2630,DXGI,0,512,0,Composed: Flip,Application,3683185040761,NA,10.08750000000000,7.45810000000000,0.15590000000000,3.68850000000000,14.3269,135.8320,3683184941537,10.0783,9.9224,0.1559,4.1675,9.4434,9.4434,0.0000,NA,0.0000,NA,NA,NA,NA
Endfield.exe,53680,0x125AB2630,DXGI,0,512,0,Composed: Flip,Application,3683185142823,NA,10.20620000000000,8.32530000000000,0.12570000000000,2.71790000000000,12.4460,144.1573,3683185042320,10.1760,10.0503,0.1257,3.5326,9.2356,9.2356,0.0000,NA,0.0000,NA,NA,NA,NA
Endfield.exe,53680,0x125AB2630,DXGI,0,512,0,Composed: Flip,Application,3683185245073,41.1398,10.22500000000000,16.70780000000000,0.16080000000000,3.84510000000000,18.9288,120.0273,3683185144080,10.2601,10.0993,0.1608,2.5922,11.3522,11.3514,0.0008,-0.5569,3430.1343,NA,23.3117,NA,NA
Endfield.exe,53680,0x125AB2630,DXGI,0,512,0,Composed: Flip,Application,3683185348442,NA,10.33690000000000,8.30010000000000,0.16760000000000,4.16210000000000,16.8920,128.3274,3683185246681,10.3437,10.1761,0.1676,3.6843,10.6539,10.6382,0.0157,NA,0.0000,NA,NA,NA,NA
Endfield.exe,53680,0x125AB2630,DXGI,0,512,0,Composed: Flip,Application,3683185450629,NA,10.21870000000000,8.33080000000000,0.18620000000000,4.15790000000000,15.0041,136.6582,3683185350118,10.2373,10.0511,0.1862,3.9945,10.2145,10.2145,0.0000,NA,0.0000,NA,NA,NA,NA
Endfield.exe,53680,0x125AB2630,DXGI,0,512,0,Composed: Flip,Application,3683185552457,NA,10.18280000000000,9.21680000000000,0.16880000000000,3.25510000000000,14.0381,145.8750,3683185452491,10.1654,9.9966,0.1688,3.9717,9.2800,9.2800,0.0000,NA,0.0000,NA,NA,NA,NA
Endfield.exe,53680,0x125AB2630,DXGI,0,512,0,Composed: Flip,Application,3683185653572,40.1545,10.11150000000000,7.48230000000000,0.14220000000000,3.66110000000000,11.4089,113.2028,3683185554145,10.0849,9.9427,0.1422,3.0863,10.5175,10.5153,0.0022,6.8245,3470.2888,NA,16.6387,NA,NA
Endfield.exe,53680,0x125AB2630,DXGI,0,512,0,Composed: Flip,Application,3683185755108,NA,10.15360000000000,17.53030000000000,0.18770000000000,2.34900000000000,18.7856,130.7331,3683185654994,10.1991,10.0114,0.1877,3.5189,8.8415,8.8288,0.0127,NA,0.0000,NA,NA,NA,NA
Endfield.exe,53680,0x125AB2630,DXGI,0,512,0,Composed: Flip,Application,3683185855398,NA,10.02900000000000,7.44500000000000,0.14330000000000,4.33150000000000,16.2016,138.1781,3683185756985,9.9846,9.8413,0.1433,2.1613,12.0115,12.0115,0.0000,NA,0.0000,NA,NA,NA,NA
Endfield.exe,53680,0x125AB2630,DXGI,0,512,0,Composed: Flip,Application,3683185959078,NA,10.36800000000000,8.33540000000000,0.15740000000000,2.73160000000000,14.1690,146.5135,3683185856831,10.3821,10.2247,0.1574,4.1882,8.7681,8.7681,0.0000,NA,0.0000,NA,NA,NA,NA
Endfield.exe,53680,0x125AB2630,DXGI,0,512,0,Composed: Flip,Application,3683186070680,40.1750,11.16020000000000,8.33390000000000,0.18450000000000,3.16220000000000,11.3427,114.6724,3683185960652,11.1873,11.0028,0.1845,2.5742,11.5908,11.5884,0.0024,-1.4696,3510.4638,NA,18.2743,NA,NA
Endfield.exe,53680,0x125AB2630,DXGI,0,512,0,Composed: Flip,Application,3683186166915,NA,9.62350000000000,9.20430000000000,0.14530000000000,2.64440000000000,10.9235,123.8767,3683186072525,9.5843,9.4390,0.1453,2.9777,9.1057,9.0928,0.0129,NA,0.0000,NA,NA,NA,NA
Endfield.exe,53680,0x125AB2630,DXGI,0,512,0,Composed: Flip,Application,3683186269253,NA,10.23380000000000,15.79470000000000,0.16130000000000,4.21090000000000,16.4844,139.6714,3683186168368,10.2498,10.0885,0.1613,2.4991,11.8003,11.8003,0.0000,NA,0.0000,NA,NA,NA,NA
Endfield.exe,53680,0x125AB2630,DXGI,0,512,0,Composed: Flip,Application,3683186372518,NA,10.32650000000000,9.22330000000000,0.15190000000000,4.76460000000000,15.3812,148.8947,3683186270866,10.3171,10.1652,0.1519,4.0496,10.8802,10.8802,0.0000,NA,0.0000,NA,NA,NA,NA
Endfield.exe,53680,0x125AB2630,DXGI,0,512,0,Composed: Flip,Application,3683186473696,41.0231,10.11780000000000,7.42620000000000,0.16520000000000,3.65490000000000,12.6896,115.2978,3683186374037,10.1311,9.9659,0.1652,4.6127,9.0081,9.0046,0.0035,-0.6254,3551.4869,NA,17.9314,NA,NA
Endfield.exe,53680,0x125AB2630,DXGI,0,512,0,Composed: Flip,Application,3683186576994,NA,10.32980000000000,16.68470000000000,0.16700000000000,4.12060000000000,19.0445,131.9825,3683186475348,10.3316,10.1646,0.1670,3.4897,10.7955,10.7793,0.0162,NA,0.0000,NA,NA,NA,NA
Endfield.exe,53680,0x125AB2630,DXGI,0,512,0,Composed: Flip,Application,3683186676346,NA,9.93520000000000,8.32320000000000,0.16120000000000,4.27130000000000,17.4325,140.3057,3683186578664,9.9294,9.7682,0.1612,3.9536,10.0859,10.0859,0.0000,NA,0.0000,NA,NA,NA,NA
Endfield.exe,53680,0x125AB2630,DXGI,0,512,0,Composed: Flip,Application,3683186779197,NA,10.28510000000000,8.34330000000000,0.17640000000000,3.67430000000000,15.4907,148.6490,3683186677958,10.3003,10.1239,0.1764,4.1101,9.6881,9.6881,0.0000,NA,0.0000,NA,NA,NA,NA
Endfield.exe,53680,0x125AB2630,DXGI,0,512,0,Composed: Flip,Application,3683186884728,40.7258,10.55310000000000,8.33320000000000,0.16890000000000,2.31290000000000,13.2708,114.6471,3683186780961,10.5456,10.3767,0.1689,3.4979,9.1917,9.1891,0.0026,-0.9586,3592.2127,NA,15.6131,NA,NA
Endfield.exe,53680,0x125AB2630,DXGI,0,512,0,Composed: Flip,Application,3683186985569,NA,10.08410000000000,8.33410000000000,0.15890000000000,3.31180000000000,11.5208,122.9812,3683186886417,10.0741,9.9152,0.1589,2.1440,11.0830,11.0674,0.0156,NA,0.0000,NA,20.9449,NA,NA
Endfield.exe,53680,0x125AB2630,DXGI,0,512,0,Composed: Flip,Application,3683187088279,NA,10.27100000000000,16.65800000000000,0.15140000000000,4.11510000000000,17.9078,139.6392,3683186987158,10.2635,10.1121,0.1514,3.1529,11.0743,11.0743,0.0000,NA,0.0000,NA,NA,NA,NA
Endfield.exe,53680,0x125AB2630,DXGI,0,512,0,Composed: Flip,Application,3683187191693,NA,10.34140000000000,8.33270000000000,0.15460000000000,4.09510000000000,15.8991,147.9719,3683187089793,10.3446,10.1900,0.1546,3.9637,10.3214,10.3214,0.0000,NA,0.0000,NA,NA,NA,NA
Endfield.exe,53680,0x125AB2630,DXGI,0,512,0,Composed: Flip,Application,3683187306690,41.1758,11.49970000000000,8.32780000000000,0.18660000000000,3.77040000000000,12.7272,115.1239,3683187193239,11.5317,11.3451,0.1866,3.9405,11.1750,11.1727,0.0023,-0.4768,3633.3885,NA,18.2544,NA,NA
Endfield.exe,53680,0x125AB2630,DXGI,0,512,0,Composed: Flip,Application,3683187410946,NA,10.42560000000000,8.34130000000000,0.26960000000000,2.39200000000000,10.6429,123.4652,3683187308556,10.5086,10.2390,0.2696,3.5838,9.0472,9.0347,0.0125,NA,0.0000,NA,NA,NA,NA
Endfield.exe,53680,0x125AB2630,DXGI,0,512,0,Composed: Flip,Application,3683187511664,NA,10.07180000000000,17.57080000000000,0.15780000000000,4.07570000000000,18.1419,141.0360,3683187413642,9.9600,9.8022,0.1578,2.1224,11.7555,11.7555,0.0000,NA,0.0000,NA,NA,NA,NA
Endfield.exe,53680,0x125AB2630,DXGI,0,512,0,Composed: Flip,Application,3683187613763,NA,10.20990000000000,7.43460000000000,0.13910000000000,4.24270000000000,15.3666,148.4706,3683187513242,10.1912,10.0521,0.1391,3.9179,10.3769,10.3769,0.0000,NA,0.0000,NA,NA,NA,NA
Endfield.exe,53680,0x125AB2630,DXGI,0,512,0,Composed: Flip,Application,3683187720105,46.3515,10.63420000000000,8.34630000000000,0.19110000000000,4.15170000000000,13.0787,110.4654,3683187615154,10.6862,10.4951,0.1911,4.1036,10.5432,10.5411,0.0021,4.6585,3679.7400,NA,18.4762,NA,NA
Endfield.exe,53680,0x125AB2630,DXGI,0,512,0,Composed: Flip,Application,3683187825011,NA,10.49060000000000,9.20330000000000,0.23360000000000,2.61780000000000,11.7914,119.6687,3683187722016,10.5331,10.2995,0.2336,3.9606,8.9567,8.9444,0.0123,NA,0.0000,NA,NA,NA,NA
Endfield.exe,53680,0x125AB2630,DXGI,0,512,0,Composed: Flip,Application,3683187924481,NA,9.94700000000000,15.78150000000000,0.16060000000000,4.17930000000000,17.6259,135.4502,3683187827347,9.8740,9.7134,0.1606,2.3842,11.5085,11.5085,0.0000,NA,0.0000,NA,NA,NA,NA
Endfield.exe,53680,0x125AB2630,DXGI,0,512,0,Composed: Flip,Application,3683188029751,NA,10.52700000000000,8.33730000000000,0.14970000000000,4.51470000000000,15.4362,143.7875,3683187926087,10.5161,10.3664,0.1497,4.0187,10.8624,10.8624,0.0000,NA,0.0000,NA,NA,NA,NA
Endfield.exe,53680,0x125AB2630,DXGI,0,512,0,Composed: Flip,Application,3683188129882,38.6111,10.01310000000000,9.22240000000000,0.16530000000000,4.24370000000000,14.6455,114.3988,3683188031248,10.0287,9.8634,0.1653,4.3650,9.7421,9.7391,0.0030,-3.9334,3718.3511,NA,17.5008,NA,NA
Endfield.exe,53680,0x125AB2630,DXGI,0,512,0,Composed: Flip,Application,3683188231026,NA,10.11440000000000,7.45000000000000,0.14480000000000,2.74730000000000,11.9811,121.8488,3683188131535,10.0939,9.9491,0.1448,4.0784,8.6180,8.6021,0.0159,NA,0.0000,NA,NA,NA,NA
Endfield.exe,53680,0x125AB2630,DXGI,0,512,0,Composed: Flip,Application,3683188335497,NA,10.44710000000000,17.55310000000000,0.20160000000000,4.01500000000000,19.0871,139.4019,3683188232474,10.5039,10.3023,0.2016,2.6025,11.7148,11.7148,0.0000,NA,0.0000,NA,NA,NA,NA
Endfield.exe,53680,0x125AB2630,DXGI,0,512,0,Composed: Flip,Application,3683188437567,NA,10.20700000000000,7.44850000000000,0.12350000000000,4.23820000000000,16.3286,146.8504,3683188337513,10.1289,10.0054,0.1235,3.8134,10.4302,10.4302,0.0000,NA,0.0000,NA,NA,NA,NA
Endfield.exe,53680,0x125AB2630,DXGI,0,512,0,Composed: Flip,Application,3683188529178,40.2620,9.16110000000000,8.32560000000000,0.16860000000000,3.83980000000000,15.4931,116.9733,3683188438802,9.2062,9.0376,0.1686,4.1147,8.7627,8.7600,0.0027,-0.5152,3758.6131,NA,21.2703,NA,NA
Endfield.exe,53680,0x125AB2630,DXGI,0,512,0,Composed: Flip,Application,3683188632576,NA,10.33980000000000,8.30840000000000,0.18540000000000,2.94000000000000,13.4617,125.2817,3683188530864,10.3566,10.1712,0.1854,3.6712,9.4400,9.4244,0.0156,NA,0.0000,NA,NA,NA,NA
Endfield.exe,53680,0x125AB2630,DXGI,0,512,0,Composed: Flip,Application,3683188734379,NA,10.18030000000000,9.24260000000000,0.35850000000000,4.19300000000000,12.5240,134.5243,3683188634430,10.3534,9.9949,0.3585,2.7546,11.4333,11.4333,0.0000,NA,0.0000,NA,NA,NA,NA
Endfield.exe,53680,0x125AB2630,DXGI,0,512,0,Composed: Flip,Application,3683188839181,NA,10.48020000000000,15.79430000000000,0.27780000000000,3.86510000000000,17.8381,150.3186,3683188737964,10.3995,10.1217,0.2778,3.8345,10.1523,10.1523,0.0000,NA,0.0000,NA,NA,NA,NA
Endfield.exe,53680,0x125AB2630,DXGI,0,512,0,Composed: Flip,Application,3683188937011,41.4200,9.78300000000000,8.32210000000000,0.15940000000000,3.61420000000000,16.3772,117.2207,3683188841959,9.6646,9.5052,0.1594,3.5873,9.5321,9.5286,0.0035,-0.2474,3800.0331,NA,19.9360,NA,NA
Endfield.exe,53680,0x125AB2630,DXGI,0,512,0,Composed: Flip,Application,3683189040457,NA,10.34460000000000,8.34120000000000,0.28510000000000,4.45940000000000,14.3738,125.5619,3683188938605,10.4703,10.1852,0.2851,3.4548,11.1898,11.1763,0.0135,NA,0.0000,NA,NA,NA,NA
Endfield.exe,53680,0x125AB2630,DXGI,0,512,0,Composed: Flip,Application,3683189139991,NA,9.95340000000000,8.33640000000000,0.17210000000000,3.00380000000000,12.7568,133.8983,3683189043308,9.8404,9.6683,0.1721,4.1743,8.4978,8.4978,0.0000,NA,0.0000,NA,NA,NA,NA
Endfield.exe,53680,0x125AB2630,DXGI,0,512,0,Composed: Flip,Application,3683189245092,NA,10.51010000000000,8.32110000000000,0.22610000000000,2.97140000000000,10.5678,142.2194,3683189141712,10.5641,10.3380,0.2261,2.8317,10.4777,10.4777,0.0000,NA,0.0000,NA,NA,NA,NA
Endfield.exe,53680,0x125AB2630,DXGI,0,512,0,Composed: Flip,Application,3683189358757,39.6380,11.36650000000000,16.64920000000000,0.16710000000000,3.80110000000000,15.8505,119.2306,3683189247353,11.3075,11.1404,0.1671,2.7453,12.1962,12.1929,0.0033,-2.0099,3839.6711,NA,22.5848,NA,NA
Endfield.exe,53680,0x125AB2630,DXGI,0,512,0,Composed: Flip,Application,3683189463508,NA,10.47510000000000,8.35390000000000,0.18460000000000,3.88200000000000,13.7293,127.5845,3683189360428,10.4926,10.3080,0.1846,3.6340,10.5560,10.5426,0.0134,NA,0.0000,NA,NA,NA,NA
Endfield.exe,53680,0x125AB2630,DXGI,0,512,0,Composed: Flip,Application,3683189563343,NA,9.98350000000000,8.33040000000000,0.14490000000000,2.56470000000000,12.0762,135.9149,3683189465354,9.9438,9.7989,0.1449,3.6974,8.6662,8.6662,0.0000,NA,0.0000,NA,NA,NA,NA
Endfield.exe,53680,0x125AB2630,DXGI,0,512,0,Composed: Flip,Application,3683189667322,NA,10.39790000000000,17.56120000000000,0.16440000000000,4.03500000000000,19.2395,153.4761,3683189564792,10.4174,10.2530,0.1644,2.4198,11.8682,11.8682,0.0000,NA,0.0000,NA,NA,NA,NA
Endfield.exe,53680,0x125AB2630,DXGI,0,512,0,Composed: Flip,Application,3683189766891,40.2969,9.95690000000000,7.45030000000000,0.20860000000000,3.52730000000000,16.7329,120.6295,3683189668966,10.0011,9.7925,0.2086,3.8706,9.4492,9.4461,0.0031,-1.3989,3879.9680,NA,19.2736,NA,NA
Endfield.exe,53680,0x125AB2630,DXGI,0,512,0,Composed: Flip,Application,3683189865292,NA,9.84010000000000,8.33680000000000,0.18200000000000,4.20210000000000,15.2296,128.9663,3683189768977,9.8135,9.6315,0.1820,3.3187,10.5149,10.5015,0.0134,NA,0.0000,NA,23.6213,NA,NA
Endfield.exe,53680,0x125AB2630,DXGI,0,512,0,Composed: Flip,Application,3683189966165,NA,10.08730000000000,8.34900000000000,0.15290000000000,3.92080000000000,13.4913,137.3153,3683189867112,10.0582,9.9053,0.1529,4.0201,9.8060,9.8060,0.0000,NA,0.0000,NA,NA,NA,NA
Endfield.exe,53680,0x125AB2630,DXGI,0,512,0,Composed: Flip,Application,3683190071211,NA,10.50460000000000,8.29880000000000,0.14040000000000,3.27870000000000,11.2855,145.6141,3683189967694,10.4921,10.3517,0.1404,3.7679,9.8625,9.8625,0.0000,NA,0.0000,NA,NA,NA,NA
Endfield.exe,53680,0x125AB2630,DXGI,0,512,0,Composed: Flip,Application,3683190177077,42.4458,10.58660000000000,17.56550000000000,0.15620000000000,3.79050000000000,18.2644,120.7338,3683190072615,10.6024,10.4462,0.1562,3.1383,11.0984,11.0954,0.0030,-0.1043,3922.4138,NA,22.8375,NA,NA
Endfield.exe,53680,0x125AB2630,DXGI,0,512,0,Composed: Flip,Application,3683190280892,NA,10.38150000000000,7.42940000000000,0.19030000000000,4.19900000000000,15.3123,128.1632,3683190178639,10.4156,10.2253,0.1903,3.6343,10.7900,10.7717,0.0183,NA,0.0000,NA,NA,NA,NA
Endfield.exe,53680,0x125AB2630,DXGI,0,512,0,Composed: Flip,Application,3683190381659,NA,10.07670000000000,8.34530000000000,0.19490000000000,4.14080000000000,13.5809,136.5085,3683190282795,10.0813,9.8864,0.1949,4.0087,10.0185,10.0185,0.0000,NA,0.0000,NA,NA,NA,NA
Endfield.exe,53680,0x125AB2630,DXGI,0,512,0,Composed: Flip,Application,3683190483192,NA,10.15330000000000,9.21640000000000,0.14680000000000,2.23550000000000,12.6440,145.7249,3683190383608,10.1052,9.9584,0.1468,3.9459,8.2480,8.2480,0.0000,NA,0.0000,NA,NA,NA,NA
Endfield.exe,53680,0x125AB2630,DXGI,0,512,0,Composed: Flip,Application,3683190581178,44.6526,9.79860000000000,15.79270000000000,0.19960000000000,3.65420000000000,18.6381,116.8650,3683190484660,9.8514,9.6518,0.1996,2.0887,11.2173,11.2141,0.0032,3.8688,3967.0664,NA,19.6164,NA,NA
Endfield.exe,53680,0x125AB2630,DXGI,0,512,0,Composed: Flip,Application,3683190682192,NA,10.10140000000000,9.22400000000000,0.21390000000000,4.20960000000000,17.7607,126.0890,3683190583174,10.1157,9.9018,0.2139,3.4546,10.6568,10.6412,0.0156,NA,0.0000,NA,27.8291,NA,NA
Endfield.exe,53680,0x125AB2630,DXGI,0,512,0,Composed: Flip,Application,3683190784732,NA,10.25400000000000,7.43180000000000,0.19080000000000,4.03580000000000,14.9385,133.5208,3683190684331,10.2309,10.0401,0.1908,3.9957,10.0802,10.0802,0.0000,NA,0.0000,NA,NA,NA,NA
Endfield.exe,53680,0x125AB2630,DXGI,0,512,0,Composed: Flip,Application,3683190886929,NA,10.21970000000000,9.24980000000000,0.21700000000000,3.56950000000000,13.9686,142.7706,3683190786640,10.2459,10.0289,0.2170,3.8450,9.7534,9.7534,0.0000,NA,0.0000,NA,NA,NA,NA
Endfield.exe,53680,0x125AB2630,DXGI,0,512,0,Composed: Flip,Application,3683190995151,37.3340,10.82220000000000,15.73610000000000,0.19180000000000,3.61900000000000,18.8825,121.1727,3683190889099,10.7970,10.6052,0.1918,3.3525,10.8717,10.8691,0.0026,-4.3077,4004.4004,NA,20.2486,NA,NA
Endfield.exe,53680,0x125AB2630,DXGI,0,512,0,Composed: Flip,Application,3683191099649,NA,10.44980000000000,9.22980000000000,0.26340000000000,4.20440000000000,17.6625,130.4025,3683190997069,10.5214,10.2580,0.2634,3.4272,11.0352,11.0227,0.0125,NA,0.0000,NA,NA,NA,NA
Endfield.exe,53680,0x125AB2630,DXGI,0,512,0,Composed: Flip,Application,3683191200470,NA,10.08210000000000,7.45820000000000,0.22560000000000,4.31880000000000,15.0386,137.8607,3683191102283,10.0443,9.8187,0.2256,3.9410,10.1965,10.1965,0.0000,NA,0.0000,NA,NA,NA,NA
Endfield.exe,53680,0x125AB2630,DXGI,0,512,0,Composed: Flip,Application,3683191303001,NA,10.25310000000000,8.31170000000000,0.19080000000000,3.59860000000000,13.0972,146.1724,3683191202726,10.2183,10.0275,0.1908,4.0932,9.5329,9.5329,0.0000,NA,0.0000,NA,NA,NA,NA
Endfield.exe,53680,0x125AB2630,DXGI,0,512,0,Composed: Flip,Application,3683191414677,42.2035,11.16760000000000,16.68890000000000,0.29720000000000,3.50380000000000,18.6185,121.5446,3683191304909,11.2740,10.9768,0.2972,3.4078,11.0728,11.0694,0.0034,0.5149,4046.6039,NA,20.5343,NA,NA
Endfield.exe,53680,0x125AB2630,DXGI,0,512,0,Composed: Flip,Application,3683191522779,NA,10.81020000000000,8.32460000000000,0.39070000000000,4.04110000000000,16.1329,129.8692,3683191417649,10.9037,10.5130,0.3907,3.2066,11.3475,11.3323,0.0152,NA,0.0000,NA,28.0666,NA,NA
Endfield.exe,53680,0x125AB2630,DXGI,0,512,0,Composed: Flip,Application,3683191624777,NA,10.19980000000000,8.38610000000000,0.23480000000000,4.34060000000000,14.3192,138.2553,3683191526686,10.0439,9.8091,0.2348,3.6504,10.4993,10.4993,0.0000,NA,0.0000,NA,NA,NA,NA
Endfield.exe,53680,0x125AB2630,DXGI,0,512,0,Composed: Flip,Application,3683191725083,NA,10.03060000000000,8.28610000000000,0.23600000000000,2.24470000000000,12.5747,146.5414,3683191627125,10.0318,9.7958,0.2360,4.1058,7.9347,7.9347,0.0000,NA,0.0000,NA,NA,NA,NA
Endfield.exe,53680,0x125AB2630,DXGI,0,512,0,Composed: Flip,Application,3683191829613,39.9814,10.45300000000000,17.56150000000000,0.24150000000000,3.41350000000000,19.6832,124.1215,3683191727443,10.4585,10.2170,0.2415,2.0087,11.6218,11.6208,0.0010,-2.5769,4086.5853,NA,20.4903,NA,NA
Endfield.exe,53680,0x125AB2630,DXGI,0,512,0,Composed: Flip,Application,3683191933822,NA,10.42090000000000,15.74180000000000,0.27690000000000,2.35300000000000,25.0041,139.8633,3683191832028,10.4563,10.1794,0.2769,3.1720,9.3604,9.3443,0.0161,NA,0.0000,NA,NA,NA,NA
Endfield.exe,53680,0x125AB2630,DXGI,0,512,0,Composed: Flip,Application,3683192037179,NA,10.33570000000000,NA,0.24380000000000,7.15020000000000,NA,NA,3683191936591,10.3026,10.0588,0.2438,2.0761,15.1329,15.1329,0.0000,NA,NA,NA,NA,NA,NA
Endfield.exe,53680,0x125AB2630,DXGI,0,512,0,Composed: Flip,Application,3683192138992,NA,10.18130000000000,8.38260000000000,0.15330000000000,3.94100000000000,12.8697,148.2459,3683192039617,10.0908,9.9375,0.1533,6.9064,6.9721,6.9721,0.0000,NA,0.0000,NA,NA,NA,NA
Endfield.exe,53680,0x125AB2630,DXGI,0,512,0,Composed: Flip,Application,3683192242216,43.8555,10.32240000000000,16.62200000000000,0.19220000000000,3.78960000000000,19.1693,121.0124,3683192140525,10.3613,10.1691,0.1922,3.7877,10.1710,10.1680,0.0030,3.1091,4130.4408,NA,22.2432,NA,NA
Endfield.exe,53680,0x125AB2630,DXGI,0,512,0,Composed: Flip,Application,3683192350723,NA,10.85070000000000,8.35400000000000,0.23940000000000,4.12270000000000,16.6726,129.3664,3683192244138,10.8979,10.6585,0.2394,3.5974,11.1838,11.1677,0.0161,NA,0.0000,NA,NA,NA,NA
Endfield.exe,53680,0x125AB2630,DXGI,0,512,0,Composed: Flip,Application,3683192453528,NA,10.28050000000000,8.30460000000000,0.34570000000000,4.47770000000000,14.6967,137.6710,3683192353117,10.3868,10.0411,0.3457,3.8833,10.6355,10.6355,0.0000,NA,0.0000,NA,NA,NA,NA
Endfield.exe,53680,0x125AB2630,DXGI,0,512,0,Composed: Flip,Application,3683192553121,NA,9.95930000000000,8.35410000000000,0.20070000000000,3.41380000000000,13.0915,146.0251,3683192456985,9.8143,9.6136,0.2007,4.1320,8.8954,8.8954,0.0000,NA,0.0000,NA,NA,NA,NA
Endfield.exe,53680,0x125AB2630,DXGI,0,512,0,Composed: Flip,Application,3683192662432,40.8388,10.93110000000000,16.68560000000000,0.25170000000000,3.52070000000000,18.8460,121.8719,3683192555128,10.9821,10.7304,0.2517,3.2131,11.0380,11.0368,0.0012,-0.8595,4171.2796,NA,19.8745,NA,NA
Endfield.exe,53680,0x125AB2630,DXGI,0,512,0,Composed: Flip,Application,3683192769568,NA,10.71360000000000,9.21810000000000,0.23710000000000,3.58160000000000,17.3505,131.0900,3683192664949,10.6990,10.4619,0.2371,3.2690,10.7745,10.7559,0.0186,NA,0.0000,NA,24.1651,NA,NA
Endfield.exe,53680,0x125AB2630,DXGI,0,512,0,Composed: Flip,Application,3683192868835,NA,9.92670000000000,7.45530000000000,0.21720000000000,4.23520000000000,14.8791,138.5453,3683192771939,9.9068,9.6896,0.2172,3.3445,10.5803,10.5803,0.0000,NA,0.0000,NA,NA,NA,NA
Endfield.exe,53680,0x125AB2630,DXGI,0,512,0,Composed: Flip,Application,3683192972481,NA,10.36460000000000,8.30050000000000,0.17220000000000,3.18130000000000,12.8150,146.8458,3683192871007,10.3196,10.1474,0.1722,4.0180,9.3107,9.3107,0.0000,NA,0.0000,NA,NA,NA,NA
Endfield.exe,53680,0x125AB2630,DXGI,0,512,0,Composed: Flip,Application,3683193069115,40.0926,9.66340000000000,8.35480000000000,0.15220000000000,3.83420000000000,11.5064,115.1080,3683192974203,9.6434,9.4912,0.1522,3.0091,10.3163,10.3152,0.0011,6.7639,4211.3722,NA,14.2756,NA,NA
Endfield.exe,53680,0x125AB2630,DXGI,0,512,0,Composed: Flip,Application,3683193197168,NA,12.80530000000000,16.65120000000000,0.22890000000000,2.42590000000000,15.3523,131.7592,3683193070637,12.8820,12.6531,0.2289,3.6820,11.3970,11.3812,0.0158,NA,0.0000,NA,NA,NA,NA
Endfield.exe,53680,0x125AB2630,DXGI,0,512,0,Composed: Flip,Application,3683193277322,NA,8.01540000000000,9.24230000000000,0.22310000000000,4.66050000000000,16.5792,141.0015,3683193199457,8.0096,7.7865,0.2231,2.1970,10.2500,10.2500,0.0000,NA,0.0000,NA,NA,NA,NA
Endfield.exe,53680,0x125AB2630,DXGI,0,512,0,Composed: Flip,Application,3683193380295,NA,10.29730000000000,7.45850000000000,0.13400000000000,3.02910000000000,13.7404,148.4600,3683193279553,10.2082,10.0742,0.1340,4.4374,8.6659,8.6659,0.0000,NA,0.0000,NA,NA,NA,NA
Endfield.exe,53680,0x125AB2630,DXGI,0,512,0,Composed: Flip,Application,3683193483826,48.1969,10.35310000000000,8.31000000000000,0.14860000000000,3.81210000000000,11.6973,107.7588,3683193381635,10.3677,10.2191,0.1486,2.8951,11.1361,11.1321,0.0040,6.5349,4259.5691,NA,14.5317,NA,NA
Endfield.exe,53680,0x125AB2630,DXGI,0,512,0,Composed: Flip,Application,3683193589287,NA,10.54610000000000,17.56910000000000,0.24780000000000,4.38760000000000,18.7203,125.3279,3683193485312,10.6453,10.3975,0.2478,3.6635,11.1216,11.1082,0.0134,NA,0.0000,NA,NA,NA,NA
Endfield.exe,53680,0x125AB2630,DXGI,0,512,0,Composed: Flip,Application,3683193690661,NA,10.13740000000000,7.44090000000000,0.17050000000000,4.44400000000000,16.0238,132.7688,3683193591765,10.0601,9.8896,0.1705,4.1398,10.1938,10.1938,0.0000,NA,0.0000,NA,NA,NA,NA
Endfield.exe,53680,0x125AB2630,DXGI,0,512,0,Composed: Flip,Application,3683193793978,NA,10.33170000000000,8.32360000000000,0.12640000000000,4.35620000000000,14.0157,141.0924,3683193692366,10.2876,10.1612,0.1264,4.2735,10.2439,10.2439,0.0000,NA,0.0000,NA,NA,NA,NA
Endfield.exe,53680,0x125AB2630,DXGI,0,512,0,Composed: Flip,Application,3683193892981,33.7672,9.90030000000000,9.24010000000000,0.14460000000000,3.98860000000000,13.3555,116.5653,3683193795242,9.9185,9.7739,0.1446,4.2298,9.5327,9.5305,0.0022,-8.8065,4293.3363,NA,17.5049,NA,NA
Endfield.exe,53680,0x125AB2630,DXGI,0,512,0,Composed: Flip,Application,3683193998857,NA,10.58760000000000,15.72570000000000,0.15310000000000,4.00720000000000,18.4936,132.2910,3683193894427,10.5961,10.4430,0.1531,3.8440,10.6062,10.5927,0.0135,NA,0.0000,NA,NA,NA,NA
Endfield.exe,53680,0x125AB2630,DXGI,0,512,0,Composed: Flip,Application,3683194099713,NA,10.08560000000000,9.26530000000000,0.18190000000000,4.17100000000000,17.6733,141.5563,3683194000388,10.1144,9.9325,0.1819,3.8541,10.2494,10.2494,0.0000,NA,0.0000,NA,NA,NA,NA
Endfield.exe,53680,0x125AB2630,DXGI,0,512,0,Composed: Flip,Application,3683194204402,NA,10.46890000000000,7.43070000000000,0.15540000000000,3.88600000000000,14.6351,148.9870,3683194101532,10.4424,10.2870,0.1554,3.9891,10.1839,10.1839,0.0000,NA,0.0000,NA,NA,NA,NA
Endfield.exe,53680,0x125AB2630,DXGI,0,512,0,Composed: Flip,Application,3683194295002,41.4039,9.06000000000000,8.32230000000000,0.14170000000000,4.31340000000000,13.8974,115.9054,3683194205956,9.0463,8.9046,0.1417,3.7306,9.4874,9.4850,0.0024,0.6599,4334.7402,NA,16.2476,NA,NA
Endfield.exe,53680,0x125AB2630,DXGI,0,512,0,Composed: Flip,Application,3683194400540,NA,10.55380000000000,8.36200000000000,0.24780000000000,3.02100000000000,11.7056,124.2674,3683194296419,10.6599,10.4121,0.2478,4.1717,9.2614,9.2512,0.0102,NA,0.0000,NA,NA,NA,NA
Endfield.exe,53680,0x125AB2630,DXGI,0,512,0,Composed: Flip,Application,3683194501365,NA,10.08250000000000,17.56040000000000,0.22730000000000,4.22220000000000,19.1835,141.8278,3683194403018,10.0620,9.8347,0.2273,2.7732,11.2837,11.2837,0.0000,NA,0.0000,NA,NA,NA,NA
Endfield.exe,53680,0x125AB2630,DXGI,0,512,0,Composed: Flip,Application,3683194604461,NA,10.30960000000000,7.45510000000000,0.12270000000000,4.33180000000000,16.3290,149.2829,3683194503638,10.2050,10.0823,0.1227,3.9949,10.4192,10.4192,0.0000,NA,0.0000,NA,NA,NA,NA
Endfield.exe,53680,0x125AB2630,DXGI,0,512,0,Composed: Flip,Application,3683194705842,40.2659,10.13810000000000,8.33010000000000,0.18240000000000,3.79980000000000,14.5210,117.3471,3683194605688,10.1978,10.0154,0.1824,4.2091,9.6061,9.6031,0.0030,-1.4417,4375.0061,NA,16.9559,NA,NA
Endfield.exe,53680,0x125AB2630,DXGI,0,512,0,Composed: Flip,Application,3683194807148,NA,10.13060000000000,9.21890000000000,0.26900000000000,3.20710000000000,13.6093,126.5660,3683194707666,10.2172,9.9482,0.2690,3.6174,9.5379,9.5205,0.0174,NA,0.0000,NA,21.1756,NA,NA
Endfield.exe,53680,0x125AB2630,DXGI,0,512,0,Composed: Flip,Application,3683194908867,NA,10.17190000000000,15.73050000000000,0.16790000000000,4.16100000000000,19.1679,142.2965,3683194809838,10.0708,9.9029,0.1679,2.9381,11.1258,11.1258,0.0000,NA,0.0000,NA,NA,NA,NA
Endfield.exe,53680,0x125AB2630,DXGI,0,512,0,Composed: Flip,Application,3683195013163,NA,10.42960000000000,8.32860000000000,0.14740000000000,2.87210000000000,17.0669,150.6251,3683194910546,10.4091,10.2617,0.1474,3.9931,9.1407,9.1407,0.0000,NA,0.0000,NA,NA,NA,NA
Endfield.exe,53680,0x125AB2630,DXGI,0,512,0,Composed: Flip,Application,3683195117235,41.3980,10.40720000000000,9.27130000000000,0.22020000000000,3.70390000000000,15.9310,118.4984,3683195014637,10.4800,10.2598,0.2202,2.7247,11.2390,11.2362,0.0028,-1.1513,4416.4041,NA,17.5026,NA,NA
Endfield.exe,53680,0x125AB2630,DXGI,0,512,0,Composed: Flip,Application,3683195221616,NA,10.43810000000000,7.44960000000000,0.25360000000000,2.72260000000000,12.9425,125.9480,3683195119437,10.4715,10.2179,0.2536,3.4837,9.4568,9.4439,0.0129,NA,0.0000,NA,NA,NA,NA
Endfield.exe,53680,0x125AB2630,DXGI,0,512,0,Composed: Flip,Application,3683195322492,NA,10.08760000000000,8.30410000000000,0.17770000000000,3.63850000000000,11.1590,134.2521,3683195224152,10.0117,9.8340,0.1777,2.4690,11.0035,11.0035,0.0000,NA,0.0000,NA,NA,NA,NA
Endfield.exe,53680,0x125AB2630,DXGI,0,512,0,Composed: Flip,Application,3683195424924,NA,10.24320000000000,17.58740000000000,0.16900000000000,4.02220000000000,18.5032,151.8395,3683195324269,10.2345,10.0655,0.1690,3.4608,10.6269,10.6269,0.0000,NA,0.0000,NA,NA,NA,NA
Endfield.exe,53680,0x125AB2630,DXGI,0,512,0,Composed: Flip,Application,3683195528703,45.1358,10.37790000000000,15.79810000000000,0.16660000000000,3.56690000000000,23.9234,122.2543,3683195426614,10.3755,10.2089,0.1666,3.8532,9.9226,9.9213,0.0013,-4.0034,4461.5399,NA,25.5716,NA,NA
Endfield.exe,53680,0x125AB2630,DXGI,0,512,0,Composed: Flip,Application,3683195633169,NA,10.44660000000000,NA,0.26040000000000,4.19380000000000,NA,NA,3683195530369,10.5404,10.2800,0.2604,3.4003,11.0735,11.0542,0.0193,NA,NA,NA,NA,NA,NA
Endfield.exe,53680,0x125AB2630,DXGI,0,512,0,Composed: Flip,Application,3683195735387,NA,10.22180000000000,8.30040000000000,0.17570000000000,3.80250000000000,11.5554,130.5547,3683195635773,10.1371,9.9614,0.1757,3.9334,9.8305,9.8305,0.0000,NA,0.0000,NA,NA,NA,NA
Endfield.exe,53680,0x125AB2630,DXGI,0,512,0,Composed: Flip,Application,3683195834285,NA,9.88980000000000,16.75750000000000,0.12450000000000,4.05920000000000,18.4231,147.3122,3683195737144,9.8386,9.7141,0.1245,3.6268,10.1465,10.1465,0.0000,NA,0.0000,NA,NA,NA,NA
Endfield.exe,53680,0x125AB2630,DXGI,0,512,0,Composed: Flip,Application,3683195936028,37.3556,10.17430000000000,8.24900000000000,0.14530000000000,3.67870000000000,16.4978,118.2056,3683195835530,10.1951,10.0498,0.1453,3.9347,9.7938,9.7913,0.0025,4.0487,4498.8955,NA,19.9385,NA,NA
Endfield.exe,53680,0x125AB2630,DXGI,0,512,0,Composed: Flip,Application,3683196037800,NA,10.17720000000000,8.28870000000000,0.18920000000000,3.42530000000000,14.6093,126.4943,3683195937481,10.2211,10.0319,0.1892,3.5334,9.9238,9.9100,0.0138,NA,0.0000,NA,NA,NA,NA
Endfield.exe,53680,0x125AB2630,DXGI,0,512,0,Composed: Flip,Application,3683196139540,NA,10.17400000000000,8.35390000000000,0.15970000000000,3.16570000000000,12.7892,134.8482,3683196039692,10.1445,9.9848,0.1597,3.2361,9.9144,9.9144,0.0000,NA,0.0000,NA,NA,NA,NA
Endfield.exe,53680,0x125AB2630,DXGI,0,512,0,Composed: Flip,Application,3683196243179,NA,10.36390000000000,9.25030000000000,0.18140000000000,3.41160000000000,11.6756,144.0985,3683196141137,10.3856,10.2042,0.1814,3.0060,10.6098,10.6098,0.0000,NA,0.0000,NA,NA,NA,NA
Endfield.exe,53680,0x125AB2630,DXGI,0,512,0,Composed: Flip,Application,3683196353147,41.0702,10.99680000000000,15.77750000000000,0.18640000000000,3.50410000000000,16.4563,118.8058,3683196244993,11.0018,10.8154,0.1864,3.2302,11.0893,11.0879,0.0014,-0.6002,4539.9657,NA,NA,NA,NA
Endfield.exe,53680,0x125AB2630,DXGI,0,512,0,Composed: Flip,Application,3683196452932,NA,9.97850000000000,8.31080000000000,0.18380000000000,4.49980000000000,14.7886,127.1166,3683196355011,9.9759,9.7921,0.1838,3.3177,10.9742,10.9561,0.0181,NA,0.0000,NA,NA,NA,NA
Endfield.exe,53680,0x125AB2630,DXGI,0,512,0,Composed: Flip,Application,3683196556897,NA,10.39650000000000,8.38220000000000,0.82470000000000,2.50320000000000,12.7743,135.4988,3683196454770,11.0374,10.2127,0.8247,4.3160,8.3999,8.3999,0.0000,NA,0.0000,NA,NA,NA,NA
Endfield.exe,53680,0x125AB2630,DXGI,0,512,0,Composed: Flip,Application,3683196658219,NA,10.13220000000000,16.59250000000000,0.14960000000000,3.83990000000000,19.2346,152.0913,3683196565144,9.4571,9.3075,0.1496,1.6785,11.4689,11.4689,0.0000,NA,0.0000,NA,NA,NA,NA
Endfield.exe,53680,0x125AB2630,DXGI,0,512,0,Composed: Flip,Application,3683196771395,40.1149,11.31760000000000,16.69620000000000,0.18900000000000,3.73560000000000,24.6132,128.6726,3683196659715,11.3570,11.1680,0.1890,3.6903,11.2133,11.2102,0.0031,-9.8668,4580.0806,NA,NA,NA,NA
Endfield.exe,53680,0x125AB2630,DXGI,0,512,0,Composed: Flip,Application,3683196876088,NA,10.46930000000000,0.91460000000000,0.22180000000000,4.13130000000000,15.0585,129.5872,3683196773285,10.5021,10.2803,0.2218,3.5466,10.8650,10.8526,0.0124,NA,0.0000,NA,NA,NA,NA
Endfield.exe,53680,0x125AB2630,DXGI,0,512,0,Composed: Flip,Application,3683196976268,NA,10.01800000000000,7.39770000000000,0.14880000000000,4.12180000000000,12.4382,136.9849,3683196878306,9.9450,9.7962,0.1488,3.9095,10.0085,10.0085,0.0000,NA,0.0000,NA,NA,NA,NA
Endfield.exe,53680,0x125AB2630,DXGI,0,512,0,Composed: Flip,Application,3683197078540,NA,10.22720000000000,16.73220000000000,0.14190000000000,4.15720000000000,18.9432,153.7171,3683196977756,10.2203,10.0784,0.1419,3.9730,10.2626,10.2626,0.0000,NA,0.0000,NA,NA,NA,NA
Endfield.exe,53680,0x125AB2630,DXGI,0,512,0,Composed: Flip,Application,3683197194054,41.0302,11.55140000000000,8.29670000000000,0.19450000000000,3.87730000000000,15.6885,120.9713,3683197079959,11.6040,11.4095,0.1945,4.0153,11.2715,11.2693,0.0022,7.6890,4621.1108,NA,18.9320,NA,NA
Endfield.exe,53680,0x125AB2630,DXGI,0,512,0,Composed: Flip,Application,3683197297782,NA,10.37280000000000,8.30950000000000,0.17560000000000,2.82410000000000,13.6252,129.2808,3683197195999,10.3539,10.1783,0.1756,3.6828,9.3196,9.3032,0.0164,NA,0.0000,NA,NA,NA,NA
Endfield.exe,53680,0x125AB2630,DXGI,0,512,0,Composed: Flip,Application,3683197400984,NA,10.32020000000000,8.39720000000000,0.14910000000000,2.19070000000000,11.7022,137.6780,3683197299538,10.2937,10.1446,0.1491,2.6485,9.6868,9.6868,0.0000,NA,0.0000,NA,NA,NA,NA
Endfield.exe,53680,0x125AB2630,DXGI,0,512,0,Composed: Flip,Application,3683197503335,NA,10.23510000000000,16.61400000000000,0.12240000000000,4.13240000000000,18.0811,154.2920,3683197402475,10.2084,10.0860,0.1224,2.0416,12.1768,12.1768,0.0000,NA,0.0000,NA,NA,NA,NA
Endfield.exe,53680,0x125AB2630,DXGI,0,512,0,Composed: Flip,Application,3683197607587,42.4637,10.42520000000000,9.27300000000000,0.16940000000000,3.85080000000000,16.9289,121.1013,3683197504559,10.4722,10.3028,0.1694,4.0100,10.1436,10.1413,0.0023,-0.1300,4663.5745,NA,19.5330,NA,NA
Endfield.exe,53680,0x125AB2630,DXGI,0,512,0,Composed: Flip,Application,3683197711001,NA,10.34140000000000,7.38210000000000,0.21880000000000,2.38640000000000,13.9696,128.4834,3683197609281,10.3908,10.1720,0.2188,3.6814,8.8770,8.8621,0.0149,NA,0.0000,NA,23.8425,NA,NA
Endfield.exe,53680,0x125AB2630,DXGI,0,512,0,Composed: Flip,Application,3683197814156,NA,10.31550000000000,8.35660000000000,0.15930000000000,2.54330000000000,12.0107,136.8400,3683197713189,10.2560,10.0967,0.1593,2.1676,10.4724,10.4724,0.0000,NA,0.0000,NA,NA,NA,NA
Endfield.exe,53680,0x125AB2630,DXGI,0,512,0,Composed: Flip,Application,3683197917843,NA,10.36870000000000,16.65680000000000,0.15990000000000,4.10470000000000,18.2988,153.4968,3683197815749,10.3693,10.2094,0.1599,2.3840,11.9301,11.9301,0.0000,NA,0.0000,NA,NA,NA,NA
Endfield.exe,53680,0x125AB2630,DXGI,0,512,0,Composed: Flip,Application,3683198016979,41.9974,9.91360000000000,8.30020000000000,0.18840000000000,3.67920000000000,16.6854,119.7996,3683197919442,9.9421,9.7537,0.1884,3.9448,9.4881,9.4857,0.0024,1.3017,4705.5719,NA,19.2247,NA,NA
Endfield.exe,53680,0x125AB2630,DXGI,0,512,0,Composed: Flip,Application,3683198121847,NA,10.48680000000000,8.40820000000000,0.23130000000000,3.99430000000000,14.6068,128.2078,3683198018863,10.5297,10.2984,0.2313,3.4908,10.8019,10.7869,0.0150,NA,0.0000,NA,NA,NA,NA
Endfield.exe,53680,0x125AB2630,DXGI,0,512,0,Composed: Flip,Application,3683198224179,NA,10.23320000000000,9.19920000000000,0.15030000000000,3.17400000000000,13.5728,137.4070,3683198124160,10.1522,10.0019,0.1503,3.7630,9.4129,9.4129,0.0000,NA,0.0000,NA,NA,NA,NA
Endfield.exe,53680,0x125AB2630,DXGI,0,512,0,Composed: Flip,Application,3683198326483,NA,10.23040000000000,15.80070000000000,0.12870000000000,4.11520000000000,19.1431,153.2077,3683198225682,10.2088,10.0801,0.1287,3.0237,11.1716,11.1716,0.0000,NA,0.0000,NA,NA,NA,NA
Endfield.exe,53680,0x125AB2630,DXGI,0,512,0,Composed: Flip,Application,3683198418039,44.0836,9.15560000000000,9.21220000000000,0.15860000000000,3.88880000000000,19.1997,118.3363,3683198327770,9.1855,9.0269,0.1586,3.9865,8.9292,8.9261,0.0031,1.4633,4749.6555,NA,19.8501,NA,NA
Endfield.exe,53680,0x125AB2630,DXGI,0,512,0,Composed: Flip,Application,3683198521675,NA,10.36360000000000,7.44000000000000,0.22680000000000,4.33990000000000,16.2761,125.7763,3683198419625,10.4318,10.2050,0.2268,3.7302,10.8147,10.8014,0.0133,NA,0.0000,NA,NA,NA,NA
Endfield.exe,53680,0x125AB2630,DXGI,0,512,0,Composed: Flip,Application,3683198625938,NA,10.42630000000000,8.34050000000000,0.48090000000000,4.68920000000000,14.1903,134.1168,3683198523943,10.6804,10.1995,0.4809,4.1131,10.7756,10.7756,0.0000,NA,0.0000,NA,NA,NA,NA
Endfield.exe,53680,0x125AB2630,DXGI,0,512,0,Composed: Flip,Application,3683198728275,NA,10.23370000000000,9.20930000000000,0.33670000000000,2.94920000000000,13.1659,143.3261,3683198630747,10.0895,9.7528,0.3367,4.2083,8.4937,8.4937,0.0000,NA,0.0000,NA,NA,NA,NA
Endfield.exe,53680,0x125AB2630,DXGI,0,512,0,Composed: Flip,Application,3683198827281,38.3305,9.90060000000000,15.79660000000000,0.49130000000000,3.51660000000000,19.0619,120.7922,3683198731642,10.0552,9.5639,0.4913,2.6125,10.4680,10.4654,0.0026,-2.4559,4787.9860,NA,22.6291,NA,NA
Endfield.exe,53680,0x125AB2630,DXGI,0,512,0,Composed: Flip,Application,3683198929336,NA,10.20550000000000,8.30140000000000,0.19550000000000,4.14680000000000,17.1578,129.0936,3683198832194,9.9097,9.7142,0.1955,3.0253,10.8357,10.8198,0.0159,NA,0.0000,NA,NA,NA,NA
Endfield.exe,53680,0x125AB2630,DXGI,0,512,0,Composed: Flip,Application,3683199033212,NA,10.38760000000000,8.29060000000000,0.15910000000000,4.19650000000000,15.0608,137.3842,3683198931291,10.3512,10.1921,0.1591,3.9513,10.4373,10.4373,0.0000,NA,0.0000,NA,NA,NA,NA
Endfield.exe,53680,0x125AB2630,DXGI,0,512,0,Composed: Flip,Application,3683199133401,NA,10.01890000000000,9.27970000000000,0.15470000000000,3.58650000000000,14.3216,146.6639,3683199034803,10.0145,9.8598,0.1547,4.0374,9.4089,9.4089,0.0000,NA,0.0000,NA,NA,NA,NA
Endfield.exe,53680,0x125AB2630,DXGI,0,512,0,Composed: Flip,Application,3683199233499,42.3144,10.00980000000000,7.41840000000000,0.13960000000000,3.64300000000000,11.7302,111.7679,3683199134948,9.9947,9.8551,0.1396,3.4318,10.0663,10.0633,0.0030,9.0243,4830.3004,NA,13.4053,NA,NA
Endfield.exe,53680,0x125AB2630,DXGI,0,512,0,Composed: Flip,Application,3683199335061,NA,10.15620000000000,8.35170000000000,0.18000000000000,2.35770000000000,9.9257,120.1196,3683199234895,10.1966,10.0166,0.1800,3.5034,8.8709,8.8577,0.0132,NA,0.0000,NA,NA,NA,NA
Endfield.exe,53680,0x125AB2630,DXGI,0,512,0,Composed: Flip,Application,3683199436883,NA,10.18220000000000,17.56200000000000,0.15750000000000,4.74950000000000,17.3055,137.6816,3683199336861,10.1597,10.0022,0.1575,2.1777,12.5740,12.5740,0.0000,NA,0.0000,NA,NA,NA,NA
Endfield.exe,53680,0x125AB2630,DXGI,0,512,0,Composed: Flip,Application,3683199539690,NA,10.28070000000000,7.43320000000000,0.13130000000000,4.02450000000000,14.4580,145.1148,3683199438458,10.2545,10.1232,0.1313,4.5920,9.5557,9.5557,0.0000,NA,0.0000,NA,NA,NA,NA
Endfield.exe,53680,0x125AB2630,DXGI,0,512,0,Composed: Flip,Application,3683199647457,38.6261,10.77670000000000,8.37450000000000,0.15700000000000,3.67610000000000,12.0558,115.8946,3683199541003,10.8024,10.6454,0.1570,3.8932,10.4283,10.4256,0.0027,-3.0953,4868.9265,NA,13.6456,NA,NA
Endfield.exe,53680,0x125AB2630,DXGI,0,512,0,Composed: Flip,Application,3683199749406,NA,10.19490000000000,9.20260000000000,0.18900000000000,4.26170000000000,11.0635,125.0972,3683199649027,10.2269,10.0379,0.1890,3.5191,10.7805,10.7643,0.0162,NA,0.0000,NA,NA,NA,NA
Endfield.exe,53680,0x125AB2630,DXGI,0,512,0,Composed: Flip,Application,3683199850341,NA,10.09350000000000,15.79130000000000,0.17040000000000,4.47270000000000,16.7613,140.8885,3683199751296,10.0749,9.9045,0.1704,4.0727,10.3045,10.3045,0.0000,NA,0.0000,NA,NA,NA,NA
Endfield.exe,53680,0x125AB2630,DXGI,0,512,0,Composed: Flip,Application,3683199952153,NA,10.18120000000000,8.25730000000000,0.18040000000000,4.80030000000000,14.8374,149.1458,3683199852045,10.1912,10.0108,0.1804,4.3023,10.5088,10.5088,0.0000,NA,0.0000,NA,NA,NA,NA
Endfield.exe,53680,0x125AB2630,DXGI,0,512,0,Composed: Flip,Application,3683200057947,41.3333,10.57940000000000,8.38040000000000,0.13240000000000,3.78830000000000,12.6384,116.1929,3683199953957,10.5314,10.3990,0.1324,4.6199,9.5674,9.5644,0.0030,-0.2983,4910.2598,NA,16.1626,NA,NA
Endfield.exe,53680,0x125AB2630,DXGI,0,512,0,Composed: Flip,Application,3683200161609,NA,10.36620000000000,17.56570000000000,0.17120000000000,4.26800000000000,19.8379,133.7586,3683200059271,10.4050,10.2338,0.1712,3.6559,10.8459,10.8266,0.0193,NA,0.0000,NA,NA,NA,NA
Endfield.exe,53680,0x125AB2630,DXGI,0,512,0,Composed: Flip,Application,3683200262177,NA,10.05680000000000,7.40540000000000,0.15500000000000,4.36890000000000,17.1865,141.1640,3683200163321,10.0406,9.8856,0.1550,4.0968,10.1577,10.1577,0.0000,NA,0.0000,NA,NA,NA,NA
Endfield.exe,53680,0x125AB2630,DXGI,0,512,0,Composed: Flip,Application,3683200364751,NA,10.25740000000000,8.38070000000000,0.15610000000000,4.70710000000000,15.3098,149.5447,3683200263727,10.2585,10.1024,0.1561,4.2139,10.5956,10.5956,0.0000,NA,0.0000,NA,NA,NA,NA
Endfield.exe,53680,0x125AB2630,DXGI,0,512,0,Composed: Flip,Application,3683200466559,41.4071,10.18080000000000,9.20830000000000,0.14970000000000,4.07740000000000,14.3373,117.3459,3683200366312,10.1744,10.0247,0.1497,4.5510,9.5511,9.5481,0.0030,-1.1530,4951.6669,NA,31.6125,NA,NA
Endfield.exe,53680,0x125AB2630,DXGI,0,512,0,Composed: Flip,Application,3683200564981,NA,9.84220000000000,7.41840000000000,0.17470000000000,2.71660000000000,11.9135,124.7643,3683200468056,9.8672,9.6925,0.1747,3.9277,8.4814,8.4628,0.0186,NA,0.0000,NA,NA,NA,NA
Endfield.exe,53680,0x125AB2630,DXGI,0,512,0,Composed: Flip,Application,3683200665769,NA,10.07880000000000,17.58710000000000,0.14040000000000,2.86930000000000,19.4218,142.3514,3683200566728,10.0445,9.9041,0.1404,2.5419,10.2315,10.2315,0.0000,NA,0.0000,NA,NA,NA,NA
Endfield.exe,53680,0x125AB2630,DXGI,0,512,0,Composed: Flip,Application,3683200770291,NA,10.45220000000000,7.43030000000000,0.16140000000000,4.18480000000000,16.3999,149.7817,3683200667173,10.4732,10.3118,0.1614,2.7289,11.7677,11.7677,0.0000,NA,0.0000,NA,NA,NA,NA
Endfield.exe,53680,0x125AB2630,DXGI,0,512,0,Composed: Flip,Application,3683200866045,39.9118,9.57540000000000,8.35090000000000,0.14840000000000,3.72960000000000,15.1754,118.2208,3683200771905,9.5624,9.4140,0.1484,4.0234,9.1202,9.1173,0.0029,-0.8749,4991.5787,NA,41.3737,NA,NA
Endfield.exe,53680,0x125AB2630,DXGI,0,512,0,Composed: Flip,Application,3683200974511,NA,10.84660000000000,8.26620000000000,0.85990000000000,2.56520000000000,12.5950,126.4870,3683200867529,11.5581,10.6982,0.8599,3.5812,9.6822,9.6720,0.0102,NA,0.0000,NA,NA,NA,NA
Endfield.exe,53680,0x125AB2630,DXGI,0,512,0,Composed: Flip,Application,3683201069244,NA,9.47330000000000,9.30230000000000,0.15860000000000,2.32540000000000,12.4240,135.7893,3683200983110,8.7720,8.6134,0.1586,1.7053,9.2335,9.2335,0.0000,NA,0.0000,NA,NA,NA,NA
Endfield.exe,53680,0x125AB2630,DXGI,0,512,0,Composed: Flip,Application,3683201171160,NA,10.19160000000000,15.72790000000000,0.16000000000000,4.12820000000000,17.9603,151.5172,3683201070830,10.1930,10.0330,0.1600,2.1668,11.9944,11.9944,0.0000,NA,0.0000,NA,NA,NA,NA
Endfield.exe,53680,0x125AB2630,DXGI,0,512,0,Composed: Flip,Application,3683201276428,40.7649,10.52680000000000,8.34300000000000,0.14320000000000,3.68740000000000,15.7765,119.3450,3683201172760,10.5100,10.3668,0.1432,3.9682,10.0860,10.0847,0.0013,-0.8745,5032.3436,NA,20.3089,NA,NA
Endfield.exe,53680,0x125AB2630,DXGI,0,512,0,Composed: Flip,Application,3683201378013,NA,10.15850000000000,8.37410000000000,0.16610000000000,2.79950000000000,13.9921,127.7191,3683201277860,10.1814,10.0153,0.1661,3.5442,9.2706,9.2555,0.0151,NA,0.0000,NA,NA,NA,NA
Endfield.exe,53680,0x125AB2630,DXGI,0,512,0,Composed: Flip,Application,3683201479409,NA,10.13960000000000,8.26220000000000,0.21950000000000,2.98020000000000,12.1147,135.9813,3683201379674,10.1930,9.9735,0.2195,2.6334,10.3203,10.3203,0.0000,NA,0.0000,NA,NA,NA,NA
Endfield.exe,53680,0x125AB2630,DXGI,0,512,0,Composed: Flip,Application,3683201582671,NA,10.32620000000000,8.34130000000000,0.14860000000000,2.76150000000000,10.1298,144.3226,3683201481604,10.2553,10.1067,0.1486,2.7607,10.1075,10.1075,0.0000,NA,0.0000,NA,NA,NA,NA
Endfield.exe,53680,0x125AB2630,DXGI,0,512,0,Composed: Flip,Application,3683201701238,40.5549,11.85670000000000,16.67420000000000,0.16810000000000,3.67740000000000,14.9473,120.4419,3683201584157,11.8762,11.7081,0.1681,2.6129,12.7726,12.7701,0.0025,-1.0969,5072.8985,NA,35.9233,NA,NA
Endfield.exe,53680,0x125AB2630,DXGI,0,512,0,Composed: Flip,Application,3683201804403,NA,10.31650000000000,8.33370000000000,0.23160000000000,3.95480000000000,12.9645,128.7756,3683201702919,10.3800,10.1484,0.2316,3.5093,10.5939,10.5809,0.0130,NA,0.0000,NA,NA,NA,NA
Endfield.exe,53680,0x125AB2630,DXGI,0,512,0,Composed: Flip,Application,3683201908224,NA,10.38210000000000,16.70690000000000,0.18590000000000,4.05060000000000,19.2893,145.4825,3683201806719,10.3364,10.1505,0.1859,3.7232,10.4779,10.4779,0.0000,NA,0.0000,NA,NA,NA,NA
Endfield.exe,53680,0x125AB2630,DXGI,0,512,0,Composed: Flip,Application,3683202010367,NA,10.21430000000000,9.23200000000000,0.18350000000000,4.96140000000000,18.3070,154.7145,3683201910083,10.2119,10.0284,0.1835,3.8647,11.1251,11.1251,0.0000,NA,0.0000,NA,NA,NA,NA
Endfield.exe,53680,0x125AB2630,DXGI,0,512,0,Composed: Flip,Application,3683202127550,42.3176,11.71830000000000,7.46950000000000,0.19170000000000,6.48200000000000,14.0582,119.8664,3683202012202,11.7265,11.5348,0.1917,4.7779,13.2389,13.2358,0.0031,0.5755,5115.2161,NA,NA,NA,NA
Endfield.exe,53680,0x125AB2630,DXGI,0,512,0,Composed: Flip,Application,3683202231717,NA,10.41670000000000,8.26190000000000,0.23100000000000,4.05560000000000,11.9034,128.1283,3683202129467,10.4560,10.2250,0.2310,6.2903,7.9903,7.9831,0.0072,NA,0.0000,NA,NA,NA,NA
Endfield.exe,53680,0x125AB2630,DXGI,0,512,0,Composed: Flip,Application,3683202332518,NA,10.08010000000000,9.25850000000000,0.19910000000000,4.07790000000000,11.0818,137.3868,3683202234027,10.0482,9.8491,0.1991,3.8246,10.1024,10.1024,0.0000,NA,0.0000,NA,NA,NA,NA
Endfield.exe,53680,0x125AB2630,DXGI,0,512,0,Composed: Flip,Application,3683202450232,NA,11.77140000000000,15.73680000000000,0.15410000000000,3.05460000000000,15.0472,153.1236,3683202334509,11.7264,11.5723,0.1541,3.8788,10.7481,10.7481,0.0000,NA,0.0000,NA,NA,NA,NA
Endfield.exe,53680,0x125AB2630,DXGI,0,512,0,Composed: Flip,Application,3683202536645,44.1495,8.64130000000000,8.34590000000000,0.15590000000000,3.73430000000000,14.7518,117.3200,3683202451773,8.6431,8.4872,0.1559,2.9005,9.3210,9.3185,0.0025,2.5464,5159.3656,NA,NA,NA,NA
Endfield.exe,53680,0x125AB2630,DXGI,0,512,0,Composed: Flip,Application,3683202640296,NA,10.36510000000000,9.25290000000000,0.19770000000000,2.80240000000000,13.6396,126.5729,3683202538204,10.4069,10.2092,0.1977,3.5784,9.4332,9.4205,0.0127,NA,0.0000,NA,NA,NA,NA
Endfield.exe,53680,0x125AB2630,DXGI,0,512,0,Composed: Flip,Application,3683202741242,NA,10.09460000000000,15.73640000000000,0.16450000000000,4.16250000000000,19.2814,142.3093,3683202642273,10.0614,9.8969,0.1645,2.6047,11.4547,11.4547,0.0000,NA,0.0000,NA,NA,NA,NA
Endfield.exe,53680,0x125AB2630,DXGI,0,512,0,Composed: Flip,Application,3683202843623,NA,10.23810000000000,9.27860000000000,0.13180000000000,4.10920000000000,18.3219,151.5879,3683202742887,10.2054,10.0736,0.1318,3.9980,10.1848,10.1848,0.0000,NA,0.0000,NA,NA,NA,NA
Endfield.exe,53680,0x125AB2630,DXGI,0,512,0,Composed: Flip,Application,3683202948389,39.0265,10.47660000000000,15.70820000000000,0.38710000000000,3.97430000000000,23.5535,128.8586,3683202844941,10.7319,10.3448,0.3871,3.9774,10.3417,10.3394,0.0023,-10.9496,5198.3921,NA,NA,NA,NA
Endfield.exe,53680,0x125AB2630,DXGI,0,512,0,Composed: Flip,Application,3683203051480,NA,10.30910000000000,0.94540000000000,0.18820000000000,4.42210000000000,14.1898,129.8040,3683202952260,10.1102,9.9220,0.1882,3.5872,10.7569,10.7438,0.0131,NA,0.0000,NA,NA,NA,NA
Endfield.exe,53680,0x125AB2630,DXGI,0,512,0,Composed: Flip,Application,3683203151928,NA,10.04480000000000,15.71300000000000,0.14820000000000,4.26970000000000,19.8580,145.5170,3683203053362,10.0048,9.8566,0.1482,4.2339,9.8924,9.8924,0.0000,NA,0.0000,NA,NA,NA,NA
Endfield.exe,53680,0x125AB2630,DXGI,0,512,0,Composed: Flip,Application,3683203256249,NA,10.43210000000000,8.35490000000000,0.42420000000000,3.93370000000000,17.7808,153.8719,3683203153410,10.7081,10.2839,0.4242,4.1215,10.0961,10.0961,0.0000,NA,0.0000,NA,NA,NA,NA
Endfield.exe,53680,0x125AB2630,DXGI,0,512,0,Composed: Flip,Application,3683203358197,41.4022,10.19480000000000,9.25820000000000,0.15120000000000,3.66390000000000,16.8442,121.7279,3683203260491,9.9218,9.7706,0.1512,3.5095,9.9250,9.9223,0.0027,7.1307,5239.7943,NA,28.5191,NA,NA
Endfield.exe,53680,0x125AB2630,DXGI,0,512,0,Composed: Flip,Application,3683203461188,NA,10.29910000000000,7.40680000000000,0.16590000000000,4.18910000000000,13.9519,129.1347,3683203359709,10.3138,10.1479,0.1659,3.5127,10.8243,10.8076,0.0167,NA,0.0000,NA,NA,NA,NA
Endfield.exe,53680,0x125AB2630,DXGI,0,512,0,Composed: Flip,Application,3683203563246,NA,10.20580000000000,8.34310000000000,0.16840000000000,2.91080000000000,12.0892,137.4778,3683203462847,10.2083,10.0399,0.1684,4.0232,8.9275,8.9275,0.0000,NA,0.0000,NA,NA,NA,NA
Endfield.exe,53680,0x125AB2630,DXGI,0,512,0,Composed: Flip,Application,3683203666922,NA,10.36760000000000,17.60290000000000,0.16220000000000,3.92920000000000,19.3245,155.0807,3683203564930,10.3614,10.1992,0.1622,2.7424,11.3860,11.3860,0.0000,NA,0.0000,NA,NA,NA,NA
Endfield.exe,53680,0x125AB2630,DXGI,0,512,0,Composed: Flip,Application,3683203764066,41.0417,9.71440000000000,7.41030000000000,0.13670000000000,3.81060000000000,17.0204,121.4493,3683203668544,9.6889,9.5522,0.1367,3.7670,9.5958,9.5933,0.0025,0.2786,5280.8360,NA,NA,NA,NA
Endfield.exe,53680,0x125AB2630,DXGI,0,512,0,Composed: Flip,Application,3683203867687,NA,10.36210000000000,8.34210000000000,0.15760000000000,4.07500000000000,15.0004,129.7914,3683203765433,10.3830,10.2254,0.1576,3.6739,10.6265,10.6126,0.0139,NA,0.0000,NA,NA,NA,NA
Endfield.exe,53680,0x125AB2630,DXGI,0,512,0,Composed: Flip,Application,3683203969318,NA,10.16310000000000,8.28780000000000,0.14530000000000,3.63460000000000,13.1251,138.0792,3683203869263,10.1508,10.0055,0.1453,3.9174,9.7227,9.7227,0.0000,NA,0.0000,NA,NA,NA,NA
Endfield.exe,53680,0x125AB2630,DXGI,0,512,0,Composed: Flip,Application,3683204072218,NA,10.29000000000000,8.34140000000000,0.12210000000000,3.15190000000000,11.1765,146.4206,3683203970771,10.2668,10.1447,0.1221,3.4893,9.8073,9.8073,0.0000,NA,0.0000,NA,NA,NA,NA
Endfield.exe,53680,0x125AB2630,DXGI,0,512,0,Composed: Flip,Application,3683204181612,41.3742,10.93940000000000,17.61860000000000,0.16090000000000,3.77210000000000,17.8557,122.6650,3683204073439,10.9782,10.8173,0.1609,3.0298,11.5596,11.5565,0.0031,-1.2157,5322.2102,NA,NA,NA,NA
Endfield.exe,53680,0x125AB2630,DXGI,0,512,0,Composed: Flip,Application,3683204283316,NA,10.17040000000000,7.37780000000000,0.15200000000000,4.25250000000000,15.0631,130.0428,3683204183221,10.1615,10.0095,0.1520,3.6112,10.6508,10.6354,0.0154,NA,0.0000,NA,NA,NA,NA
Endfield.exe,53680,0x125AB2630,DXGI,0,512,0,Composed: Flip,Application,3683204385908,NA,10.25920000000000,8.37230000000000,0.19090000000000,3.92550000000000,13.1762,138.4151,3683204284836,10.2981,10.1072,0.1909,4.1005,9.9322,9.9322,0.0000,NA,0.0000,NA,NA,NA,NA
Endfield.exe,53680,0x125AB2630,DXGI,0,512,0,Composed: Flip,Application,3683204489702,NA,10.37940000000000,8.31160000000000,0.15610000000000,3.59730000000000,11.1084,146.7267,3683204387817,10.3446,10.1885,0.1561,3.7346,10.0512,10.0512,0.0000,NA,0.0000,NA,NA,NA,NA
Endfield.exe,53680,0x125AB2630,DXGI,0,512,0,Composed: Flip,Application,3683204589091,40.4486,9.93890000000000,9.27120000000000,0.13730000000000,3.87820000000000,10.4407,115.5493,3683204491263,9.9201,9.7828,0.1373,3.4412,10.2198,10.2176,0.0022,7.1157,5362.6588,NA,34.1614,NA,NA
Endfield.exe,53680,0x125AB2630,DXGI,0,512,0,Composed: Flip,Application,3683204692732,NA,10.36410000000000,24.06420000000000,0.19850000000000,4.10930000000000,24.1408,139.6135,3683204590464,10.4253,10.2268,0.1985,3.7409,10.5952,10.5842,0.0110,NA,0.0000,NA,NA,NA,NA
Endfield.exe,53680,0x125AB2630,DXGI,0,512,0,Composed: Flip,Application,3683204795481,NA,10.27490000000000,0.93110000000000,0.28930000000000,3.92010000000000,14.7970,140.5446,3683204694717,10.3657,10.0764,0.2893,3.9108,10.0857,10.0857,0.0000,NA,0.0000,NA,NA,NA,NA
Endfield.exe,53680,0x125AB2630,DXGI,0,512,0,Composed: Flip,Application,3683204896547,NA,10.10660000000000,7.38760000000000,0.16500000000000,4.06820000000000,12.0780,147.9322,3683204798374,9.9823,9.8173,0.1650,3.6308,10.2547,10.2547,0.0000,NA,0.0000,NA,NA,NA,NA
Endfield.exe,53680,0x125AB2630,DXGI,0,512,0,Composed: Flip,Application,3683204997403,44.1041,10.08560000000000,8.31250000000000,0.14330000000000,1.72410000000000,10.3049,112.1406,3683204898197,10.0639,9.9206,0.1433,3.9032,7.7415,7.7407,0.0008,3.4087,5406.7629,NA,NA,NA,NA
Endfield.exe,53680,0x125AB2630,DXGI,0,512,0,Composed: Flip,Application,3683205100288,NA,10.28850000000000,9.28200000000000,0.25720000000000,2.34980000000000,9.2984,121.4226,3683204998836,10.4024,10.1452,0.2572,1.5808,10.9142,10.8978,0.0164,NA,0.0000,NA,NA,NA,NA
Endfield.exe,53680,0x125AB2630,DXGI,0,512,0,Composed: Flip,Application,3683205201977,NA,10.16890000000000,16.67470000000000,0.13760000000000,4.35740000000000,15.8042,138.0973,3683205102860,10.0493,9.9117,0.1376,2.0926,12.1765,12.1765,0.0000,NA,0.0000,NA,NA,NA,NA
Endfield.exe,53680,0x125AB2630,DXGI,0,512,0,Composed: Flip,Application,3683205304496,NA,10.25190000000000,7.43700000000000,0.12870000000000,2.23620000000000,12.9893,145.5343,3683205203353,10.2430,10.1143,0.1287,4.2198,8.1307,8.1307,0.0000,NA,0.0000,NA,NA,NA,NA
Endfield.exe,53680,0x125AB2630,DXGI,0,512,0,Composed: Flip,Application,3683205398480,38.3465,9.39840000000000,8.28910000000000,0.14180000000000,3.98230000000000,11.8800,115.4769,3683205305783,9.4115,9.2697,0.1418,2.1075,11.1445,11.1421,0.0024,-3.3363,5445.1094,NA,NA,NA,NA
Endfield.exe,53680,0x125AB2630,DXGI,0,512,0,Composed: Flip,Application,3683205500936,NA,10.24560000000000,9.27660000000000,0.14340000000000,2.98640000000000,10.9110,124.7535,3683205399898,10.2472,10.1038,0.1434,3.8405,9.2497,9.2361,0.0136,NA,0.0000,NA,NA,NA,NA
Endfield.exe,53680,0x125AB2630,DXGI,0,512,0,Composed: Flip,Application,3683205602946,NA,10.20100000000000,15.76260000000000,0.13240000000000,4.65050000000000,16.4726,140.5161,3683205502370,10.1900,10.0576,0.1324,2.8430,11.8651,11.8651,0.0000,NA,0.0000,NA,NA,NA,NA
Endfield.exe,53680,0x125AB2630,DXGI,0,512,0,Composed: Flip,Application,3683205705410,NA,10.24640000000000,9.23820000000000,0.13700000000000,4.88340000000000,15.4644,149.7543,3683205604270,10.2510,10.1140,0.1370,4.5181,10.4793,10.4793,0.0000,NA,0.0000,NA,NA,NA,NA
Endfield.exe,53680,0x125AB2630,DXGI,0,512,0,Composed: Flip,Application,3683205808015,40.2689,10.26050000000000,7.38490000000000,0.12870000000000,3.73880000000000,12.5888,116.9695,3683205706780,10.2522,10.1235,0.1287,4.7464,9.1159,9.1149,0.0010,-1.3934,5485.3783,NA,NA,NA,NA
Endfield.exe,53680,0x125AB2630,DXGI,0,512,0,Composed: Flip,Application,3683205911102,NA,10.30870000000000,16.68710000000000,0.17860000000000,4.37160000000000,18.9672,133.6566,3683205809302,10.3586,10.1800,0.1786,3.6101,10.9415,10.9282,0.0133,NA,0.0000,NA,NA,NA,NA
Endfield.exe,53680,0x125AB2630,DXGI,0,512,0,Composed: Flip,Application,3683206011955,NA,10.08530000000000,9.27630000000000,0.15870000000000,5.38490000000000,18.1582,142.9329,3683205912888,10.0654,9.9067,0.1587,4.1930,11.0986,11.0986,0.0000,NA,0.0000,NA,NA,NA,NA
Endfield.exe,53680,0x125AB2630,DXGI,0,512,0,Composed: Flip,Application,3683206114163,NA,10.22080000000000,7.37650000000000,0.12720000000000,4.31960000000000,15.3139,150.3094,3683206013542,10.1893,10.0621,0.1272,5.2262,9.1555,9.1555,0.0000,NA,0.0000,NA,NA,NA,NA
Endfield.exe,53680,0x125AB2630,DXGI,0,512,0,Composed: Flip,Application,3683206211596,39.5778,9.74330000000000,8.34690000000000,0.15720000000000,4.06910000000000,13.9175,119.0785,3683206115435,9.7733,9.6161,0.1572,4.1924,9.4928,9.4903,0.0025,-2.1090,5524.9561,NA,29.8781,NA,NA
Endfield.exe,53680,0x125AB2630,DXGI,0,512,0,Composed: Flip,Application,3683206316144,NA,10.45480000000000,9.25830000000000,0.19590000000000,2.67440000000000,12.7210,128.3368,3683206213168,10.4935,10.2976,0.1959,3.9119,9.0601,9.0456,0.0145,NA,0.0000,NA,NA,NA,NA
Endfield.exe,53680,0x125AB2630,DXGI,0,512,0,Composed: Flip,Application,3683206414151,NA,9.80070000000000,15.73440000000000,0.14520000000000,4.18330000000000,18.6547,144.0712,3683206318103,9.7500,9.6048,0.1452,2.4785,11.3096,11.3096,0.0000,NA,0.0000,NA,NA,NA,NA
Endfield.exe,53680,0x125AB2630,DXGI,0,512,0,Composed: Flip,Application,3683206517664,NA,10.35130000000000,9.38230000000000,0.16850000000000,4.08900000000000,17.6857,153.4535,3683206415603,10.3746,10.2061,0.1685,4.0381,10.2570,10.2570,0.0000,NA,0.0000,NA,NA,NA,NA
Endfield.exe,53680,0x125AB2630,DXGI,0,512,0,Composed: Flip,Application,3683206623116,41.2952,10.54520000000000,15.61450000000000,0.16410000000000,6.64660000000000,22.7550,127.7728,3683206519349,10.5408,10.3767,0.1641,3.9205,13.1028,13.1003,0.0025,-8.6943,5566.2513,NA,NA,NA,NA
Endfield.exe,53680,0x125AB2630,DXGI,0,512,0,Composed: Flip,Application,3683206724742,NA,10.16260000000000,0.94680000000000,0.15930000000000,4.17730000000000,13.5392,128.7196,3683206624757,10.1578,9.9985,0.1593,6.4825,7.6933,7.6871,0.0062,NA,0.0000,NA,NA,NA,NA
Endfield.exe,53680,0x125AB2630,DXGI,0,512,0,Composed: Flip,Application,3683206828060,NA,10.33180000000000,15.72330000000000,0.16200000000000,4.04190000000000,18.9307,144.4429,3683206726335,10.3345,10.1725,0.1620,4.0180,10.1964,10.1964,0.0000,NA,0.0000,NA,NA,NA,NA
Endfield.exe,53680,0x125AB2630,DXGI,0,512,0,Composed: Flip,Application,3683206928339,NA,10.02790000000000,16.67250000000000,0.11860000000000,4.20950000000000,25.5753,161.1154,3683206829680,9.9845,9.8659,0.1186,3.8799,10.1955,10.1955,0.0000,NA,0.0000,NA,NA,NA,NA
Endfield.exe,53680,0x125AB2630,DXGI,0,512,0,Composed: Flip,Application,3683207034239,40.9773,10.59000000000000,NA,0.17010000000000,6.64000000000000,NA,NA,3683206929525,10.6415,10.4714,0.1701,4.0909,13.0205,13.0183,0.0022,NA,NA,NA,NA,NA,NA
Endfield.exe,53680,0x125AB2630,DXGI,0,512,0,Composed: Flip,Application,3683207137773,NA,10.35340000000000,8.33320000000000,0.22350000000000,4.16340000000000,12.9651,128.4713,3683207035940,10.4068,10.1833,0.2235,6.4699,7.8768,7.8216,0.0552,NA,0.0000,NA,NA,NA,NA
Endfield.exe,53680,0x125AB2630,DXGI,0,512,0,Composed: Flip,Application,3683207237469,NA,9.96960000000000,9.29100000000000,0.17810000000000,4.19430000000000,12.2865,137.7623,3683207140008,9.9242,9.7461,0.1781,3.9399,10.0005,10.0005,0.0000,NA,0.0000,NA,NA,NA,NA
Endfield.exe,53680,0x125AB2630,DXGI,0,512,0,Composed: Flip,Application,3683207340399,NA,10.29300000000000,15.72440000000000,0.13240000000000,4.07290000000000,17.7179,153.4867,3683207239250,10.2473,10.1149,0.1324,4.0162,10.1716,10.1716,0.0000,NA,0.0000,NA,NA,NA,NA
Endfield.exe,53680,0x125AB2630,DXGI,0,512,0,Composed: Flip,Application,3683207432478,40.7790,9.20790000000000,8.33450000000000,0.16360000000000,3.69960000000000,16.8445,120.8652,3683207341723,9.2391,9.0755,0.1636,3.9405,8.8346,8.8314,0.0032,6.7306,5648.0076,NA,NA,NA,NA
Endfield.exe,53680,0x125AB2630,DXGI,0,512,0,Composed: Flip,Application,3683207533188,NA,10.07100000000000,9.25700000000000,0.15670000000000,2.53030000000000,16.0305,130.1222,3683207434114,10.0641,9.9074,0.1567,3.5360,8.9017,8.8858,0.0159,NA,0.0000,NA,NA,NA,NA
Endfield.exe,53680,0x125AB2630,DXGI,0,512,0,Composed: Flip,Application,3683207634100,NA,10.09120000000000,7.40920000000000,0.14900000000000,2.82570000000000,13.3485,137.5314,3683207534755,10.0835,9.9345,0.1490,2.3736,10.3866,10.3866,0.0000,NA,0.0000,NA,NA,NA,NA
Endfield.exe,53680,0x125AB2630,DXGI,0,512,0,Composed: Flip,Application,3683207735594,NA,10.14940000000000,9.33780000000000,0.12280000000000,2.41720000000000,12.5369,146.8692,3683207635590,10.1232,10.0004,0.1228,2.6767,9.7409,9.7409,0.0000,NA,0.0000,NA,NA,NA,NA
Endfield.exe,53680,0x125AB2630,DXGI,0,512,0,Composed: Flip,Application,3683207838207,41.4275,10.26130000000000,15.75890000000000,0.14090000000000,3.77380000000000,18.0345,121.2006,3683207736822,10.2794,10.1385,0.1409,2.2944,11.6179,11.6154,0.0025,-0.3354,5689.4351,NA,34.6673,NA,NA
Endfield.exe,53680,0x125AB2630,DXGI,0,512,0,Composed: Flip,Application,3683207941314,NA,10.31070000000000,8.21470000000000,0.18870000000000,4.16960000000000,15.9385,129.4153,3683207839616,10.3585,10.1698,0.1887,3.6329,10.7065,10.6898,0.0167,NA,0.0000,NA,NA,NA,NA
Endfield.exe,53680,0x125AB2630,DXGI,0,512,0,Composed: Flip,Application,3683208041682,NA,10.03680000000000,8.33310000000000,0.15930000000000,4.20990000000000,14.2348,137.7484,3683207943201,10.0074,9.8481,0.1593,3.9809,10.0771,10.0771,0.0000,NA,0.0000,NA,NA,NA,NA
Endfield.exe,53680,0x125AB2630,DXGI,0,512,0,Composed: Flip,Application,3683208144182,NA,10.25000000000000,8.32140000000000,0.12850000000000,2.54150000000000,12.3062,146.0698,3683208043275,10.2192,10.0907,0.1285,4.0506,8.5816,8.5816,0.0000,NA,0.0000,NA,NA,NA,NA
Endfield.exe,53680,0x125AB2630,DXGI,0,512,0,Composed: Flip,Application,3683208249714,39.7891,10.55320000000000,17.63440000000000,0.16770000000000,3.83730000000000,19.3874,123.9151,3683208145467,10.5924,10.4247,0.1677,2.4130,11.8490,11.8461,0.0029,-2.7145,5729.2242,NA,21.1977,NA,NA
Endfield.exe,53680,0x125AB2630,DXGI,0,512,0,Composed: Flip,Application,3683208350856,NA,10.11420000000000,7.37670000000000,0.16820000000000,4.40300000000000,16.6499,131.2918,3683208251391,10.1147,9.9465,0.1682,3.6696,10.6799,10.6655,0.0144,NA,0.0000,NA,27.5476,NA,NA
Endfield.exe,53680,0x125AB2630,DXGI,0,512,0,Composed: Flip,Application,3683208452702,NA,10.18460000000000,8.33350000000000,0.19740000000000,4.22100000000000,14.7988,139.6253,3683208352538,10.2138,10.0164,0.1974,4.2348,10.0026,10.0026,0.0000,NA,0.0000,NA,NA,NA,NA
Endfield.exe,53680,0x125AB2630,DXGI,0,512,0,Composed: Flip,Application,3683208556282,NA,10.35800000000000,9.31920000000000,0.15850000000000,2.98700000000000,13.7600,148.9445,3683208454676,10.3191,10.1606,0.1585,4.0236,9.1240,9.1240,0.0000,NA,0.0000,NA,NA,NA,NA
Endfield.exe,53680,0x125AB2630,DXGI,0,512,0,Composed: Flip,Application,3683208657371,41.0672,10.10890000000000,7.33550000000000,0.15670000000000,3.64640000000000,10.9866,115.2128,3683208557867,10.1071,9.9504,0.1567,2.8285,10.7683,10.7661,0.0022,8.7023,5770.2914,NA,15.5322,NA,NA
Endfield.exe,53680,0x125AB2630,DXGI,0,512,0,Composed: Flip,Application,3683208757312,NA,9.99410000000000,17.61940000000000,0.43990000000000,2.55320000000000,18.6119,132.8322,3683208658938,10.2773,9.8374,0.4399,3.4897,8.9009,8.8852,0.0157,NA,0.0000,NA,NA,NA,NA
Endfield.exe,53680,0x125AB2630,DXGI,0,512,0,Composed: Flip,Application,3683208862427,NA,10.51150000000000,7.41540000000000,0.40940000000000,3.42870000000000,15.5158,140.2476,3683208761711,10.4810,10.0716,0.4094,2.1133,11.3870,11.3870,0.0000,NA,0.0000,NA,NA,NA,NA
Endfield.exe,53680,0x125AB2630,DXGI,0,512,0,Composed: Flip,Application,3683208962082,NA,9.96550000000000,8.32310000000000,0.24590000000000,4.36070000000000,13.8734,148.5707,3683208866521,9.8020,9.5561,0.2459,3.0193,10.8975,10.8975,0.0000,NA,0.0000,NA,NA,NA,NA
Endfield.exe,53680,0x125AB2630,DXGI,0,512,0,Composed: Flip,Application,3683209070057,44.8190,10.79750000000000,8.35430000000000,0.13780000000000,3.82080000000000,11.4302,112.1060,3683208964541,10.6894,10.5516,0.1378,4.1148,10.2576,10.2568,0.0008,3.1068,5815.1104,NA,14.2431,NA,NA
Endfield.exe,53680,0x125AB2630,DXGI,0,512,0,Composed: Flip,Application,3683209175321,NA,10.52640000000000,9.25690000000000,0.26370000000000,4.27590000000000,10.1607,121.3629,3683209071435,10.6523,10.3886,0.2637,3.6830,10.9815,10.9699,0.0116,NA,0.0000,NA,NA,NA,NA
Endfield.exe,53680,0x125AB2630,DXGI,0,512,0,Composed: Flip,Application,3683209274946,NA,9.96250000000000,16.67540000000000,0.16540000000000,4.67610000000000,16.8736,138.0383,3683209177958,9.8642,9.6988,0.1654,4.0122,10.3627,10.3627,0.0000,NA,0.0000,NA,NA,NA,NA
Endfield.exe,53680,0x125AB2630,DXGI,0,512,0,Composed: Flip,Application,3683209376450,NA,10.15040000000000,7.37930000000000,0.11750000000000,3.33780000000000,14.1025,145.4176,3683209276600,10.1025,9.9850,0.1175,4.5107,8.8121,8.8121,0.0000,NA,0.0000,NA,NA,NA,NA
Endfield.exe,53680,0x125AB2630,DXGI,0,512,0,Composed: Flip,Application,3683209468557,37.1883,9.21070000000000,8.32310000000000,0.14200000000000,4.46950000000000,13.2149,116.5524,3683209377625,9.2352,9.0932,0.1420,3.2203,10.3424,10.3400,0.0024,-4.4464,5852.2987,NA,16.8857,NA,NA
Endfield.exe,53680,0x125AB2630,DXGI,0,512,0,Composed: Flip,Application,3683209569805,NA,10.12480000000000,8.35810000000000,0.19280000000000,3.01190000000000,11.4482,124.9105,3683209469977,10.1756,9.9828,0.1928,4.3275,8.6672,8.6544,0.0128,NA,0.0000,NA,NA,NA,NA
Endfield.exe,53680,0x125AB2630,DXGI,0,512,0,Composed: Flip,Application,3683209670125,NA,10.03200000000000,17.59600000000000,0.13750000000000,4.19840000000000,19.0122,142.5065,3683209571733,9.9767,9.8392,0.1375,2.8191,11.2185,11.2185,0.0000,NA,0.0000,NA,NA,NA,NA
Endfield.exe,53680,0x125AB2630,DXGI,0,512,0,Composed: Flip,Application,3683209772545,NA,10.24200000000000,7.38810000000000,0.13870000000000,4.29070000000000,16.1583,149.8946,3683209671500,10.2432,10.1045,0.1387,4.0609,10.3343,10.3343,0.0000,NA,0.0000,NA,NA,NA,NA
Endfield.exe,53680,0x125AB2630,DXGI,0,512,0,Composed: Flip,Application,3683209872421,40.9482,9.98760000000000,8.31560000000000,0.18670000000000,4.03060000000000,14.4863,117.2620,3683209773932,10.0356,9.8489,0.1867,4.1520,9.7275,9.7248,0.0027,-0.7096,5893.2469,NA,16.5323,NA,NA
Endfield.exe,53680,0x125AB2630,DXGI,0,512,0,Composed: Flip,Application,3683209974868,NA,10.24470000000000,8.35040000000000,0.21990000000000,3.15010000000000,12.5920,125.6124,3683209874288,10.2779,10.0580,0.2199,3.8439,9.3642,9.3516,0.0126,NA,0.0000,NA,NA,NA,NA
Endfield.exe,53680,0x125AB2630,DXGI,0,512,0,Composed: Flip,Application,3683210075566,NA,10.06980000000000,8.33030000000000,0.17740000000000,3.14030000000000,10.8525,133.9427,3683209977067,10.0273,9.8499,0.1774,2.9302,10.0600,10.0600,0.0000,NA,0.0000,NA,NA,NA,NA
Endfield.exe,53680,0x125AB2630,DXGI,0,512,0,Composed: Flip,Application,3683210176627,NA,10.10610000000000,17.62370000000000,0.13580000000000,4.16800000000000,18.3701,151.5664,3683210077340,10.0645,9.9287,0.1358,2.9629,11.1338,11.1338,0.0000,NA,0.0000,NA,NA,NA,NA
Endfield.exe,53680,0x125AB2630,DXGI,0,512,0,Composed: Flip,Application,3683210297336,40.4631,12.07090000000000,7.36560000000000,0.13290000000000,3.78110000000000,13.6648,117.1775,3683210177985,12.0680,11.9351,0.1329,4.0322,11.6840,11.6817,0.0023,-1.2069,5933.7100,NA,17.9380,NA,NA
Endfield.exe,53680,0x125AB2630,DXGI,0,512,0,Composed: Flip,Application,3683210400963,NA,10.36270000000000,8.32800000000000,0.26900000000000,3.85010000000000,11.6301,125.5055,3683210298665,10.4988,10.2298,0.2690,3.6482,10.4317,10.4171,0.0146,NA,0.0000,NA,NA,NA,NA
Endfield.exe,53680,0x125AB2630,DXGI,0,512,0,Composed: Flip,Application,3683210500772,NA,9.98090000000000,17.64470000000000,0.14180000000000,4.23170000000000,19.2939,143.1502,3683210403653,9.8537,9.7119,0.1418,3.5811,10.3625,10.3625,0.0000,NA,0.0000,NA,NA,NA,NA
Endfield.exe,53680,0x125AB2630,DXGI,0,512,0,Composed: Flip,Application,3683210603165,NA,10.23930000000000,7.38130000000000,0.13510000000000,4.31130000000000,16.4359,150.5315,3683210502190,10.2326,10.0975,0.1351,4.0899,10.3189,10.3189,0.0000,NA,0.0000,NA,NA,NA,NA
Endfield.exe,53680,0x125AB2630,DXGI,0,512,0,Composed: Flip,Application,3683210701753,40.5112,9.85880000000000,9.27540000000000,0.18860000000000,3.84200000000000,15.8525,119.2957,3683210604516,9.9123,9.7237,0.1886,4.1762,9.3895,9.3870,0.0025,-2.1182,5974.2212,NA,31.8404,NA,NA
Endfield.exe,53680,0x125AB2630,DXGI,0,512,0,Composed: Flip,Application,3683210804768,NA,10.30150000000000,7.37340000000000,0.19880000000000,2.45990000000000,12.9244,126.6691,3683210703639,10.3117,10.1129,0.1988,3.6534,8.9194,8.9062,0.0132,NA,0.0000,NA,NA,NA,NA
Endfield.exe,53680,0x125AB2630,DXGI,0,512,0,Composed: Flip,Application,3683210904153,NA,9.93850000000000,16.67700000000000,0.14020000000000,4.31720000000000,19.6629,143.3461,3683210806756,9.8799,9.7397,0.1402,2.2611,11.7958,11.7958,0.0000,NA,0.0000,NA,NA,NA,NA
Endfield.exe,53680,0x125AB2630,DXGI,0,512,0,Composed: Flip,Application,3683211007204,NA,10.30510000000000,9.27740000000000,0.14210000000000,4.70680000000000,18.6352,152.6235,3683210905555,10.3070,10.1649,0.1421,4.1770,10.6947,10.6947,0.0000,NA,0.0000,NA,NA,NA,NA
Endfield.exe,53680,0x125AB2630,DXGI,0,512,0,Composed: Flip,Application,3683211115410,41.6845,10.82060000000000,7.36550000000000,0.14850000000000,3.99350000000000,15.1801,118.3045,3683211008625,10.8270,10.6785,0.1485,4.5647,10.1073,10.1037,0.0036,0.9912,6015.9057,NA,49.5242,NA,NA
Endfield.exe,53680,0x125AB2630,DXGI,0,512,0,Composed: Flip,Application,3683211218353,NA,10.29430000000000,9.45370000000000,0.21820000000000,4.23400000000000,14.3395,127.7582,3683211116895,10.3640,10.1458,0.2182,3.8450,10.5348,10.5183,0.0165,NA,0.0000,NA,NA,NA,NA
Endfield.exe,53680,0x125AB2630,DXGI,0,512,0,Composed: Flip,Application,3683211318039,NA,9.96860000000000,7.22790000000000,0.14140000000000,4.39960000000000,11.5988,134.9861,3683211220535,9.8918,9.7504,0.1414,4.0158,10.1342,10.1342,0.0000,NA,0.0000,NA,NA,NA,NA
Endfield.exe,53680,0x125AB2630,DXGI,0,512,0,Composed: Flip,Application,3683211419490,NA,10.14510000000000,9.30190000000000,0.14170000000000,4.10230000000000,10.7556,144.2880,3683211319453,10.1454,10.0037,0.1417,4.2582,9.8478,9.8478,0.0000,NA,0.0000,NA,NA,NA,NA
Endfield.exe,53680,0x125AB2630,DXGI,0,512,0,Composed: Flip,Application,3683211515319,40.6818,9.58290000000000,16.66890000000000,0.15730000000000,3.87040000000000,17.8416,120.2751,3683211420907,9.5985,9.4412,0.1573,3.9606,9.3510,9.3485,0.0025,-1.9706,6056.5875,NA,NA,NA,NA
Endfield.exe,53680,0x125AB2630,DXGI,0,512,0,Composed: Flip,Application,3683211640512,NA,12.51930000000000,7.39000000000000,0.33120000000000,4.44430000000000,12.7123,127.6651,3683211516892,12.6932,12.3620,0.3312,3.7131,13.0932,13.0794,0.0138,NA,0.0000,NA,NA,NA,NA
Endfield.exe,53680,0x125AB2630,DXGI,0,512,0,Composed: Flip,Application,3683211717842,NA,7.73300000000000,8.30900000000000,0.15160000000000,4.11970000000000,13.2883,135.9741,3683211643824,7.5534,7.4018,0.1516,4.1131,7.4084,7.4084,0.0000,NA,0.0000,NA,NA,NA,NA
Endfield.exe,53680,0x125AB2630,DXGI,0,512,0,Composed: Flip,Application,3683211818431,NA,10.05890000000000,8.32100000000000,0.20530000000000,4.01620000000000,11.5504,144.2951,3683211719358,10.1126,9.9073,0.2053,3.9681,9.9554,9.9554,0.0000,NA,0.0000,NA,NA,NA,NA
Endfield.exe,53680,0x125AB2630,DXGI,0,512,0,Composed: Flip,Application,3683211940591,41.1398,12.21600000000000,16.67370000000000,0.13280000000000,3.89060000000000,16.0081,119.8290,3683211820484,12.1435,12.0107,0.1328,3.8109,12.0904,12.0875,0.0029,0.4461,6097.7273,NA,NA,NA,NA
Endfield.exe,53680,0x125AB2630,DXGI,0,512,0,Composed: Flip,Application,3683212043669,NA,10.30780000000000,8.34440000000000,0.23690000000000,4.69090000000000,14.0447,128.1734,3683211941919,10.4119,10.1750,0.2369,3.7578,11.1081,11.0935,0.0146,NA,0.0000,NA,NA,NA,NA
Endfield.exe,53680,0x125AB2630,DXGI,0,512,0,Composed: Flip,Application,3683212144463,NA,10.07940000000000,8.32810000000000,0.14060000000000,2.83310000000000,12.2934,136.5015,3683212046038,9.9831,9.8425,0.1406,4.4540,8.2216,8.2216,0.0000,NA,0.0000,NA,NA,NA,NA
Endfield.exe,53680,0x125AB2630,DXGI,0,512,0,Composed: Flip,Application,3683212246408,NA,10.19450000000000,9.29130000000000,0.14470000000000,4.19550000000000,11.3902,145.7928,3683212145869,10.1986,10.0539,0.1447,2.6925,11.5569,11.5569,0.0000,NA,0.0000,NA,NA,NA,NA
Endfield.exe,53680,0x125AB2630,DXGI,0,512,0,Composed: Flip,Application,3683212367970,41.1012,12.15620000000000,16.67550000000000,0.15770000000000,6.51760000000000,15.9095,121.3671,3683212247855,12.1692,12.0115,0.1577,4.0508,14.4783,14.4761,0.0022,-1.5381,6138.8285,NA,NA,NA,NA
Endfield.exe,53680,0x125AB2630,DXGI,0,512,0,Composed: Flip,Application,3683212472868,NA,10.48980000000000,7.35410000000000,0.18090000000000,4.19910000000000,12.7738,128.7212,3683212369547,10.5130,10.3321,0.1809,6.3599,8.1713,8.1619,0.0094,NA,0.0000,NA,NA,NA,NA
Endfield.exe,53680,0x125AB2630,DXGI,0,512,0,Composed: Flip,Application,3683212577745,NA,10.48770000000000,16.68360000000000,0.19040000000000,4.06730000000000,18.9697,145.4048,3683212474677,10.4972,10.3068,0.1904,4.0182,10.3559,10.3559,0.0000,NA,0.0000,NA,NA,NA,NA
Endfield.exe,53680,0x125AB2630,DXGI,0,512,0,Composed: Flip,Application,3683212681016,NA,10.32710000000000,9.26750000000000,0.13440000000000,4.05520000000000,17.9101,154.6723,3683212579649,10.2711,10.1367,0.1344,3.8769,10.3150,10.3150,0.0000,NA,0.0000,NA,NA,NA,NA
Endfield.exe,53680,0x125AB2630,DXGI,0,512,0,Composed: Flip,Application,3683212784137,41.5383,10.31210000000000,7.43110000000000,0.15850000000000,3.53600000000000,15.0291,119.5282,3683212682360,10.3362,10.1777,0.1585,3.9208,9.7929,9.7903,0.0026,0.8020,6180.3668,NA,24.2699,NA,NA
Endfield.exe,53680,0x125AB2630,DXGI,0,512,0,Composed: Flip,Application,3683212913526,NA,12.93890000000000,NA,0.18370000000000,4.26300000000000,NA,NA,3683212785722,12.9641,12.7804,0.1837,3.3775,13.6659,13.6115,0.0544,NA,NA,NA,NA,NA,NA
Endfield.exe,53680,0x125AB2630,DXGI,0,512,0,Composed: Flip,Application,3683212982585,NA,6.90590000000000,16.61890000000000,0.16790000000000,2.56580000000000,11.8032,136.1471,3683212915363,6.8901,6.7222,0.1679,4.0793,5.2087,5.2087,0.0000,NA,0.0000,NA,NA,NA,NA
Endfield.exe,53680,0x125AB2630,DXGI,0,512,0,Composed: Flip,Application,3683213086119,NA,10.35340000000000,8.38780000000000,0.13790000000000,2.04200000000000,9.8376,144.5349,3683212984264,10.3234,10.1855,0.1379,2.3979,9.8296,9.8296,0.0000,NA,0.0000,NA,NA,NA,NA
Endfield.exe,53680,0x125AB2630,DXGI,0,512,0,Composed: Flip,Application,3683213195217,42.3935,10.90980000000000,16.69150000000000,0.20230000000000,3.69450000000000,15.6193,118.8329,3683213087498,10.9742,10.7719,0.2023,1.9041,12.5623,12.5591,0.0032,0.6953,6222.7603,NA,17.9439,NA,NA
Endfield.exe,53680,0x125AB2630,DXGI,0,512,0,Composed: Flip,Application,3683213300121,NA,10.49040000000000,9.23140000000000,0.31820000000000,4.44720000000000,14.3603,128.0643,3683213197240,10.6063,10.2881,0.3182,3.4922,11.2431,11.2303,0.0128,NA,0.0000,NA,NA,NA,NA
Endfield.exe,53680,0x125AB2630,DXGI,0,512,0,Composed: Flip,Application,3683213401760,NA,10.16390000000000,7.37130000000000,0.51420000000000,3.16250000000000,11.5677,135.4356,3683213303303,10.3599,9.8457,0.5142,4.1290,8.8792,8.8792,0.0000,NA,0.0000,NA,NA,NA,NA
Endfield.exe,53680,0x125AB2630,DXGI,0,512,0,Composed: Flip,Application,3683213518483,NA,11.67230000000000,8.32870000000000,0.55130000000000,0.86960000000000,8.2241,143.7643,3683213406902,11.7094,11.1581,0.5513,2.6483,9.3794,9.3794,0.0000,NA,0.0000,NA,NA,NA,NA
Endfield.exe,53680,0x125AB2630,DXGI,0,512,0,Composed: Flip,Application,3683213598970,41.4934,8.04870000000000,16.67680000000000,0.19370000000000,3.94440000000000,16.8522,118.9477,3683213523996,7.6911,7.4974,0.1937,0.3183,11.1235,11.1210,0.0025,-0.1148,6264.2537,NA,19.5457,NA,NA
Endfield.exe,53680,0x125AB2630,DXGI,0,512,0,Composed: Flip,Application,3683213703916,NA,10.49460000000000,8.36420000000000,0.28200000000000,4.67170000000000,14.7218,127.3119,3683213600907,10.5829,10.3009,0.2820,3.7507,11.2219,11.2087,0.0132,NA,0.0000,NA,NA,NA,NA
Endfield.exe,53680,0x125AB2630,DXGI,0,512,0,Composed: Flip,Application,3683213808404,NA,10.44880000000000,9.25880000000000,0.18750000000000,3.29270000000000,13.5318,136.5707,3683213706736,10.3543,10.1668,0.1875,4.3897,9.0698,9.0698,0.0000,NA,0.0000,NA,23.3103,NA,NA
Endfield.exe,53680,0x125AB2630,DXGI,0,512,0,Composed: Flip,Application,3683213909785,NA,10.13810000000000,15.67680000000000,0.17830000000000,4.13300000000000,19.0705,152.2475,3683213810279,10.1289,9.9506,0.1783,3.1052,10.9784,10.9784,0.0000,NA,0.0000,NA,NA,NA,NA
Endfield.exe,53680,0x125AB2630,DXGI,0,512,0,Composed: Flip,Application,3683213992435,41.8319,8.26500000000000,8.35210000000000,0.21010000000000,4.04760000000000,19.1576,118.7677,3683213911568,8.2968,8.0867,0.2101,3.9547,8.1796,8.1785,0.0011,0.1800,6306.0856,NA,22.2005,NA,NA
Endfield.exe,53680,0x125AB2630,DXGI,0,512,0,Composed: Flip,Application,3683214095999,NA,10.35640000000000,8.32240000000000,0.27970000000000,2.41250000000000,17.1236,127.0901,3683213994536,10.4260,10.1463,0.2797,3.8375,8.7213,8.7022,0.0191,NA,0.0000,NA,18.7093,NA,NA
Endfield.exe,53680,0x125AB2630,DXGI,0,512,0,Composed: Flip,Application,3683214197519,NA,10.15200000000000,8.33340000000000,0.21320000000000,4.47840000000000,15.3050,135.4235,3683214098796,10.0855,9.8723,0.2132,2.1328,12.2179,12.2179,0.0000,NA,0.0000,NA,16.0697,NA,NA
Endfield.exe,53680,0x125AB2630,DXGI,0,512,0,Composed: Flip,Application,3683214311057,NA,11.35380000000000,8.34540000000000,0.26790000000000,2.07590000000000,12.2966,143.7689,3683214199651,11.4085,11.1406,0.2679,4.2652,8.9513,8.9513,0.0000,NA,0.0000,NA,22.7949,NA,NA
Endfield.exe,53680,0x125AB2630,DXGI,0,512,0,Composed: Flip,Application,3683214413081,53.4117,10.20240000000000,8.35440000000000,0.30580000000000,3.26000000000000,10.4486,98.7116,3683214313736,10.2403,9.9345,0.3058,1.8080,11.3865,11.3854,0.0011,20.0561,6359.4973,NA,12.5579,NA,NA
Endfield.exe,53680,0x125AB2630,DXGI,0,512,0,Composed: Flip,Application,3683214507486,NA,9.44050000000000,16.64620000000000,0.22640000000000,2.55920000000000,17.6543,115.3578,3683214416139,9.3611,9.1347,0.2264,2.9542,8.7397,8.7273,0.0124,NA,0.0000,NA,NA,NA,NA
Endfield.exe,53680,0x125AB2630,DXGI,0,512,0,Composed: Flip,Application,3683214612067,NA,10.45810000000000,8.34760000000000,0.44060000000000,4.51890000000000,15.5438,123.7054,3683214509750,10.6723,10.2317,0.4406,2.3328,12.4178,12.4178,0.0000,NA,0.0000,NA,NA,NA,NA
Endfield.exe,53680,0x125AB2630,DXGI,0,512,0,Composed: Flip,Application,3683214714504,NA,10.24370000000000,8.32280000000000,0.42990000000000,4.03180000000000,13.6229,132.0282,3683214616473,10.2330,9.8031,0.4299,4.0783,9.7566,9.7566,0.0000,NA,0.0000,NA,NA,NA,NA
Endfield.exe,53680,0x125AB2630,DXGI,0,512,0,Composed: Flip,Application,3683214817756,50.0244,10.32520000000000,9.32530000000000,0.31820000000000,2.07020000000000,12.6230,91.3291,3683214718803,10.2135,9.8953,0.3182,3.6019,8.3636,8.3627,0.0009,7.3825,6409.5217,NA,15.3138,NA,NA
Endfield.exe,53680,0x125AB2630,DXGI,0,512,0,Composed: Flip,Application,3683214922100,NA,10.43440000000000,23.99840000000000,0.32990000000000,2.49660000000000,26.1870,115.3275,3683214820938,10.4461,10.1162,0.3299,1.7520,10.8608,10.8473,0.0135,NA,0.0000,NA,NA,NA,NA
Endfield.exe,53680,0x125AB2630,DXGI,0,512,0,Composed: Flip,Application,3683215023499,NA,10.13990000000000,NA,7.60290000000000,8.93290000000000,NA,NA,3683214925399,17.4129,9.8100,7.6029,2.1667,16.5762,16.5762,0.0000,NA,NA,NA,NA,NA,NA
Endfield.exe,53680,0x125AB2630,DXGI,0,512,0,Composed: Flip,Application,3683215125953,NA,10.24540000000000,8.34580000000000,0.23130000000000,2.90810000000000,14.1475,123.6733,3683215099528,2.8738,2.6425,0.2313,1.3300,4.2206,4.2206,0.0000,NA,0.0000,NA,NA,NA,NA
Endfield.exe,53680,0x125AB2630,DXGI,0,512,0,Composed: Flip,Application,3683215218782,22.0414,9.28290000000000,8.36750000000000,0.19910000000000,2.13590000000000,13.2321,109.9994,3683215128266,9.2507,9.0516,0.1991,2.6768,8.5107,8.5079,0.0028,-18.6703,6431.5631,NA,15.6588,NA,NA
Endfield.exe,53680,0x125AB2630,DXGI,0,512,0,Composed: Flip,Application,3683215318814,NA,10.00320000000000,8.32010000000000,0.18640000000000,3.26130000000000,11.5490,118.3195,3683215220773,9.9905,9.8041,0.1864,1.9368,11.1286,11.1154,0.0132,NA,0.0000,NA,12.4022,NA,NA
Endfield.exe,53680,0x125AB2630,DXGI,0,512,0,Composed: Flip,Application,3683215421689,NA,10.28750000000000,16.64090000000000,7.95170000000000,8.79980000000000,17.9024,134.9604,3683215320678,18.0528,10.1011,7.9517,3.0749,15.8260,15.8260,0.0000,NA,0.0000,NA,27.7584,NA,NA
Endfield.exe,53680,0x125AB2630,DXGI,0,512,0,Composed: Flip,Application,3683215524330,NA,10.26410000000000,8.32020000000000,0.25710000000000,3.57040000000000,15.9585,143.2806,3683215501206,2.5695,2.3124,0.2571,0.8481,5.0347,5.0347,0.0000,NA,0.0000,NA,NA,NA,NA
Endfield.exe,53680,0x125AB2630,DXGI,0,512,0,Composed: Flip,Application,3683215630925,37.9650,10.65950000000000,8.34100000000000,0.30630000000000,1.80370000000000,13.6400,113.6566,3683215526901,10.7087,10.4024,0.3063,3.3133,8.8928,8.8882,0.0046,-3.6572,6469.5281,NA,14.5258,NA,NA
Endfield.exe,53680,0x125AB2630,DXGI,0,512,0,Composed: Flip,Application,3683215732631,NA,10.17060000000000,9.33020000000000,0.40180000000000,2.61200000000000,12.7996,122.9868,3683215633988,10.2661,9.8643,0.4018,1.4974,10.9789,10.9634,0.0155,NA,0.0000,NA,NA,NA,NA
Endfield.exe,53680,0x125AB2630,DXGI,0,512,0,Composed: Flip,Application,3683215833983,NA,10.13520000000000,15.67750000000000,0.21170000000000,4.98030000000000,18.3419,138.6643,3683215736649,9.9451,9.7334,0.2117,2.2102,12.5035,12.5035,0.0000,NA,0.0000,NA,NA,NA,NA
Endfield.exe,53680,0x125AB2630,DXGI,0,512,0,Composed: Flip,Application,3683215935348,NA,10.13650000000000,8.33870000000000,0.15240000000000,4.52760000000000,16.5441,147.0030,3683215836100,10.0772,9.9248,0.1524,4.7686,9.6838,9.6838,0.0000,NA,0.0000,NA,NA,NA,NA
Endfield.exe,53680,0x125AB2630,DXGI,0,512,0,Composed: Flip,Application,3683216027863,52.1663,9.25150000000000,8.31810000000000,0.30340000000000,7.66170000000000,15.6107,103.1548,3683215936872,9.4025,9.0991,0.3034,4.3752,12.3856,12.3824,0.0032,10.5018,6521.6944,NA,18.1082,NA,NA
Endfield.exe,53680,0x125AB2630,DXGI,0,512,0,Composed: Flip,Application,3683216130321,NA,10.24580000000000,9.30800000000000,0.33680000000000,5.15750000000000,14.6729,112.4628,3683216030897,10.2792,9.9424,0.3368,7.3583,7.7416,7.7353,0.0063,NA,0.0000,NA,NA,NA,NA
Endfield.exe,53680,0x125AB2630,DXGI,0,512,0,Composed: Flip,Application,3683216229703,NA,9.93820000000000,7.39960000000000,0.16880000000000,4.14630000000000,12.1343,119.8624,3683216133689,9.7702,9.6014,0.1688,4.8207,8.9270,8.9270,0.0000,NA,0.0000,NA,NA,NA,NA
Endfield.exe,53680,0x125AB2630,DXGI,0,512,0,Composed: Flip,Application,3683216331405,NA,10.17020000000000,9.27280000000000,0.24010000000000,3.19710000000000,11.2369,129.1352,3683216231391,10.2415,10.0014,0.2401,3.9775,9.2210,9.2210,0.0000,NA,0.0000,NA,NA,NA,NA
Endfield.exe,53680,0x125AB2630,DXGI,0,512,0,Composed: Flip,Application,3683216434529,29.9564,10.31240000000000,15.68700000000000,0.26310000000000,4.67150000000000,16.6115,114.8658,3683216333806,10.3354,10.0723,0.2631,2.9570,11.7868,11.7842,0.0026,-11.7110,6551.6508,NA,18.8617,NA,NA
Endfield.exe,53680,0x125AB2630,DXGI,0,512,0,Composed: Flip,Application,3683216537739,NA,10.32100000000000,8.46270000000000,0.34350000000000,5.06900000000000,14.7532,123.3285,3683216437160,10.4014,10.0579,0.3435,4.4084,10.7185,10.7006,0.0179,NA,0.0000,NA,NA,NA,NA
Endfield.exe,53680,0x125AB2630,DXGI,0,512,0,Composed: Flip,Application,3683216638908,NA,10.11690000000000,8.21420000000000,0.28820000000000,3.80590000000000,12.8505,131.5427,3683216541174,10.0616,9.7734,0.2882,4.7255,8.8538,8.8538,0.0000,NA,0.0000,NA,NA,NA,NA
Endfield.exe,53680,0x125AB2630,DXGI,0,512,0,Composed: Flip,Application,3683216740703,NA,10.17950000000000,8.31620000000000,0.14720000000000,3.39700000000000,10.9872,139.8589,3683216641790,10.0385,9.8913,0.1472,3.5177,9.7706,9.7706,0.0000,NA,0.0000,NA,NA,NA,NA
Endfield.exe,53680,0x125AB2630,DXGI,0,512,0,Composed: Flip,Application,3683216841034,38.7506,10.03310000000000,16.72290000000000,0.22400000000000,3.77870000000000,17.6770,117.8312,3683216742175,10.1099,9.8859,0.2240,3.2498,10.4148,10.4138,0.0010,-2.9654,6590.4014,NA,19.5743,NA,NA
Endfield.exe,53680,0x125AB2630,DXGI,0,512,0,Composed: Flip,Application,3683216947583,NA,10.65490000000000,8.29850000000000,0.29900000000000,4.51120000000000,15.3206,126.1297,3683216843274,10.7299,10.4309,0.2990,3.5547,11.3874,11.3741,0.0133,NA,0.0000,NA,NA,NA,NA
Endfield.exe,53680,0x125AB2630,DXGI,0,512,0,Composed: Flip,Application,3683217044922,NA,9.73390000000000,8.32150000000000,0.24280000000000,4.69640000000000,13.9082,134.4512,3683216950573,9.6777,9.4349,0.2428,4.2122,9.9191,9.9191,0.0000,NA,0.0000,NA,NA,NA,NA
Endfield.exe,53680,0x125AB2630,DXGI,0,512,0,Composed: Flip,Application,3683217146305,NA,10.13830000000000,8.33440000000000,0.15760000000000,3.40550000000000,12.1043,142.7856,3683217047350,10.0531,9.8955,0.1576,4.4536,8.8474,8.8474,0.0000,NA,0.0000,NA,NA,NA,NA
Endfield.exe,53680,0x125AB2630,DXGI,0,512,0,Composed: Flip,Application,3683217250765,39.8467,10.44600000000000,17.65410000000000,0.23070000000000,4.37400000000000,19.3124,120.5930,3683217147881,10.5191,10.2884,0.2307,3.2479,11.4145,11.4134,0.0011,-2.7618,6630.2481,NA,22.1833,NA,NA
Endfield.exe,53680,0x125AB2630,DXGI,0,512,0,Composed: Flip,Application,3683217352614,NA,10.18490000000000,7.33660000000000,0.26220000000000,4.42580000000000,16.4641,127.9296,3683217253072,10.2164,9.9542,0.2622,4.1433,10.2367,10.2203,0.0164,NA,0.0000,NA,NA,NA,NA
Endfield.exe,53680,0x125AB2630,DXGI,0,512,0,Composed: Flip,Application,3683217453370,NA,10.07560000000000,8.33490000000000,0.23690000000000,4.84060000000000,14.7234,136.2645,3683217355236,10.0503,9.8134,0.2369,4.1636,10.4904,10.4904,0.0000,NA,0.0000,NA,NA,NA,NA
Endfield.exe,53680,0x125AB2630,DXGI,0,512,0,Composed: Flip,Application,3683217556661,NA,10.32910000000000,8.34510000000000,0.20120000000000,2.99310000000000,12.7394,144.6096,3683217455739,10.2934,10.0922,0.2012,4.6037,8.4816,8.4816,0.0000,NA,0.0000,NA,NA,NA,NA
Endfield.exe,53680,0x125AB2630,DXGI,0,512,0,Composed: Flip,Application,3683217638205,40.5140,8.15440000000000,9.31690000000000,0.18820000000000,2.24250000000000,13.9019,113.4125,3683217558673,8.1414,7.9532,0.1882,2.7919,7.4038,7.4005,0.0033,7.1805,6670.7621,NA,16.5122,NA,NA
Endfield.exe,53680,0x125AB2630,DXGI,0,512,0,Composed: Flip,Application,3683217741618,NA,10.34130000000000,15.68480000000000,0.35130000000000,4.11510000000000,19.2454,129.0973,3683217640087,10.5044,10.1531,0.3513,2.0543,12.2139,12.1977,0.0162,NA,0.0000,NA,NA,NA,NA
Endfield.exe,53680,0x125AB2630,DXGI,0,512,0,Composed: Flip,Application,3683217841900,NA,10.02820000000000,9.31130000000000,0.17280000000000,4.81330000000000,18.5285,138.4086,3683217745131,9.8497,9.6769,0.1728,3.7638,10.7264,10.7264,0.0000,NA,0.0000,NA,NA,NA,NA
Endfield.exe,53680,0x125AB2630,DXGI,0,512,0,Composed: Flip,Application,3683217943513,NA,10.16130000000000,7.35970000000000,0.18820000000000,4.37870000000000,15.7269,145.7683,3683217843628,10.1767,9.9885,0.1882,4.6405,9.7267,9.7267,0.0000,NA,0.0000,NA,NA,NA,NA
Endfield.exe,53680,0x125AB2630,DXGI,0,512,0,Composed: Flip,Application,3683218030491,40.4816,8.69780000000000,8.32410000000000,0.26640000000000,4.62260000000000,15.3532,113.6108,3683217945395,8.7760,8.5096,0.2664,4.1905,8.9417,8.9387,0.0030,-0.1983,6711.2437,NA,17.1865,NA,NA
Endfield.exe,53680,0x125AB2630,DXGI,0,512,0,Composed: Flip,Application,3683218130638,NA,10.01470000000000,9.31330000000000,0.26680000000000,3.19060000000000,14.6518,122.9241,3683218033155,10.0151,9.7483,0.2668,4.3562,8.5827,8.5692,0.0135,NA,0.0000,NA,NA,NA,NA
Endfield.exe,53680,0x125AB2630,DXGI,0,512,0,Composed: Flip,Application,3683218230213,NA,9.95750000000000,7.36340000000000,0.21930000000000,3.21860000000000,12.0577,130.2875,3683218133306,9.9100,9.6907,0.2193,2.9238,9.9855,9.9855,0.0000,NA,0.0000,NA,NA,NA,NA
Endfield.exe,53680,0x125AB2630,DXGI,0,512,0,Composed: Flip,Application,3683218333430,NA,10.32170000000000,8.42720000000000,0.32810000000000,2.43750000000000,10.1632,138.7147,3683218232406,10.4305,10.1024,0.3281,2.9993,9.5406,9.5406,0.0000,NA,0.0000,NA,NA,NA,NA
Endfield.exe,53680,0x125AB2630,DXGI,0,512,0,Composed: Flip,Application,3683218432035,39.0745,9.86050000000000,16.56730000000000,0.27280000000000,4.15150000000000,16.8700,116.2075,3683218336711,9.8052,9.5324,0.2728,2.1094,11.5745,11.5718,0.0027,-2.5967,6750.3182,NA,20.2361,NA,NA
Endfield.exe,53680,0x125AB2630,DXGI,0,512,0,Composed: Flip,Application,3683218534512,NA,10.24770000000000,8.33100000000000,0.31740000000000,4.54240000000000,14.9533,124.5385,3683218434763,10.2923,9.9749,0.3174,3.8787,10.6386,10.6188,0.0198,NA,0.0000,NA,NA,NA,NA
Endfield.exe,53680,0x125AB2630,DXGI,0,512,0,Composed: Flip,Application,3683218633796,NA,9.92840000000000,8.31370000000000,0.24510000000000,4.15460000000000,13.3386,132.8522,3683218537686,9.8561,9.6110,0.2451,4.2250,9.5406,9.5406,0.0000,NA,0.0000,NA,NA,NA,NA
Endfield.exe,53680,0x125AB2630,DXGI,0,512,0,Composed: Flip,Application,3683218735458,NA,10.16620000000000,8.33530000000000,0.35490000000000,2.99240000000000,11.5077,141.1875,3683218636247,10.2760,9.9211,0.3549,3.9095,9.0040,9.0040,0.0000,NA,0.0000,NA,NA,NA,NA
Endfield.exe,53680,0x125AB2630,DXGI,0,512,0,Composed: Flip,Application,3683218847172,39.4364,11.17140000000000,16.67860000000000,0.39980000000000,4.09560000000000,17.0149,118.4297,3683218739007,11.2163,10.8165,0.3998,2.6375,12.2746,12.2717,0.0029,-2.2222,6789.7546,NA,18.4370,NA,NA
Endfield.exe,53680,0x125AB2630,DXGI,0,512,0,Composed: Flip,Application,3683218949957,NA,10.27850000000000,8.36380000000000,0.30220000000000,4.14820000000000,15.1002,126.7935,3683218851170,10.1809,9.8787,0.3022,3.6958,10.3311,10.3112,0.0199,NA,0.0000,NA,NA,NA,NA
Endfield.exe,53680,0x125AB2630,DXGI,0,512,0,Composed: Flip,Application,3683219046339,NA,9.63820000000000,8.30960000000000,0.22140000000000,3.27280000000000,13.7716,135.1031,3683218952979,9.5574,9.3360,0.2214,3.8460,8.7628,8.7628,0.0000,NA,0.0000,NA,NA,NA,NA
Endfield.exe,53680,0x125AB2630,DXGI,0,512,0,Composed: Flip,Application,3683219147865,NA,10.15260000000000,8.36780000000000,0.20600000000000,2.78300000000000,11.9868,143.4709,3683219048553,10.1372,9.9312,0.2060,3.0514,9.6628,9.6628,0.0000,NA,0.0000,NA,NA,NA,NA
Endfield.exe,53680,0x125AB2630,DXGI,0,512,0,Composed: Flip,Application,3683219252479,40.0262,10.46140000000000,16.67960000000000,0.19370000000000,4.27530000000000,18.2050,120.1243,3683219149925,10.4491,10.2554,0.1937,2.5770,11.9537,11.9509,0.0028,-1.6946,6829.7808,NA,21.2410,NA,NA
Endfield.exe,53680,0x125AB2630,DXGI,0,512,0,Composed: Flip,Application,3683219354331,NA,10.18520000000000,8.28280000000000,0.27770000000000,5.07890000000000,16.3026,128.4071,3683219254416,10.2692,9.9915,0.2777,4.0816,10.9888,10.9721,0.0167,NA,0.0000,NA,NA,NA,NA
Endfield.exe,53680,0x125AB2630,DXGI,0,512,0,Composed: Flip,Application,3683219454590,NA,10.02590000000000,8.34460000000000,0.24860000000000,3.52000000000000,14.6213,136.7517,3683219357108,9.9968,9.7482,0.2486,4.8012,8.4670,8.4670,0.0000,NA,0.0000,NA,NA,NA,NA
Endfield.exe,53680,0x125AB2630,DXGI,0,512,0,Composed: Flip,Application,3683219555799,NA,10.12090000000000,8.34850000000000,0.21790000000000,3.77730000000000,12.8489,145.1002,3683219457076,10.0902,9.8723,0.2179,3.2714,10.3782,10.3782,0.0000,NA,0.0000,NA,NA,NA,NA
Endfield.exe,53680,0x125AB2630,DXGI,0,512,0,Composed: Flip,Application,3683219654063,42.5593,9.82640000000000,8.31500000000000,0.22160000000000,3.74190000000000,11.3375,110.8559,3683219557978,9.8301,9.6085,0.2216,3.5594,9.7910,9.7901,0.0009,9.2684,6872.3401,NA,14.5358,NA,NA
Endfield.exe,53680,0x125AB2630,DXGI,0,512,0,Composed: Flip,Application,3683219755377,NA,10.13140000000000,16.65730000000000,0.23290000000000,5.07330000000000,17.8634,127.5132,3683219656279,10.1427,9.9098,0.2329,3.5203,11.4628,11.4477,0.0151,NA,0.0000,NA,NA,NA,NA
Endfield.exe,53680,0x125AB2630,DXGI,0,512,0,Composed: Flip,Application,3683219854958,NA,9.95810000000000,8.35610000000000,0.24720000000000,2.60270000000000,16.2614,135.8693,3683219757706,9.9724,9.7252,0.2472,4.8404,7.4875,7.4875,0.0000,NA,0.0000,NA,NA,NA,NA
Endfield.exe,53680,0x125AB2630,DXGI,0,512,0,Composed: Flip,Application,3683219955643,NA,10.06850000000000,8.31460000000000,0.23140000000000,4.65930000000000,14.5075,144.1839,3683219857430,10.0527,9.8213,0.2314,2.3555,12.1251,12.1251,0.0000,NA,0.0000,NA,NA,NA,NA
Endfield.exe,53680,0x125AB2630,DXGI,0,512,0,Composed: Flip,Application,3683220045825,39.1452,9.01820000000000,8.34600000000000,0.24060000000000,4.40330000000000,13.8353,113.3847,3683219957957,9.0274,8.7868,0.2406,4.4279,8.7622,8.7610,0.0012,-2.5288,6911.4853,NA,16.7652,NA,NA
Endfield.exe,53680,0x125AB2630,DXGI,0,512,0,Composed: Flip,Application,3683220145796,NA,9.99710000000000,9.31490000000000,0.16490000000000,3.32940000000000,13.1531,122.6996,3683220048231,9.9214,9.7565,0.1649,4.1627,8.9232,8.9070,0.0162,NA,0.0000,NA,NA,NA,NA
Endfield.exe,53680,0x125AB2630,DXGI,0,512,0,Composed: Flip,Application,3683220245479,NA,9.96830000000000,7.34480000000000,0.21020000000000,2.87670000000000,10.5296,130.0444,3683220147445,10.0136,9.8034,0.2102,3.1645,9.5156,9.5156,0.0000,NA,0.0000,NA,NA,NA,NA
Endfield.exe,53680,0x125AB2630,DXGI,0,512,0,Composed: Flip,Application,3683220346140,NA,10.06610000000000,16.66440000000000,0.21040000000000,4.77920000000000,17.1279,146.7088,3683220247581,10.0663,9.8559,0.2104,2.6665,11.9686,11.9686,0.0000,NA,0.0000,NA,NA,NA,NA
Endfield.exe,53680,0x125AB2630,DXGI,0,512,0,Composed: Flip,Application,3683220464849,39.5075,11.87090000000000,NA,0.17380000000000,7.13060000000000,NA,NA,3683220348244,11.8343,11.6605,0.1738,4.5688,14.2223,14.2195,0.0028,NA,NA,NA,NA,NA,NA
Endfield.exe,53680,0x125AB2630,DXGI,0,512,0,Composed: Flip,Application,3683220564830,NA,9.99810000000000,16.65070000000000,0.16480000000000,4.39980000000000,11.9096,123.8520,3683220466587,9.9891,9.8243,0.1648,6.9568,7.2673,7.2548,0.0125,NA,0.0000,NA,26.1821,NA,NA
Endfield.exe,53680,0x125AB2630,DXGI,0,512,0,Composed: Flip,Application,3683220666774,NA,10.19440000000000,16.67750000000000,0.15480000000000,3.87650000000000,18.3927,140.5295,3683220566478,10.1844,10.0296,0.1548,4.2350,9.6711,9.6711,0.0000,NA,0.0000,NA,NA,NA,NA
Endfield.exe,53680,0x125AB2630,DXGI,0,512,0,Composed: Flip,Application,3683220783764,NA,11.69900000000000,8.36700000000000,0.32690000000000,3.22000000000000,15.0607,148.8965,3683220668322,11.8711,11.5442,0.3269,3.7217,11.0425,11.0425,0.0000,NA,0.0000,NA,NA,NA,NA
Endfield.exe,53680,0x125AB2630,DXGI,0,512,0,Composed: Flip,Application,3683220859033,39.6663,7.52690000000000,8.29430000000000,0.18420000000000,4.69850000000000,15.8281,117.5245,3683220787033,7.3842,7.2000,0.1842,2.8931,9.0054,9.0028,0.0026,-4.1398,6990.6591,NA,NA,NA,NA
Endfield.exe,53680,0x125AB2630,DXGI,0,512,0,Composed: Flip,Application,3683220961113,NA,10.20800000000000,9.32230000000000,0.27240000000000,5.05050000000000,14.9424,126.8468,3683220860875,10.2962,10.0238,0.2724,4.5143,10.5600,10.5430,0.0170,NA,0.0000,NA,NA,NA,NA
Endfield.exe,53680,0x125AB2630,DXGI,0,512,0,Composed: Flip,Application,3683221061575,NA,10.04620000000000,7.35710000000000,0.19740000000000,3.79560000000000,12.2533,134.2039,3683220963837,9.9712,9.7738,0.1974,4.7781,8.7913,8.7913,0.0000,NA,0.0000,NA,NA,NA,NA
Endfield.exe,53680,0x125AB2630,DXGI,0,512,0,Composed: Flip,Application,3683221162875,NA,10.13000000000000,8.30110000000000,0.17950000000000,3.14640000000000,10.4244,142.5050,3683221063549,10.1121,9.9326,0.1795,3.5982,9.4808,9.4808,0.0000,NA,0.0000,NA,NA,NA,NA
Endfield.exe,53680,0x125AB2630,DXGI,0,512,0,Composed: Flip,Application,3683221275461,41.7760,11.25860000000000,16.68650000000000,0.17070000000000,4.42960000000000,15.8523,117.4155,3683221164670,11.2498,11.0791,0.1707,2.9669,12.5418,12.5387,0.0031,0.1090,7032.4351,NA,NA,NA,NA
Endfield.exe,53680,0x125AB2630,DXGI,0,512,0,Composed: Flip,Application,3683221378061,NA,10.26000000000000,8.41810000000000,0.26100000000000,2.44120000000000,14.0104,125.8336,3683221277168,10.3503,10.0893,0.2610,4.2589,8.2716,8.2563,0.0153,NA,0.0000,NA,NA,NA,NA
Endfield.exe,53680,0x125AB2630,DXGI,0,512,0,Composed: Flip,Application,3683221479235,NA,10.11740000000000,8.25190000000000,0.19840000000000,2.14050000000000,12.1449,134.0855,3683221380671,10.0548,9.8564,0.1984,2.1802,9.8167,9.8167,0.0000,NA,0.0000,NA,NA,NA,NA
Endfield.exe,53680,0x125AB2630,DXGI,0,512,0,Composed: Flip,Application,3683221578160,NA,9.89250000000000,8.33530000000000,0.14460000000000,2.49950000000000,10.5877,142.4208,3683221481219,9.8387,9.6941,0.1446,1.9421,10.2515,10.2515,0.0000,NA,0.0000,NA,NA,NA,NA
Endfield.exe,53680,0x125AB2630,DXGI,0,512,0,Composed: Flip,Application,3683221681534,39.5934,10.33740000000000,16.68430000000000,0.21240000000000,4.40300000000000,16.9346,119.5117,3683221579606,10.4052,10.1928,0.2124,2.3549,12.2409,12.2384,0.0025,-2.0962,7072.0285,NA,NA,NA,NA
Endfield.exe,53680,0x125AB2630,DXGI,0,512,0,Composed: Flip,Application,3683221781662,NA,10.01280000000000,8.30240000000000,0.23000000000000,5.03620000000000,15.2242,127.8141,3683221683658,10.0304,9.8004,0.2300,4.1906,10.6460,10.6266,0.0194,NA,0.0000,NA,NA,NA,NA
Endfield.exe,53680,0x125AB2630,DXGI,0,512,0,Composed: Flip,Application,3683221882560,NA,10.08980000000000,9.33140000000000,0.18570000000000,4.21290000000000,14.4658,137.1455,3683221783962,10.0455,9.8598,0.1857,4.8062,9.2665,9.2665,0.0000,NA,0.0000,NA,NA,NA,NA
Endfield.exe,53680,0x125AB2630,DXGI,0,512,0,Composed: Flip,Application,3683221983628,NA,10.10680000000000,7.35440000000000,0.13740000000000,2.86120000000000,11.7134,144.4999,3683221884417,10.0585,9.9211,0.1374,4.0272,8.7551,8.7551,0.0000,NA,0.0000,NA,NA,NA,NA
Endfield.exe,53680,0x125AB2630,DXGI,0,512,0,Composed: Flip,Application,3683222091120,41.6361,10.74920000000000,17.66800000000000,0.31910000000000,4.21140000000000,18.6322,120.5318,3683221985002,10.9309,10.6118,0.3191,2.7238,12.0994,12.0983,0.0011,-1.0201,7113.6646,NA,NA,NA,NA
Endfield.exe,53680,0x125AB2630,DXGI,0,512,0,Composed: Flip,Application,3683222193190,NA,10.20700000000000,7.32980000000000,0.26290000000000,4.45360000000000,15.7550,127.8616,3683222094311,10.1508,9.8879,0.2629,3.8923,10.4492,10.4313,0.0179,NA,0.0000,NA,NA,NA,NA
Endfield.exe,53680,0x125AB2630,DXGI,0,512,0,Composed: Flip,Application,3683222294840,NA,10.16500000000000,8.33030000000000,0.27470000000000,4.52770000000000,13.9203,136.1919,3683222195819,10.1768,9.9021,0.2747,4.1907,10.2391,10.2391,0.0000,NA,0.0000,NA,NA,NA,NA
Endfield.exe,53680,0x125AB2630,DXGI,0,512,0,Composed: Flip,Application,3683222396881,NA,10.20410000000000,8.33820000000000,0.21230000000000,2.46550000000000,12.0544,144.5301,3683222297587,10.1417,9.9294,0.2123,4.2530,8.1419,8.1419,0.0000,NA,0.0000,NA,NA,NA,NA
Endfield.exe,53680,0x125AB2630,DXGI,0,512,0,Composed: Flip,Application,3683222490248,40.5769,9.33670000000000,8.33830000000000,0.23500000000000,1.72220000000000,11.0560,112.2915,3683222399004,9.3594,9.1244,0.2350,2.2532,8.5934,8.5923,0.0011,8.2403,7154.2415,NA,13.8292,NA,NA
Endfield.exe,53680,0x125AB2630,DXGI,0,512,0,Composed: Flip,Application,3683222592142,NA,10.18940000000000,16.65270000000000,0.26720000000000,4.92250000000000,17.5193,128.9442,3683222492598,10.2216,9.9544,0.2672,1.4872,13.3897,13.3719,0.0178,NA,0.0000,NA,NA,NA,NA
Endfield.exe,53680,0x125AB2630,DXGI,0,512,0,Composed: Flip,Application,3683222692806,NA,10.06640000000000,8.33950000000000,0.19620000000000,5.12780000000000,15.7924,137.2837,3683222594814,9.9954,9.7992,0.1962,4.6553,10.2717,10.2717,0.0000,NA,0.0000,NA,NA,NA,NA
Endfield.exe,53680,0x125AB2630,DXGI,0,512,0,Composed: Flip,Application,3683222796080,NA,10.32740000000000,9.33870000000000,0.21570000000000,4.27450000000000,14.8037,146.6224,3683222694768,10.3469,10.1312,0.2157,4.9316,9.4741,9.4741,0.0000,NA,0.0000,NA,NA,NA,NA
Endfield.exe,53680,0x125AB2630,DXGI,0,512,0,Composed: Flip,Application,3683222891026,41.0040,9.49460000000000,7.32200000000000,0.27850000000000,3.56480000000000,12.6311,112.9404,3683222798237,9.5574,9.2789,0.2785,4.0588,8.7849,8.7837,0.0012,-0.6489,7195.2455,NA,16.7329,NA,NA
Endfield.exe,53680,0x125AB2630,DXGI,0,512,0,Composed: Flip,Application,3683222992286,NA,10.12600000000000,17.65760000000000,0.35920000000000,4.72390000000000,20.1627,130.5980,3683222893811,10.2067,9.8475,0.3592,3.2863,11.2851,11.2732,0.0119,NA,0.0000,NA,NA,NA,NA
Endfield.exe,53680,0x125AB2630,DXGI,0,512,0,Composed: Flip,Application,3683223091938,NA,9.96520000000000,7.34220000000000,0.22890000000000,4.31990000000000,17.5397,137.9402,3683222995878,9.8349,9.6060,0.2289,4.3647,9.5612,9.5612,0.0000,NA,0.0000,NA,NA,NA,NA
Endfield.exe,53680,0x125AB2630,DXGI,0,512,0,Composed: Flip,Application,3683223192660,NA,10.07220000000000,8.33730000000000,0.23140000000000,4.96460000000000,15.8048,146.2775,3683223094227,10.0747,9.8433,0.2314,4.0910,10.7169,10.7169,0.0000,NA,0.0000,NA,NA,NA,NA
Endfield.exe,53680,0x125AB2630,DXGI,0,512,0,Composed: Flip,Application,3683223286540,39.5053,9.38800000000000,9.33990000000000,0.27670000000000,7.22640000000000,15.7567,116.1121,3683223194974,9.4333,9.1566,0.2767,4.7332,11.6498,11.6473,0.0025,-3.1717,7234.7508,NA,18.0204,NA,NA
Endfield.exe,53680,0x125AB2630,DXGI,0,512,0,Composed: Flip,Application,3683223388741,NA,10.22010000000000,7.33600000000000,0.30710000000000,4.13510000000000,12.8726,123.4481,3683223289307,10.2505,9.9434,0.3071,6.9497,7.1288,7.1236,0.0052,NA,0.0000,NA,NA,NA,NA
Endfield.exe,53680,0x125AB2630,DXGI,0,512,0,Composed: Flip,Application,3683223487632,NA,9.88910000000000,17.72510000000000,0.27880000000000,4.08690000000000,20.7086,141.1732,3683223391812,9.8608,9.5820,0.2788,3.8280,9.8409,9.8409,0.0000,NA,0.0000,NA,NA,NA,NA
Endfield.exe,53680,0x125AB2630,DXGI,0,512,0,Composed: Flip,Application,3683223589328,NA,10.16960000000000,7.29030000000000,0.20670000000000,4.20730000000000,17.8293,148.4635,3683223490420,10.0975,9.8908,0.2067,3.8081,10.2900,10.2900,0.0000,NA,0.0000,NA,NA,NA,NA
Endfield.exe,53680,0x125AB2630,DXGI,0,512,0,Composed: Flip,Application,3683223678179,40.5195,8.88510000000000,8.35690000000000,0.27890000000000,4.01310000000000,17.3011,116.3009,3683223591395,8.9573,8.6784,0.2789,4.0006,8.6909,8.6878,0.0031,-0.1888,7275.2703,NA,19.5629,NA,NA
Endfield.exe,53680,0x125AB2630,DXGI,0,512,0,Composed: Flip,Application,3683223778836,NA,10.06570000000000,9.27600000000000,0.36260000000000,5.20340000000000,16.5114,125.5769,3683223680968,10.1494,9.7868,0.3626,3.7342,11.2560,11.2380,0.0180,NA,0.0000,NA,NA,NA,NA
Endfield.exe,53680,0x125AB2630,DXGI,0,512,0,Composed: Flip,Application,3683223877528,NA,9.86920000000000,7.34340000000000,0.20330000000000,4.20290000000000,13.9856,132.9203,3683223782462,9.7099,9.5066,0.2033,4.8408,8.8687,8.8687,0.0000,NA,0.0000,NA,NA,NA,NA
Endfield.exe,53680,0x125AB2630,DXGI,0,512,0,Composed: Flip,Application,3683223976391,NA,9.88630000000000,8.33660000000000,0.14970000000000,2.77240000000000,12.4359,141.2569,3683223879561,9.8327,9.6830,0.1497,3.9996,8.4558,8.4558,0.0000,NA,0.0000,NA,NA,NA,NA
Endfield.exe,53680,0x125AB2630,DXGI,0,512,0,Composed: Flip,Application,3683224091920,39.6615,11.55290000000000,17.65320000000000,0.17470000000000,4.04370000000000,18.5362,119.2486,3683223977888,11.5779,11.4032,0.1747,2.6227,12.8242,12.8232,0.0010,-2.9477,7314.9318,NA,22.4974,NA,NA
Endfield.exe,53680,0x125AB2630,DXGI,0,512,0,Composed: Flip,Application,3683224190653,NA,9.87330000000000,7.32890000000000,0.21280000000000,4.49130000000000,15.9918,126.5775,3683224093667,9.9114,9.6986,0.2128,3.8690,10.3209,10.3051,0.0158,NA,0.0000,NA,NA,NA,NA
Endfield.exe,53680,0x125AB2630,DXGI,0,512,0,Composed: Flip,Application,3683224290297,NA,9.96440000000000,8.35340000000000,0.26250000000000,4.77860000000000,14.3808,134.9309,3683224192781,10.0141,9.7516,0.2625,4.2785,10.2517,10.2517,0.0000,NA,0.0000,NA,NA,NA,NA
Endfield.exe,53680,0x125AB2630,DXGI,0,512,0,Composed: Flip,Application,3683224389973,NA,9.96760000000000,8.31390000000000,0.14010000000000,2.91130000000000,12.7271,143.2448,3683224292922,9.8452,9.7051,0.1401,4.5161,8.1003,8.1003,0.0000,NA,0.0000,NA,NA,NA,NA
Endfield.exe,53680,0x125AB2630,DXGI,0,512,0,Composed: Flip,Application,3683224490462,39.0953,10.04890000000000,9.36420000000000,0.26410000000000,1.69680000000000,12.0424,113.5137,3683224391374,10.1729,9.9088,0.2641,2.7712,8.8344,8.8333,0.0011,5.7349,7354.0271,NA,NA,NA,NA
Endfield.exe,53680,0x125AB2630,DXGI,0,512,0,Composed: Flip,Application,3683224590255,NA,9.97930000000000,7.31910000000000,0.22600000000000,1.62390000000000,9.3822,120.8328,3683224493103,9.9412,9.7152,0.2260,1.4327,9.9064,9.8900,0.0164,NA,0.0000,NA,NA,NA,NA
Endfield.exe,53680,0x125AB2630,DXGI,0,512,0,Composed: Flip,Application,3683224688357,NA,9.81020000000000,17.70130000000000,0.17960000000000,3.81480000000000,17.2733,138.5341,3683224592515,9.7638,9.5842,0.1796,1.3979,12.0011,12.0011,0.0000,NA,0.0000,NA,NA,NA,NA
Endfield.exe,53680,0x125AB2630,DXGI,0,512,0,Composed: Flip,Application,3683224788667,NA,10.03100000000000,7.29940000000000,0.24560000000000,3.79510000000000,14.5417,145.8335,3683224690153,10.0970,9.8514,0.2456,3.6352,10.0113,10.0113,0.0000,NA,0.0000,NA,NA,NA,NA
Endfield.exe,53680,0x125AB2630,DXGI,0,512,0,Composed: Flip,Application,3683224874812,40.9520,8.61450000000000,NA,0.28200000000000,7.82960000000000,NA,NA,3683224791123,8.6509,8.3689,0.2820,3.5495,12.6490,12.6458,0.0032,NA,NA,NA,NA,NA,NA
Endfield.exe,53680,0x125AB2630,DXGI,0,512,0,Composed: Flip,Application,3683224973497,NA,9.86850000000000,16.66020000000000,0.18860000000000,3.31130000000000,12.7189,121.5417,3683224877632,9.7751,9.5865,0.1886,7.5476,5.3502,5.3438,0.0064,NA,0.0000,NA,NA,NA,NA
Endfield.exe,53680,0x125AB2630,DXGI,0,512,0,Composed: Flip,Application,3683225071370,NA,9.78730000000000,9.32670000000000,0.18040000000000,4.03230000000000,12.2583,130.8684,3683224975383,9.7791,9.5987,0.1804,3.1227,10.5083,10.5083,0.0000,NA,0.0000,NA,NA,NA,NA
Endfield.exe,53680,0x125AB2630,DXGI,0,512,0,Composed: Flip,Application,3683225170286,NA,9.89160000000000,16.69570000000000,0.13960000000000,4.67480000000000,19.0624,147.5641,3683225073174,9.8508,9.7112,0.1396,3.8519,10.5341,10.5341,0.0000,NA,0.0000,NA,NA,NA,NA
Endfield.exe,53680,0x125AB2630,DXGI,0,512,0,Composed: Flip,Application,3683225271034,39.4297,10.07480000000000,7.29390000000000,0.21880000000000,6.76070000000000,16.2815,115.4283,3683225171682,10.1540,9.9352,0.2188,4.5352,12.1607,12.1584,0.0023,-1.9146,7434.4088,NA,19.1601,NA,NA
Endfield.exe,53680,0x125AB2630,DXGI,0,512,0,Composed: Flip,Application,3683225371298,NA,10.02640000000000,8.37570000000000,0.33610000000000,4.73970000000000,14.6308,123.8040,3683225273222,10.1437,9.8076,0.3361,6.5419,8.0054,8.0006,0.0048,NA,0.0000,NA,NA,NA,NA
Endfield.exe,53680,0x125AB2630,DXGI,0,512,0,Composed: Flip,Application,3683225468222,NA,9.69240000000000,9.30390000000000,4.18090000000000,5.56550000000000,14.2423,133.1079,3683225374659,13.5372,9.3563,4.1809,4.4036,10.5182,10.5182,0.0000,NA,0.0000,NA,NA,NA,NA
Endfield.exe,53680,0x125AB2630,DXGI,0,512,0,Composed: Flip,Application,3683225567210,NA,9.89880000000000,7.34090000000000,1.44470000000000,2.32190000000000,11.6844,140.4488,3683225510031,7.1626,5.7179,1.4447,1.3846,6.6552,6.6552,0.0000,NA,0.0000,NA,NA,NA,NA
Endfield.exe,53680,0x125AB2630,DXGI,0,512,0,Composed: Flip,Application,3683225668755,38.9419,10.15450000000000,17.67040000000000,0.24530000000000,4.36060000000000,19.2003,119.1773,3683225581657,8.9551,8.7098,0.2453,0.8772,12.1932,12.1920,0.0012,-3.7490,7473.3507,NA,21.8514,NA,NA
Endfield.exe,53680,0x125AB2630,DXGI,0,512,0,Composed: Flip,Application,3683225769653,NA,10.08980000000000,7.35440000000000,0.26950000000000,4.38820000000000,16.4649,126.5317,3683225671208,10.1140,9.8445,0.2695,4.1153,10.1174,10.0997,0.0177,NA,0.0000,NA,NA,NA,NA
Endfield.exe,53680,0x125AB2630,DXGI,0,512,0,Composed: Flip,Application,3683225867793,NA,9.81400000000000,8.41340000000000,0.22410000000000,4.83240000000000,15.0643,134.9451,3683225772348,9.7686,9.5445,0.2241,4.1187,10.2582,10.2582,0.0000,NA,0.0000,NA,NA,NA,NA
Endfield.exe,53680,0x125AB2630,DXGI,0,512,0,Composed: Flip,Application,3683225967606,NA,9.98130000000000,8.23420000000000,0.14320000000000,3.99980000000000,13.3172,143.1793,3683225870034,9.9004,9.7572,0.1432,4.6083,9.1487,9.1487,0.0000,NA,0.0000,NA,NA,NA,NA
Endfield.exe,53680,0x125AB2630,DXGI,0,512,0,Composed: Flip,Application,3683226055224,39.9544,8.76180000000000,8.33890000000000,0.16830000000000,1.94330000000000,12.8943,111.5638,3683225969038,8.7869,8.6186,0.1683,3.8566,6.7053,6.7027,0.0026,7.6135,7513.3051,NA,15.1846,NA,NA
Endfield.exe,53680,0x125AB2630,DXGI,0,512,0,Composed: Flip,Application,3683226156248,NA,10.10240000000000,8.30760000000000,0.24730000000000,2.82380000000000,11.0995,119.8714,3683226056907,10.1814,9.9341,0.2473,1.7750,10.9829,10.9704,0.0125,NA,0.0000,NA,NA,NA,NA
Endfield.exe,53680,0x125AB2630,DXGI,0,512,0,Composed: Flip,Application,3683226254900,NA,9.86520000000000,9.36620000000000,0.24890000000000,2.30370000000000,10.6005,129.2376,3683226158721,9.8668,9.6179,0.2489,2.5765,9.3451,9.3451,0.0000,NA,0.0000,NA,NA,NA,NA
Endfield.exe,53680,0x125AB2630,DXGI,0,512,0,Composed: Flip,Application,3683226354541,NA,9.96410000000000,15.67130000000000,0.21090000000000,4.56490000000000,16.3077,144.9089,3683226257389,9.9261,9.7152,0.2109,2.0548,12.2253,12.2253,0.0000,NA,0.0000,NA,NA,NA,NA
Endfield.exe,53680,0x125AB2630,DXGI,0,512,0,Composed: Flip,Application,3683226449212,39.7632,9.46710000000000,8.31620000000000,0.18110000000000,4.42270000000000,15.1568,113.4619,3683226356650,9.4373,9.2562,0.1811,4.3540,9.3249,9.3223,0.0026,-1.8981,7553.0683,NA,19.8442,NA,NA
Endfield.exe,53680,0x125AB2630,DXGI,0,512,0,Composed: Flip,Application,3683226550490,NA,10.12780000000000,9.32080000000000,0.33520000000000,7.42160000000000,14.3498,122.7827,3683226451023,10.2819,9.9467,0.3352,4.2416,13.1267,13.1072,0.0195,NA,0.0000,NA,NA,NA,NA
Endfield.exe,53680,0x125AB2630,DXGI,0,512,0,Composed: Flip,Application,3683226646307,NA,9.58170000000000,7.33990000000000,0.18670000000000,2.51560000000000,12.1080,130.1226,3683226553842,9.4332,9.2465,0.1867,7.0864,4.6757,4.6757,0.0000,NA,0.0000,NA,NA,NA,NA
Endfield.exe,53680,0x125AB2630,DXGI,0,512,0,Composed: Flip,Application,3683226745208,NA,9.89010000000000,16.66990000000000,0.17420000000000,3.37420000000000,18.8878,146.7925,3683226648174,9.8776,9.7034,0.1742,2.3289,10.7487,10.7487,0.0000,NA,0.0000,NA,NA,NA,NA
Endfield.exe,53680,0x125AB2630,DXGI,0,512,0,Composed: Flip,Application,3683226851064,38.6375,10.58560000000000,8.32550000000000,0.45690000000000,4.43100000000000,16.6277,116.4805,3683226746950,10.8683,10.4114,0.4569,3.2000,11.6424,11.6399,0.0025,-3.0186,7591.7058,NA,NA,NA,NA
Endfield.exe,53680,0x125AB2630,DXGI,0,512,0,Composed: Flip,Application,3683226952642,NA,10.15780000000000,8.31890000000000,0.25960000000000,4.72430000000000,14.7888,124.7994,3683226855633,9.9605,9.7009,0.2596,3.9741,10.4511,10.4356,0.0155,NA,0.0000,NA,NA,NA,NA
Endfield.exe,53680,0x125AB2630,DXGI,0,512,0,Composed: Flip,Application,3683227048419,NA,9.57770000000000,8.33960000000000,0.16770000000000,4.49110000000000,13.5507,133.1390,3683226955238,9.4858,9.3181,0.1677,4.4647,9.3445,9.3445,0.0000,NA,0.0000,NA,NA,NA,NA
Endfield.exe,53680,0x125AB2630,DXGI,0,512,0,Composed: Flip,Application,3683227147599,NA,9.91800000000000,8.33940000000000,0.13800000000000,3.93460000000000,11.9721,141.4784,3683227050096,9.8883,9.7503,0.1380,4.3234,9.3615,9.3615,0.0000,NA,0.0000,NA,NA,NA,NA
Endfield.exe,53680,0x125AB2630,DXGI,0,512,0,Composed: Flip,Application,3683227263645,39.3980,11.60460000000000,17.69030000000000,0.20730000000000,4.34470000000000,18.0578,119.7707,3683227148979,11.6739,11.4666,0.2073,3.7966,12.0147,12.0137,0.0010,-3.2902,7631.1038,NA,60.1751,NA,NA
Endfield.exe,53680,0x125AB2630,DXGI,0,512,0,Composed: Flip,Application,3683227364800,NA,10.11550000000000,7.37100000000000,0.29460000000000,4.48410000000000,15.3133,127.1417,3683227265718,10.2028,9.9082,0.2946,4.1374,10.2549,10.2367,0.0182,NA,0.0000,NA,NA,NA,NA
Endfield.exe,53680,0x125AB2630,DXGI,0,512,0,Composed: Flip,Application,3683227463275,NA,9.84750000000000,8.27220000000000,0.22030000000000,4.23410000000000,13.7380,135.4139,3683227367746,9.7732,9.5529,0.2203,4.1895,9.5975,9.5975,0.0000,NA,0.0000,NA,NA,NA,NA
Endfield.exe,53680,0x125AB2630,DXGI,0,512,0,Composed: Flip,Application,3683227561822,NA,9.85470000000000,8.35690000000000,0.16050000000000,2.57600000000000,12.2402,143.7708,3683227465478,9.7949,9.6344,0.1605,4.0138,8.1966,8.1966,0.0000,NA,0.0000,NA,NA,NA,NA
Endfield.exe,53680,0x125AB2630,DXGI,0,512,0,Composed: Flip,Application,3683227658070,41.0252,9.62480000000000,16.64820000000000,0.16890000000000,3.75280000000000,19.2636,119.3938,3683227563427,9.6332,9.4643,0.1689,2.4155,10.8016,10.8007,0.0009,0.3769,7672.1290,NA,NA,NA,NA
Endfield.exe,53680,0x125AB2630,DXGI,0,512,0,Composed: Flip,Application,3683227757091,NA,9.90210000000000,9.33420000000000,0.17110000000000,2.58460000000000,18.6957,128.7280,3683227659759,9.9043,9.7332,0.1711,3.5839,8.7339,8.7199,0.0140,NA,0.0000,NA,NA,NA,NA
Endfield.exe,53680,0x125AB2630,DXGI,0,512,0,Composed: Flip,Application,3683227857181,NA,10.00900000000000,7.33470000000000,0.23090000000000,4.24920000000000,16.0214,136.0627,3683227758802,10.0688,9.8379,0.2309,2.4135,11.6736,11.6736,0.0000,NA,0.0000,NA,NA,NA,NA
Endfield.exe,53680,0x125AB2630,DXGI,0,512,0,Composed: Flip,Application,3683227955529,NA,9.83480000000000,8.38420000000000,0.15450000000000,4.67580000000000,14.5708,144.4469,3683227859490,9.7584,9.6039,0.1545,4.0183,10.2614,10.2614,0.0000,NA,0.0000,NA,NA,NA,NA
Endfield.exe,53680,0x125AB2630,DXGI,0,512,0,Composed: Flip,Application,3683228047779,40.2004,9.22500000000000,9.29680000000000,0.19770000000000,2.28420000000000,14.6426,113.5433,3683227957074,9.2682,9.0705,0.1977,4.5213,6.8334,6.8307,0.0027,5.8505,7712.3294,NA,17.1724,NA,NA
Endfield.exe,53680,0x125AB2630,DXGI,0,512,0,Composed: Flip,Application,3683228149028,NA,10.12490000000000,7.31600000000000,0.32620000000000,2.28370000000000,11.8337,120.8593,3683228049756,10.2534,9.9272,0.3262,2.0865,10.1244,10.1069,0.0175,NA,0.0000,NA,NA,NA,NA
Endfield.exe,53680,0x125AB2630,DXGI,0,512,0,Composed: Flip,Application,3683228244487,NA,9.54590000000000,8.32720000000000,0.17690000000000,3.13190000000000,10.6150,129.1865,3683228152290,9.3966,9.2197,0.1769,1.9575,10.3941,10.3941,0.0000,NA,0.0000,NA,NA,NA,NA
Endfield.exe,53680,0x125AB2630,DXGI,0,512,0,Composed: Flip,Application,3683228343167,NA,9.86800000000000,9.35780000000000,0.14960000000000,2.36060000000000,10.1048,138.5443,3683228246256,9.8407,9.6911,0.1496,2.9550,9.0967,9.0967,0.0000,NA,0.0000,NA,NA,NA,NA
Endfield.exe,53680,0x125AB2630,DXGI,0,512,0,Composed: Flip,Application,3683228438654,39.2958,9.54870000000000,15.65370000000000,0.30830000000000,1.46340000000000,16.2098,114.9022,3683228344663,9.7074,9.3991,0.3083,2.2110,8.6515,8.6485,0.0030,-1.3589,7751.6252,NA,NA,NA,NA
Endfield.exe,53680,0x125AB2630,DXGI,0,512,0,Composed: Flip,Application,3683228538695,NA,10.00410000000000,9.34600000000000,0.26000000000000,4.88840000000000,15.5517,124.2482,3683228441737,9.9558,9.6958,0.2600,1.1551,13.4291,13.4104,0.0187,NA,0.0000,NA,NA,NA,NA
Endfield.exe,53680,0x125AB2630,DXGI,0,512,0,Composed: Flip,Application,3683228635528,NA,9.68330000000000,7.32350000000000,0.39070000000000,2.63840000000000,13.1919,131.5717,3683228541295,9.8140,9.4233,0.3907,4.6284,7.4333,7.4333,0.0000,NA,0.0000,NA,NA,NA,NA
Endfield.exe,53680,0x125AB2630,DXGI,0,512,0,Composed: Flip,Application,3683228733966,NA,9.84380000000000,8.30140000000000,0.22690000000000,4.03720000000000,11.6495,139.8731,3683228639435,9.6800,9.4531,0.2269,2.2477,11.2426,11.2426,0.0000,NA,0.0000,NA,NA,NA,NA
Endfield.exe,53680,0x125AB2630,DXGI,0,512,0,Composed: Flip,Application,3683228838241,39.5258,10.42750000000000,16.69540000000000,0.15740000000000,4.06510000000000,17.9174,117.0427,3683228736235,10.3580,10.2006,0.1574,3.8103,10.4554,10.4526,0.0028,-2.1405,7791.1510,NA,NA,NA,NA
Endfield.exe,53680,0x125AB2630,DXGI,0,512,0,Composed: Flip,Application,3683228937182,NA,9.89410000000000,NA,0.27340000000000,9.57100000000000,NA,NA,3683228839815,10.0101,9.7367,0.2734,3.9077,15.4000,15.3818,0.0182,NA,NA,NA,NA,NA,NA
Endfield.exe,53680,0x125AB2630,DXGI,0,512,0,Composed: Flip,Application,3683229034350,NA,9.71680000000000,16.64770000000000,0.22210000000000,0.83830000000000,14.9542,133.6904,3683228939916,9.6655,9.4434,0.2221,9.2976,0.9841,0.9841,0.0000,NA,0.0000,NA,NA,NA,NA
Endfield.exe,53680,0x125AB2630,DXGI,0,512,0,Composed: Flip,Application,3683229133027,NA,9.86770000000000,8.34950000000000,0.19160000000000,4.00740000000000,13.4360,142.0399,3683229036571,9.8372,9.6456,0.1916,0.6162,13.0368,13.0368,0.0000,NA,0.0000,NA,NA,NA,NA
Endfield.exe,53680,0x125AB2630,DXGI,0,512,0,Composed: Flip,Application,3683229222155,38.7681,8.91280000000000,9.34750000000000,0.19960000000000,2.25210000000000,13.8707,112.6193,3683229134943,8.9208,8.7212,0.1996,3.8158,7.1575,7.1550,0.0025,4.4234,7829.9191,NA,NA,NA,NA
Endfield.exe,53680,0x125AB2630,DXGI,0,512,0,Composed: Flip,Application,3683229319434,NA,9.72790000000000,7.31610000000000,0.17200000000000,2.76550000000000,11.4589,119.9354,3683229224151,9.7003,9.5283,0.1720,2.0525,10.2413,10.2298,0.0115,NA,0.0000,NA,NA,NA,NA
Endfield.exe,53680,0x125AB2630,DXGI,0,512,0,Composed: Flip,Application,3683229417851,NA,9.84170000000000,8.37460000000000,0.15960000000000,2.46930000000000,9.9918,128.3100,3683229321154,9.8293,9.6697,0.1596,2.5935,9.5455,9.5455,0.0000,NA,0.0000,NA,NA,NA,NA
Endfield.exe,53680,0x125AB2630,DXGI,0,512,0,Composed: Flip,Application,3683229515581,NA,9.77300000000000,16.64640000000000,0.15630000000000,7.91760000000000,16.8652,144.9564,3683229419447,9.7697,9.6134,0.1563,2.3097,15.2213,15.2213,0.0000,NA,0.0000,NA,NA,NA,NA
Endfield.exe,53680,0x125AB2630,DXGI,0,512,0,Composed: Flip,Application,3683229616281,39.7949,10.07000000000000,9.32770000000000,0.19630000000000,7.49040000000000,16.1229,114.4892,3683229517144,10.1100,9.9137,0.1963,7.7613,9.6428,9.6428,0.0000,-1.8699,7869.7140,NA,NA,NA,NA
Endfield.exe,53680,0x125AB2630,DXGI,0,512,0,Composed: Flip,Application,3683229733773,NA,11.74920000000000,7.32770000000000,0.17480000000000,2.83020000000000,11.7014,121.8169,3683229618244,11.7277,11.5529,0.1748,7.2941,7.0890,7.0835,0.0055,NA,0.0000,NA,NA,NA,NA
Endfield.exe,53680,0x125AB2630,DXGI,0,512,0,Composed: Flip,Application,3683229811962,NA,7.81890000000000,8.31570000000000,0.23070000000000,2.41700000000000,12.1982,130.1326,3683229735521,7.8748,7.6441,0.2307,2.6554,7.4057,7.4057,0.0000,NA,0.0000,NA,NA,NA,NA
Endfield.exe,53680,0x125AB2630,DXGI,0,512,0,Composed: Flip,Application,3683229910439,NA,9.84770000000000,9.38960000000000,0.19770000000000,3.06730000000000,11.7401,139.5222,3683229814269,9.8147,9.6170,0.1977,2.1863,10.4980,10.4980,0.0000,NA,0.0000,NA,NA,NA,NA
Endfield.exe,53680,0x125AB2630,DXGI,0,512,0,Composed: Flip,Application,3683230013334,38.5427,10.28950000000000,15.62090000000000,0.15900000000000,1.70340000000000,17.0715,116.6004,3683229912416,10.2508,10.0918,0.1590,2.8696,8.9256,8.9230,0.0026,-2.1112,7908.2567,NA,NA,NA,NA
Endfield.exe,53680,0x125AB2630,DXGI,0,512,0,Composed: Flip,Application,3683230112253,NA,9.89190000000000,9.33740000000000,0.19720000000000,3.42460000000000,16.5170,125.9378,3683230014924,9.9301,9.7329,0.1972,1.5444,11.6131,11.5973,0.0158,NA,0.0000,NA,NA,NA,NA
Endfield.exe,53680,0x125AB2630,DXGI,0,512,0,Composed: Flip,Application,3683230209582,NA,9.73290000000000,7.32680000000000,0.15880000000000,3.44350000000000,14.1109,133.2646,3683230114225,9.6945,9.5357,0.1588,3.2274,9.7518,9.7518,0.0000,NA,0.0000,NA,NA,NA,NA
Endfield.exe,53680,0x125AB2630,DXGI,0,512,0,Composed: Flip,Application,3683230307544,NA,9.79620000000000,8.33640000000000,0.13150000000000,2.97510000000000,12.6511,141.6010,3683230211170,9.7689,9.6374,0.1315,3.2847,9.3278,9.3278,0.0000,NA,0.0000,NA,NA,NA,NA
Endfield.exe,53680,0x125AB2630,DXGI,0,512,0,Composed: Flip,Application,3683230411699,39.1621,10.41550000000000,16.65140000000000,0.19910000000000,3.79890000000000,18.8870,119.0903,3683230308859,10.4831,10.2840,0.1991,2.8436,11.2393,11.2382,0.0011,-2.4899,7947.4188,NA,NA,NA,NA
Endfield.exe,53680,0x125AB2630,DXGI,0,512,0,Composed: Flip,Application,3683230511668,NA,9.99690000000000,9.35730000000000,0.20000000000000,2.33910000000000,18.2474,128.4476,3683230413690,9.9978,9.7978,0.2000,3.5998,8.5371,8.5213,0.0158,NA,0.0000,NA,NA,NA,NA
Endfield.exe,53680,0x125AB2630,DXGI,0,512,0,Composed: Flip,Application,3683230609440,NA,9.77720000000000,7.32060000000000,0.17340000000000,4.39990000000000,15.7908,135.7682,3683230513668,9.7506,9.5772,0.1734,2.1391,11.8380,11.8380,0.0000,NA,0.0000,NA,NA,NA,NA
Endfield.exe,53680,0x125AB2630,DXGI,0,512,0,Composed: Flip,Application,3683230709728,NA,10.02880000000000,8.35560000000000,0.26740000000000,4.54810000000000,14.1176,144.1238,3683230611174,10.1228,9.8554,0.2674,4.2265,10.1770,10.1770,0.0000,NA,0.0000,NA,NA,NA,NA
Endfield.exe,53680,0x125AB2630,DXGI,0,512,0,Composed: Flip,Application,3683230800337,40.0128,9.06090000000000,9.33160000000000,0.15940000000000,2.29770000000000,14.3883,113.4426,3683230712402,8.9529,8.7935,0.1594,4.2807,6.8105,6.8070,0.0035,5.6477,7987.4316,NA,56.1661,NA,NA
Endfield.exe,53680,0x125AB2630,DXGI,0,512,0,Composed: Flip,Application,3683230899509,NA,9.91720000000000,7.31480000000000,0.21560000000000,2.70040000000000,11.7859,120.7574,3683230801931,9.9734,9.7578,0.2156,2.1383,10.3199,10.3057,0.0142,NA,0.0000,NA,NA,NA,NA
Endfield.exe,53680,0x125AB2630,DXGI,0,512,0,Composed: Flip,Application,3683230997640,NA,9.81310000000000,8.32900000000000,0.17870000000000,2.74130000000000,10.3018,129.0864,3683230901665,9.7762,9.5975,0.1787,2.4848,9.8540,9.8540,0.0000,NA,0.0000,NA,NA,NA,NA
Endfield.exe,53680,0x125AB2630,DXGI,0,512,0,Composed: Flip,Application,3683231097265,NA,9.96250000000000,17.70950000000000,0.15360000000000,2.09570000000000,18.0488,146.7959,3683230999427,9.9374,9.7838,0.1536,2.5626,9.3169,9.3169,0.0000,NA,0.0000,NA,NA,NA,NA
Endfield.exe,53680,0x125AB2630,DXGI,0,512,0,Composed: Flip,Application,3683231207423,39.1478,11.01580000000000,7.28750000000000,0.28550000000000,3.76040000000000,14.3205,114.9356,3683231098801,11.1477,10.8622,0.2855,1.9421,12.6805,12.6768,0.0037,-1.4930,8026.5794,NA,18.8113,NA,NA
Endfield.exe,53680,0x125AB2630,DXGI,0,512,0,Composed: Flip,Application,3683231316094,NA,10.86710000000000,9.35190000000000,0.27200000000000,3.36090000000000,12.8053,124.2875,3683231210278,10.8536,10.5816,0.2720,3.4749,10.4676,10.4552,0.0124,NA,0.0000,NA,NA,NA,NA
Endfield.exe,53680,0x125AB2630,DXGI,0,512,0,Composed: Flip,Application,3683231403027,NA,8.69330000000000,7.33100000000000,0.26780000000000,4.13860000000000,11.4430,131.6185,3683231318814,8.6891,8.4213,0.2678,3.0889,9.4710,9.4710,0.0000,NA,0.0000,NA,NA,NA,NA
Endfield.exe,53680,0x125AB2630,DXGI,0,512,0,Composed: Flip,Application,3683231501410,NA,9.83830000000000,16.66560000000000,0.14330000000000,4.83880000000000,18.2703,148.2841,3683231405705,9.7138,9.5705,0.1433,3.8708,10.5385,10.5385,0.0000,NA,0.0000,NA,NA,NA,NA
Endfield.exe,53680,0x125AB2630,DXGI,0,512,0,Composed: Flip,Application,3683231596718,39.9811,9.53080000000000,9.33540000000000,0.25270000000000,4.51550000000000,18.0749,117.6384,3683231502843,9.6402,9.3875,0.2527,4.6955,9.2075,9.2042,0.0033,-2.7028,8066.5605,NA,20.4714,NA,NA
Endfield.exe,53680,0x125AB2630,DXGI,0,512,0,Composed: Flip,Application,3683231697195,NA,10.04770000000000,7.31940000000000,0.32130000000000,4.51290000000000,15.3466,124.9578,3683231599245,10.1163,9.7950,0.3213,4.2628,10.0451,10.0281,0.0170,NA,0.0000,NA,NA,NA,NA
Endfield.exe,53680,0x125AB2630,DXGI,0,512,0,Composed: Flip,Application,3683231795238,NA,9.80430000000000,8.32840000000000,0.16290000000000,4.66050000000000,13.8707,133.2862,3683231700408,9.6459,9.4830,0.1629,4.1916,9.9519,9.9519,0.0000,NA,0.0000,NA,NA,NA,NA
Endfield.exe,53680,0x125AB2630,DXGI,0,512,0,Composed: Flip,Application,3683231893246,NA,9.80080000000000,8.34850000000000,0.14920000000000,2.71660000000000,12.4184,141.6347,3683231796867,9.7871,9.6379,0.1492,4.4976,7.8569,7.8569,0.0000,NA,0.0000,NA,NA,NA,NA
Endfield.exe,53680,0x125AB2630,DXGI,0,512,0,Composed: Flip,Application,3683232000991,39.8928,10.77450000000000,16.68420000000000,0.20350000000000,4.29290000000000,18.3281,118.4261,3683231894738,10.8288,10.6253,0.2035,2.5674,12.3508,12.3485,0.0023,-0.7877,8106.4533,NA,NA,NA,NA
Endfield.exe,53680,0x125AB2630,DXGI,0,512,0,Composed: Flip,Application,3683232100307,NA,9.93160000000000,8.30170000000000,0.22380000000000,2.82630000000000,16.6982,126.7278,3683232003026,9.9519,9.7281,0.2238,4.0894,8.4650,8.4531,0.0119,NA,0.0000,NA,NA,NA,NA
Endfield.exe,53680,0x125AB2630,DXGI,0,512,0,Composed: Flip,Application,3683232199411,NA,9.91040000000000,8.37230000000000,0.16120000000000,4.46970000000000,15.1601,135.1001,3683232102545,9.8478,9.6866,0.1612,2.6025,11.5538,11.5538,0.0000,NA,0.0000,NA,NA,NA,NA
Endfield.exe,53680,0x125AB2630,DXGI,0,512,0,Composed: Flip,Application,3683232299503,NA,10.00920000000000,8.32250000000000,0.16070000000000,3.65500000000000,13.4734,143.4226,3683232201023,10.0087,9.8480,0.1607,4.3085,9.1945,9.1945,0.0000,NA,0.0000,NA,NA,NA,NA
Endfield.exe,53680,0x125AB2630,DXGI,0,512,0,Composed: Flip,Application,3683232404371,39.4992,10.48680000000000,9.35060000000000,0.18870000000000,3.72290000000000,12.3372,113.2740,3683232301110,10.5148,10.3261,0.1887,3.4943,10.5547,10.5537,0.0010,5.1521,8145.9525,NA,18.5228,NA,NA
Endfield.exe,53680,0x125AB2630,DXGI,0,512,0,Composed: Flip,Application,3683232505298,NA,10.09270000000000,15.62380000000000,0.24930000000000,4.49680000000000,17.8683,128.8978,3683232406258,10.1533,9.9040,0.2493,3.5342,10.8666,10.8520,0.0146,NA,0.0000,NA,NA,NA,NA
Endfield.exe,53680,0x125AB2630,DXGI,0,512,0,Composed: Flip,Application,3683232605329,NA,10.00310000000000,9.35760000000000,0.19910000000000,5.14900000000000,17.2228,138.2554,3683232507791,9.9529,9.7538,0.1991,4.2475,10.6553,10.6553,0.0000,NA,0.0000,NA,NA,NA,NA
Endfield.exe,53680,0x125AB2630,DXGI,0,512,0,Composed: Flip,Application,3683232704515,NA,9.91860000000000,7.32630000000000,0.21600000000000,3.94380000000000,14.6305,145.5817,3683232607320,9.9355,9.7195,0.2160,4.9499,8.7134,8.7134,0.0000,NA,0.0000,NA,NA,NA,NA
Endfield.exe,53680,0x125AB2630,DXGI,0,512,0,Composed: Flip,Application,3683232792502,40.0638,8.79870000000000,9.35840000000000,0.25450000000000,7.23690000000000,15.1902,114.8763,3683232706675,8.8372,8.5827,0.2545,3.7278,12.0918,12.0892,0.0026,-1.6023,8186.0163,NA,18.1956,NA,NA
Endfield.exe,53680,0x125AB2630,DXGI,0,512,0,Composed: Flip,Application,3683232891489,NA,9.89870000000000,7.30970000000000,0.24840000000000,4.49000000000000,12.6012,122.1860,3683232795047,9.8926,9.6442,0.2484,6.9824,7.1518,7.1443,0.0075,NA,0.0000,NA,NA,NA,NA
Endfield.exe,53680,0x125AB2630,DXGI,0,512,0,Composed: Flip,Application,3683232991683,NA,10.01940000000000,16.65470000000000,0.22310000000000,3.76250000000000,19.2365,138.8407,3683232893973,9.9941,9.7710,0.2231,4.2416,9.2919,9.2919,0.0000,NA,0.0000,NA,NA,NA,NA
Endfield.exe,53680,0x125AB2630,DXGI,0,512,0,Composed: Flip,Application,3683233089257,NA,9.75740000000000,8.46000000000000,0.21020000000000,4.38500000000000,17.9391,147.3007,3683232993914,9.7445,9.5343,0.2102,3.5394,10.3799,10.3799,0.0000,NA,0.0000,NA,NA,NA,NA
Endfield.exe,53680,0x125AB2630,DXGI,0,512,0,Composed: Flip,Application,3683233188541,39.7687,9.92840000000000,9.27260000000000,0.24170000000000,4.17280000000000,17.2833,116.8046,3683233091359,9.9599,9.7182,0.2417,4.1748,9.7162,9.7136,0.0026,-1.9283,8225.7850,NA,28.8857,NA,NA
Endfield.exe,53680,0x125AB2630,DXGI,0,512,0,Composed: Flip,Application,3683233288053,NA,9.95120000000000,7.25910000000000,0.24450000000000,4.20130000000000,14.5912,124.0637,3683233190958,9.9540,9.7095,0.2445,3.9311,9.9797,9.9620,0.0177,NA,0.0000,NA,NA,NA,NA
Endfield.exe,53680,0x125AB2630,DXGI,0,512,0,Composed: Flip,Application,3683233385565,NA,9.75120000000000,8.34750000000000,0.20020000000000,3.89690000000000,13.1875,132.4112,3683233290498,9.7069,9.5067,0.2002,3.9568,9.4468,9.4468,0.0000,NA,0.0000,NA,NA,NA,NA
Endfield.exe,53680,0x125AB2630,DXGI,0,512,0,Composed: Flip,Application,3683233486207,NA,10.06420000000000,8.35300000000000,0.25820000000000,2.09210000000000,11.4763,140.7642,3683233387567,10.1222,9.8640,0.2582,3.6967,8.2594,8.2594,0.0000,NA,0.0000,NA,NA,NA,NA
Endfield.exe,53680,0x125AB2630,DXGI,0,512,0,Composed: Flip,Application,3683233586758,39.5262,10.05510000000000,9.35010000000000,0.29440000000000,3.59700000000000,10.7713,110.5881,3683233488789,10.0913,9.7969,0.2944,1.8339,11.5600,11.5591,0.0009,6.2165,8265.3112,NA,14.1995,NA,NA
Endfield.exe,53680,0x125AB2630,DXGI,0,512,0,Composed: Flip,Application,3683233687198,NA,10.04400000000000,16.67320000000000,0.30590000000000,9.52920000000000,17.4005,127.2613,3683233589702,10.0555,9.7496,0.3059,3.3026,15.9762,15.9596,0.0166,NA,0.0000,NA,NA,NA,NA
Endfield.exe,53680,0x125AB2630,DXGI,0,512,0,Composed: Flip,Application,3683233786473,NA,9.92750000000000,7.29000000000000,0.30210000000000,4.30920000000000,14.7630,134.5513,3683233690257,9.9237,9.6216,0.3021,9.2233,4.7075,4.7075,0.0000,NA,0.0000,NA,NA,NA,NA
Endfield.exe,53680,0x125AB2630,DXGI,0,512,0,Composed: Flip,Application,3683233883913,NA,9.74400000000000,8.33050000000000,0.24030000000000,4.17620000000000,13.3495,142.8818,3683233789494,9.6822,9.4419,0.2403,4.0071,9.6110,9.6110,0.0000,NA,0.0000,NA,NA,NA,NA
Endfield.exe,53680,0x125AB2630,DXGI,0,512,0,Composed: Flip,Application,3683233971466,39.4127,8.75530000000000,9.36290000000000,0.28170000000000,2.15010000000000,13.9571,112.8320,3683233886316,8.7967,8.5150,0.2817,3.9359,6.7292,6.7263,0.0029,-2.2439,8304.7239,NA,16.8606,NA,NA
Endfield.exe,53680,0x125AB2630,DXGI,0,512,0,Composed: Flip,Application,3683234071051,NA,9.95850000000000,7.31760000000000,0.39040000000000,2.45050000000000,11.3162,120.1496,3683233974283,10.0672,9.6768,0.3904,1.8684,10.2589,10.2433,0.0156,NA,0.0000,NA,NA,NA,NA
Endfield.exe,53680,0x125AB2630,DXGI,0,512,0,Composed: Flip,Application,3683234169751,NA,9.87000000000000,9.34970000000000,0.26080000000000,2.89730000000000,10.7959,129.4993,3683234074955,9.7404,9.4796,0.2608,2.0601,10.3168,10.3168,0.0000,NA,0.0000,NA,NA,NA,NA
Endfield.exe,53680,0x125AB2630,DXGI,0,512,0,Composed: Flip,Application,3683234270640,NA,10.08890000000000,15.65920000000000,0.32340000000000,6.79450000000000,16.3662,145.1585,3683234172359,10.1515,9.8281,0.3234,2.6365,13.9861,13.9861,0.0000,NA,0.0000,NA,NA,NA,NA
Endfield.exe,53680,0x125AB2630,DXGI,0,512,0,Composed: Flip,Application,3683234362996,39.2318,9.23560000000000,9.33230000000000,0.34370000000000,4.24050000000000,16.4629,115.2590,3683234273874,9.2559,8.9122,0.3437,6.4711,6.6816,6.6816,0.0000,-2.4270,8343.9557,NA,19.5150,NA,NA
Endfield.exe,53680,0x125AB2630,DXGI,0,512,0,Composed: Flip,Application,3683234460268,NA,9.72720000000000,7.31020000000000,0.39560000000000,2.45850000000000,14.0459,122.5692,3683234366433,9.7791,9.3835,0.3956,3.8968,7.9452,7.9273,0.0179,NA,0.0000,NA,NA,NA,NA
Endfield.exe,53680,0x125AB2630,DXGI,0,512,0,Composed: Flip,Application,3683234557057,NA,9.67890000000000,8.32500000000000,0.18960000000000,3.29390000000000,12.6920,130.8942,3683234464224,9.4729,9.2833,0.1896,2.0629,10.5143,10.5143,0.0000,NA,0.0000,NA,NA,NA,NA
Endfield.exe,53680,0x125AB2630,DXGI,0,512,0,Composed: Flip,Application,3683234655729,NA,9.86720000000000,9.36680000000000,0.21160000000000,3.97230000000000,12.1916,140.2610,3683234558953,9.8892,9.6776,0.2116,3.1043,10.5456,10.5456,0.0000,NA,0.0000,NA,NA,NA,NA
Endfield.exe,53680,0x125AB2630,DXGI,0,512,0,Composed: Flip,Application,3683234752732,39.4470,9.70030000000000,16.65860000000000,0.20950000000000,4.12820000000000,19.1499,117.4726,3683234657845,9.6982,9.4887,0.2095,3.7607,9.8562,9.8533,0.0029,-2.2136,8383.4027,NA,35.1708,NA,NA
Endfield.exe,53680,0x125AB2630,DXGI,0,512,0,Composed: Flip,Application,3683234851448,NA,9.87160000000000,7.31620000000000,0.25710000000000,4.60070000000000,16.5945,124.7888,3683234754827,9.9192,9.6621,0.2571,3.9187,10.3441,10.3245,0.0196,NA,0.0000,NA,NA,NA,NA
Endfield.exe,53680,0x125AB2630,DXGI,0,512,0,Composed: Flip,Application,3683234948398,NA,9.69500000000000,8.37740000000000,0.21980000000000,4.83960000000000,15.2769,133.1662,3683234854019,9.6577,9.4379,0.2198,4.3436,9.9339,9.9339,0.0000,NA,0.0000,NA,NA,NA,NA
Endfield.exe,53680,0x125AB2630,DXGI,0,512,0,Composed: Flip,Application,3683235047610,NA,9.92120000000000,8.29170000000000,0.24040000000000,4.15550000000000,13.6474,141.4579,3683234950596,9.9418,9.7014,0.2404,4.6198,9.2371,9.2371,0.0000,NA,0.0000,NA,NA,NA,NA
Endfield.exe,53680,0x125AB2630,DXGI,0,512,0,Composed: Flip,Application,3683235144068,38.7102,9.64580000000000,9.35670000000000,0.25860000000000,2.18530000000000,13.3583,112.1044,3683235050014,9.6640,9.4054,0.2586,3.9151,7.6756,7.6727,0.0029,5.3682,8422.1129,NA,NA,NA,NA
Endfield.exe,53680,0x125AB2630,DXGI,0,512,0,Composed: Flip,Application,3683235242756,NA,9.86880000000000,7.33120000000000,0.32230000000000,2.67470000000000,10.8207,119.4356,3683235146654,9.9325,9.6102,0.3223,1.9267,10.3582,10.3435,0.0147,NA,0.0000,NA,NA,NA,NA
Endfield.exe,53680,0x125AB2630,DXGI,0,512,0,Composed: Flip,Application,3683235339392,NA,9.66360000000000,17.67560000000000,0.25560000000000,2.38190000000000,18.8327,137.1112,3683235245979,9.5969,9.3413,0.2556,2.3524,9.3708,9.3708,0.0000,NA,0.0000,NA,NA,NA,NA
Endfield.exe,53680,0x125AB2630,DXGI,0,512,0,Composed: Flip,Application,3683235437117,NA,9.77250000000000,7.29910000000000,0.25290000000000,4.21130000000000,16.3593,144.4103,3683235341948,9.7698,9.5169,0.2529,2.1263,11.6019,11.6019,0.0000,NA,0.0000,NA,NA,NA,NA
Endfield.exe,53680,0x125AB2630,DXGI,0,512,0,Composed: Flip,Application,3683235535681,39.2075,9.85640000000000,8.34060000000000,0.34000000000000,7.12140000000000,14.8435,113.5434,3683235439646,9.9435,9.6035,0.3400,3.9584,12.7665,12.7642,0.0023,-1.4390,8461.3204,NA,18.1639,NA,NA
Endfield.exe,53680,0x125AB2630,DXGI,0,512,0,Composed: Flip,Application,3683235633224,NA,9.75430000000000,8.32490000000000,0.29780000000000,3.38050000000000,13.4141,121.8683,3683235539081,9.7121,9.4143,0.2978,6.7814,6.0134,5.9978,0.0156,NA,0.0000,NA,NA,NA,NA
Endfield.exe,53680,0x125AB2630,DXGI,0,512,0,Composed: Flip,Application,3683235730675,NA,9.74510000000000,9.38070000000000,0.33370000000000,2.53200000000000,13.0497,131.2490,3683235636202,9.7810,9.4473,0.3337,3.0827,8.8966,8.8966,0.0000,NA,0.0000,NA,NA,NA,NA
Endfield.exe,53680,0x125AB2630,DXGI,0,512,0,Composed: Flip,Application,3683235828450,NA,9.77750000000000,16.68990000000000,0.24240000000000,3.96600000000000,19.9621,147.9389,3683235734012,9.6862,9.4438,0.2424,2.1983,11.2115,11.2115,0.0000,NA,0.0000,NA,NA,NA,NA
Endfield.exe,53680,0x125AB2630,DXGI,0,512,0,Composed: Flip,Application,3683235934857,39.0852,10.64070000000000,7.24190000000000,0.27750000000000,3.88700000000000,16.5633,116.0956,3683235830874,10.6758,10.3983,0.2775,3.7236,10.5617,10.5594,0.0023,-2.5522,8500.4056,NA,21.7968,NA,NA
Endfield.exe,53680,0x125AB2630,DXGI,0,512,0,Composed: Flip,Application,3683236029955,NA,9.50980000000000,NA,0.28750000000000,9.17920000000000,NA,NA,3683235937632,9.5198,9.2323,0.2875,3.6095,14.8020,14.7854,0.0166,NA,NA,NA,NA,NA,NA
Endfield.exe,53680,0x125AB2630,DXGI,0,512,0,Composed: Flip,Application,3683236127337,NA,9.73820000000000,17.70070000000000,0.18590000000000,4.33480000000000,15.0160,133.7963,3683236032830,9.6366,9.4507,0.1859,8.8917,4.8938,4.8938,0.0000,NA,0.0000,NA,NA,NA,NA
Endfield.exe,53680,0x125AB2630,DXGI,0,512,0,Composed: Flip,Application,3683236226716,NA,9.93790000000000,7.30330000000000,0.79390000000000,3.73050000000000,12.3814,141.0996,3683236129196,10.5459,9.7520,0.7939,4.1489,9.3336,9.3336,0.0000,NA,0.0000,NA,NA,NA,NA
Endfield.exe,53680,0x125AB2630,DXGI,0,512,0,Composed: Flip,Application,3683236325348,39.1741,9.86320000000000,17.72330000000000,0.46790000000000,3.73980000000000,20.2415,119.6488,3683236234655,9.5372,9.0693,0.4679,2.9366,9.8725,9.8715,0.0010,-3.5532,8539.5797,NA,40.5227,NA,NA
Endfield.exe,53680,0x125AB2630,DXGI,0,512,0,Composed: Flip,Application,3683236425063,NA,9.97150000000000,7.29100000000000,0.30860000000000,4.59780000000000,17.5610,126.9398,3683236330027,9.8122,9.5036,0.3086,3.2719,10.8295,10.8150,0.0145,NA,0.0000,NA,NA,NA,NA
Endfield.exe,53680,0x125AB2630,DXGI,0,512,0,Composed: Flip,Application,3683236521735,NA,9.66720000000000,8.32300000000000,0.27570000000000,4.89660000000000,16.2168,135.2628,3683236428149,9.6343,9.3586,0.2757,4.2892,9.9660,9.9660,0.0000,NA,0.0000,NA,NA,NA,NA
Endfield.exe,53680,0x125AB2630,DXGI,0,512,0,Composed: Flip,Application,3683236619365,NA,9.76300000000000,9.41030000000000,0.30750000000000,4.78380000000000,15.8641,144.6731,3683236524492,9.7948,9.4873,0.3075,4.6209,9.6502,9.6502,0.0000,NA,0.0000,NA,NA,NA,NA
Endfield.exe,53680,0x125AB2630,DXGI,0,512,0,Composed: Flip,Application,3683236718367,39.6912,9.90020000000000,7.42090000000000,0.29230000000000,1.84350000000000,13.3848,112.4028,3683236622440,9.8850,9.5927,0.2923,4.4763,6.9599,6.9568,0.0031,7.2460,8579.2709,NA,15.6522,NA,NA
Endfield.exe,53680,0x125AB2630,DXGI,0,512,0,Composed: Flip,Application,3683236821649,NA,10.32820000000000,16.52140000000000,0.31460000000000,4.05240000000000,19.5780,128.9242,3683236721290,10.3505,10.0359,0.3146,1.5512,12.5371,12.5232,0.0139,NA,0.0000,NA,NA,NA,NA
Endfield.exe,53680,0x125AB2630,DXGI,0,512,0,Composed: Flip,Application,3683236914430,NA,9.27810000000000,8.30270000000000,0.23990000000000,3.95070000000000,18.6026,137.2269,3683236824795,9.2034,8.9635,0.2399,3.7378,9.1764,9.1764,0.0000,NA,0.0000,NA,NA,NA,NA
Endfield.exe,53680,0x125AB2630,DXGI,0,512,0,Composed: Flip,Application,3683237012631,NA,9.82010000000000,8.35960000000000,0.20170000000000,3.89070000000000,17.1421,145.5865,3683236916829,9.7819,9.5802,0.2017,3.7108,9.7601,9.7601,0.0000,NA,0.0000,NA,NA,NA,NA
Endfield.exe,53680,0x125AB2630,DXGI,0,512,0,Composed: Flip,Application,3683237123414,38.6572,11.07830000000000,8.33900000000000,0.22260000000000,2.59620000000000,14.4028,115.2683,3683237014648,11.0992,10.8766,0.2226,3.6890,9.7838,9.7810,0.0028,-2.8655,8617.9281,NA,16.4874,NA,NA
Endfield.exe,53680,0x125AB2630,DXGI,0,512,0,Composed: Flip,Application,3683237222400,NA,9.89860000000000,8.32340000000000,0.26520000000000,3.46970000000000,12.8276,123.5917,3683237125640,9.9412,9.6760,0.2652,2.3736,10.7721,10.7546,0.0175,NA,0.0000,NA,NA,NA,NA
Endfield.exe,53680,0x125AB2630,DXGI,0,512,0,Composed: Flip,Application,3683237319353,NA,9.69530000000000,8.35480000000000,0.27070000000000,2.89110000000000,11.4871,131.9465,3683237225052,9.7008,9.4301,0.2707,3.2045,9.1167,9.1167,0.0000,NA,0.0000,NA,NA,NA,NA
Endfield.exe,53680,0x125AB2630,DXGI,0,512,0,Composed: Flip,Application,3683237417541,NA,9.81880000000000,8.32520000000000,0.27320000000000,2.49790000000000,9.9935,140.2717,3683237322060,9.8213,9.5481,0.2732,2.6204,9.4256,9.4256,0.0000,NA,0.0000,NA,NA,NA,NA
Endfield.exe,53680,0x125AB2630,DXGI,0,512,0,Composed: Flip,Application,3683237542315,41.0178,12.47740000000000,16.66390000000000,0.18160000000000,4.26270000000000,14.1800,115.9178,3683237420273,12.3858,12.2042,0.1816,2.2247,14.2422,14.2392,0.0030,-0.6495,8658.9459,NA,17.1512,NA,NA
Endfield.exe,53680,0x125AB2630,DXGI,0,512,0,Composed: Flip,Application,3683237639922,NA,9.76070000000000,8.31240000000000,0.16780000000000,3.20280000000000,12.7317,124.2302,3683237544131,9.7469,9.5791,0.1678,4.0811,8.7008,8.6877,0.0131,NA,0.0000,NA,NA,NA,NA
Endfield.exe,53680,0x125AB2630,DXGI,0,512,0,Composed: Flip,Application,3683237738914,NA,9.89920000000000,8.34750000000000,0.22720000000000,2.66270000000000,11.1800,132.5777,3683237641600,9.9586,9.7314,0.2272,3.0350,9.3591,9.3591,0.0000,NA,0.0000,NA,NA,NA,NA
Endfield.exe,53680,0x125AB2630,DXGI,0,512,0,Composed: Flip,Application,3683237837735,NA,9.88210000000000,8.33060000000000,0.14430000000000,2.27030000000000,9.6285,140.9083,3683237741186,9.7992,9.6549,0.1443,2.4355,9.4897,9.4897,0.0000,NA,0.0000,NA,NA,NA,NA
Endfield.exe,53680,0x125AB2630,DXGI,0,512,0,Composed: Flip,Application,3683237944559,40.0435,10.68240000000000,16.65100000000000,0.25090000000000,7.15130000000000,15.5971,117.5158,3683237839178,10.7890,10.5381,0.2509,2.1260,15.5634,15.5600,0.0034,-1.5980,8698.9894,NA,17.8749,NA,NA
Endfield.exe,53680,0x125AB2630,DXGI,0,512,0,Composed: Flip,Application,3683238045598,NA,10.10390000000000,NA,0.27070000000000,8.59650000000000,NA,NA,3683237947068,10.1237,9.8530,0.2707,6.9004,11.5491,11.5448,0.0043,NA,NA,NA,NA,NA,NA
Endfield.exe,53680,0x125AB2630,DXGI,0,512,0,Composed: Flip,Application,3683238143399,NA,9.78010000000000,17.73630000000000,0.21650000000000,3.61500000000000,13.4494,135.2521,3683238048305,9.7259,9.5094,0.2165,8.3258,4.7986,4.7986,0.0000,NA,0.0000,NA,NA,NA,NA
Endfield.exe,53680,0x125AB2630,DXGI,0,512,0,Composed: Flip,Application,3683238244169,NA,10.07700000000000,7.28470000000000,0.21420000000000,2.99420000000000,10.6571,142.5368,3683238145564,10.0747,9.8605,0.2142,3.3985,9.4562,9.4562,0.0000,NA,0.0000,NA,NA,NA,NA
Endfield.exe,53680,0x125AB2630,DXGI,0,512,0,Composed: Flip,Application,3683238339133,42.3416,9.49640000000000,17.71300000000000,0.21160000000000,4.32760000000000,18.8737,117.9082,3683238246311,9.4938,9.2822,0.2116,2.7800,10.8298,10.8284,0.0014,-0.3924,8741.3310,NA,21.5307,NA,NA
Endfield.exe,53680,0x125AB2630,DXGI,0,512,0,Composed: Flip,Application,3683238440811,NA,10.16780000000000,7.27000000000000,0.19920000000000,4.15600000000000,15.9759,125.1782,3683238341249,10.1554,9.9562,0.1992,4.1160,9.9962,9.9798,0.0164,NA,0.0000,NA,NA,NA,NA
Endfield.exe,53680,0x125AB2630,DXGI,0,512,0,Composed: Flip,Application,3683238538140,NA,9.73290000000000,9.39250000000000,0.19180000000000,4.19400000000000,15.6355,134.5707,3683238442803,9.7255,9.5337,0.1918,3.9568,9.7709,9.7709,0.0000,NA,0.0000,NA,NA,NA,NA
Endfield.exe,53680,0x125AB2630,DXGI,0,512,0,Composed: Flip,Application,3683238654210,NA,11.60700000000000,7.29240000000000,0.13090000000000,2.89550000000000,11.3209,141.8631,3683238540058,11.5461,11.4152,0.1309,4.0022,10.3085,10.3085,0.0000,NA,0.0000,NA,NA,NA,NA
Endfield.exe,53680,0x125AB2630,DXGI,0,512,0,Composed: Flip,Application,3683238746496,41.8337,9.22860000000000,16.64490000000000,0.15750000000000,3.72070000000000,18.7372,116.6743,3683238655519,9.2552,9.0977,0.1575,2.7646,10.0538,10.0467,0.0071,1.2339,8783.1647,NA,53.1148,NA,NA
Endfield.exe,53680,0x125AB2630,DXGI,0,512,0,Composed: Flip,Application,3683238854960,NA,10.84640000000000,8.34270000000000,0.39560000000000,3.30010000000000,16.2335,125.0170,3683238748071,11.0845,10.6889,0.3956,3.5632,10.4258,10.4138,0.0120,NA,0.0000,NA,NA,NA,NA
Endfield.exe,53680,0x125AB2630,DXGI,0,512,0,Composed: Flip,Application,3683238949946,NA,9.49860000000000,8.32990000000000,0.31360000000000,2.96350000000000,15.0648,133.3469,3683238858916,9.4166,9.1030,0.3136,2.9045,9.1620,9.1620,0.0000,NA,0.0000,NA,NA,NA,NA
Endfield.exe,53680,0x125AB2630,DXGI,0,512,0,Composed: Flip,Application,3683239049991,NA,10.00450000000000,8.34970000000000,0.19060000000000,4.03720000000000,13.4100,141.6966,3683238953082,9.8815,9.6909,0.1906,2.6499,11.0782,11.0782,0.0000,NA,0.0000,NA,NA,NA,NA
Endfield.exe,53680,0x125AB2630,DXGI,0,512,0,Composed: Flip,Application,3683239157633,37.1945,10.76420000000000,17.71840000000000,0.17680000000000,3.77750000000000,20.3642,122.2205,3683239051897,10.7504,10.5736,0.1768,3.8466,10.5045,10.5034,0.0011,-5.5462,8820.3592,NA,NA,NA,NA
Endfield.exe,53680,0x125AB2630,DXGI,0,512,0,Composed: Flip,Application,3683239259810,NA,10.21770000000000,7.27600000000000,0.18570000000000,2.90560000000000,17.4225,129.4965,3683239159401,10.2266,10.0409,0.1857,3.6007,9.3458,9.3242,0.0216,NA,0.0000,NA,NA,NA,NA
Endfield.exe,53680,0x125AB2630,DXGI,0,512,0,Composed: Flip,Application,3683239360582,NA,10.07720000000000,8.33340000000000,0.20190000000000,3.63190000000000,15.6787,137.8299,3683239261667,10.0934,9.8915,0.2019,2.7199,10.8035,10.8035,0.0000,NA,0.0000,NA,NA,NA,NA
Endfield.exe,53680,0x125AB2630,DXGI,0,512,0,Composed: Flip,Application,3683239462420,NA,10.18380000000000,8.34340000000000,0.17220000000000,4.54570000000000,13.8383,146.1733,3683239362601,10.1541,9.9819,0.1722,3.4300,11.0976,11.0976,0.0000,NA,0.0000,NA,NA,NA,NA
Endfield.exe,53680,0x125AB2630,DXGI,0,512,0,Composed: Flip,Application,3683239576582,59.8592,11.41620000000000,16.65520000000000,0.17480000000000,4.64350000000000,19.0773,101.5346,3683239464142,11.4188,11.2440,0.1748,4.3735,11.5140,11.5132,0.0008,19.2512,8880.2184,NA,20.4717,39.4500,NA
Endfield.exe,53680,0x125AB2630,DXGI,0,512,0,Composed: Flip,Application,3683239679376,NA,10.27940000000000,8.33090000000000,0.22190000000000,4.04450000000000,17.1288,109.8655,3683239578330,10.3265,10.1046,0.2219,4.4687,9.6804,9.6487,0.0317,NA,0.0000,NA,NA,NA,NA
Endfield.exe,53680,0x125AB2630,DXGI,0,512,0,Composed: Flip,Application,3683239779374,NA,9.99980000000000,8.34570000000000,0.19860000000000,3.38740000000000,15.4747,118.2112,3683239681595,9.9765,9.7779,0.1986,3.8226,9.3427,9.3427,0.0000,NA,0.0000,NA,NA,NA,NA
Endfield.exe,53680,0x125AB2630,DXGI,0,512,0,Composed: Flip,Application,3683239881811,NA,10.24370000000000,8.34670000000000,0.15050000000000,3.86070000000000,13.5777,126.5579,3683239781360,10.1956,10.0451,0.1505,3.1888,10.7170,10.7170,0.0000,NA,0.0000,NA,NA,NA,NA
Endfield.exe,53680,0x125AB2630,DXGI,0,512,0,Composed: Flip,Application,3683239991818,20.8327,11.00070000000000,16.66110000000000,0.17910000000000,3.75440000000000,19.2381,122.3863,3683239883316,11.0293,10.8502,0.1791,3.7102,10.8944,10.8933,0.0011,-20.8517,8901.0511,NA,22.1517,NA,NA
Endfield.exe,53680,0x125AB2630,DXGI,0,512,0,Composed: Flip,Application,3683240093630,NA,10.18120000000000,9.37400000000000,0.17190000000000,4.34340000000000,18.4309,131.7603,3683239993609,10.1740,10.0021,0.1719,3.5753,10.7702,10.7543,0.0159,NA,0.0000,NA,NA,NA,NA
Endfield.exe,53680,0x125AB2630,DXGI,0,512,0,Composed: Flip,Application,3683240196211,NA,10.25810000000000,7.28990000000000,0.15760000000000,4.14320000000000,15.4627,139.0502,3683240095349,10.2438,10.0862,0.1576,4.1715,10.0579,10.0579,0.0000,NA,0.0000,NA,NA,NA,NA
Endfield.exe,53680,0x125AB2630,DXGI,0,512,0,Composed: Flip,Application,3683240298361,NA,10.21500000000000,8.33620000000000,0.13090000000000,4.17870000000000,13.5839,147.3864,3683240197787,10.1883,10.0574,0.1309,3.9856,10.2505,10.2505,0.0000,NA,0.0000,NA,NA,NA,NA
Endfield.exe,53680,0x125AB2630,DXGI,0,512,0,Composed: Flip,Application,3683240402844,44.4688,10.44830000000000,9.35700000000000,0.15520000000000,3.68190000000000,12.4926,112.2746,3683240299670,10.4726,10.3174,0.1552,4.0478,9.9515,9.9485,0.0030,10.1117,8945.5199,NA,51.5131,NA,NA
Endfield.exe,53680,0x125AB2630,DXGI,0,512,0,Composed: Flip,Application,3683240504595,NA,10.17510000000000,15.63010000000000,0.17120000000000,4.16440000000000,17.9476,127.9047,3683240404396,10.1911,10.0199,0.1712,3.5267,10.6576,10.6438,0.0138,NA,0.0000,NA,NA,NA,NA
Endfield.exe,53680,0x125AB2630,DXGI,0,512,0,Composed: Flip,Application,3683240606934,NA,10.23390000000000,8.32220000000000,0.16110000000000,4.14190000000000,16.0359,136.2269,3683240506307,10.2238,10.0627,0.1611,3.9932,10.2114,10.2114,0.0000,NA,0.0000,NA,NA,NA,NA
Endfield.exe,53680,0x125AB2630,DXGI,0,512,0,Composed: Flip,Application,3683240711129,NA,10.41950000000000,9.40710000000000,0.16360000000000,4.32400000000000,15.0235,145.6340,3683240608545,10.4220,10.2584,0.1636,3.9808,10.6016,10.6016,0.0000,NA,0.0000,NA,NA,NA,NA
Endfield.exe,53680,0x125AB2630,DXGI,0,512,0,Composed: Flip,Application,3683240799842,39.3345,8.87130000000000,7.27310000000000,0.13400000000000,3.86440000000000,13.4253,113.5726,3683240712765,8.8417,8.7077,0.1340,4.1604,8.4117,8.4090,0.0027,-1.2980,8984.8544,NA,20.8069,NA,NA
Endfield.exe,53680,0x125AB2630,DXGI,0,512,0,Composed: Flip,Application,3683240904311,NA,10.44690000000000,16.75510000000000,0.20000000000000,4.17410000000000,19.7335,130.3277,3683240801182,10.5129,10.3129,0.2000,3.7304,10.7566,10.7421,0.0145,NA,0.0000,NA,NA,NA,NA
Endfield.exe,53680,0x125AB2630,DXGI,0,512,0,Composed: Flip,Application,3683241005057,NA,10.07460000000000,8.22990000000000,0.16740000000000,4.27730000000000,17.8888,138.5576,3683240906311,10.0420,9.8746,0.1674,3.9741,10.1778,10.1778,0.0000,NA,0.0000,NA,NA,NA,NA
Endfield.exe,53680,0x125AB2630,DXGI,0,512,0,Composed: Flip,Application,3683241108988,NA,10.39310000000000,8.34160000000000,0.14490000000000,4.64680000000000,15.8373,146.8992,3683241006731,10.3706,10.2257,0.1449,4.1099,10.7626,10.7626,0.0000,NA,0.0000,NA,NA,NA,NA
Endfield.exe,53680,0x125AB2630,DXGI,0,512,0,Composed: Flip,Application,3683241202243,40.8263,9.32550000000000,9.39510000000000,0.19150000000000,3.82030000000000,15.9069,115.4680,3683241110437,9.3721,9.1806,0.1915,4.5019,8.4990,8.4957,0.0033,-1.8954,9025.6807,NA,18.8142,NA,NA
Endfield.exe,53680,0x125AB2630,DXGI,0,512,0,Composed: Flip,Application,3683241306982,NA,10.47390000000000,7.27030000000000,0.16800000000000,2.57270000000000,12.7033,122.7383,3683241204158,10.4504,10.2824,0.1680,3.6288,9.2263,9.2091,0.0172,NA,0.0000,NA,NA,NA,NA
Endfield.exe,53680,0x125AB2630,DXGI,0,512,0,Composed: Flip,Application,3683241407760,NA,10.07780000000000,8.33730000000000,0.16740000000000,3.72350000000000,10.9628,131.0756,3683241308662,10.0772,9.9098,0.1674,2.4047,11.2286,11.2286,0.0000,NA,0.0000,NA,NA,NA,NA
Endfield.exe,53680,0x125AB2630,DXGI,0,512,0,Composed: Flip,Application,3683241510651,NA,10.28910000000000,17.71150000000000,0.12590000000000,4.08220000000000,18.3852,148.7871,3683241409434,10.2476,10.1217,0.1259,3.5561,10.6478,10.6478,0.0000,NA,0.0000,NA,NA,NA,NA
Endfield.exe,53680,0x125AB2630,DXGI,0,512,0,Composed: Flip,Application,3683241608368,40.4410,9.77170000000000,7.36200000000000,0.17020000000000,3.72140000000000,15.9755,115.2660,3683241511910,9.8160,9.6458,0.1702,3.9563,9.4109,9.4089,0.0020,-0.2401,9066.1217,NA,17.5222,NA,NA
Endfield.exe,53680,0x125AB2630,DXGI,0,512,0,Composed: Flip,Application,3683241709702,NA,10.13340000000000,8.25460000000000,0.18310000000000,4.39810000000000,14.0967,123.5206,3683241610070,10.1463,9.9632,0.1831,3.5512,10.8101,10.7946,0.0155,NA,0.0000,NA,18.3062,NA,NA
Endfield.exe,53680,0x125AB2630,DXGI,0,512,0,Composed: Flip,Application,3683241811046,NA,10.13440000000000,8.33550000000000,0.15090000000000,2.60260000000000,12.2978,131.8561,3683241711533,10.1022,9.9513,0.1509,4.2150,8.3389,8.3389,0.0000,NA,0.0000,NA,16.1268,NA,NA
Endfield.exe,53680,0x125AB2630,DXGI,0,512,0,Composed: Flip,Application,3683241913334,NA,10.22880000000000,16.65740000000000,0.12270000000000,4.12220000000000,18.7264,148.5135,3683241812555,10.2006,10.0779,0.1227,2.4517,11.7484,11.7484,0.0000,NA,0.0000,NA,22.7313,NA,NA
Endfield.exe,53680,0x125AB2630,DXGI,0,512,0,Composed: Flip,Application,3683242024213,40.7547,11.08790000000000,8.34520000000000,0.16570000000000,3.82290000000000,15.9837,116.1040,3683241914561,11.1309,10.9652,0.1657,3.9995,10.7886,10.7860,0.0026,-0.8380,9106.8764,NA,18.1282,NA,NA
Endfield.exe,53680,0x125AB2630,DXGI,0,512,0,Composed: Flip,Application,3683242126551,NA,10.23380000000000,9.40440000000000,0.17470000000000,0.74440000000000,15.1543,125.5084,3683242025870,10.2428,10.0681,0.1747,3.6572,7.1553,7.1390,0.0163,NA,0.0000,NA,NA,NA,NA
Endfield.exe,53680,0x125AB2630,DXGI,0,512,0,Composed: Flip,Application,3683242226011,NA,9.94600000000000,7.27020000000000,0.15380000000000,4.23420000000000,12.4785,132.7786,3683242128298,9.9251,9.7713,0.1538,0.5697,13.4358,13.4358,0.0000,NA,0.0000,NA,NA,NA,NA
Endfield.exe,53680,0x125AB2630,DXGI,0,512,0,Composed: Flip,Application,3683242331023,NA,10.50120000000000,17.80690000000000,0.18660000000000,3.24160000000000,19.7842,150.5855,3683242227549,10.5340,10.3474,0.1866,4.0804,9.5086,9.5086,0.0000,NA,0.0000,NA,NA,NA,NA
Endfield.exe,53680,0x125AB2630,DXGI,0,512,0,Composed: Flip,Application,3683242442103,70.6568,11.10800000000000,7.18650000000000,0.14440000000000,1.70470000000000,15.8627,86.8393,3683242332889,11.0658,10.9214,0.1444,3.0550,9.5711,9.5679,0.0032,28.9888,9177.5332,NA,17.8018,NA,NA
Endfield.exe,53680,0x125AB2630,DXGI,0,512,0,Composed: Flip,Application,3683242545930,NA,10.38270000000000,8.32840000000000,0.19630000000000,4.40290000000000,13.8084,95.1677,3683242443547,10.4346,10.2383,0.1963,1.5603,13.0809,13.0674,0.0135,NA,0.0000,NA,NA,NA,NA
Endfield.exe,53680,0x125AB2630,DXGI,0,512,0,Composed: Flip,Application,3683242646127,NA,10.01970000000000,9.38160000000000,0.13690000000000,2.68570000000000,13.1703,104.5493,3683242547893,9.9603,9.8234,0.1369,4.2066,8.3025,8.3025,0.0000,NA,0.0000,NA,NA,NA,NA
Endfield.exe,53680,0x125AB2630,DXGI,0,512,0,Composed: Flip,Application,3683242748352,NA,10.22250000000000,15.62790000000000,0.16930000000000,4.07050000000000,18.5757,120.1772,3683242647496,10.2549,10.0856,0.1693,2.5488,11.6073,11.6073,0.0000,NA,0.0000,NA,NA,NA,NA
Endfield.exe,53680,0x125AB2630,DXGI,0,512,0,Composed: Flip,Application,3683242842924,12.1747,9.45720000000000,9.44690000000000,0.14750000000000,3.78740000000000,18.5654,117.4494,3683242750045,9.4354,9.2879,0.1475,3.9012,9.1741,9.1712,0.0029,-30.6101,9189.7079,NA,27.5756,NA,NA
Endfield.exe,53680,0x125AB2630,DXGI,0,512,0,Composed: Flip,Application,3683242945425,NA,10.25010000000000,7.21110000000000,0.20910000000000,4.46230000000000,15.5264,124.6605,3683242844399,10.3117,10.1026,0.2091,3.6399,10.9250,10.9129,0.0121,NA,0.0000,NA,NA,NA,NA
Endfield.exe,53680,0x125AB2630,DXGI,0,512,0,Composed: Flip,Application,3683243045501,NA,10.00760000000000,8.32030000000000,0.19960000000000,4.60030000000000,13.8391,132.9808,3683242947516,9.9981,9.7985,0.1996,4.2532,10.1456,10.1456,0.0000,NA,0.0000,NA,NA,NA,NA
Endfield.exe,53680,0x125AB2630,DXGI,0,512,0,Composed: Flip,Application,3683243145360,NA,9.98590000000000,9.39530000000000,0.11940000000000,2.58790000000000,13.2485,142.3761,3683243047497,9.9057,9.7863,0.1194,4.4007,7.9735,7.9735,0.0000,NA,0.0000,NA,NA,NA,NA
Endfield.exe,53680,0x125AB2630,DXGI,0,512,0,Composed: Flip,Application,3683243252306,41.6884,10.69460000000000,15.62660000000000,0.13420000000000,3.77160000000000,18.1805,116.3143,3683243146554,10.7094,10.5752,0.1342,2.4685,11.8783,11.8755,0.0028,1.1351,9231.3963,NA,22.1310,NA,NA
Endfield.exe,53680,0x125AB2630,DXGI,0,512,0,Composed: Flip,Application,3683243356459,NA,10.41530000000000,9.37440000000000,0.18620000000000,5.09540000000000,17.1396,125.6887,3683243253648,10.4673,10.2811,0.1862,3.6374,11.7391,11.7198,0.0193,NA,0.0000,NA,NA,NA,NA
Endfield.exe,53680,0x125AB2630,DXGI,0,512,0,Composed: Flip,Application,3683243456377,NA,9.99180000000000,7.27770000000000,0.15720000000000,3.87200000000000,14.4255,132.9664,3683243358321,9.9628,9.8056,0.1572,4.9092,8.7684,8.7684,0.0000,NA,0.0000,NA,NA,NA,NA
Endfield.exe,53680,0x125AB2630,DXGI,0,512,0,Composed: Flip,Application,3683243558511,NA,10.21340000000000,8.34770000000000,0.15730000000000,3.06770000000000,12.5598,141.3141,3683243457949,10.2135,10.0562,0.1573,3.7148,9.4091,9.4091,0.0000,NA,0.0000,NA,NA,NA,NA
Endfield.exe,53680,0x125AB2630,DXGI,0,512,0,Composed: Flip,Application,3683243655145,39.3842,9.66340000000000,8.32520000000000,0.14180000000000,3.98440000000000,11.2216,110.2551,3683243560084,9.6479,9.5061,0.1418,2.9104,10.5801,10.5791,0.0010,6.0592,9270.7805,NA,14.4641,NA,NA
Endfield.exe,53680,0x125AB2630,DXGI,0,512,0,Composed: Flip,Application,3683243757246,NA,10.21010000000000,9.39730000000000,0.15850000000000,2.71540000000000,10.4088,119.6524,3683243656563,10.2268,10.0683,0.1585,3.8426,8.9411,8.9238,0.0173,NA,0.0000,NA,NA,NA,NA
Endfield.exe,53680,0x125AB2630,DXGI,0,512,0,Composed: Flip,Application,3683243861218,NA,10.39720000000000,15.60360000000000,0.27110000000000,4.42980000000000,15.6152,135.2560,3683243758831,10.5098,10.2387,0.2711,2.5569,12.1116,12.1116,0.0000,NA,0.0000,NA,NA,NA,NA
Endfield.exe,53680,0x125AB2630,DXGI,0,512,0,Composed: Flip,Application,3683243963531,NA,10.23130000000000,9.39380000000000,0.26410000000000,3.55660000000000,14.7777,144.6498,3683243863929,10.2243,9.9602,0.2641,4.1587,9.3581,9.3581,0.0000,NA,0.0000,NA,NA,NA,NA
Endfield.exe,53680,0x125AB2630,DXGI,0,512,0,Composed: Flip,Application,3683244074289,41.4695,11.07580000000000,7.26180000000000,0.18530000000000,3.53100000000000,10.9637,110.4421,3683243966172,10.9970,10.8117,0.1853,3.2925,11.0502,11.0473,0.0029,-0.1870,9312.2500,NA,12.1195,NA,NA
Endfield.exe,53680,0x125AB2630,DXGI,0,512,0,Composed: Flip,Application,3683244175903,NA,10.16140000000000,17.73960000000000,0.19030000000000,2.63750000000000,18.5419,128.1817,3683244076142,10.1664,9.9761,0.1903,3.3457,9.2679,9.2493,0.0186,NA,0.0000,NA,28.8506,NA,NA
Endfield.exe,53680,0x125AB2630,DXGI,0,512,0,Composed: Flip,Application,3683244277903,NA,10.20000000000000,7.26360000000000,0.14510000000000,4.18250000000000,15.6055,135.4453,3683244177806,10.1548,10.0097,0.1451,2.4472,11.7450,11.7450,0.0000,NA,0.0000,NA,NA,NA,NA
Endfield.exe,53680,0x125AB2630,DXGI,0,512,0,Composed: Flip,Application,3683244381277,NA,10.33740000000000,8.34940000000000,0.13370000000000,4.27420000000000,13.6175,143.7947,3683244279354,10.3260,10.1923,0.1337,4.0374,10.4291,10.4291,0.0000,NA,0.0000,NA,NA,NA,NA
Endfield.exe,53680,0x125AB2630,DXGI,0,512,0,Composed: Flip,Application,3683244494270,38.6987,11.29930000000000,9.38230000000000,0.18640000000000,3.61200000000000,11.7005,114.4783,3683244382614,11.3520,11.1656,0.1864,4.1405,10.6371,10.6362,0.0009,-4.0362,9350.9487,NA,14.8549,NA,NA
Endfield.exe,53680,0x125AB2630,DXGI,0,512,0,Composed: Flip,Application,3683244596799,NA,10.25290000000000,15.61600000000000,0.14660000000000,4.22870000000000,17.0636,130.0943,3683244496134,10.2131,10.0665,0.1466,3.4256,10.8696,10.8518,0.0178,NA,0.0000,NA,NA,NA,NA
Endfield.exe,53680,0x125AB2630,DXGI,0,512,0,Composed: Flip,Application,3683244699609,NA,10.28100000000000,9.38810000000000,0.14910000000000,4.87420000000000,16.1707,139.4824,3683244598265,10.2835,10.1344,0.1491,4.0821,10.9265,10.9265,0.0000,NA,0.0000,NA,NA,NA,NA
Endfield.exe,53680,0x125AB2630,DXGI,0,512,0,Composed: Flip,Application,3683244803972,NA,10.43630000000000,7.34420000000000,0.16250000000000,2.40150000000000,13.0786,146.8266,3683244701100,10.4497,10.2872,0.1625,4.7251,7.9636,7.9636,0.0000,NA,0.0000,NA,NA,NA,NA
Endfield.exe,53680,0x125AB2630,DXGI,0,512,0,Composed: Flip,Application,3683244895383,45.2510,9.14110000000000,8.26570000000000,0.13310000000000,3.93160000000000,12.2032,109.8413,3683244805597,9.1117,8.9786,0.1331,2.2390,10.6712,10.6691,0.0021,4.6370,9396.1997,NA,16.4638,NA,NA
Endfield.exe,53680,0x125AB2630,DXGI,0,512,0,Composed: Flip,Application,3683244997801,NA,10.24180000000000,8.41130000000000,0.17030000000000,2.40640000000000,10.3727,118.2526,3683244896714,10.2790,10.1087,0.1703,3.7985,8.7166,8.7035,0.0131,NA,0.0000,NA,NA,NA,NA
Endfield.exe,53680,0x125AB2630,DXGI,0,512,0,Composed: Flip,Application,3683245098611,NA,10.08100000000000,16.56750000000000,0.14540000000000,4.73180000000000,16.8592,134.8201,3683244999504,10.0561,9.9107,0.1454,2.2361,12.4064,12.4064,0.0000,NA,0.0000,NA,NA,NA,NA
Endfield.exe,53680,0x125AB2630,DXGI,0,512,0,Composed: Flip,Application,3683245200558,NA,10.19470000000000,9.41290000000000,0.16080000000000,4.70060000000000,16.0774,144.2330,3683245100065,10.2101,10.0493,0.1608,4.5864,10.1635,10.1635,0.0000,NA,0.0000,NA,NA,NA,NA
Endfield.exe,53680,0x125AB2630,DXGI,0,512,0,Composed: Flip,Application,3683245301748,39.4480,10.11900000000000,15.60370000000000,0.13680000000000,6.66530000000000,21.5621,122.1471,3683245202166,10.0950,9.9582,0.1368,4.5398,12.0837,12.0806,0.0031,-10.5474,9435.6477,NA,22.4010,NA,NA
Endfield.exe,53680,0x125AB2630,DXGI,0,512,0,Composed: Flip,Application,3683245404130,NA,10.23820000000000,8.34830000000000,0.23020000000000,4.17400000000000,19.6722,130.4954,3683245303116,10.3316,10.1014,0.2302,6.5285,7.7469,7.7408,0.0061,NA,0.0000,NA,NA,NA,NA
Endfield.exe,53680,0x125AB2630,DXGI,0,512,0,Composed: Flip,Application,3683245505023,NA,10.08930000000000,8.32120000000000,0.15770000000000,4.18640000000000,17.9041,138.8166,3683245406432,10.0168,9.8591,0.1577,3.9438,10.1017,10.1017,0.0000,NA,0.0000,NA,NA,NA,NA
Endfield.exe,53680,0x125AB2630,DXGI,0,512,0,Composed: Flip,Application,3683245607295,NA,10.22720000000000,8.32270000000000,0.12220000000000,4.71630000000000,15.9996,147.1393,3683245506600,10.1917,10.0695,0.1222,4.0287,10.7571,10.7571,0.0000,NA,0.0000,NA,NA,NA,NA
Endfield.exe,53680,0x125AB2630,DXGI,0,512,0,Composed: Flip,Application,3683245706027,39.7598,9.87320000000000,9.42110000000000,0.16240000000000,4.04040000000000,15.5475,116.8006,3683245608517,9.9134,9.7510,0.1624,4.5941,9.1973,9.1944,0.0029,5.3465,9475.4075,NA,17.8693,NA,NA
Endfield.exe,53680,0x125AB2630,DXGI,0,512,0,Composed: Flip,Application,3683245806347,NA,10.03200000000000,7.25070000000000,0.17540000000000,3.34770000000000,12.7662,124.0513,3683245707651,10.0450,9.8696,0.1754,3.8780,9.3393,9.3249,0.0144,NA,0.0000,NA,NA,NA,NA
Endfield.exe,53680,0x125AB2630,DXGI,0,512,0,Composed: Flip,Application,3683245906799,NA,10.04520000000000,8.34140000000000,0.13570000000000,3.80390000000000,11.0624,132.3927,3683245808101,10.0055,9.8698,0.1357,3.1723,10.5014,10.5014,0.0000,NA,0.0000,NA,NA,NA,NA
Endfield.exe,53680,0x125AB2630,DXGI,0,512,0,Composed: Flip,Application,3683246008194,NA,10.13950000000000,17.77040000000000,0.13850000000000,4.18670000000000,18.6933,150.1631,3683245908156,10.1423,10.0038,0.1385,3.6682,10.5223,10.5223,0.0000,NA,0.0000,NA,NA,NA,NA
Endfield.exe,53680,0x125AB2630,DXGI,0,512,0,Composed: Flip,Application,3683246124640,43.0595,11.64460000000000,15.56120000000000,0.13680000000000,3.73870000000000,22.6099,122.6648,3683246009579,11.6429,11.5061,0.1368,4.0482,11.1966,11.1940,0.0026,-5.8642,9518.4670,NA,26.7838,NA,NA
Endfield.exe,53680,0x125AB2630,DXGI,0,512,0,Composed: Flip,Application,3683246228263,NA,10.36230000000000,1.07010000000000,0.17330000000000,4.01630000000000,13.3177,123.7349,3683246126008,10.3988,10.2255,0.1733,3.6019,10.6399,10.6220,0.0179,NA,0.0000,NA,NA,NA,NA
Endfield.exe,53680,0x125AB2630,DXGI,0,512,0,Composed: Flip,Application,3683246329760,NA,10.14970000000000,15.59950000000000,0.14370000000000,4.31620000000000,18.7675,139.3344,3683246229996,10.1201,9.9764,0.1437,3.8430,10.4496,10.4496,0.0000,NA,0.0000,NA,NA,NA,NA
Endfield.exe,53680,0x125AB2630,DXGI,0,512,0,Composed: Flip,Application,3683246432321,NA,10.25610000000000,8.33860000000000,0.14890000000000,4.12700000000000,16.8500,147.6730,3683246331197,10.2613,10.1124,0.1489,4.1725,10.0669,10.0669,0.0000,NA,0.0000,NA,NA,NA,NA
Endfield.exe,53680,0x125AB2630,DXGI,0,512,0,Composed: Flip,Application,3683246530769,38.7909,9.84480000000000,8.32040000000000,0.17320000000000,3.67100000000000,15.3256,117.2025,3683246433810,9.8691,9.6959,0.1732,3.9781,9.3888,9.3856,0.0032,5.4623,9557.2579,NA,18.1250,NA,NA
Endfield.exe,53680,0x125AB2630,DXGI,0,512,0,Composed: Flip,Application,3683246632012,NA,10.12430000000000,8.31810000000000,0.32500000000000,3.37080000000000,13.5194,125.5206,3683246532501,10.2761,9.9511,0.3250,3.4978,9.8241,9.8116,0.0125,NA,0.0000,NA,NA,NA,NA
Endfield.exe,53680,0x125AB2630,DXGI,0,512,0,Composed: Flip,Application,3683246731192,NA,9.91800000000000,8.34430000000000,0.14750000000000,2.91520000000000,11.9457,133.8649,3683246635262,9.7405,9.5930,0.1475,3.0458,9.4624,9.4624,0.0000,NA,0.0000,NA,NA,NA,NA
Endfield.exe,53680,0x125AB2630,DXGI,0,512,0,Composed: Flip,Application,3683246833595,NA,10.24030000000000,8.33010000000000,0.13480000000000,2.67010000000000,10.0355,142.1950,3683246732667,10.2276,10.0928,0.1348,2.7677,9.9952,9.9952,0.0000,NA,0.0000,NA,NA,NA,NA
Endfield.exe,53680,0x125AB2630,DXGI,0,512,0,Composed: Flip,Application,3683246956928,41.1986,12.33330000000000,16.69320000000000,0.14450000000000,3.89620000000000,14.3954,118.5181,3683246834943,12.3430,12.1985,0.1445,2.5353,13.5594,13.5559,0.0035,-0.4871,9598.4565,NA,16.8097,NA,NA
Endfield.exe,53680,0x125AB2630,DXGI,0,512,0,Composed: Flip,Application,3683247060563,NA,10.36350000000000,8.31850000000000,0.57170000000000,3.30410000000000,12.3504,126.8366,3683246958373,10.7907,10.2190,0.5717,3.7517,9.7714,9.7589,0.0125,NA,0.0000,NA,NA,NA,NA
Endfield.exe,53680,0x125AB2630,DXGI,0,512,0,Composed: Flip,Application,3683247160707,NA,10.01440000000000,16.64620000000000,0.48900000000000,3.73270000000000,18.9822,143.4828,3683247066280,9.9317,9.4427,0.4890,2.7324,10.4430,10.4430,0.0000,NA,0.0000,NA,NA,NA,NA
Endfield.exe,53680,0x125AB2630,DXGI,0,512,0,Composed: Flip,Application,3683247260014,NA,9.93070000000000,8.35980000000000,0.14870000000000,4.11680000000000,17.4113,151.8426,3683247165597,9.5904,9.4417,0.1487,3.2437,10.3148,10.3148,0.0000,NA,0.0000,NA,NA,NA,NA
Endfield.exe,53680,0x125AB2630,DXGI,0,512,0,Composed: Flip,Application,3683247385269,40.9827,12.52550000000000,9.39890000000000,0.19120000000000,2.19030000000000,14.2847,120.2588,3683247261501,12.5680,12.3768,0.1912,3.9681,10.5990,10.5990,0.0000,-1.7407,9639.4392,NA,17.5302,NA,NA
Endfield.exe,53680,0x125AB2630,DXGI,0,512,0,Composed: Flip,Application,3683247489961,NA,10.46920000000000,15.58990000000000,0.19110000000000,4.27720000000000,19.4054,135.8487,3683247387181,10.4691,10.2780,0.1911,1.9991,12.5561,12.5431,0.0130,NA,0.0000,NA,NA,NA,NA
Endfield.exe,53680,0x125AB2630,DXGI,0,512,0,Composed: Flip,Application,3683247589619,NA,9.96580000000000,9.42640000000000,0.12840000000000,4.21990000000000,18.8660,145.2751,3683247491872,9.9031,9.7747,0.1284,4.0861,9.9085,9.9085,0.0000,NA,0.0000,NA,NA,NA,NA
Endfield.exe,53680,0x125AB2630,DXGI,0,512,0,Composed: Flip,Application,3683247694394,NA,10.47750000000000,7.23920000000000,0.21330000000000,4.20290000000000,15.6277,152.5143,3683247590903,10.5624,10.3491,0.2133,4.0915,10.4605,10.4605,0.0000,NA,0.0000,NA,NA,NA,NA
Endfield.exe,53680,0x125AB2630,DXGI,0,512,0,Composed: Flip,Application,3683247785475,43.2231,9.10810000000000,8.33740000000000,0.17630000000000,3.69750000000000,14.8570,117.6286,3683247696527,9.0711,8.8948,0.1763,3.9896,8.6027,8.6001,0.0026,2.6302,9682.6623,NA,29.1053,NA,NA
Endfield.exe,53680,0x125AB2630,DXGI,0,512,0,Composed: Flip,Application,3683247913052,NA,12.75770000000000,8.32590000000000,0.22950000000000,2.76670000000000,10.4252,125.9545,3683247787238,12.8109,12.5814,0.2295,3.5212,11.8269,11.8144,0.0125,NA,0.0000,NA,NA,NA,NA
Endfield.exe,53680,0x125AB2630,DXGI,0,512,0,Composed: Flip,Application,3683247990001,NA,7.69490000000000,16.67960000000000,0.15270000000000,4.23740000000000,19.4099,142.6341,3683247915347,7.6181,7.4654,0.1527,2.5372,9.1656,9.1656,0.0000,NA,0.0000,NA,NA,NA,NA
Endfield.exe,53680,0x125AB2630,DXGI,0,512,0,Composed: Flip,Application,3683248093756,NA,10.37550000000000,9.39510000000000,0.13980000000000,3.12090000000000,18.4295,152.0292,3683247991528,10.3626,10.2228,0.1398,4.0847,9.2590,9.2590,0.0000,NA,0.0000,NA,NA,NA,NA
Endfield.exe,53680,0x125AB2630,DXGI,0,512,0,Composed: Flip,Application,3683248215295,41.8622,12.15390000000000,7.26340000000000,0.15290000000000,3.92700000000000,13.5390,117.4304,3683248095154,12.1670,12.0141,0.1529,2.9811,12.9600,12.9568,0.0032,0.1982,9724.5245,NA,NA,NA,NA
Endfield.exe,53680,0x125AB2630,DXGI,0,512,0,Composed: Flip,Application,3683248320375,NA,10.50800000000000,16.65630000000000,0.16840000000000,4.44660000000000,19.6873,134.0867,3683248216824,10.5235,10.3551,0.1684,3.7741,11.0276,11.0111,0.0165,NA,0.0000,NA,NA,NA,NA
Endfield.exe,53680,0x125AB2630,DXGI,0,512,0,Composed: Flip,Application,3683248425674,NA,10.52990000000000,9.41480000000000,0.14980000000000,4.21220000000000,18.5722,143.5015,3683248322059,10.5113,10.3615,0.1498,4.2782,10.2955,10.2955,0.0000,NA,0.0000,NA,NA,NA,NA
Endfield.exe,53680,0x125AB2630,DXGI,0,512,0,Composed: Flip,Application,3683248532456,NA,10.67820000000000,7.25330000000000,0.20090000000000,4.26380000000000,15.1473,150.7548,3683248427172,10.7293,10.5284,0.2009,4.0624,10.7298,10.7298,0.0000,NA,0.0000,NA,NA,NA,NA
Endfield.exe,53680,0x125AB2630,DXGI,0,512,0,Composed: Flip,Application,3683248617764,42.2151,8.53080000000000,8.34650000000000,0.23360000000000,3.70000000000000,14.9630,116.8862,3683248534465,8.5635,8.3299,0.2336,4.0629,7.9670,7.9638,0.0032,0.5442,9766.7396,NA,NA,NA,NA
Endfield.exe,53680,0x125AB2630,DXGI,0,512,0,Composed: Flip,Application,3683248721521,NA,10.37570000000000,9.40540000000000,0.18810000000000,3.19110000000000,13.9927,126.2916,3683248620100,10.3302,10.1421,0.1881,3.4664,9.8668,9.8554,0.0114,NA,0.0000,NA,NA,NA,NA
Endfield.exe,53680,0x125AB2630,DXGI,0,512,0,Composed: Flip,Application,3683248828047,NA,10.65260000000000,16.66220000000000,0.22200000000000,3.94430000000000,20.0023,142.9538,3683248723402,10.6865,10.4645,0.2220,3.0030,11.4058,11.4058,0.0000,NA,0.0000,NA,NA,NA,NA
Endfield.exe,53680,0x125AB2630,DXGI,0,512,0,Composed: Flip,Application,3683248929034,NA,10.09870000000000,7.25220000000000,0.13190000000000,4.46220000000000,17.1558,150.2060,3683248830267,10.0086,9.8767,0.1319,3.7223,10.6166,10.6166,0.0000,NA,0.0000,NA,NA,NA,NA
Endfield.exe,53680,0x125AB2630,DXGI,0,512,0,Composed: Flip,Application,3683249028378,40.6233,9.93440000000000,16.75970000000000,0.47390000000000,3.84780000000000,23.9811,124.8527,3683248930353,10.2764,9.8025,0.4739,4.3303,9.3200,9.3176,0.0024,-9.4562,9807.3629,NA,NA,NA,NA
Endfield.exe,53680,0x125AB2630,DXGI,0,512,0,Composed: Flip,Application,3683249138247,NA,10.98690000000000,NA,0.57250000000000,4.91920000000000,NA,NA,3683249033117,11.0855,10.5130,0.5725,3.3739,12.0583,12.0412,0.0171,NA,NA,NA,NA,NA,NA
Endfield.exe,53680,0x125AB2630,DXGI,0,512,0,Composed: Flip,Application,3683249236270,NA,9.80230000000000,8.25940000000000,0.37330000000000,4.22530000000000,11.4513,133.1121,3683249143972,9.6031,9.2298,0.3733,4.3467,9.1084,9.1084,0.0000,NA,0.0000,NA,NA,NA,NA
Endfield.exe,53680,0x125AB2630,DXGI,0,512,0,Composed: Flip,Application,3683249341214,NA,10.49440000000000,16.69210000000000,0.13910000000000,4.79050000000000,17.6490,149.8042,3683249240003,10.2602,10.1211,0.1391,3.8520,11.0596,11.0596,0.0000,NA,0.0000,NA,NA,NA,NA
Endfield.exe,53680,0x125AB2630,DXGI,0,512,0,Composed: Flip,Application,3683249460209,40.3626,11.89950000000000,8.31130000000000,0.15880000000000,4.24800000000000,14.0608,117.7529,3683249342605,11.9192,11.7604,0.1588,4.6514,11.3570,11.3558,0.0012,7.0998,9847.7255,NA,NA,NA,NA
Endfield.exe,53680,0x125AB2630,DXGI,0,512,0,Composed: Flip,Application,3683249564667,NA,10.44580000000000,9.39130000000000,0.16210000000000,2.43470000000000,13.0063,127.1442,3683249461797,10.4491,10.2870,0.1621,4.0892,8.6325,8.6185,0.0140,NA,0.0000,NA,NA,NA,NA
Endfield.exe,53680,0x125AB2630,DXGI,0,512,0,Composed: Flip,Application,3683249668875,NA,10.42080000000000,15.58490000000000,0.16150000000000,4.21740000000000,18.1704,142.7291,3683249566288,10.4202,10.2587,0.1615,2.2726,12.2035,12.2035,0.0000,NA,0.0000,NA,NA,NA,NA
Endfield.exe,53680,0x125AB2630,DXGI,0,512,0,Composed: Flip,Application,3683249774282,NA,10.54070000000000,8.45160000000000,0.14890000000000,4.22640000000000,16.0813,151.1807,3683249670490,10.5281,10.3792,0.1489,4.0559,10.5497,10.5497,0.0000,NA,0.0000,NA,NA,NA,NA
Endfield.exe,53680,0x125AB2630,DXGI,0,512,0,Composed: Flip,Application,3683249866455,41.0211,9.21730000000000,9.30200000000000,0.18980000000000,3.88040000000000,16.1660,119.4616,3683249775771,9.2582,9.0684,0.1898,4.0775,8.8713,8.8686,0.0027,-1.7087,9888.7466,NA,NA,NA,NA
Endfield.exe,53680,0x125AB2630,DXGI,0,512,0,Composed: Flip,Application,3683249969449,NA,10.29940000000000,7.25230000000000,0.17300000000000,2.64480000000000,13.1189,126.7139,3683249868353,10.2826,10.1096,0.1730,3.6906,9.0638,9.0546,0.0092,NA,0.0000,NA,NA,NA,NA
Endfield.exe,53680,0x125AB2630,DXGI,0,512,0,Composed: Flip,Application,3683250071642,NA,10.21930000000000,17.76290000000000,0.18820000000000,4.13230000000000,20.6625,144.4768,3683249971179,10.2345,10.0463,0.1882,2.4718,11.7068,11.7068,0.0000,NA,0.0000,NA,NA,NA,NA
Endfield.exe,53680,0x125AB2630,DXGI,0,512,0,Composed: Flip,Application,3683250173719,NA,10.20770000000000,7.23600000000000,0.12410000000000,4.03280000000000,17.6908,151.7128,3683250073524,10.1436,10.0195,0.1241,3.9441,10.1082,10.1082,0.0000,NA,0.0000,NA,NA,NA,NA
Endfield.exe,53680,0x125AB2630,DXGI,0,512,0,Composed: Flip,Application,3683250275334,42.7040,10.16150000000000,8.37360000000000,0.15060000000000,3.79050000000000,15.9029,117.3824,3683250174960,10.1880,10.0374,0.1506,3.9087,9.9192,9.9163,0.0029,2.0792,9931.4506,NA,27.1710,NA,NA
Endfield.exe,53680,0x125AB2630,DXGI,0,512,0,Composed: Flip,Application,3683250377405,NA,10.20710000000000,9.37120000000000,0.18200000000000,2.61380000000000,15.0670,126.7536,3683250276840,10.2385,10.0565,0.1820,3.6399,9.0304,9.0102,0.0202,NA,0.0000,NA,NA,NA,NA
Endfield.exe,53680,0x125AB2630,DXGI,0,512,0,Composed: Flip,Application,3683250478965,NA,10.15600000000000,7.27090000000000,0.17020000000000,4.27730000000000,12.1819,134.0245,3683250379225,10.1442,9.9740,0.1702,2.4318,11.8195,11.8195,0.0000,NA,0.0000,NA,NA,NA,NA
Endfield.exe,53680,0x125AB2630,DXGI,0,512,0,Composed: Flip,Application,3683250581396,NA,10.24310000000000,16.65550000000000,0.12020000000000,4.11640000000000,18.5943,150.6800,3683250480667,10.1931,10.0729,0.1202,4.1071,10.0822,10.0822,0.0000,NA,0.0000,NA,NA,NA,NA
Endfield.exe,53680,0x125AB2630,DXGI,0,512,0,Composed: Flip,Application,3683250690267,41.3597,10.88710000000000,9.40960000000000,0.14580000000000,3.80520000000000,17.1168,118.5973,3683250582598,10.9127,10.7669,0.1458,3.9962,10.5759,10.5730,0.0029,-1.3475,9972.8103,NA,NA,NA,NA
Endfield.exe,53680,0x125AB2630,DXGI,0,512,0,Composed: Flip,Application,3683250792073,NA,10.18060000000000,7.26350000000000,0.15650000000000,2.83260000000000,14.1997,125.8608,3683250691725,10.1913,10.0348,0.1565,3.6594,9.2080,9.1916,0.0164,NA,0.0000,NA,NA,NA,NA
Endfield.exe,53680,0x125AB2630,DXGI,0,512,0,Composed: Flip,Application,3683250894256,NA,10.21830000000000,8.32310000000000,0.18050000000000,2.98650000000000,12.3045,134.1839,3683250793638,10.2423,10.0618,0.1805,2.6761,10.3722,10.3722,0.0000,NA,0.0000,NA,NA,NA,NA
Endfield.exe,53680,0x125AB2630,DXGI,0,512,0,Composed: Flip,Application,3683250996622,NA,10.23660000000000,8.38240000000000,0.16120000000000,2.60370000000000,10.4503,142.5663,3683250896061,10.2173,10.0561,0.1612,2.8060,9.8538,9.8538,0.0000,NA,0.0000,NA,NA,NA,NA
Endfield.exe,53680,0x125AB2630,DXGI,0,512,0,Composed: Flip,Application,3683251110935,40.9907,11.43130000000000,16.59870000000000,0.16850000000000,3.74190000000000,15.6177,118.1743,3683250998234,11.4386,11.2701,0.1685,2.4425,12.5695,12.5662,0.0033,0.4230,10013.8010,NA,NA,NA,NA
Endfield.exe,53680,0x125AB2630,DXGI,0,512,0,Composed: Flip,Application,3683251214031,NA,10.30960000000000,9.43550000000000,0.20010000000000,4.14810000000000,14.7436,127.6098,3683251112620,10.3412,10.1411,0.2001,3.5734,10.7158,10.7017,0.0141,NA,0.0000,NA,NA,NA,NA
Endfield.exe,53680,0x125AB2630,DXGI,0,512,0,Composed: Flip,Application,3683251316134,NA,10.21030000000000,7.24990000000000,0.14710000000000,4.22250000000000,11.7832,134.8597,3683251216032,10.1573,10.0102,0.1471,3.9480,10.2847,10.2847,0.0000,NA,0.0000,NA,NA,NA,NA
Endfield.exe,53680,0x125AB2630,DXGI,0,512,0,Composed: Flip,Application,3683251418859,NA,10.27250000000000,16.69720000000000,0.12950000000000,4.22320000000000,18.2079,151.5569,3683251317605,10.2549,10.1254,0.1295,4.0754,10.2732,10.2732,0.0000,NA,0.0000,NA,NA,NA,NA
Endfield.exe,53680,0x125AB2630,DXGI,0,512,0,Composed: Flip,Application,3683251525006,41.3225,10.61470000000000,8.31330000000000,0.14130000000000,3.88750000000000,15.9065,118.5477,3683251420154,10.6265,10.4852,0.1413,4.0937,10.2790,10.2760,0.0030,-0.3734,10055.1235,NA,NA,NA,NA
Endfield.exe,53680,0x125AB2630,DXGI,0,512,0,Composed: Flip,Application,3683251632370,NA,10.73640000000000,8.31290000000000,0.21710000000000,2.60490000000000,13.4830,126.8606,3683251526419,10.8122,10.5951,0.2171,3.7462,9.4538,9.4347,0.0191,NA,0.0000,NA,NA,NA,NA
Endfield.exe,53680,0x125AB2630,DXGI,0,512,0,Composed: Flip,Application,3683251732060,NA,9.96900000000000,8.34130000000000,0.14520000000000,3.66700000000000,11.8553,135.2019,3683251634541,9.8971,9.7519,0.1452,2.3878,11.0311,11.0311,0.0000,NA,0.0000,NA,NA,NA,NA
Endfield.exe,53680,0x125AB2630,DXGI,0,512,0,Composed: Flip,Application,3683251836457,NA,10.43970000000000,16.68110000000000,0.12580000000000,4.12970000000000,18.0967,151.8830,3683251733512,10.4203,10.2945,0.1258,3.5218,10.9024,10.9024,0.0000,NA,0.0000,NA,NA,NA,NA
Endfield.exe,53680,0x125AB2630,DXGI,0,512,0,Composed: Flip,Application,3683251961603,41.9688,12.51460000000000,8.31850000000000,0.16920000000000,4.67340000000000,13.9006,118.2327,3683251837715,12.5580,12.3888,0.1692,4.0039,13.0583,13.0572,0.0011,0.3150,10097.0923,NA,49.7815,NA,NA
Endfield.exe,53680,0x125AB2630,DXGI,0,512,0,Composed: Flip,Application,3683252075269,NA,11.36660000000000,17.75490000000000,0.32520000000000,3.94040000000000,20.2889,135.9876,3683251963295,11.5226,11.1974,0.3252,4.5042,10.6336,10.6182,0.0154,NA,0.0000,NA,NA,NA,NA
Endfield.exe,53680,0x125AB2630,DXGI,0,512,0,Composed: Flip,Application,3683252168007,NA,9.27380000000000,7.25540000000000,0.21470000000000,4.55620000000000,18.2705,143.2430,3683252078521,9.1633,8.9486,0.2147,3.6152,9.8896,9.8896,0.0000,NA,0.0000,NA,NA,NA,NA
Endfield.exe,53680,0x125AB2630,DXGI,0,512,0,Composed: Flip,Application,3683252282380,NA,11.43730000000000,8.32450000000000,0.20610000000000,3.56710000000000,15.1577,151.5675,3683252170154,11.4287,11.2226,0.2061,4.3415,10.4482,10.4482,0.0000,NA,0.0000,NA,NA,NA,NA
Endfield.exe,53680,0x125AB2630,DXGI,0,512,0,Composed: Flip,Application,3683252370231,42.2985,8.78510000000000,9.42130000000000,0.28080000000000,7.35350000000000,15.7939,118.1005,3683252284441,8.8598,8.5790,0.2808,3.3610,12.5715,12.5685,0.0030,-0.4576,10139.3908,NA,NA,NA,NA
Endfield.exe,53680,0x125AB2630,DXGI,0,512,0,Composed: Flip,Application,3683252473303,NA,10.30720000000000,7.29090000000000,0.21370000000000,4.14390000000000,12.7776,125.3914,3683252373039,10.2401,10.0264,0.2137,7.0727,7.0976,7.0922,0.0054,NA,0.0000,NA,13.8117,NA,NA
Endfield.exe,53680,0x125AB2630,DXGI,0,512,0,Composed: Flip,Application,3683252577325,NA,10.40220000000000,8.28930000000000,0.23760000000000,3.48650000000000,10.6647,133.6807,3683252475440,10.4261,10.1885,0.2376,3.9302,9.7448,9.7448,0.0000,NA,0.0000,NA,NA,NA,NA
Endfield.exe,53680,0x125AB2630,DXGI,0,512,0,Composed: Flip,Application,3683252680895,NA,10.35700000000000,17.74610000000000,0.14780000000000,4.72350000000000,18.0538,151.4268,3683252579701,10.2672,10.1194,0.1478,3.2489,11.5940,11.5940,0.0000,NA,0.0000,NA,NA,NA,NA
Endfield.exe,53680,0x125AB2630,DXGI,0,512,0,Composed: Flip,Application,3683252772712,42.7660,9.18170000000000,7.23640000000000,0.21240000000000,4.19990000000000,16.1085,115.8972,3683252682373,9.2463,9.0339,0.2124,4.5757,8.6581,8.6552,0.0029,2.2033,10182.1568,NA,NA,NA,NA
Endfield.exe,53680,0x125AB2630,DXGI,0,512,0,Composed: Flip,Application,3683252882415,NA,10.97030000000000,8.41190000000000,0.29080000000000,4.88140000000000,13.5501,124.3091,3683252774836,11.0487,10.7579,0.2908,3.9875,11.6518,11.6355,0.0163,NA,0.0000,NA,18.4760,NA,NA
Endfield.exe,53680,0x125AB2630,DXGI,0,512,0,Composed: Flip,Application,3683252988102,NA,10.56870000000000,8.32330000000000,0.22600000000000,3.92400000000000,11.3047,132.6324,3683252885323,10.5039,10.2779,0.2260,4.5906,9.6113,9.6113,0.0000,NA,0.0000,NA,NA,NA,NA
Endfield.exe,53680,0x125AB2630,DXGI,0,512,0,Composed: Flip,Application,3683253085336,NA,9.72340000000000,16.62870000000000,0.22440000000000,3.19120000000000,18.2100,149.2611,3683252990362,9.7218,9.4974,0.2244,3.6980,8.9906,8.9906,0.0000,NA,0.0000,NA,NA,NA,NA
Endfield.exe,53680,0x125AB2630,DXGI,0,512,0,Composed: Flip,Application,3683253187302,53.6114,10.19660000000000,9.43880000000000,0.20160000000000,2.75610000000000,17.4522,105.0885,3683253087580,10.1738,9.9722,0.2016,2.9668,9.7615,9.7588,0.0027,10.8087,10235.7682,NA,20.4213,NA,NA
Endfield.exe,53680,0x125AB2630,DXGI,0,512,0,Composed: Flip,Application,3683253280197,NA,9.28950000000000,7.20450000000000,0.30540000000000,2.80470000000000,15.3672,112.2930,3683253189318,9.3933,9.0879,0.3054,2.5545,9.3381,9.3222,0.0159,NA,0.0000,NA,17.5195,NA,NA
Endfield.exe,53680,0x125AB2630,DXGI,0,512,0,Composed: Flip,Application,3683253383057,NA,10.28600000000000,9.44140000000000,0.25460000000000,4.39240000000000,14.5226,121.7344,3683253283251,10.2352,9.9806,0.2546,2.4993,11.8737,11.8737,0.0000,NA,0.0000,NA,NA,NA,NA
Endfield.exe,53680,0x125AB2630,DXGI,0,512,0,Composed: Flip,Application,3683253485662,NA,10.26050000000000,7.27410000000000,0.27450000000000,2.87040000000000,11.5362,129.0085,3683253385603,10.2804,10.0059,0.2745,4.1378,8.7385,8.7385,0.0000,NA,0.0000,NA,NA,NA,NA
Endfield.exe,53680,0x125AB2630,DXGI,0,512,0,Composed: Flip,Application,3683253599071,37.9693,11.34090000000000,16.65160000000000,0.47980000000000,4.04950000000000,16.8469,107.6908,3683253488407,11.5462,11.0664,0.4798,2.5959,12.5200,12.5132,0.0068,-2.6023,10273.7375,NA,20.0982,NA,NA
Endfield.exe,53680,0x125AB2630,DXGI,0,512,0,Composed: Flip,Application,3683253684180,NA,8.51090000000000,8.32100000000000,0.28110000000000,5.02720000000000,16.6570,116.0118,3683253603869,8.3122,8.0311,0.2811,3.5697,9.4886,9.4765,0.0121,NA,0.0000,NA,NA,NA,NA
Endfield.exe,53680,0x125AB2630,DXGI,0,512,0,Composed: Flip,Application,3683253784322,NA,10.01420000000000,8.36660000000000,0.23950000000000,3.17080000000000,15.0094,124.3784,3683253686991,9.9726,9.7331,0.2395,4.7461,8.1578,8.1578,0.0000,NA,0.0000,NA,NA,NA,NA
Endfield.exe,53680,0x125AB2630,DXGI,0,512,0,Composed: Flip,Application,3683253887860,NA,10.35380000000000,9.37670000000000,0.52960000000000,4.41660000000000,14.0323,133.7551,3683253786717,10.6439,10.1143,0.5296,2.9313,11.5996,11.5996,0.0000,NA,0.0000,NA,NA,NA,NA
Endfield.exe,53680,0x125AB2630,DXGI,0,512,0,Composed: Flip,Application,3683253982900,42.3692,9.50400000000000,7.26220000000000,0.23660000000000,3.88200000000000,11.7905,98.6481,3683253893156,9.2110,8.9744,0.2366,3.8870,8.9694,8.9684,0.0010,9.0427,10316.1067,NA,15.7754,NA,NA
Endfield.exe,53680,0x125AB2630,DXGI,0,512,0,Composed: Flip,Application,3683254084588,NA,10.16880000000000,8.33530000000000,0.26050000000000,2.72150000000000,9.9570,106.9834,3683253985266,10.1927,9.9322,0.2605,3.6454,9.0083,8.9933,0.0150,NA,0.0000,NA,20.0429,NA,NA
Endfield.exe,53680,0x125AB2630,DXGI,0,512,0,Composed: Flip,Application,3683254185966,NA,10.13780000000000,16.67410000000000,0.32230000000000,4.17480000000000,16.4933,123.6575,3683254087193,10.1996,9.8773,0.3223,2.4610,11.5911,11.5911,0.0000,NA,0.0000,NA,NA,NA,NA
Endfield.exe,53680,0x125AB2630,DXGI,0,512,0,Composed: Flip,Application,3683254287876,NA,10.19100000000000,8.31240000000000,0.28990000000000,3.60610000000000,14.6147,131.9699,3683254189189,10.1586,9.8687,0.2899,3.8525,9.6223,9.6223,0.0000,NA,0.0000,NA,NA,NA,NA
Endfield.exe,53680,0x125AB2630,DXGI,0,512,0,Composed: Flip,Application,3683254399282,29.0518,11.14060000000000,8.32690000000000,0.18500000000000,2.01330000000000,11.8010,111.2450,3683254290775,11.0357,10.8507,0.1850,3.3162,9.5478,9.5468,0.0010,-12.5969,10345.1585,NA,14.4261,NA,NA
Endfield.exe,53680,0x125AB2630,DXGI,0,512,0,Composed: Flip,Application,3683254498243,NA,9.89610000000000,8.49030000000000,0.17090000000000,2.75700000000000,10.3952,119.7353,3683254401132,9.8820,9.7111,0.1709,1.8283,10.6398,10.6261,0.0137,NA,0.0000,NA,NA,NA,NA
Endfield.exe,53680,0x125AB2630,DXGI,0,512,0,Composed: Flip,Application,3683254599423,NA,10.11800000000000,16.51780000000000,0.29740000000000,4.94230000000000,16.7950,136.2531,3683254499952,10.2445,9.9471,0.2974,2.5861,12.3033,12.3033,0.0000,NA,0.0000,NA,NA,NA,NA
Endfield.exe,53680,0x125AB2630,DXGI,0,512,0,Composed: Flip,Application,3683254700464,NA,10.10410000000000,9.42530000000000,0.20650000000000,4.75790000000000,16.1162,145.6784,3683254602397,10.0132,9.8067,0.2065,4.6449,9.9197,9.9197,0.0000,NA,0.0000,NA,NA,NA,NA
Endfield.exe,53680,0x125AB2630,DXGI,0,512,0,Composed: Flip,Application,3683254803469,44.4886,10.30050000000000,7.24480000000000,0.29420000000000,1.79120000000000,13.0605,108.4346,3683254702529,10.3882,10.0940,0.2942,4.5514,7.3338,7.3306,0.0032,2.8104,10389.6471,NA,14.0443,NA,NA
Endfield.exe,53680,0x125AB2630,DXGI,0,512,0,Composed: Flip,Application,3683254904334,NA,10.08650000000000,8.33330000000000,0.51620000000000,2.51060000000000,11.3073,116.7679,3683254806411,10.3085,9.7923,0.5162,1.4970,10.8059,10.7926,0.0133,NA,0.0000,NA,NA,NA,NA
Endfield.exe,53680,0x125AB2630,DXGI,0,512,0,Composed: Flip,Application,3683255005989,NA,10.16550000000000,16.66110000000000,0.20900000000000,4.42810000000000,17.8029,133.4290,3683254909496,9.8583,9.6493,0.2090,1.9944,12.0830,12.0830,0.0000,NA,0.0000,NA,NA,NA,NA
Endfield.exe,53680,0x125AB2630,DXGI,0,512,0,Composed: Flip,Application,3683255106797,NA,10.08080000000000,8.32050000000000,0.23730000000000,4.26770000000000,16.0426,141.7495,3683255008079,10.1091,9.8718,0.2373,4.2191,9.9204,9.9204,0.0000,NA,0.0000,NA,NA,NA,NA
Endfield.exe,53680,0x125AB2630,DXGI,0,512,0,Composed: Flip,Application,3683255202913,36.6246,9.61160000000000,8.38510000000000,0.20830000000000,4.57420000000000,14.8161,113.5100,3683255109170,9.5826,9.3743,0.2083,4.0304,9.9181,9.9152,0.0029,-5.0754,10426.2717,NA,17.8092,NA,NA
Endfield.exe,53680,0x125AB2630,DXGI,0,512,0,Composed: Flip,Application,3683255315657,NA,11.27440000000000,9.37330000000000,0.23870000000000,4.15540000000000,12.9150,122.8833,3683255204996,11.3048,11.0661,0.2387,4.3659,10.8556,10.8401,0.0155,NA,0.0000,NA,NA,NA,NA
Endfield.exe,53680,0x125AB2630,DXGI,0,512,0,Composed: Flip,Application,3683255404656,NA,8.89990000000000,15.64380000000000,0.20990000000000,4.14380000000000,19.6589,138.5271,3683255318044,8.8711,8.6612,0.2099,3.9167,8.8883,8.8883,0.0000,NA,0.0000,NA,NA,NA,NA
Endfield.exe,53680,0x125AB2630,DXGI,0,512,0,Composed: Flip,Application,3683255505909,NA,10.12530000000000,8.29530000000000,0.20040000000000,4.90750000000000,17.8289,146.8224,3683255406755,10.1158,9.9154,0.2004,3.9339,10.8890,10.8890,0.0000,NA,0.0000,NA,NA,NA,NA
Endfield.exe,53680,0x125AB2630,DXGI,0,512,0,Composed: Flip,Application,3683255608479,42.2288,10.25700000000000,9.40640000000000,0.24730000000000,4.38570000000000,16.9783,114.0000,3683255507913,10.3039,10.0566,0.2473,4.7071,9.7352,9.7320,0.0032,-0.4900,10468.5005,NA,19.4450,NA,NA
Endfield.exe,53680,0x125AB2630,DXGI,0,512,0,Composed: Flip,Application,3683255710670,NA,10.21910000000000,7.24220000000000,0.26390000000000,4.17760000000000,14.0014,121.2422,3683255610952,10.2357,9.9718,0.2639,4.1384,10.0110,9.9958,0.0152,NA,0.0000,NA,NA,NA,NA
Endfield.exe,53680,0x125AB2630,DXGI,0,512,0,Composed: Flip,Application,3683255809157,NA,9.84870000000000,8.33810000000000,0.20790000000000,3.72920000000000,12.4908,129.5803,3683255713309,9.7927,9.5848,0.2079,3.9137,9.4003,9.4003,0.0000,NA,0.0000,NA,NA,NA,NA
Endfield.exe,53680,0x125AB2630,DXGI,0,512,0,Composed: Flip,Application,3683255909405,NA,10.02480000000000,8.33150000000000,0.18030000000000,2.93180000000000,10.7975,137.9118,3683255811236,9.9972,9.8169,0.1803,3.5213,9.2274,9.2274,0.0000,NA,0.0000,NA,NA,NA,NA
Endfield.exe,53680,0x125AB2630,DXGI,0,512,0,Composed: Flip,Application,3683256016585,38.0214,10.71800000000000,16.67360000000000,0.27190000000000,4.12060000000000,16.7531,116.5640,3683255911208,10.8096,10.5377,0.2719,2.7515,11.9068,11.9024,0.0044,-2.5640,10506.5219,NA,19.0538,NA,NA
Endfield.exe,53680,0x125AB2630,DXGI,0,512,0,Composed: Flip,Application,3683256117034,NA,10.04490000000000,8.33280000000000,0.22840000000000,5.03110000000000,15.0410,124.8968,3683256019304,10.0014,9.7730,0.2284,3.8487,10.9554,10.9358,0.0196,NA,0.0000,NA,NA,NA,NA
Endfield.exe,53680,0x125AB2630,DXGI,0,512,0,Composed: Flip,Application,3683256217775,NA,10.07410000000000,8.32370000000000,0.20730000000000,4.11090000000000,13.2906,133.2205,3683256119318,10.0530,9.8457,0.2073,4.8027,9.1539,9.1539,0.0000,NA,0.0000,NA,NA,NA,NA
Endfield.exe,53680,0x125AB2630,DXGI,0,512,0,Composed: Flip,Application,3683256319702,NA,10.19270000000000,8.33690000000000,0.25350000000000,3.85110000000000,11.4348,141.5574,3683256219848,10.2389,9.9854,0.2535,3.9036,9.9329,9.9329,0.0000,NA,0.0000,NA,NA,NA,NA
Endfield.exe,53680,0x125AB2630,DXGI,0,512,0,Composed: Flip,Application,3683256417999,40.6448,9.82970000000000,16.66420000000000,0.21560000000000,4.24470000000000,18.2693,117.5768,3683256322237,9.7918,9.5762,0.2156,3.5976,10.2233,10.2197,0.0036,-1.0128,10547.1667,NA,20.7670,NA,NA
Endfield.exe,53680,0x125AB2630,DXGI,0,512,0,Composed: Flip,Application,3683256521399,NA,10.34000000000000,8.33550000000000,0.30890000000000,4.90810000000000,16.2648,125.9123,3683256420155,10.4333,10.1244,0.3089,4.0291,11.0034,10.9912,0.0122,NA,0.0000,NA,NA,NA,NA
Endfield.exe,53680,0x125AB2630,DXGI,0,512,0,Composed: Flip,Application,3683256620055,NA,9.86560000000000,8.33170000000000,0.24580000000000,4.75380000000000,14.7309,134.2440,3683256524488,9.8025,9.5567,0.2458,4.5992,9.7113,9.7113,0.0000,NA,0.0000,NA,NA,NA,NA
Endfield.exe,53680,0x125AB2630,DXGI,0,512,0,Composed: Flip,Application,3683256721393,NA,10.13380000000000,8.36070000000000,0.26690000000000,3.32580000000000,12.9578,142.6047,3683256622513,10.1549,9.8880,0.2669,4.5080,8.7058,8.7058,0.0000,NA,0.0000,NA,NA,NA,NA
Endfield.exe,53680,0x125AB2630,DXGI,0,512,0,Composed: Flip,Application,3683256831469,40.5637,11.00760000000000,16.63190000000000,0.27340000000000,4.46120000000000,18.5821,118.6729,3683256724062,11.0141,10.7407,0.2734,3.0589,12.1430,12.1419,0.0011,-1.0961,10587.7304,NA,20.9752,NA,NA
Endfield.exe,53680,0x125AB2630,DXGI,0,512,0,Composed: Flip,Application,3683256933361,NA,10.18920000000000,8.31960000000000,0.22950000000000,3.05430000000000,16.7125,126.9925,3683256834203,10.1453,9.9158,0.2295,4.1878,8.7823,8.7665,0.0158,NA,0.0000,NA,NA,NA,NA
Endfield.exe,53680,0x125AB2630,DXGI,0,512,0,Composed: Flip,Application,3683257033622,NA,10.02610000000000,8.34820000000000,0.21000000000000,3.70470000000000,15.0346,135.3407,3683256935656,10.0066,9.7966,0.2100,2.8248,10.6765,10.6765,0.0000,NA,0.0000,NA,NA,NA,NA
Endfield.exe,53680,0x125AB2630,DXGI,0,512,0,Composed: Flip,Application,3683257152377,NA,11.87550000000000,8.33610000000000,0.19840000000000,2.27840000000000,11.4952,143.6768,3683257035722,11.8639,11.6655,0.1984,3.4947,10.4492,10.4492,0.0000,NA,0.0000,NA,NA,NA,NA
Endfield.exe,53680,0x125AB2630,DXGI,0,512,0,Composed: Flip,Application,3683257245918,40.3944,9.35410000000000,16.66400000000000,0.22050000000000,3.67240000000000,18.8051,119.9464,3683257154361,9.3762,9.1557,0.2205,2.0800,10.7481,10.7471,0.0010,-1.2735,10628.1248,NA,22.0931,NA,NA
Endfield.exe,53680,0x125AB2630,DXGI,0,512,0,Composed: Flip,Application,3683257348336,NA,10.24180000000000,8.33740000000000,0.35340000000000,4.80910000000000,16.9007,128.2838,3683257248123,10.3747,10.0213,0.3534,3.4519,11.3785,11.3640,0.0145,NA,0.0000,NA,NA,NA,NA
Endfield.exe,53680,0x125AB2630,DXGI,0,512,0,Composed: Flip,Application,3683257448090,NA,9.97540000000000,8.33890000000000,0.20630000000000,3.26450000000000,15.2642,136.6227,3683257351870,9.8283,9.6220,0.2063,4.4557,8.4308,8.4308,0.0000,NA,0.0000,NA,NA,NA,NA
Endfield.exe,53680,0x125AB2630,DXGI,0,512,0,Composed: Flip,Application,3683257550192,NA,10.21020000000000,8.33030000000000,0.24400000000000,3.75190000000000,13.3843,144.9530,3683257450153,10.2479,10.0039,0.2440,3.0582,10.6976,10.6976,0.0000,NA,0.0000,NA,NA,NA,NA
Endfield.exe,53680,0x125AB2630,DXGI,0,512,0,Composed: Flip,Application,3683257643621,41.1684,9.34290000000000,8.31920000000000,0.20180000000000,3.79300000000000,12.3606,112.1038,3683257552632,9.3007,9.0989,0.2018,3.5079,9.3840,9.3831,0.0009,7.8426,10669.2932,NA,15.3957,NA,NA
Endfield.exe,53680,0x125AB2630,DXGI,0,512,0,Composed: Flip,Application,3683257745530,NA,10.19090000000000,17.77140000000000,0.41950000000000,4.83000000000000,19.9411,129.8752,3683257645639,10.4086,9.9891,0.4195,3.5912,11.2279,11.2139,0.0140,NA,0.0000,NA,NA,NA,NA
Endfield.exe,53680,0x125AB2630,DXGI,0,512,0,Composed: Flip,Application,3683257847922,NA,10.23920000000000,7.24930000000000,0.21900000000000,4.25420000000000,16.9512,137.1245,3683257749725,10.0387,9.8197,0.2190,4.4105,9.6634,9.6634,0.0000,NA,0.0000,NA,NA,NA,NA
Endfield.exe,53680,0x125AB2630,DXGI,0,512,0,Composed: Flip,Application,3683257948565,NA,10.06430000000000,8.33660000000000,0.22710000000000,4.81600000000000,15.2235,145.4611,3683257850112,10.0724,9.8453,0.2271,4.0352,10.6261,10.6261,0.0000,NA,0.0000,NA,NA,NA,NA
Endfield.exe,53680,0x125AB2630,DXGI,0,512,0,Composed: Flip,Application,3683258036064,41.1939,8.74990000000000,8.33560000000000,0.26540000000000,6.73010000000000,14.8092,112.6028,3683257950836,8.7882,8.5228,0.2654,4.5889,10.6640,10.6610,0.0030,-0.4990,10710.4871,NA,17.7115,NA,NA
Endfield.exe,53680,0x125AB2630,DXGI,0,512,0,Composed: Flip,Application,3683258136854,NA,10.07900000000000,8.32560000000000,0.47940000000000,2.59830000000000,13.0558,120.9284,3683258038718,10.2930,9.8136,0.4794,6.4647,5.9472,5.9313,0.0159,NA,0.0000,NA,NA,NA,NA
Endfield.exe,53680,0x125AB2630,DXGI,0,512,0,Composed: Flip,Application,3683258237940,NA,10.10860000000000,8.67880000000000,0.23580000000000,4.08680000000000,11.6260,129.6072,3683258141648,9.8650,9.6292,0.2358,2.1189,11.5971,11.5971,0.0000,NA,0.0000,NA,NA,NA,NA
Endfield.exe,53680,0x125AB2630,DXGI,0,512,0,Composed: Flip,Application,3683258339031,NA,10.10910000000000,7.97300000000000,0.21130000000000,4.11950000000000,9.4899,137.5802,3683258240298,10.0846,9.8733,0.2113,3.8510,10.1418,10.1418,0.0000,NA,0.0000,NA,NA,NA,NA
Endfield.exe,53680,0x125AB2630,DXGI,0,512,0,Composed: Flip,Application,3683258438498,40.1435,9.94670000000000,9.49940000000000,0.25380000000000,3.68030000000000,9.0426,106.9361,3683258341144,9.9892,9.7354,0.2538,3.9082,9.5075,9.5042,0.0033,5.6667,10750.6306,NA,11.8286,NA,NA
Endfield.exe,53680,0x125AB2630,DXGI,0,512,0,Composed: Flip,Application,3683258538962,NA,10.04640000000000,16.60660000000000,0.28880000000000,4.48510000000000,15.6028,123.5427,3683258441036,10.0814,9.7926,0.2888,3.4265,10.8512,10.8348,0.0164,NA,0.0000,NA,NA,NA,NA
Endfield.exe,53680,0x125AB2630,DXGI,0,512,0,Composed: Flip,Application,3683258638407,NA,9.94450000000000,7.23600000000000,0.23020000000000,2.31120000000000,12.8943,130.7787,3683258541850,9.8859,9.6557,0.2302,4.1963,7.7706,7.7706,0.0000,NA,0.0000,NA,NA,NA,NA
Endfield.exe,53680,0x125AB2630,DXGI,0,512,0,Composed: Flip,Application,3683258738708,NA,10.03010000000000,8.34790000000000,0.15510000000000,3.79880000000000,11.2121,139.1266,3683258640709,9.9550,9.7999,0.1551,2.0810,11.5177,11.5177,0.0000,NA,0.0000,NA,NA,NA,NA
Endfield.exe,53680,0x125AB2630,DXGI,0,512,0,Composed: Flip,Application,3683258831778,39.2908,9.30700000000000,16.63800000000000,0.24300000000000,3.67780000000000,18.5431,116.4738,3683258740259,9.3949,9.1519,0.2430,3.6437,9.1860,9.1823,0.0037,-9.5377,10789.9214,NA,23.4076,NA,NA
Endfield.exe,53680,0x125AB2630,DXGI,0,512,0,Composed: Flip,Application,3683258929363,NA,9.75850000000000,8.32690000000000,0.20720000000000,2.34450000000000,17.1115,124.8007,3683258834208,9.7227,9.5155,0.2072,3.4348,8.4252,8.4133,0.0119,NA,0.0000,NA,NA,NA,NA
Endfield.exe,53680,0x125AB2630,DXGI,0,512,0,Composed: Flip,Application,3683259028977,NA,9.96140000000000,8.33830000000000,0.23410000000000,4.77950000000000,15.4884,133.1390,3683258931435,9.9883,9.7542,0.2341,2.1373,12.3964,12.3964,0.0000,NA,0.0000,NA,NA,NA,NA
Endfield.exe,53680,0x125AB2630,DXGI,0,512,0,Composed: Flip,Application,3683259129531,NA,10.05540000000000,9.47260000000000,0.48850000000000,3.94080000000000,14.9056,142.6116,3683259031318,10.3098,9.8213,0.4885,4.5454,9.2167,9.2167,0.0000,NA,0.0000,NA,NA,NA,NA
Endfield.exe,53680,0x125AB2630,DXGI,0,512,0,Composed: Flip,Application,3683259224123,40.3369,9.45920000000000,7.21350000000000,0.24410000000000,3.73280000000000,12.6599,109.4882,3683259134416,9.2148,8.9707,0.2441,3.4523,9.2512,9.2496,0.0016,6.9856,10830.2583,NA,15.7559,NA,NA
Endfield.exe,53680,0x125AB2630,DXGI,0,512,0,Composed: Flip,Application,3683259326560,NA,10.24370000000000,8.33570000000000,0.31190000000000,2.45160000000000,10.7519,117.8239,3683259226564,10.3115,9.9996,0.3119,3.4887,8.9625,8.9506,0.0119,NA,0.0000,NA,NA,NA,NA
Endfield.exe,53680,0x125AB2630,DXGI,0,512,0,Composed: Flip,Application,3683259421164,NA,9.46040000000000,8.32950000000000,0.17300000000000,2.31450000000000,9.6210,126.1534,3683259329679,9.3215,9.1485,0.1730,2.1397,9.3233,9.3233,0.0000,NA,0.0000,NA,NA,NA,NA
Endfield.exe,53680,0x125AB2630,DXGI,0,512,0,Composed: Flip,Application,3683259520965,NA,9.98010000000000,17.75530000000000,0.15440000000000,4.65530000000000,17.3962,143.9087,3683259422894,9.9615,9.8071,0.1544,2.1415,12.3209,12.3209,0.0000,NA,0.0000,NA,NA,NA,NA
Endfield.exe,53680,0x125AB2630,DXGI,0,512,0,Composed: Flip,Application,3683259624472,39.5666,10.35070000000000,7.25260000000000,0.31920000000000,1.82790000000000,14.2981,111.5947,3683259522509,10.5155,10.1963,0.3192,4.5009,7.5233,7.5207,0.0026,-2.1065,10869.8249,NA,17.4298,NA,NA
Endfield.exe,53680,0x125AB2630,DXGI,0,512,0,Composed: Flip,Application,3683259724432,NA,9.99600000000000,9.43070000000000,0.23320000000000,4.33730000000000,13.7328,121.0254,3683259627664,9.9100,9.6768,0.2332,1.5087,12.5054,12.4907,0.0147,NA,0.0000,NA,NA,NA,NA
Endfield.exe,53680,0x125AB2630,DXGI,0,512,0,Composed: Flip,Application,3683259822464,NA,9.80320000000000,15.55830000000000,0.25300000000000,4.14970000000000,19.4879,136.5837,3683259726764,9.8230,9.5700,0.2530,4.1041,9.6156,9.6156,0.0000,NA,0.0000,NA,NA,NA,NA
Endfield.exe,53680,0x125AB2630,DXGI,0,512,0,Composed: Flip,Application,3683259922662,NA,10.01980000000000,8.32040000000000,0.20930000000000,4.56670000000000,17.7885,144.9041,3683259824994,9.9761,9.7668,0.2093,3.8967,10.4368,10.4368,0.0000,NA,0.0000,NA,NA,NA,NA
Endfield.exe,53680,0x125AB2630,DXGI,0,512,0,Composed: Flip,Application,3683260022290,38.7422,9.96280000000000,8.35490000000000,0.19440000000000,4.08120000000000,16.1806,114.5168,3683259924755,9.9479,9.7535,0.1944,4.3574,9.4773,9.4761,0.0012,-2.9221,10908.5671,NA,19.0935,NA,NA
Endfield.exe,53680,0x125AB2630,DXGI,0,512,0,Composed: Flip,Application,3683260121555,NA,9.92650000000000,8.36000000000000,0.26800000000000,4.91170000000000,14.6141,122.8768,3683260024234,10.0001,9.7321,0.2680,3.8868,10.7570,10.7434,0.0136,NA,0.0000,NA,NA,NA,NA
Endfield.exe,53680,0x125AB2630,DXGI,0,512,0,Composed: Flip,Application,3683260218913,NA,9.73580000000000,9.39280000000000,0.22140000000000,3.85880000000000,14.2711,132.2696,3683260124235,9.6892,9.4678,0.2214,4.6437,8.6829,8.6829,0.0000,NA,0.0000,NA,NA,NA,NA
Endfield.exe,53680,0x125AB2630,DXGI,0,512,0,Composed: Flip,Application,3683260317363,NA,9.84500000000000,7.23890000000000,0.20490000000000,4.08560000000000,11.6650,139.5085,3683260221127,9.8285,9.6236,0.2049,3.6374,10.0718,10.0718,0.0000,NA,0.0000,NA,NA,NA,NA
Endfield.exe,53680,0x125AB2630,DXGI,0,512,0,Composed: Flip,Application,3683260415981,40.5471,9.86180000000000,16.68280000000000,0.23310000000000,4.21030000000000,18.4860,115.6442,3683260319412,9.8900,9.6569,0.2331,3.8807,9.9865,9.9848,0.0017,-1.1274,10949.1142,NA,23.7686,NA,NA
Endfield.exe,53680,0x125AB2630,DXGI,0,512,0,Composed: Flip,Application,3683260514398,NA,9.84170000000000,9.49520000000000,0.20220000000000,5.20210000000000,18.1395,125.1394,3683260418312,9.8108,9.6086,0.2022,3.9772,10.8335,10.8170,0.0165,NA,0.0000,NA,NA,NA,NA
Endfield.exe,53680,0x125AB2630,DXGI,0,512,0,Composed: Flip,Application,3683260612569,NA,9.81710000000000,7.16550000000000,0.19940000000000,4.36270000000000,15.4879,132.3049,3683260516420,9.8143,9.6149,0.1994,4.9999,8.9777,8.9777,0.0000,NA,0.0000,NA,NA,NA,NA
Endfield.exe,53680,0x125AB2630,DXGI,0,512,0,Composed: Flip,Application,3683260712290,NA,9.97210000000000,8.35030000000000,0.21580000000000,3.07830000000000,13.8661,140.6552,3683260614563,9.9885,9.7727,0.2158,4.1633,8.6877,8.6877,0.0000,NA,0.0000,NA,NA,NA,NA
Endfield.exe,53680,0x125AB2630,DXGI,0,512,0,Composed: Flip,Application,3683260802640,39.2848,9.03500000000000,9.40640000000000,0.16670000000000,2.29070000000000,14.2375,110.7768,3683260714448,8.9859,8.8192,0.1667,2.8625,8.2474,8.2442,0.0032,4.8674,10988.3990,NA,17.1834,NA,NA
Endfield.exe,53680,0x125AB2630,DXGI,0,512,0,Composed: Flip,Application,3683260901657,NA,9.90170000000000,7.23110000000000,0.24170000000000,2.93600000000000,11.5669,118.0079,3683260804307,9.9767,9.7350,0.2417,2.1240,10.5470,10.5248,0.0222,NA,0.0000,NA,NA,NA,NA
Endfield.exe,53680,0x125AB2630,DXGI,0,512,0,Composed: Flip,Application,3683260999872,NA,9.82150000000000,8.34830000000000,0.53630000000000,2.62500000000000,10.0937,126.3562,3683260904074,10.1161,9.5798,0.5363,2.6943,9.5105,9.5105,0.0000,NA,0.0000,NA,NA,NA,NA
Endfield.exe,53680,0x125AB2630,DXGI,0,512,0,Composed: Flip,Application,3683261098148,NA,9.82760000000000,17.74880000000000,0.28690000000000,4.80310000000000,18.0149,144.1050,3683261005235,9.5782,9.2913,0.2869,2.0887,12.0057,12.0057,0.0000,NA,0.0000,NA,NA,NA,NA
Endfield.exe,53680,0x125AB2630,DXGI,0,512,0,Composed: Flip,Application,3683261205634,39.4964,10.74860000000000,7.24590000000000,0.22790000000000,3.96240000000000,14.5122,111.8545,3683261101017,10.6896,10.4617,0.2279,4.5162,9.9079,9.9066,0.0013,-1.0777,11027.8954,NA,17.4437,NA,NA
Endfield.exe,53680,0x125AB2630,DXGI,0,512,0,Composed: Flip,Application,3683261312348,NA,10.67140000000000,9.47940000000000,0.30440000000000,3.71610000000000,13.3202,121.3339,3683261207913,10.7479,10.4435,0.3044,3.7345,10.4251,10.4100,0.0151,NA,0.0000,NA,NA,NA,NA
Endfield.exe,53680,0x125AB2630,DXGI,0,512,0,Composed: Flip,Application,3683261402669,NA,9.03210000000000,7.18600000000000,0.22500000000000,4.28240000000000,11.4741,128.5199,3683261315392,8.9527,8.7277,0.2250,3.4117,9.5984,9.5984,0.0000,NA,0.0000,NA,NA,NA,NA
Endfield.exe,53680,0x125AB2630,DXGI,0,512,0,Composed: Flip,Application,3683261500953,NA,9.82840000000000,16.66600000000000,0.18340000000000,4.64400000000000,18.3117,145.1859,3683261404919,9.7868,9.6034,0.1834,4.0574,10.1900,10.1900,0.0000,NA,0.0000,NA,NA,NA,NA
Endfield.exe,53680,0x125AB2630,DXGI,0,512,0,Composed: Flip,Application,3683261596822,38.5011,9.58690000000000,9.46400000000000,0.21460000000000,4.57480000000000,18.1888,116.1488,3683261502787,9.6181,9.4035,0.2146,4.4606,9.5177,9.5141,0.0036,-4.2943,11066.3965,NA,20.5481,NA,NA
Endfield.exe,53680,0x125AB2630,DXGI,0,512,0,Composed: Flip,Application,3683261694866,NA,9.80440000000000,NA,0.25880000000000,9.23390000000000,NA,NA,3683261598968,9.8486,9.5898,0.2588,4.3602,14.4635,14.4450,0.0185,NA,NA,NA,NA,NA,NA
Endfield.exe,53680,0x125AB2630,DXGI,0,512,0,Composed: Flip,Application,3683261793964,NA,9.90980000000000,16.63750000000000,0.23610000000000,4.11280000000000,15.1121,132.7863,3683261697454,9.8871,9.6510,0.2361,8.9751,4.7887,4.7887,0.0000,NA,0.0000,NA,NA,NA,NA
Endfield.exe,53680,0x125AB2630,DXGI,0,512,0,Composed: Flip,Application,3683261892058,NA,9.80940000000000,7.22490000000000,0.15700000000000,4.10870000000000,12.5276,140.0112,3683261796325,9.7303,9.5733,0.1570,3.8767,9.8053,9.8053,0.0000,NA,0.0000,NA,NA,NA,NA
Endfield.exe,53680,0x125AB2630,DXGI,0,512,0,Composed: Flip,Application,3683261994823,40.3098,10.27650000000000,16.67360000000000,0.19470000000000,3.77350000000000,18.9247,116.3750,3683261893628,10.3142,10.1195,0.1947,3.9517,9.9413,9.9402,0.0011,-0.2262,11106.7063,NA,21.9610,NA,NA
Endfield.exe,53680,0x125AB2630,DXGI,0,512,0,Composed: Flip,Application,3683262093998,NA,9.91750000000000,8.34390000000000,0.23530000000000,2.48130000000000,17.3511,124.7189,3683261996770,9.9581,9.7228,0.2353,3.5788,8.6253,8.6092,0.0161,NA,0.0000,NA,NA,NA,NA
Endfield.exe,53680,0x125AB2630,DXGI,0,512,0,Composed: Flip,Application,3683262191965,NA,9.79670000000000,8.34060000000000,0.25520000000000,4.05820000000000,15.8950,133.0595,3683262096351,9.8166,9.5614,0.2552,2.2460,11.3736,11.3736,0.0000,NA,0.0000,NA,NA,NA,NA
Endfield.exe,53680,0x125AB2630,DXGI,0,512,0,Composed: Flip,Application,3683262291517,NA,9.95520000000000,8.31440000000000,0.22760000000000,3.56050000000000,14.2542,141.3739,3683262194517,9.9276,9.7000,0.2276,3.8030,9.4575,9.4575,0.0000,NA,0.0000,NA,NA,NA,NA
Endfield.exe,53680,0x125AB2630,DXGI,0,512,0,Composed: Flip,Application,3683262405367,39.4847,11.38500000000000,8.31510000000000,0.23540000000000,3.81640000000000,11.1843,110.2043,3683262293793,11.3928,11.1574,0.2354,3.3329,11.6409,11.6401,0.0008,6.1707,11146.1910,NA,15.9269,NA,NA
Endfield.exe,53680,0x125AB2630,DXGI,0,512,0,Composed: Flip,Application,3683262504749,NA,9.93820000000000,16.69010000000000,0.27630000000000,2.66930000000000,17.9362,126.8944,3683262407721,9.9791,9.7028,0.2763,3.5810,8.7911,8.7767,0.0144,NA,0.0000,NA,NA,NA,NA
Endfield.exe,53680,0x125AB2630,DXGI,0,512,0,Composed: Flip,Application,3683262601661,NA,9.69120000000000,8.32140000000000,0.19090000000000,2.98430000000000,16.5664,135.2158,3683262507512,9.6058,9.4149,0.1909,2.3930,10.0062,10.0062,0.0000,NA,0.0000,NA,NA,NA,NA
Endfield.exe,53680,0x125AB2630,DXGI,0,512,0,Composed: Flip,Application,3683262700834,NA,9.91730000000000,8.37470000000000,0.23170000000000,3.11360000000000,15.0238,143.5905,3683262603570,9.9581,9.7264,0.2317,2.7934,10.0466,10.0466,0.0000,NA,0.0000,NA,NA,NA,NA
Endfield.exe,53680,0x125AB2630,DXGI,0,512,0,Composed: Flip,Application,3683262803386,39.1946,10.25520000000000,8.29550000000000,0.21700000000000,2.14110000000000,13.0641,112.6914,3683262703151,10.2405,10.0235,0.2170,2.8819,9.2827,9.2803,0.0024,-2.4871,11185.3856,NA,15.2950,NA,NA
Endfield.exe,53680,0x125AB2630,DXGI,0,512,0,Composed: Flip,Application,3683262902978,NA,9.95920000000000,8.33170000000000,0.29730000000000,3.43670000000000,11.4366,121.0231,3683262805556,10.0395,9.7422,0.2973,1.9241,11.2548,11.2408,0.0140,NA,0.0000,NA,NA,NA,NA
Endfield.exe,53680,0x125AB2630,DXGI,0,512,0,Composed: Flip,Application,3683263001736,NA,9.87580000000000,16.66360000000000,0.22020000000000,4.61070000000000,18.2244,137.6867,3683262905951,9.7987,9.5785,0.2202,3.1394,11.0498,11.0498,0.0000,NA,0.0000,NA,NA,NA,NA
Endfield.exe,53680,0x125AB2630,DXGI,0,512,0,Composed: Flip,Application,3683263101161,NA,9.94250000000000,8.34400000000000,0.24400000000000,4.78510000000000,16.6259,146.0307,3683263003938,9.9663,9.7223,0.2440,4.3905,10.1169,10.1169,0.0000,NA,0.0000,NA,NA,NA,NA
Endfield.exe,53680,0x125AB2630,DXGI,0,512,0,Composed: Flip,Application,3683263208349,40.5831,10.71880000000000,9.50780000000000,0.23520000000000,7.23920000000000,15.4149,114.9554,3683263103601,10.7100,10.4748,0.2352,4.5411,13.1729,13.1700,0.0029,-2.2640,11225.9687,NA,17.4823,NA,NA
Endfield.exe,53680,0x125AB2630,DXGI,0,512,0,Composed: Flip,Application,3683263309705,NA,10.13560000000000,7.16400000000000,0.25280000000000,4.24750000000000,12.4433,122.1194,3683263210701,10.1532,9.9004,0.2528,7.0040,7.1439,7.1359,0.0080,NA,0.0000,NA,NA,NA,NA
Endfield.exe,53680,0x125AB2630,DXGI,0,512,0,Composed: Flip,Application,3683263408632,NA,9.89270000000000,8.32260000000000,0.23720000000000,3.65520000000000,10.8732,130.4420,3683263312233,9.8771,9.6399,0.2372,3.9947,9.3004,9.3004,0.0000,NA,0.0000,NA,NA,NA,NA
Endfield.exe,53680,0x125AB2630,DXGI,0,512,0,Composed: Flip,Application,3683263508044,NA,9.94120000000000,17.83620000000000,0.26170000000000,4.63910000000000,18.7682,148.2782,3683263411004,9.9657,9.7040,0.2617,3.4180,10.9251,10.9251,0.0000,NA,0.0000,NA,NA,NA,NA
Endfield.exe,53680,0x125AB2630,DXGI,0,512,0,Composed: Flip,Application,3683263604185,40.6706,9.61410000000000,7.16050000000000,0.21140000000000,6.94410000000000,16.3146,114.7681,3683263510661,9.5638,9.3524,0.2114,4.3774,11.9191,11.9158,0.0033,0.1873,11266.6393,NA,24.4112,NA,NA
Endfield.exe,53680,0x125AB2630,DXGI,0,512,0,Composed: Flip,Application,3683263704102,NA,9.99170000000000,8.34570000000000,0.23930000000000,4.94910000000000,14.6686,123.1138,3683263606299,10.0196,9.7803,0.2393,6.7327,7.9967,7.9901,0.0066,NA,0.0000,NA,NA,NA,NA
Endfield.exe,53680,0x125AB2630,DXGI,0,512,0,Composed: Flip,Application,3683263803354,NA,9.92520000000000,9.42580000000000,0.21950000000000,3.64100000000000,14.1692,132.5396,3683263706495,9.9054,9.6859,0.2195,4.7098,8.6171,8.6171,0.0000,NA,0.0000,NA,NA,NA,NA
Endfield.exe,53680,0x125AB2630,DXGI,0,512,0,Composed: Flip,Application,3683263902778,NA,9.94240000000000,7.22560000000000,0.17290000000000,4.08690000000000,11.4524,139.7652,3683263805549,9.8958,9.7229,0.1729,3.4215,10.3883,10.3883,0.0000,NA,0.0000,NA,NA,NA,NA
Endfield.exe,53680,0x125AB2630,DXGI,0,512,0,Composed: Flip,Application,3683264001305,41.2046,9.85270000000000,17.81640000000000,0.24160000000000,3.94540000000000,19.4161,116.3770,3683263904507,9.9214,9.6798,0.2416,3.9140,9.7112,9.7099,0.0013,-1.6089,11307.8439,NA,24.2173,NA,NA
Endfield.exe,53680,0x125AB2630,DXGI,0,512,0,Composed: Flip,Application,3683264099874,NA,9.85690000000000,7.19530000000000,0.25320000000000,2.55250000000000,16.7545,123.5723,3683264003721,9.8685,9.6153,0.2532,3.7038,8.4640,8.4453,0.0187,NA,0.0000,NA,NA,NA,NA
Endfield.exe,53680,0x125AB2630,DXGI,0,512,0,Composed: Flip,Application,3683264198163,NA,9.82890000000000,8.36050000000000,0.24570000000000,4.80850000000000,15.2861,131.9328,3683264102406,9.8214,9.5757,0.2457,2.2993,12.0849,12.0849,0.0000,NA,0.0000,NA,NA,NA,NA
Endfield.exe,53680,0x125AB2630,DXGI,0,512,0,Composed: Flip,Application,3683264297844,NA,9.96810000000000,8.29640000000000,0.20400000000000,4.02200000000000,13.6144,140.2292,3683264200620,9.9264,9.7224,0.2040,4.5628,9.1816,9.1816,0.0000,NA,0.0000,NA,NA,NA,NA
Endfield.exe,53680,0x125AB2630,DXGI,0,512,0,Composed: Flip,Application,3683264388577,38.7365,9.07330000000000,9.45090000000000,0.23590000000000,2.28070000000000,13.9920,110.9436,3683264299884,9.1052,8.8693,0.2359,3.8180,7.3320,7.3295,0.0025,5.4334,11346.5804,NA,16.5249,NA,NA
Endfield.exe,53680,0x125AB2630,DXGI,0,512,0,Composed: Flip,Application,3683264488421,NA,9.98440000000000,7.26670000000000,0.80000000000000,3.12730000000000,11.2743,118.2103,3683264390936,10.5485,9.7485,0.8000,2.0448,10.8310,10.8132,0.0178,NA,0.0000,NA,NA,NA,NA
Endfield.exe,53680,0x125AB2630,DXGI,0,512,0,Composed: Flip,Application,3683264588299,NA,9.98780000000000,16.63020000000000,0.23110000000000,2.68470000000000,17.9167,134.8405,3683264496421,9.4189,9.1878,0.2311,2.3273,9.5452,9.5452,0.0000,NA,0.0000,NA,NA,NA,NA
Endfield.exe,53680,0x125AB2630,DXGI,0,512,0,Composed: Flip,Application,3683264686755,NA,9.84560000000000,8.37250000000000,0.20530000000000,4.79280000000000,16.4436,143.2130,3683264590610,9.8198,9.6145,0.2053,2.4536,11.9537,11.9537,0.0000,NA,0.0000,NA,NA,NA,NA
Endfield.exe,53680,0x125AB2630,DXGI,0,512,0,Composed: Flip,Application,3683264791249,39.5075,10.44940000000000,NA,0.24760000000000,7.24630000000000,NA,NA,3683264688808,10.4917,10.2441,0.2476,4.5875,12.9029,12.8991,0.0038,NA,NA,NA,NA,NA,NA
Endfield.exe,53680,0x125AB2630,DXGI,0,512,0,Composed: Flip,Application,3683264890352,NA,9.91030000000000,16.69340000000000,0.29260000000000,2.77060000000000,12.7773,120.3989,3683264793725,9.9553,9.6627,0.2926,6.9987,5.4346,5.4009,0.0337,NA,0.0000,NA,28.4902,NA,NA
Endfield.exe,53680,0x125AB2630,DXGI,0,512,0,Composed: Flip,Application,3683264988932,NA,9.85800000000000,9.38850000000000,0.17860000000000,4.12710000000000,12.3078,129.7874,3683264893278,9.7440,9.5654,0.1786,2.4780,11.2145,11.2145,0.0000,NA,0.0000,NA,NA,NA,NA
Endfield.exe,53680,0x125AB2630,DXGI,0,512,0,Composed: Flip,Application,3683265088649,NA,9.97170000000000,15.53740000000000,0.23850000000000,3.34630000000000,17.8735,145.3248,3683264990718,10.0316,9.7931,0.2385,3.9485,9.1909,9.1909,0.0000,NA,0.0000,NA,NA,NA,NA
Endfield.exe,53680,0x125AB2630,DXGI,0,512,0,Composed: Flip,Application,3683265192531,39.4347,10.38820000000000,9.45800000000000,0.23130000000000,4.59770000000000,16.9433,115.3481,3683265091034,10.3810,10.1497,0.2313,3.1078,11.6396,11.6368,0.0028,-4.4045,11425.5226,NA,19.8644,NA,NA
Endfield.exe,53680,0x125AB2630,DXGI,0,512,0,Composed: Flip,Application,3683265291442,NA,9.89110000000000,7.19210000000000,0.25070000000000,2.82440000000000,14.2443,122.5402,3683265194844,9.9105,9.6598,0.2507,4.3664,8.1178,8.0994,0.0184,NA,0.0000,NA,NA,NA,NA
Endfield.exe,53680,0x125AB2630,DXGI,0,512,0,Composed: Flip,Application,3683265390473,NA,9.90310000000000,8.34370000000000,0.17570000000000,3.17230000000000,12.6849,130.8839,3683265293949,9.8281,9.6524,0.1757,2.5737,10.2510,10.2510,0.0000,NA,0.0000,NA,NA,NA,NA
Endfield.exe,53680,0x125AB2630,DXGI,0,512,0,Composed: Flip,Application,3683265490501,NA,10.00280000000000,8.37840000000000,0.14540000000000,2.57900000000000,11.0605,139.2623,3683265392230,9.9725,9.8271,0.1454,2.9966,9.4095,9.4095,0.0000,NA,0.0000,NA,NA,NA,NA
Endfield.exe,53680,0x125AB2630,DXGI,0,512,0,Composed: Flip,Application,3683265595264,40.5051,10.47630000000000,17.74840000000000,0.24870000000000,3.67090000000000,18.3326,116.5056,3683265491955,10.5796,10.3309,0.2487,2.4336,11.5682,11.5645,0.0037,-1.1575,11466.0277,NA,21.5246,NA,NA
Endfield.exe,53680,0x125AB2630,DXGI,0,512,0,Composed: Flip,Application,3683265694728,NA,9.94640000000000,7.27090000000000,0.17850000000000,0.46240000000000,15.6571,123.7765,3683265597751,9.8762,9.6977,0.1785,3.4222,6.7379,6.7240,0.0139,NA,0.0000,NA,NA,NA,NA
Endfield.exe,53680,0x125AB2630,DXGI,0,512,0,Composed: Flip,Application,3683265793880,NA,9.91520000000000,9.39230000000000,0.16390000000000,0.43230000000000,15.1342,133.1688,3683265696513,9.9006,9.7367,0.1639,0.2839,9.8851,9.8851,0.0000,NA,0.0000,NA,NA,NA,NA
Endfield.exe,53680,0x125AB2630,DXGI,0,512,0,Composed: Flip,Application,3683265894097,NA,10.02170000000000,7.21130000000000,0.18280000000000,4.07930000000000,12.3238,140.3801,3683265795519,10.0406,9.8578,0.1828,0.2684,13.6687,13.6687,0.0000,NA,0.0000,NA,NA,NA,NA
Endfield.exe,53680,0x125AB2630,DXGI,0,512,0,Composed: Flip,Application,3683265990936,39.2378,9.68390000000000,16.67880000000000,0.26040000000000,3.99370000000000,19.3187,117.8211,3683265895925,9.7615,9.5011,0.2604,3.8965,9.5983,9.5973,0.0010,-1.3155,11505.2655,NA,23.0815,NA,NA
Endfield.exe,53680,0x125AB2630,DXGI,0,512,0,Composed: Flip,Application,3683266109922,NA,11.89860000000000,9.43560000000000,0.23060000000000,3.43910000000000,16.8557,127.2567,3683265993540,11.8688,11.6382,0.2306,3.7333,11.3440,11.3291,0.0149,NA,0.0000,NA,NA,NA,NA
Endfield.exe,53680,0x125AB2630,DXGI,0,512,0,Composed: Flip,Application,3683266189009,NA,7.90870000000000,7.25910000000000,0.21650000000000,4.32640000000000,16.2061,134.5158,3683266112228,7.8946,7.6781,0.2165,3.2085,8.7960,8.7960,0.0000,NA,0.0000,NA,NA,NA,NA
Endfield.exe,53680,0x125AB2630,DXGI,0,512,0,Composed: Flip,Application,3683266289700,NA,10.06910000000000,8.27900000000000,0.27540000000000,4.61730000000000,14.4160,142.7948,3683266191174,10.1280,9.8526,0.2754,4.1099,10.3600,10.3600,0.0000,NA,0.0000,NA,NA,NA,NA
Endfield.exe,53680,0x125AB2630,DXGI,0,512,0,Composed: Flip,Application,3683266380615,40.5432,9.09150000000000,9.47610000000000,0.22780000000000,4.66580000000000,14.8006,111.7277,3683266292454,9.0439,8.8161,0.2278,4.3419,9.1400,9.1373,0.0027,6.0934,11545.8087,NA,17.5368,NA,NA
Endfield.exe,53680,0x125AB2630,DXGI,0,512,0,Composed: Flip,Application,3683266512607,NA,13.19920000000000,NA,0.26280000000000,5.11570000000000,NA,NA,3683266382893,13.2342,12.9714,0.2628,4.4380,13.6491,13.6349,0.0142,NA,NA,NA,NA,NA,NA
Endfield.exe,53680,0x125AB2630,DXGI,0,512,0,Composed: Flip,Application,3683266579595,NA,6.69880000000000,15.54450000000000,0.22340000000000,2.70340000000000,10.4471,127.2722,3683266515235,6.6594,6.4360,0.2234,4.8529,4.2865,4.2865,0.0000,NA,0.0000,NA,NA,NA,NA
Endfield.exe,53680,0x125AB2630,DXGI,0,512,0,Composed: Flip,Application,3683266678892,NA,9.92970000000000,17.80170000000000,0.23190000000000,4.78850000000000,18.3191,145.0739,3683266581829,9.9382,9.7063,0.2319,2.4800,12.0148,12.0148,0.0000,NA,0.0000,NA,NA,NA,NA
Endfield.exe,53680,0x125AB2630,DXGI,0,512,0,Composed: Flip,Application,3683266783248,38.7015,10.43560000000000,7.18980000000000,0.22810000000000,6.31690000000000,15.0733,113.5622,3683266681211,10.4318,10.2037,0.2281,4.5566,11.9640,11.9611,0.0029,-1.8345,11584.5102,NA,17.6449,NA,NA
Endfield.exe,53680,0x125AB2630,DXGI,0,512,0,Composed: Flip,Application,3683266883254,NA,10.00060000000000,8.33330000000000,0.30850000000000,4.87650000000000,13.4060,121.8955,3683266785529,10.0810,9.7725,0.3085,6.0888,8.5602,8.5437,0.0165,NA,0.0000,NA,NA,NA,NA
Endfield.exe,53680,0x125AB2630,DXGI,0,512,0,Composed: Flip,Application,3683266983261,NA,10.00070000000000,8.37790000000000,0.27410000000000,2.08010000000000,11.7832,130.2734,3683266886339,9.9663,9.6922,0.2741,4.5680,7.2043,7.2043,0.0000,NA,0.0000,NA,NA,NA,NA
Endfield.exe,53680,0x125AB2630,DXGI,0,512,0,Composed: Flip,Application,3683267083130,NA,9.98690000000000,16.62420000000000,0.21160000000000,3.16080000000000,18.4205,146.8976,3683266986002,9.9244,9.7128,0.2116,1.8060,11.0676,11.0676,0.0000,NA,0.0000,NA,NA,NA,NA
Endfield.exe,53680,0x125AB2630,DXGI,0,512,0,Composed: Flip,Application,3683267190314,39.7249,10.71840000000000,8.37800000000000,0.22500000000000,4.86300000000000,16.0801,115.5507,3683267085246,10.7318,10.5068,0.2250,2.9492,12.4206,12.4183,0.0023,-1.9885,11624.2351,NA,18.7769,NA,NA
Endfield.exe,53680,0x125AB2630,DXGI,0,512,0,Composed: Flip,Application,3683267290944,NA,10.06300000000000,8.29270000000000,0.25400000000000,3.25410000000000,14.3098,123.8434,3683267192564,10.0920,9.8380,0.2540,4.6380,8.4541,8.4392,0.0149,NA,0.0000,NA,NA,NA,NA
Endfield.exe,53680,0x125AB2630,DXGI,0,512,0,Composed: Flip,Application,3683267390309,NA,9.93650000000000,8.32380000000000,0.22280000000000,3.43230000000000,12.6971,132.1672,3683267293484,9.9053,9.6825,0.2228,3.0001,10.1147,10.1147,0.0000,NA,0.0000,NA,NA,NA,NA
Endfield.exe,53680,0x125AB2630,DXGI,0,512,0,Composed: Flip,Application,3683267490122,NA,9.98130000000000,8.37680000000000,0.14530000000000,3.78240000000000,11.0926,140.5440,3683267392537,9.9038,9.7585,0.1453,3.2095,10.3314,10.3314,0.0000,NA,0.0000,NA,NA,NA,NA
Endfield.exe,53680,0x125AB2630,DXGI,0,512,0,Composed: Flip,Application,3683267603555,40.6571,11.34330000000000,17.76370000000000,0.21910000000000,4.25850000000000,17.5130,117.6506,3683267491575,11.4171,11.1980,0.2191,3.6371,11.8194,11.8160,0.0034,-2.0999,11664.8922,NA,22.5389,NA,NA
Endfield.exe,53680,0x125AB2630,DXGI,0,512,0,Composed: Flip,Application,3683267705044,NA,10.14890000000000,7.25000000000000,0.27630000000000,4.26440000000000,14.6141,124.9006,3683267605746,10.2061,9.9298,0.2763,4.0394,10.1548,10.1401,0.0147,NA,0.0000,NA,NA,NA,NA
Endfield.exe,53680,0x125AB2630,DXGI,0,512,0,Composed: Flip,Application,3683267803807,NA,9.87630000000000,9.42120000000000,0.18710000000000,3.70990000000000,14.1590,134.3218,3683267707807,9.7871,9.6000,0.1871,3.9881,9.3218,9.3218,0.0000,NA,0.0000,NA,NA,NA,NA
Endfield.exe,53680,0x125AB2630,DXGI,0,512,0,Composed: Flip,Application,3683267905199,NA,10.13920000000000,7.21520000000000,0.37030000000000,2.76570000000000,11.2350,141.5370,3683267805678,10.3224,9.9521,0.3703,3.5228,9.1950,9.1950,0.0000,NA,0.0000,NA,NA,NA,NA
Endfield.exe,53680,0x125AB2630,DXGI,0,512,0,Composed: Flip,Application,3683267997574,40.3533,9.23750000000000,16.64530000000000,0.25190000000000,3.82360000000000,18.6428,117.8290,3683267908902,9.1191,8.8672,0.2519,2.3954,10.2954,10.2941,0.0013,-0.1784,11705.2455,NA,22.0620,NA,NA
Endfield.exe,53680,0x125AB2630,DXGI,0,512,0,Composed: Flip,Application,3683268096790,NA,9.92160000000000,9.47420000000000,0.23410000000000,2.41890000000000,18.1954,127.3032,3683268000093,9.9038,9.6697,0.2341,3.5717,8.5169,8.5016,0.0153,NA,0.0000,NA,NA,NA,NA
Endfield.exe,53680,0x125AB2630,DXGI,0,512,0,Composed: Flip,Application,3683268196505,NA,9.97150000000000,7.24200000000000,0.21950000000000,4.29880000000000,15.4659,134.5452,3683268099131,9.9569,9.7374,0.2195,2.1848,11.8514,11.8514,0.0000,NA,0.0000,NA,NA,NA,NA
Endfield.exe,53680,0x125AB2630,DXGI,0,512,0,Composed: Flip,Application,3683268296187,NA,9.96820000000000,8.29420000000000,0.29280000000000,4.21250000000000,13.7919,142.8394,3683268198700,10.0415,9.7487,0.2928,4.0793,9.8819,9.8819,0.0000,NA,0.0000,NA,NA,NA,NA
Endfield.exe,53680,0x125AB2630,DXGI,0,512,0,Composed: Flip,Application,3683268393627,41.1901,9.74400000000000,9.46180000000000,0.23200000000000,2.08180000000000,13.5097,111.1111,3683268299115,9.6832,9.4512,0.2320,3.9197,7.6133,7.6101,0.0032,6.7179,11746.4356,NA,16.5412,NA,NA
Endfield.exe,53680,0x125AB2630,DXGI,0,512,0,Composed: Flip,Application,3683268492339,NA,9.87120000000000,7.23000000000000,0.22520000000000,2.53250000000000,10.8685,118.3411,3683268395947,9.8644,9.6392,0.2252,1.8498,10.3219,10.3038,0.0181,NA,0.0000,NA,NA,NA,NA
Endfield.exe,53680,0x125AB2630,DXGI,0,512,0,Composed: Flip,Application,3683268590362,NA,9.80230000000000,16.62940000000000,0.21680000000000,2.24660000000000,17.6956,134.9705,3683268494591,9.7939,9.5771,0.2168,2.3073,9.5164,9.5164,0.0000,NA,0.0000,NA,NA,NA,NA
Endfield.exe,53680,0x125AB2630,DXGI,0,512,0,Composed: Flip,Application,3683268690351,NA,9.99890000000000,9.48860000000000,0.19430000000000,4.69040000000000,17.1853,144.4591,3683268592530,9.9764,9.7821,0.1943,2.0298,12.4427,12.4427,0.0000,NA,0.0000,NA,NA,NA,NA
Endfield.exe,53680,0x125AB2630,DXGI,0,512,0,Composed: Flip,Application,3683268786598,38.9111,9.62470000000000,7.17360000000000,0.22860000000000,3.98350000000000,14.7342,112.7216,3683268692294,9.6590,9.4304,0.2286,4.4961,8.9178,8.9148,0.0030,-1.6105,11785.3467,NA,17.0609,NA,NA
Endfield.exe,53680,0x125AB2630,DXGI,0,512,0,Composed: Flip,Application,3683268888329,NA,10.17310000000000,NA,0.45110000000000,6.97690000000000,NA,NA,3683268788884,10.3956,9.9445,0.4511,3.7549,13.1665,13.1496,0.0169,NA,NA,NA,NA,NA,NA
Endfield.exe,53680,0x125AB2630,DXGI,0,512,0,Composed: Flip,Application,3683268984836,NA,9.65070000000000,17.80120000000000,0.21750000000000,2.15230000000000,12.7116,130.5228,3683268892840,9.4171,9.1996,0.2175,6.5258,4.8261,4.8261,0.0000,NA,0.0000,NA,NA,NA,NA
Endfield.exe,53680,0x125AB2630,DXGI,0,512,0,Composed: Flip,Application,3683269084769,NA,9.99330000000000,15.52190000000000,0.60540000000000,4.67060000000000,18.2402,146.0447,3683268987011,10.3812,9.7758,0.6054,1.9348,12.5116,12.5116,0.0000,NA,0.0000,NA,NA,NA,NA
Endfield.exe,53680,0x125AB2630,DXGI,0,512,0,Composed: Flip,Application,3683269180840,40.1589,9.60710000000000,9.54780000000000,0.30310000000000,4.25050000000000,18.1809,115.4336,3683269090823,9.3048,9.0017,0.3031,4.0652,9.1870,9.1841,0.0029,-2.7120,11825.5056,NA,22.8323,NA,NA
Endfield.exe,53680,0x125AB2630,DXGI,0,512,0,Composed: Flip,Application,3683269280529,NA,9.96890000000000,7.14470000000000,0.38090000000000,4.72410000000000,15.3567,122.5783,3683269183871,10.0467,9.6658,0.3809,3.9474,10.4425,10.4256,0.0169,NA,0.0000,NA,NA,NA,NA
Endfield.exe,53680,0x125AB2630,DXGI,0,512,0,Composed: Flip,Application,3683269378070,NA,9.75410000000000,8.31640000000000,0.29240000000000,4.73840000000000,13.9190,130.8947,3683269284338,9.6656,9.3732,0.2924,4.3432,9.7684,9.7684,0.0000,NA,0.0000,NA,NA,NA,NA
Endfield.exe,53680,0x125AB2630,DXGI,0,512,0,Composed: Flip,Application,3683269477263,NA,9.91930000000000,9.47860000000000,0.26870000000000,2.82870000000000,13.4783,140.3733,3683269380994,9.8956,9.6269,0.2687,4.4460,8.0096,8.0096,0.0000,NA,0.0000,NA,NA,NA,NA
Endfield.exe,53680,0x125AB2630,DXGI,0,512,0,Composed: Flip,Application,3683269576373,39.6508,9.91100000000000,7.20420000000000,0.27000000000000,3.69250000000000,10.7715,107.9267,3683269479950,9.9123,9.6423,0.2700,2.5600,10.7748,10.7711,0.0037,7.5069,11865.1564,NA,12.8607,NA,NA
Endfield.exe,53680,0x125AB2630,DXGI,0,512,0,Composed: Flip,Application,3683269675377,NA,9.90040000000000,17.78390000000000,0.22370000000000,2.61790000000000,18.6550,125.7106,3683269579073,9.8541,9.6304,0.2237,3.4225,8.8258,8.8060,0.0198,NA,0.0000,NA,NA,NA,NA
Endfield.exe,53680,0x125AB2630,DXGI,0,512,0,Composed: Flip,Application,3683269773753,NA,9.83760000000000,7.21910000000000,0.30970000000000,3.47970000000000,16.0365,132.9297,3683269677614,9.9236,9.6139,0.3097,2.3942,10.6994,10.6994,0.0000,NA,0.0000,NA,NA,NA,NA
Endfield.exe,53680,0x125AB2630,DXGI,0,512,0,Composed: Flip,Application,3683269872494,NA,9.87410000000000,8.31150000000000,0.28160000000000,4.60590000000000,14.4739,141.2412,3683269776850,9.8460,9.5644,0.2816,3.1700,11.0003,11.0003,0.0000,NA,0.0000,NA,NA,NA,NA
Endfield.exe,53680,0x125AB2630,DXGI,0,512,0,Composed: Flip,Application,3683269970985,39.5153,9.84910000000000,8.37410000000000,0.18820000000000,2.16230000000000,12.9989,110.1000,3683269875310,9.7557,9.5675,0.1882,4.3243,7.4055,7.4032,0.0023,-2.1733,11904.6717,NA,15.7539,NA,NA
Endfield.exe,53680,0x125AB2630,DXGI,0,512,0,Composed: Flip,Application,3683270069138,NA,9.81530000000000,8.32750000000000,0.26960000000000,3.56480000000000,11.5111,118.4275,3683269972867,9.8967,9.6271,0.2696,1.9741,11.2178,11.2003,0.0175,NA,0.0000,NA,NA,NA,NA
Endfield.exe,53680,0x125AB2630,DXGI,0,512,0,Composed: Flip,Application,3683270166478,NA,9.73400000000000,8.30700000000000,0.22170000000000,2.92110000000000,10.0841,126.7345,3683270071834,9.6861,9.4644,0.2217,3.2952,9.0903,9.0903,0.0000,NA,0.0000,NA,NA,NA,NA
Endfield.exe,53680,0x125AB2630,DXGI,0,512,0,Composed: Flip,Application,3683270265849,NA,9.93710000000000,17.82520000000000,0.16370000000000,2.78560000000000,17.9722,144.5597,3683270168695,9.8791,9.7154,0.1637,2.6994,9.8016,9.8016,0.0000,NA,0.0000,NA,NA,NA,NA
Endfield.exe,53680,0x125AB2630,DXGI,0,512,0,Composed: Flip,Application,3683270376120,39.4125,11.02710000000000,7.18260000000000,0.23760000000000,4.00720000000000,14.1277,112.3298,3683270267486,11.1010,10.8634,0.2376,2.6219,12.2487,12.2455,0.0032,-2.2298,11944.0842,NA,16.4002,NA,NA
Endfield.exe,53680,0x125AB2630,DXGI,0,512,0,Composed: Flip,Application,3683270474929,NA,9.88090000000000,8.36410000000000,0.24950000000000,2.79310000000000,12.6109,120.6939,3683270378496,9.8928,9.6433,0.2495,3.7696,8.6668,8.6535,0.0133,NA,0.0000,NA,NA,NA,NA
Endfield.exe,53680,0x125AB2630,DXGI,0,512,0,Composed: Flip,Application,3683270573917,NA,9.89880000000000,9.42200000000000,0.21550000000000,3.92770000000000,12.1341,130.1159,3683270477424,9.8648,9.6493,0.2155,2.5436,11.0334,11.0334,0.0000,NA,0.0000,NA,NA,NA,NA
Endfield.exe,53680,0x125AB2630,DXGI,0,512,0,Composed: Flip,Application,3683270671243,NA,9.73260000000000,15.60710000000000,0.14190000000000,2.98230000000000,18.0086,145.7230,3683270576072,9.6590,9.5171,0.1419,3.7122,8.7872,8.7872,0.0000,NA,0.0000,NA,NA,NA,NA
Endfield.exe,53680,0x125AB2630,DXGI,0,512,0,Composed: Flip,Application,3683270770995,38.8463,9.97520000000000,9.45290000000000,0.21330000000000,4.49360000000000,17.4863,116.3296,3683270672662,10.0466,9.8333,0.2133,2.8404,11.4865,11.4844,0.0021,-3.9998,11982.9305,NA,20.2420,NA,NA
Endfield.exe,53680,0x125AB2630,DXGI,0,512,0,Composed: Flip,Application,3683270870027,NA,9.90320000000000,7.14340000000000,0.19660000000000,2.63040000000000,14.7265,123.4730,3683270773128,9.8865,9.6899,0.1966,4.2803,8.0400,8.0228,0.0172,NA,0.0000,NA,NA,NA,NA
Endfield.exe,53680,0x125AB2630,DXGI,0,512,0,Composed: Flip,Application,3683270967919,NA,9.78920000000000,8.34380000000000,0.17030000000000,4.00080000000000,13.2811,131.8168,3683270871993,9.7629,9.5926,0.1703,2.4338,11.1596,11.1596,0.0000,NA,0.0000,NA,NA,NA,NA
Endfield.exe,53680,0x125AB2630,DXGI,0,512,0,Composed: Flip,Application,3683271066688,NA,9.87690000000000,9.47310000000000,0.23370000000000,4.01460000000000,12.8773,141.2899,3683270969622,9.9403,9.7066,0.2337,3.8305,9.8907,9.8907,0.0000,NA,0.0000,NA,NA,NA,NA
Endfield.exe,53680,0x125AB2630,DXGI,0,512,0,Composed: Flip,Application,3683271164031,40.7769,9.73430000000000,15.56000000000000,0.26140000000000,3.72390000000000,18.7030,116.0730,3683271069025,9.7620,9.5006,0.2614,3.7809,9.4436,9.4405,0.0031,0.2566,12023.7074,NA,21.7611,NA,NA
Endfield.exe,53680,0x125AB2630,DXGI,0,512,0,Composed: Flip,Application,3683271262647,NA,9.86160000000000,9.43240000000000,0.22930000000000,2.40470000000000,18.2738,125.5054,3683271166645,9.8295,9.6002,0.2293,3.4625,8.5424,8.5265,0.0159,NA,0.0000,NA,NA,NA,NA
Endfield.exe,53680,0x125AB2630,DXGI,0,512,0,Composed: Flip,Application,3683271360495,NA,9.78480000000000,7.18580000000000,0.21000000000000,4.37230000000000,15.6748,132.6912,3683271264940,9.7655,9.5555,0.2100,2.1754,11.7524,11.7524,0.0000,NA,0.0000,NA,NA,NA,NA
Endfield.exe,53680,0x125AB2630,DXGI,0,512,0,Composed: Flip,Application,3683271459957,NA,9.94620000000000,8.40050000000000,0.34570000000000,4.47750000000000,14.1291,141.0917,3683271362595,10.0819,9.7362,0.3457,4.1623,10.0514,10.0514,0.0000,NA,0.0000,NA,NA,NA,NA
Endfield.exe,53680,0x125AB2630,DXGI,0,512,0,Composed: Flip,Application,3683271552802,39.6642,9.28450000000000,8.28330000000000,0.24170000000000,2.31650000000000,13.1279,109.7108,3683271463414,9.1805,8.9388,0.2417,4.1318,7.1235,7.1216,0.0019,6.3622,12063.3716,NA,14.3943,NA,NA
Endfield.exe,53680,0x125AB2630,DXGI,0,512,0,Composed: Flip,Application,3683271652208,NA,9.94060000000000,9.46930000000000,0.29980000000000,3.34640000000000,12.6566,119.1801,3683271555219,9.9987,9.6989,0.2998,2.0748,10.9705,10.9601,0.0104,NA,0.0000,NA,NA,NA,NA
Endfield.exe,53680,0x125AB2630,DXGI,0,512,0,Composed: Flip,Application,3683271750194,NA,9.79860000000000,7.23370000000000,0.40010000000000,2.39370000000000,10.0917,126.4138,3683271655206,9.8989,9.4988,0.4001,3.0466,8.8459,8.8459,0.0000,NA,0.0000,NA,NA,NA,NA
Endfield.exe,53680,0x125AB2630,DXGI,0,512,0,Composed: Flip,Application,3683271849676,NA,9.94820000000000,16.63920000000000,0.23120000000000,4.62360000000000,16.7827,143.0530,3683271754195,9.7793,9.5481,0.2312,1.9936,12.1781,12.1781,0.0000,NA,0.0000,NA,NA,NA,NA
Endfield.exe,53680,0x125AB2630,DXGI,0,512,0,Composed: Flip,Application,3683271968727,39.2126,11.90510000000000,8.34000000000000,0.27980000000000,2.26100000000000,13.2176,112.1804,3683271851988,11.9537,11.6739,0.2798,4.3924,9.5425,9.5399,0.0026,-2.4696,12102.5842,NA,15.6870,NA,NA
Endfield.exe,53680,0x125AB2630,DXGI,0,512,0,Composed: Flip,Application,3683272067628,NA,9.89010000000000,8.30890000000000,0.22740000000000,3.44880000000000,11.6364,120.4893,3683271971525,9.8377,9.6103,0.2274,1.9812,11.0779,11.0631,0.0148,NA,0.0000,NA,NA,NA,NA
Endfield.exe,53680,0x125AB2630,DXGI,0,512,0,Composed: Flip,Application,3683272165858,NA,9.82300000000000,8.33340000000000,0.22670000000000,3.02230000000000,10.1468,128.8227,3683272069902,9.8223,9.5956,0.2267,3.2214,9.3965,9.3965,0.0000,NA,0.0000,NA,NA,NA,NA
Endfield.exe,53680,0x125AB2630,DXGI,0,512,0,Composed: Flip,Application,3683272264263,NA,9.84050000000000,16.67600000000000,0.23620000000000,2.39560000000000,16.9823,145.4987,3683272168125,9.8500,9.6138,0.2362,2.7956,9.2138,9.2138,0.0000,NA,0.0000,NA,NA,NA,NA
Endfield.exe,53680,0x125AB2630,DXGI,0,512,0,Composed: Flip,Application,3683272382024,40.8012,11.77610000000000,8.33390000000000,0.27150000000000,2.31360000000000,13.5401,113.0314,3683272266625,11.8114,11.5399,0.2715,2.1594,11.6941,11.6913,0.0028,-0.8510,12143.3854,NA,15.7561,NA,NA
Endfield.exe,53680,0x125AB2630,DXGI,0,512,0,Composed: Flip,Application,3683272482464,NA,10.04400000000000,8.39340000000000,0.23520000000000,2.86750000000000,11.8895,121.4248,3683272384739,10.0077,9.7725,0.2352,2.0421,10.5979,10.5789,0.0190,NA,0.0000,NA,NA,NA,NA
Endfield.exe,53680,0x125AB2630,DXGI,0,512,0,Composed: Flip,Application,3683272582176,NA,9.97120000000000,9.42280000000000,0.19540000000000,2.63470000000000,11.3411,130.8476,3683272484816,9.9314,9.7360,0.1954,2.6323,9.7384,9.7384,0.0000,NA,0.0000,NA,NA,NA,NA
Endfield.exe,53680,0x125AB2630,DXGI,0,512,0,Composed: Flip,Application,3683272682925,NA,10.07490000000000,15.52100000000000,0.21530000000000,4.00870000000000,16.7872,146.3686,3683272584130,10.0948,9.8795,0.2153,2.4393,11.4489,11.4489,0.0000,NA,0.0000,NA,NA,NA,NA
Endfield.exe,53680,0x125AB2630,DXGI,0,512,0,Composed: Flip,Application,3683272776733,39.9550,9.38080000000000,8.33390000000000,0.18670000000000,4.62860000000000,15.7403,114.7475,3683272685078,9.3522,9.1655,0.1867,3.7934,10.0007,9.9979,0.0028,-1.7161,12183.3404,NA,21.0584,NA,NA
Endfield.exe,53680,0x125AB2630,DXGI,0,512,0,Composed: Flip,Application,3683272921350,NA,14.46170000000000,9.49330000000000,0.24670000000000,2.68000000000000,10.7719,124.2408,3683272778600,14.5217,14.2750,0.2467,4.4419,12.5131,12.5001,0.0130,NA,0.0000,NA,NA,NA,NA
Endfield.exe,53680,0x125AB2630,DXGI,0,512,0,Composed: Flip,Application,3683272972613,NA,5.12630000000000,7.19260000000000,0.22850000000000,2.20570000000000,12.8382,131.4334,3683272923817,5.1081,4.8796,0.2285,2.4333,4.6520,4.6520,0.0000,NA,0.0000,NA,NA,NA,NA
Endfield.exe,53680,0x125AB2630,DXGI,0,512,0,Composed: Flip,Application,3683273072086,NA,9.94730000000000,16.63850000000000,0.20930000000000,4.10140000000000,19.5294,148.0719,3683272974898,9.9281,9.7188,0.2093,1.9772,11.8430,11.8430,0.0000,NA,0.0000,NA,NA,NA,NA
Endfield.exe,53680,0x125AB2630,DXGI,0,512,0,Composed: Flip,Application,3683273177341,41.1825,10.52550000000000,9.48420000000000,0.16780000000000,4.74910000000000,18.4881,116.3736,3683273074179,10.4840,10.3162,0.1678,3.8921,11.1732,11.1705,0.0027,-1.6261,12224.5229,NA,33.8575,NA,NA
Endfield.exe,53680,0x125AB2630,DXGI,0,512,0,Composed: Flip,Application,3683273277135,NA,9.97940000000000,7.20460000000000,0.19420000000000,2.88430000000000,15.7133,123.5782,3683273179019,10.0058,9.8116,0.1942,4.5813,8.1146,8.0999,0.0147,NA,0.0000,NA,NA,NA,NA
Endfield.exe,53680,0x125AB2630,DXGI,0,512,0,Composed: Flip,Application,3683273376425,NA,9.92900000000000,8.30150000000000,0.18930000000000,4.74050000000000,14.0858,131.8797,3683273279077,9.9241,9.7348,0.1893,2.6901,11.7852,11.7852,0.0000,NA,0.0000,NA,NA,NA,NA
Endfield.exe,53680,0x125AB2630,DXGI,0,512,0,Composed: Flip,Application,3683273475370,NA,9.89450000000000,8.47160000000000,0.13390000000000,3.00670000000000,12.6629,140.3513,3683273378318,9.8391,9.7052,0.1339,4.5512,8.1607,8.1607,0.0000,NA,0.0000,NA,NA,NA,NA
Endfield.exe,53680,0x125AB2630,DXGI,0,512,0,Composed: Flip,Application,3683273567911,39.2276,9.25410000000000,8.19570000000000,0.17640000000000,2.17140000000000,11.6045,109.3194,3683273476709,9.2966,9.1202,0.1764,2.8728,8.4188,8.4162,0.0026,7.0542,12263.7505,NA,NA,NA,NA
Endfield.exe,53680,0x125AB2630,DXGI,0,512,0,Composed: Flip,Application,3683273667826,NA,9.99150000000000,9.50760000000000,0.18150000000000,3.27140000000000,11.1206,118.8270,3683273569675,9.9966,9.8151,0.1815,1.9950,11.0915,11.0781,0.0134,NA,0.0000,NA,NA,NA,NA
Endfield.exe,53680,0x125AB2630,DXGI,0,512,0,Composed: Flip,Application,3683273768043,NA,10.02170000000000,16.63550000000000,0.21670000000000,3.80200000000000,17.7344,135.4625,3683273669641,10.0569,9.8402,0.2167,3.0899,10.5523,10.5523,0.0000,NA,0.0000,NA,NA,NA,NA
Endfield.exe,53680,0x125AB2630,DXGI,0,512,0,Composed: Flip,Application,3683273866836,NA,9.87930000000000,7.20220000000000,0.15400000000000,4.24880000000000,15.0573,142.6647,3683273770210,9.8166,9.6626,0.1540,3.5853,10.3261,10.3261,0.0000,NA,0.0000,NA,NA,NA,NA
Endfield.exe,53680,0x125AB2630,DXGI,0,512,0,Composed: Flip,Application,3683273962621,40.1436,9.57850000000000,NA,0.20350000000000,7.35060000000000,NA,NA,3683273868376,9.6280,9.4245,0.2035,4.0948,12.6803,12.6771,0.0032,NA,NA,NA,NA,NA,NA
Endfield.exe,53680,0x125AB2630,DXGI,0,512,0,Composed: Flip,Application,3683274060231,NA,9.76100000000000,17.82230000000000,0.19020000000000,2.96400000000000,13.5401,120.3434,3683273964656,9.7477,9.5575,0.1902,7.1471,5.3744,5.3692,0.0052,NA,0.0000,NA,NA,NA,NA
Endfield.exe,53680,0x125AB2630,DXGI,0,512,0,Composed: Flip,Application,3683274158904,NA,9.86730000000000,15.57410000000000,0.20420000000000,4.22410000000000,19.2469,135.9175,3683274062133,9.8813,9.6771,0.2042,2.7738,11.1274,11.1274,0.0000,NA,0.0000,NA,NA,NA,NA
Endfield.exe,53680,0x125AB2630,DXGI,0,512,0,Composed: Flip,Application,3683274258808,NA,9.99040000000000,9.48230000000000,0.22150000000000,3.97050000000000,18.7388,145.3998,3683274160946,10.0077,9.7862,0.2215,4.0199,9.7368,9.7368,0.0000,NA,0.0000,NA,NA,NA,NA
Endfield.exe,53680,0x125AB2630,DXGI,0,512,0,Composed: Flip,Application,3683274358575,39.0343,9.97670000000000,7.10900000000000,0.16940000000000,6.86590000000000,15.8711,113.4745,3683274261023,9.9246,9.7552,0.1694,3.7490,12.8721,12.8690,0.0031,-4.1551,12342.9284,NA,56.3650,NA,NA
Endfield.exe,53680,0x125AB2630,DXGI,0,512,0,Composed: Flip,Application,3683274456769,NA,9.81940000000000,8.37890000000000,0.21560000000000,4.97340000000000,14.4306,121.8534,3683274360269,9.8656,9.6500,0.2156,6.6965,7.9269,7.9151,0.0118,NA,0.0000,NA,NA,NA,NA
Endfield.exe,53680,0x125AB2630,DXGI,0,512,0,Composed: Flip,Application,3683274555861,NA,9.90920000000000,8.31320000000000,0.25140000000000,3.41920000000000,12.8346,130.1666,3683274458925,9.9450,9.6936,0.2514,4.7578,8.3550,8.3550,0.0000,NA,0.0000,NA,NA,NA,NA
Endfield.exe,53680,0x125AB2630,DXGI,0,512,0,Composed: Flip,Application,3683274654947,NA,9.90860000000000,9.47880000000000,0.20440000000000,4.03730000000000,12.4048,139.6454,3683274558375,9.8616,9.6572,0.2044,3.1678,10.5267,10.5267,0.0000,NA,0.0000,NA,NA,NA,NA
Endfield.exe,53680,0x125AB2630,DXGI,0,512,0,Composed: Flip,Application,3683274751373,39.2326,9.64260000000000,15.52200000000000,0.20420000000000,4.31130000000000,18.2842,115.9348,3683274656991,9.6424,9.4382,0.2042,3.8329,9.9166,9.9139,0.0027,-2.4603,12382.1610,NA,24.0670,NA,NA
Endfield.exe,53680,0x125AB2630,DXGI,0,512,0,Composed: Flip,Application,3683274851658,NA,10.02850000000000,9.46240000000000,0.39760000000000,5.09940000000000,17.7181,125.3972,3683274753415,10.2219,9.8243,0.3976,4.1071,10.8166,10.8004,0.0162,NA,0.0000,NA,NA,NA,NA
Endfield.exe,53680,0x125AB2630,DXGI,0,512,0,Composed: Flip,Application,3683274948272,NA,9.66140000000000,7.27450000000000,0.19190000000000,4.31570000000000,15.3312,132.6717,3683274855634,9.4557,9.2638,0.1919,4.7018,8.8777,8.8777,0.0000,NA,0.0000,NA,NA,NA,NA
Endfield.exe,53680,0x125AB2630,DXGI,0,512,0,Composed: Flip,Application,3683275069524,NA,12.12520000000000,8.24970000000000,0.17510000000000,2.02120000000000,11.4557,140.9214,3683274950191,12.1084,11.9333,0.1751,4.1238,9.8307,9.8307,0.0000,NA,0.0000,NA,NA,NA,NA
Endfield.exe,53680,0x125AB2630,DXGI,0,512,0,Composed: Flip,Application,3683275141573,39.7628,7.20490000000000,9.48150000000000,0.20240000000000,2.24490000000000,13.7323,110.6401,3683275071275,7.2322,7.0298,0.2024,1.8461,7.4286,7.4258,0.0028,5.2947,12421.9238,NA,17.5278,NA,NA
Endfield.exe,53680,0x125AB2630,DXGI,0,512,0,Composed: Flip,Application,3683275241729,NA,10.01560000000000,7.23020000000000,0.33970000000000,2.70670000000000,10.9469,117.8703,3683275143597,10.1529,9.8132,0.3397,2.0425,10.4774,10.4585,0.0189,NA,0.0000,NA,NA,NA,NA
Endfield.exe,53680,0x125AB2630,DXGI,0,512,0,Composed: Flip,Application,3683275338095,NA,9.63660000000000,17.77080000000000,0.21410000000000,2.67740000000000,19.0811,135.6411,3683275245126,9.5110,9.2969,0.2141,2.3670,9.6073,9.6073,0.0000,NA,0.0000,NA,NA,NA,NA
Endfield.exe,53680,0x125AB2630,DXGI,0,512,0,Composed: Flip,Application,3683275439666,NA,10.15710000000000,7.23070000000000,0.23580000000000,3.90180000000000,16.1547,142.8718,3683275340236,10.1788,9.9430,0.2358,2.4633,11.3815,11.3815,0.0000,NA,0.0000,NA,NA,NA,NA
Endfield.exe,53680,0x125AB2630,DXGI,0,512,0,Composed: Flip,Application,3683275538233,39.3327,9.85670000000000,8.28830000000000,0.22890000000000,4.27720000000000,14.5863,111.8274,3683275442024,9.8498,9.6209,0.2289,3.6660,10.2321,10.2291,0.0030,-1.1873,12461.2565,NA,18.0506,NA,NA
Endfield.exe,53680,0x125AB2630,DXGI,0,512,0,Composed: Flip,Application,3683275636245,NA,9.80120000000000,9.56290000000000,0.28380000000000,3.13130000000000,14.3480,121.3903,3683275540522,9.8561,9.5723,0.2838,4.0483,8.6553,8.6374,0.0179,NA,0.0000,NA,NA,NA,NA
Endfield.exe,53680,0x125AB2630,DXGI,0,512,0,Composed: Flip,Application,3683275731670,NA,9.54250000000000,7.14560000000000,0.18640000000000,2.48860000000000,11.9511,128.5359,3683275639083,9.4451,9.2587,0.1864,2.8475,8.8998,8.8998,0.0000,NA,0.0000,NA,NA,NA,NA
Endfield.exe,53680,0x125AB2630,DXGI,0,512,0,Composed: Flip,Application,3683275831368,NA,9.96980000000000,16.62550000000000,0.19860000000000,3.35980000000000,18.6068,145.1614,3683275733534,9.9820,9.7834,0.1986,2.3022,10.8410,10.8410,0.0000,NA,0.0000,NA,NA,NA,NA
Endfield.exe,53680,0x125AB2630,DXGI,0,512,0,Composed: Flip,Application,3683275942479,38.9903,11.11110000000000,8.41100000000000,0.22250000000000,5.18480000000000,15.9067,114.5821,3683275833354,11.1350,10.9125,0.2225,3.1612,12.9361,12.9330,0.0031,-2.7547,12500.2468,NA,28.6952,NA,NA
Endfield.exe,53680,0x125AB2630,DXGI,0,512,0,Composed: Flip,Application,3683276040674,NA,9.81950000000000,8.24970000000000,0.36260000000000,4.94560000000000,14.3369,122.8318,3683275944704,9.9596,9.5970,0.3626,4.9623,9.5803,9.5595,0.0208,NA,0.0000,NA,NA,NA,NA
Endfield.exe,53680,0x125AB2630,DXGI,0,512,0,Composed: Flip,Application,3683276137751,NA,9.70770000000000,9.47390000000000,0.23660000000000,3.49770000000000,14.1031,132.3057,3683276044300,9.5817,9.3451,0.2366,4.5830,8.2598,8.2598,0.0000,NA,0.0000,NA,NA,NA,NA
Endfield.exe,53680,0x125AB2630,DXGI,0,512,0,Composed: Flip,Application,3683276236971,NA,9.92200000000000,7.23670000000000,0.17280000000000,4.06580000000000,11.4178,139.5424,3683276140117,9.8582,9.6854,0.1728,3.2611,10.4901,10.4901,0.0000,NA,0.0000,NA,NA,NA,NA
Endfield.exe,53680,0x125AB2630,DXGI,0,512,0,Composed: Flip,Application,3683276343092,39.4766,10.61210000000000,17.77770000000000,0.26300000000000,4.21400000000000,18.5834,117.8435,3683276238699,10.7023,10.4393,0.2630,3.8930,10.7603,10.7590,0.0013,-3.2614,12539.7234,NA,43.5214,NA,NA
Endfield.exe,53680,0x125AB2630,DXGI,0,512,0,Composed: Flip,Application,3683276444277,NA,10.11850000000000,7.23080000000000,0.33690000000000,4.17560000000000,15.6957,125.0743,3683276345722,10.1924,9.8555,0.3369,3.9510,10.0801,10.0608,0.0193,NA,0.0000,NA,NA,NA,NA
Endfield.exe,53680,0x125AB2630,DXGI,0,512,0,Composed: Flip,Application,3683276540571,NA,9.62940000000000,8.27850000000000,0.31450000000000,3.00300000000000,14.3448,133.3528,3683276447646,9.6070,9.2925,0.3145,3.8387,8.4568,8.4568,0.0000,NA,0.0000,NA,NA,NA,NA
Endfield.exe,53680,0x125AB2630,DXGI,0,512,0,Composed: Flip,Application,3683276639364,NA,9.87930000000000,8.34560000000000,0.23270000000000,3.21800000000000,12.8111,141.6984,3683276543716,9.7975,9.5648,0.2327,2.6885,10.0943,10.0943,0.0000,NA,0.0000,NA,NA,NA,NA
Endfield.exe,53680,0x125AB2630,DXGI,0,512,0,Composed: Flip,Application,3683276733903,40.4074,9.45390000000000,8.33140000000000,0.31210000000000,1.80060000000000,11.6886,109.6224,3683276641691,9.5333,9.2212,0.3121,2.9853,8.0365,8.0327,0.0038,8.2211,12580.1308,NA,18.7212,NA,NA
Endfield.exe,53680,0x125AB2630,DXGI,0,512,0,Composed: Flip,Application,3683276829509,NA,9.56060000000000,8.33750000000000,0.30090000000000,3.53290000000000,10.4655,117.9599,3683276737024,9.5494,9.2485,0.3009,1.4885,11.2929,11.2773,0.0156,NA,0.0000,NA,NA,NA,NA
Endfield.exe,53680,0x125AB2630,DXGI,0,512,0,Composed: Flip,Application,3683276926240,NA,9.67310000000000,16.64060000000000,0.27940000000000,4.76790000000000,17.4330,134.6005,3683276832518,9.6516,9.3722,0.2794,3.2320,10.9081,10.9081,0.0000,NA,0.0000,NA,NA,NA,NA
Endfield.exe,53680,0x125AB2630,DXGI,0,512,0,Composed: Flip,Application,3683277026220,NA,9.99800000000000,8.34640000000000,0.23610000000000,4.20940000000000,15.7814,142.9469,3683276929034,9.9547,9.7186,0.2361,4.4885,9.4395,9.4395,0.0000,NA,0.0000,NA,NA,NA,NA
Endfield.exe,53680,0x125AB2630,DXGI,0,512,0,Composed: Flip,Application,3683277136689,41.1329,11.04690000000000,9.49890000000000,0.28990000000000,2.20110000000000,14.2334,111.3129,3683277028581,11.1007,10.8108,0.2899,3.9733,9.0386,9.0357,0.0029,-1.6905,12621.2637,NA,16.5446,NA,NA
Endfield.exe,53680,0x125AB2630,DXGI,0,512,0,Composed: Flip,Application,3683277235324,NA,9.86350000000000,7.21990000000000,0.29320000000000,2.80640000000000,11.5898,118.5328,3683277139588,9.8668,9.5736,0.2932,1.9112,10.4688,10.4492,0.0196,NA,0.0000,NA,NA,NA,NA
Endfield.exe,53680,0x125AB2630,DXGI,0,512,0,Composed: Flip,Application,3683277332958,NA,9.76340000000000,8.28210000000000,0.24530000000000,2.43110000000000,10.1085,126.8149,3683277238256,9.7155,9.4702,0.2453,2.5132,9.3881,9.3881,0.0000,NA,0.0000,NA,NA,NA,NA
Endfield.exe,53680,0x125AB2630,DXGI,0,512,0,Composed: Flip,Application,3683277433719,NA,10.07610000000000,17.83590000000000,0.22140000000000,4.42930000000000,17.8683,144.6508,3683277335411,10.0522,9.8308,0.2214,2.1858,12.0743,12.0743,0.0000,NA,0.0000,NA,NA,NA,NA
Endfield.exe,53680,0x125AB2630,DXGI,0,512,0,Composed: Flip,Application,3683277540795,38.4226,10.70760000000000,7.18270000000000,0.20880000000000,3.94890000000000,14.3434,113.4109,3683277435933,10.6950,10.4862,0.2088,4.2079,10.2272,10.2246,0.0026,-2.0980,12659.6863,NA,17.0577,NA,NA
Endfield.exe,53680,0x125AB2630,DXGI,0,512,0,Composed: Flip,Application,3683277642585,NA,10.17900000000000,NA,0.26130000000000,8.69360000000000,NA,NA,3683277542883,10.2315,9.9702,0.2613,3.7401,14.9237,14.9094,0.0143,NA,NA,NA,NA,NA,NA
Endfield.exe,53680,0x125AB2630,DXGI,0,512,0,Composed: Flip,Application,3683277740744,NA,9.81590000000000,17.81710000000000,0.18140000000000,3.72250000000000,12.1656,131.2280,3683277645198,9.7360,9.5546,0.1814,8.4323,4.8448,4.8448,0.0000,NA,0.0000,NA,NA,NA,NA
Endfield.exe,53680,0x125AB2630,DXGI,0,512,0,Composed: Flip,Application,3683277842329,NA,10.15850000000000,16.69240000000000,0.27610000000000,2.28110000000000,18.6995,147.9204,3683277742558,10.2532,9.9771,0.2761,3.5411,8.7171,8.7171,0.0000,NA,0.0000,NA,NA,NA,NA
Endfield.exe,53680,0x125AB2630,DXGI,0,512,0,Composed: Flip,Application,3683277936486,40.3258,9.41570000000000,7.16850000000000,0.24460000000000,4.06730000000000,16.4523,114.7631,3683277845090,9.3842,9.1396,0.2446,2.0050,11.2019,11.1988,0.0031,-1.3522,12700.0121,NA,19.7424,NA,NA
Endfield.exe,53680,0x125AB2630,DXGI,0,512,0,Composed: Flip,Application,3683278036422,NA,9.99360000000000,8.29410000000000,0.27390000000000,4.85240000000000,14.7528,123.0572,3683277938932,10.0229,9.7490,0.2739,3.8227,10.7787,10.7626,0.0161,NA,0.0000,NA,NA,NA,NA
Endfield.exe,53680,0x125AB2630,DXGI,0,512,0,Composed: Flip,Application,3683278136156,NA,9.97340000000000,9.66710000000000,0.25070000000000,4.19140000000000,14.4465,132.7243,3683278039161,9.9502,9.6995,0.2507,4.5785,9.3124,9.3124,0.0000,NA,0.0000,NA,NA,NA,NA
Endfield.exe,53680,0x125AB2630,DXGI,0,512,0,Composed: Flip,Application,3683278237451,NA,10.12950000000000,7.00070000000000,0.21850000000000,3.14590000000000,11.3177,139.7250,3683278138663,10.0973,9.8788,0.2185,3.9407,9.0840,9.0840,0.0000,NA,0.0000,NA,NA,NA,NA
Endfield.exe,53680,0x125AB2630,DXGI,0,512,0,Composed: Flip,Application,3683278333666,40.0636,9.62150000000000,17.83770000000000,0.20940000000000,3.87860000000000,19.5339,117.4991,3683278239636,9.6124,9.4030,0.2094,2.9274,10.3542,10.3531,0.0011,-2.7360,12740.0757,NA,25.5412,NA,NA
Endfield.exe,53680,0x125AB2630,DXGI,0,512,0,Composed: Flip,Application,3683278433381,NA,9.97150000000000,7.16830000000000,0.20120000000000,4.59070000000000,16.7307,124.6674,3683278335760,9.9633,9.7621,0.2012,3.6692,10.6836,10.6670,0.0166,NA,0.0000,NA,NA,NA,NA
Endfield.exe,53680,0x125AB2630,DXGI,0,512,0,Composed: Flip,Application,3683278532073,NA,9.86920000000000,8.33450000000000,0.29700000000000,4.73090000000000,15.1960,133.0019,3683278435393,9.9650,9.6680,0.2970,4.3895,10.0094,10.0094,0.0000,NA,0.0000,NA,NA,NA,NA
Endfield.exe,53680,0x125AB2630,DXGI,0,512,0,Composed: Flip,Application,3683278633598,NA,10.15250000000000,9.48400000000000,0.17180000000000,3.96870000000000,14.5275,142.4859,3683278535043,10.0273,9.8555,0.1718,4.4339,9.3903,9.3903,0.0000,NA,0.0000,NA,NA,NA,NA
Endfield.exe,53680,0x125AB2630,DXGI,0,512,0,Composed: Flip,Application,3683278728419,40.1308,9.48210000000000,7.19060000000000,0.21800000000000,3.79200000000000,12.2360,109.5457,3683278635316,9.5283,9.3103,0.2180,3.7969,9.3054,9.3039,0.0015,7.9534,12780.2065,NA,15.7212,NA,NA
Endfield.exe,53680,0x125AB2630,DXGI,0,512,0,Composed: Flip,Application,3683278830835,NA,10.24160000000000,16.65340000000000,0.20970000000000,4.81840000000000,18.6478,126.1991,3683278730599,10.2333,10.0236,0.2097,3.5740,11.2680,11.2544,0.0136,NA,0.0000,NA,NA,NA,NA
Endfield.exe,53680,0x125AB2630,DXGI,0,512,0,Composed: Flip,Application,3683278926509,NA,9.56740000000000,8.33860000000000,0.18680000000000,2.14570000000000,17.4190,134.5377,3683278832932,9.5445,9.3577,0.1868,4.6087,6.8947,6.8947,0.0000,NA,0.0000,NA,NA,NA,NA
Endfield.exe,53680,0x125AB2630,DXGI,0,512,0,Composed: Flip,Application,3683279026126,NA,9.96170000000000,8.32860000000000,0.25530000000000,4.75660000000000,15.7859,142.8663,3683278928377,10.0302,9.7749,0.2553,1.9589,12.5726,12.5726,0.0000,NA,0.0000,NA,NA,NA,NA
Endfield.exe,53680,0x125AB2630,DXGI,0,512,0,Composed: Flip,Application,3683279125758,38.4786,9.96320000000000,NA,0.21200000000000,7.45140000000000,NA,NA,3683279028679,9.9199,9.7079,0.2120,4.5013,12.6580,12.6540,0.0040,NA,NA,NA,NA,NA,NA
Endfield.exe,53680,0x125AB2630,DXGI,0,512,0,Composed: Flip,Application,3683279224715,NA,9.89570000000000,17.83780000000000,0.74170000000000,3.01270000000000,13.7648,122.2255,3683279127878,10.4254,9.6837,0.7417,7.2394,5.4570,5.4501,0.0069,NA,0.0000,NA,47.8722,NA,NA
Endfield.exe,53680,0x125AB2630,DXGI,0,512,0,Composed: Flip,Application,3683279323033,NA,9.83180000000000,15.49270000000000,0.19310000000000,4.20030000000000,19.4257,137.7182,3683279232132,9.2832,9.0901,0.1931,2.2710,11.0194,11.0194,0.0000,NA,0.0000,NA,NA,NA,NA
Endfield.exe,53680,0x125AB2630,DXGI,0,512,0,Composed: Flip,Application,3683279422331,NA,9.92980000000000,8.34250000000000,0.16370000000000,4.34830000000000,17.8384,146.0607,3683279324964,9.9004,9.7367,0.1637,4.0072,10.0778,10.0778,0.0000,NA,0.0000,NA,NA,NA,NA
Endfield.exe,53680,0x125AB2630,DXGI,0,512,0,Composed: Flip,Application,3683279521649,40.2282,9.93180000000000,9.52270000000000,0.24390000000000,4.41630000000000,17.4293,115.3552,3683279423968,10.0120,9.7681,0.2439,4.1846,9.9998,9.9970,0.0028,-5.8095,12858.9133,NA,39.2185,NA,NA
Endfield.exe,53680,0x125AB2630,DXGI,0,512,0,Composed: Flip,Application,3683279619731,NA,9.80820000000000,7.13740000000000,0.28060000000000,2.71540000000000,14.7585,122.4926,3683279524088,9.8449,9.5643,0.2806,4.1724,8.1073,8.0914,0.0159,NA,0.0000,NA,NA,NA,NA
Endfield.exe,53680,0x125AB2630,DXGI,0,512,0,Composed: Flip,Application,3683279717463,NA,9.77320000000000,8.32500000000000,0.16160000000000,4.11530000000000,13.3103,130.8176,3683279622537,9.6542,9.4926,0.1616,2.4348,11.1731,11.1731,0.0000,NA,0.0000,NA,NA,NA,NA
Endfield.exe,53680,0x125AB2630,DXGI,0,512,0,Composed: Flip,Application,3683279817524,NA,10.00610000000000,8.34020000000000,0.16410000000000,2.08240000000000,11.6444,139.1578,3683279719079,10.0086,9.8445,0.1641,3.9537,7.9732,7.9732,0.0000,NA,0.0000,NA,NA,NA,NA
Endfield.exe,53680,0x125AB2630,DXGI,0,512,0,Composed: Flip,Application,3683279917325,39.7360,9.98010000000000,16.68160000000000,0.23200000000000,4.14900000000000,18.3459,116.1034,3683279819165,10.0480,9.8160,0.2320,1.9183,12.0467,12.0458,0.0009,-0.7482,12898.6493,NA,NA,NA,NA
Endfield.exe,53680,0x125AB2630,DXGI,0,512,0,Composed: Flip,Application,3683280016981,NA,9.96560000000000,8.32060000000000,0.21450000000000,2.92820000000000,16.7009,124.4240,3683279919645,9.9481,9.7336,0.2145,3.9170,8.7448,8.7305,0.0143,NA,0.0000,NA,NA,NA,NA
Endfield.exe,53680,0x125AB2630,DXGI,0,512,0,Composed: Flip,Application,3683280115444,NA,9.84630000000000,8.34550000000000,0.17120000000000,4.84940000000000,15.2001,132.7695,3683280019126,9.8030,9.6318,0.1712,2.7137,11.7675,11.7675,0.0000,NA,0.0000,NA,NA,NA,NA
Endfield.exe,53680,0x125AB2630,DXGI,0,512,0,Composed: Flip,Application,3683280214391,NA,9.89470000000000,9.51270000000000,0.21430000000000,4.21290000000000,14.8181,142.2822,3683280117156,9.9378,9.7235,0.2143,4.6782,9.2582,9.2582,0.0000,NA,0.0000,NA,NA,NA,NA
Endfield.exe,53680,0x125AB2630,DXGI,0,512,0,Composed: Flip,Application,3683280314370,39.5139,9.99790000000000,7.13550000000000,0.18960000000000,3.80760000000000,11.9557,109.9038,3683280216534,9.9732,9.7836,0.1896,3.9986,9.5926,9.5901,0.0025,6.1996,12938.1632,NA,NA,NA,NA
Endfield.exe,53680,0x125AB2630,DXGI,0,512,0,Composed: Flip,Application,3683280413611,NA,9.92410000000000,8.35010000000000,0.25090000000000,2.47700000000000,10.3817,118.2539,3683280316266,9.9854,9.7345,0.2509,3.6180,8.5935,8.5820,0.0115,NA,0.0000,NA,NA,NA,NA
Endfield.exe,53680,0x125AB2630,DXGI,0,512,0,Composed: Flip,Application,3683280511144,NA,9.75330000000000,17.90360000000000,0.15430000000000,4.78970000000000,18.5320,136.1575,3683280416120,9.6567,9.5024,0.1543,2.2261,12.0660,12.0660,0.0000,NA,0.0000,NA,NA,NA,NA
Endfield.exe,53680,0x125AB2630,DXGI,0,512,0,Composed: Flip,Application,3683280611006,NA,9.98620000000000,7.11710000000000,0.23470000000000,4.24210000000000,15.6629,143.2746,3683280512687,10.0666,9.8319,0.2347,4.6354,9.4386,9.4386,0.0000,NA,0.0000,NA,NA,NA,NA
Endfield.exe,53680,0x125AB2630,DXGI,0,512,0,Composed: Flip,Application,3683280703805,39.0956,9.27990000000000,8.30120000000000,0.20950000000000,6.01030000000000,14.6842,112.4802,3683280613353,9.2547,9.0452,0.2095,4.0074,11.0481,11.0456,0.0025,-2.5764,12977.2588,NA,17.6903,NA,NA
Endfield.exe,53680,0x125AB2630,DXGI,0,512,0,Composed: Flip,Application,3683280802782,NA,9.89770000000000,9.49670000000000,0.17490000000000,3.25400000000000,14.2832,121.9769,3683280705900,9.8631,9.6882,0.1749,5.8008,7.1414,7.1241,0.0173,NA,0.0000,NA,NA,NA,NA
Endfield.exe,53680,0x125AB2630,DXGI,0,512,0,Composed: Flip,Application,3683280900495,NA,9.77130000000000,7.17490000000000,0.16950000000000,4.20820000000000,11.6868,129.1518,3683280804531,9.7659,9.5964,0.1695,3.0791,10.7255,10.7255,0.0000,NA,0.0000,NA,NA,NA,NA
Endfield.exe,53680,0x125AB2630,DXGI,0,512,0,Composed: Flip,Application,3683280999662,NA,9.91670000000000,16.66740000000000,0.15150000000000,3.56520000000000,18.4375,145.8192,3683280902190,9.8987,9.7472,0.1515,4.0387,9.2737,9.2737,0.0000,NA,0.0000,NA,NA,NA,NA
Endfield.exe,53680,0x125AB2630,DXGI,0,512,0,Composed: Flip,Application,3683281102105,40.2456,10.24430000000000,9.48230000000000,0.29680000000000,4.63830000000000,17.6755,115.0559,3683281001177,10.3896,10.0928,0.2968,3.4137,11.3174,11.3149,0.0025,-2.5757,13017.5044,NA,24.5139,NA,NA
Endfield.exe,53680,0x125AB2630,DXGI,0,512,0,Composed: Flip,Application,3683281201380,NA,9.92750000000000,7.19270000000000,0.17360000000000,2.72930000000000,14.9407,122.2486,3683281105073,9.8043,9.6307,0.1736,4.3415,8.0185,7.9972,0.0213,NA,0.0000,NA,NA,NA,NA
Endfield.exe,53680,0x125AB2630,DXGI,0,512,0,Composed: Flip,Application,3683281299702,NA,9.83220000000000,8.34720000000000,0.16250000000000,3.99280000000000,13.4557,130.5958,3683281203116,9.8211,9.6586,0.1625,2.5557,11.0957,11.0957,0.0000,NA,0.0000,NA,NA,NA,NA
Endfield.exe,53680,0x125AB2630,DXGI,0,512,0,Composed: Flip,Application,3683281400291,NA,10.05890000000000,9.48780000000000,0.78970000000000,2.09320000000000,12.8846,140.0836,3683281301327,10.6861,9.8964,0.7897,3.8303,8.1593,8.1593,0.0000,NA,0.0000,NA,NA,NA,NA
Endfield.exe,53680,0x125AB2630,DXGI,0,512,0,Composed: Flip,Application,3683281497476,39.1382,9.71850000000000,15.57300000000000,0.19340000000000,3.81950000000000,18.7391,116.5184,3683281408188,9.1222,8.9288,0.1934,1.3035,11.4448,11.4421,0.0027,-1.4625,13056.6426,NA,32.1105,NA,NA
Endfield.exe,53680,0x125AB2630,DXGI,0,512,0,Composed: Flip,Application,3683281596706,NA,9.92300000000000,8.25230000000000,0.22840000000000,2.35860000000000,17.0684,124.7707,3683281499410,9.9580,9.7296,0.2284,3.6261,8.4621,8.4470,0.0151,NA,0.0000,NA,NA,NA,NA
Endfield.exe,53680,0x125AB2630,DXGI,0,512,0,Composed: Flip,Application,3683281694652,NA,9.79460000000000,8.33520000000000,0.21920000000000,4.42680000000000,15.6090,133.1059,3683281598990,9.7854,9.5662,0.2192,2.1302,11.8628,11.8628,0.0000,NA,0.0000,NA,NA,NA,NA
Endfield.exe,53680,0x125AB2630,DXGI,0,512,0,Composed: Flip,Application,3683281794514,NA,9.98620000000000,8.32720000000000,0.14970000000000,2.53690000000000,13.9500,141.4331,3683281696844,9.9167,9.7670,0.1497,4.2076,8.0963,8.0963,0.0000,NA,0.0000,NA,NA,NA,NA
Endfield.exe,53680,0x125AB2630,DXGI,0,512,0,Composed: Flip,Application,3683281910414,40.3193,11.59000000000000,16.66420000000000,0.19390000000000,3.63240000000000,19.0242,117.7780,3683281796011,11.6342,11.4403,0.1939,2.3872,12.6855,12.6845,0.0010,-1.2596,13096.9619,NA,24.6938,NA,NA
Endfield.exe,53680,0x125AB2630,DXGI,0,512,0,Composed: Flip,Application,3683282009111,NA,9.86970000000000,8.34370000000000,0.26730000000000,5.47510000000000,17.4982,126.1217,3683281912353,9.9431,9.6758,0.2673,3.4385,11.7124,11.6987,0.0137,NA,0.0000,NA,NA,NA,NA
Endfield.exe,53680,0x125AB2630,DXGI,0,512,0,Composed: Flip,Application,3683282107227,NA,9.81160000000000,8.32050000000000,0.16180000000000,4.67790000000000,16.0071,134.4422,3683282011784,9.7061,9.5443,0.1618,5.2078,9.0144,9.0144,0.0000,NA,0.0000,NA,NA,NA,NA
Endfield.exe,53680,0x125AB2630,DXGI,0,512,0,Composed: Flip,Application,3683282206885,NA,9.96580000000000,9.50250000000000,0.15030000000000,4.67170000000000,15.5438,143.9447,3683282108845,9.9543,9.8040,0.1503,4.5161,9.9596,9.9596,0.0000,NA,0.0000,NA,NA,NA,NA
Endfield.exe,53680,0x125AB2630,DXGI,0,512,0,Composed: Flip,Application,3683282308808,39.0285,10.19230000000000,7.16040000000000,0.18170000000000,3.80190000000000,12.5119,112.0766,3683282208388,10.2237,10.0420,0.1817,4.5214,9.3225,9.3194,0.0031,5.7014,13135.9904,NA,15.9921,NA,NA
Endfield.exe,53680,0x125AB2630,DXGI,0,512,0,Composed: Flip,Application,3683282407948,NA,9.91400000000000,8.33910000000000,0.17420000000000,2.91840000000000,10.9370,120.4157,3683282310625,9.9065,9.7323,0.1742,3.6202,9.0305,9.0183,0.0122,NA,0.0000,NA,NA,NA,NA
Endfield.exe,53680,0x125AB2630,DXGI,0,512,0,Composed: Flip,Application,3683282507421,NA,9.94730000000000,17.83650000000000,0.21450000000000,2.30590000000000,18.8262,138.2522,3683282409690,9.9876,9.7731,0.2145,2.7442,9.3348,9.3348,0.0000,NA,0.0000,NA,NA,NA,NA
Endfield.exe,53680,0x125AB2630,DXGI,0,512,0,Composed: Flip,Application,3683282606321,NA,9.89000000000000,7.21550000000000,0.18430000000000,4.31440000000000,16.1517,145.4677,3683282509566,9.8598,9.6755,0.1843,2.0914,11.8985,11.8985,0.0000,NA,0.0000,NA,NA,NA,NA
Endfield.exe,53680,0x125AB2630,DXGI,0,512,0,Composed: Flip,Application,3683282702495,40.4011,9.61740000000000,8.27830000000000,0.22960000000000,7.43140000000000,14.8126,113.3449,3683282608164,9.6627,9.4331,0.2296,4.1301,12.7344,12.7313,0.0031,-1.2683,13176.3915,NA,23.6881,NA,NA
Endfield.exe,53680,0x125AB2630,DXGI,0,512,0,Composed: Flip,Application,3683282801430,NA,9.89350000000000,8.33540000000000,0.16180000000000,3.06350000000000,13.2545,121.6803,3683282704791,9.8257,9.6639,0.1618,7.2018,5.5256,5.5185,0.0071,NA,0.0000,NA,NA,NA,NA
Endfield.exe,53680,0x125AB2630,DXGI,0,512,0,Composed: Flip,Application,3683282900776,NA,9.93460000000000,9.50500000000000,0.16780000000000,4.17000000000000,12.8249,131.1853,3683282803048,9.9406,9.7728,0.1678,2.9017,11.0411,11.0411,0.0000,NA,0.0000,NA,NA,NA,NA
Endfield.exe,53680,0x125AB2630,DXGI,0,512,0,Composed: Flip,Application,3683282999473,NA,9.86970000000000,15.51410000000000,0.13580000000000,4.81480000000000,18.4693,146.6994,3683282902454,9.8377,9.7019,0.1358,4.0022,10.5145,10.5145,0.0000,NA,0.0000,NA,NA,NA,NA
Endfield.exe,53680,0x125AB2630,DXGI,0,512,0,Composed: Flip,Application,3683283100889,40.6221,10.14160000000000,8.31740000000000,0.22170000000000,4.48830000000000,16.6451,114.3947,3683283000831,10.2275,10.0058,0.2217,4.6790,9.8151,9.8122,0.0029,-1.0498,13217.0136,NA,53.3617,NA,NA
Endfield.exe,53680,0x125AB2630,DXGI,0,512,0,Composed: Flip,Application,3683283200934,NA,10.00450000000000,9.51490000000000,0.23900000000000,5.08620000000000,16.1555,123.9096,3683283103106,10.0218,9.7828,0.2390,4.2666,10.6024,10.5848,0.0176,NA,0.0000,NA,NA,NA,NA
Endfield.exe,53680,0x125AB2630,DXGI,0,512,0,Composed: Flip,Application,3683283299977,NA,9.90430000000000,7.15130000000000,0.15710000000000,2.88710000000000,13.4025,131.0609,3683283203324,9.8224,9.6653,0.1571,4.8472,7.7052,7.7052,0.0000,NA,0.0000,NA,NA,NA,NA
Endfield.exe,53680,0x125AB2630,DXGI,0,512,0,Composed: Flip,Application,3683283399414,NA,9.94370000000000,8.34040000000000,0.28910000000000,3.54700000000000,11.7992,139.4013,3683283301548,10.0757,9.7866,0.2891,2.7300,10.6036,10.6036,0.0000,NA,0.0000,NA,NA,NA,NA
Endfield.exe,53680,0x125AB2630,DXGI,0,512,0,Composed: Flip,Application,3683283500935,39.3698,10.15210000000000,16.67540000000000,0.20050000000000,4.64290000000000,18.3225,116.7069,3683283402305,10.0635,9.8630,0.2005,3.2579,11.2480,11.2468,0.0012,-2.3122,13256.3834,NA,NA,NA,NA
Endfield.exe,53680,0x125AB2630,DXGI,0,512,0,Composed: Flip,Application,3683283600934,NA,9.99990000000000,9.48760000000000,0.17470000000000,2.34290000000000,17.8102,126.1945,3683283502940,9.9741,9.7994,0.1747,4.4424,7.6999,7.6851,0.0148,NA,0.0000,NA,NA,NA,NA
Endfield.exe,53680,0x125AB2630,DXGI,0,512,0,Composed: Flip,Application,3683283700096,NA,9.91620000000000,7.18310000000000,0.16820000000000,4.47180000000000,15.0771,133.3776,3683283602681,9.9097,9.7415,0.1682,2.1682,12.0451,12.0451,0.0000,NA,0.0000,NA,NA,NA,NA
Endfield.exe,53680,0x125AB2630,DXGI,0,512,0,Composed: Flip,Application,3683283800022,NA,9.99260000000000,8.31510000000000,0.13600000000000,3.85640000000000,13.3996,141.6927,3683283701778,9.9604,9.8244,0.1360,4.3036,9.3772,9.3772,0.0000,NA,0.0000,NA,NA,NA,NA
Endfield.exe,53680,0x125AB2630,DXGI,0,512,0,Composed: Flip,Application,3683283893221,39.8400,9.31990000000000,8.33510000000000,0.15570000000000,2.58360000000000,12.4148,110.1878,3683283801382,9.3396,9.1839,0.1557,3.7204,8.0471,8.0440,0.0031,6.5191,13296.2234,NA,NA,NA,NA
Endfield.exe,53680,0x125AB2630,DXGI,0,512,0,Composed: Flip,Application,3683284013852,NA,12.06310000000000,17.83970000000000,0.19110000000000,4.11710000000000,18.1914,128.0275,3683283894778,12.0985,11.9074,0.1911,2.4279,13.5966,13.5793,0.0173,NA,0.0000,NA,NA,NA,NA
Endfield.exe,53680,0x125AB2630,DXGI,0,512,0,Composed: Flip,Application,3683284092417,NA,7.85650000000000,7.19030000000000,0.16120000000000,4.47210000000000,17.5252,135.2178,3683284015763,7.8266,7.6654,0.1612,3.9260,8.2115,8.2115,0.0000,NA,0.0000,NA,NA,NA,NA
Endfield.exe,53680,0x125AB2630,DXGI,0,512,0,Composed: Flip,Application,3683284192045,NA,9.96280000000000,8.30820000000000,0.16880000000000,4.86360000000000,15.8706,143.5260,3683284094029,9.9704,9.8016,0.1688,4.3109,10.3543,10.3543,0.0000,NA,0.0000,NA,NA,NA,NA
Endfield.exe,53680,0x125AB2630,DXGI,0,512,0,Composed: Flip,Application,3683284294111,39.4952,10.20660000000000,8.31430000000000,0.17780000000000,2.41410000000000,13.9783,112.3451,3683284193733,10.2156,10.0378,0.1778,4.6948,7.7571,7.7541,0.0030,-2.1573,13335.7186,NA,NA,NA,NA
Endfield.exe,53680,0x125AB2630,DXGI,0,512,0,Composed: Flip,Application,3683284393613,NA,9.95020000000000,9.51720000000000,0.15580000000000,3.40190000000000,13.5453,121.8623,3683284295889,9.9282,9.7724,0.1558,2.2363,10.9380,10.9236,0.0144,NA,0.0000,NA,NA,NA,NA
Endfield.exe,53680,0x125AB2630,DXGI,0,512,0,Composed: Flip,Application,3683284493352,NA,9.97390000000000,7.15990000000000,0.24330000000000,2.43050000000000,10.7313,129.0222,3683284395171,10.0614,9.8181,0.2433,3.2461,9.0025,9.0025,0.0000,NA,0.0000,NA,NA,NA,NA
Endfield.exe,53680,0x125AB2630,DXGI,0,512,0,Composed: Flip,Application,3683284593034,NA,9.96820000000000,16.67800000000000,0.17170000000000,4.73260000000000,17.4411,145.7002,3683284495785,9.8966,9.7249,0.1717,2.1872,12.2703,12.2703,0.0000,NA,0.0000,NA,NA,NA,NA
Endfield.exe,53680,0x125AB2630,DXGI,0,512,0,Composed: Flip,Application,3683284694226,39.7207,10.11920000000000,9.49960000000000,0.16790000000000,4.67890000000000,16.8215,115.4791,3683284594751,10.1154,9.9475,0.1679,4.5609,10.0655,10.0623,0.0032,-3.1340,13375.4393,NA,NA,NA,NA
Endfield.exe,53680,0x125AB2630,DXGI,0,512,0,Composed: Flip,Application,3683284793945,NA,9.97190000000000,7.14220000000000,0.34390000000000,2.80860000000000,13.9918,122.6213,3683284695905,10.1479,9.8040,0.3439,4.5110,8.1016,8.0881,0.0135,NA,0.0000,NA,NA,NA,NA
Endfield.exe,53680,0x125AB2630,DXGI,0,512,0,Composed: Flip,Application,3683284892830,NA,9.88850000000000,8.35240000000000,0.15410000000000,3.06940000000000,12.4557,130.9737,3683284797384,9.6987,9.5446,0.1541,2.4647,10.1493,10.1493,0.0000,NA,0.0000,NA,NA,NA,NA
Endfield.exe,53680,0x125AB2630,DXGI,0,512,0,Composed: Flip,Application,3683284992824,NA,9.99940000000000,8.34200000000000,0.15130000000000,3.47280000000000,10.7983,139.3157,3683284894371,9.9966,9.8453,0.1513,2.9153,10.4028,10.4028,0.0000,NA,0.0000,NA,NA,NA,NA
Endfield.exe,53680,0x125AB2630,DXGI,0,512,0,Composed: Flip,Application,3683285096483,40.0809,10.36590000000000,17.84950000000000,0.16640000000000,4.43020000000000,18.2819,117.0843,3683284994337,10.3810,10.2146,0.1664,3.3215,11.3233,11.3169,0.0064,-1.6052,13415.5202,NA,33.5458,NA,NA
Endfield.exe,53680,0x125AB2630,DXGI,0,512,0,Composed: Flip,Application,3683285196179,NA,9.96960000000000,7.14120000000000,0.21180000000000,4.58870000000000,15.4535,124.2255,3683285098147,10.0150,9.8032,0.2118,4.2638,10.1281,10.1095,0.0186,NA,0.0000,NA,NA,NA,NA
Endfield.exe,53680,0x125AB2630,DXGI,0,512,0,Composed: Flip,Application,3683285297465,NA,10.12860000000000,9.51250000000000,0.23730000000000,4.43120000000000,14.8374,133.7380,3683285198297,10.1541,9.9168,0.2373,4.3769,9.9711,9.9711,0.0000,NA,0.0000,NA,NA,NA,NA
Endfield.exe,53680,0x125AB2630,DXGI,0,512,0,Composed: Flip,Application,3683285398072,NA,10.06070000000000,7.15180000000000,0.22000000000000,3.91240000000000,11.9285,140.8898,3683285299838,10.0434,9.8234,0.2200,4.1939,9.5419,9.5419,0.0000,NA,0.0000,NA,NA,NA,NA
Endfield.exe,53680,0x125AB2630,DXGI,0,512,0,Composed: Flip,Application,3683285488733,39.9817,9.06610000000000,8.36590000000000,0.18240000000000,1.97600000000000,11.2283,109.2740,3683285400272,9.0285,8.8461,0.1824,3.6924,7.1297,7.1285,0.0012,7.8103,13455.5019,NA,NA,NA,NA
Endfield.exe,53680,0x125AB2630,DXGI,0,512,0,Composed: Flip,Application,3683285588878,NA,10.01450000000000,9.48720000000000,0.23020000000000,2.76860000000000,10.7010,118.7612,3683285490557,10.0623,9.8321,0.2302,1.7936,10.8071,10.7926,0.0145,NA,0.0000,NA,NA,NA,NA
Endfield.exe,53680,0x125AB2630,DXGI,0,512,0,Composed: Flip,Application,3683285688126,NA,9.92480000000000,15.47720000000000,0.16420000000000,4.72930000000000,16.2534,134.2384,3683285591180,9.8588,9.6946,0.1642,2.5384,11.8855,11.8855,0.0000,NA,0.0000,NA,NA,NA,NA
Endfield.exe,53680,0x125AB2630,DXGI,0,512,0,Composed: Flip,Application,3683285788591,NA,10.04650000000000,9.50690000000000,0.17140000000000,4.71860000000000,15.7138,143.7453,3683285689768,10.0537,9.8823,0.1714,4.5651,10.0358,10.0358,0.0000,NA,0.0000,NA,NA,NA,NA
Endfield.exe,53680,0x125AB2630,DXGI,0,512,0,Composed: Flip,Application,3683285881395,40.1929,9.28040000000000,7.16330000000000,0.21460000000000,1.85790000000000,13.5967,110.7157,3683285790305,9.3236,9.1090,0.2146,4.5472,6.4197,6.4167,0.0030,-1.4417,13495.6948,NA,40.3564,NA,NA
Endfield.exe,53680,0x125AB2630,DXGI,0,512,0,Composed: Flip,Application,3683285980553,NA,9.91580000000000,8.31300000000000,0.18150000000000,2.65790000000000,11.9939,119.0287,3683285883541,9.8827,9.7012,0.1815,1.6433,10.7158,10.6985,0.0173,NA,0.0000,NA,NA,NA,NA
Endfield.exe,53680,0x125AB2630,DXGI,0,512,0,Composed: Flip,Application,3683286078623,NA,9.80700000000000,8.34430000000000,0.18840000000000,3.30330000000000,10.5312,127.3730,3683285982368,9.8139,9.6255,0.1884,2.4764,10.4524,10.4524,0.0000,NA,0.0000,NA,NA,NA,NA
Endfield.exe,53680,0x125AB2630,DXGI,0,512,0,Composed: Flip,Application,3683286178172,NA,9.95490000000000,17.87840000000000,0.14600000000000,4.78400000000000,18.4547,145.2514,3683286080507,9.9125,9.7665,0.1460,3.1149,11.4356,11.4356,0.0000,NA,0.0000,NA,NA,NA,NA
Endfield.exe,53680,0x125AB2630,DXGI,0,512,0,Composed: Flip,Application,3683286278826,38.9862,10.06540000000000,7.10580000000000,0.17630000000000,6.91120000000000,15.4951,113.3710,3683286179632,10.0957,9.9194,0.1763,4.6380,12.1926,12.1900,0.0026,-2.6553,13534.6810,NA,NA,NA,NA
Endfield.exe,53680,0x125AB2630,DXGI,0,512,0,Composed: Flip,Application,3683286379447,NA,10.06210000000000,8.34810000000000,0.26350000000000,4.73020000000000,13.7811,121.7191,3683286280589,10.1493,9.8858,0.2635,6.7349,7.8811,7.8737,0.0074,NA,0.0000,NA,NA,NA,NA
Endfield.exe,53680,0x125AB2630,DXGI,0,512,0,Composed: Flip,Application,3683286477591,NA,9.81440000000000,9.52900000000000,0.16090000000000,2.66290000000000,13.4957,131.2481,3683286382082,9.7118,9.5509,0.1609,4.4667,7.7471,7.7471,0.0000,NA,0.0000,NA,NA,NA,NA
Endfield.exe,53680,0x125AB2630,DXGI,0,512,0,Composed: Flip,Application,3683286577042,NA,9.94510000000000,15.48670000000000,0.13480000000000,4.45800000000000,19.0373,146.7348,3683286479200,9.9190,9.7842,0.1348,2.5020,11.7402,11.7402,0.0000,NA,0.0000,NA,NA,NA,NA
Endfield.exe,53680,0x125AB2630,DXGI,0,512,0,Composed: Flip,Application,3683286674616,39.5775,9.75740000000000,8.36130000000000,0.24450000000000,4.23930000000000,17.6412,115.5186,3683286578390,9.8671,9.6226,0.2445,4.3232,9.5387,9.5359,0.0028,-2.1476,13574.2585,NA,20.7156,NA,NA
Endfield.exe,53680,0x125AB2630,DXGI,0,512,0,Composed: Flip,Application,3683286774227,NA,9.96110000000000,8.28460000000000,0.26030000000000,3.22050000000000,15.9647,123.8032,3683286677061,9.9769,9.7166,0.2603,3.9948,8.9423,8.9282,0.0141,NA,0.0000,NA,NA,NA,NA
Endfield.exe,53680,0x125AB2630,DXGI,0,512,0,Composed: Flip,Application,3683286872489,NA,9.82620000000000,8.34330000000000,0.16140000000000,2.67930000000000,14.4818,132.1465,3683286776830,9.7273,9.5659,0.1614,2.9602,9.2850,9.2850,0.0000,NA,0.0000,NA,NA,NA,NA
Endfield.exe,53680,0x125AB2630,DXGI,0,512,0,Composed: Flip,Application,3683286972171,NA,9.96820000000000,8.36720000000000,0.23780000000000,3.51290000000000,12.8808,140.5137,3683286874103,10.0446,9.8068,0.2378,2.5179,10.8018,10.8018,0.0000,NA,0.0000,NA,NA,NA,NA
Endfield.exe,53680,0x125AB2630,DXGI,0,512,0,Composed: Flip,Application,3683287077234,39.7843,10.50630000000000,16.63900000000000,0.15870000000000,3.85140000000000,19.0135,117.3684,3683286974549,10.4272,10.2685,0.1587,3.2751,10.8448,10.8438,0.0010,-1.8498,13614.0428,NA,29.3494,NA,NA
Endfield.exe,53680,0x125AB2630,DXGI,0,512,0,Composed: Flip,Application,3683287177428,NA,10.01940000000000,8.33290000000000,0.22350000000000,2.56310000000000,17.3270,125.7013,3683287078821,10.0842,9.8607,0.2235,3.6927,8.7311,8.7160,0.0151,NA,0.0000,NA,NA,NA,NA
Endfield.exe,53680,0x125AB2630,DXGI,0,512,0,Composed: Flip,Application,3683287275058,NA,9.76300000000000,8.33060000000000,0.18190000000000,4.53870000000000,15.8946,134.0319,3683287179663,9.7214,9.5395,0.1819,2.3396,11.7386,11.7386,0.0000,NA,0.0000,NA,NA,NA,NA
Endfield.exe,53680,0x125AB2630,DXGI,0,512,0,Composed: Flip,Application,3683287374720,NA,9.96620000000000,8.32870000000000,0.17490000000000,4.74750000000000,14.2571,142.3606,3683287276877,9.9592,9.7843,0.1749,4.3568,10.1750,10.1750,0.0000,NA,0.0000,NA,NA,NA,NA
Endfield.exe,53680,0x125AB2630,DXGI,0,512,0,Composed: Flip,Application,3683287474790,39.6219,10.00700000000000,9.52830000000000,0.20790000000000,2.25830000000000,13.7784,112.2670,3683287376469,10.0400,9.8321,0.2079,4.5726,7.5178,7.5153,0.0025,5.1014,13653.6647,NA,22.8532,NA,NA
Endfield.exe,53680,0x125AB2630,DXGI,0,512,0,Composed: Flip,Application,3683287573369,NA,9.85790000000000,7.14270000000000,0.16340000000000,2.64070000000000,11.0632,119.4097,3683287476869,9.8134,9.6500,0.1634,2.0504,10.2403,10.2271,0.0132,NA,0.0000,NA,NA,NA,NA
Endfield.exe,53680,0x125AB2630,DXGI,0,512,0,Composed: Flip,Application,3683287671627,NA,9.82580000000000,8.36880000000000,0.16510000000000,2.42100000000000,9.6062,127.7785,3683287575003,9.8275,9.6624,0.1651,2.4773,9.6061,9.6061,0.0000,NA,0.0000,NA,NA,NA,NA
Endfield.exe,53680,0x125AB2630,DXGI,0,512,0,Composed: Flip,Application,3683287771819,NA,10.01920000000000,17.83000000000000,0.21850000000000,8.03320000000000,17.4170,145.6085,3683287673278,10.0726,9.8541,0.2185,2.2559,15.6314,15.6314,0.0000,NA,0.0000,NA,NA,NA,NA
Endfield.exe,53680,0x125AB2630,DXGI,0,512,0,Composed: Flip,Application,3683287876941,39.3674,10.51220000000000,7.16390000000000,0.27830000000000,3.71220000000000,14.0687,113.4050,3683287774004,10.5720,10.2937,0.2783,7.8147,6.1912,6.1912,0.0000,-1.1380,13693.0321,NA,37.3805,NA,NA
Endfield.exe,53680,0x125AB2630,DXGI,0,512,0,Composed: Flip,Application,3683287976960,NA,10.00190000000000,8.31170000000000,0.29550000000000,4.12130000000000,12.3785,121.7167,3683287879724,10.0191,9.7236,0.2955,3.4339,10.4110,10.3929,0.0181,NA,0.0000,NA,NA,NA,NA
Endfield.exe,53680,0x125AB2630,DXGI,0,512,0,Composed: Flip,Application,3683288075849,NA,9.88890000000000,9.52430000000000,0.33410000000000,3.46010000000000,12.0139,131.2410,3683287979915,9.9275,9.5934,0.3341,3.8258,9.2277,9.2277,0.0000,NA,0.0000,NA,NA,NA,NA
Endfield.exe,53680,0x125AB2630,DXGI,0,512,0,Composed: Flip,Application,3683288174782,NA,9.89330000000000,16.68220000000000,0.27520000000000,4.48310000000000,18.8028,147.9232,3683288079190,9.8344,9.5592,0.2752,3.1260,10.9163,10.9163,0.0000,NA,0.0000,NA,NA,NA,NA
Endfield.exe,53680,0x125AB2630,DXGI,0,512,0,Composed: Flip,Application,3683288272338,40.9390,9.75560000000000,7.13320000000000,0.34980000000000,3.81880000000000,16.1804,114.1174,3683288177534,9.8302,9.4804,0.3498,4.2079,9.0913,9.0875,0.0038,-0.7124,13733.9711,NA,NA,NA,NA
Endfield.exe,53680,0x125AB2630,DXGI,0,512,0,Composed: Flip,Application,3683288371246,NA,9.89080000000000,9.52770000000000,0.30710000000000,5.05860000000000,15.8173,123.6451,3683288275836,9.8481,9.5410,0.3071,3.4690,11.1306,11.1099,0.0207,NA,0.0000,NA,NA,NA,NA
Endfield.exe,53680,0x125AB2630,DXGI,0,512,0,Composed: Flip,Application,3683288469306,NA,9.80600000000000,7.13290000000000,0.24870000000000,3.05060000000000,13.1442,130.7780,3683288374317,9.7476,9.4989,0.2487,4.7515,7.7980,7.7980,0.0000,NA,0.0000,NA,NA,NA,NA
Endfield.exe,53680,0x125AB2630,DXGI,0,512,0,Composed: Flip,Application,3683288569859,NA,10.05530000000000,8.35490000000000,0.21030000000000,2.58340000000000,11.4438,139.1329,3683288471793,10.0169,9.8066,0.2103,2.8019,9.5881,9.5881,0.0000,NA,0.0000,NA,NA,NA,NA
Endfield.exe,53680,0x125AB2630,DXGI,0,512,0,Composed: Flip,Application,3683288669270,39.3925,9.94110000000000,9.52700000000000,0.36040000000000,3.46790000000000,11.0297,109.2674,3683288571962,10.0912,9.7308,0.3604,2.3731,10.8256,10.8233,0.0023,4.8500,13773.3636,NA,52.5466,NA,NA
Endfield.exe,53680,0x125AB2630,DXGI,0,512,0,Composed: Flip,Application,3683288767899,NA,9.86290000000000,16.61940000000000,0.43070000000000,4.43880000000000,17.7862,125.8868,3683288672874,9.9332,9.5025,0.4307,3.1075,10.8338,10.8114,0.0224,NA,0.0000,NA,NA,NA,NA
Endfield.exe,53680,0x125AB2630,DXGI,0,512,0,Composed: Flip,Application,3683288870592,NA,10.26930000000000,7.13750000000000,0.38390000000000,3.73950000000000,14.6544,133.0243,3683288772206,10.2225,9.8386,0.3839,4.0081,9.5700,9.5700,0.0000,NA,0.0000,NA,NA,NA,NA
Endfield.exe,53680,0x125AB2630,DXGI,0,512,0,Composed: Flip,Application,3683288964718,NA,9.41260000000000,8.40500000000000,0.20850000000000,4.70960000000000,13.6468,141.4293,3683288874431,9.2372,9.0287,0.2085,3.3556,10.3827,10.3827,0.0000,NA,0.0000,NA,NA,NA,NA
Endfield.exe,53680,0x125AB2630,DXGI,0,512,0,Composed: Flip,Application,3683289055369,40.1968,9.06510000000000,9.48280000000000,0.29460000000000,7.11870000000000,14.0645,110.7153,3683288966803,9.1512,8.8566,0.2946,4.5011,11.4742,11.4709,0.0033,-1.4479,13813.5604,NA,NA,NA,NA
Endfield.exe,53680,0x125AB2630,DXGI,0,512,0,Composed: Flip,Application,3683289157041,NA,10.16720000000000,16.66440000000000,0.93700000000000,4.02520000000000,20.5617,127.3797,3683289058315,10.8096,9.8726,0.9370,6.8241,7.0737,7.0654,0.0083,NA,0.0000,NA,NA,NA,NA
Endfield.exe,53680,0x125AB2630,DXGI,0,512,0,Composed: Flip,Application,3683289253485,NA,9.64440000000000,8.37090000000000,0.43130000000000,4.20160000000000,19.2882,135.7506,3683289166411,9.1387,8.7074,0.4313,3.0882,9.8208,9.8208,0.0000,NA,0.0000,NA,NA,NA,NA
Endfield.exe,53680,0x125AB2630,DXGI,0,512,0,Composed: Flip,Application,3683289352653,NA,9.91680000000000,7.10510000000000,0.32020000000000,4.07860000000000,16.4765,142.8557,3683289257798,9.8057,9.4855,0.3202,3.7703,9.7938,9.7938,0.0000,NA,0.0000,NA,NA,NA,NA
Endfield.exe,53680,0x125AB2630,DXGI,0,512,0,Composed: Flip,Application,3683289441968,38.5099,8.93150000000000,8.32990000000000,0.34550000000000,4.47820000000000,15.8749,112.6757,3683289355855,8.9568,8.6113,0.3455,3.7584,9.3311,9.3285,0.0026,-1.9604,13852.0703,NA,NA,NA,NA
Endfield.exe,53680,0x125AB2630,DXGI,0,512,0,Composed: Flip,Application,3683289541327,NA,9.93590000000000,9.52750000000000,0.30170000000000,5.05140000000000,15.4665,122.2032,3683289445423,9.8921,9.5904,0.3017,4.1327,10.5091,10.4930,0.0161,NA,0.0000,NA,NA,NA,NA
Endfield.exe,53680,0x125AB2630,DXGI,0,512,0,Composed: Flip,Application,3683289637579,NA,9.62520000000000,7.13590000000000,0.20700000000000,2.49440000000000,12.9772,129.3391,3683289544344,9.5305,9.3235,0.2070,4.7497,7.0682,7.0682,0.0000,NA,0.0000,NA,NA,NA,NA
Endfield.exe,53680,0x125AB2630,DXGI,0,512,0,Composed: Flip,Application,3683289737170,NA,9.95910000000000,8.33660000000000,0.19190000000000,2.54970000000000,11.3547,137.6757,3683289639649,9.9440,9.7521,0.1919,2.2874,10.0144,10.0144,0.0000,NA,0.0000,NA,NA,NA,NA
Endfield.exe,53680,0x125AB2630,DXGI,0,512,0,Composed: Flip,Application,3683289842731,39.1957,10.55610000000000,17.84900000000000,0.17870000000000,4.15660000000000,18.6476,116.3290,3683289739089,10.5429,10.3642,0.1787,2.3578,12.1630,12.1597,0.0033,-3.6533,13891.2660,NA,44.5138,NA,NA
Endfield.exe,53680,0x125AB2630,DXGI,0,512,0,Composed: Flip,Application,3683289943636,NA,10.09050000000000,7.13300000000000,0.27520000000000,2.62710000000000,15.6901,123.4620,3683289844518,10.1870,9.9118,0.2752,3.9779,8.5610,8.5473,0.0137,NA,0.0000,NA,NA,NA,NA
Endfield.exe,53680,0x125AB2630,DXGI,0,512,0,Composed: Flip,Application,3683290040229,NA,9.65930000000000,8.34640000000000,0.18720000000000,4.80740000000000,14.3772,131.8084,3683289946388,9.5713,9.3841,0.1872,2.3519,11.8396,11.8396,0.0000,NA,0.0000,NA,NA,NA,NA
Endfield.exe,53680,0x125AB2630,DXGI,0,512,0,Composed: Flip,Application,3683290139325,NA,9.90960000000000,8.34170000000000,0.18840000000000,3.30640000000000,12.8093,140.1501,3683290042101,9.9108,9.7224,0.1884,4.6202,8.4086,8.4086,0.0000,NA,0.0000,NA,NA,NA,NA
Endfield.exe,53680,0x125AB2630,DXGI,0,512,0,Composed: Flip,Application,3683290246509,38.7275,10.71840000000000,9.58770000000000,0.17740000000000,3.85440000000000,11.6786,111.0103,3683290141209,10.7074,10.5300,0.1774,3.1180,11.2664,11.2655,0.0009,5.3187,13929.9935,NA,NA,NA,NA
Endfield.exe,53680,0x125AB2630,DXGI,0,512,0,Composed: Flip,Application,3683290345860,NA,9.93510000000000,15.41300000000000,0.18820000000000,4.91900000000000,17.1565,126.4233,3683290248283,9.9459,9.7577,0.1882,3.6770,10.9997,10.9845,0.0152,NA,0.0000,NA,NA,NA,NA
Endfield.exe,53680,0x125AB2630,DXGI,0,512,0,Composed: Flip,Application,3683290444906,NA,9.90460000000000,8.31420000000000,0.26510000000000,4.41930000000000,15.5661,134.7375,3683290347742,9.9815,9.7164,0.2651,4.7308,9.4049,9.4049,0.0000,NA,0.0000,NA,NA,NA,NA
Endfield.exe,53680,0x125AB2630,DXGI,0,512,0,Composed: Flip,Application,3683290543985,NA,9.90790000000000,9.54970000000000,0.24620000000000,2.74400000000000,15.2079,144.2872,3683290447557,9.8890,9.6428,0.2462,4.1542,8.2326,8.2326,0.0000,NA,0.0000,NA,NA,NA,NA
Endfield.exe,53680,0x125AB2630,DXGI,0,512,0,Composed: Flip,Application,3683290644329,40.4280,10.03440000000000,7.12850000000000,0.40010000000000,3.77550000000000,12.3020,110.9877,3683290546447,10.1883,9.7882,0.4001,2.4978,11.0659,11.0627,0.0032,0.0226,13970.4215,NA,NA,NA,NA
Endfield.exe,53680,0x125AB2630,DXGI,0,512,0,Composed: Flip,Application,3683290743157,NA,9.88280000000000,8.31040000000000,0.24050000000000,2.71570000000000,10.7296,119.2981,3683290648330,9.7232,9.4827,0.2405,3.3754,8.8230,8.8108,0.0122,NA,0.0000,NA,NA,NA,NA
Endfield.exe,53680,0x125AB2630,DXGI,0,512,0,Composed: Flip,Application,3683290842608,NA,9.94510000000000,17.91580000000000,0.20150000000000,4.83650000000000,18.7003,137.2139,3683290745562,9.9061,9.7046,0.2015,2.4752,12.0659,12.0659,0.0000,NA,0.0000,NA,NA,NA,NA
Endfield.exe,53680,0x125AB2630,DXGI,0,512,0,Composed: Flip,Application,3683290942311,NA,9.97030000000000,7.11530000000000,0.20100000000000,4.30530000000000,15.8453,144.3292,3683290844623,9.9698,9.7688,0.2010,4.6350,9.4391,9.4391,0.0000,NA,0.0000,NA,NA,NA,NA
Endfield.exe,53680,0x125AB2630,DXGI,0,512,0,Composed: Flip,Application,3683291037964,39.7600,9.56530000000000,8.65510000000000,0.64400000000000,4.65280000000000,14.9351,113.2243,3683290944321,10.0083,9.3643,0.6440,4.1043,9.9128,9.9098,0.0030,-2.2366,14010.1815,NA,NA,NA,NA
Endfield.exe,53680,0x125AB2630,DXGI,0,512,0,Composed: Flip,Application,3683291135030,NA,9.70660000000000,9.18400000000000,0.17760000000000,3.36740000000000,14.4125,122.4083,3683291044404,9.2402,9.0626,0.1776,4.0088,8.4212,8.4087,0.0125,NA,0.0000,NA,NA,NA,NA
Endfield.exe,53680,0x125AB2630,DXGI,0,512,0,Composed: Flip,Application,3683291233786,NA,9.87560000000000,7.14880000000000,0.16410000000000,4.21620000000000,11.6857,129.5571,3683291136806,9.8621,9.6980,0.1641,3.1898,10.7244,10.7244,0.0000,NA,0.0000,NA,NA,NA,NA
Endfield.exe,53680,0x125AB2630,DXGI,0,512,0,Composed: Flip,Application,3683291332642,NA,9.88560000000000,16.69560000000000,0.15190000000000,3.54450000000000,18.4957,146.2527,3683291235427,9.8734,9.7215,0.1519,4.0521,9.2139,9.2139,0.0000,NA,0.0000,NA,NA,NA,NA
Endfield.exe,53680,0x125AB2630,DXGI,0,512,0,Composed: Flip,Application,3683291435771,40.3383,10.31290000000000,9.50910000000000,0.19880000000000,4.55250000000000,17.6919,115.4235,3683291334161,10.3598,10.1610,0.1988,3.3926,11.3209,11.3176,0.0033,-2.1992,14050.5198,NA,NA,NA,NA
Endfield.exe,53680,0x125AB2630,DXGI,0,512,0,Composed: Flip,Application,3683291535849,NA,10.00780000000000,7.13690000000000,0.17270000000000,2.78670000000000,14.8210,122.5604,3683291437759,9.9817,9.8090,0.1727,4.3537,8.2420,8.2231,0.0189,NA,0.0000,NA,NA,NA,NA
Endfield.exe,53680,0x125AB2630,DXGI,0,512,0,Composed: Flip,Application,3683291634563,NA,9.87140000000000,8.32220000000000,0.24180000000000,4.04410000000000,13.2718,130.8826,3683291537576,9.9405,9.6987,0.2418,2.6140,11.1288,11.1288,0.0000,NA,0.0000,NA,NA,NA,NA
Endfield.exe,53680,0x125AB2630,DXGI,0,512,0,Composed: Flip,Application,3683291734353,NA,9.97900000000000,8.35880000000000,0.14330000000000,2.07050000000000,11.6516,139.2414,3683291636981,9.8805,9.7372,0.1433,3.8023,8.0054,8.0054,0.0000,NA,0.0000,NA,NA,NA,NA
Endfield.exe,53680,0x125AB2630,DXGI,0,512,0,Composed: Flip,Application,3683291840752,39.2324,10.63990000000000,16.64420000000000,0.17580000000000,4.48910000000000,17.6559,116.6532,3683291735786,10.6724,10.4966,0.1758,1.9272,13.0585,13.0560,0.0025,-1.2297,14089.7522,NA,NA,NA,NA
Endfield.exe,53680,0x125AB2630,DXGI,0,512,0,Composed: Flip,Application,3683291941743,NA,10.09910000000000,8.33610000000000,0.16960000000000,5.14430000000000,15.8929,124.9893,3683291842510,10.0929,9.9233,0.1696,4.3133,10.7543,10.7340,0.0203,NA,0.0000,NA,NA,NA,NA
Endfield.exe,53680,0x125AB2630,DXGI,0,512,0,Composed: Flip,Application,3683292041424,NA,9.96810000000000,9.52550000000000,0.21930000000000,4.68170000000000,15.4503,134.5148,3683291943439,10.0178,9.7985,0.2193,4.9747,9.5055,9.5055,0.0000,NA,0.0000,NA,NA,NA,NA
Endfield.exe,53680,0x125AB2630,DXGI,0,512,0,Composed: Flip,Application,3683292142556,NA,10.11320000000000,7.22930000000000,0.15350000000000,3.98490000000000,12.5664,141.7441,3683292043617,10.0474,9.8939,0.1535,4.4624,9.4164,9.4164,0.0000,NA,0.0000,NA,NA,NA,NA
Endfield.exe,53680,0x125AB2630,DXGI,0,512,0,Composed: Flip,Application,3683292244656,40.7939,10.21000000000000,16.57160000000000,0.18910000000000,3.85860000000000,18.9280,117.5218,3683292144091,10.2456,10.0565,0.1891,3.8314,10.0837,10.0829,0.0008,-0.8686,14130.5461,NA,NA,NA,NA
Endfield.exe,53680,0x125AB2630,DXGI,0,512,0,Composed: Flip,Application,3683292345256,NA,10.06000000000000,9.53700000000000,0.17660000000000,2.47130000000000,18.4050,127.0588,3683292246547,10.0475,9.8709,0.1766,3.6695,8.6727,8.6562,0.0165,NA,0.0000,NA,NA,NA,NA
Endfield.exe,53680,0x125AB2630,DXGI,0,512,0,Composed: Flip,Application,3683292445257,NA,10.00010000000000,7.13830000000000,0.21650000000000,3.07340000000000,15.5432,134.1971,3683292347022,10.0400,9.8235,0.2165,2.2947,10.6022,10.6022,0.0000,NA,0.0000,NA,NA,NA,NA
Endfield.exe,53680,0x125AB2630,DXGI,0,512,0,Composed: Flip,Application,3683292545992,NA,10.07350000000000,8.33650000000000,0.19020000000000,4.43580000000000,13.8062,142.5336,3683292447422,10.0472,9.8570,0.1902,2.8569,11.4359,11.4359,0.0000,NA,0.0000,NA,NA,NA,NA
Endfield.exe,53680,0x125AB2630,DXGI,0,512,0,Composed: Flip,Application,3683292638020,40.1893,9.20280000000000,8.34640000000000,0.18020000000000,2.25150000000000,12.9498,110.6907,3683292547894,9.1928,9.0126,0.1802,4.2456,7.0185,7.0155,0.0030,6.8311,14170.7354,NA,28.3467,NA,NA
Endfield.exe,53680,0x125AB2630,DXGI,0,512,0,Composed: Flip,Application,3683292738823,NA,10.08030000000000,9.51470000000000,0.25500000000000,2.86210000000000,12.3842,120.2054,3683292639822,10.1551,9.9001,0.2550,2.0713,10.6909,10.6756,0.0153,NA,0.0000,NA,NA,NA,NA
Endfield.exe,53680,0x125AB2630,DXGI,0,512,0,Composed: Flip,Application,3683292836219,NA,9.73960000000000,15.47590000000000,0.16820000000000,4.84010000000000,18.1205,135.6813,3683292741373,9.6528,9.4846,0.1682,2.6071,11.7176,11.7176,0.0000,NA,0.0000,NA,NA,NA,NA
Endfield.exe,53680,0x125AB2630,DXGI,0,512,0,Composed: Flip,Application,3683292954349,NA,11.81300000000000,8.32980000000000,0.22970000000000,3.10150000000000,14.6373,144.0111,3683292837901,11.8745,11.6448,0.2297,4.6719,10.0744,10.0744,0.0000,NA,0.0000,NA,NA,NA,NA
Endfield.exe,53680,0x125AB2630,DXGI,0,512,0,Composed: Flip,Application,3683293036224,39.2112,8.18750000000000,9.54270000000000,0.19620000000000,7.38140000000000,15.9925,114.3426,3683292956646,8.1540,7.9578,0.1962,2.8718,12.4674,12.4643,0.0031,-3.6519,14209.9466,NA,23.2102,NA,NA
Endfield.exe,53680,0x125AB2630,DXGI,0,512,0,Composed: Flip,Application,3683293136146,NA,9.99220000000000,7.11920000000000,0.25920000000000,2.58740000000000,13.1195,121.4618,3683293038186,10.0552,9.7960,0.2592,7.1852,5.1982,5.1945,0.0037,NA,0.0000,NA,NA,NA,NA
Endfield.exe,53680,0x125AB2630,DXGI,0,512,0,Composed: Flip,Application,3683293235520,NA,9.93740000000000,8.33190000000000,0.21310000000000,4.15110000000000,11.5140,129.7937,3683293138738,9.8913,9.6782,0.2131,2.3282,11.5011,11.5011,0.0000,NA,0.0000,NA,NA,NA,NA
Endfield.exe,53680,0x125AB2630,DXGI,0,512,0,Composed: Flip,Application,3683293335307,NA,9.97870000000000,17.89240000000000,0.13800000000000,4.12440000000000,19.4277,147.6861,3683293237651,9.9036,9.7656,0.1380,3.9380,9.9520,9.9520,0.0000,NA,0.0000,NA,NA,NA,NA
Endfield.exe,53680,0x125AB2630,DXGI,0,512,0,Composed: Flip,Application,3683293434454,39.9631,9.91470000000000,7.10700000000000,0.16260000000000,3.93470000000000,16.6200,114.8300,3683293336687,9.9393,9.7767,0.1626,3.9864,9.7250,9.7220,0.0030,-0.4874,14249.9097,NA,27.6663,NA,NA
Endfield.exe,53680,0x125AB2630,DXGI,0,512,0,Composed: Flip,Application,3683293533774,NA,9.93200000000000,8.37190000000000,0.27760000000000,5.02940000000000,15.0599,123.2019,3683293436080,10.0470,9.7694,0.2776,3.7721,11.0267,11.0109,0.0158,NA,0.0000,NA,NA,NA,NA
Endfield.exe,53680,0x125AB2630,DXGI,0,512,0,Composed: Flip,Application,3683293633074,NA,9.93000000000000,8.28750000000000,0.18230000000000,4.10780000000000,13.4174,131.4894,3683293536550,9.8347,9.6524,0.1823,4.7518,9.0084,9.0084,0.0000,NA,0.0000,NA,NA,NA,NA
Endfield.exe,53680,0x125AB2630,DXGI,0,512,0,Composed: Flip,Application,3683293732731,NA,9.96570000000000,8.36300000000000,0.18700000000000,3.31090000000000,11.8147,139.8524,3683293634897,9.9704,9.7834,0.1870,3.9255,9.1688,9.1688,0.0000,NA,0.0000,NA,NA,NA,NA
Endfield.exe,53680,0x125AB2630,DXGI,0,512,0,Composed: Flip,Application,3683293849762,39.8359,11.70310000000000,17.84520000000000,0.24020000000000,4.45040000000000,17.9568,117.8617,3683293734601,11.7563,11.5161,0.2402,3.1239,12.8426,12.8396,0.0030,-3.0317,14289.7456,NA,22.5307,NA,NA
Endfield.exe,53680,0x125AB2630,DXGI,0,512,0,Composed: Flip,Application,3683293949555,NA,9.97930000000000,7.16320000000000,0.17450000000000,4.59750000000000,15.1407,125.0249,3683293852164,9.9136,9.7391,0.1745,4.2102,10.1264,10.1090,0.0174,NA,0.0000,NA,NA,NA,NA
Endfield.exe,53680,0x125AB2630,DXGI,0,512,0,Composed: Flip,Application,3683294049655,NA,10.01000000000000,8.30420000000000,0.14880000000000,4.06530000000000,13.4349,133.3291,3683293951300,9.9843,9.8355,0.1488,4.4230,9.4778,9.4778,0.0000,NA,0.0000,NA,NA,NA,NA
Endfield.exe,53680,0x125AB2630,DXGI,0,512,0,Composed: Flip,Application,3683294151256,NA,10.16010000000000,8.33420000000000,0.21400000000000,2.16040000000000,11.6090,141.6633,3683294051143,10.2253,10.0113,0.2140,3.9165,8.2552,8.2552,0.0000,NA,0.0000,NA,NA,NA,NA
Endfield.exe,53680,0x125AB2630,DXGI,0,512,0,Composed: Flip,Application,3683294251201,39.7861,9.99450000000000,9.53510000000000,0.22610000000000,3.79510000000000,11.1496,111.4123,3683294153396,10.0066,9.7805,0.2261,1.9464,11.6292,11.6281,0.0011,6.4494,14329.5317,NA,16.8665,NA,NA
Endfield.exe,53680,0x125AB2630,DXGI,0,512,0,Composed: Flip,Application,3683294351085,NA,9.98840000000000,NA,0.23640000000000,9.89750000000000,NA,NA,3683294253462,9.9987,9.7623,0.2364,3.5690,16.0908,16.0718,0.0190,NA,NA,NA,NA,NA,NA
Endfield.exe,53680,0x125AB2630,DXGI,0,512,0,Composed: Flip,Application,3683294451461,NA,10.03760000000000,23.79830000000000,0.22790000000000,2.72630000000000,14.9219,135.2106,3683294353449,10.0291,9.8012,0.2279,9.6611,2.8664,2.8664,0.0000,NA,0.0000,NA,NA,NA,NA
Endfield.exe,53680,0x125AB2630,DXGI,0,512,0,Composed: Flip,Application,3683294550680,NA,9.92190000000000,9.53500000000000,0.16260000000000,3.88710000000000,14.5350,144.7456,3683294453740,9.8566,9.6940,0.1626,2.4984,11.0827,11.0827,0.0000,NA,0.0000,NA,NA,NA,NA
Endfield.exe,53680,0x125AB2630,DXGI,0,512,0,Composed: Flip,Application,3683294640662,42.1713,8.99820000000000,7.15080000000000,0.15460000000000,3.89160000000000,12.6876,109.7251,3683294552306,8.9902,8.8356,0.1546,3.7245,9.0027,9.0015,0.0012,1.6872,14371.7030,NA,23.3512,NA,NA
Endfield.exe,53680,0x125AB2630,DXGI,0,512,0,Composed: Flip,Application,3683294740091,NA,9.94290000000000,8.31400000000000,0.17210000000000,2.84010000000000,11.0587,118.0391,3683294642208,9.9604,9.7883,0.1721,3.7370,8.8914,8.8815,0.0099,NA,0.0000,NA,NA,NA,NA
Endfield.exe,53680,0x125AB2630,DXGI,0,512,0,Composed: Flip,Application,3683294839418,NA,9.93270000000000,9.54420000000000,0.16200000000000,2.42700000000000,10.6702,127.5833,3683294741812,9.9226,9.7606,0.1620,2.6680,9.5196,9.5196,0.0000,NA,0.0000,NA,NA,NA,NA
Endfield.exe,53680,0x125AB2630,DXGI,0,512,0,Composed: Flip,Application,3683294939712,NA,10.02940000000000,15.47080000000000,0.17120000000000,2.85320000000000,16.1116,143.0541,3683294841038,10.0386,9.8674,0.1712,2.2650,10.4556,10.4556,0.0000,NA,0.0000,NA,NA,NA,NA
Endfield.exe,53680,0x125AB2630,DXGI,0,512,0,Composed: Flip,Application,3683295035399,38.9480,9.56870000000000,8.31400000000000,0.19420000000000,4.69200000000000,14.8569,112.4201,3683294941424,9.5917,9.3975,0.1942,2.6820,11.4075,11.4045,0.0030,-2.6950,14410.6510,NA,20.9887,NA,NA
Endfield.exe,53680,0x125AB2630,DXGI,0,512,0,Composed: Flip,Application,3683295135885,NA,10.04860000000000,9.55380000000000,0.17300000000000,3.24580000000000,14.3621,121.9739,3683295037341,10.0274,9.8544,0.1730,4.4978,8.6024,8.5878,0.0146,NA,0.0000,NA,NA,NA,NA
Endfield.exe,53680,0x125AB2630,DXGI,0,512,0,Composed: Flip,Application,3683295235832,NA,9.99470000000000,NA,0.21910000000000,7.85410000000000,NA,NA,3683295137615,10.0408,9.8217,0.2191,3.0728,14.6030,14.6030,0.0000,NA,NA,NA,NA,NA,NA
Endfield.exe,53680,0x125AB2630,DXGI,0,512,0,Composed: Flip,Application,3683295334210,NA,9.83780000000000,15.45950000000000,0.17840000000000,2.23790000000000,9.9891,137.4334,3683295238023,9.7971,9.6187,0.1784,7.6350,4.2216,4.2216,0.0000,NA,0.0000,NA,NA,NA,NA
Endfield.exe,53680,0x125AB2630,DXGI,0,512,0,Composed: Flip,Application,3683295437152,39.3243,10.29420000000000,17.87060000000000,0.18380000000000,4.26340000000000,17.5655,115.9797,3683295335994,10.2996,10.1158,0.1838,2.0595,12.3197,12.3182,0.0015,-3.5596,14449.9753,NA,46.8730,NA,NA
Endfield.exe,53680,0x125AB2630,DXGI,0,512,0,Composed: Flip,Application,3683295537365,NA,10.02130000000000,7.10260000000000,0.23050000000000,4.32350000000000,14.6468,123.0823,3683295438990,10.0680,9.8375,0.2305,4.0796,10.0814,10.0569,0.0245,NA,0.0000,NA,NA,NA,NA
Endfield.exe,53680,0x125AB2630,DXGI,0,512,0,Composed: Flip,Application,3683295635829,NA,9.84640000000000,8.35320000000000,0.18420000000000,3.75260000000000,13.1536,131.4355,3683295539670,9.8001,9.6159,0.1842,4.0930,9.2755,9.2755,0.0000,NA,0.0000,NA,NA,NA,NA
Endfield.exe,53680,0x125AB2630,DXGI,0,512,0,Composed: Flip,Application,3683295736299,NA,10.04700000000000,9.55430000000000,0.14070000000000,3.36560000000000,12.6609,140.9898,3683295637671,10.0035,9.8628,0.1407,3.5684,9.6600,9.6600,0.0000,NA,0.0000,NA,NA,NA,NA
Endfield.exe,53680,0x125AB2630,DXGI,0,512,0,Composed: Flip,Application,3683295828472,39.7309,9.21730000000000,15.43800000000000,0.15840000000000,3.85900000000000,18.8816,116.6969,3683295737706,9.2350,9.0766,0.1584,3.2249,9.7107,9.7063,0.0044,-0.7172,14489.7062,NA,NA,NA,NA
Endfield.exe,53680,0x125AB2630,DXGI,0,512,0,Composed: Flip,Application,3683295928506,NA,10.00340000000000,8.32890000000000,0.20700000000000,2.36720000000000,17.2071,125.0258,3683295830056,10.0520,9.8450,0.2070,3.7006,8.5116,8.4985,0.0131,NA,0.0000,NA,NA,NA,NA
Endfield.exe,53680,0x125AB2630,DXGI,0,512,0,Composed: Flip,Application,3683296027024,NA,9.85180000000000,8.34470000000000,0.18790000000000,4.21850000000000,15.7000,133.3705,3683295930576,9.8327,9.6448,0.1879,2.1602,11.7031,11.7031,0.0000,NA,0.0000,NA,NA,NA,NA
Endfield.exe,53680,0x125AB2630,DXGI,0,512,0,Composed: Flip,Application,3683296127658,NA,10.06340000000000,8.33160000000000,0.17530000000000,4.58040000000000,13.9682,141.7021,3683296028903,10.0508,9.8755,0.1753,4.0306,10.4253,10.4253,0.0000,NA,0.0000,NA,NA,NA,NA
Endfield.exe,53680,0x125AB2630,DXGI,0,512,0,Composed: Flip,Application,3683296218685,39.8456,9.10270000000000,9.54540000000000,0.18310000000000,2.33340000000000,14.4109,111.4019,3683296129411,9.1105,8.9274,0.1831,4.4051,6.8557,6.8530,0.0027,5.2950,14529.5518,NA,NA,NA,NA
Endfield.exe,53680,0x125AB2630,DXGI,0,512,0,Composed: Flip,Application,3683296317558,NA,9.88730000000000,7.12320000000000,0.24560000000000,2.89800000000000,11.6468,118.5251,3683296220516,9.9498,9.7042,0.2456,2.1503,10.4519,10.4393,0.0126,NA,0.0000,NA,NA,NA,NA
Endfield.exe,53680,0x125AB2630,DXGI,0,512,0,Composed: Flip,Application,3683296414858,NA,9.73000000000000,8.33870000000000,0.15750000000000,3.03940000000000,10.2555,126.8638,3683296320014,9.6419,9.4844,0.1575,2.6524,9.8714,9.8714,0.0000,NA,0.0000,NA,NA,NA,NA
Endfield.exe,53680,0x125AB2630,DXGI,0,512,0,Composed: Flip,Application,3683296513469,NA,9.86110000000000,16.69120000000000,0.18890000000000,2.25870000000000,17.0856,143.5550,3683296416433,9.8925,9.7036,0.1889,2.8819,9.0804,9.0804,0.0000,NA,0.0000,NA,NA,NA,NA
Endfield.exe,53680,0x125AB2630,DXGI,0,512,0,Composed: Flip,Application,3683296617622,39.4164,10.41530000000000,8.29410000000000,0.26140000000000,6.95810000000000,14.9644,112.4327,3683296515358,10.4878,10.2264,0.2614,2.0698,15.1147,15.1111,0.0036,-1.0308,14568.9682,NA,NA,NA,NA
Endfield.exe,53680,0x125AB2630,DXGI,0,512,0,Composed: Flip,Application,3683296716894,NA,9.92720000000000,8.35500000000000,0.24870000000000,5.13160000000000,13.3922,120.7877,3683296620236,9.9145,9.6658,0.2487,6.6967,8.1007,8.0854,0.0153,NA,0.0000,NA,NA,NA,NA
Endfield.exe,53680,0x125AB2630,DXGI,0,512,0,Composed: Flip,Application,3683296813752,NA,9.68580000000000,9.53790000000000,0.16770000000000,2.68390000000000,13.2443,130.3256,3683296719381,9.6048,9.4371,0.1677,4.8829,7.2381,7.2381,0.0000,NA,0.0000,NA,NA,NA,NA
Endfield.exe,53680,0x125AB2630,DXGI,0,512,0,Composed: Flip,Application,3683296911884,NA,9.81320000000000,15.48390000000000,0.16290000000000,5.00840000000000,18.9150,145.8095,3683296815429,9.8084,9.6455,0.1629,2.5162,12.1377,12.1377,0.0000,NA,0.0000,NA,NA,NA,NA
Endfield.exe,53680,0x125AB2630,DXGI,0,512,0,Composed: Flip,Application,3683297018913,39.0015,10.70290000000000,8.29620000000000,0.17120000000000,4.71290000000000,16.5083,115.1042,3683296913513,10.7112,10.5400,0.1712,4.8455,10.4074,10.4049,0.0025,-2.6715,14607.9697,NA,NA,NA,NA
Endfield.exe,53680,0x125AB2630,DXGI,0,512,0,Composed: Flip,Application,3683297118997,NA,10.00840000000000,9.55200000000000,0.17890000000000,3.13680000000000,16.0519,124.6562,3683297020625,10.0161,9.8372,0.1789,4.5417,8.4323,8.4154,0.0169,NA,0.0000,NA,NA,NA,NA
Endfield.exe,53680,0x125AB2630,DXGI,0,512,0,Composed: Flip,Application,3683297217117,NA,9.81200000000000,7.10300000000000,0.16180000000000,2.91070000000000,13.3429,131.7592,3683297120786,9.7949,9.6331,0.1618,2.9579,9.5859,9.5859,0.0000,NA,0.0000,NA,NA,NA,NA
Endfield.exe,53680,0x125AB2630,DXGI,0,512,0,Composed: Flip,Application,3683297316731,NA,9.96140000000000,8.33110000000000,0.15430000000000,2.38010000000000,11.7126,140.0903,3683297218735,9.9539,9.7996,0.1543,2.7489,9.4308,9.4308,0.0000,NA,0.0000,NA,NA,NA,NA
Endfield.exe,53680,0x125AB2630,DXGI,0,512,0,Composed: Flip,Application,3683297418323,39.7128,10.15920000000000,17.90100000000000,0.24180000000000,4.24930000000000,19.4544,118.2785,3683297318274,10.2467,10.0049,0.2418,2.2258,12.0284,12.0257,0.0027,-3.1743,14647.6825,NA,NA,NA,NA
Endfield.exe,53680,0x125AB2630,DXGI,0,512,0,Composed: Flip,Application,3683297517809,NA,9.94860000000000,7.13220000000000,0.19090000000000,4.68190000000000,16.6380,125.4107,3683297420741,9.8977,9.7068,0.1909,4.0075,10.3812,10.3676,0.0136,NA,0.0000,NA,NA,NA,NA
Endfield.exe,53680,0x125AB2630,DXGI,0,512,0,Composed: Flip,Application,3683297617154,NA,9.93450000000000,8.30960000000000,0.19540000000000,4.81370000000000,15.0131,133.7203,3683297519718,9.9390,9.7436,0.1954,4.4910,10.0663,10.0663,0.0000,NA,0.0000,NA,NA,NA,NA
Endfield.exe,53680,0x125AB2630,DXGI,0,512,0,Composed: Flip,Application,3683297716617,NA,9.94630000000000,9.55280000000000,0.19850000000000,4.06330000000000,14.6196,143.2731,3683297619108,9.9494,9.7509,0.1985,4.6183,9.1959,9.1959,0.0000,NA,0.0000,NA,NA,NA,NA
Endfield.exe,53680,0x125AB2630,DXGI,0,512,0,Composed: Flip,Application,3683297815344,40.4145,9.87270000000000,7.12050000000000,0.15010000000000,3.86300000000000,11.8674,109.9791,3683297718602,9.8243,9.6742,0.1501,3.8648,9.6724,9.6691,0.0033,8.2994,14688.0970,NA,NA,NA,NA
Endfield.exe,53680,0x125AB2630,DXGI,0,512,0,Composed: Flip,Application,3683297915215,NA,9.98710000000000,8.33390000000000,0.18820000000000,2.75040000000000,10.2142,118.3130,3683297816845,10.0252,9.8370,0.1882,3.7129,8.8745,8.8623,0.0122,NA,0.0000,NA,NA,NA,NA
Endfield.exe,53680,0x125AB2630,DXGI,0,512,0,Composed: Flip,Application,3683298014705,NA,9.94900000000000,17.88280000000000,0.15160000000000,4.90640000000000,18.1480,136.1958,3683297917097,9.9124,9.7608,0.1516,2.5622,12.1050,12.1050,0.0000,NA,0.0000,NA,NA,NA,NA
Endfield.exe,53680,0x125AB2630,DXGI,0,512,0,Composed: Flip,Application,3683298113992,NA,9.92870000000000,7.13770000000000,0.13610000000000,4.30530000000000,15.3570,143.3335,3683298016221,9.9132,9.7771,0.1361,4.7548,9.3276,9.3276,0.0000,NA,0.0000,NA,NA,NA,NA
Endfield.exe,53680,0x125AB2630,DXGI,0,512,0,Composed: Flip,Application,3683298211542,39.8001,9.75500000000000,NA,0.18470000000000,7.43240000000000,NA,NA,3683298115353,9.8036,9.6189,0.1847,4.1692,12.8821,12.8773,0.0048,NA,NA,NA,NA,NA,NA
Endfield.exe,53680,0x125AB2630,DXGI,0,512,0,Composed: Flip,Application,3683298310189,NA,9.86470000000000,16.62490000000000,0.16130000000000,2.92860000000000,12.3622,120.1583,3683298213389,9.8413,9.6800,0.1613,7.2477,5.3609,5.3544,0.0065,NA,0.0000,NA,NA,NA,NA
Endfield.exe,53680,0x125AB2630,DXGI,0,512,0,Composed: Flip,Application,3683298408884,NA,9.86950000000000,9.56550000000000,0.14830000000000,3.92980000000000,12.0582,129.7238,3683298311802,9.8565,9.7082,0.1483,2.7673,10.8707,10.8707,0.0000,NA,0.0000,NA,NA,NA,NA
Endfield.exe,53680,0x125AB2630,DXGI,0,512,0,Composed: Flip,Application,3683298509622,NA,10.07380000000000,15.45190000000000,0.24130000000000,4.60970000000000,17.4363,145.1757,3683298410367,10.1668,9.9255,0.2413,3.7815,10.7537,10.7537,0.0000,NA,0.0000,NA,NA,NA,NA
Endfield.exe,53680,0x125AB2630,DXGI,0,512,0,Composed: Flip,Application,3683298605381,39.7662,9.57590000000000,8.33060000000000,0.14710000000000,4.49270000000000,16.1910,113.7401,3683298512035,9.4817,9.3346,0.1471,4.3684,9.4589,9.4567,0.0022,-3.7610,14767.6633,NA,NA,NA,NA
Endfield.exe,53680,0x125AB2630,DXGI,0,512,0,Composed: Flip,Application,3683298706009,NA,10.06280000000000,9.54460000000000,0.24450000000000,5.06270000000000,15.6728,123.2847,3683298606852,10.1602,9.9157,0.2445,4.3456,10.6328,10.6169,0.0159,NA,0.0000,NA,NA,NA,NA
Endfield.exe,53680,0x125AB2630,DXGI,0,512,0,Composed: Flip,Application,3683298806642,NA,10.06330000000000,7.12260000000000,0.18720000000000,2.27020000000000,12.7321,130.4073,3683298708454,10.0060,9.8188,0.1872,4.8182,7.2708,7.2708,0.0000,NA,0.0000,NA,NA,NA,NA
Endfield.exe,53680,0x125AB2630,DXGI,0,512,0,Composed: Flip,Application,3683298904560,NA,9.79180000000000,8.31210000000000,0.16840000000000,2.00450000000000,11.2524,138.7194,3683298808514,9.7730,9.6046,0.1684,2.0830,9.5261,9.5261,0.0000,NA,0.0000,NA,NA,NA,NA
Endfield.exe,53680,0x125AB2630,DXGI,0,512,0,Composed: Flip,Application,3683299003529,39.3147,9.89690000000000,16.67550000000000,0.21290000000000,4.12210000000000,18.0310,116.0802,3683298906244,9.9414,9.7285,0.2129,1.8361,12.0145,12.0137,0.0008,-2.3401,14806.9780,NA,NA,NA,NA
Endfield.exe,53680,0x125AB2630,DXGI,0,512,0,Composed: Flip,Application,3683299104083,NA,10.05540000000000,8.34610000000000,0.35520000000000,4.86450000000000,16.3217,124.4263,3683299005658,10.1977,9.8425,0.3552,3.9092,10.7978,10.7814,0.0164,NA,0.0000,NA,NA,NA,NA
Endfield.exe,53680,0x125AB2630,DXGI,0,512,0,Composed: Flip,Application,3683299201801,NA,9.77180000000000,8.32890000000000,0.24010000000000,4.76860000000000,14.8788,132.7552,3683299107635,9.6567,9.4166,0.2401,4.5093,9.6759,9.6759,0.0000,NA,0.0000,NA,NA,NA,NA
Endfield.exe,53680,0x125AB2630,DXGI,0,512,0,Composed: Flip,Application,3683299302065,NA,10.02640000000000,9.55460000000000,0.16960000000000,3.80560000000000,14.4070,142.3098,3683299204202,9.9559,9.7863,0.1696,4.5285,9.0634,9.0634,0.0000,NA,0.0000,NA,NA,NA,NA
Endfield.exe,53680,0x125AB2630,DXGI,0,512,0,Composed: Flip,Application,3683299393844,39.5899,9.17790000000000,7.11470000000000,0.16160000000000,3.84900000000000,12.3438,109.8346,3683299303761,9.1699,9.0083,0.1616,3.6360,9.2213,9.2188,0.0025,6.2456,14846.5679,NA,NA,NA,NA
Endfield.exe,53680,0x125AB2630,DXGI,0,512,0,Composed: Flip,Application,3683299492624,NA,9.87800000000000,8.41080000000000,0.16050000000000,2.90240000000000,10.8766,118.2454,3683299395460,9.8769,9.7164,0.1605,3.6874,8.9314,8.9202,0.0112,NA,0.0000,NA,NA,NA,NA
Endfield.exe,53680,0x125AB2630,DXGI,0,512,0,Composed: Flip,Application,3683299592094,NA,9.94700000000000,9.46050000000000,0.22590000000000,2.25670000000000,10.3901,127.7059,3683299494229,10.0124,9.7865,0.2259,2.7419,9.3013,9.3013,0.0000,NA,0.0000,NA,NA,NA,NA
Endfield.exe,53680,0x125AB2630,DXGI,0,512,0,Composed: Flip,Application,3683299690678,NA,9.85840000000000,15.46750000000000,0.21260000000000,4.61580000000000,15.9992,143.1734,3683299594353,9.8451,9.6325,0.2126,2.0308,12.2175,12.2175,0.0000,NA,0.0000,NA,NA,NA,NA
Endfield.exe,53680,0x125AB2630,DXGI,0,512,0,Composed: Flip,Application,3683299787194,39.5041,9.65160000000000,8.32590000000000,0.18780000000000,7.44910000000000,14.6735,111.9952,3683299692804,9.6268,9.4390,0.1878,4.4032,12.4849,12.4823,0.0026,-2.1606,14886.0720,NA,24.9687,NA,NA
Endfield.exe,53680,0x125AB2630,DXGI,0,512,0,Composed: Flip,Application,3683299885518,NA,9.83240000000000,8.32700000000000,0.14520000000000,3.21680000000000,13.1681,120.3222,3683299789072,9.7898,9.6446,0.1452,7.2613,5.6001,5.5939,0.0062,NA,0.0000,NA,NA,NA,NA
Endfield.exe,53680,0x125AB2630,DXGI,0,512,0,Composed: Flip,Application,3683299984762,NA,9.92440000000000,8.40180000000000,0.22940000000000,2.23740000000000,11.6455,128.7240,3683299886970,10.0086,9.7792,0.2294,3.0716,8.9450,8.9450,0.0000,NA,0.0000,NA,NA,NA,NA
Endfield.exe,53680,0x125AB2630,DXGI,0,512,0,Composed: Flip,Application,3683300083509,NA,9.87470000000000,8.27990000000000,0.15100000000000,2.93870000000000,10.0507,137.0039,3683299987056,9.7963,9.6453,0.1510,2.0080,10.5760,10.5760,0.0000,NA,0.0000,NA,NA,NA,NA
Endfield.exe,53680,0x125AB2630,DXGI,0,512,0,Composed: Flip,Application,3683300191546,39.4196,10.80370000000000,17.87870000000000,0.18000000000000,4.53410000000000,17.1257,115.4630,3683300085019,10.8327,10.6527,0.1800,2.7877,12.3991,12.3955,0.0036,-3.4678,14925.4916,NA,26.8549,NA,NA
Endfield.exe,53680,0x125AB2630,DXGI,0,512,0,Composed: Flip,Application,3683300289683,NA,9.81370000000000,7.10600000000000,0.21350000000000,2.63870000000000,14.4180,122.5690,3683300193346,9.8472,9.6337,0.2135,4.3541,7.9183,7.9014,0.0169,NA,0.0000,NA,NA,NA,NA
Endfield.exe,53680,0x125AB2630,DXGI,0,512,0,Composed: Flip,Application,3683300388874,NA,9.91910000000000,8.34280000000000,0.18580000000000,3.36840000000000,12.8417,130.9118,3683300291818,9.8914,9.7056,0.1858,2.4252,10.6488,10.6488,0.0000,NA,0.0000,NA,NA,NA,NA
Endfield.exe,53680,0x125AB2630,DXGI,0,512,0,Composed: Flip,Application,3683300486641,NA,9.77670000000000,9.55800000000000,0.16680000000000,4.01510000000000,12.6230,140.4698,3683300390732,9.7577,9.5909,0.1668,3.1826,10.4234,10.4234,0.0000,NA,0.0000,NA,NA,NA,NA
Endfield.exe,53680,0x125AB2630,DXGI,0,512,0,Composed: Flip,Application,3683300581792,39.7713,9.51510000000000,15.44680000000000,0.16590000000000,4.39170000000000,18.5547,116.1453,3683300488309,9.5142,9.3483,0.1659,3.8483,9.8917,9.8888,0.0029,-0.6823,14965.2629,NA,36.3088,NA,NA
Endfield.exe,53680,0x125AB2630,DXGI,0,512,0,Composed: Flip,Application,3683300681245,NA,9.94530000000000,9.54770000000000,0.23420000000000,5.18900000000000,18.1571,125.6930,3683300583451,10.0136,9.7794,0.2342,4.2258,10.7426,10.7286,0.0140,NA,0.0000,NA,NA,NA,NA
Endfield.exe,53680,0x125AB2630,DXGI,0,512,0,Composed: Flip,Application,3683300778245,NA,9.70000000000000,7.12080000000000,0.15450000000000,4.42460000000000,15.5779,132.8138,3683300683587,9.6203,9.4658,0.1545,4.9548,8.9356,8.9356,0.0000,NA,0.0000,NA,NA,NA,NA
Endfield.exe,53680,0x125AB2630,DXGI,0,512,0,Composed: Flip,Application,3683300877823,NA,9.95780000000000,8.33390000000000,0.17150000000000,4.63830000000000,13.9540,141.1477,3683300779790,9.9748,9.8033,0.1715,4.2701,10.1715,10.1715,0.0000,NA,0.0000,NA,NA,NA,NA
Endfield.exe,53680,0x125AB2630,DXGI,0,512,0,Composed: Flip,Application,3683300968125,40.0832,9.03020000000000,8.36030000000000,0.16170000000000,2.29790000000000,13.2841,109.4248,3683300879538,9.0204,8.8587,0.1617,4.4668,6.6898,6.6859,0.0039,6.7205,15005.3461,NA,22.6630,NA,NA
Endfield.exe,53680,0x125AB2630,DXGI,0,512,0,Composed: Flip,Application,3683301066721,NA,9.85960000000000,8.30290000000000,0.19470000000000,3.49910000000000,11.7274,117.7277,3683300969742,9.8926,9.6979,0.1947,2.1362,11.0608,11.0420,0.0188,NA,0.0000,NA,NA,NA,NA
Endfield.exe,53680,0x125AB2630,DXGI,0,512,0,Composed: Flip,Application,3683301164734,NA,9.80130000000000,8.31300000000000,0.22410000000000,2.98530000000000,10.2391,126.0407,3683301068668,9.8307,9.6066,0.2241,3.3044,9.2875,9.2875,0.0000,NA,0.0000,NA,NA,NA,NA
Endfield.exe,53680,0x125AB2630,DXGI,0,512,0,Composed: Flip,Application,3683301262975,NA,9.82410000000000,9.56180000000000,0.46790000000000,4.03460000000000,9.9768,135.6025,3683301166975,10.0679,9.6000,0.4679,2.7612,10.8734,10.8734,0.0000,NA,0.0000,NA,NA,NA,NA
Endfield.exe,53680,0x125AB2630,DXGI,0,512,0,Composed: Flip,Application,3683301369916,39.0377,10.69410000000000,15.43260000000000,0.22880000000000,4.42850000000000,14.7153,111.9974,3683301267654,10.4550,10.2262,0.2288,3.5667,11.0880,11.0851,0.0029,-2.5726,15044.3838,NA,34.2829,NA,NA
Endfield.exe,53680,0x125AB2630,DXGI,0,512,0,Composed: Flip,Application,3683301468353,NA,9.84370000000000,9.62660000000000,0.30150000000000,3.21510000000000,14.4982,121.6240,3683301372204,9.9164,9.6149,0.3015,4.1997,8.6303,8.6149,0.0154,NA,0.0000,NA,NA,NA,NA
Endfield.exe,53680,0x125AB2630,DXGI,0,512,0,Composed: Flip,Application,3683301564763,NA,9.64100000000000,7.06240000000000,0.15520000000000,4.16110000000000,11.9196,128.6864,3683301471368,9.4947,9.3395,0.1552,2.9136,10.5870,10.5870,0.0000,NA,0.0000,NA,NA,NA,NA
Endfield.exe,53680,0x125AB2630,DXGI,0,512,0,Composed: Flip,Application,3683301662924,NA,9.81610000000000,16.66360000000000,0.18450000000000,3.55510000000000,18.7671,145.3500,3683301566315,9.8454,9.6609,0.1845,4.0059,9.2101,9.2101,0.0000,NA,0.0000,NA,NA,NA,NA
Endfield.exe,53680,0x125AB2630,DXGI,0,512,0,Composed: Flip,Application,3683301770422,38.6381,10.74980000000000,8.39540000000000,0.24420000000000,4.25160000000000,16.4127,115.1073,3683301664769,10.8095,10.5653,0.2442,3.3706,11.4463,11.4440,0.0023,-3.1099,15083.0219,NA,NA,NA,NA
Endfield.exe,53680,0x125AB2630,DXGI,0,512,0,Composed: Flip,Application,3683301891456,NA,12.10340000000000,8.28230000000000,0.22110000000000,2.82280000000000,12.5916,123.3896,3683301772864,12.0803,11.8592,0.2211,4.0074,10.6746,10.6581,0.0165,NA,0.0000,NA,NA,NA,NA
Endfield.exe,53680,0x125AB2630,DXGI,0,512,0,Composed: Flip,Application,3683301967423,NA,7.59670000000000,8.39290000000000,0.16270000000000,2.52270000000000,13.3878,131.7825,3683301893667,7.5383,7.3756,0.1627,2.6017,7.2966,7.2966,0.0000,NA,0.0000,NA,NA,NA,NA
Endfield.exe,53680,0x125AB2630,DXGI,0,512,0,Composed: Flip,Application,3683302066856,NA,9.94330000000000,9.49020000000000,0.21180000000000,2.32320000000000,12.9347,141.2727,3683301969050,9.9924,9.7806,0.2118,2.3600,9.7438,9.7438,0.0000,NA,0.0000,NA,NA,NA,NA
Endfield.exe,53680,0x125AB2630,DXGI,0,512,0,Composed: Flip,Application,3683302170011,40.1087,10.31550000000000,16.66600000000000,0.17310000000000,4.43610000000000,19.2852,117.8300,3683302068974,10.2768,10.1037,0.1731,2.1114,12.4284,12.4256,0.0028,-2.7227,15123.1306,NA,NA,NA,NA
Endfield.exe,53680,0x125AB2630,DXGI,0,512,0,Composed: Flip,Application,3683302271716,NA,10.17050000000000,7.11420000000000,0.22200000000000,4.51510000000000,16.2289,124.9442,3683302171742,10.2194,9.9974,0.2220,4.2630,10.2495,10.2353,0.0142,NA,0.0000,NA,NA,NA,NA
Endfield.exe,53680,0x125AB2630,DXGI,0,512,0,Composed: Flip,Application,3683302370310,NA,9.85940000000000,8.32700000000000,0.19570000000000,4.84410000000000,14.6965,133.2712,3683302273936,9.8331,9.6374,0.1957,4.2931,10.1884,10.1884,0.0000,NA,0.0000,NA,NA,NA,NA
Endfield.exe,53680,0x125AB2630,DXGI,0,512,0,Composed: Flip,Application,3683302471009,NA,10.06990000000000,8.36460000000000,0.15060000000000,3.48620000000000,12.9912,141.6358,3683302372267,10.0248,9.8742,0.1506,4.6484,8.7120,8.7120,0.0000,NA,0.0000,NA,NA,NA,NA
Endfield.exe,53680,0x125AB2630,DXGI,0,512,0,Composed: Flip,Application,3683302564984,40.0347,9.39750000000000,8.29880000000000,0.25830000000000,3.91170000000000,11.8925,109.8999,3683302472515,9.5052,9.2469,0.2583,3.3356,9.8230,9.8220,0.0010,7.9301,15163.1653,NA,NA,NA,NA
Endfield.exe,53680,0x125AB2630,DXGI,0,512,0,Composed: Flip,Application,3683302663622,NA,9.86380000000000,8.32850000000000,0.16680000000000,2.78420000000000,10.3572,118.2284,3683302567567,9.7723,9.6055,0.1668,3.6534,8.7363,8.7252,0.0111,NA,0.0000,NA,NA,NA,NA
Endfield.exe,53680,0x125AB2630,DXGI,0,512,0,Composed: Flip,Application,3683302763201,NA,9.95790000000000,17.92850000000000,0.15880000000000,4.18450000000000,18.3278,136.1569,3683302665290,9.9499,9.7911,0.1588,2.6174,11.3582,11.3582,0.0000,NA,0.0000,NA,NA,NA,NA
Endfield.exe,53680,0x125AB2630,DXGI,0,512,0,Composed: Flip,Application,3683302862747,NA,9.95460000000000,7.09950000000000,0.29470000000000,4.33220000000000,15.4727,143.2564,3683302764789,10.0905,9.7958,0.2947,4.0257,10.1023,10.1023,0.0000,NA,0.0000,NA,NA,NA,NA
Endfield.exe,53680,0x125AB2630,DXGI,0,512,0,Composed: Flip,Application,3683302960084,40.0287,9.73370000000000,NA,0.29840000000000,7.36410000000000,NA,NA,3683302865694,9.7374,9.4390,0.2984,4.0375,12.7656,12.7625,0.0031,NA,NA,NA,NA,NA,NA
Endfield.exe,53680,0x125AB2630,DXGI,0,512,0,Composed: Flip,Application,3683303058804,NA,9.87200000000000,17.88970000000000,0.17110000000000,2.81830000000000,13.7567,121.1174,3683302963068,9.7447,9.5736,0.1711,7.0657,5.3262,5.3212,0.0050,NA,0.0000,NA,NA,NA,NA
Endfield.exe,53680,0x125AB2630,DXGI,0,512,0,Composed: Flip,Application,3683303157342,NA,9.85380000000000,15.41730000000000,0.18190000000000,4.32860000000000,19.3202,136.5347,3683303060515,9.8646,9.6827,0.1819,2.6472,11.3641,11.3641,0.0000,NA,0.0000,NA,NA,NA,NA
Endfield.exe,53680,0x125AB2630,DXGI,0,512,0,Composed: Flip,Application,3683303256985,NA,9.96430000000000,8.35070000000000,0.13720000000000,4.37890000000000,17.7066,144.8854,3683303159161,9.9196,9.7824,0.1372,4.1467,10.0146,10.0146,0.0000,NA,0.0000,NA,NA,NA,NA
Endfield.exe,53680,0x125AB2630,DXGI,0,512,0,Composed: Flip,Application,3683303353060,39.0011,9.60750000000000,9.56050000000000,0.15620000000000,4.56600000000000,17.6596,115.4448,3683303258357,9.6265,9.4703,0.1562,4.2417,9.7946,9.7917,0.0029,-5.5449,15242.1951,NA,NA,NA,NA
Endfield.exe,53680,0x125AB2630,DXGI,0,512,0,Composed: Flip,Application,3683303451888,NA,9.88280000000000,7.09060000000000,0.17740000000000,2.76820000000000,14.8674,122.5354,3683303354622,9.9040,9.7266,0.1774,4.4098,8.0850,8.0697,0.0153,NA,0.0000,NA,NA,NA,NA
Endfield.exe,53680,0x125AB2630,DXGI,0,512,0,Composed: Flip,Application,3683303550760,NA,9.88720000000000,8.33430000000000,0.17520000000000,3.95450000000000,13.3145,130.8697,3683303453662,9.8850,9.7098,0.1752,2.5908,11.0735,11.0735,0.0000,NA,0.0000,NA,NA,NA,NA
Endfield.exe,53680,0x125AB2630,DXGI,0,512,0,Composed: Flip,Application,3683303651005,NA,10.02450000000000,9.57130000000000,0.13760000000000,2.05390000000000,12.8613,140.4410,3683303552512,9.9869,9.8493,0.1376,3.7793,8.1239,8.1239,0.0000,NA,0.0000,NA,NA,NA,NA
Endfield.exe,53680,0x125AB2630,DXGI,0,512,0,Composed: Flip,Application,3683303747787,39.8269,9.67820000000000,16.65540000000000,0.20120000000000,3.87260000000000,19.8385,117.2695,3683303652381,9.7418,9.5406,0.2012,1.9163,11.4969,11.4938,0.0031,-1.8247,15282.0220,NA,NA,NA,NA
Endfield.exe,53680,0x125AB2630,DXGI,0,512,0,Composed: Flip,Application,3683303847333,NA,9.95460000000000,7.12260000000000,0.22460000000000,4.72620000000000,17.0065,124.3921,3683303749799,9.9780,9.7534,0.2246,3.6714,10.8082,10.7908,0.0174,NA,0.0000,NA,NA,NA,NA
Endfield.exe,53680,0x125AB2630,DXGI,0,512,0,Composed: Flip,Application,3683303945053,NA,9.77200000000000,8.31680000000000,0.16990000000000,5.09550000000000,15.5513,132.7089,3683303849579,9.7173,9.5474,0.1699,4.5016,10.1413,10.1413,0.0000,NA,0.0000,NA,NA,NA,NA
Endfield.exe,53680,0x125AB2630,DXGI,0,512,0,Composed: Flip,Application,3683304044577,NA,9.95240000000000,8.34670000000000,0.15240000000000,4.23180000000000,13.9456,141.0556,3683303946752,9.9349,9.7825,0.1524,4.9256,9.0887,9.0887,0.0000,NA,0.0000,NA,NA,NA,NA
Endfield.exe,53680,0x125AB2630,DXGI,0,512,0,Composed: Flip,Application,3683304138913,39.4022,9.43360000000000,9.55890000000000,0.16920000000000,2.38020000000000,14.0709,111.2123,3683304046101,9.4504,9.2812,0.1692,4.0794,7.5820,7.5794,0.0026,6.0572,15321.4242,NA,NA,NA,NA
Endfield.exe,53680,0x125AB2630,DXGI,0,512,0,Composed: Flip,Application,3683304237783,NA,9.88700000000000,7.09950000000000,0.17180000000000,2.75860000000000,11.2834,118.3118,3683304140605,9.8896,9.7178,0.1718,2.2110,10.2654,10.2502,0.0152,NA,0.0000,NA,NA,NA,NA
Endfield.exe,53680,0x125AB2630,DXGI,0,512,0,Composed: Flip,Application,3683304335993,NA,9.82100000000000,8.33850000000000,0.15330000000000,2.73000000000000,9.8009,126.6503,3683304239501,9.8025,9.6492,0.1533,2.5868,9.7924,9.7924,0.0000,NA,0.0000,NA,NA,NA,NA
Endfield.exe,53680,0x125AB2630,DXGI,0,512,0,Composed: Flip,Application,3683304434790,NA,9.87970000000000,16.68330000000000,0.14300000000000,2.33820000000000,16.6045,143.3336,3683304337526,9.8694,9.7264,0.1430,2.5767,9.4879,9.4879,0.0000,NA,0.0000,NA,NA,NA,NA
Endfield.exe,53680,0x125AB2630,DXGI,0,512,0,Composed: Flip,Application,3683304531810,39.4800,9.70200000000000,8.31610000000000,0.18930000000000,4.56720000000000,15.2186,112.1697,3683304436220,9.7483,9.5590,0.1893,2.1952,11.9310,11.9279,0.0031,-0.9574,15360.9042,NA,43.9568,NA,NA
Endfield.exe,53680,0x125AB2630,DXGI,0,512,0,Composed: Flip,Application,3683304630557,NA,9.87470000000000,NA,0.24080000000000,8.22360000000000,NA,NA,3683304533703,9.9262,9.6854,0.2408,4.3779,13.5311,13.5145,0.0166,NA,NA,NA,NA,NA,NA
Endfield.exe,53680,0x125AB2630,DXGI,0,512,0,Composed: Flip,Application,3683304728919,NA,9.83620000000000,17.90600000000000,0.17940000000000,3.17220000000000,13.4137,130.0757,3683304632965,9.7748,9.5954,0.1794,7.9828,4.7848,4.7848,0.0000,NA,0.0000,NA,NA,NA,NA
Endfield.exe,53680,0x125AB2630,DXGI,0,512,0,Composed: Flip,Application,3683304826499,NA,9.75800000000000,15.41730000000000,0.15720000000000,4.12710000000000,19.0730,145.4930,3683304730713,9.7358,9.5786,0.1572,2.9928,10.7129,10.7129,0.0000,NA,0.0000,NA,NA,NA,NA
Endfield.exe,53680,0x125AB2630,DXGI,0,512,0,Composed: Flip,Application,3683304923009,39.1264,9.65100000000000,8.32820000000000,0.16520000000000,4.48000000000000,17.7502,114.6948,3683304828071,9.6590,9.4938,0.1652,3.9699,10.0039,10.0009,0.0030,-2.5251,15400.0306,NA,NA,NA,NA
Endfield.exe,53680,0x125AB2630,DXGI,0,512,0,Composed: Flip,Application,3683305022256,NA,9.92470000000000,8.34580000000000,0.16280000000000,3.17590000000000,16.1713,123.0406,3683304924661,9.9223,9.7595,0.1628,4.3148,8.6206,8.6073,0.0133,NA,0.0000,NA,NA,NA,NA
Endfield.exe,53680,0x125AB2630,DXGI,0,512,0,Composed: Flip,Application,3683305118587,NA,9.63310000000000,8.33500000000000,0.16650000000000,4.84980000000000,14.8732,131.3756,3683305023884,9.6368,9.4703,0.1665,3.0131,11.3070,11.3070,0.0000,NA,0.0000,NA,NA,NA,NA
Endfield.exe,53680,0x125AB2630,DXGI,0,512,0,Composed: Flip,Application,3683305217380,NA,9.87930000000000,8.34130000000000,0.15390000000000,3.97390000000000,13.3352,139.7169,3683305120252,9.8667,9.7128,0.1539,4.6833,9.0034,9.0034,0.0000,NA,0.0000,NA,NA,NA,NA
Endfield.exe,53680,0x125AB2630,DXGI,0,512,0,Composed: Flip,Application,3683305325500,39.2782,10.81200000000000,9.55390000000000,0.18180000000000,3.83500000000000,12.0771,109.9926,3683305218919,10.8399,10.6581,0.1818,3.8200,10.6731,10.6722,0.0009,4.7022,15439.3088,NA,NA,NA,NA
Endfield.exe,53680,0x125AB2630,DXGI,0,512,0,Composed: Flip,Application,3683305423041,NA,9.75410000000000,15.43470000000000,0.29710000000000,4.81900000000000,17.7577,125.4273,3683305327318,9.8694,9.5723,0.2971,3.6532,10.7381,10.7234,0.0147,NA,0.0000,NA,NA,NA,NA
Endfield.exe,53680,0x125AB2630,DXGI,0,512,0,Composed: Flip,Application,3683305520760,NA,9.77190000000000,8.31370000000000,0.16740000000000,4.96960000000000,16.2995,133.7410,3683305426012,9.6422,9.4748,0.1674,4.5219,9.9225,9.9225,0.0000,NA,0.0000,NA,NA,NA,NA
Endfield.exe,53680,0x125AB2630,DXGI,0,512,0,Composed: Flip,Application,3683305618548,NA,9.77880000000000,9.61900000000000,0.15770000000000,4.78540000000000,16.1397,143.3600,3683305522434,9.7691,9.6114,0.1577,4.8022,9.5946,9.5946,0.0000,NA,0.0000,NA,NA,NA,NA
Endfield.exe,53680,0x125AB2630,DXGI,0,512,0,Composed: Flip,Application,3683305714324,39.1096,9.57760000000000,7.07700000000000,0.21470000000000,1.82910000000000,13.6391,111.3274,3683305620125,9.6346,9.4199,0.2147,4.6277,6.6213,6.6185,0.0028,-1.3348,15478.4184,NA,37.6197,NA,NA
Endfield.exe,53680,0x125AB2630,DXGI,0,512,0,Composed: Flip,Application,3683305812415,NA,9.80910000000000,9.57490000000000,0.24010000000000,2.50720000000000,13.4049,120.9023,3683305716471,9.8345,9.5944,0.2401,1.6144,10.4872,10.4709,0.0163,NA,0.0000,NA,NA,NA,NA
Endfield.exe,53680,0x125AB2630,DXGI,0,512,0,Composed: Flip,Application,3683305910724,NA,9.83090000000000,15.40740000000000,0.23900000000000,4.25990000000000,18.9814,136.3097,3683305814816,9.8298,9.5908,0.2390,2.2671,11.5836,11.5836,0.0000,NA,0.0000,NA,NA,NA,NA
Endfield.exe,53680,0x125AB2630,DXGI,0,512,0,Composed: Flip,Application,3683306007646,NA,9.69220000000000,8.34340000000000,0.16660000000000,3.93260000000000,17.6326,144.6531,3683305913114,9.6198,9.4532,0.1666,4.0209,9.3649,9.3649,0.0000,NA,0.0000,NA,NA,NA,NA
Endfield.exe,53680,0x125AB2630,DXGI,0,512,0,Composed: Flip,Application,3683306104974,39.4327,9.73280000000000,9.55660000000000,0.19240000000000,4.51590000000000,17.4564,114.7770,3683306009312,9.7586,9.5662,0.1924,3.7660,10.3161,10.3136,0.0025,-3.4496,15517.8511,NA,22.5142,NA,NA
Endfield.exe,53680,0x125AB2630,DXGI,0,512,0,Composed: Flip,Application,3683306202113,NA,9.71390000000000,7.11090000000000,0.17220000000000,2.81650000000000,14.8534,121.8879,3683306106898,9.6937,9.5215,0.1722,4.3235,8.0145,7.9972,0.0173,NA,0.0000,NA,NA,NA,NA
Endfield.exe,53680,0x125AB2630,DXGI,0,512,0,Composed: Flip,Application,3683306299460,NA,9.73470000000000,8.32050000000000,0.22350000000000,4.21220000000000,13.4392,130.2084,3683306203835,9.7860,9.5625,0.2235,2.6443,11.1304,11.1304,0.0000,NA,0.0000,NA,NA,NA,NA
Endfield.exe,53680,0x125AB2630,DXGI,0,512,0,Composed: Flip,Application,3683306398200,NA,9.87400000000000,9.58650000000000,0.22690000000000,2.73500000000000,13.1517,139.7949,3683306301695,9.8774,9.6505,0.2269,3.9887,8.3968,8.3968,0.0000,NA,0.0000,NA,NA,NA,NA
Endfield.exe,53680,0x125AB2630,DXGI,0,512,0,Composed: Flip,Application,3683306499245,39.7104,10.10450000000000,15.42960000000000,0.14830000000000,4.15360000000000,18.4768,115.5141,3683306400469,10.0259,9.8776,0.1483,2.5081,11.5231,11.5199,0.0032,-0.7371,15557.5615,NA,20.9652,NA,NA
Endfield.exe,53680,0x125AB2630,DXGI,0,512,0,Composed: Flip,Application,3683306597760,NA,9.85150000000000,8.33520000000000,0.20120000000000,2.68830000000000,16.9605,123.8493,3683306500728,9.9044,9.7032,0.2012,4.0053,8.3862,8.3726,0.0136,NA,0.0000,NA,NA,NA,NA
Endfield.exe,53680,0x125AB2630,DXGI,0,512,0,Composed: Flip,Application,3683306694814,NA,9.70540000000000,8.33130000000000,0.26730000000000,4.41630000000000,15.5864,132.1806,3683306599772,9.7715,9.5042,0.2673,2.4871,11.4334,11.4334,0.0000,NA,0.0000,NA,NA,NA,NA
Endfield.exe,53680,0x125AB2630,DXGI,0,512,0,Composed: Flip,Application,3683306793990,NA,9.91760000000000,8.32880000000000,0.16860000000000,2.57450000000000,13.9976,140.5094,3683306697487,9.8189,9.6503,0.1686,4.1490,8.0758,8.0758,0.0000,NA,0.0000,NA,NA,NA,NA
Endfield.exe,53680,0x125AB2630,DXGI,0,512,0,Composed: Flip,Application,3683306897308,39.2843,10.33180000000000,8.33050000000000,0.15650000000000,2.08420000000000,11.9963,109.5556,3683306795676,10.3197,10.1632,0.1565,2.4059,9.8415,9.8406,0.0009,5.9585,15596.8458,NA,33.2955,NA,NA
Endfield.exe,53680,0x125AB2630,DXGI,0,512,0,Composed: Flip,Application,3683306995322,NA,9.80140000000000,9.57610000000000,0.16810000000000,3.53320000000000,11.7710,119.1317,3683306898873,9.8130,9.6449,0.1681,1.9277,11.2504,11.2377,0.0127,NA,0.0000,NA,NA,NA,NA
Endfield.exe,53680,0x125AB2630,DXGI,0,512,0,Composed: Flip,Application,3683307093420,NA,9.80980000000000,15.42410000000000,0.21760000000000,4.96960000000000,17.3853,134.5558,3683306997003,9.8593,9.6417,0.2176,3.3651,11.2462,11.2462,0.0000,NA,0.0000,NA,NA,NA,NA
Endfield.exe,53680,0x125AB2630,DXGI,0,512,0,Composed: Flip,Application,3683307191393,NA,9.79730000000000,8.33500000000000,0.22140000000000,4.85480000000000,15.9230,142.8908,3683307095596,9.8011,9.5797,0.2214,4.7520,9.6825,9.6825,0.0000,NA,0.0000,NA,NA,NA,NA
Endfield.exe,53680,0x125AB2630,DXGI,0,512,0,Composed: Flip,Application,3683307299810,39.4458,10.84170000000000,9.58310000000000,0.16490000000000,2.33210000000000,14.6644,113.0281,3683307193607,10.7852,10.6203,0.1649,4.6334,8.3190,8.3167,0.0023,-3.4725,15636.2916,NA,NA,NA,NA
Endfield.exe,53680,0x125AB2630,DXGI,0,512,0,Composed: Flip,Application,3683307398716,NA,9.89060000000000,7.07930000000000,0.16210000000000,2.59400000000000,11.8531,120.1074,3683307301459,9.8878,9.7257,0.1621,2.1672,10.1525,10.1380,0.0145,NA,0.0000,NA,NA,NA,NA
Endfield.exe,53680,0x125AB2630,DXGI,0,512,0,Composed: Flip,Application,3683307497287,NA,9.85710000000000,16.66890000000000,0.15620000000000,3.41390000000000,18.6649,136.7763,3683307400337,9.8512,9.6950,0.1562,2.4319,10.6770,10.6770,0.0000,NA,0.0000,NA,NA,NA,NA
Endfield.exe,53680,0x125AB2630,DXGI,0,512,0,Composed: Flip,Application,3683307596955,NA,9.96680000000000,8.34020000000000,0.15900000000000,4.78010000000000,17.0383,145.1165,3683307498849,9.9696,9.8106,0.1590,3.2577,11.3330,11.3330,0.0000,NA,0.0000,NA,NA,NA,NA
Endfield.exe,53680,0x125AB2630,DXGI,0,512,0,Composed: Flip,Application,3683307691790,39.8132,9.48350000000000,9.56770000000000,0.15990000000000,4.66010000000000,17.1225,114.8710,3683307598545,9.4844,9.3245,0.1599,4.6211,9.3635,9.3610,0.0025,-1.8429,15676.1048,NA,NA,NA,NA
Endfield.exe,53680,0x125AB2630,DXGI,0,512,0,Composed: Flip,Application,3683307790127,NA,9.83370000000000,7.11460000000000,0.15720000000000,2.83360000000000,14.4034,121.9856,3683307693389,9.8310,9.6738,0.1572,4.5002,8.0072,7.9925,0.0147,NA,0.0000,NA,NA,NA,NA
Endfield.exe,53680,0x125AB2630,DXGI,0,512,0,Composed: Flip,Application,3683307887701,NA,9.75740000000000,8.30550000000000,0.16840000000000,3.62430000000000,12.9515,130.2911,3683307791699,9.7686,9.6002,0.1684,2.6764,10.5481,10.5481,0.0000,NA,0.0000,NA,NA,NA,NA
Endfield.exe,53680,0x125AB2630,DXGI,0,512,0,Composed: Flip,Application,3683307988045,NA,10.03440000000000,8.32840000000000,0.21990000000000,1.87370000000000,11.2455,138.6195,3683307889385,10.0859,9.8660,0.2199,3.4559,8.2838,8.2838,0.0000,NA,0.0000,NA,NA,NA,NA
Endfield.exe,53680,0x125AB2630,DXGI,0,512,0,Composed: Flip,Application,3683308090674,40.0464,10.26290000000000,16.68470000000000,0.23400000000000,4.37530000000000,17.6673,115.2578,3683307990244,10.2770,10.0430,0.2340,1.6538,12.7645,12.7613,0.0032,-0.3868,15716.1512,NA,20.3009,NA,NA
Endfield.exe,53680,0x125AB2630,DXGI,0,512,0,Composed: Flip,Application,3683308189982,NA,9.93080000000000,9.56730000000000,0.25790000000000,5.16780000000000,17.3038,124.8251,3683308093014,9.9547,9.6968,0.2579,4.1413,10.7233,10.7070,0.0163,NA,0.0000,NA,NA,NA,NA
Endfield.exe,53680,0x125AB2630,DXGI,0,512,0,Composed: Flip,Application,3683308288539,NA,9.85570000000000,7.15630000000000,0.22680000000000,4.07590000000000,14.6044,131.9814,3683308192561,9.8246,9.5978,0.2268,4.9099,8.7638,8.7638,0.0000,NA,0.0000,NA,NA,NA,NA
Endfield.exe,53680,0x125AB2630,DXGI,0,512,0,Composed: Flip,Application,3683308388501,NA,9.99620000000000,8.31180000000000,0.21410000000000,3.44650000000000,12.9200,140.2932,3683308290807,9.9835,9.7694,0.2141,3.8491,9.3668,9.3668,0.0000,NA,0.0000,NA,NA,NA,NA
Endfield.exe,53680,0x125AB2630,DXGI,0,512,0,Composed: Flip,Application,3683308484712,39.1659,9.62110000000000,8.29230000000000,0.22620000000000,2.11910000000000,11.5912,109.4196,3683308390642,9.6332,9.4070,0.2262,3.2324,8.2937,8.2926,0.0011,5.8382,15755.3171,NA,14.6243,NA,NA
Endfield.exe,53680,0x125AB2630,DXGI,0,512,0,Composed: Flip,Application,3683308583035,NA,9.83230000000000,8.34970000000000,0.15890000000000,3.04900000000000,10.1086,117.7693,3683308486974,9.7650,9.6061,0.1589,1.8929,10.7622,10.7492,0.0130,NA,0.0000,NA,NA,NA,NA
Endfield.exe,53680,0x125AB2630,DXGI,0,512,0,Composed: Flip,Application,3683308682793,NA,9.97580000000000,16.65190000000000,0.26020000000000,2.80010000000000,16.7847,134.4212,3683308584624,10.0771,9.8169,0.2602,2.8901,9.7269,9.7269,0.0000,NA,0.0000,NA,NA,NA,NA
Endfield.exe,53680,0x125AB2630,DXGI,0,512,0,Composed: Flip,Application,3683308782194,NA,9.94010000000000,8.35810000000000,0.19730000000000,4.76000000000000,15.2027,142.7793,3683308685395,9.8772,9.6799,0.1973,2.5399,11.9000,11.9000,0.0000,NA,0.0000,NA,NA,NA,NA
Endfield.exe,53680,0x125AB2630,DXGI,0,512,0,Composed: Flip,Application,3683308893281,40.1090,11.10870000000000,8.28770000000000,0.26310000000000,4.08630000000000,12.3817,110.9580,3683308784167,11.1745,10.9114,0.2631,4.5627,10.4350,10.4341,0.0009,-1.5384,15795.4261,NA,15.2730,NA,NA
Endfield.exe,53680,0x125AB2630,DXGI,0,512,0,Composed: Flip,Application,3683308991579,NA,9.82980000000000,8.35630000000000,0.20740000000000,3.23140000000000,10.9082,119.3143,3683308895912,9.7741,9.5667,0.2074,3.8232,8.9749,8.9624,0.0125,NA,0.0000,NA,NA,NA,NA
Endfield.exe,53680,0x125AB2630,DXGI,0,512,0,Composed: Flip,Application,3683309090609,NA,9.90300000000000,16.66230000000000,0.45870000000000,2.67090000000000,17.6675,135.9766,3683308993653,10.1543,9.6956,0.4587,3.0240,9.3425,9.3425,0.0000,NA,0.0000,NA,NA,NA,NA
Endfield.exe,53680,0x125AB2630,DXGI,0,512,0,Composed: Flip,Application,3683309190158,NA,9.95490000000000,8.34410000000000,0.41010000000000,4.96280000000000,16.0567,144.3207,3683309095196,9.9063,9.4962,0.4101,2.2122,12.2468,12.2468,0.0000,NA,0.0000,NA,NA,NA,NA
Endfield.exe,53680,0x125AB2630,DXGI,0,512,0,Composed: Flip,Application,3683309297442,39.0515,10.72840000000000,8.35360000000000,0.21460000000000,4.63590000000000,13.6819,113.6228,3683309194259,10.5329,10.3183,0.2146,4.5527,10.4015,10.3991,0.0024,-2.6648,15834.4776,NA,18.1615,NA,NA
Endfield.exe,53680,0x125AB2630,DXGI,0,512,0,Composed: Flip,Application,3683309397503,NA,10.00610000000000,9.55560000000000,0.24730000000000,3.33800000000000,13.2314,123.1784,3683309299588,10.0388,9.7915,0.2473,4.4213,8.7082,8.6979,0.0103,NA,0.0000,NA,20.9876,NA,NA
Endfield.exe,53680,0x125AB2630,DXGI,0,512,0,Composed: Flip,Application,3683309497524,NA,10.00210000000000,15.40770000000000,0.20190000000000,4.67010000000000,18.6370,138.5861,3683309399976,9.9567,9.7548,0.2019,3.0907,11.3342,11.3342,0.0000,NA,0.0000,NA,NA,NA,NA
Endfield.exe,53680,0x125AB2630,DXGI,0,512,0,Composed: Flip,Application,3683309599993,NA,10.24690000000000,8.35340000000000,0.21620000000000,4.60290000000000,16.7435,146.9395,3683309499543,10.2612,10.0450,0.2162,4.4682,10.1797,10.1797,0.0000,NA,0.0000,NA,NA,NA,NA
Endfield.exe,53680,0x125AB2630,DXGI,0,512,0,Composed: Flip,Application,3683309696835,40.9858,9.68420000000000,9.59920000000000,0.25520000000000,5.61860000000000,16.6585,115.5529,3683309602155,9.7232,9.4680,0.2552,4.3867,10.6999,10.6970,0.0029,-1.9301,15875.4634,NA,18.9055,NA,NA
Endfield.exe,53680,0x125AB2630,DXGI,0,512,0,Composed: Flip,Application,3683309796461,NA,9.96260000000000,7.06240000000000,0.24230000000000,2.90220000000000,13.7583,122.6153,3683309699387,9.9497,9.7074,0.2423,5.3634,7.2462,7.2301,0.0161,NA,0.0000,NA,NA,NA,NA
Endfield.exe,53680,0x125AB2630,DXGI,0,512,0,Composed: Flip,Application,3683309895162,NA,9.87010000000000,8.32250000000000,0.23680000000000,4.15910000000000,12.2107,130.9378,3683309798884,9.8646,9.6278,0.2368,2.6599,11.1270,11.1270,0.0000,NA,0.0000,NA,NA,NA,NA
Endfield.exe,53680,0x125AB2630,DXGI,0,512,0,Composed: Flip,Application,3683309994646,NA,9.94840000000000,9.59420000000000,0.15950000000000,3.41640000000000,11.8565,140.5320,3683309897530,9.8711,9.7116,0.1595,3.9223,9.2057,9.2057,0.0000,NA,0.0000,NA,NA,NA,NA
Endfield.exe,53680,0x125AB2630,DXGI,0,512,0,Composed: Flip,Application,3683310096878,45.4960,10.22320000000000,15.40470000000000,0.16350000000000,4.35330000000000,17.0380,110.4407,3683309996241,10.2272,10.0637,0.1635,3.2569,11.1601,11.1564,0.0037,5.1122,15920.9594,NA,19.2876,NA,NA
Endfield.exe,53680,0x125AB2630,DXGI,0,512,0,Composed: Flip,Application,3683310196635,NA,9.97570000000000,8.32830000000000,0.16790000000000,3.39710000000000,15.3906,118.7690,3683310098513,9.9801,9.8122,0.1679,4.1898,9.0195,9.0005,0.0190,NA,0.0000,NA,NA,NA,NA
Endfield.exe,53680,0x125AB2630,DXGI,0,512,0,Composed: Flip,Application,3683310296817,NA,10.01820000000000,9.60210000000000,0.15390000000000,4.45610000000000,14.9745,128.3711,3683310198314,10.0042,9.8503,0.1539,3.2292,11.0772,11.0772,0.0000,NA,0.0000,NA,NA,NA,NA
Endfield.exe,53680,0x125AB2630,DXGI,0,512,0,Composed: Flip,Application,3683310396400,NA,9.95830000000000,7.18050000000000,0.22660000000000,4.10050000000000,12.1967,135.5516,3683310298356,10.0310,9.8044,0.2266,4.3022,9.6027,9.6027,0.0000,NA,0.0000,NA,NA,NA,NA
Endfield.exe,53680,0x125AB2630,DXGI,0,512,0,Composed: Flip,Application,3683310498238,35.2604,10.18380000000000,17.83140000000000,0.17130000000000,3.80850000000000,19.8443,118.1226,3683310398666,10.1285,9.9572,0.1713,3.8739,9.8918,9.8910,0.0008,-7.6819,15956.2198,NA,23.2199,NA,NA
Endfield.exe,53680,0x125AB2630,DXGI,0,512,0,Composed: Flip,Application,3683310599700,NA,10.14620000000000,7.06880000000000,0.16420000000000,4.57870000000000,16.7669,125.1914,3683310499951,10.1391,9.9749,0.1642,3.6372,10.9164,10.9031,0.0133,NA,0.0000,NA,NA,NA,NA
Endfield.exe,53680,0x125AB2630,DXGI,0,512,0,Composed: Flip,Application,3683310697760,NA,9.80600000000000,8.35280000000000,0.15210000000000,4.85790000000000,15.3137,133.5442,3683310601342,9.7939,9.6418,0.1521,4.4145,10.0852,10.0852,0.0000,NA,0.0000,NA,NA,NA,NA
Endfield.exe,53680,0x125AB2630,DXGI,0,512,0,Composed: Flip,Application,3683310814380,NA,11.66200000000000,8.31580000000000,0.14550000000000,2.46170000000000,11.9675,141.8600,3683310699281,11.6554,11.5099,0.1455,4.7058,9.2658,9.2658,0.0000,NA,0.0000,NA,NA,NA,NA
Endfield.exe,53680,0x125AB2630,DXGI,0,512,0,Composed: Flip,Application,3683310887499,39.9872,7.31190000000000,8.37120000000000,0.19640000000000,2.31620000000000,13.0268,110.2440,3683310815835,7.3628,7.1664,0.1964,2.3162,7.1664,7.1637,0.0027,7.8786,15996.2070,NA,15.3312,NA,NA
Endfield.exe,53680,0x125AB2630,DXGI,0,512,0,Composed: Flip,Application,3683310988493,NA,10.09940000000000,8.28810000000000,0.21280000000000,3.27670000000000,11.2155,118.5321,3683310889463,10.1158,9.9030,0.2128,2.1198,11.0599,11.0503,0.0096,NA,0.0000,NA,NA,NA,NA
Endfield.exe,53680,0x125AB2630,DXGI,0,512,0,Composed: Flip,Application,3683311088091,NA,9.95980000000000,16.67190000000000,0.18010000000000,4.89560000000000,17.9276,135.2040,3683310990621,9.9271,9.7470,0.1801,3.0639,11.5787,11.5787,0.0000,NA,0.0000,NA,NA,NA,NA
Endfield.exe,53680,0x125AB2630,DXGI,0,512,0,Composed: Flip,Application,3683311188829,NA,10.07380000000000,9.70540000000000,0.20130000000000,4.75650000000000,17.5592,144.9094,3683311089892,10.0950,9.8937,0.2013,4.7155,9.9347,9.9347,0.0000,NA,0.0000,NA,NA,NA,NA
Endfield.exe,53680,0x125AB2630,DXGI,0,512,0,Composed: Flip,Application,3683311285818,39.4645,9.69890000000000,6.96100000000000,0.22200000000000,1.79490000000000,14.8213,112.4059,3683311190842,9.7196,9.4976,0.2220,4.5552,6.7373,6.7337,0.0036,-2.1619,16035.6715,NA,17.9583,NA,NA
Endfield.exe,53680,0x125AB2630,DXGI,0,512,0,Composed: Flip,Application,3683311385968,NA,10.01500000000000,NA,0.34170000000000,9.43210000000000,NA,NA,3683311288038,10.1347,9.7930,0.3417,1.5729,17.6522,17.6333,0.0189,NA,NA,NA,NA,NA,NA
Endfield.exe,53680,0x125AB2630,DXGI,0,512,0,Composed: Flip,Application,3683311484828,NA,9.88600000000000,16.64760000000000,0.17170000000000,3.84680000000000,11.5679,129.0535,3683311389385,9.7160,9.5443,0.1717,9.0904,4.3007,4.3007,0.0000,NA,0.0000,NA,NA,NA,NA
Endfield.exe,53680,0x125AB2630,DXGI,0,512,0,Composed: Flip,Application,3683311585281,NA,10.04530000000000,9.66170000000000,0.22290000000000,3.01440000000000,11.1843,138.7152,3683311486545,10.0965,9.8736,0.2229,3.6751,9.2129,9.2129,0.0000,NA,0.0000,NA,NA,NA,NA
Endfield.exe,53680,0x125AB2630,DXGI,0,512,0,Composed: Flip,Application,3683311685208,41.0912,9.99270000000000,15.34860000000000,0.21860000000000,4.44800000000000,16.5402,112.9726,3683311587510,9.9884,9.7698,0.2186,2.7915,11.4263,11.4233,0.0030,-0.5667,16076.7627,NA,57.6139,NA,NA
Endfield.exe,53680,0x125AB2630,DXGI,0,512,0,Composed: Flip,Application,3683311784071,NA,9.88630000000000,8.33300000000000,0.18440000000000,3.06560000000000,14.9869,121.3056,3683311687394,9.8521,9.6677,0.1844,4.2294,8.5039,8.4867,0.0172,NA,0.0000,NA,NA,NA,NA
Endfield.exe,53680,0x125AB2630,DXGI,0,512,0,Composed: Flip,Application,3683311885911,NA,10.18400000000000,NA,0.16630000000000,9.20550000000000,NA,NA,3683311785915,10.1659,9.9996,0.1663,2.8812,16.3239,16.3239,0.0000,NA,NA,NA,NA,NA,NA
Endfield.exe,53680,0x125AB2630,DXGI,0,512,0,Composed: Flip,Application,3683311982600,NA,9.66890000000000,16.64660000000000,0.19540000000000,4.18620000000000,11.7806,137.9522,3683311887574,9.6980,9.5026,0.1954,9.0392,4.6496,4.6496,0.0000,NA,0.0000,NA,NA,NA,NA
Endfield.exe,53680,0x125AB2630,DXGI,0,512,0,Composed: Flip,Application,3683312101185,38.9068,11.85850000000000,16.68490000000000,0.32880000000000,3.27110000000000,16.6070,115.7303,3683311984554,11.9919,11.6631,0.3288,3.9908,10.9434,10.9410,0.0024,-2.7577,16115.6695,NA,41.2584,NA,NA
Endfield.exe,53680,0x125AB2630,DXGI,0,512,0,Composed: Flip,Application,3683312195615,NA,9.44300000000000,8.35160000000000,0.56590000000000,4.09950000000000,15.5156,124.0819,3683312104473,9.6801,9.1142,0.5659,2.9423,10.2714,10.2548,0.0166,NA,0.0000,NA,NA,NA,NA
Endfield.exe,53680,0x125AB2630,DXGI,0,512,0,Composed: Flip,Application,3683312296362,NA,10.07470000000000,8.33870000000000,0.28160000000000,4.55360000000000,13.7796,132.4206,3683312201274,9.7904,9.5088,0.2816,3.5336,10.5288,10.5288,0.0000,NA,0.0000,NA,NA,NA,NA
Endfield.exe,53680,0x125AB2630,DXGI,0,512,0,Composed: Flip,Application,3683312403463,NA,10.71010000000000,8.32060000000000,0.16260000000000,3.50390000000000,11.3901,140.7412,3683312299178,10.5911,10.4285,0.1626,4.2720,9.6604,9.6604,0.0000,NA,0.0000,NA,NA,NA,NA
Endfield.exe,53680,0x125AB2630,DXGI,0,512,0,Composed: Flip,Application,3683312511723,39.4465,10.82600000000000,16.65390000000000,0.21840000000000,3.81610000000000,17.2180,117.9486,3683312405089,10.8818,10.6634,0.2184,3.3413,11.1382,11.1354,0.0028,-2.2183,16155.1160,NA,NA,NA,NA
Endfield.exe,53680,0x125AB2630,DXGI,0,512,0,Composed: Flip,Application,3683312612011,NA,10.02880000000000,8.41890000000000,0.19930000000000,2.19470000000000,15.6081,126.3675,3683312513907,10.0097,9.8104,0.1993,3.5977,8.4074,8.3884,0.0190,NA,0.0000,NA,NA,NA,NA
Endfield.exe,53680,0x125AB2630,DXGI,0,512,0,Composed: Flip,Application,3683312710908,NA,9.88970000000000,8.25720000000000,0.15110000000000,4.20490000000000,13.9756,134.6247,3683312614004,9.8415,9.6904,0.1511,1.9954,11.8999,11.8999,0.0000,NA,0.0000,NA,NA,NA,NA
Endfield.exe,53680,0x125AB2630,DXGI,0,512,0,Composed: Flip,Application,3683312811750,NA,10.08420000000000,8.30890000000000,0.12660000000000,2.14210000000000,12.2003,142.9336,3683312712419,10.0597,9.9331,0.1266,4.0538,8.0214,8.0214,0.0000,NA,0.0000,NA,NA,NA,NA
Endfield.exe,53680,0x125AB2630,DXGI,0,512,0,Composed: Flip,Application,3683312926117,64.2773,11.43670000000000,16.67940000000000,0.16660000000000,3.86930000000000,17.4430,95.3357,3683312813016,11.4767,11.3101,0.1666,2.0155,13.1639,13.1614,0.0025,22.6129,16219.3933,NA,35.5937,35.5937,NA
Endfield.exe,53680,0x125AB2630,DXGI,0,512,0,Composed: Flip,Application,3683313028728,NA,10.26110000000000,16.66580000000000,0.17440000000000,2.57650000000000,23.8477,112.0015,3683312927783,10.2689,10.0945,0.1744,3.7027,8.9683,8.9522,0.0161,NA,0.0000,NA,NA,NA,NA
Endfield.exe,53680,0x125AB2630,DXGI,0,512,0,Composed: Flip,Application,3683313128481,NA,9.97530000000000,1.33310000000000,0.14150000000000,4.23300000000000,15.2055,113.3346,3683313030472,9.9424,9.8009,0.1415,2.4021,11.6318,11.6318,0.0000,NA,0.0000,NA,NA,NA,NA
Endfield.exe,53680,0x125AB2630,DXGI,0,512,0,Composed: Flip,Application,3683313229940,NA,10.14590000000000,7.00900000000000,0.11980000000000,4.19610000000000,12.0686,120.3436,3683313129896,10.1242,10.0044,0.1198,4.0915,10.1090,10.1090,0.0000,NA,0.0000,NA,NA,NA,NA
Endfield.exe,53680,0x125AB2630,DXGI,0,512,0,Composed: Flip,Application,3683313343568,19.9223,11.36280000000000,16.66270000000000,0.13790000000000,3.85590000000000,17.3685,117.0840,3683313231138,11.3809,11.2430,0.1379,4.0763,11.0226,11.0196,0.0030,-21.7483,16239.3156,NA,NA,NA,NA
Endfield.exe,53680,0x125AB2630,DXGI,0,512,0,Composed: Flip,Application,3683313449335,NA,10.57670000000000,8.35210000000000,0.15740000000000,4.10710000000000,15.1439,125.4361,3683313344947,10.5962,10.4388,0.1574,3.7180,10.8279,10.8103,0.0176,NA,0.0000,NA,NA,NA,NA
Endfield.exe,53680,0x125AB2630,DXGI,0,512,0,Composed: Flip,Application,3683313550475,NA,10.11400000000000,9.58150000000000,0.15110000000000,3.98820000000000,14.6114,135.0176,3683313450909,10.1077,9.9566,0.1511,3.9497,9.9951,9.9951,0.0000,NA,0.0000,NA,NA,NA,NA
Endfield.exe,53680,0x125AB2630,DXGI,0,512,0,Composed: Flip,Application,3683313653753,NA,10.32780000000000,7.10040000000000,0.11820000000000,4.15280000000000,11.3840,142.1180,3683313551986,10.2949,10.1767,0.1182,3.8371,10.4924,10.4924,0.0000,NA,0.0000,NA,NA,NA,NA
Endfield.exe,53680,0x125AB2630,DXGI,0,512,0,Composed: Flip,Application,3683313751491,40.3238,9.77380000000000,9.57740000000000,0.15160000000000,3.83540000000000,11.1876,111.3716,3683313654935,9.8072,9.6556,0.1516,4.0346,9.4564,9.4539,0.0025,5.7124,16279.6394,NA,NA,NA,NA
Endfield.exe,53680,0x125AB2630,DXGI,0,512,0,Composed: Flip,Application,3683313855303,NA,10.38120000000000,15.39050000000000,0.17320000000000,4.21800000000000,16.1969,126.7621,3683313753007,10.4028,10.2296,0.1732,3.6838,10.7638,10.7504,0.0134,NA,0.0000,NA,NA,NA,NA
Endfield.exe,53680,0x125AB2630,DXGI,0,512,0,Composed: Flip,Application,3683313958337,NA,10.30340000000000,8.39700000000000,0.17340000000000,4.75400000000000,14.2905,135.1591,3683313857035,10.3036,10.1302,0.1734,4.0448,10.8394,10.8394,0.0000,NA,0.0000,NA,NA,NA,NA
Endfield.exe,53680,0x125AB2630,DXGI,0,512,0,Composed: Flip,Application,3683314061664,NA,10.33270000000000,9.54820000000000,0.11660000000000,2.85240000000000,13.5060,144.7073,3683313960071,10.2759,10.1593,0.1166,4.5806,8.4311,8.4311,0.0000,NA,0.0000,NA,NA,NA,NA
Endfield.exe,53680,0x125AB2630,DXGI,0,512,0,Composed: Flip,Application,3683314160898,40.9478,9.92340000000000,15.42370000000000,0.14940000000000,3.81660000000000,19.0063,119.1832,3683314062830,9.9562,9.8068,0.1494,2.7358,10.8876,10.8846,0.0030,-7.8116,16320.5872,NA,NA,NA,NA
Endfield.exe,53680,0x125AB2630,DXGI,0,512,0,Composed: Flip,Application,3683314265856,NA,10.49580000000000,9.65580000000000,0.17150000000000,4.18980000000000,18.1663,128.8390,3683314162392,10.5179,10.3464,0.1715,3.6672,10.8690,10.8521,0.0169,NA,0.0000,NA,NA,NA,NA
Endfield.exe,53680,0x125AB2630,DXGI,0,512,0,Composed: Flip,Application,3683314367894,NA,10.20380000000000,6.97850000000000,0.13860000000000,4.38990000000000,14.9410,135.8175,3683314267571,10.1709,10.0323,0.1386,4.0183,10.4039,10.4039,0.0000,NA,0.0000,NA,NA,NA,NA
Endfield.exe,53680,0x125AB2630,DXGI,0,512,0,Composed: Flip,Application,3683314471667,NA,10.37730000000000,8.32420000000000,0.12830000000000,3.36520000000000,12.8879,144.1417,3683314369280,10.3670,10.2387,0.1283,4.2513,9.3526,9.3526,0.0000,NA,0.0000,NA,NA,NA,NA
Endfield.exe,53680,0x125AB2630,DXGI,0,512,0,Composed: Flip,Application,3683314568829,40.6972,9.71620000000000,9.64760000000000,0.15860000000000,3.85610000000000,12.8193,113.5178,3683314472950,9.7465,9.5879,0.1586,3.2369,10.2071,10.2041,0.0030,6.0911,16361.2844,NA,34.2358,NA,NA
Endfield.exe,53680,0x125AB2630,DXGI,0,512,0,Composed: Flip,Application,3683314672537,NA,10.37080000000000,15.36700000000000,0.15220000000000,4.29820000000000,17.8155,128.8848,3683314570415,10.3644,10.2122,0.1522,3.6975,10.8129,10.7907,0.0222,NA,0.0000,NA,NA,NA,NA
Endfield.exe,53680,0x125AB2630,DXGI,0,512,0,Composed: Flip,Application,3683314775206,NA,10.26690000000000,9.61110000000000,0.17430000000000,4.31020000000000,17.1597,138.4959,3683314674059,10.2890,10.1147,0.1743,4.1460,10.2789,10.2789,0.0000,NA,0.0000,NA,NA,NA,NA
Endfield.exe,53680,0x125AB2630,DXGI,0,512,0,Composed: Flip,Application,3683314878819,NA,10.36130000000000,7.05680000000000,0.14760000000000,3.51250000000000,13.8552,145.5527,3683314776949,10.3346,10.1870,0.1476,4.1359,9.5636,9.5636,0.0000,NA,0.0000,NA,NA,NA,NA
Endfield.exe,53680,0x125AB2630,DXGI,0,512,0,Composed: Flip,Application,3683314966507,40.8922,8.76880000000000,8.33720000000000,0.12350000000000,4.49390000000000,13.4236,112.9977,3683314880295,8.7447,8.6212,0.1235,3.3649,9.7502,9.7474,0.0028,0.5201,16402.1766,NA,15.6084,NA,NA
Endfield.exe,53680,0x125AB2630,DXGI,0,512,0,Composed: Flip,Application,3683315068842,NA,10.23350000000000,9.59110000000000,0.15040000000000,3.33390000000000,12.7812,122.5888,3683314967742,10.2604,10.1100,0.1504,4.3704,9.0735,9.0634,0.0101,NA,0.0000,NA,NA,NA,NA
Endfield.exe,53680,0x125AB2630,DXGI,0,512,0,Composed: Flip,Application,3683315171556,NA,10.27140000000000,15.40090000000000,0.22300000000000,4.12690000000000,17.9107,137.9897,3683315070346,10.3440,10.1210,0.2230,3.1835,11.0644,11.0644,0.0000,NA,0.0000,NA,NA,NA,NA
Endfield.exe,53680,0x125AB2630,DXGI,0,512,0,Composed: Flip,Application,3683315272880,NA,10.13240000000000,9.64080000000000,0.13000000000000,4.13560000000000,17.4191,147.6305,3683315173786,10.0394,9.9094,0.1300,3.9039,10.1411,10.1411,0.0000,NA,0.0000,NA,NA,NA,NA
Endfield.exe,53680,0x125AB2630,DXGI,0,512,0,Composed: Flip,Application,3683315370953,42.2958,9.80730000000000,15.34210000000000,0.14410000000000,1.96020000000000,22.9539,120.6768,3683315274180,9.8214,9.6773,0.1441,4.0056,7.6319,7.6294,0.0025,-7.6791,16444.4724,NA,46.5771,NA,NA
Endfield.exe,53680,0x125AB2630,DXGI,0,512,0,Composed: Flip,Application,3683315473087,NA,10.21340000000000,1.29180000000000,0.15270000000000,4.19870000000000,14.0323,121.9686,3683315372394,10.2220,10.0693,0.1527,1.8161,12.4519,12.4359,0.0160,NA,0.0000,NA,NA,NA,NA
Endfield.exe,53680,0x125AB2630,DXGI,0,512,0,Composed: Flip,Application,3683315575783,NA,10.26960000000000,15.37210000000000,0.16780000000000,4.17400000000000,19.1348,137.3407,3683315474614,10.2847,10.1169,0.1678,4.0460,10.2449,10.2449,0.0000,NA,0.0000,NA,NA,NA,NA
Endfield.exe,53680,0x125AB2630,DXGI,0,512,0,Composed: Flip,Application,3683315676746,NA,10.09630000000000,8.35620000000000,0.13710000000000,4.17330000000000,17.3947,145.6969,3683315577461,10.0656,9.9285,0.1371,4.0062,10.0956,10.0956,0.0000,NA,0.0000,NA,NA,NA,NA
Endfield.exe,53680,0x125AB2630,DXGI,0,512,0,Composed: Flip,Application,3683315774809,38.5473,9.80630000000000,9.59270000000000,0.16510000000000,1.69440000000000,17.1811,116.7423,3683315678117,9.8343,9.6692,0.1651,4.0362,7.3274,7.3244,0.0030,3.9345,16483.0197,NA,NA,NA,NA
Endfield.exe,53680,0x125AB2630,DXGI,0,512,0,Composed: Flip,Application,3683315876110,NA,10.13010000000000,7.12440000000000,0.15920000000000,2.34720000000000,14.1754,123.8667,3683315776460,10.1242,9.9650,0.1592,1.5293,10.7829,10.7682,0.0147,NA,0.0000,NA,NA,NA,NA
Endfield.exe,53680,0x125AB2630,DXGI,0,512,0,Composed: Flip,Application,3683315977266,NA,10.11560000000000,8.32850000000000,0.15140000000000,3.15300000000000,12.3883,132.1952,3683315877702,10.1078,9.9564,0.1514,2.1880,10.9214,10.9214,0.0000,NA,0.0000,NA,NA,NA,NA
Endfield.exe,53680,0x125AB2630,DXGI,0,512,0,Composed: Flip,Application,3683316079002,NA,10.17360000000000,9.55280000000000,0.14170000000000,4.10330000000000,11.7675,141.7480,3683315978780,10.1639,10.0222,0.1417,3.0016,11.1239,11.1239,0.0000,NA,0.0000,NA,NA,NA,NA
Endfield.exe,53680,0x125AB2630,DXGI,0,512,0,Composed: Flip,Application,3683316180318,40.3428,10.13160000000000,15.46540000000000,0.19150000000000,3.74290000000000,17.1013,116.8706,3683316080419,10.1814,9.9899,0.1915,3.9616,9.7712,9.7683,0.0029,-0.1283,16523.3625,NA,34.6633,NA,NA
Endfield.exe,53680,0x125AB2630,DXGI,0,512,0,Composed: Flip,Application,3683316318171,NA,13.78530000000000,9.53440000000000,0.20530000000000,4.34330000000000,12.8504,126.4050,3683316182233,13.7991,13.5938,0.2053,3.5514,14.3857,14.3696,0.0161,NA,0.0000,NA,NA,NA,NA
Endfield.exe,53680,0x125AB2630,DXGI,0,512,0,Composed: Flip,Application,3683316380780,NA,6.26090000000000,7.06720000000000,0.19730000000000,2.73090000000000,13.6567,133.4722,3683316320224,6.2529,6.0556,0.1973,4.1380,4.6485,4.6485,0.0000,NA,0.0000,NA,NA,NA,NA
Endfield.exe,53680,0x125AB2630,DXGI,0,512,0,Composed: Flip,Application,3683316482289,NA,10.15090000000000,8.32790000000000,0.18100000000000,2.22160000000000,11.8337,141.8001,3683316382753,10.1346,9.9536,0.1810,2.5336,9.6416,9.6416,0.0000,NA,0.0000,NA,NA,NA,NA
Endfield.exe,53680,0x125AB2630,DXGI,0,512,0,Composed: Flip,Application,3683316595111,40.2686,11.28220000000000,16.65800000000000,0.15340000000000,3.55990000000000,17.2095,118.1895,3683316484099,11.2546,11.1012,0.1534,2.0406,12.6205,12.6180,0.0025,-1.3189,16563.6311,NA,25.2439,NA,NA
Endfield.exe,53680,0x125AB2630,DXGI,0,512,0,Composed: Flip,Application,3683316695062,NA,9.99510000000000,8.33900000000000,0.19030000000000,4.15520000000000,15.5534,126.5285,3683316596645,10.0320,9.8417,0.1903,3.4065,10.5904,10.5746,0.0158,NA,0.0000,NA,NA,NA,NA
Endfield.exe,53680,0x125AB2630,DXGI,0,512,0,Composed: Flip,Application,3683316795267,NA,10.02050000000000,8.33520000000000,0.20520000000000,4.06800000000000,13.8681,134.8637,3683316696965,10.0354,9.8302,0.2052,3.9649,9.9333,9.9333,0.0000,NA,0.0000,NA,NA,NA,NA
Endfield.exe,53680,0x125AB2630,DXGI,0,512,0,Composed: Flip,Application,3683316897209,NA,10.19420000000000,8.37310000000000,0.21140000000000,2.84910000000000,12.0470,143.2368,3683316797319,10.2004,9.9890,0.2114,3.8628,8.9753,8.9753,0.0000,NA,0.0000,NA,NA,NA,NA
Endfield.exe,53680,0x125AB2630,DXGI,0,512,0,Composed: Flip,Application,3683317019711,42.4921,12.25020000000000,24.95440000000000,0.15800000000000,3.89930000000000,24.7512,125.6991,3683316899323,12.1968,12.0388,0.1580,2.6377,13.3004,13.2974,0.0030,-7.5096,16606.1232,NA,28.2447,NA,NA
Endfield.exe,53680,0x125AB2630,DXGI,0,512,0,Composed: Flip,Application,3683317122024,NA,10.23130000000000,1.29840000000000,0.31150000000000,4.06870000000000,15.8183,126.9975,3683317021291,10.3848,10.0733,0.3115,3.7413,10.4007,10.3815,0.0192,NA,0.0000,NA,NA,NA,NA
Endfield.exe,53680,0x125AB2630,DXGI,0,512,0,Composed: Flip,Application,3683317221930,NA,9.99060000000000,7.04440000000000,0.36870000000000,2.61240000000000,12.8721,134.0419,3683317125139,10.0478,9.6791,0.3687,3.7572,8.5343,8.5343,0.0000,NA,0.0000,NA,NA,NA,NA
Endfield.exe,53680,0x125AB2630,DXGI,0,512,0,Composed: Flip,Application,3683317323661,NA,10.17310000000000,8.35060000000000,0.16330000000000,2.53590000000000,11.0496,142.3925,3683317225617,9.9677,9.8044,0.1633,2.2437,10.0966,10.0966,0.0000,NA,0.0000,NA,NA,NA,NA
Endfield.exe,53680,0x125AB2630,DXGI,0,512,0,Composed: Flip,Application,3683317435299,40.5689,11.16380000000000,17.94380000000000,0.20190000000000,3.49170000000000,17.8296,122.0562,3683317325294,11.2024,11.0005,0.2019,2.3726,12.1196,12.1170,0.0026,5.9317,16646.6921,NA,21.8944,NA,NA
Endfield.exe,53680,0x125AB2630,DXGI,0,512,0,Composed: Flip,Application,3683317537026,NA,10.17270000000000,7.03810000000000,0.19910000000000,4.11510000000000,14.6950,129.0943,3683317437318,10.1699,9.9708,0.1991,3.2898,10.7961,10.7776,0.0185,NA,0.0000,NA,NA,NA,NA
Endfield.exe,53680,0x125AB2630,DXGI,0,512,0,Composed: Flip,Application,3683317637311,NA,10.02850000000000,9.60990000000000,0.21830000000000,3.93600000000000,14.2764,138.7042,3683317539017,10.0477,9.8294,0.2183,3.9160,9.8494,9.8494,0.0000,NA,0.0000,NA,NA,NA,NA
Endfield.exe,53680,0x125AB2630,DXGI,0,512,0,Composed: Flip,Application,3683317740355,NA,10.30440000000000,7.06100000000000,0.18760000000000,3.99780000000000,11.0330,145.7652,3683317639494,10.2737,10.0861,0.1876,3.7177,10.3662,10.3662,0.0000,NA,0.0000,NA,NA,NA,NA
Endfield.exe,53680,0x125AB2630,DXGI,0,512,0,Composed: Flip,Application,3683317830631,41.4691,9.02760000000000,17.93160000000000,0.23350000000000,3.92360000000000,19.9370,122.2277,3683317742231,9.0735,8.8400,0.2335,3.8102,8.9534,8.9524,0.0010,-0.1715,16688.1612,NA,23.5382,NA,NA
Endfield.exe,53680,0x125AB2630,DXGI,0,512,0,Composed: Flip,Application,3683317933232,NA,10.26010000000000,7.12830000000000,0.27410000000000,2.62720000000000,16.8052,129.3560,3683317832966,10.3007,10.0266,0.2741,3.6901,8.9637,8.9449,0.0188,NA,0.0000,NA,NA,NA,NA
Endfield.exe,53680,0x125AB2630,DXGI,0,512,0,Composed: Flip,Application,3683318033708,NA,10.04760000000000,8.26670000000000,0.19380000000000,4.80960000000000,15.0243,137.6227,3683317935973,9.9673,9.7735,0.1938,2.3531,12.2300,12.2300,0.0000,NA,0.0000,NA,NA,NA,NA
Endfield.exe,53680,0x125AB2630,DXGI,0,512,0,Composed: Flip,Application,3683318136430,NA,10.27220000000000,9.73520000000000,0.15160000000000,4.00140000000000,14.4873,147.3579,3683318035646,10.2300,10.0784,0.1516,4.6158,9.4640,9.4640,0.0000,NA,0.0000,NA,NA,NA,NA
Endfield.exe,53680,0x125AB2630,DXGI,0,512,0,Composed: Flip,Application,3683318238966,41.3078,10.25360000000000,6.93500000000000,0.18790000000000,3.62010000000000,11.1687,112.9851,3683318137946,10.2899,10.1020,0.1879,3.8498,9.8723,9.8699,0.0024,9.2426,16729.4690,NA,36.6033,NA,NA
Endfield.exe,53680,0x125AB2630,DXGI,0,512,0,Composed: Flip,Application,3683318342255,NA,10.32890000000000,9.60810000000000,0.20740000000000,2.56550000000000,10.4479,122.5932,3683318240845,10.3484,10.1410,0.2074,3.4322,9.2743,9.2559,0.0184,NA,0.0000,NA,NA,NA,NA
Endfield.exe,53680,0x125AB2630,DXGI,0,512,0,Composed: Flip,Application,3683318443739,NA,10.14840000000000,16.69410000000000,0.19390000000000,4.24840000000000,16.9936,139.2873,3683318344329,10.1349,9.9410,0.1939,2.3581,11.8313,11.8313,0.0000,NA,0.0000,NA,NA,NA,NA
Endfield.exe,53680,0x125AB2630,DXGI,0,512,0,Composed: Flip,Application,3683318547356,NA,10.36170000000000,15.50100000000000,0.19060000000000,3.38390000000000,22.1329,154.7883,3683318445678,10.3584,10.1678,0.1906,4.0545,9.4972,9.4972,0.0000,NA,0.0000,NA,NA,NA,NA
Endfield.exe,53680,0x125AB2630,DXGI,0,512,0,Composed: Flip,Application,3683318632652,39.0278,8.52960000000000,1.13870000000000,0.18490000000000,4.07780000000000,14.7420,116.8992,3683318549262,8.5239,8.3390,0.1849,3.1933,9.2235,9.2206,0.0029,-3.9141,16768.4968,NA,17.5392,NA,NA
Endfield.exe,53680,0x125AB2630,DXGI,0,512,0,Composed: Flip,Application,3683318735612,NA,10.29600000000000,7.06070000000000,0.23930000000000,2.82700000000000,11.5067,123.9599,3683318634501,10.3504,10.1111,0.2393,3.8929,9.0452,9.0312,0.0140,NA,0.0000,NA,NA,NA,NA
Endfield.exe,53680,0x125AB2630,DXGI,0,512,0,Composed: Flip,Application,3683318839208,NA,10.35960000000000,17.94620000000000,0.17910000000000,2.54110000000000,19.0933,141.9061,3683318738005,10.2994,10.1203,0.1791,2.5877,10.0737,10.0737,0.0000,NA,0.0000,NA,NA,NA,NA
Endfield.exe,53680,0x125AB2630,DXGI,0,512,0,Composed: Flip,Application,3683318941497,NA,10.22890000000000,7.06290000000000,0.16770000000000,4.12070000000000,15.9273,148.9690,3683318840999,10.2175,10.0498,0.1677,2.3620,11.8085,11.8085,0.0000,NA,0.0000,NA,NA,NA,NA
Endfield.exe,53680,0x125AB2630,DXGI,0,512,0,Composed: Flip,Application,3683319041363,41.4594,9.98660000000000,8.33540000000000,0.21580000000000,3.39870000000000,14.2761,115.8450,3683318943174,10.0347,9.8189,0.2158,3.9530,9.2646,9.2621,0.0025,1.0542,16809.9562,NA,50.9497,NA,NA
Endfield.exe,53680,0x125AB2630,DXGI,0,512,0,Composed: Flip,Application,3683319142670,NA,10.13070000000000,9.60600000000000,0.33090000000000,3.09440000000000,13.7514,125.4510,3683319043521,10.2458,9.9149,0.3309,3.1829,9.8264,9.8118,0.0146,NA,0.0000,NA,NA,NA,NA
Endfield.exe,53680,0x125AB2630,DXGI,0,512,0,Composed: Flip,Application,3683319242063,NA,9.93930000000000,16.67890000000000,0.40580000000000,4.12480000000000,20.4910,142.1299,3683319145979,10.0142,9.6084,0.4058,2.7635,10.9697,10.9697,0.0000,NA,0.0000,NA,NA,NA,NA
Endfield.exe,53680,0x125AB2630,DXGI,0,512,0,Composed: Flip,Application,3683319345086,NA,10.30230000000000,7.03970000000000,0.18000000000000,3.98190000000000,17.2284,149.1696,3683319246121,10.0765,9.8965,0.1800,3.7190,10.1594,10.1594,0.0000,NA,0.0000,NA,NA,NA,NA
Endfield.exe,53680,0x125AB2630,DXGI,0,512,0,Composed: Flip,Application,3683319449217,39.3157,10.41310000000000,8.32890000000000,0.18630000000000,3.68850000000000,15.1442,118.1828,3683319346886,10.4194,10.2331,0.1863,3.8019,10.1197,10.1136,0.0061,-2.3378,16849.2719,NA,NA,NA,NA
Endfield.exe,53680,0x125AB2630,DXGI,0,512,0,Composed: Flip,Application,3683319552441,NA,10.32240000000000,8.32930000000000,0.23530000000000,2.86670000000000,13.1511,126.5121,3683319451080,10.3714,10.1361,0.2353,3.5022,9.5006,9.4892,0.0114,NA,0.0000,NA,NA,NA,NA
Endfield.exe,53680,0x125AB2630,DXGI,0,512,0,Composed: Flip,Application,3683319652284,NA,9.98430000000000,8.34460000000000,0.17290000000000,4.14690000000000,11.5114,134.8567,3683319554794,9.9219,9.7490,0.1729,2.6314,11.2645,11.2645,0.0000,NA,0.0000,NA,NA,NA,NA
Endfield.exe,53680,0x125AB2630,DXGI,0,512,0,Composed: Flip,Application,3683319754926,NA,10.26420000000000,17.96690000000000,0.21920000000000,4.01000000000000,19.2141,152.8236,3683319654013,10.3105,10.0913,0.2192,3.9740,10.1273,10.1273,0.0000,NA,0.0000,NA,NA,NA,NA
Endfield.exe,53680,0x125AB2630,DXGI,0,512,0,Composed: Flip,Application,3683319875575,42.4475,12.06490000000000,7.03190000000000,0.20390000000000,4.08600000000000,14.1811,117.7425,3683319757118,12.0496,11.8457,0.2039,3.7908,12.1409,12.1378,0.0031,0.7748,16891.7194,NA,53.2929,NA,NA
Endfield.exe,53680,0x125AB2630,DXGI,0,512,0,Composed: Flip,Application,3683319999448,NA,12.38730000000000,9.59870000000000,0.25380000000000,3.16990000000000,11.3925,127.3412,3683319877614,12.4372,12.1834,0.2538,3.8821,11.4712,11.4563,0.0149,NA,0.0000,NA,NA,NA,NA
Endfield.exe,53680,0x125AB2630,DXGI,0,512,0,Composed: Flip,Application,3683320077490,NA,7.80420000000000,15.37270000000000,0.42820000000000,4.18040000000000,18.9610,142.7139,3683320001986,7.9786,7.5504,0.4282,2.9161,8.8147,8.8147,0.0000,NA,0.0000,NA,NA,NA,NA
Endfield.exe,53680,0x125AB2630,DXGI,0,512,0,Composed: Flip,Application,3683320179852,NA,10.23620000000000,9.65390000000000,0.16710000000000,4.04940000000000,18.3787,152.3678,3683320081772,9.9751,9.8080,0.1671,3.7522,10.1052,10.1052,0.0000,NA,0.0000,NA,NA,NA,NA
Endfield.exe,53680,0x125AB2630,DXGI,0,512,0,Composed: Flip,Application,3683320296847,39.1427,11.69950000000000,7.03650000000000,0.20250000000000,3.79760000000000,13.7157,120.2616,3683320181523,11.7349,11.5324,0.2025,3.8823,11.4477,11.4453,0.0024,-2.5191,16930.8621,NA,35.9525,NA,NA
Endfield.exe,53680,0x125AB2630,DXGI,0,512,0,Composed: Flip,Application,3683320398851,NA,10.20040000000000,8.32240000000000,0.22570000000000,2.40640000000000,11.8377,128.5840,3683320298872,10.2236,9.9979,0.2257,3.5951,8.8092,8.7931,0.0161,NA,0.0000,NA,NA,NA,NA
Endfield.exe,53680,0x125AB2630,DXGI,0,512,0,Composed: Flip,Application,3683320500420,NA,10.15690000000000,9.63320000000000,0.16140000000000,3.00360000000000,11.3140,138.2172,3683320401108,10.0926,9.9312,0.1614,2.1807,10.7541,10.7541,0.0000,NA,0.0000,NA,NA,NA,NA
Endfield.exe,53680,0x125AB2630,DXGI,0,512,0,Composed: Flip,Application,3683320601957,NA,10.15370000000000,15.37160000000000,0.13840000000000,4.52250000000000,16.5319,153.5888,3683320502034,10.1307,9.9923,0.1384,2.8422,11.6726,11.6726,0.0000,NA,0.0000,NA,NA,NA,NA
Endfield.exe,53680,0x125AB2630,DXGI,0,512,0,Composed: Flip,Application,3683320706801,43.8556,10.48440000000000,9.65440000000000,0.19060000000000,3.70470000000000,15.7019,119.3876,3683320603341,10.5366,10.3460,0.1906,4.3841,9.6666,9.5972,0.0694,0.8740,16974.7177,NA,NA,NA,NA
Endfield.exe,53680,0x125AB2630,DXGI,0,512,0,Composed: Flip,Application,3683320809587,NA,10.27860000000000,7.10440000000000,0.18060000000000,2.57800000000000,12.5277,126.4920,3683320708707,10.2686,10.0880,0.1806,3.5141,9.1519,9.1356,0.0163,NA,0.0000,NA,NA,NA,NA
Endfield.exe,53680,0x125AB2630,DXGI,0,512,0,Composed: Flip,Application,3683320910436,NA,10.08490000000000,9.53200000000000,0.14860000000000,3.90830000000000,11.9748,136.0240,3683320811393,10.0529,9.9043,0.1486,2.3974,11.4152,11.4152,0.0000,NA,0.0000,NA,NA,NA,NA
Endfield.exe,53680,0x125AB2630,DXGI,0,512,0,Composed: Flip,Application,3683321013949,NA,10.35130000000000,15.37740000000000,0.16520000000000,4.06490000000000,17.0009,151.4014,3683320911922,10.3679,10.2027,0.1652,3.7597,10.5079,10.5079,0.0000,NA,0.0000,NA,NA,NA,NA
Endfield.exe,53680,0x125AB2630,DXGI,0,512,0,Composed: Flip,Application,3683321109411,40.7447,9.54620000000000,9.60670000000000,0.15470000000000,3.82700000000000,17.0614,120.2634,3683321015601,9.5357,9.3810,0.1547,3.8997,9.3083,9.3050,0.0033,-0.8758,17015.4624,NA,26.5550,NA,NA
Endfield.exe,53680,0x125AB2630,DXGI,0,512,0,Composed: Flip,Application,3683321212237,NA,10.28260000000000,7.05530000000000,0.31020000000000,4.42060000000000,13.8341,127.3187,3683321110958,10.4381,10.1279,0.3102,3.6723,10.8762,10.8626,0.0136,NA,0.0000,NA,NA,NA,NA
Endfield.exe,53680,0x125AB2630,DXGI,0,512,0,Composed: Flip,Application,3683321314692,NA,10.24550000000000,8.34520000000000,0.22950000000000,2.68850000000000,11.9338,135.6639,3683321215339,10.1648,9.9353,0.2295,4.1104,8.5134,8.5134,0.0000,NA,0.0000,NA,NA,NA,NA
Endfield.exe,53680,0x125AB2630,DXGI,0,512,0,Composed: Flip,Application,3683321417932,NA,10.32400000000000,9.69040000000000,0.19260000000000,3.98800000000000,11.3002,145.3543,3683321316987,10.2871,10.0945,0.1926,2.4590,11.6235,11.6235,0.0000,NA,0.0000,NA,NA,NA,NA
Endfield.exe,53680,0x125AB2630,DXGI,0,512,0,Composed: Flip,Application,3683321518976,42.7305,10.10440000000000,23.63270000000000,0.15080000000000,3.69370000000000,24.8285,126.2565,3683321419858,10.0626,9.9118,0.1508,3.7954,9.8101,9.8074,0.0027,-5.9931,17058.1929,NA,27.2530,NA,NA
Endfield.exe,53680,0x125AB2630,DXGI,0,512,0,Composed: Flip,Application,3683321620992,NA,10.20160000000000,1.29300000000000,0.20690000000000,4.23620000000000,15.9199,127.5495,3683321520484,10.2577,10.0508,0.2069,3.5429,10.7441,10.7293,0.0148,NA,0.0000,NA,NA,NA,NA
Endfield.exe,53680,0x125AB2630,DXGI,0,512,0,Composed: Flip,Application,3683321723838,NA,10.28460000000000,7.04220000000000,0.20260000000000,2.28990000000000,12.6775,134.5917,3683321623061,10.2803,10.0777,0.2026,4.0293,8.3383,8.3383,0.0000,NA,0.0000,NA,NA,NA,NA
Endfield.exe,53680,0x125AB2630,DXGI,0,512,0,Composed: Flip,Application,3683321825123,NA,10.12850000000000,8.33810000000000,0.14880000000000,2.12280000000000,10.8871,142.9298,3683321725864,10.0747,9.9259,0.1488,2.0873,9.9614,9.9614,0.0000,NA,0.0000,NA,NA,NA,NA
Endfield.exe,53680,0x125AB2630,DXGI,0,512,0,Composed: Flip,Application,3683321944906,39.2624,11.97830000000000,17.97480000000000,0.28270000000000,6.84990000000000,16.8836,121.6422,3683321826611,12.1122,11.8295,0.2827,1.9740,16.7054,16.7045,0.0009,4.6143,17097.4553,NA,19.8986,NA,NA
Endfield.exe,53680,0x125AB2630,DXGI,0,512,0,Composed: Flip,Application,3683322048462,NA,10.35560000000000,7.02910000000000,0.17890000000000,2.52510000000000,13.5571,128.6713,3683321947733,10.2518,10.0729,0.1789,6.5672,6.0308,6.0195,0.0113,NA,0.0000,NA,NA,NA,NA
Endfield.exe,53680,0x125AB2630,DXGI,0,512,0,Composed: Flip,Application,3683322152538,NA,10.40760000000000,8.33970000000000,0.18780000000000,2.58980000000000,11.4892,137.0110,3683322050251,10.4165,10.2287,0.1878,2.3462,10.4723,10.4723,0.0000,NA,0.0000,NA,NA,NA,NA
Endfield.exe,53680,0x125AB2630,DXGI,0,512,0,Composed: Flip,Application,3683322259436,NA,10.68980000000000,9.61590000000000,0.23600000000000,2.28510000000000,10.4153,146.6269,3683322154416,10.7380,10.5020,0.2360,2.4020,10.3851,10.3851,0.0000,NA,0.0000,NA,NA,NA,NA
Endfield.exe,53680,0x125AB2630,DXGI,0,512,0,Composed: Flip,Application,3683322361283,40.9852,10.18470000000000,23.71040000000000,0.35550000000000,3.55320000000000,23.9410,129.3521,3683322261796,10.3042,9.9487,0.3555,2.0491,11.4528,11.4490,0.0038,-7.7099,17138.4405,NA,25.5947,NA,NA
Endfield.exe,53680,0x125AB2630,DXGI,0,512,0,Composed: Flip,Application,3683322463067,NA,10.17840000000000,1.28840000000000,0.20010000000000,4.19190000000000,15.0510,130.6405,3683322364838,10.0230,9.8229,0.2001,3.1977,10.8171,10.8067,0.0104,NA,0.0000,NA,NA,NA,NA
Endfield.exe,53680,0x125AB2630,DXGI,0,512,0,Composed: Flip,Application,3683322567042,NA,10.39750000000000,7.03640000000000,0.17250000000000,4.08860000000000,11.6899,137.6769,3683322465068,10.3699,10.1974,0.1725,3.9918,10.2942,10.2942,0.0000,NA,0.0000,NA,NA,NA,NA
Endfield.exe,53680,0x125AB2630,DXGI,0,512,0,Composed: Flip,Application,3683322669819,NA,10.27770000000000,17.95580000000000,0.15570000000000,3.15960000000000,19.3680,155.6327,3683322568767,10.2609,10.1052,0.1557,3.9161,9.3487,9.3487,0.0000,NA,0.0000,NA,NA,NA,NA
Endfield.exe,53680,0x125AB2630,DXGI,0,512,0,Composed: Flip,Application,3683322784479,42.4359,11.46600000000000,7.03320000000000,0.18120000000000,2.06800000000000,14.9352,121.5969,3683322671376,11.4915,11.3103,0.1812,3.0039,10.3744,10.3720,0.0024,9.1221,17180.8764,NA,16.9097,NA,NA
Endfield.exe,53680,0x125AB2630,DXGI,0,512,0,Composed: Flip,Application,3683322888614,NA,10.41350000000000,8.33060000000000,0.48490000000000,4.62640000000000,12.8523,129.9275,3683322786291,10.7172,10.2323,0.4849,1.8868,12.9719,12.9575,0.0144,NA,0.0000,NA,NA,NA,NA
Endfield.exe,53680,0x125AB2630,DXGI,0,512,0,Composed: Flip,Application,3683322990484,NA,10.18700000000000,16.66230000000000,0.30390000000000,4.14380000000000,19.3276,146.5898,3683322893463,10.0060,9.7021,0.3039,4.1415,9.7044,9.7044,0.0000,NA,0.0000,NA,NA,NA,NA
Endfield.exe,53680,0x125AB2630,DXGI,0,512,0,Composed: Flip,Application,3683323094058,NA,10.35740000000000,8.52240000000000,2.14370000000000,4.05780000000000,17.4926,155.1122,3683322993523,12.1972,10.0535,2.1437,3.8399,10.2714,10.2714,0.0000,NA,0.0000,NA,NA,NA,NA
Endfield.exe,53680,0x125AB2630,DXGI,0,512,0,Composed: Flip,Application,3683323195340,43.8913,10.12820000000000,8.16280000000000,0.21930000000000,3.63680000000000,15.5272,119.3837,3683323115495,8.2038,7.9845,0.2193,1.9141,9.7072,9.7039,0.0033,2.2132,17224.7677,NA,17.5892,NA,NA
Endfield.exe,53680,0x125AB2630,DXGI,0,512,0,Composed: Flip,Application,3683323300286,NA,10.49460000000000,9.62560000000000,0.18500000000000,2.49440000000000,14.6582,129.0093,3683323197533,10.4603,10.2753,0.1850,3.4175,9.3522,9.3343,0.0179,NA,0.0000,NA,NA,NA,NA
Endfield.exe,53680,0x125AB2630,DXGI,0,512,0,Composed: Flip,Application,3683323400119,NA,9.98330000000000,7.04320000000000,0.13910000000000,4.29800000000000,11.7181,136.0525,3683323302136,9.9374,9.7983,0.1391,2.3094,11.7869,11.7869,0.0000,NA,0.0000,NA,NA,NA,NA
Endfield.exe,53680,0x125AB2630,DXGI,0,512,0,Composed: Flip,Application,3683323503618,NA,10.34990000000000,16.66630000000000,0.16280000000000,4.12510000000000,18.0345,152.7188,3683323401510,10.3736,10.2108,0.1628,4.1589,10.1770,10.1770,0.0000,NA,0.0000,NA,NA,NA,NA
Endfield.exe,53680,0x125AB2630,DXGI,0,512,0,Composed: Flip,Application,3683323610654,40.1165,10.70360000000000,16.66940000000000,0.13670000000000,3.74940000000000,24.0003,129.2717,3683323505246,10.6775,10.5408,0.1367,3.9623,10.3279,10.3254,0.0025,-9.8880,17264.8842,NA,26.5934,NA,NA
Endfield.exe,53680,0x125AB2630,DXGI,0,512,0,Composed: Flip,Application,3683323716880,NA,10.62260000000000,1.30040000000000,0.24530000000000,4.39810000000000,14.6781,130.5721,3683323612021,10.7312,10.4859,0.2453,3.6127,11.2713,11.2609,0.0104,NA,0.0000,NA,NA,NA,NA
Endfield.exe,53680,0x125AB2630,DXGI,0,512,0,Composed: Flip,Application,3683323817794,NA,10.09140000000000,7.01920000000000,0.16190000000000,4.36170000000000,11.6059,137.5913,3683323719333,10.0080,9.8461,0.1619,4.1528,10.0550,10.0550,0.0000,NA,0.0000,NA,NA,NA,NA
Endfield.exe,53680,0x125AB2630,DXGI,0,512,0,Composed: Flip,Application,3683323921452,NA,10.36580000000000,16.66690000000000,0.13500000000000,4.14440000000000,17.9070,154.2582,3683323819413,10.3389,10.2039,0.1350,4.1998,10.1485,10.1485,0.0000,NA,0.0000,NA,NA,NA,NA
Endfield.exe,53680,0x125AB2630,DXGI,0,512,0,Composed: Flip,Application,3683324027520,41.2223,10.60680000000000,16.66220000000000,0.15740000000000,3.72270000000000,23.9624,128.5362,3683323922802,10.6292,10.4718,0.1574,4.0094,10.1851,10.1776,0.0075,-0.4264,17306.1065,NA,24.2381,NA,NA
Endfield.exe,53680,0x125AB2630,DXGI,0,512,0,Composed: Flip,Application,3683324131788,NA,10.42680000000000,1.29730000000000,0.19190000000000,4.28850000000000,14.8329,129.8335,3683324029094,10.4613,10.2694,0.1919,3.5653,10.9926,10.9797,0.0129,NA,0.0000,NA,24.5359,NA,NA
Endfield.exe,53680,0x125AB2630,DXGI,0,512,0,Composed: Flip,Application,3683324234990,NA,10.32020000000000,7.04800000000000,0.15950000000000,4.17540000000000,11.5607,136.8815,3683324133707,10.2878,10.1283,0.1595,4.0966,10.2071,10.2071,0.0000,NA,0.0000,NA,NA,NA,NA
Endfield.exe,53680,0x125AB2630,DXGI,0,512,0,Composed: Flip,Application,3683324339842,NA,10.48520000000000,16.67690000000000,0.13530000000000,4.03060000000000,17.7524,153.5584,3683324236585,10.4610,10.3257,0.1353,4.0159,10.3404,10.3404,0.0000,NA,0.0000,NA,NA,NA,NA
Endfield.exe,53680,0x125AB2630,DXGI,0,512,0,Composed: Flip,Application,3683324442178,41.2190,10.23360000000000,9.63090000000000,0.22880000000000,3.76810000000000,17.1497,121.9703,3683324341195,10.3271,10.0983,0.2288,3.8953,9.9711,9.9691,0.0020,6.5659,17347.3255,NA,19.8943,NA,NA
Endfield.exe,53680,0x125AB2630,DXGI,0,512,0,Composed: Flip,Application,3683324547561,NA,10.53830000000000,7.02770000000000,0.23220000000000,2.79580000000000,13.6391,128.9980,3683324444466,10.5417,10.3095,0.2322,3.5393,9.5660,9.5483,0.0177,NA,0.0000,NA,NA,NA,NA
Endfield.exe,53680,0x125AB2630,DXGI,0,512,0,Composed: Flip,Application,3683324650132,NA,10.25710000000000,8.33290000000000,0.22010000000000,2.71350000000000,11.7149,137.3309,3683324549883,10.2450,10.0249,0.2201,2.5636,10.1748,10.1748,0.0000,NA,0.0000,NA,NA,NA,NA
Endfield.exe,53680,0x125AB2630,DXGI,0,512,0,Composed: Flip,Application,3683324753799,NA,10.36670000000000,17.96810000000000,0.17080000000000,4.29530000000000,19.3163,155.2990,3683324652333,10.3174,10.1466,0.1708,2.4934,11.9485,11.9485,0.0000,NA,0.0000,NA,NA,NA,NA
Endfield.exe,53680,0x125AB2630,DXGI,0,512,0,Composed: Flip,Application,3683324860431,44.6636,10.66320000000000,15.44140000000000,0.16350000000000,3.85760000000000,24.0945,126.0768,3683324755507,10.6559,10.4924,0.1635,4.1245,10.2255,10.2232,0.0023,-4.1065,17391.9891,NA,24.6618,NA,NA
Endfield.exe,53680,0x125AB2630,DXGI,0,512,0,Composed: Flip,Application,3683324967059,NA,10.66280000000000,NA,0.23450000000000,4.12660000000000,NA,NA,3683324862066,10.7338,10.4993,0.2345,3.6941,10.9318,10.9157,0.0161,NA,NA,NA,NA,NA,NA
Endfield.exe,53680,0x125AB2630,DXGI,0,512,0,Composed: Flip,Application,3683325067995,NA,10.09360000000000,8.24170000000000,0.16870000000000,4.19900000000000,11.5798,134.3185,3683324969404,10.0278,9.8591,0.1687,3.8921,10.1660,10.1660,0.0000,NA,0.0000,NA,NA,NA,NA
Endfield.exe,53680,0x125AB2630,DXGI,0,512,0,Composed: Flip,Application,3683325172464,NA,10.44690000000000,16.68960000000000,0.13700000000000,4.09420000000000,17.8225,151.0081,3683325069682,10.4152,10.2782,0.1370,4.0303,10.3421,10.3421,0.0000,NA,0.0000,NA,NA,NA,NA
Endfield.exe,53680,0x125AB2630,DXGI,0,512,0,Composed: Flip,Application,3683325273359,38.6330,10.08950000000000,9.65810000000000,0.17310000000000,3.65520000000000,17.3911,122.0332,3683325173834,10.1256,9.9525,0.1731,3.9572,9.6505,9.6484,0.0021,4.0436,17430.6221,NA,20.2504,NA,NA
Endfield.exe,53680,0x125AB2630,DXGI,0,512,0,Composed: Flip,Application,3683325376345,NA,10.29860000000000,7.00450000000000,0.20810000000000,2.75380000000000,14.0970,129.0377,3683325275090,10.3336,10.1255,0.2081,3.4821,9.3972,9.3808,0.0164,NA,0.0000,NA,NA,NA,NA
Endfield.exe,53680,0x125AB2630,DXGI,0,512,0,Composed: Flip,Application,3683325479845,NA,10.35000000000000,8.41800000000000,0.14790000000000,2.73250000000000,12.1650,137.4557,3683325378426,10.2898,10.1419,0.1479,2.5457,10.3287,10.3287,0.0000,NA,0.0000,NA,NA,NA,NA
Endfield.exe,53680,0x125AB2630,DXGI,0,512,0,Composed: Flip,Application,3683325583348,NA,10.35030000000000,9.54180000000000,0.13210000000000,4.16050000000000,11.3565,146.9975,3683325481324,10.3345,10.2024,0.1321,2.5846,11.7783,11.7783,0.0000,NA,0.0000,NA,NA,NA,NA
Endfield.exe,53680,0x125AB2630,DXGI,0,512,0,Composed: Flip,Application,3683325686014,43.4549,10.26660000000000,23.70130000000000,0.14600000000000,3.76520000000000,24.7912,127.2439,3683325584669,10.2805,10.1345,0.1460,4.0284,9.8713,9.8688,0.0025,-5.2107,17474.0770,NA,26.9155,NA,NA
Endfield.exe,53680,0x125AB2630,DXGI,0,512,0,Composed: Flip,Application,3683325791879,NA,10.58650000000000,1.31030000000000,0.22490000000000,4.29270000000000,15.5150,128.5542,3683325687474,10.6654,10.4405,0.2249,3.6192,11.1140,11.1022,0.0118,NA,0.0000,NA,NA,NA,NA
Endfield.exe,53680,0x125AB2630,DXGI,0,512,0,Composed: Flip,Application,3683325892955,NA,10.10760000000000,6.99750000000000,0.15700000000000,4.31520000000000,12.4049,135.5517,3683325794128,10.0397,9.8827,0.1570,4.0678,10.1301,10.1301,0.0000,NA,0.0000,NA,NA,NA,NA
Endfield.exe,53680,0x125AB2630,DXGI,0,512,0,Composed: Flip,Application,3683325997505,NA,10.45500000000000,16.70290000000000,0.15620000000000,4.03540000000000,18.6528,152.2546,3683325894525,10.4542,10.2980,0.1562,4.1582,10.1752,10.1752,0.0000,NA,0.0000,NA,NA,NA,NA
Endfield.exe,53680,0x125AB2630,DXGI,0,512,0,Composed: Flip,Application,3683326109395,39.4981,11.18900000000000,8.31920000000000,0.16000000000000,3.88620000000000,15.7830,121.0757,3683325999067,11.1928,11.0328,0.1600,3.8792,11.0398,11.0368,0.0030,6.1682,17513.5751,NA,16.8196,NA,NA
Endfield.exe,53680,0x125AB2630,DXGI,0,512,0,Composed: Flip,Application,3683326214057,NA,10.46620000000000,9.68020000000000,0.20140000000000,2.70710000000000,14.9970,130.7559,3683326110995,10.5076,10.3062,0.2014,3.7262,9.2871,9.2691,0.0180,NA,0.0000,NA,23.9166,NA,NA
Endfield.exe,53680,0x125AB2630,DXGI,0,512,0,Composed: Flip,Application,3683326317556,NA,10.34990000000000,6.97920000000000,0.19250000000000,4.18580000000000,11.6263,137.7351,3683326216071,10.3410,10.1485,0.1925,2.5057,11.8286,11.8286,0.0000,NA,0.0000,NA,NA,NA,NA
Endfield.exe,53680,0x125AB2630,DXGI,0,512,0,Composed: Flip,Application,3683326422579,NA,10.50230000000000,17.98050000000000,0.18790000000000,3.95790000000000,19.1045,155.7156,3683326319481,10.4977,10.3098,0.1879,3.9933,10.2744,10.2744,0.0000,NA,0.0000,NA,NA,NA,NA
Endfield.exe,53680,0x125AB2630,DXGI,0,512,0,Composed: Flip,Application,3683326524016,41.9444,10.14370000000000,15.35920000000000,0.17840000000000,3.64380000000000,24.3200,129.1304,3683326424458,10.1342,9.9558,0.1784,3.7700,9.8296,9.8271,0.0025,-8.0547,17555.5195,NA,27.2395,NA,NA
Endfield.exe,53680,0x125AB2630,DXGI,0,512,0,Composed: Flip,Application,3683326629193,NA,10.51770000000000,1.31270000000000,0.32870000000000,4.34670000000000,15.1150,130.4431,3683326525800,10.6680,10.3393,0.3287,3.4654,11.2206,11.2056,0.0150,NA,0.0000,NA,NA,NA,NA
Endfield.exe,53680,0x125AB2630,DXGI,0,512,0,Composed: Flip,Application,3683326730061,NA,10.08680000000000,7.03410000000000,0.16850000000000,4.16570000000000,12.0623,137.4772,3683326632480,9.9266,9.7581,0.1685,4.0180,9.9058,9.9058,0.0000,NA,0.0000,NA,NA,NA,NA
Endfield.exe,53680,0x125AB2630,DXGI,0,512,0,Composed: Flip,Application,3683326833967,NA,10.39060000000000,16.66470000000000,0.15020000000000,4.11190000000000,18.3364,154.1419,3683326731746,10.3723,10.2221,0.1502,3.9972,10.3368,10.3368,0.0000,NA,0.0000,NA,NA,NA,NA
Endfield.exe,53680,0x125AB2630,DXGI,0,512,0,Composed: Flip,Application,3683326948546,45.9426,11.45790000000000,8.31020000000000,0.18900000000000,3.86980000000000,15.1887,118.8556,3683326835469,11.4967,11.3077,0.1890,3.9617,11.2158,11.2136,0.0022,12.6209,17601.4621,NA,17.5552,NA,NA
Endfield.exe,53680,0x125AB2630,DXGI,0,512,0,Composed: Flip,Application,3683327054593,NA,10.60470000000000,8.36910000000000,0.18270000000000,4.23570000000000,12.9531,127.2247,3683326950436,10.5984,10.4157,0.1827,3.6808,10.9706,10.9650,0.0056,NA,0.0000,NA,NA,NA,NA
Endfield.exe,53680,0x125AB2630,DXGI,0,512,0,Composed: Flip,Application,3683327156990,NA,10.23970000000000,8.32150000000000,0.16250000000000,4.04250000000000,11.0349,135.5462,3683327056420,10.2195,10.0570,0.1625,4.0530,10.0465,10.0465,0.0000,NA,0.0000,NA,NA,NA,NA
Endfield.exe,53680,0x125AB2630,DXGI,0,512,0,Composed: Flip,Application,3683327260076,NA,10.30860000000000,17.98710000000000,0.14020000000000,4.06860000000000,18.7134,153.5333,3683327158615,10.2863,10.1461,0.1402,3.8800,10.3347,10.3347,0.0000,NA,0.0000,NA,NA,NA,NA
Endfield.exe,53680,0x125AB2630,DXGI,0,512,0,Composed: Flip,Application,3683327382154,37.5664,12.20780000000000,15.33860000000000,0.14810000000000,6.98550000000000,21.8442,131.3055,3683327261478,12.2157,12.0676,0.1481,3.9284,15.1247,15.1217,0.0030,-12.4499,17639.0285,NA,23.5757,NA,NA
Endfield.exe,53680,0x125AB2630,DXGI,0,512,0,Composed: Flip,Application,3683327488750,NA,10.65960000000000,8.34420000000000,0.22080000000000,4.24470000000000,19.5288,139.6497,3683327383635,10.7323,10.5115,0.2208,6.8374,7.9188,7.9133,0.0055,NA,0.0000,NA,NA,NA,NA
Endfield.exe,53680,0x125AB2630,DXGI,0,512,0,Composed: Flip,Application,3683327594176,NA,10.54260000000000,8.34690000000000,0.18260000000000,3.87830000000000,17.3331,147.9966,3683327490958,10.5044,10.3218,0.1826,4.0239,10.1762,10.1762,0.0000,NA,0.0000,NA,NA,NA,NA
Endfield.exe,53680,0x125AB2630,DXGI,0,512,0,Composed: Flip,Application,3683327695645,NA,10.14690000000000,9.61620000000000,0.14460000000000,4.80370000000000,16.8024,157.6128,3683327596002,10.1089,9.9643,0.1446,3.6957,11.0723,11.0723,0.0000,NA,0.0000,NA,NA,NA,NA
Endfield.exe,53680,0x125AB2630,DXGI,0,512,0,Composed: Flip,Application,3683327797365,42.7462,10.17200000000000,7.03250000000000,0.17940000000000,3.92350000000000,13.6629,119.9118,3683327697091,10.2068,10.0274,0.1794,4.6591,9.2918,9.2896,0.0022,9.4064,17681.7747,NA,16.9081,NA,NA
Endfield.exe,53680,0x125AB2630,DXGI,0,512,0,Composed: Flip,Application,3683327901879,NA,10.45140000000000,8.32350000000000,0.18300000000000,4.42900000000000,11.5350,128.2353,3683327799159,10.4550,10.2720,0.1830,3.7441,10.9569,10.9411,0.0158,NA,0.0000,NA,NA,NA,NA
Endfield.exe,53680,0x125AB2630,DXGI,0,512,0,Composed: Flip,Application,3683328005391,NA,10.35120000000000,16.66460000000000,0.14540000000000,4.24760000000000,17.8484,144.8999,3683327903709,10.3136,10.1682,0.1454,4.2460,10.1698,10.1698,0.0000,NA,0.0000,NA,NA,NA,NA
Endfield.exe,53680,0x125AB2630,DXGI,0,512,0,Composed: Flip,Application,3683328112542,NA,10.71510000000000,16.66240000000000,0.16490000000000,4.20500000000000,23.7957,161.5623,3683328006845,10.7346,10.5697,0.1649,4.1022,10.6725,10.6725,0.0000,NA,0.0000,NA,NA,NA,NA
Endfield.exe,53680,0x125AB2630,DXGI,0,512,0,Composed: Flip,Application,3683328209717,43.3370,9.71750000000000,1.31070000000000,0.18740000000000,4.12640000000000,15.3889,119.5360,3683328114191,9.7400,9.5526,0.1874,4.0401,9.6389,9.6358,0.0031,0.3758,17725.1117,NA,17.8776,NA,NA
Endfield.exe,53680,0x125AB2630,DXGI,0,512,0,Composed: Flip,Application,3683328313782,NA,10.40650000000000,7.06690000000000,0.16580000000000,3.04880000000000,12.0493,126.6029,3683328211591,10.3849,10.2191,0.1658,3.9390,9.3289,9.3146,0.0143,NA,0.0000,NA,NA,NA,NA
Endfield.exe,53680,0x125AB2630,DXGI,0,512,0,Composed: Flip,Application,3683328417618,NA,10.38360000000000,17.95620000000000,0.14930000000000,3.08610000000000,19.6219,144.5591,3683328315440,10.3671,10.2178,0.1493,2.8830,10.4209,10.4209,0.0000,NA,0.0000,NA,NA,NA,NA
Endfield.exe,53680,0x125AB2630,DXGI,0,512,0,Composed: Flip,Application,3683328522567,NA,10.49490000000000,7.01660000000000,0.16000000000000,4.24450000000000,16.1436,151.5757,3683328419111,10.5056,10.3456,0.1600,2.9368,11.6533,11.6533,0.0000,NA,0.0000,NA,NA,NA,NA
Endfield.exe,53680,0x125AB2630,DXGI,0,512,0,Composed: Flip,Application,3683328620909,40.6333,9.83420000000000,8.32080000000000,0.18330000000000,3.68420000000000,14.6302,119.2632,3683328524167,9.8575,9.6742,0.1833,4.0845,9.2739,9.2711,0.0028,0.2728,17765.7450,NA,17.7214,NA,NA
Endfield.exe,53680,0x125AB2630,DXGI,0,512,0,Composed: Flip,Application,3683328724488,NA,10.35790000000000,9.65800000000000,0.20030000000000,3.23420000000000,13.9303,128.9212,3683328622742,10.3749,10.1746,0.2003,3.5009,9.9079,9.8923,0.0156,NA,0.0000,NA,NA,NA,NA
Endfield.exe,53680,0x125AB2630,DXGI,0,512,0,Composed: Flip,Application,3683328828630,NA,10.41420000000000,15.33720000000000,0.13660000000000,4.00030000000000,18.8533,144.2584,3683328726491,10.3505,10.2139,0.1366,3.0339,11.1803,11.1803,0.0000,NA,0.0000,NA,NA,NA,NA
Endfield.exe,53680,0x125AB2630,DXGI,0,512,0,Composed: Flip,Application,3683328930552,NA,10.19220000000000,8.35150000000000,0.12800000000000,4.05880000000000,17.0126,152.6099,3683328829996,10.1836,10.0556,0.1280,3.8637,10.2507,10.2507,0.0000,NA,0.0000,NA,NA,NA,NA
Endfield.exe,53680,0x125AB2630,DXGI,0,512,0,Composed: Flip,Application,3683329036674,41.3943,10.61220000000000,9.65330000000000,0.16840000000000,3.63790000000000,16.0537,120.8689,3683328931832,10.6526,10.4842,0.1684,3.9308,10.1913,10.1886,0.0027,-1.6057,17807.1393,NA,58.2233,NA,NA
Endfield.exe,53680,0x125AB2630,DXGI,0,512,0,Composed: Flip,Application,3683329139581,NA,10.29070000000000,7.00050000000000,0.19210000000000,2.76340000000000,12.7635,127.8694,3683329038358,10.3144,10.1223,0.1921,3.4695,9.4162,9.4021,0.0141,NA,0.0000,NA,NA,NA,NA
Endfield.exe,53680,0x125AB2630,DXGI,0,512,0,Composed: Flip,Application,3683329242724,NA,10.31430000000000,17.96670000000000,0.14750000000000,4.22530000000000,20.4159,145.8361,3683329141502,10.2697,10.1222,0.1475,2.5713,11.7762,11.7762,0.0000,NA,0.0000,NA,NA,NA,NA
Endfield.exe,53680,0x125AB2630,DXGI,0,512,0,Composed: Flip,Application,3683329369938,NA,12.72140000000000,7.06460000000000,0.20620000000000,4.10400000000000,14.7591,152.9007,3683329244199,12.7801,12.5739,0.2062,4.0778,12.6001,12.6001,0.0000,NA,0.0000,NA,NA,NA,NA
Endfield.exe,53680,0x125AB2630,DXGI,0,512,0,Composed: Flip,Application,3683329443572,41.3380,7.36340000000000,9.63380000000000,0.16710000000000,3.68650000000000,17.0295,121.1965,3683329372000,7.3243,7.1572,0.1671,3.8978,6.9459,6.9428,0.0031,-0.3276,17848.4773,NA,NA,NA,NA
Endfield.exe,53680,0x125AB2630,DXGI,0,512,0,Composed: Flip,Application,3683329545827,NA,10.22550000000000,6.99520000000000,0.29100000000000,2.79550000000000,13.7992,128.1917,3683329445243,10.3494,10.0584,0.2910,3.5194,9.3345,9.3186,0.0159,NA,0.0000,NA,NA,NA,NA
Endfield.exe,53680,0x125AB2630,DXGI,0,512,0,Composed: Flip,Application,3683329649021,NA,10.31940000000000,8.32950000000000,0.18130000000000,2.96340000000000,11.8093,136.5212,3683329548737,10.2097,10.0284,0.1813,2.5045,10.4873,10.4873,0.0000,NA,0.0000,NA,NA,NA,NA
Endfield.exe,53680,0x125AB2630,DXGI,0,512,0,Composed: Flip,Application,3683329753154,NA,10.41330000000000,18.00830000000000,0.18280000000000,4.03760000000000,19.4043,154.5295,3683329650834,10.4148,10.2320,0.1828,2.7821,11.4875,11.4875,0.0000,NA,0.0000,NA,NA,NA,NA
Endfield.exe,53680,0x125AB2630,DXGI,0,512,0,Composed: Flip,Application,3683329852938,42.1310,9.97840000000000,15.34510000000000,0.15000000000000,3.79230000000000,24.7710,127.7436,3683329754982,9.9456,9.7956,0.1500,3.8548,9.7331,9.7302,0.0029,-6.5471,17890.6083,NA,27.5657,NA,NA
Endfield.exe,53680,0x125AB2630,DXGI,0,512,0,Composed: Flip,Application,3683329956492,NA,10.35540000000000,1.33510000000000,0.17500000000000,4.25090000000000,15.7507,129.0787,3683329854438,10.3804,10.2054,0.1750,3.6423,10.8140,10.8044,0.0096,NA,0.0000,NA,NA,NA,NA
Endfield.exe,53680,0x125AB2630,DXGI,0,512,0,Composed: Flip,Application,3683330058373,NA,10.18810000000000,7.00350000000000,0.15490000000000,2.39010000000000,12.5661,136.0822,3683329958242,10.1680,10.0131,0.1549,4.0759,8.3273,8.3273,0.0000,NA,0.0000,NA,NA,NA,NA
Endfield.exe,53680,0x125AB2630,DXGI,0,512,0,Composed: Flip,Application,3683330161971,NA,10.35980000000000,8.34800000000000,0.18540000000000,3.40300000000000,10.5543,144.4302,3683330059922,10.3903,10.2049,0.1854,2.2352,11.3727,11.3727,0.0000,NA,0.0000,NA,NA,NA,NA
Endfield.exe,53680,0x125AB2630,DXGI,0,512,0,Composed: Flip,Application,3683330269818,39.7417,10.78470000000000,17.96290000000000,0.24390000000000,3.70060000000000,17.7325,123.8864,3683330163825,10.8432,10.5993,0.2439,3.2176,11.0823,11.0791,0.0032,5.0922,17930.3500,NA,36.2133,NA,NA
Endfield.exe,53680,0x125AB2630,DXGI,0,512,0,Composed: Flip,Application,3683330372141,NA,10.23230000000000,6.99920000000000,0.18540000000000,2.40080000000000,14.4994,130.8856,3683330272257,10.1738,9.9884,0.1854,3.4567,8.9325,8.9178,0.0147,NA,0.0000,NA,NA,NA,NA
Endfield.exe,53680,0x125AB2630,DXGI,0,512,0,Composed: Flip,Application,3683330474677,NA,10.25360000000000,8.33580000000000,0.16390000000000,3.40290000000000,12.5816,139.2214,3683330373995,10.2321,10.0682,0.1639,2.2154,11.2557,11.2557,0.0000,NA,0.0000,NA,NA,NA,NA
Endfield.exe,53680,0x125AB2630,DXGI,0,512,0,Composed: Flip,Application,3683330577358,NA,10.26810000000000,8.35340000000000,0.12010000000000,2.96590000000000,10.6669,147.5748,3683330476316,10.2243,10.1042,0.1201,3.2390,9.8311,9.8311,0.0000,NA,0.0000,NA,NA,NA,NA
Endfield.exe,53680,0x125AB2630,DXGI,0,512,0,Composed: Flip,Application,3683330686360,41.4290,10.90020000000000,17.97650000000000,0.20310000000000,3.76070000000000,17.7432,124.1223,3683330578559,10.9832,10.7801,0.2031,2.8458,11.6950,11.6925,0.0025,-0.2359,17971.7790,NA,20.8844,38.8823,NA
Endfield.exe,53680,0x125AB2630,DXGI,0,512,0,Composed: Flip,Application,3683330789400,NA,10.30400000000000,15.34660000000000,0.14900000000000,2.60510000000000,22.7858,139.4689,3683330688391,10.2499,10.1009,0.1490,3.5576,9.1484,9.1300,0.0184,NA,0.0000,NA,NA,NA,NA
Endfield.exe,53680,0x125AB2630,DXGI,0,512,0,Composed: Flip,Application,3683330893279,NA,10.38790000000000,1.31560000000000,0.18090000000000,3.45530000000000,13.7135,140.7845,3683330790890,10.4198,10.2389,0.1809,2.4561,11.2381,11.2381,0.0000,NA,0.0000,NA,NA,NA,NA
Endfield.exe,53680,0x125AB2630,DXGI,0,512,0,Composed: Flip,Application,3683330996838,NA,10.35590000000000,NA,0.15860000000000,4.09860000000000,NA,NA,3683330895088,10.3336,10.1750,0.1586,3.2744,10.9992,10.9992,0.0000,NA,NA,NA,NA,NA,NA
Endfield.exe,53680,0x125AB2630,DXGI,0,512,0,Composed: Flip,Application,3683331094665,41.5942,9.78270000000000,16.71170000000000,0.14300000000000,1.70820000000000,10.2866,115.9020,3683330998424,9.7671,9.6241,0.1430,3.9400,7.3923,7.3890,0.0033,8.2203,18013.3732,NA,15.2551,NA,NA
Endfield.exe,53680,0x125AB2630,DXGI,0,512,0,Composed: Flip,Application,3683331198679,NA,10.40140000000000,15.30770000000000,0.21380000000000,4.15000000000000,15.1929,131.2097,3683331096095,10.4722,10.2584,0.2138,1.5652,12.8432,12.8294,0.0138,NA,0.0000,NA,NA,NA,NA
Endfield.exe,53680,0x125AB2630,DXGI,0,512,0,Composed: Flip,Application,3683331300604,NA,10.19250000000000,9.66460000000000,0.15460000000000,4.52960000000000,14.6650,140.8743,3683331200817,10.1333,9.9787,0.1546,3.9362,10.5721,10.5721,0.0000,NA,0.0000,NA,NA,NA,NA
Endfield.exe,53680,0x125AB2630,DXGI,0,512,0,Composed: Flip,Application,3683331403621,NA,10.30170000000000,7.05000000000000,0.12240000000000,3.17290000000000,11.4133,147.9243,3683331302150,10.2695,10.1471,0.1224,4.3750,8.9450,8.9450,0.0000,NA,0.0000,NA,NA,NA,NA
Endfield.exe,53680,0x125AB2630,DXGI,0,512,0,Composed: Flip,Application,3683331499458,41.7818,9.58370000000000,16.64960000000000,0.14860000000000,3.77240000000000,18.4792,122.7921,3683331404845,9.6099,9.4613,0.1486,3.0505,10.1832,10.1804,0.0028,-6.8901,18055.1550,NA,22.9092,NA,NA
Endfield.exe,53680,0x125AB2630,DXGI,0,512,0,Composed: Flip,Application,3683331603184,NA,10.37260000000000,8.29810000000000,0.20840000000000,4.34820000000000,16.4047,131.0902,3683331500944,10.4324,10.2240,0.2084,3.6238,10.9484,10.9325,0.0159,NA,0.0000,NA,NA,NA,NA
Endfield.exe,53680,0x125AB2630,DXGI,0,512,0,Composed: Flip,Application,3683331703780,NA,10.05960000000000,8.33070000000000,0.18850000000000,4.09100000000000,14.6758,139.4209,3683331605268,10.0397,9.8512,0.1885,4.1398,9.8024,9.8024,0.0000,NA,0.0000,NA,NA,NA,NA
Endfield.exe,53680,0x125AB2630,DXGI,0,512,0,Composed: Flip,Application,3683331805703,NA,10.19230000000000,8.34720000000000,0.16600000000000,3.09530000000000,12.8307,147.7681,3683331705665,10.1698,10.0038,0.1660,3.9025,9.1966,9.1966,0.0000,NA,0.0000,NA,NA,NA,NA
Endfield.exe,53680,0x125AB2630,DXGI,0,512,0,Composed: Flip,Application,3683331918928,40.7818,11.32250000000000,16.71540000000000,0.15630000000000,3.74460000000000,18.2236,122.8423,3683331807363,11.3128,11.1565,0.1563,2.9293,11.9718,11.9709,0.0009,-0.9096,18095.9368,NA,39.4457,53.9698,NA
Endfield.exe,53680,0x125AB2630,DXGI,0,512,0,Composed: Flip,Application,3683332023069,NA,10.41410000000000,8.30530000000000,0.17650000000000,2.51950000000000,16.1148,131.1476,3683331920491,10.4343,10.2578,0.1765,3.5883,9.1890,9.1763,0.0127,NA,0.0000,NA,NA,NA,NA
Endfield.exe,53680,0x125AB2630,DXGI,0,512,0,Composed: Flip,Application,3683332125153,NA,10.20840000000000,8.31550000000000,0.15610000000000,2.41830000000000,14.2219,139.4631,3683332024834,10.1880,10.0319,0.1561,2.3430,10.1072,10.1072,0.0000,NA,0.0000,NA,NA,NA,NA
Endfield.exe,53680,0x125AB2630,DXGI,0,512,0,Composed: Flip,Application,3683332227854,NA,10.27010000000000,8.31640000000000,0.14370000000000,2.96790000000000,12.2682,147.7795,3683332126714,10.2577,10.1140,0.1437,2.2622,10.8197,10.8197,0.0000,NA,0.0000,NA,NA,NA,NA
Endfield.exe,53680,0x125AB2630,DXGI,0,512,0,Composed: Flip,Application,3683332343758,40.1899,11.59040000000000,17.98460000000000,0.16470000000000,3.85980000000000,18.6624,125.5742,3683332229291,11.6114,11.4467,0.1647,2.8242,12.4823,12.4813,0.0010,-2.7319,18136.1267,NA,NA,NA,NA
Endfield.exe,53680,0x125AB2630,DXGI,0,512,0,Composed: Flip,Application,3683332448058,NA,10.43000000000000,7.00820000000000,0.20420000000000,4.34380000000000,15.2406,132.5824,3683332345405,10.4695,10.2653,0.2042,3.6951,10.9140,10.8993,0.0147,NA,0.0000,NA,NA,NA,NA
Endfield.exe,53680,0x125AB2630,DXGI,0,512,0,Composed: Flip,Application,3683332550713,NA,10.26550000000000,8.36040000000000,0.15900000000000,4.10210000000000,13.3355,140.9428,3683332450100,10.2203,10.0613,0.1590,4.1396,10.0238,10.0238,0.0000,NA,0.0000,NA,NA,NA,NA
Endfield.exe,53680,0x125AB2630,DXGI,0,512,0,Composed: Flip,Application,3683332656058,NA,10.53450000000000,9.63900000000000,0.13880000000000,4.09820000000000,12.4400,150.5818,3683332552303,10.5143,10.3755,0.1388,3.9431,10.5306,10.5306,0.0000,NA,0.0000,NA,NA,NA,NA
Endfield.exe,53680,0x125AB2630,DXGI,0,512,0,Composed: Flip,Application,3683332752135,43.9687,9.60770000000000,15.38290000000000,0.21500000000000,3.78250000000000,18.2152,121.9960,3683332657446,9.6839,9.4689,0.2150,3.9594,9.2920,9.2895,0.0025,3.5782,18180.0954,NA,21.9194,NA,NA
Endfield.exe,53680,0x125AB2630,DXGI,0,512,0,Composed: Flip,Application,3683332854776,NA,10.26410000000000,9.61450000000000,0.15150000000000,2.37630000000000,17.5656,131.6105,3683332754285,10.2006,10.0491,0.1515,3.5675,8.8579,8.8403,0.0176,NA,0.0000,NA,NA,NA,NA
Endfield.exe,53680,0x125AB2630,DXGI,0,512,0,Composed: Flip,Application,3683332957240,NA,10.24640000000000,7.04510000000000,0.15520000000000,4.11930000000000,14.3643,138.6556,3683332856291,10.2501,10.0949,0.1552,2.2248,11.9894,11.9894,0.0000,NA,0.0000,NA,NA,NA,NA
Endfield.exe,53680,0x125AB2630,DXGI,0,512,0,Composed: Flip,Application,3683333060236,NA,10.29960000000000,8.33680000000000,0.12300000000000,2.97630000000000,12.4015,146.9924,3683332958792,10.2674,10.1444,0.1230,3.9641,9.1566,9.1566,0.0000,NA,0.0000,NA,NA,NA,NA
Endfield.exe,53680,0x125AB2630,DXGI,0,512,0,Composed: Flip,Application,3683333162605,40.6784,10.23690000000000,17.96860000000000,0.13810000000000,3.85150000000000,20.1332,122.2704,3683333061466,10.2520,10.1139,0.1381,2.8533,11.1121,11.1110,0.0011,-2.2866,18220.7738,NA,35.8884,NA,NA
Endfield.exe,53680,0x125AB2630,DXGI,0,512,0,Composed: Flip,Application,3683333266260,NA,10.36550000000000,7.02050000000000,0.31280000000000,2.66470000000000,16.7882,129.2909,3683333163986,10.5402,10.2274,0.3128,3.7134,9.1787,9.1594,0.0193,NA,0.0000,NA,NA,NA,NA
Endfield.exe,53680,0x125AB2630,DXGI,0,512,0,Composed: Flip,Application,3683333366896,NA,10.06360000000000,8.31960000000000,0.15660000000000,4.19890000000000,15.0442,137.6105,3683333269388,9.9074,9.7508,0.1566,2.3519,11.5978,11.5978,0.0000,NA,0.0000,NA,NA,NA,NA
Endfield.exe,53680,0x125AB2630,DXGI,0,512,0,Composed: Flip,Application,3683333469919,NA,10.30230000000000,8.31750000000000,0.12490000000000,3.78280000000000,13.0594,145.9280,3683333368462,10.2706,10.1457,0.1249,4.0423,9.8862,9.8862,0.0000,NA,0.0000,NA,NA,NA,NA
Endfield.exe,53680,0x125AB2630,DXGI,0,512,0,Composed: Flip,Application,3683333576412,40.7670,10.64930000000000,9.70350000000000,0.15550000000000,3.96800000000000,12.1136,114.8645,3683333471168,10.6799,10.5244,0.1555,3.6579,10.8345,10.8331,0.0014,7.4059,18261.5408,NA,17.2437,NA,NA
Endfield.exe,53680,0x125AB2630,DXGI,0,512,0,Composed: Flip,Application,3683333677672,NA,10.12600000000000,15.42780000000000,0.14070000000000,4.19880000000000,17.4154,130.2923,3683333577967,10.1112,9.9705,0.1407,3.8125,10.3568,10.3391,0.0177,NA,0.0000,NA,NA,NA,NA
Endfield.exe,53680,0x125AB2630,DXGI,0,512,0,Composed: Flip,Application,3683333781434,NA,10.37620000000000,9.59370000000000,0.37030000000000,4.13290000000000,16.6329,139.8860,3683333679079,10.6058,10.2355,0.3703,4.0581,10.3103,10.3103,0.0000,NA,0.0000,NA,NA,NA,NA
Endfield.exe,53680,0x125AB2630,DXGI,0,512,0,Composed: Flip,Application,3683333883668,NA,10.22340000000000,6.95050000000000,0.50340000000000,3.02210000000000,13.3600,146.8365,3683333785137,10.3565,9.8531,0.5034,3.7626,9.1126,9.1126,0.0000,NA,0.0000,NA,NA,NA,NA
Endfield.exe,53680,0x125AB2630,DXGI,0,512,0,Composed: Flip,Application,3683333987662,40.4797,10.39940000000000,8.31770000000000,0.15970000000000,3.85890000000000,11.2783,114.6745,3683333888702,10.0557,9.8960,0.1597,2.5187,11.2362,11.2336,0.0026,0.1900,18302.0205,NA,14.5374,NA,NA
Endfield.exe,53680,0x125AB2630,DXGI,0,512,0,Composed: Flip,Application,3683334091592,NA,10.39300000000000,9.67950000000000,0.14620000000000,2.83180000000000,10.5648,124.3540,3683333989259,10.3795,10.2333,0.1462,3.6992,9.3659,9.3453,0.0206,NA,0.0000,NA,NA,NA,NA
Endfield.exe,53680,0x125AB2630,DXGI,0,512,0,Composed: Flip,Application,3683334193083,NA,10.14910000000000,15.33670000000000,0.17200000000000,4.68300000000000,15.7524,139.6907,3683334093054,10.1749,10.0029,0.1720,2.6856,12.0003,12.0003,0.0000,NA,0.0000,NA,NA,NA,NA
Endfield.exe,53680,0x125AB2630,DXGI,0,512,0,Composed: Flip,Application,3683334296646,NA,10.35630000000000,9.65660000000000,0.12160000000000,4.38670000000000,15.0527,149.3473,3683334194803,10.3059,10.1843,0.1216,4.5110,10.0600,10.0600,0.0000,NA,0.0000,NA,NA,NA,NA
Endfield.exe,53680,0x125AB2630,DXGI,0,512,0,Composed: Flip,Application,3683334399964,42.4924,10.33180000000000,7.00950000000000,0.16920000000000,3.94440000000000,11.7304,113.8644,3683334297862,10.3794,10.2102,0.1692,4.2651,9.8895,9.8869,0.0026,0.8101,18344.5129,NA,20.2152,NA,NA
Endfield.exe,53680,0x125AB2630,DXGI,0,512,0,Composed: Flip,Application,3683334502819,NA,10.28550000000000,16.67730000000000,0.33230000000000,3.12450000000000,18.1222,130.5417,3683334401656,10.4486,10.1163,0.3323,3.7752,9.4656,9.4523,0.0133,NA,0.0000,NA,NA,NA,NA
Endfield.exe,53680,0x125AB2630,DXGI,0,512,0,Composed: Flip,Application,3683334605730,NA,10.29110000000000,9.63860000000000,0.19140000000000,5.27660000000000,17.4697,140.1803,3683334506142,10.1502,9.9588,0.1914,2.7922,12.4432,12.4432,0.0000,NA,0.0000,NA,NA,NA,NA
Endfield.exe,53680,0x125AB2630,DXGI,0,512,0,Composed: Flip,Application,3683334709017,NA,10.32870000000000,7.02390000000000,0.12670000000000,3.79820000000000,14.1649,147.2042,3683334607644,10.2640,10.1373,0.1267,5.0852,8.8503,8.8503,0.0000,NA,0.0000,NA,NA,NA,NA
Endfield.exe,53680,0x125AB2630,DXGI,0,512,0,Composed: Flip,Application,3683334817477,40.2239,10.84600000000000,8.35830000000000,0.17860000000000,3.64950000000000,11.6772,113.9932,3683334710284,10.8979,10.7193,0.1786,3.6715,10.6973,10.6950,0.0023,-1.4742,18384.7368,NA,14.9171,NA,NA
Endfield.exe,53680,0x125AB2630,DXGI,0,512,0,Composed: Flip,Application,3683334920185,NA,10.27080000000000,9.62660000000000,0.28800000000000,2.43820000000000,11.0330,123.6198,3683334819263,10.3802,10.0922,0.2880,3.4709,9.0595,9.0495,0.0100,NA,0.0000,NA,NA,NA,NA
Endfield.exe,53680,0x125AB2630,DXGI,0,512,0,Composed: Flip,Application,3683335022042,NA,10.18570000000000,15.35980000000000,0.14120000000000,4.71250000000000,16.2071,138.9796,3683334923065,10.0389,9.8977,0.1412,2.1502,12.4600,12.4600,0.0000,NA,0.0000,NA,NA,NA,NA
Endfield.exe,53680,0x125AB2630,DXGI,0,512,0,Composed: Flip,Application,3683335126208,NA,10.41660000000000,8.30740000000000,0.14040000000000,3.82510000000000,14.0979,147.2870,3683335023454,10.4158,10.2754,0.1404,4.5713,9.5292,9.5292,0.0000,NA,0.0000,NA,NA,NA,NA
Endfield.exe,53680,0x125AB2630,DXGI,0,512,0,Composed: Flip,Application,3683335234548,41.5653,10.83400000000000,9.70710000000000,0.15390000000000,3.67540000000000,12.9710,115.4288,3683335127612,10.8475,10.6936,0.1539,3.6847,10.6843,10.6815,0.0028,-1.4356,18426.3021,NA,17.9207,NA,NA
Endfield.exe,53680,0x125AB2630,DXGI,0,512,0,Composed: Flip,Application,3683335338273,NA,10.37250000000000,15.29110000000000,0.18210000000000,4.19290000000000,17.8896,130.7199,3683335236087,10.4007,10.2186,0.1821,3.5215,10.8900,10.8732,0.0168,NA,0.0000,NA,NA,NA,NA
Endfield.exe,53680,0x125AB2630,DXGI,0,512,0,Composed: Flip,Application,3683335441134,NA,10.28610000000000,9.68210000000000,0.17300000000000,4.25790000000000,17.2856,140.4020,3683335340094,10.2770,10.1040,0.1730,4.0108,10.3511,10.3511,0.0000,NA,0.0000,NA,NA,NA,NA
Endfield.exe,53680,0x125AB2630,DXGI,0,512,0,Composed: Flip,Application,3683335543733,NA,10.25990000000000,7.02720000000000,0.12660000000000,3.72080000000000,14.0529,147.4292,3683335442864,10.2135,10.0869,0.1266,4.0849,9.7228,9.7228,0.0000,NA,0.0000,NA,NA,NA,NA
Endfield.exe,53680,0x125AB2630,DXGI,0,512,0,Composed: Flip,Application,3683335633979,42.3238,9.02460000000000,8.30230000000000,0.17540000000000,4.33760000000000,13.3306,113.4077,3683335544999,9.0734,8.8980,0.1754,3.5942,9.6414,9.6388,0.0026,2.0211,18468.6259,NA,16.2162,NA,NA
Endfield.exe,53680,0x125AB2630,DXGI,0,512,0,Composed: Flip,Application,3683335732706,NA,9.87270000000000,9.67000000000000,0.17750000000000,3.73930000000000,13.1279,123.0777,3683335635733,9.8748,9.6973,0.1775,4.1622,9.2744,9.2620,0.0124,NA,0.0000,NA,NA,NA,NA
Endfield.exe,53680,0x125AB2630,DXGI,0,512,0,Composed: Flip,Application,3683335834038,NA,10.13320000000000,15.32360000000000,0.15680000000000,4.23150000000000,18.3183,138.4013,3683335734481,10.1125,9.9557,0.1568,3.5618,10.6254,10.6254,0.0000,NA,0.0000,NA,NA,NA,NA
Endfield.exe,53680,0x125AB2630,DXGI,0,512,0,Composed: Flip,Application,3683335937970,NA,10.39320000000000,8.33190000000000,0.12730000000000,4.29820000000000,16.2570,146.7332,3683335835606,10.3637,10.2364,0.1273,4.0747,10.4599,10.4599,0.0000,NA,0.0000,NA,NA,NA,NA
Endfield.exe,53680,0x125AB2630,DXGI,0,512,0,Composed: Flip,Application,3683336062292,39.9767,12.43220000000000,8.38700000000000,0.18930000000000,3.70800000000000,12.2118,115.1435,3683335939243,12.4942,12.3049,0.1893,4.1709,11.8420,11.8385,0.0035,-1.7358,18508.6026,NA,14.9344,NA,NA
Endfield.exe,53680,0x125AB2630,DXGI,0,512,0,Composed: Flip,Application,3683336167527,NA,10.52350000000000,9.62900000000000,0.22880000000000,2.31910000000000,11.3173,124.7725,3683336064185,10.5630,10.3342,0.2288,3.5187,9.1346,9.1207,0.0139,NA,0.0000,NA,NA,NA,NA
Endfield.exe,53680,0x125AB2630,DXGI,0,512,0,Composed: Flip,Application,3683336268757,NA,10.12300000000000,15.37440000000000,0.16020000000000,4.14770000000000,16.5687,140.1469,3683336169815,10.0544,9.8942,0.1602,2.0903,11.9516,11.9516,0.0000,NA,0.0000,NA,NA,NA,NA
Endfield.exe,53680,0x125AB2630,DXGI,0,512,0,Composed: Flip,Application,3683336372598,NA,10.38410000000000,9.64840000000000,0.17420000000000,4.73660000000000,15.8330,149.7953,3683336270359,10.3981,10.2239,0.1742,3.9875,10.9730,10.9730,0.0000,NA,0.0000,NA,NA,NA,NA
Endfield.exe,53680,0x125AB2630,DXGI,0,512,0,Composed: Flip,Application,3683336466653,40.8069,9.40550000000000,6.97160000000000,0.19450000000000,3.52780000000000,13.3991,115.9600,3683336374340,9.4258,9.2313,0.1945,4.5624,8.1967,8.1943,0.0024,-0.8165,18549.4095,NA,15.5587,NA,NA
Endfield.exe,53680,0x125AB2630,DXGI,0,512,0,Composed: Flip,Application,3683336571328,NA,10.46750000000000,9.67870000000000,0.18520000000000,4.13860000000000,12.6103,125.6387,3683336468598,10.4582,10.2730,0.1852,3.3333,11.0783,11.0603,0.0180,NA,0.0000,NA,NA,NA,NA
Endfield.exe,53680,0x125AB2630,DXGI,0,512,0,Composed: Flip,Application,3683336671350,NA,10.00220000000000,16.67600000000000,0.25130000000000,4.24710000000000,19.2841,142.3147,3683336573180,10.0683,9.8170,0.2513,3.9534,10.1107,10.1107,0.0000,NA,0.0000,NA,NA,NA,NA
Endfield.exe,53680,0x125AB2630,DXGI,0,512,0,Composed: Flip,Application,3683336774492,NA,10.31420000000000,15.32360000000000,0.14360000000000,4.34350000000000,24.2935,157.6383,3683336673863,10.2065,10.0629,0.1436,3.9958,10.4106,10.4106,0.0000,NA,0.0000,NA,NA,NA,NA
Endfield.exe,53680,0x125AB2630,DXGI,0,512,0,Composed: Flip,Application,3683336872733,42.5561,9.82410000000000,NA,0.32360000000000,7.63390000000000,NA,NA,3683336775928,10.0041,9.6805,0.3236,4.1999,13.1145,13.1124,0.0021,NA,NA,NA,NA,NA,NA
Endfield.exe,53680,0x125AB2630,DXGI,0,512,0,Composed: Flip,Application,3683336975707,NA,10.29740000000000,8.34650000000000,0.20740000000000,2.74420000000000,12.5185,123.4287,3683336875969,10.1812,9.9738,0.2074,7.3103,5.4077,5.4009,0.0068,NA,0.0000,NA,27.5671,NA,NA
Endfield.exe,53680,0x125AB2630,DXGI,0,512,0,Composed: Flip,Application,3683337075841,NA,10.01340000000000,8.33170000000000,0.14040000000000,3.90150000000000,10.8368,131.7604,3683336977781,9.9464,9.8060,0.1404,2.5368,11.1707,11.1707,0.0000,NA,0.0000,NA,NA,NA,NA
Endfield.exe,53680,0x125AB2630,DXGI,0,512,0,Composed: Flip,Application,3683337180142,NA,10.43010000000000,16.64230000000000,0.12990000000000,2.70710000000000,17.0490,148.4027,3683337077245,10.4196,10.2897,0.1299,3.7611,9.2357,9.2357,0.0000,NA,0.0000,NA,NA,NA,NA
Endfield.exe,53680,0x125AB2630,DXGI,0,512,0,Composed: Flip,Application,3683337298054,41.2309,11.79120000000000,9.67090000000000,0.20550000000000,4.60160000000000,14.9287,116.8427,3683337181441,11.8668,11.6613,0.2055,2.5772,13.6857,13.6833,0.0024,-0.8827,18633.1965,NA,27.2196,NA,NA
Endfield.exe,53680,0x125AB2630,DXGI,0,512,0,Composed: Flip,Application,3683337400748,NA,10.26940000000000,7.02030000000000,0.17990000000000,3.20300000000000,11.6796,123.8630,3683337300109,10.2438,10.0639,0.1799,4.3961,8.8708,8.8574,0.0134,NA,0.0000,NA,NA,NA,NA
Endfield.exe,53680,0x125AB2630,DXGI,0,512,0,Composed: Flip,Application,3683337503273,NA,10.25250000000000,16.67290000000000,0.15100000000000,4.12780000000000,18.1000,140.5359,3683337402547,10.2236,10.0726,0.1510,3.0231,11.1773,11.1773,0.0000,NA,0.0000,NA,NA,NA,NA
Endfield.exe,53680,0x125AB2630,DXGI,0,512,0,Composed: Flip,Application,3683337606337,NA,10.30640000000000,9.63290000000000,0.13540000000000,2.89950000000000,17.4265,150.1688,3683337504783,10.2908,10.1554,0.1354,3.9768,9.0781,9.0781,0.0000,NA,0.0000,NA,NA,NA,NA
Endfield.exe,53680,0x125AB2630,DXGI,0,512,0,Composed: Flip,Application,3683337721138,40.4382,11.48010000000000,7.04830000000000,0.15620000000000,3.76040000000000,12.9947,118.2454,3683337607691,11.5009,11.3447,0.1562,2.7641,12.3410,12.3385,0.0025,0.0638,18673.6347,NA,45.5889,NA,NA
Endfield.exe,53680,0x125AB2630,DXGI,0,512,0,Composed: Flip,Application,3683337824793,NA,10.36550000000000,17.94560000000000,0.15250000000000,4.42740000000000,20.5748,136.1910,3683337722700,10.3618,10.2093,0.1525,3.6042,11.0325,11.0190,0.0135,NA,0.0000,NA,NA,NA,NA
Endfield.exe,53680,0x125AB2630,DXGI,0,512,0,Composed: Flip,Application,3683337927816,NA,10.30230000000000,7.03130000000000,0.15140000000000,4.23480000000000,17.3038,143.2223,3683337826318,10.3012,10.1498,0.1514,4.2749,10.1097,10.1097,0.0000,NA,0.0000,NA,NA,NA,NA
Endfield.exe,53680,0x125AB2630,DXGI,0,512,0,Composed: Flip,Application,3683338032528,NA,10.47120000000000,16.64110000000000,0.13010000000000,4.76210000000000,23.4737,159.8634,3683337929330,10.4499,10.3198,0.1301,4.0834,10.9985,10.9985,0.0000,NA,0.0000,NA,NA,NA,NA
Endfield.exe,53680,0x125AB2630,DXGI,0,512,0,Composed: Flip,Application,3683338127176,44.8277,9.46480000000000,1.33690000000000,0.21850000000000,3.99220000000000,15.3458,116.3726,3683338033829,9.5532,9.3347,0.2185,4.6320,8.6949,8.6924,0.0025,1.8728,18718.4624,NA,NA,NA,NA
Endfield.exe,53680,0x125AB2630,DXGI,0,512,0,Composed: Flip,Application,3683338231849,NA,10.46730000000000,6.98710000000000,0.23950000000000,2.97010000000000,11.8656,123.3597,3683338129361,10.4883,10.2488,0.2395,3.7737,9.4452,9.4297,0.0155,NA,0.0000,NA,NA,NA,NA
Endfield.exe,53680,0x125AB2630,DXGI,0,512,0,Composed: Flip,Application,3683338334006,NA,10.21570000000000,8.38300000000000,0.13990000000000,3.28080000000000,10.0329,131.7427,3683338234244,10.1161,9.9762,0.1399,2.7306,10.5264,10.5264,0.0000,NA,0.0000,NA,NA,NA,NA
Endfield.exe,53680,0x125AB2630,DXGI,0,512,0,Composed: Flip,Application,3683338438162,NA,10.41560000000000,18.02390000000000,0.13480000000000,4.09970000000000,17.6412,149.7666,3683338335405,10.4105,10.2757,0.1348,3.1409,11.2345,11.2345,0.0000,NA,0.0000,NA,NA,NA,NA
Endfield.exe,53680,0x125AB2630,DXGI,0,512,0,Composed: Flip,Application,3683338544368,39.7559,10.62060000000000,6.98240000000000,0.16150000000000,6.81270000000000,14.0030,116.3309,3683338439510,10.6473,10.4858,0.1615,3.9649,13.3336,13.3308,0.0028,-0.6205,18758.2183,NA,NA,NA,NA
Endfield.exe,53680,0x125AB2630,DXGI,0,512,0,Composed: Flip,Application,3683338669566,NA,12.51980000000000,9.61610000000000,0.17430000000000,4.32680000000000,11.0993,125.9470,3683338545983,12.5326,12.3583,0.1743,6.6512,10.0339,10.0289,0.0050,NA,0.0000,NA,NA,NA,NA
Endfield.exe,53680,0x125AB2630,DXGI,0,512,0,Composed: Flip,Application,3683338748895,NA,7.93290000000000,15.37030000000000,0.13070000000000,4.19100000000000,18.5367,141.3173,3683338671309,7.8893,7.7586,0.1307,4.1525,7.7971,7.7971,0.0000,NA,0.0000,NA,NA,NA,NA
Endfield.exe,53680,0x125AB2630,DXGI,0,512,0,Composed: Flip,Application,3683338855749,NA,10.68540000000000,9.65830000000000,0.15400000000000,3.81670000000000,17.5096,150.9756,3683338750202,10.7087,10.5547,0.1540,4.0603,10.3111,10.3111,0.0000,NA,0.0000,NA,NA,NA,NA
Endfield.exe,53680,0x125AB2630,DXGI,0,512,0,Composed: Flip,Application,3683338950087,40.5093,9.43380000000000,15.35040000000000,0.18370000000000,3.78000000000000,23.4262,125.8167,3683338857289,9.4635,9.2798,0.1837,3.6627,9.3971,9.3948,0.0023,-9.4858,18798.7276,NA,NA,NA,NA
Endfield.exe,53680,0x125AB2630,DXGI,0,512,0,Composed: Flip,Application,3683339054571,NA,10.44840000000000,1.30660000000000,0.17990000000000,4.62080000000000,14.2844,127.1233,3683338951924,10.4446,10.2647,0.1799,3.5963,11.2892,11.2751,0.0141,NA,0.0000,NA,NA,NA,NA
Endfield.exe,53680,0x125AB2630,DXGI,0,512,0,Composed: Flip,Application,3683339156595,NA,10.20240000000000,6.97500000000000,0.17240000000000,3.79890000000000,11.0570,134.0983,3683339056370,10.1949,10.0225,0.1724,4.4409,9.3805,9.3805,0.0000,NA,0.0000,NA,NA,NA,NA
Endfield.exe,53680,0x125AB2630,DXGI,0,512,0,Composed: Flip,Application,3683339258925,NA,10.23300000000000,8.31970000000000,0.12050000000000,4.09470000000000,9.1437,142.4180,3683339158319,10.1811,10.0606,0.1205,3.6265,10.5288,10.5288,0.0000,NA,0.0000,NA,NA,NA,NA
Endfield.exe,53680,0x125AB2630,DXGI,0,512,0,Composed: Flip,Application,3683339366028,41.3586,10.71030000000000,16.66590000000000,0.19890000000000,3.63280000000000,15.0993,117.7253,3683339260130,10.7887,10.5898,0.1989,3.9742,10.2484,10.2463,0.0021,8.0914,18840.0862,NA,NA,NA,NA
Endfield.exe,53680,0x125AB2630,DXGI,0,512,0,Composed: Flip,Application,3683339470576,NA,10.45480000000000,8.35620000000000,0.29370000000000,4.01560000000000,13.0007,126.0815,3683339368017,10.5496,10.2559,0.2937,3.4339,10.8376,10.8201,0.0175,NA,0.0000,NA,NA,NA,NA
Endfield.exe,53680,0x125AB2630,DXGI,0,512,0,Composed: Flip,Application,3683339572327,NA,10.17510000000000,9.68170000000000,0.16260000000000,4.24630000000000,12.5073,135.7632,3683339473513,10.0440,9.8814,0.1626,3.7219,10.4058,10.4058,0.0000,NA,0.0000,NA,NA,NA,NA
Endfield.exe,53680,0x125AB2630,DXGI,0,512,0,Composed: Flip,Application,3683339676797,NA,10.44700000000000,15.32990000000000,0.12020000000000,4.12400000000000,17.3902,151.0931,3683339573953,10.4046,10.2844,0.1202,4.0837,10.3247,10.3247,0.0000,NA,0.0000,NA,NA,NA,NA
Endfield.exe,53680,0x125AB2630,DXGI,0,512,0,Composed: Flip,Application,3683339766010,41.0639,8.92130000000000,16.64720000000000,0.20480000000000,3.84860000000000,25.1161,128.1457,3683339677999,9.0059,8.8011,0.2048,4.0038,8.6459,8.6450,0.0009,-8.9511,18881.1501,NA,NA,NA,NA
Endfield.exe,53680,0x125AB2630,DXGI,0,512,0,Composed: Flip,Application,3683339870251,NA,10.42410000000000,1.34980000000000,0.23640000000000,4.28630000000000,16.0418,129.4955,3683339768058,10.4557,10.2193,0.2364,3.6438,10.8618,10.8442,0.0176,NA,0.0000,NA,NA,NA,NA
Endfield.exe,53680,0x125AB2630,DXGI,0,512,0,Composed: Flip,Application,3683339970500,NA,10.02490000000000,7.00140000000000,0.14200000000000,2.72470000000000,13.0183,136.4969,3683339872615,9.9305,9.7885,0.1420,4.0499,8.4633,8.4633,0.0000,NA,0.0000,NA,NA,NA,NA
Endfield.exe,53680,0x125AB2630,DXGI,0,512,0,Composed: Flip,Application,3683340074878,NA,10.43780000000000,8.33040000000000,0.15560000000000,3.71460000000000,10.9109,144.8273,3683339971920,10.4514,10.2958,0.1556,2.5827,11.4277,11.4277,0.0000,NA,0.0000,NA,NA,NA,NA
Endfield.exe,53680,0x125AB2630,DXGI,0,512,0,Composed: Flip,Application,3683340183397,41.4224,10.85190000000000,9.67900000000000,0.13390000000000,1.74410000000000,9.7380,113.0839,3683340076434,10.8302,10.6963,0.1339,3.5590,8.8814,8.8787,0.0027,15.0618,18922.5725,NA,NA,NA,NA
Endfield.exe,53680,0x125AB2630,DXGI,0,512,0,Composed: Flip,Application,3683340287756,NA,10.43590000000000,23.64380000000000,0.24220000000000,4.14520000000000,22.9459,136.7277,3683340184736,10.5442,10.3020,0.2422,1.6102,12.8370,12.8209,0.0161,NA,0.0000,NA,NA,NA,NA
Endfield.exe,53680,0x125AB2630,DXGI,0,512,0,Composed: Flip,Application,3683340389494,NA,10.17380000000000,1.33780000000000,0.21160000000000,4.16920000000000,14.1099,138.0655,3683340290178,10.1432,9.9316,0.2116,3.9030,10.1978,10.1978,0.0000,NA,0.0000,NA,NA,NA,NA
Endfield.exe,53680,0x125AB2630,DXGI,0,512,0,Composed: Flip,Application,3683340491580,NA,10.20860000000000,15.38640000000000,0.12610000000000,4.07250000000000,19.2877,153.4519,3683340391610,10.1231,9.9970,0.1261,3.9576,10.1119,10.1119,0.0000,NA,0.0000,NA,NA,NA,NA
Endfield.exe,53680,0x125AB2630,DXGI,0,512,0,Composed: Flip,Application,3683340590488,41.9644,9.89080000000000,9.61980000000000,0.15400000000000,3.73710000000000,19.0167,121.1073,3683340492841,9.9187,9.7647,0.1540,3.9464,9.5554,9.5472,0.0082,-8.0234,18964.5369,NA,NA,NA,NA
Endfield.exe,53680,0x125AB2630,DXGI,0,512,0,Composed: Flip,Application,3683340693483,NA,10.29950000000000,6.99750000000000,0.15460000000000,2.49230000000000,15.7147,128.1048,3683340592028,10.3001,10.1455,0.1546,3.5831,9.0547,9.0412,0.0135,NA,0.0000,NA,NA,NA,NA
Endfield.exe,53680,0x125AB2630,DXGI,0,512,0,Composed: Flip,Application,3683340795854,NA,10.23710000000000,8.35180000000000,0.16580000000000,4.54890000000000,13.8294,136.4566,3683340695029,10.2483,10.0825,0.1658,2.3377,12.2937,12.2937,0.0000,NA,0.0000,NA,NA,NA,NA
Endfield.exe,53680,0x125AB2630,DXGI,0,512,0,Composed: Flip,Application,3683340898091,NA,10.22370000000000,9.66160000000000,0.12220000000000,3.68690000000000,13.2673,146.1182,3683340797512,10.1801,10.0579,0.1222,4.3831,9.3617,9.3617,0.0000,NA,0.0000,NA,NA,NA,NA
Endfield.exe,53680,0x125AB2630,DXGI,0,512,0,Composed: Flip,Application,3683341003860,39.8886,10.57690000000000,15.36590000000000,0.16030000000000,3.81440000000000,18.0563,121.9128,3683340899313,10.6150,10.4547,0.1603,3.5647,10.7044,10.7021,0.0023,-0.4882,19004.4255,NA,NA,NA,NA
Endfield.exe,53680,0x125AB2630,DXGI,0,512,0,Composed: Flip,Application,3683341108434,NA,10.45740000000000,8.26850000000000,0.17610000000000,2.34400000000000,15.8674,130.1813,3683341005463,10.4732,10.2971,0.1761,3.6541,8.9870,8.9709,0.0161,NA,0.0000,NA,NA,NA,NA
Endfield.exe,53680,0x125AB2630,DXGI,0,512,0,Composed: Flip,Application,3683341210850,NA,10.24160000000000,9.74260000000000,0.16550000000000,4.80360000000000,15.3684,139.9239,3683341110195,10.2310,10.0655,0.1655,2.1679,12.7012,12.7012,0.0000,NA,0.0000,NA,NA,NA,NA
Endfield.exe,53680,0x125AB2630,DXGI,0,512,0,Composed: Flip,Application,3683341312010,NA,10.11600000000000,6.98420000000000,0.13620000000000,4.14460000000000,12.2366,146.9081,3683341212505,10.0867,9.9505,0.1362,4.6381,9.4570,9.4570,0.0000,NA,0.0000,NA,NA,NA,NA
Endfield.exe,53680,0x125AB2630,DXGI,0,512,0,Composed: Flip,Application,3683341425956,40.8860,11.39460000000000,17.99220000000000,0.15220000000000,3.62240000000000,18.8342,124.0143,3683341313372,11.4106,11.2584,0.1522,4.0084,10.8724,10.8691,0.0033,-2.1015,19045.3115,NA,46.9266,NA,NA
Endfield.exe,53680,0x125AB2630,DXGI,0,512,0,Composed: Flip,Application,3683341528160,NA,10.22040000000000,6.99120000000000,0.14890000000000,2.44330000000000,15.6050,131.0055,3683341427478,10.2171,10.0682,0.1489,3.4702,9.0413,9.0271,0.0142,NA,0.0000,NA,NA,NA,NA
Endfield.exe,53680,0x125AB2630,DXGI,0,512,0,Composed: Flip,Application,3683341633337,NA,10.51770000000000,8.30760000000000,0.18620000000000,4.57020000000000,13.3949,139.3131,3683341529649,10.5550,10.3688,0.1862,2.2944,12.6446,12.6446,0.0000,NA,0.0000,NA,NA,NA,NA
Endfield.exe,53680,0x125AB2630,DXGI,0,512,0,Composed: Flip,Application,3683341735763,NA,10.24260000000000,8.33200000000000,0.13730000000000,2.00140000000000,11.4843,147.6451,3683341635199,10.1937,10.0564,0.1373,4.3840,7.6738,7.6738,0.0000,NA,0.0000,NA,NA,NA,NA
Endfield.exe,53680,0x125AB2630,DXGI,0,512,0,Composed: Flip,Application,3683341842423,41.3068,10.66600000000000,9.71060000000000,0.14190000000000,3.81700000000000,10.5289,116.0489,3683341737136,10.6706,10.5287,0.1419,1.8641,12.4816,12.4807,0.0009,7.9654,19086.6183,NA,NA,NA,NA
Endfield.exe,53680,0x125AB2630,DXGI,0,512,0,Composed: Flip,Application,3683341948126,NA,10.57030000000000,15.28850000000000,0.21150000000000,4.23560000000000,15.2471,131.3374,3683341843842,10.6399,10.4284,0.2115,3.6751,10.9889,10.9745,0.0144,NA,0.0000,NA,NA,NA,NA
Endfield.exe,53680,0x125AB2630,DXGI,0,512,0,Composed: Flip,Application,3683342050335,NA,10.22090000000000,9.67290000000000,0.14650000000000,4.56790000000000,14.6991,141.0103,3683341950241,10.1559,10.0094,0.1465,4.0241,10.5532,10.5532,0.0000,NA,0.0000,NA,NA,NA,NA
Endfield.exe,53680,0x125AB2630,DXGI,0,512,0,Composed: Flip,Application,3683342154431,NA,10.40960000000000,6.99330000000000,0.11880000000000,4.09880000000000,11.2828,148.0036,3683342051800,10.3819,10.2631,0.1188,4.4214,9.9405,9.9405,0.0000,NA,0.0000,NA,NA,NA,NA
Endfield.exe,53680,0x125AB2630,DXGI,0,512,0,Composed: Flip,Application,3683342271063,42.6939,11.66320000000000,18.01270000000000,0.18000000000000,2.85130000000000,17.6323,123.3224,3683342155619,11.7244,11.5444,0.1800,3.9800,10.4157,10.4125,0.0032,-7.2735,19129.3122,NA,33.2370,NA,NA
Endfield.exe,53680,0x125AB2630,DXGI,0,512,0,Composed: Flip,Application,3683342368745,NA,9.76820000000000,6.98600000000000,0.17090000000000,4.26930000000000,14.8501,130.3084,3683342272863,9.7591,9.5882,0.1709,2.6713,11.1862,11.1732,0.0130,NA,0.0000,NA,NA,NA,NA
Endfield.exe,53680,0x125AB2630,DXGI,0,512,0,Composed: Flip,Application,3683342470670,NA,10.19250000000000,8.33790000000000,0.15480000000000,3.81630000000000,12.9955,138.6463,3683342370454,10.1764,10.0216,0.1548,4.0984,9.7395,9.7395,0.0000,NA,0.0000,NA,NA,NA,NA
Endfield.exe,53680,0x125AB2630,DXGI,0,512,0,Composed: Flip,Application,3683342577889,NA,10.72190000000000,9.66840000000000,0.14400000000000,3.48350000000000,11.9420,148.3147,3683342472218,10.7111,10.5671,0.1440,3.6615,10.3891,10.3891,0.0000,NA,0.0000,NA,NA,NA,NA
Endfield.exe,53680,0x125AB2630,DXGI,0,512,0,Composed: Flip,Application,3683342670797,40.9376,9.29080000000000,15.31500000000000,0.14930000000000,3.74590000000000,17.9662,122.6921,3683342579329,9.2961,9.1468,0.1493,3.3395,9.5532,9.5503,0.0029,0.6303,19170.2498,NA,NA,NA,NA
Endfield.exe,53680,0x125AB2630,DXGI,0,512,0,Composed: Flip,Application,3683342774938,NA,10.41410000000000,9.69830000000000,0.15660000000000,4.40020000000000,17.2504,132.3904,3683342672290,10.4214,10.2648,0.1566,3.5966,11.0684,11.0522,0.0162,NA,0.0000,NA,NA,NA,NA
Endfield.exe,53680,0x125AB2630,DXGI,0,512,0,Composed: Flip,Application,3683342896562,NA,12.16240000000000,6.99230000000000,0.25980000000000,1.91330000000000,12.0803,139.3827,3683342776504,12.2656,12.0058,0.2598,4.2436,9.6755,9.6755,0.0000,NA,0.0000,NA,NA,NA,NA
Endfield.exe,53680,0x125AB2630,DXGI,0,512,0,Composed: Flip,Application,3683342985713,NA,8.91510000000000,8.34340000000000,0.21490000000000,3.34610000000000,11.5086,147.7261,3683342899160,8.8702,8.6553,0.2149,1.6535,10.3479,10.3479,0.0000,NA,0.0000,NA,NA,NA,NA
Endfield.exe,53680,0x125AB2630,DXGI,0,512,0,Composed: Flip,Application,3683343084395,42.1237,9.86820000000000,18.00390000000000,0.20640000000000,3.38560000000000,19.6443,123.6063,3683342987862,9.8597,9.6533,0.2064,3.1312,9.9077,9.9064,0.0013,-0.9142,19212.3735,NA,NA,NA,NA
Endfield.exe,53680,0x125AB2630,DXGI,0,512,0,Composed: Flip,Application,3683343185550,NA,10.11550000000000,6.99810000000000,0.22270000000000,4.63980000000000,16.5269,130.6044,3683343086459,10.1318,9.9091,0.2227,3.1792,11.3697,11.3558,0.0139,NA,0.0000,NA,NA,NA,NA
Endfield.exe,53680,0x125AB2630,DXGI,0,512,0,Composed: Flip,Application,3683343288664,NA,10.31140000000000,8.36910000000000,0.29700000000000,4.84870000000000,14.5846,138.9735,3683343187777,10.3857,10.0887,0.2970,4.4171,10.5203,10.5203,0.0000,NA,0.0000,NA,21.4870,NA,NA
Endfield.exe,53680,0x125AB2630,DXGI,0,512,0,Composed: Flip,Application,3683343392251,NA,10.35870000000000,8.28970000000000,0.20070000000000,3.52180000000000,12.5156,147.2632,3683343291634,10.2624,10.0617,0.2007,4.5517,9.0318,9.0318,0.0000,NA,0.0000,NA,NA,NA,NA
Endfield.exe,53680,0x125AB2630,DXGI,0,512,0,Composed: Flip,Application,3683343474433,40.8631,8.21820000000000,9.72500000000000,0.20600000000000,2.40720000000000,14.0224,116.7872,3683343394258,8.2235,8.0175,0.2060,3.3211,7.1036,7.1009,0.0027,7.4812,19253.2366,NA,14.9444,NA,NA
Endfield.exe,53680,0x125AB2630,DXGI,0,512,0,Composed: Flip,Application,3683343588939,NA,11.45060000000000,16.62880000000000,0.36100000000000,4.15700000000000,19.2006,133.4160,3683343476493,11.6056,11.2446,0.3610,2.2012,13.2004,13.1801,0.0203,NA,0.0000,NA,NA,NA,NA
Endfield.exe,53680,0x125AB2630,DXGI,0,512,0,Composed: Flip,Application,3683343682808,NA,9.38690000000000,6.97350000000000,0.36600000000000,2.58860000000000,16.7872,140.3895,3683343592549,9.3919,9.0259,0.3660,3.7960,7.8185,7.8185,0.0000,NA,0.0000,NA,NA,NA,NA
Endfield.exe,53680,0x125AB2630,DXGI,0,512,0,Composed: Flip,Application,3683343786058,NA,10.32500000000000,8.36960000000000,0.22900000000000,4.77590000000000,14.8318,148.7591,3683343686468,10.1880,9.9590,0.2290,2.2226,12.5123,12.5123,0.0000,NA,0.0000,NA,NA,NA,NA
Endfield.exe,53680,0x125AB2630,DXGI,0,512,0,Composed: Flip,Application,3683343884240,58.1434,9.81820000000000,8.29760000000000,0.27390000000000,1.86970000000000,13.3112,98.9133,3683343788348,9.8631,9.5892,0.2739,4.5469,6.9120,6.9088,0.0032,17.8739,19311.3800,NA,13.9156,NA,NA
Endfield.exe,53680,0x125AB2630,DXGI,0,512,0,Composed: Flip,Application,3683344001136,NA,11.68960000000000,18.01970000000000,0.33080000000000,3.37740000000000,19.6413,116.9330,3683343886979,11.7465,11.4157,0.3308,1.5958,13.1973,13.1822,0.0151,NA,0.0000,NA,31.2300,NA,NA
Endfield.exe,53680,0x125AB2630,DXGI,0,512,0,Composed: Flip,Application,3683344089058,NA,8.79220000000000,6.99020000000000,0.25020000000000,4.19910000000000,17.8393,123.9232,3683344004444,8.7116,8.4614,0.2502,3.0466,9.6139,9.6139,0.0000,NA,0.0000,NA,NA,NA,NA
Endfield.exe,53680,0x125AB2630,DXGI,0,512,0,Composed: Flip,Application,3683344189603,NA,10.05450000000000,8.32240000000000,0.50920000000000,4.80840000000000,16.1072,132.2456,3683344091560,10.3135,9.8043,0.5092,3.9489,10.6638,10.6638,0.0000,NA,0.0000,NA,NA,NA,NA
Endfield.exe,53680,0x125AB2630,DXGI,0,512,0,Composed: Flip,Application,3683344296179,24.7400,10.65760000000000,18.02220000000000,0.21530000000000,7.57670000000000,23.4718,125.5278,3683344194695,10.3637,10.1484,0.2153,4.2992,13.4259,13.4232,0.0027,-26.6145,19336.1200,NA,28.5583,NA,NA
Endfield.exe,53680,0x125AB2630,DXGI,0,512,0,Composed: Flip,Application,3683344430453,NA,13.42740000000000,8.38420000000000,0.23550000000000,4.30760000000000,18.4286,133.9120,3683344298332,13.4476,13.2121,0.2355,7.3614,10.1583,10.1474,0.0109,NA,0.0000,NA,26.3959,NA,NA
Endfield.exe,53680,0x125AB2630,DXGI,0,512,0,Composed: Flip,Application,3683344499645,NA,6.91920000000000,6.92870000000000,0.22130000000000,4.47810000000000,18.4381,140.8407,3683344432808,6.9050,6.6837,0.2213,4.0721,7.0897,7.0897,0.0000,NA,0.0000,NA,NA,NA,NA
Endfield.exe,53680,0x125AB2630,DXGI,0,512,0,Composed: Flip,Application,3683344603116,NA,10.34710000000000,8.31370000000000,0.36750000000000,4.81510000000000,16.4047,149.1544,3683344501858,10.4933,10.1258,0.3675,4.2568,10.6841,10.6841,0.0000,NA,0.0000,NA,NA,NA,NA
Endfield.exe,53680,0x125AB2630,DXGI,0,512,0,Composed: Flip,Application,3683344700382,41.6751,9.72660000000000,8.35280000000000,0.22310000000000,5.83150000000000,15.0309,115.8321,3683344606791,9.5822,9.3591,0.2231,4.4476,10.7430,10.7398,0.0032,9.6957,19377.7951,NA,17.5402,NA,NA
Endfield.exe,53680,0x125AB2630,DXGI,0,512,0,Composed: Flip,Application,3683344808140,NA,10.77580000000000,9.68880000000000,0.30240000000000,4.78070000000000,13.9439,125.5209,3683344702613,10.8551,10.5527,0.3024,5.6084,9.7250,9.7093,0.0157,NA,0.0000,NA,NA,NA,NA
Endfield.exe,53680,0x125AB2630,DXGI,0,512,0,Composed: Flip,Application,3683344903809,NA,9.56690000000000,6.98050000000000,0.27300000000000,4.05720000000000,11.3575,132.5014,3683344811164,9.5375,9.2645,0.2730,4.4783,8.8434,8.8434,0.0000,NA,0.0000,NA,NA,NA,NA
Endfield.exe,53680,0x125AB2630,DXGI,0,512,0,Composed: Flip,Application,3683345006924,NA,10.31150000000000,16.71700000000000,0.25800000000000,2.96590000000000,17.7630,149.2184,3683344906539,10.2965,10.0385,0.2580,3.7842,9.2202,9.2202,0.0000,NA,0.0000,NA,NA,NA,NA
Endfield.exe,53680,0x125AB2630,DXGI,0,512,0,Composed: Flip,Application,3683345117136,47.4203,11.02120000000000,8.27080000000000,0.26790000000000,6.87290000000000,15.0126,110.0689,3683345009504,11.0311,10.7632,0.2679,2.7079,14.9282,14.9253,0.0029,5.7632,19425.2154,NA,NA,NA,NA
Endfield.exe,53680,0x125AB2630,DXGI,0,512,0,Composed: Flip,Application,3683345215193,NA,9.80570000000000,8.35130000000000,0.28870000000000,4.81820000000000,13.5582,118.4202,3683345119815,9.8265,9.5378,0.2887,6.6050,7.7510,7.7421,0.0089,NA,0.0000,NA,31.0439,NA,NA
Endfield.exe,53680,0x125AB2630,DXGI,0,512,0,Composed: Flip,Application,3683345315195,NA,10.00020000000000,8.39770000000000,0.23950000000000,4.11290000000000,11.9557,126.8179,3683345218080,9.9510,9.7115,0.2395,4.5295,9.2949,9.2949,0.0000,NA,0.0000,NA,NA,NA,NA
Endfield.exe,53680,0x125AB2630,DXGI,0,512,0,Composed: Flip,Application,3683345418356,NA,10.31610000000000,16.59450000000000,0.25920000000000,3.08760000000000,18.2341,143.4124,3683345317590,10.3358,10.0766,0.2592,3.8734,9.2908,9.2908,0.0000,NA,0.0000,NA,NA,NA,NA
Endfield.exe,53680,0x125AB2630,DXGI,0,512,0,Composed: Flip,Application,3683345527590,34.1252,10.92340000000000,8.38090000000000,0.25300000000000,4.18380000000000,15.6916,117.6681,3683345420948,10.9172,10.6642,0.2530,2.8284,12.0196,12.0169,0.0027,-7.5992,19459.3406,NA,18.9116,NA,NA
Endfield.exe,53680,0x125AB2630,DXGI,0,512,0,Composed: Flip,Application,3683345632239,NA,10.46490000000000,8.27590000000000,0.44480000000000,4.96660000000000,13.5026,125.9440,3683345530120,10.6567,10.2119,0.4448,3.9308,11.2477,11.2251,0.0226,NA,0.0000,NA,NA,NA,NA
Endfield.exe,53680,0x125AB2630,DXGI,0,512,0,Composed: Flip,Application,3683345732187,NA,9.99480000000000,8.35820000000000,0.30880000000000,2.37810000000000,11.8660,134.3022,3683345636687,9.8588,9.5500,0.3088,4.5218,7.4063,7.4063,0.0000,NA,0.0000,NA,NA,NA,NA
Endfield.exe,53680,0x125AB2630,DXGI,0,512,0,Composed: Flip,Application,3683345835047,NA,10.28600000000000,9.66970000000000,0.25280000000000,2.83020000000000,11.2497,143.9719,3683345735275,10.2300,9.9772,0.2528,2.0693,10.7381,10.7381,0.0000,NA,0.0000,NA,NA,NA,NA
Endfield.exe,53680,0x125AB2630,DXGI,0,512,0,Composed: Flip,Application,3683345937522,41.5893,10.24750000000000,16.69040000000000,0.27260000000000,4.40310000000000,17.6926,119.0730,3683345837575,10.2673,9.9947,0.2726,2.5774,11.8204,11.8173,0.0031,-1.4049,19500.9299,NA,20.9155,NA,NA
Endfield.exe,53680,0x125AB2630,DXGI,0,512,0,Composed: Flip,Application,3683346040992,NA,10.34700000000000,6.99980000000000,0.26400000000000,4.26230000000000,14.3454,126.0728,3683345940248,10.3384,10.0744,0.2640,4.1305,10.2062,10.1921,0.0141,NA,0.0000,NA,NA,NA,NA
Endfield.exe,53680,0x125AB2630,DXGI,0,512,0,Composed: Flip,Application,3683346142067,NA,10.10750000000000,8.26440000000000,0.21830000000000,3.63440000000000,12.5023,134.3372,3683346043632,10.0618,9.8435,0.2183,3.9983,9.4796,9.4796,0.0000,NA,0.0000,NA,NA,NA,NA
Endfield.exe,53680,0x125AB2630,DXGI,0,512,0,Composed: Flip,Application,3683346245464,NA,10.33970000000000,9.75710000000000,0.24240000000000,3.14690000000000,11.9197,144.0943,3683346144250,10.3638,10.1214,0.2424,3.4161,9.8522,9.8522,0.0000,NA,0.0000,NA,NA,NA,NA
Endfield.exe,53680,0x125AB2630,DXGI,0,512,0,Composed: Flip,Application,3683346333542,38.1248,8.80780000000000,15.25190000000000,0.16490000000000,3.83980000000000,18.3638,121.2214,3683346247888,8.7303,8.5654,0.1649,2.9045,9.5007,9.4977,0.0030,-2.1484,19539.0547,NA,21.1807,NA,NA
Endfield.exe,53680,0x125AB2630,DXGI,0,512,0,Composed: Flip,Application,3683346436665,NA,10.31230000000000,8.33850000000000,0.26590000000000,5.00640000000000,16.3900,129.5599,3683346335191,10.4133,10.1474,0.2659,3.6749,11.4789,11.4639,0.0150,NA,0.0000,NA,NA,NA,NA
Endfield.exe,53680,0x125AB2630,DXGI,0,512,0,Composed: Flip,Application,3683346539158,NA,10.24930000000000,8.37260000000000,0.24680000000000,4.96940000000000,14.5133,137.9325,3683346439324,10.2302,9.9834,0.2468,4.7405,10.2123,10.2123,0.0000,NA,0.0000,NA,NA,NA,NA
Endfield.exe,53680,0x125AB2630,DXGI,0,512,0,Composed: Flip,Application,3683346641614,NA,10.24560000000000,8.30630000000000,0.16280000000000,2.52150000000000,12.5740,146.2388,3683346541626,10.1616,9.9988,0.1628,4.7226,7.7977,7.7977,0.0000,NA,0.0000,NA,NA,NA,NA
Endfield.exe,53680,0x125AB2630,DXGI,0,512,0,Composed: Flip,Application,3683346733903,41.3601,9.22890000000000,8.34520000000000,0.18260000000000,2.12590000000000,11.6903,113.2239,3683346643242,9.2487,9.0661,0.1826,2.3587,8.8333,8.8321,0.0012,7.9975,19580.4148,NA,14.5445,NA,NA
Endfield.exe,53680,0x125AB2630,DXGI,0,512,0,Composed: Flip,Application,3683346836680,NA,10.27770000000000,9.68300000000000,0.28620000000000,2.93670000000000,11.0956,122.9069,3683346735729,10.3813,10.0951,0.2862,1.9433,11.0885,11.0744,0.0141,NA,0.0000,NA,NA,NA,NA
Endfield.exe,53680,0x125AB2630,DXGI,0,512,0,Composed: Flip,Application,3683346937160,NA,10.04800000000000,15.29570000000000,0.22040000000000,8.31380000000000,16.3433,138.2026,3683346839542,9.9822,9.7618,0.2204,2.6505,15.4251,15.4251,0.0000,NA,0.0000,NA,NA,NA,NA
Endfield.exe,53680,0x125AB2630,DXGI,0,512,0,Composed: Flip,Application,3683347040232,NA,10.30720000000000,8.39320000000000,0.25690000000000,3.20610000000000,14.4293,146.5958,3683346939364,10.3437,10.0868,0.2569,8.0934,5.1995,5.1995,0.0000,NA,0.0000,NA,NA,NA,NA
Endfield.exe,53680,0x125AB2630,DXGI,0,512,0,Composed: Flip,Application,3683347150499,39.0193,11.02670000000000,8.27540000000000,0.25030000000000,2.07730000000000,11.6780,115.8519,3683347042801,11.0201,10.7698,0.2503,2.9492,9.8979,9.8967,0.0012,-2.6280,19619.4341,NA,14.9885,NA,NA
Endfield.exe,53680,0x125AB2630,DXGI,0,512,0,Composed: Flip,Application,3683347252674,NA,10.21750000000000,16.71700000000000,0.25370000000000,2.89870000000000,18.1775,132.5689,3683347153002,10.2209,9.9672,0.2537,1.8270,11.0389,11.0230,0.0159,NA,0.0000,NA,NA,NA,NA
Endfield.exe,53680,0x125AB2630,DXGI,0,512,0,Composed: Flip,Application,3683347355848,NA,10.31740000000000,8.27990000000000,0.25200000000000,4.77000000000000,16.1400,140.8488,3683347255211,10.3157,10.0637,0.2520,2.6450,12.1887,12.1887,0.0000,NA,0.0000,NA,NA,NA,NA
Endfield.exe,53680,0x125AB2630,DXGI,0,512,0,Composed: Flip,Application,3683347458518,NA,10.26700000000000,8.34040000000000,0.22250000000000,3.71660000000000,14.2134,149.1892,3683347358368,10.2375,10.0150,0.2225,4.5180,9.2136,9.2136,0.0000,NA,0.0000,NA,NA,NA,NA
Endfield.exe,53680,0x125AB2630,DXGI,0,512,0,Composed: Flip,Application,3683347563654,42.7247,10.51360000000000,8.38270000000000,0.25490000000000,3.93360000000000,12.0825,114.8472,3683347460743,10.5460,10.2911,0.2549,3.4941,10.7306,10.7287,0.0019,1.0047,19662.1588,NA,14.9042,NA,NA
Endfield.exe,53680,0x125AB2630,DXGI,0,512,0,Composed: Flip,Application,3683347667820,NA,10.41660000000000,8.30360000000000,0.24190000000000,2.73990000000000,9.9695,123.1508,3683347566203,10.4036,10.1617,0.2419,3.6787,9.2229,9.2107,0.0122,NA,0.0000,NA,NA,NA,NA
Endfield.exe,53680,0x125AB2630,DXGI,0,512,0,Composed: Flip,Application,3683347769361,NA,10.15410000000000,18.00860000000000,0.19300000000000,4.75500000000000,17.8240,141.1594,3683347670239,10.1052,9.9122,0.1930,2.4980,12.1692,12.1692,0.0000,NA,0.0000,NA,NA,NA,NA
Endfield.exe,53680,0x125AB2630,DXGI,0,512,0,Composed: Flip,Application,3683347888651,NA,11.92900000000000,6.97070000000000,0.23960000000000,4.01140000000000,12.8657,148.1301,3683347771291,11.9756,11.7360,0.2396,4.5620,11.1854,11.1854,0.0000,NA,0.0000,NA,NA,NA,NA
Endfield.exe,53680,0x125AB2630,DXGI,0,512,0,Composed: Flip,Application,3683347970716,39.3060,8.20650000000000,8.30810000000000,0.25710000000000,2.24830000000000,12.9673,117.1322,3683347891047,8.2240,7.9669,0.2571,3.7718,6.4434,6.4404,0.0030,-2.2850,19701.4648,NA,15.5029,NA,NA
Endfield.exe,53680,0x125AB2630,DXGI,0,512,0,Composed: Flip,Application,3683348072114,NA,10.13980000000000,9.71330000000000,0.28430000000000,3.30350000000000,12.5408,126.8455,3683347973287,10.1670,9.8827,0.2843,1.9912,11.1950,11.1826,0.0124,NA,0.0000,NA,NA,NA,NA
Endfield.exe,53680,0x125AB2630,DXGI,0,512,0,Composed: Flip,Application,3683348173496,NA,10.13820000000000,6.97970000000000,0.20320000000000,2.39800000000000,9.3823,133.8252,3683348074957,10.0571,9.8539,0.2032,3.0192,9.2327,9.2327,0.0000,NA,0.0000,NA,NA,NA,NA
Endfield.exe,53680,0x125AB2630,DXGI,0,512,0,Composed: Flip,Application,3683348276276,NA,10.27800000000000,18.03010000000000,0.17200000000000,4.60980000000000,17.1344,151.8553,3683348175528,10.2468,10.0748,0.1720,2.1948,12.4898,12.4898,0.0000,NA,0.0000,NA,NA,NA,NA
Endfield.exe,53680,0x125AB2630,DXGI,0,512,0,Composed: Flip,Application,3683348372131,41.1618,9.58550000000000,6.96490000000000,0.26220000000000,6.83940000000000,14.5138,117.6584,3683348277996,9.6757,9.4135,0.2622,4.4378,11.8151,11.8114,0.0037,-0.5262,19742.6266,NA,17.1877,NA,NA
Endfield.exe,53680,0x125AB2630,DXGI,0,512,0,Composed: Flip,Application,3683348476363,NA,10.42320000000000,8.33460000000000,0.45570000000000,4.24970000000000,12.4252,125.9930,3683348374753,10.6167,10.1610,0.4557,6.5772,7.8335,7.8271,0.0064,NA,0.0000,NA,NA,NA,NA
Endfield.exe,53680,0x125AB2630,DXGI,0,512,0,Composed: Flip,Application,3683348571488,NA,9.51250000000000,9.68730000000000,0.20760000000000,4.11870000000000,12.6000,135.6803,3683348480920,9.2644,9.0568,0.2076,3.7940,9.3815,9.3815,0.0000,NA,0.0000,NA,NA,NA,NA
Endfield.exe,53680,0x125AB2630,DXGI,0,512,0,Composed: Flip,Application,3683348674240,NA,10.27520000000000,15.34150000000000,0.26530000000000,4.55900000000000,17.6663,151.0218,3683348573564,10.3329,10.0676,0.2653,3.9111,10.7155,10.7155,0.0000,NA,0.0000,NA,NA,NA,NA
Endfield.exe,53680,0x125AB2630,DXGI,0,512,0,Composed: Flip,Application,3683348766764,40.3833,9.25240000000000,9.71050000000000,0.19160000000000,4.10450000000000,18.1244,120.3490,3683348676893,9.1787,8.9871,0.1916,4.2937,8.7979,8.7949,0.0030,-2.6906,19783.0099,NA,21.2669,NA,NA
Endfield.exe,53680,0x125AB2630,DXGI,0,512,0,Composed: Flip,Application,3683348871768,NA,10.50040000000000,6.92400000000000,0.30690000000000,4.52360000000000,14.5480,127.2730,3683348768680,10.6157,10.3088,0.3069,3.9129,10.9195,10.8993,0.0202,NA,0.0000,NA,NA,NA,NA
Endfield.exe,53680,0x125AB2630,DXGI,0,512,0,Composed: Flip,Application,3683348969306,NA,9.75380000000000,9.76060000000000,0.26450000000000,4.42390000000000,14.5548,137.0336,3683348874837,9.7114,9.4469,0.2645,4.2167,9.6541,9.6541,0.0000,NA,0.0000,NA,NA,NA,NA
Endfield.exe,53680,0x125AB2630,DXGI,0,512,0,Composed: Flip,Application,3683349068831,NA,9.95250000000000,6.91120000000000,0.22570000000000,3.57950000000000,11.5135,143.9448,3683348971951,9.9137,9.6880,0.2257,4.1594,9.1081,9.1081,0.0000,NA,0.0000,NA,NA,NA,NA
Endfield.exe,53680,0x125AB2630,DXGI,0,512,0,Composed: Flip,Application,3683349168743,40.4519,9.99120000000000,18.07700000000000,0.25810000000000,3.71860000000000,19.5993,121.5699,3683349071088,10.0236,9.7655,0.2581,3.3538,10.1303,10.1293,0.0010,-1.2209,19823.4618,NA,22.7808,NA,NA
Endfield.exe,53680,0x125AB2630,DXGI,0,512,0,Composed: Flip,Application,3683349270227,NA,10.14840000000000,6.90280000000000,0.27390000000000,4.46560000000000,16.3537,128.4727,3683349171324,10.1642,9.8903,0.2739,3.4605,10.8954,10.8794,0.0160,NA,0.0000,NA,NA,NA,NA
Endfield.exe,53680,0x125AB2630,DXGI,0,512,0,Composed: Flip,Application,3683349369675,NA,9.94480000000000,8.33630000000000,0.36210000000000,4.81250000000000,14.7452,136.8090,3683349272966,10.0330,9.6709,0.3621,4.1917,10.2917,10.2917,0.0000,NA,0.0000,NA,NA,NA,NA
Endfield.exe,53680,0x125AB2630,DXGI,0,512,0,Composed: Flip,Application,3683349471560,NA,10.18850000000000,8.36060000000000,0.23330000000000,3.79260000000000,12.9173,145.1696,3683349373296,10.0597,9.8264,0.2333,4.4504,9.1686,9.1686,0.0000,NA,0.0000,NA,NA,NA,NA
Endfield.exe,53680,0x125AB2630,DXGI,0,512,0,Composed: Flip,Application,3683349559318,39.2415,8.77580000000000,8.33500000000000,0.34070000000000,2.19360000000000,12.4765,114.2631,3683349473893,8.8832,8.5425,0.3407,3.5593,7.1768,7.1735,0.0033,7.3068,19862.7033,NA,14.7889,NA,NA
Endfield.exe,53680,0x125AB2630,DXGI,0,512,0,Composed: Flip,Application,3683349658733,NA,9.94150000000000,9.69980000000000,0.25350000000000,3.66430000000000,12.2348,123.9629,3683349562725,9.8543,9.6008,0.2535,1.8529,11.4122,11.3985,0.0137,NA,0.0000,NA,NA,NA,NA
Endfield.exe,53680,0x125AB2630,DXGI,0,512,0,Composed: Flip,Application,3683349758802,NA,10.00690000000000,15.30520000000000,0.21960000000000,4.77660000000000,17.5331,139.2681,3683349661268,9.9730,9.7534,0.2196,3.4108,11.1192,11.1192,0.0000,NA,0.0000,NA,NA,NA,NA
Endfield.exe,53680,0x125AB2630,DXGI,0,512,0,Composed: Flip,Application,3683349859432,NA,10.06300000000000,8.32620000000000,0.18480000000000,4.80530000000000,15.7963,147.5943,3683349760998,10.0282,9.8434,0.1848,4.5570,10.0917,10.0917,0.0000,NA,0.0000,NA,NA,NA,NA
Endfield.exe,53680,0x125AB2630,DXGI,0,512,0,Composed: Flip,Application,3683349966206,40.1836,10.67740000000000,9.73830000000000,0.22280000000000,4.47760000000000,14.8572,117.1490,3683349861280,10.7154,10.4926,0.2228,4.6205,10.3497,10.3468,0.0029,-2.8859,19902.8869,NA,17.3773,NA,NA
Endfield.exe,53680,0x125AB2630,DXGI,0,512,0,Composed: Flip,Application,3683350064834,NA,9.86280000000000,7.03660000000000,0.22930000000000,2.91690000000000,12.0310,124.1856,3683349968434,9.8693,9.6400,0.2293,4.2548,8.3021,8.2894,0.0127,NA,0.0000,NA,NA,NA,NA
Endfield.exe,53680,0x125AB2630,DXGI,0,512,0,Composed: Flip,Application,3683350165018,NA,10.01840000000000,8.20850000000000,0.20900000000000,2.31130000000000,10.2211,132.3941,3683350067127,9.9981,9.7891,0.2090,2.6876,9.4128,9.4128,0.0000,NA,0.0000,NA,NA,NA,NA
Endfield.exe,53680,0x125AB2630,DXGI,0,512,0,Composed: Flip,Application,3683350265439,NA,10.04210000000000,18.07350000000000,0.21040000000000,4.12190000000000,18.2525,150.4676,3683350167108,10.0435,9.8331,0.2104,2.1023,11.8527,11.8527,0.0000,NA,0.0000,NA,NA,NA,NA
Endfield.exe,53680,0x125AB2630,DXGI,0,512,0,Composed: Flip,Application,3683350371842,39.2232,10.64030000000000,6.93180000000000,0.25430000000000,6.80540000000000,14.5440,118.1762,3683350267543,10.6842,10.4299,0.2543,3.9115,13.3238,13.3213,0.0025,-1.0272,19942.1101,NA,18.1866,NA,NA
Endfield.exe,53680,0x125AB2630,DXGI,0,512,0,Composed: Flip,Application,3683350471388,NA,9.95460000000000,9.76030000000000,0.29050000000000,4.62540000000000,14.3497,127.9365,3683350374385,9.9908,9.7003,0.2905,6.5511,7.7746,7.7662,0.0084,NA,0.0000,NA,NA,NA,NA
Endfield.exe,53680,0x125AB2630,DXGI,0,512,0,Composed: Flip,Application,3683350571641,NA,10.02530000000000,6.93570000000000,0.27310000000000,4.12290000000000,11.2601,134.8722,3683350474293,10.0079,9.7348,0.2731,4.3349,9.5228,9.5228,0.0000,NA,0.0000,NA,NA,NA,NA
Endfield.exe,53680,0x125AB2630,DXGI,0,512,0,Composed: Flip,Application,3683350670950,NA,9.93090000000000,18.10910000000000,0.25790000000000,4.60280000000000,19.4383,152.9813,3683350574372,9.9157,9.6578,0.2579,3.8498,10.4108,10.4108,0.0000,NA,0.0000,NA,NA,NA,NA
Endfield.exe,53680,0x125AB2630,DXGI,0,512,0,Composed: Flip,Application,3683350768837,40.7457,9.78870000000000,6.86690000000000,0.27020000000000,3.84450000000000,16.5165,119.1025,3683350673529,9.8010,9.5308,0.2702,4.3449,9.0304,9.0266,0.0038,-0.9263,19982.8558,NA,20.2485,NA,NA
Endfield.exe,53680,0x125AB2630,DXGI,0,512,0,Composed: Flip,Application,3683350868177,NA,9.93400000000000,8.31690000000000,0.27090000000000,4.99220000000000,14.8994,127.4194,3683350771539,9.9347,9.6638,0.2709,3.5743,11.0817,11.0651,0.0166,NA,0.0000,NA,NA,NA,NA
Endfield.exe,53680,0x125AB2630,DXGI,0,512,0,Composed: Flip,Application,3683350967752,NA,9.95750000000000,8.34340000000000,0.24400000000000,4.28710000000000,13.2853,135.7628,3683350870886,9.9306,9.6866,0.2440,4.7213,9.2524,9.2524,0.0000,NA,0.0000,NA,NA,NA,NA
Endfield.exe,53680,0x125AB2630,DXGI,0,512,0,Composed: Flip,Application,3683351069967,NA,10.22150000000000,9.73070000000000,0.24920000000000,1.99850000000000,12.7945,145.4935,3683350970192,10.2267,9.9775,0.2492,4.0431,7.9329,7.9329,0.0000,NA,0.0000,NA,NA,NA,NA
Endfield.exe,53680,0x125AB2630,DXGI,0,512,0,Composed: Flip,Application,3683351168963,40.4108,9.89960000000000,15.26730000000000,0.20470000000000,3.63210000000000,18.1622,120.3500,3683351072459,9.8551,9.6504,0.2047,1.7493,11.5332,11.5306,0.0026,-1.2475,20023.2666,NA,20.5169,NA,NA
Endfield.exe,53680,0x125AB2630,DXGI,0,512,0,Composed: Flip,Application,3683351268310,NA,9.93470000000000,8.34380000000000,0.17200000000000,2.47250000000000,16.5713,128.6938,3683351171010,9.9020,9.7300,0.1720,3.4274,8.7751,8.7603,0.0148,NA,0.0000,NA,NA,NA,NA
Endfield.exe,53680,0x125AB2630,DXGI,0,512,0,Composed: Flip,Application,3683351371234,NA,10.29240000000000,9.71190000000000,0.26140000000000,3.09330000000000,15.9908,138.4057,3683351270030,10.3818,10.1204,0.2614,2.3005,10.9132,10.9132,0.0000,NA,0.0000,NA,NA,NA,NA
Endfield.exe,53680,0x125AB2630,DXGI,0,512,0,Composed: Flip,Application,3683351469363,NA,9.81290000000000,6.96120000000000,0.23010000000000,2.81190000000000,13.1391,145.3669,3683351373848,9.7816,9.5515,0.2301,2.8319,9.5315,9.5315,0.0000,NA,0.0000,NA,NA,NA,NA
Endfield.exe,53680,0x125AB2630,DXGI,0,512,0,Composed: Flip,Application,3683351560621,39.7750,9.12580000000000,8.31140000000000,0.21720000000000,2.31390000000000,12.3247,113.9033,3683351471664,9.1129,8.8957,0.2172,2.5818,8.6278,8.6262,0.0016,6.4467,20063.0416,NA,15.8395,NA,NA
Endfield.exe,53680,0x125AB2630,DXGI,0,512,0,Composed: Flip,Application,3683351661152,NA,10.05310000000000,9.73690000000000,0.69900000000000,3.39450000000000,12.0085,123.6402,3683351562793,10.5349,9.8359,0.6990,2.0967,11.1337,11.1163,0.0174,NA,0.0000,NA,NA,NA,NA
Endfield.exe,53680,0x125AB2630,DXGI,0,512,0,Composed: Flip,Application,3683351759994,NA,9.88420000000000,15.27260000000000,0.21150000000000,4.73240000000000,17.3969,138.9128,3683351668142,9.3967,9.1852,0.2115,2.6955,11.2221,11.2221,0.0000,NA,0.0000,NA,NA,NA,NA
Endfield.exe,53680,0x125AB2630,DXGI,0,512,0,Composed: Flip,Application,3683351861628,NA,10.16340000000000,8.33040000000000,0.14430000000000,4.24200000000000,15.5639,147.2432,3683351762109,10.0962,9.9519,0.1443,4.5209,9.6730,9.6730,0.0000,NA,0.0000,NA,NA,NA,NA
Endfield.exe,53680,0x125AB2630,DXGI,0,512,0,Composed: Flip,Application,3683351973961,40.1914,11.23330000000000,8.31770000000000,0.21870000000000,4.62220000000000,12.6483,115.3695,3683351863071,11.3077,11.0890,0.2187,4.0977,11.6135,11.6120,0.0015,-1.4662,20103.2330,NA,17.4935,NA,NA
Endfield.exe,53680,0x125AB2630,DXGI,0,512,0,Composed: Flip,Application,3683352073025,NA,9.90640000000000,8.36190000000000,0.82920000000000,3.43920000000000,11.1038,123.7314,3683351976148,10.5169,9.6877,0.8292,4.4035,8.7234,8.7021,0.0213,NA,0.0000,NA,NA,NA,NA
Endfield.exe,53680,0x125AB2630,DXGI,0,512,0,Composed: Flip,Application,3683352170571,NA,9.75460000000000,16.65990000000000,0.23340000000000,4.43030000000000,18.0091,140.3913,3683352081317,9.1588,8.9254,0.2334,2.6100,10.7457,10.7457,0.0000,NA,0.0000,NA,NA,NA,NA
Endfield.exe,53680,0x125AB2630,DXGI,0,512,0,Composed: Flip,Application,3683352272278,NA,10.17070000000000,8.35180000000000,0.24200000000000,2.36860000000000,16.1902,148.7431,3683352172905,10.1793,9.9373,0.2420,4.1969,8.1090,8.1090,0.0000,NA,0.0000,NA,NA,NA,NA
Endfield.exe,53680,0x125AB2630,DXGI,0,512,0,Composed: Flip,Application,3683352395333,39.7337,12.30550000000000,9.68920000000000,0.26990000000000,2.17770000000000,13.5739,118.6986,3683352274698,12.3334,12.0635,0.2699,2.1266,12.1146,12.1111,0.0035,-3.3291,20142.9667,NA,16.5525,NA,NA
Endfield.exe,53680,0x125AB2630,DXGI,0,512,0,Composed: Flip,Application,3683352495591,NA,10.02580000000000,6.93880000000000,0.26040000000000,3.20190000000000,10.4869,125.6374,3683352398032,10.0163,9.7559,0.2604,1.9078,11.0500,11.0351,0.0149,NA,0.0000,NA,NA,NA,NA
Endfield.exe,53680,0x125AB2630,DXGI,0,512,0,Composed: Flip,Application,3683352602367,NA,10.67760000000000,16.68420000000000,0.28830000000000,4.88400000000000,16.4935,142.3216,3683352498195,10.7055,10.4172,0.2883,2.9415,12.3597,12.3597,0.0000,NA,0.0000,NA,NA,NA,NA
Endfield.exe,53680,0x125AB2630,DXGI,0,512,0,Composed: Flip,Application,3683352696121,NA,9.37540000000000,8.32150000000000,0.44460000000000,4.40870000000000,15.4396,150.6431,3683352605250,9.5317,9.0871,0.4446,4.5957,8.9001,8.9001,0.0000,NA,0.0000,NA,NA,NA,NA
Endfield.exe,53680,0x125AB2630,DXGI,0,512,0,Composed: Flip,Application,3683352810906,41.7914,11.47850000000000,8.36260000000000,0.16220000000000,2.38770000000000,12.3237,117.2143,3683352700567,11.1961,11.0339,0.1622,3.9641,9.4575,9.4546,0.0029,1.4843,20184.7581,NA,18.8584,NA,NA
Endfield.exe,53680,0x125AB2630,DXGI,0,512,0,Composed: Flip,Application,3683352919446,NA,10.85400000000000,8.30710000000000,0.28860000000000,2.73920000000000,9.7768,125.5214,3683352812528,10.9804,10.6918,0.2886,2.2255,11.2055,11.1926,0.0129,NA,0.0000,NA,NA,NA,NA
Endfield.exe,53680,0x125AB2630,DXGI,0,512,0,Composed: Flip,Application,3683353012624,NA,9.31780000000000,16.67420000000000,0.20280000000000,4.72500000000000,17.1332,142.1956,3683352922332,9.2320,9.0292,0.2028,2.4506,11.3036,11.3036,0.0000,NA,0.0000,NA,NA,NA,NA
Endfield.exe,53680,0x125AB2630,DXGI,0,512,0,Composed: Flip,Application,3683353114499,NA,10.18750000000000,8.33100000000000,0.18110000000000,4.92060000000000,15.2767,150.5266,3683353014652,10.1658,9.9847,0.1811,4.5222,10.3831,10.3831,0.0000,NA,0.0000,NA,NA,NA,NA
Endfield.exe,53680,0x125AB2630,DXGI,0,512,0,Composed: Flip,Application,3683353222496,41.2122,10.79970000000000,8.33960000000000,0.33220000000000,1.85150000000000,12.8166,117.6540,3683353116310,10.9508,10.6186,0.3322,4.7395,7.7306,7.7270,0.0036,-0.4397,20225.9703,NA,20.1438,NA,NA
Endfield.exe,53680,0x125AB2630,DXGI,0,512,0,Composed: Flip,Application,3683353324400,NA,10.19040000000000,8.32450000000000,0.27480000000000,3.23660000000000,10.9507,125.9785,3683353225818,10.1330,9.8582,0.2748,1.5193,11.5755,11.5636,0.0119,NA,0.0000,NA,NA,NA,NA
Endfield.exe,53680,0x125AB2630,DXGI,0,512,0,Composed: Flip,Application,3683353426523,NA,10.21230000000000,16.67570000000000,0.25040000000000,2.51120000000000,17.4141,142.6542,3683353327148,10.1879,9.9375,0.2504,2.9618,9.4869,9.4869,0.0000,NA,0.0000,NA,NA,NA,NA
Endfield.exe,53680,0x125AB2630,DXGI,0,512,0,Composed: Flip,Application,3683353529422,NA,10.28990000000000,8.33480000000000,0.24540000000000,4.72340000000000,15.4590,150.9890,3683353429027,10.2849,10.0395,0.2454,2.2608,12.5021,12.5021,0.0000,NA,0.0000,NA,NA,NA,NA
Endfield.exe,53680,0x125AB2630,DXGI,0,512,0,Composed: Flip,Application,3683353631839,41.4745,10.24170000000000,NA,0.24420000000000,7.31790000000000,NA,NA,3683353531876,10.2405,9.9963,0.2442,4.4780,12.8362,12.8331,0.0031,NA,NA,NA,NA,NA,NA
Endfield.exe,53680,0x125AB2630,DXGI,0,512,0,Composed: Flip,Application,3683353736063,NA,10.42240000000000,16.68920000000000,0.25000000000000,4.39110000000000,11.4841,126.2037,3683353634281,10.4282,10.1782,0.2500,7.0737,7.4956,7.4888,0.0068,NA,0.0000,NA,25.4751,NA,NA
Endfield.exe,53680,0x125AB2630,DXGI,0,512,0,Composed: Flip,Application,3683353837381,NA,10.13180000000000,16.64090000000000,0.21250000000000,3.62830000000000,17.9932,142.8446,3683353738563,10.0943,9.8818,0.2125,4.1411,9.3690,9.3690,0.0000,NA,0.0000,NA,NA,NA,NA
Endfield.exe,53680,0x125AB2630,DXGI,0,512,0,Composed: Flip,Application,3683353941658,NA,10.42770000000000,8.35750000000000,0.28860000000000,4.47590000000000,15.9230,151.2021,3683353839506,10.5038,10.2152,0.2886,3.4158,11.2753,11.2753,0.0000,NA,0.0000,NA,NA,NA,NA
Endfield.exe,53680,0x125AB2630,DXGI,0,512,0,Composed: Flip,Application,3683354032816,41.0553,9.11580000000000,8.36720000000000,0.28390000000000,7.08200000000000,15.1744,118.5140,3683353944544,9.1111,8.8272,0.2839,4.1873,11.7219,11.7190,0.0029,-0.8600,20308.5001,NA,20.4513,NA,NA
Endfield.exe,53680,0x125AB2630,DXGI,0,512,0,Composed: Flip,Application,3683354134993,NA,10.21770000000000,NA,0.25010000000000,7.20890000000000,NA,NA,3683354035655,10.1839,9.9338,0.2501,6.7981,10.3446,10.3366,0.0080,NA,NA,NA,NA,NA,NA
Endfield.exe,53680,0x125AB2630,DXGI,0,512,0,Composed: Flip,Application,3683354236680,NA,10.16870000000000,16.59360000000000,0.22180000000000,4.20440000000000,11.3816,135.1076,3683354137494,10.1404,9.9186,0.2218,6.9588,7.1642,7.1642,0.0000,NA,0.0000,NA,NA,NA,NA
Endfield.exe,53680,0x125AB2630,DXGI,0,512,0,Composed: Flip,Application,3683354339693,NA,10.30130000000000,16.66970000000000,0.21850000000000,3.09450000000000,17.7500,151.7773,3683354238898,10.2980,10.0795,0.2185,3.9826,9.1914,9.1914,0.0000,NA,0.0000,NA,NA,NA,NA
Endfield.exe,53680,0x125AB2630,DXGI,0,512,0,Composed: Flip,Application,3683354434600,41.2202,9.49070000000000,8.34650000000000,0.26970000000000,3.90300000000000,16.6058,118.9036,3683354341878,9.5419,9.2722,0.2697,2.8760,10.2992,10.2968,0.0024,-0.3896,20349.7203,NA,20.0864,NA,NA
Endfield.exe,53680,0x125AB2630,DXGI,0,512,0,Composed: Flip,Application,3683354539276,NA,10.46760000000000,NA,0.22600000000000,8.76590000000000,NA,NA,3683354437297,10.4239,10.1979,0.2260,3.6333,15.3305,15.3119,0.0186,NA,NA,NA,NA,NA,NA
Endfield.exe,53680,0x125AB2630,DXGI,0,512,0,Composed: Flip,Application,3683354638549,NA,9.92730000000000,16.65770000000000,0.20550000000000,3.79660000000000,12.8686,135.5613,3683354541536,9.9068,9.7013,0.2055,8.5399,4.9580,4.9580,0.0000,NA,0.0000,NA,NA,NA,NA
Endfield.exe,53680,0x125AB2630,DXGI,0,512,0,Composed: Flip,Application,3683354740946,NA,10.23970000000000,8.34360000000000,0.27600000000000,3.67260000000000,10.9725,143.9049,3683354640604,10.3102,10.0342,0.2760,3.5911,10.1157,10.1157,0.0000,NA,0.0000,NA,NA,NA,NA
Endfield.exe,53680,0x125AB2630,DXGI,0,512,0,Composed: Flip,Application,3683354841858,39.6500,10.09120000000000,16.66690000000000,0.24380000000000,4.12270000000000,17.5482,120.9218,3683354743706,10.0590,9.8152,0.2438,3.3966,10.5413,10.5402,0.0011,-2.0182,20389.3703,NA,20.6352,NA,NA
Endfield.exe,53680,0x125AB2630,DXGI,0,512,0,Composed: Flip,Application,3683354949198,NA,10.73400000000000,8.32800000000000,0.24740000000000,5.03910000000000,15.1422,129.2498,3683354844296,10.7376,10.4902,0.2474,3.8789,11.6504,11.6358,0.0146,NA,0.0000,NA,NA,NA,NA
Endfield.exe,53680,0x125AB2630,DXGI,0,512,0,Composed: Flip,Application,3683355046289,NA,9.70910000000000,8.33620000000000,0.21580000000000,0.60070000000000,13.7693,137.5860,3683354951672,9.6775,9.4617,0.2158,4.7917,5.2707,5.2707,0.0000,NA,0.0000,NA,NA,NA,NA
Endfield.exe,53680,0x125AB2630,DXGI,0,512,0,Composed: Flip,Application,3683355147548,NA,10.12590000000000,8.33210000000000,0.20050000000000,2.81460000000000,11.9755,145.9181,3683355048447,10.1106,9.9101,0.2005,0.3849,12.3398,12.3398,0.0000,NA,0.0000,NA,NA,NA,NA
Endfield.exe,53680,0x125AB2630,DXGI,0,512,0,Composed: Flip,Application,3683355251884,40.2478,10.43360000000000,16.65340000000000,0.20770000000000,3.93010000000000,18.1953,122.3237,3683355149553,10.4408,10.2331,0.2077,2.6141,11.5491,11.5479,0.0012,-1.4019,20429.6181,NA,24.8266,NA,NA
Endfield.exe,53680,0x125AB2630,DXGI,0,512,0,Composed: Flip,Application,3683355357585,NA,10.57010000000000,8.35120000000000,0.19140000000000,4.88730000000000,15.9764,130.6749,3683355253961,10.5538,10.3624,0.1914,3.7224,11.5273,11.5090,0.0183,NA,0.0000,NA,NA,NA,NA
Endfield.exe,53680,0x125AB2630,DXGI,0,512,0,Composed: Flip,Application,3683355456105,NA,9.85200000000000,8.30760000000000,0.30200000000000,4.22110000000000,14.4320,138.9825,3683355359499,9.9626,9.6606,0.3020,4.6959,9.1858,9.1858,0.0000,NA,0.0000,NA,NA,NA,NA
Endfield.exe,53680,0x125AB2630,DXGI,0,512,0,Composed: Flip,Application,3683355557704,NA,10.15990000000000,9.73500000000000,0.24220000000000,3.25040000000000,14.0071,148.7175,3683355459125,10.1001,9.8579,0.2422,3.9191,9.1892,9.1892,0.0000,NA,0.0000,NA,NA,NA,NA
Endfield.exe,53680,0x125AB2630,DXGI,0,512,0,Composed: Flip,Application,3683355650439,40.0239,9.27350000000000,6.93500000000000,0.28050000000000,3.63070000000000,11.6686,115.6286,3683355560126,9.3118,9.0313,0.2805,3.0082,9.6538,9.6512,0.0026,6.6951,20469.6420,NA,NA,NA,NA
Endfield.exe,53680,0x125AB2630,DXGI,0,512,0,Composed: Flip,Application,3683355752057,NA,10.16180000000000,9.78530000000000,0.27710000000000,2.84200000000000,11.2921,125.4139,3683355653244,10.1584,9.8813,0.2771,3.3502,9.3731,9.3615,0.0116,NA,0.0000,NA,NA,NA,NA
Endfield.exe,53680,0x125AB2630,DXGI,0,512,0,Composed: Flip,Application,3683355852846,NA,10.07890000000000,15.25950000000000,0.70480000000000,2.41610000000000,16.4727,140.6734,3683355754828,10.5066,9.8018,0.7048,2.5649,9.6530,9.6530,0.0000,NA,0.0000,NA,NA,NA,NA
Endfield.exe,53680,0x125AB2630,DXGI,0,512,0,Composed: Flip,Application,3683355953529,NA,10.06830000000000,8.28710000000000,0.15230000000000,7.02370000000000,14.6915,148.9605,3683355859894,9.5158,9.3635,0.1523,1.7113,14.6759,14.6759,0.0000,NA,0.0000,NA,NA,NA,NA
Endfield.exe,53680,0x125AB2630,DXGI,0,512,0,Composed: Flip,Application,3683356049091,41.2477,9.55620000000000,8.35090000000000,0.23560000000000,3.93980000000000,13.4862,116.0637,3683355955052,9.6395,9.4039,0.2356,6.8714,6.4723,6.4723,0.0000,-0.4351,20510.8897,NA,17.8350,NA,NA
Endfield.exe,53680,0x125AB2630,DXGI,0,512,0,Composed: Flip,Application,3683356148540,NA,9.94490000000000,8.40210000000000,0.39280000000000,2.68740000000000,11.9434,124.4658,3683356051447,10.1021,9.7093,0.3928,3.7042,8.6925,8.6740,0.0185,NA,0.0000,NA,NA,NA,NA
Endfield.exe,53680,0x125AB2630,DXGI,0,512,0,Composed: Flip,Application,3683356248692,NA,10.01520000000000,8.25640000000000,0.19170000000000,2.05060000000000,10.1846,132.7222,3683356152468,9.8141,9.6224,0.1917,2.2946,9.3784,9.3784,0.0000,NA,0.0000,NA,NA,NA,NA
Endfield.exe,53680,0x125AB2630,DXGI,0,512,0,Composed: Flip,Application,3683356348604,NA,9.99120000000000,16.68570000000000,0.34790000000000,3.88840000000000,16.8791,149.4079,3683356250609,10.1474,9.7995,0.3479,1.8589,11.8290,11.8290,0.0000,NA,0.0000,NA,NA,NA,NA
Endfield.exe,53680,0x125AB2630,DXGI,0,512,0,Composed: Flip,Application,3683356450519,40.2588,10.19150000000000,8.32840000000000,0.21400000000000,4.53180000000000,15.0160,117.4775,3683356352083,10.0576,9.8436,0.2140,3.5405,10.8349,10.8316,0.0033,-1.4138,20551.1485,NA,19.5039,NA,NA
Endfield.exe,53680,0x125AB2630,DXGI,0,512,0,Composed: Flip,Application,3683356550572,NA,10.00530000000000,8.32150000000000,0.25620000000000,3.45540000000000,13.3322,125.7990,3683356452659,10.0475,9.7913,0.2562,4.3178,8.9289,8.9098,0.0191,NA,0.0000,NA,NA,NA,NA
Endfield.exe,53680,0x125AB2630,DXGI,0,512,0,Composed: Flip,Application,3683356649372,NA,9.88000000000000,8.34330000000000,0.24380000000000,2.59100000000000,11.7955,134.1423,3683356553134,9.8676,9.6238,0.2438,3.1992,9.0156,9.0156,0.0000,NA,0.0000,NA,NA,NA,NA
Endfield.exe,53680,0x125AB2630,DXGI,0,512,0,Composed: Flip,Application,3683356750420,NA,10.10480000000000,16.66910000000000,0.22160000000000,3.18410000000000,18.3598,150.8114,3683356651810,10.0826,9.8610,0.2216,2.3472,10.6979,10.6979,0.0000,NA,0.0000,NA,NA,NA,NA
Endfield.exe,53680,0x125AB2630,DXGI,0,512,0,Composed: Flip,Application,3683356866691,40.1547,11.62710000000000,8.33860000000000,0.24790000000000,7.03000000000000,15.0713,118.9953,3683356752636,11.6534,11.4055,0.2479,2.9625,15.4730,15.4707,0.0023,-1.5178,20591.3032,NA,20.0320,NA,NA
Endfield.exe,53680,0x125AB2630,DXGI,0,512,0,Composed: Flip,Application,3683356985681,NA,11.89900000000000,8.31720000000000,0.19840000000000,3.21200000000000,11.4895,127.3125,3683356869170,11.8495,11.6511,0.1984,6.7821,8.0810,8.0665,0.0145,NA,0.0000,NA,NA,NA,NA
Endfield.exe,53680,0x125AB2630,DXGI,0,512,0,Composed: Flip,Application,3683357066610,NA,8.09290000000000,8.33560000000000,0.19990000000000,2.51200000000000,11.7322,135.6481,3683356987665,8.0944,7.8945,0.1999,3.0136,7.3929,7.3929,0.0000,NA,0.0000,NA,NA,NA,NA
Endfield.exe,53680,0x125AB2630,DXGI,0,512,0,Composed: Flip,Application,3683357168475,NA,10.18650000000000,16.69050000000000,0.21200000000000,4.36250000000000,18.2362,152.3386,3683357068609,10.1986,9.9866,0.2120,2.3121,12.0370,12.0370,0.0000,NA,0.0000,NA,NA,NA,NA
Endfield.exe,53680,0x125AB2630,DXGI,0,512,0,Composed: Flip,Application,3683357275319,40.5463,10.68440000000000,8.31800000000000,0.29210000000000,4.68880000000000,15.8698,120.1103,3683357170595,10.7645,10.4724,0.2921,4.1505,11.0107,11.0084,0.0023,-1.1150,20631.8495,NA,21.7328,NA,NA
Endfield.exe,53680,0x125AB2630,DXGI,0,512,0,Composed: Flip,Application,3683357377692,NA,10.23730000000000,8.32450000000000,0.27740000000000,3.42080000000000,13.9570,128.4348,3683357278240,10.2226,9.9452,0.2774,4.3967,8.9693,8.9497,0.0196,NA,0.0000,NA,NA,NA,NA
Endfield.exe,53680,0x125AB2630,DXGI,0,512,0,Composed: Flip,Application,3683357477887,NA,10.01950000000000,8.32170000000000,0.20940000000000,2.72610000000000,12.2592,136.7565,3683357380466,9.9515,9.7421,0.2094,3.1434,9.3248,9.3248,0.0000,NA,0.0000,NA,NA,NA,NA
Endfield.exe,53680,0x125AB2630,DXGI,0,512,0,Composed: Flip,Application,3683357579786,NA,10.18990000000000,16.68910000000000,0.21510000000000,4.06370000000000,18.7584,153.4456,3683357479981,10.1956,9.9805,0.2151,2.5167,11.5275,11.5275,0.0000,NA,0.0000,NA,NA,NA,NA
Endfield.exe,53680,0x125AB2630,DXGI,0,512,0,Composed: Flip,Application,3683357688097,40.8334,10.83110000000000,8.32130000000000,0.37340000000000,4.51510000000000,16.2486,120.9335,3683357581937,10.9894,10.6160,0.3734,3.8486,11.2825,11.2799,0.0026,-0.8232,20672.6829,NA,20.2218,NA,NA
Endfield.exe,53680,0x125AB2630,DXGI,0,512,0,Composed: Flip,Application,3683357790011,NA,10.19140000000000,8.34320000000000,0.38840000000000,3.19570000000000,14.4004,129.2767,3683357691831,10.2064,9.8180,0.3884,4.1417,8.8720,8.8600,0.0120,NA,0.0000,NA,NA,NA,NA
Endfield.exe,53680,0x125AB2630,DXGI,0,512,0,Composed: Flip,Application,3683357890545,NA,10.05340000000000,8.32590000000000,0.22210000000000,3.54160000000000,12.6729,137.6026,3683357793895,9.8871,9.6650,0.2221,2.8073,10.3993,10.3993,0.0000,NA,0.0000,NA,NA,NA,NA
Endfield.exe,53680,0x125AB2630,DXGI,0,512,0,Composed: Flip,Application,3683357994019,NA,10.34740000000000,8.33160000000000,0.33770000000000,3.45440000000000,10.6571,145.9342,3683357892766,10.4630,10.1253,0.3377,3.3195,10.2602,10.2602,0.0000,NA,0.0000,NA,NA,NA,NA
Endfield.exe,53680,0x125AB2630,DXGI,0,512,0,Composed: Flip,Application,3683358099707,41.6849,10.56880000000000,16.68320000000000,0.23760000000000,3.91040000000000,16.7715,120.9325,3683357997396,10.4687,10.2311,0.2376,3.1167,11.0248,11.0239,0.0009,0.0010,20714.3678,NA,20.7474,NA,NA
Endfield.exe,53680,0x125AB2630,DXGI,0,512,0,Composed: Flip,Application,3683358204151,NA,10.44440000000000,NA,0.29360000000000,8.77020000000000,NA,NA,3683358102083,10.5004,10.2068,0.2936,3.6728,15.3042,15.2877,0.0165,NA,NA,NA,NA,NA,NA
Endfield.exe,53680,0x125AB2630,DXGI,0,512,0,Composed: Flip,Application,3683358303738,NA,9.95870000000000,16.65180000000000,0.24880000000000,3.59310000000000,13.0202,137.5843,3683358207087,9.9139,9.6651,0.2488,8.4766,4.7816,4.7816,0.0000,NA,0.0000,NA,NA,NA,NA
Endfield.exe,53680,0x125AB2630,DXGI,0,512,0,Composed: Flip,Application,3683358407293,NA,10.35550000000000,8.32130000000000,0.53810000000000,3.76860000000000,10.9860,145.9056,3683358306226,10.6448,10.1067,0.5381,3.3443,10.5310,10.5310,0.0000,NA,0.0000,NA,NA,NA,NA
Endfield.exe,53680,0x125AB2630,DXGI,0,512,0,Composed: Flip,Application,3683358502803,40.8544,9.55100000000000,16.67540000000000,0.28100000000000,3.78880000000000,18.1104,121.7266,3683358412674,9.2939,9.0129,0.2810,3.2305,9.5712,9.5704,0.0008,-0.7941,20755.2222,NA,21.5947,NA,NA
Endfield.exe,53680,0x125AB2630,DXGI,0,512,0,Composed: Flip,Application,3683358605216,NA,10.24130000000000,8.32730000000000,0.50250000000000,2.46450000000000,16.1964,130.0539,3683358505613,10.4628,9.9603,0.5025,3.5078,8.9170,8.9007,0.0163,NA,0.0000,NA,NA,NA,NA
Endfield.exe,53680,0x125AB2630,DXGI,0,512,0,Composed: Flip,Application,3683358709497,NA,10.42810000000000,8.36300000000000,0.18880000000000,4.28450000000000,14.1313,138.4169,3683358610241,10.1144,9.9256,0.1888,1.9620,12.2481,12.2481,0.0000,NA,0.0000,NA,NA,NA,NA
Endfield.exe,53680,0x125AB2630,DXGI,0,512,0,Composed: Flip,Application,3683358811716,NA,10.22190000000000,8.30550000000000,0.19640000000000,3.04340000000000,12.2149,146.7224,3683358711385,10.2295,10.0331,0.1964,4.0957,8.9808,8.9808,0.0000,NA,0.0000,NA,NA,NA,NA
Endfield.exe,53680,0x125AB2630,DXGI,0,512,0,Composed: Flip,Application,3683358908383,40.5244,9.66670000000000,8.36510000000000,0.42380000000000,4.00950000000000,10.9133,114.5631,3683358813680,9.8941,9.4703,0.4238,2.8470,10.6328,10.6312,0.0016,7.1635,20795.7466,NA,14.7621,NA,NA
Endfield.exe,53680,0x125AB2630,DXGI,0,512,0,Composed: Flip,Application,3683359011034,NA,10.26510000000000,16.65410000000000,0.24110000000000,5.01030000000000,17.3023,131.2172,3683358912621,10.0824,9.8413,0.2411,3.5857,11.2659,11.2468,0.0191,NA,0.0000,NA,NA,NA,NA
Endfield.exe,53680,0x125AB2630,DXGI,0,512,0,Composed: Flip,Application,3683359112693,NA,10.16590000000000,8.35300000000000,0.43540000000000,5.02130000000000,15.4894,139.5702,3683359013445,10.3602,9.9248,0.4354,4.7692,10.1769,10.1769,0.0000,NA,0.0000,NA,NA,NA,NA
Endfield.exe,53680,0x125AB2630,DXGI,0,512,0,Composed: Flip,Application,3683359215782,NA,10.30890000000000,8.32290000000000,0.22880000000000,3.84660000000000,13.5034,147.8931,3683359117047,10.1023,9.8735,0.2288,4.5859,9.1342,9.1342,0.0000,NA,0.0000,NA,NA,NA,NA
Endfield.exe,53680,0x125AB2630,DXGI,0,512,0,Composed: Flip,Application,3683359306086,39.9194,9.03040000000000,8.29260000000000,0.24920000000000,2.22610000000000,12.7656,116.2663,3683359218070,9.0508,8.8016,0.2492,3.6178,7.4099,7.4064,0.0035,-1.7032,20835.6660,NA,16.4958,NA,NA
Endfield.exe,53680,0x125AB2630,DXGI,0,512,0,Composed: Flip,Application,3683359407006,NA,10.09200000000000,8.33000000000000,0.47410000000000,3.34080000000000,11.0036,124.5963,3683359308578,10.3169,9.8428,0.4741,1.9769,11.2067,11.1923,0.0144,NA,0.0000,NA,NA,NA,NA
Endfield.exe,53680,0x125AB2630,DXGI,0,512,0,Composed: Flip,Application,3683359508711,NA,10.17050000000000,16.69680000000000,0.32860000000000,2.50590000000000,17.5299,141.2931,3683359411747,10.0250,9.6964,0.3286,2.8667,9.3356,9.3356,0.0000,NA,0.0000,NA,NA,NA,NA
Endfield.exe,53680,0x125AB2630,DXGI,0,512,0,Composed: Flip,Application,3683359610409,NA,10.16980000000000,8.33640000000000,0.22140000000000,4.08790000000000,15.6965,149.6295,3683359511997,10.0626,9.8412,0.2214,2.1773,11.7518,11.7518,0.0000,NA,0.0000,NA,NA,NA,NA
Endfield.exe,53680,0x125AB2630,DXGI,0,512,0,Composed: Flip,Application,3683359713217,40.7902,10.28080000000000,8.33180000000000,0.22810000000000,6.64080000000000,13.7475,117.1711,3683359612623,10.2875,10.0594,0.2281,3.8665,12.8337,12.8310,0.0027,-0.9048,20876.4562,NA,16.2324,NA,NA
Endfield.exe,53680,0x125AB2630,DXGI,0,512,0,Composed: Flip,Application,3683359813452,NA,10.02350000000000,8.33550000000000,0.24710000000000,3.04370000000000,12.0595,125.5066,3683359715498,10.0425,9.7954,0.2471,6.4127,6.4264,6.4098,0.0166,NA,0.0000,NA,NA,NA,NA
Endfield.exe,53680,0x125AB2630,DXGI,0,512,0,Composed: Flip,Application,3683359915777,NA,10.23250000000000,8.31990000000000,0.28540000000000,3.26150000000000,10.1469,133.8265,3683359815923,10.2708,9.9854,0.2854,2.7966,10.4503,10.4503,0.0000,NA,0.0000,NA,NA,NA,NA
Endfield.exe,53680,0x125AB2630,DXGI,0,512,0,Composed: Flip,Application,3683360018248,NA,10.24710000000000,16.68400000000000,0.27940000000000,4.41950000000000,16.5838,150.5105,3683359918631,10.2411,9.9617,0.2794,2.9761,11.4051,11.4051,0.0000,NA,0.0000,NA,NA,NA,NA
Endfield.exe,53680,0x125AB2630,DXGI,0,512,0,Composed: Flip,Application,3683360111651,40.3686,9.34030000000000,8.31380000000000,0.25050000000000,4.52630000000000,15.5573,118.4557,3683360021042,9.3114,9.0609,0.2505,4.1401,9.4471,9.4439,0.0032,-1.2846,20916.8248,NA,22.2387,NA,NA
Endfield.exe,53680,0x125AB2630,DXGI,0,512,0,Composed: Flip,Application,3683360215035,NA,10.33840000000000,8.34220000000000,0.33400000000000,5.08380000000000,13.5611,126.7979,3683360114156,10.4219,10.0879,0.3340,4.2758,10.8959,10.8756,0.0203,NA,0.0000,NA,NA,NA,NA
Endfield.exe,53680,0x125AB2630,DXGI,0,512,0,Composed: Flip,Application,3683360312752,NA,9.77170000000000,8.33710000000000,0.24040000000000,2.99110000000000,12.1265,135.1350,3683360218375,9.6781,9.4377,0.2404,4.7498,7.6790,7.6790,0.0000,NA,0.0000,NA,NA,NA,NA
Endfield.exe,53680,0x125AB2630,DXGI,0,512,0,Composed: Flip,Application,3683360414679,NA,10.19270000000000,16.66390000000000,0.20290000000000,3.75250000000000,18.5977,151.7989,3683360315156,10.1552,9.9523,0.2029,2.7507,10.9541,10.9541,0.0000,NA,0.0000,NA,NA,NA,NA
Endfield.exe,53680,0x125AB2630,DXGI,0,512,0,Composed: Flip,Application,3683360520325,40.5710,10.56460000000000,8.33880000000000,0.32290000000000,4.24950000000000,16.3719,119.5667,3683360416708,10.6846,10.3617,0.3229,3.5496,11.0616,11.0586,0.0030,-1.1110,20957.3958,NA,21.0686,NA,NA
Endfield.exe,53680,0x125AB2630,DXGI,0,512,0,Composed: Flip,Application,3683360619940,NA,9.96150000000000,8.32750000000000,0.32040000000000,3.00360000000000,14.7379,127.8942,3683360523554,9.9590,9.6386,0.3204,3.9266,8.7156,8.6995,0.0161,NA,0.0000,NA,NA,NA,NA
Endfield.exe,53680,0x125AB2630,DXGI,0,512,0,Composed: Flip,Application,3683360720265,NA,10.03250000000000,NA,0.26590000000000,7.22410000000000,NA,NA,3683360623144,9.9780,9.7121,0.2659,2.6832,14.2530,14.2530,0.0000,NA,NA,NA,NA,NA,NA
Endfield.exe,53680,0x125AB2630,DXGI,0,512,0,Composed: Flip,Application,3683360821856,NA,10.15910000000000,16.67320000000000,0.24020000000000,3.87940000000000,11.2195,144.5674,3683360722924,10.1334,9.8932,0.2402,6.9582,6.8144,6.8144,0.0000,NA,0.0000,NA,NA,NA,NA
Endfield.exe,53680,0x125AB2630,DXGI,0,512,0,Composed: Flip,Application,3683360920778,40.6374,9.89220000000000,16.73240000000000,0.25580000000000,3.57040000000000,18.0597,120.6624,3683360824258,9.9078,9.6520,0.2558,3.6392,9.5832,9.5821,0.0011,-1.0957,20998.0332,NA,22.2995,NA,NA
Endfield.exe,53680,0x125AB2630,DXGI,0,512,0,Composed: Flip,Application,3683361023231,NA,10.24530000000000,8.25910000000000,0.81300000000000,4.18790000000000,16.0735,128.9215,3683360923336,10.8025,9.9895,0.8130,3.3146,10.8628,10.8468,0.0160,NA,0.0000,NA,NA,NA,NA
Endfield.exe,53680,0x125AB2630,DXGI,0,512,0,Composed: Flip,Application,3683361122776,NA,9.95450000000000,8.31380000000000,0.29050000000000,4.71220000000000,14.4328,137.2353,3683361031361,9.4320,9.1415,0.2905,3.3749,10.4788,10.4788,0.0000,NA,0.0000,NA,NA,NA,NA
Endfield.exe,53680,0x125AB2630,DXGI,0,512,0,Composed: Flip,Application,3683361223623,NA,10.08470000000000,8.36370000000000,0.25770000000000,3.49730000000000,12.7118,145.5990,3683361125681,10.0519,9.7942,0.2577,4.4217,8.8698,8.8698,0.0000,NA,0.0000,NA,NA,NA,NA
Endfield.exe,53680,0x125AB2630,DXGI,0,512,0,Composed: Flip,Application,3683361316536,40.1788,9.29130000000000,8.35160000000000,0.25350000000000,2.10220000000000,11.7721,113.7718,3683361226200,9.2871,9.0336,0.2535,3.2396,7.8962,7.8928,0.0034,6.8906,21038.2120,NA,15.5456,NA,NA
Endfield.exe,53680,0x125AB2630,DXGI,0,512,0,Composed: Flip,Application,3683361419848,NA,10.33120000000000,8.30660000000000,0.36850000000000,2.82590000000000,9.7475,122.0784,3683361319071,10.4462,10.0777,0.3685,1.8487,11.0549,11.0386,0.0163,NA,0.0000,NA,NA,NA,NA
Endfield.exe,53680,0x125AB2630,DXGI,0,512,0,Composed: Flip,Application,3683361514520,NA,9.46720000000000,16.66850000000000,0.24840000000000,2.71030000000000,16.9488,138.7469,3683361423533,9.3471,9.0987,0.2484,2.4574,9.3516,9.3516,0.0000,NA,0.0000,NA,NA,NA,NA
Endfield.exe,53680,0x125AB2630,DXGI,0,512,0,Composed: Flip,Application,3683361616351,NA,10.18310000000000,8.35350000000000,0.29620000000000,4.80280000000000,15.1192,147.1004,3683361517004,10.2309,9.9347,0.2962,2.4619,12.2756,12.2756,0.0000,NA,0.0000,NA,NA,NA,NA
Endfield.exe,53680,0x125AB2630,DXGI,0,512,0,Composed: Flip,Application,3683361721698,39.6360,10.53470000000000,8.30670000000000,0.29380000000000,2.15740000000000,12.8912,115.7711,3683361619313,10.5323,10.2385,0.2938,4.5066,7.8893,7.8868,0.0025,-1.9993,21077.8480,NA,18.3503,NA,NA
Endfield.exe,53680,0x125AB2630,DXGI,0,512,0,Composed: Flip,Application,3683361823256,NA,10.15580000000000,8.32960000000000,0.52270000000000,2.52360000000000,11.0650,124.1007,3683361724636,10.3847,9.8620,0.5227,1.8636,10.5220,10.5087,0.0133,NA,0.0000,NA,NA,NA,NA
Endfield.exe,53680,0x125AB2630,DXGI,0,512,0,Composed: Flip,Application,3683361923097,NA,9.98410000000000,16.68700000000000,0.23150000000000,2.74440000000000,17.7679,140.7877,3683361828483,9.6929,9.4614,0.2315,2.0009,10.2049,10.2049,0.0000,NA,0.0000,NA,NA,NA,NA
Endfield.exe,53680,0x125AB2630,DXGI,0,512,0,Composed: Flip,Application,3683362024854,NA,10.17570000000000,8.33290000000000,0.31280000000000,4.57360000000000,15.9251,149.1206,3683361925412,10.2570,9.9442,0.3128,2.5129,12.0049,12.0049,0.0000,NA,0.0000,NA,NA,NA,NA
Endfield.exe,53680,0x125AB2630,DXGI,0,512,0,Composed: Flip,Application,3683362127325,40.1107,10.24710000000000,8.32970000000000,0.31020000000000,5.95040000000000,14.0077,117.3396,3683362027982,10.2445,9.9343,0.3102,4.2608,11.6239,11.6210,0.0029,-1.5685,21117.9587,NA,20.3613,NA,NA
Endfield.exe,53680,0x125AB2630,DXGI,0,512,0,Composed: Flip,Application,3683362225847,NA,9.85220000000000,8.32800000000000,0.37870000000000,5.00440000000000,12.4835,125.6676,3683362130427,9.9207,9.5420,0.3787,5.6402,8.9062,8.8911,0.0151,NA,0.0000,NA,NA,NA,NA
Endfield.exe,53680,0x125AB2630,DXGI,0,512,0,Composed: Flip,Application,3683362322644,NA,9.67970000000000,8.32700000000000,0.53550000000000,2.66040000000000,11.1308,133.9946,3683362229634,9.8365,9.3010,0.5355,4.6257,7.3357,7.3357,0.0000,NA,0.0000,NA,NA,NA,NA
Endfield.exe,53680,0x125AB2630,DXGI,0,512,0,Composed: Flip,Application,3683362423534,NA,10.08900000000000,16.67970000000000,0.22890000000000,2.55110000000000,17.7215,150.6743,3683362327999,9.7824,9.5535,0.2289,2.1249,9.9797,9.9797,0.0000,NA,0.0000,NA,NA,NA,NA
Endfield.exe,53680,0x125AB2630,DXGI,0,512,0,Composed: Flip,Application,3683362537700,41.1156,11.41660000000000,8.32860000000000,0.28570000000000,4.36170000000000,14.6335,117.8873,3683362425823,11.4734,11.1877,0.2857,2.3222,13.2272,13.2241,0.0031,-0.5477,21159.0743,NA,20.8429,NA,NA
Endfield.exe,53680,0x125AB2630,DXGI,0,512,0,Composed: Flip,Application,3683362636792,NA,9.90920000000000,8.31630000000000,0.31310000000000,3.01780000000000,13.0406,126.2036,3683362540557,9.9366,9.6235,0.3131,4.0760,8.5653,8.5457,0.0196,NA,0.0000,NA,NA,NA,NA
Endfield.exe,53680,0x125AB2630,DXGI,0,512,0,Composed: Flip,Application,3683362736333,NA,9.95410000000000,8.36430000000000,0.37490000000000,2.48430000000000,11.4508,134.5679,3683362639923,10.0159,9.6410,0.3749,2.7047,9.4206,9.4206,0.0000,NA,0.0000,NA,NA,NA,NA
Endfield.exe,53680,0x125AB2630,DXGI,0,512,0,Composed: Flip,Application,3683362836633,NA,10.03000000000000,16.65960000000000,0.23940000000000,3.72680000000000,18.0804,151.2275,3683362740082,9.8945,9.6551,0.2394,2.1094,11.2725,11.2725,0.0000,NA,0.0000,NA,NA,NA,NA
Endfield.exe,53680,0x125AB2630,DXGI,0,512,0,Composed: Flip,Application,3683362943992,41.7737,10.73590000000000,8.30790000000000,0.25680000000000,4.32990000000000,15.6524,117.7617,3683362839027,10.7533,10.4965,0.2568,3.4874,11.3390,11.3358,0.0032,0.1256,21200.8480,NA,42.2853,NA,NA
Endfield.exe,53680,0x125AB2630,DXGI,0,512,0,Composed: Flip,Application,3683363044678,NA,10.06860000000000,9.75330000000000,0.23910000000000,3.42910000000000,15.3371,127.5150,3683362946560,10.0509,9.8118,0.2391,4.0731,9.1678,9.1509,0.0169,NA,0.0000,NA,NA,NA,NA
Endfield.exe,53680,0x125AB2630,DXGI,0,512,0,Composed: Flip,Application,3683363145125,NA,10.04470000000000,6.90520000000000,0.17120000000000,4.16030000000000,12.1976,134.4202,3683363047069,9.9768,9.8056,0.1712,3.1900,10.7759,10.7759,0.0000,NA,0.0000,NA,NA,NA,NA
Endfield.exe,53680,0x125AB2630,DXGI,0,512,0,Composed: Flip,Application,3683363245749,NA,10.06240000000000,8.36590000000000,0.18710000000000,3.45130000000000,10.5011,142.7861,3683363146837,10.0783,9.8912,0.1871,3.9891,9.3534,9.3534,0.0000,NA,0.0000,NA,NA,NA,NA
Endfield.exe,53680,0x125AB2630,DXGI,0,512,0,Composed: Flip,Application,3683363356733,38.6893,11.09840000000000,16.64450000000000,0.20360000000000,3.64150000000000,16.0472,120.7413,3683363247620,11.1149,10.9113,0.2036,3.2642,11.2886,11.2851,0.0035,-2.9796,21239.5373,NA,20.1337,NA,NA
Endfield.exe,53680,0x125AB2630,DXGI,0,512,0,Composed: Flip,Application,3683363458075,NA,10.13420000000000,8.34880000000000,0.24990000000000,4.86050000000000,14.2618,129.0901,3683363358769,10.1805,9.9306,0.2499,3.4379,11.3532,11.3345,0.0187,NA,0.0000,NA,NA,NA,NA
Endfield.exe,53680,0x125AB2630,DXGI,0,512,0,Composed: Flip,Application,3683363559071,NA,10.09960000000000,8.32510000000000,0.18120000000000,4.19760000000000,12.4873,137.4152,3683363460574,10.0309,9.8497,0.1812,4.6106,9.4367,9.4367,0.0000,NA,0.0000,NA,NA,NA,NA
Endfield.exe,53680,0x125AB2630,DXGI,0,512,0,Composed: Flip,Application,3683363661452,NA,10.23810000000000,8.32900000000000,0.23760000000000,3.41640000000000,10.5782,145.7442,3683363560883,10.2945,10.0569,0.2376,4.0164,9.4569,9.4569,0.0000,NA,0.0000,NA,NA,NA,NA
Endfield.exe,53680,0x125AB2630,DXGI,0,512,0,Composed: Flip,Application,3683363765138,41.1462,10.36860000000000,16.65730000000000,0.31810000000000,4.18560000000000,16.8669,121.2553,3683363663828,10.4491,10.1310,0.3181,3.1788,11.1378,11.1346,0.0032,-0.5140,21280.6835,NA,NA,NA,NA
Endfield.exe,53680,0x125AB2630,DXGI,0,512,0,Composed: Flip,Application,3683363866414,NA,10.12760000000000,8.34060000000000,0.17510000000000,3.08830000000000,15.0799,129.5959,3683363768319,9.9846,9.8095,0.1751,3.8675,9.0303,9.0173,0.0130,NA,0.0000,NA,NA,NA,NA
Endfield.exe,53680,0x125AB2630,DXGI,0,512,0,Composed: Flip,Application,3683363967904,NA,10.14900000000000,8.32220000000000,0.21510000000000,3.94790000000000,13.2531,137.9181,3683363868165,10.1890,9.9739,0.2151,2.9132,11.0086,11.0086,0.0000,NA,0.0000,NA,NA,NA,NA
Endfield.exe,53680,0x125AB2630,DXGI,0,512,0,Composed: Flip,Application,3683364070027,NA,10.21230000000000,8.35610000000000,0.14710000000000,2.05730000000000,11.3969,146.2742,3683363970055,10.1443,9.9972,0.1471,3.7328,8.3217,8.3217,0.0000,NA,0.0000,NA,NA,NA,NA
Endfield.exe,53680,0x125AB2630,DXGI,0,512,0,Composed: Flip,Application,3683364174920,40.9904,10.48930000000000,9.74720000000000,0.23440000000000,3.38830000000000,10.6548,115.0310,3683364071498,10.5766,10.3422,0.2344,1.9102,11.8203,11.8193,0.0010,6.2243,21321.6739,NA,NA,NA,NA
Endfield.exe,53680,0x125AB2630,DXGI,0,512,0,Composed: Flip,Application,3683364271822,NA,9.69020000000000,15.23110000000000,0.19490000000000,4.87090000000000,16.1957,130.2621,3683364177264,9.6507,9.4558,0.1949,3.1539,11.1728,11.1553,0.0175,NA,0.0000,NA,NA,NA,NA
Endfield.exe,53680,0x125AB2630,DXGI,0,512,0,Composed: Flip,Application,3683364373355,NA,10.15330000000000,8.45680000000000,0.23620000000000,5.02600000000000,14.4992,138.7189,3683364273771,10.1946,9.9584,0.2362,4.6760,10.3084,10.3084,0.0000,NA,0.0000,NA,NA,NA,NA
Endfield.exe,53680,0x125AB2630,DXGI,0,512,0,Composed: Flip,Application,3683364476685,NA,10.33300000000000,9.69360000000000,0.20250000000000,3.03540000000000,13.8598,148.4125,3683364375717,10.2993,10.0968,0.2025,4.7898,8.3424,8.3424,0.0000,NA,0.0000,NA,NA,NA,NA
Endfield.exe,53680,0x125AB2630,DXGI,0,512,0,Composed: Flip,Application,3683364571266,40.7622,9.45810000000000,6.86200000000000,0.16730000000000,3.70750000000000,11.2637,114.5123,3683364478710,9.4229,9.2556,0.1673,2.8329,10.1302,10.1271,0.0031,0.5187,21362.4361,NA,NA,NA,NA
Endfield.exe,53680,0x125AB2630,DXGI,0,512,0,Composed: Flip,Application,3683364673823,NA,10.25570000000000,16.68450000000000,0.28400000000000,2.57330000000000,17.6925,131.1968,3683364572939,10.3724,10.0884,0.2840,3.5402,9.1215,9.1082,0.0133,NA,0.0000,NA,NA,NA,NA
Endfield.exe,53680,0x125AB2630,DXGI,0,512,0,Composed: Flip,Application,3683364774787,NA,10.09640000000000,9.84720000000000,0.18220000000000,10.11890000000000,17.4433,141.0440,3683364676663,9.9946,9.8124,0.1822,2.2893,17.6420,17.6420,0.0000,NA,0.0000,NA,NA,NA,NA
Endfield.exe,53680,0x125AB2630,DXGI,0,512,0,Composed: Flip,Application,3683364877569,NA,10.27820000000000,6.81750000000000,0.15050000000000,2.34110000000000,13.9826,147.8615,3683364776609,10.2465,10.0960,0.1505,9.9367,2.5004,2.5004,0.0000,NA,0.0000,NA,NA,NA,NA
Endfield.exe,53680,0x125AB2630,DXGI,0,512,0,Composed: Flip,Application,3683364964105,40.0128,8.65360000000000,8.31650000000000,0.16230000000000,2.63710000000000,13.6455,116.1652,3683364879074,8.6654,8.5031,0.1623,2.1906,8.9496,8.9471,0.0025,-1.6529,21402.4489,NA,NA,NA,NA
Endfield.exe,53680,0x125AB2630,DXGI,0,512,0,Composed: Flip,Application,3683365065980,NA,10.18750000000000,9.74950000000000,0.16780000000000,3.45310000000000,13.2075,125.9147,3683364965728,10.1930,10.0252,0.1678,2.4748,11.0035,10.9887,0.0148,NA,0.0000,NA,NA,NA,NA
Endfield.exe,53680,0x125AB2630,DXGI,0,512,0,Composed: Flip,Application,3683365166596,NA,10.06160000000000,15.24600000000000,0.15840000000000,4.87920000000000,18.3919,141.1607,3683365067658,10.0522,9.8938,0.1584,3.2853,11.4877,11.4877,0.0000,NA,0.0000,NA,NA,NA,NA
Endfield.exe,53680,0x125AB2630,DXGI,0,512,0,Composed: Flip,Application,3683365269063,NA,10.24670000000000,8.36320000000000,0.17020000000000,4.89870000000000,16.5084,149.5239,3683365168180,10.2585,10.0883,0.1702,4.7208,10.2662,10.2662,0.0000,NA,0.0000,NA,NA,NA,NA
Endfield.exe,53680,0x125AB2630,DXGI,0,512,0,Composed: Flip,Application,3683365372164,40.7196,10.31010000000000,9.73290000000000,0.20020000000000,6.35090000000000,15.9312,118.5372,3683365270765,10.3401,10.1399,0.2002,4.7285,11.7623,11.7599,0.0024,-2.3720,21443.1685,NA,NA,NA,NA
Endfield.exe,53680,0x125AB2630,DXGI,0,512,0,Composed: Flip,Application,3683365474432,NA,10.22680000000000,6.92190000000000,0.17030000000000,2.98730000000000,12.6263,125.4591,3683365374166,10.1969,10.0266,0.1703,6.1507,6.8632,6.8467,0.0165,NA,0.0000,NA,NA,NA,NA
Endfield.exe,53680,0x125AB2630,DXGI,0,512,0,Composed: Flip,Application,3683365576160,NA,10.17280000000000,8.33520000000000,0.16560000000000,4.03110000000000,10.7887,133.7943,3683365476135,10.1681,10.0025,0.1656,2.8170,11.2166,11.2166,0.0000,NA,0.0000,NA,NA,NA,NA
Endfield.exe,53680,0x125AB2630,DXGI,0,512,0,Composed: Flip,Application,3683365677581,NA,10.14210000000000,18.14070000000000,0.15680000000000,4.67710000000000,18.7873,151.9350,3683365577816,10.1333,9.9765,0.1568,3.8655,10.7881,10.7881,0.0000,NA,0.0000,NA,NA,NA,NA
Endfield.exe,53680,0x125AB2630,DXGI,0,512,0,Composed: Flip,Application,3683365776528,39.2768,9.89470000000000,6.84240000000000,0.17160000000000,7.25420000000000,15.7350,119.5006,3683365679149,9.9095,9.7379,0.1716,4.5203,12.4718,12.4695,0.0023,-0.9634,21482.4453,NA,NA,NA,NA
Endfield.exe,53680,0x125AB2630,DXGI,0,512,0,Composed: Flip,Application,3683365878280,NA,10.17520000000000,8.33720000000000,0.18660000000000,4.93970000000000,13.8970,127.8378,3683365778244,10.1902,10.0036,0.1866,7.0826,7.8607,7.8521,0.0086,NA,0.0000,NA,NA,NA,NA
Endfield.exe,53680,0x125AB2630,DXGI,0,512,0,Composed: Flip,Application,3683365978276,NA,9.99960000000000,8.32320000000000,0.16050000000000,4.16300000000000,12.2206,136.1610,3683365880146,9.9735,9.8130,0.1605,4.7531,9.2229,9.2229,0.0000,NA,0.0000,NA,NA,NA,NA
Endfield.exe,53680,0x125AB2630,DXGI,0,512,0,Composed: Flip,Application,3683366097567,NA,11.92910000000000,18.08370000000000,0.93870000000000,4.24570000000000,18.3752,154.2447,3683365979881,12.7073,11.7686,0.9387,4.0025,12.0118,12.0118,0.0000,NA,0.0000,NA,NA,NA,NA
Endfield.exe,53680,0x125AB2630,DXGI,0,512,0,Composed: Flip,Application,3683366180567,40.8305,8.30000000000000,6.90800000000000,0.35940000000000,3.88700000000000,16.9832,120.3222,3683366106954,7.7207,7.3613,0.3594,3.3070,7.9413,7.9382,0.0031,-0.8216,21523.2758,NA,NA,NA,NA
Endfield.exe,53680,0x125AB2630,DXGI,0,512,0,Composed: Flip,Application,3683366281317,NA,10.07500000000000,8.33130000000000,3.92660000000000,5.06230000000000,15.2395,128.6535,3683366184161,13.6422,9.7156,3.9266,3.5276,11.2503,11.2369,0.0134,NA,0.0000,NA,NA,NA,NA
Endfield.exe,53680,0x125AB2630,DXGI,0,512,0,Composed: Flip,Application,3683366381250,NA,9.99330000000000,8.33440000000000,0.18170000000000,4.30650000000000,13.5806,136.9879,3683366320583,6.2484,6.0667,0.1817,1.1357,9.2375,9.2375,0.0000,NA,0.0000,NA,NA,NA,NA
Endfield.exe,53680,0x125AB2630,DXGI,0,512,0,Composed: Flip,Application,3683366482450,NA,10.12000000000000,9.81860000000000,2.49050000000000,4.51090000000000,13.2792,146.8065,3683366383067,12.4288,9.9383,2.4905,4.1248,10.3244,10.3244,0.0000,NA,0.0000,NA,NA,NA,NA
Endfield.exe,53680,0x125AB2630,DXGI,0,512,0,Composed: Flip,Application,3683366585546,40.4106,10.30960000000000,15.20930000000000,0.27310000000000,3.63100000000000,18.1789,121.6052,3683366507355,8.0922,7.8191,0.2731,2.0204,9.4297,9.4262,0.0035,-1.2830,21563.6864,NA,NA,NA,NA
Endfield.exe,53680,0x125AB2630,DXGI,0,512,0,Composed: Flip,Application,3683366688151,NA,10.26050000000000,9.79830000000000,0.30520000000000,5.37980000000000,17.7167,131.4035,3683366588277,10.2926,9.9874,0.3052,3.3579,12.0093,11.9888,0.0205,NA,0.0000,NA,NA,NA,NA
Endfield.exe,53680,0x125AB2630,DXGI,0,512,0,Composed: Flip,Application,3683366786409,NA,9.82580000000000,6.88900000000000,0.22800000000000,3.91620000000000,14.7799,138.2925,3683366691203,9.7486,9.5206,0.2280,5.0746,8.3622,8.3622,0.0000,NA,0.0000,NA,NA,NA,NA
Endfield.exe,53680,0x125AB2630,DXGI,0,512,0,Composed: Flip,Application,3683366887133,NA,10.07240000000000,8.29800000000000,0.16390000000000,3.93880000000000,13.0055,146.5905,3683366788689,10.0083,9.8444,0.1639,3.6882,10.0950,10.0950,0.0000,NA,0.0000,NA,NA,NA,NA
Endfield.exe,53680,0x125AB2630,DXGI,0,512,0,Composed: Flip,Application,3683366992097,40.3738,10.49640000000000,8.33460000000000,0.23740000000000,2.04330000000000,10.8437,114.5513,3683366888772,10.5699,10.3325,0.2374,3.7749,8.6009,8.5994,0.0015,7.0539,21604.0602,NA,24.4565,NA,NA
Endfield.exe,53680,0x125AB2630,DXGI,0,512,0,Composed: Flip,Application,3683367092899,NA,10.08020000000000,9.76340000000000,0.36940000000000,3.32030000000000,10.5269,124.3147,3683366994471,10.2122,9.8428,0.3694,1.8059,11.3572,11.3414,0.0158,NA,0.0000,NA,NA,NA,NA
Endfield.exe,53680,0x125AB2630,DXGI,0,512,0,Composed: Flip,Application,3683367193619,NA,10.07200000000000,15.27550000000000,0.28080000000000,4.34230000000000,15.7304,139.5902,3683367096593,9.9834,9.7026,0.2808,2.9509,11.0940,11.0940,0.0000,NA,0.0000,NA,NA,NA,NA
Endfield.exe,53680,0x125AB2630,DXGI,0,512,0,Composed: Flip,Application,3683367294300,NA,10.06810000000000,9.71840000000000,0.18120000000000,4.66400000000000,15.3807,149.3086,3683367196427,9.9685,9.7873,0.1812,4.0615,10.3898,10.3898,0.0000,NA,0.0000,NA,NA,NA,NA
Endfield.exe,53680,0x125AB2630,DXGI,0,512,0,Composed: Flip,Application,3683367405985,41.4030,11.16850000000000,6.93480000000000,0.17470000000000,3.73160000000000,11.1470,114.8404,3683367296112,11.1620,10.9873,0.1747,4.4828,10.2361,10.2351,0.0010,-0.2891,21645.4632,NA,NA,NA,NA
Endfield.exe,53680,0x125AB2630,DXGI,0,512,0,Composed: Flip,Application,3683367507153,NA,10.11680000000000,16.64280000000000,0.19380000000000,3.55560000000000,17.6730,131.4832,3683367407732,10.1359,9.9421,0.1938,3.5569,9.9408,9.9286,0.0122,NA,0.0000,NA,NA,NA,NA
Endfield.exe,53680,0x125AB2630,DXGI,0,512,0,Composed: Flip,Application,3683367607718,NA,10.05650000000000,9.77650000000000,0.16710000000000,4.92240000000000,17.3930,141.2597,3683367509091,10.0298,9.8627,0.1671,3.3618,11.4233,11.4233,0.0000,NA,0.0000,NA,NA,NA,NA
Endfield.exe,53680,0x125AB2630,DXGI,0,512,0,Composed: Flip,Application,3683367709910,NA,10.21920000000000,6.89790000000000,0.14470000000000,1.18480000000000,14.0717,148.1576,3683367609389,10.1968,10.0521,0.1447,4.7553,6.4816,6.4816,0.0000,NA,0.0000,NA,NA,NA,NA
Endfield.exe,53680,0x125AB2630,DXGI,0,512,0,Composed: Flip,Application,3683367809012,40.4888,9.91020000000000,8.32600000000000,0.66750000000000,2.41910000000000,12.4875,115.9948,3683367711357,10.4330,9.7655,0.6675,1.0401,11.1445,11.1415,0.0030,-1.1544,21685.9520,NA,27.7858,NA,NA
Endfield.exe,53680,0x125AB2630,DXGI,0,512,0,Composed: Flip,Application,3683367909760,NA,10.07480000000000,9.75400000000000,0.18820000000000,3.47180000000000,12.1667,125.7488,3683367815687,9.5955,9.4073,0.1882,1.7516,11.1275,11.1113,0.0162,NA,0.0000,NA,NA,NA,NA
Endfield.exe,53680,0x125AB2630,DXGI,0,512,0,Composed: Flip,Application,3683368010455,NA,10.06950000000000,15.25300000000000,0.17050000000000,2.32620000000000,17.3502,141.0018,3683367911642,10.0518,9.8813,0.1705,3.2836,8.9239,8.9239,0.0000,NA,0.0000,NA,NA,NA,NA
Endfield.exe,53680,0x125AB2630,DXGI,0,512,0,Composed: Flip,Application,3683368112364,NA,10.19090000000000,8.32520000000000,0.20820000000000,4.88520000000000,15.4845,149.3270,3683368012160,10.2286,10.0204,0.2082,2.1557,12.7499,12.7499,0.0000,NA,0.0000,NA,NA,NA,NA
Endfield.exe,53680,0x125AB2630,DXGI,0,512,0,Composed: Flip,Application,3683368218759,40.2285,10.63950000000000,9.78770000000000,0.16460000000000,2.21860000000000,14.6327,118.8862,3683368114446,10.5959,10.4313,0.1646,4.6770,7.9729,7.9698,0.0031,-2.8914,21726.1805,NA,NA,NA,NA
Endfield.exe,53680,0x125AB2630,DXGI,0,512,0,Composed: Flip,Application,3683368319815,NA,10.10560000000000,6.87220000000000,0.22390000000000,3.25320000000000,11.3993,125.7584,3683368220405,10.1649,9.9410,0.2239,2.0540,11.1402,11.1251,0.0151,NA,0.0000,NA,NA,NA,NA
Endfield.exe,53680,0x125AB2630,DXGI,0,512,0,Composed: Flip,Application,3683368421281,NA,10.14660000000000,18.13330000000000,0.25360000000000,3.09320000000000,19.3860,143.8917,3683368322054,10.1763,9.9227,0.2536,3.0293,9.9866,9.9866,0.0000,NA,0.0000,NA,NA,NA,NA
Endfield.exe,53680,0x125AB2630,DXGI,0,512,0,Composed: Flip,Application,3683368522001,NA,10.07200000000000,6.87970000000000,0.18740000000000,4.41970000000000,16.1937,150.7714,3683368423817,10.0058,9.8184,0.1874,2.8396,11.3985,11.3985,0.0000,NA,0.0000,NA,NA,NA,NA
Endfield.exe,53680,0x125AB2630,DXGI,0,512,0,Composed: Flip,Application,3683368622790,41.0239,10.07890000000000,8.33000000000000,0.20280000000000,4.61620000000000,14.4448,118.0775,3683368523875,10.0943,9.8915,0.2028,4.2323,10.2754,10.2728,0.0026,0.8087,21767.2044,NA,18.1305,NA,NA
Endfield.exe,53680,0x125AB2630,DXGI,0,512,0,Composed: Flip,Application,3683368724349,NA,10.15590000000000,9.79470000000000,0.27490000000000,3.32570000000000,14.0836,127.8722,3683368624818,10.2280,9.9531,0.2749,4.4134,8.8654,8.8498,0.0156,NA,0.0000,NA,NA,NA,NA
Endfield.exe,53680,0x125AB2630,DXGI,0,512,0,Composed: Flip,Application,3683368827175,NA,10.28260000000000,15.22040000000000,0.21610000000000,3.95930000000000,19.0214,143.0926,3683368727098,10.2238,10.0077,0.2161,3.0508,10.9162,10.9162,0.0000,NA,0.0000,NA,NA,NA,NA
Endfield.exe,53680,0x125AB2630,DXGI,0,512,0,Composed: Flip,Application,3683368927719,NA,10.05440000000000,9.75990000000000,0.23230000000000,3.02320000000000,18.7269,152.8525,3683368829336,10.0706,9.8383,0.2323,3.7432,9.1183,9.1183,0.0000,NA,0.0000,NA,NA,NA,NA
Endfield.exe,53680,0x125AB2630,DXGI,0,512,0,Composed: Flip,Application,3683369034029,40.6482,10.63100000000000,6.91750000000000,0.24760000000000,4.12730000000000,15.0134,119.1218,3683368930042,10.6463,10.3987,0.2476,2.7909,11.7351,11.7318,0.0033,-1.0443,21807.8526,NA,17.8296,NA,NA
Endfield.exe,53680,0x125AB2630,DXGI,0,512,0,Composed: Flip,Application,3683369135908,NA,10.18790000000000,8.30910000000000,0.25870000000000,3.69350000000000,13.1346,127.4309,3683369036505,10.1990,9.9403,0.2587,3.8797,9.7541,9.7369,0.0172,NA,0.0000,NA,NA,NA,NA
Endfield.exe,53680,0x125AB2630,DXGI,0,512,0,Composed: Flip,Application,3683369236425,NA,10.05170000000000,9.75430000000000,0.27120000000000,2.31260000000000,12.8372,137.1852,3683369138495,10.0642,9.7930,0.2712,3.4348,8.6708,8.6708,0.0000,NA,0.0000,NA,NA,NA,NA
Endfield.exe,53680,0x125AB2630,DXGI,0,512,0,Composed: Flip,Application,3683369339823,NA,10.33980000000000,15.26180000000000,0.23700000000000,4.57580000000000,17.7592,152.4470,3683369239137,10.3056,10.0686,0.2370,2.0414,12.6030,12.6030,0.0000,NA,0.0000,NA,NA,NA,NA
Endfield.exe,53680,0x125AB2630,DXGI,0,512,0,Composed: Flip,Application,3683369448862,40.5340,10.90390000000000,8.31430000000000,0.27970000000000,4.70150000000000,15.1696,120.2273,3683369342193,10.9466,10.6669,0.2797,4.3388,11.0296,11.0257,0.0039,-1.1055,21848.3866,NA,17.4662,NA,NA
Endfield.exe,53680,0x125AB2630,DXGI,0,512,0,Composed: Flip,Application,3683369553132,NA,10.42700000000000,8.32860000000000,0.24570000000000,3.16890000000000,13.0712,128.5559,3683369451659,10.3930,10.1473,0.2457,4.4218,8.8944,8.8787,0.0157,NA,0.0000,NA,NA,NA,NA
Endfield.exe,53680,0x125AB2630,DXGI,0,512,0,Composed: Flip,Application,3683369652541,NA,9.94090000000000,8.34680000000000,0.23540000000000,3.97250000000000,11.4771,136.9027,3683369555589,9.9306,9.6952,0.2354,2.9232,10.7445,10.7445,0.0000,NA,0.0000,NA,NA,NA,NA
Endfield.exe,53680,0x125AB2630,DXGI,0,512,0,Composed: Flip,Application,3683369755471,NA,10.29300000000000,16.66140000000000,0.22940000000000,3.00240000000000,17.8455,153.5641,3683369654895,10.2870,10.0576,0.2294,3.7371,9.3229,9.3229,0.0000,NA,0.0000,NA,NA,NA,NA
Endfield.exe,53680,0x125AB2630,DXGI,0,512,0,Composed: Flip,Application,3683369864708,41.1072,10.92370000000000,8.33330000000000,0.19100000000000,7.20430000000000,15.2551,120.7902,3683369757765,10.8853,10.6943,0.1910,2.7730,15.1256,15.1226,0.0030,-0.5629,21889.4938,NA,18.1290,NA,NA
Endfield.exe,53680,0x125AB2630,DXGI,0,512,0,Composed: Flip,Application,3683369968468,NA,10.37600000000000,8.32710000000000,0.31010000000000,4.75050000000000,13.2062,129.1173,3683369866618,10.4951,10.1850,0.3101,7.0133,7.9222,7.9084,0.0138,NA,0.0000,NA,NA,NA,NA
Endfield.exe,53680,0x125AB2630,DXGI,0,512,0,Composed: Flip,Application,3683370070356,NA,10.18880000000000,8.33860000000000,0.26850000000000,2.21200000000000,11.3560,137.4559,3683369971569,10.1472,9.8787,0.2685,4.4404,7.6503,7.6503,0.0000,NA,0.0000,NA,NA,NA,NA
Endfield.exe,53680,0x125AB2630,DXGI,0,512,0,Composed: Flip,Application,3683370171896,NA,10.15400000000000,8.34820000000000,0.16560000000000,2.26250000000000,9.5502,145.8041,3683370073041,10.0511,9.8855,0.1656,1.9435,10.2045,10.2045,0.0000,NA,0.0000,NA,NA,NA,NA
Endfield.exe,53680,0x125AB2630,DXGI,0,512,0,Composed: Flip,Application,3683370280173,42.1055,10.82770000000000,18.08800000000000,0.23570000000000,7.61420000000000,16.8105,121.7866,3683370173552,10.8978,10.6621,0.2357,2.0969,16.1794,16.1778,0.0016,-0.9964,21931.5993,NA,31.3607,NA,NA
Endfield.exe,53680,0x125AB2630,DXGI,0,512,0,Composed: Flip,Application,3683370380900,NA,10.07270000000000,6.90000000000000,0.25740000000000,2.64870000000000,13.6378,128.6866,3683370282530,10.0944,9.8370,0.2574,7.3785,5.1072,5.1005,0.0067,NA,0.0000,NA,NA,NA,NA
Endfield.exe,53680,0x125AB2630,DXGI,0,512,0,Composed: Flip,Application,3683370483748,NA,10.28480000000000,8.34250000000000,0.23580000000000,2.50780000000000,11.6955,137.0291,3683370383474,10.2632,10.0274,0.2358,2.3913,10.1439,10.1439,0.0000,NA,0.0000,NA,NA,NA,NA
Endfield.exe,53680,0x125AB2630,DXGI,0,512,0,Composed: Flip,Application,3683370587514,NA,10.37660000000000,8.32210000000000,0.18450000000000,2.21850000000000,9.6410,145.3512,3683370486106,10.3253,10.1408,0.1845,2.2720,10.0873,10.0873,0.0000,NA,0.0000,NA,NA,NA,NA
Endfield.exe,53680,0x125AB2630,DXGI,0,512,0,Composed: Flip,Application,3683370691322,41.0753,10.38080000000000,18.10030000000000,0.21830000000000,4.36910000000000,17.3605,122.3762,3683370589359,10.4146,10.1963,0.2183,2.0340,12.5314,12.5279,0.0035,-0.5896,21972.6746,NA,NA,NA,NA
Endfield.exe,53680,0x125AB2630,DXGI,0,512,0,Composed: Flip,Application,3683370796721,NA,10.53990000000000,6.88120000000000,0.21120000000000,4.15370000000000,13.7018,129.2574,3683370693505,10.5328,10.3216,0.2112,4.1508,10.3245,10.3099,0.0146,NA,0.0000,NA,NA,NA,NA
Endfield.exe,53680,0x125AB2630,DXGI,0,512,0,Composed: Flip,Application,3683370896735,NA,10.00140000000000,8.35200000000000,0.19420000000000,3.25060000000000,12.0524,137.6094,3683370798833,9.9844,9.7902,0.1942,3.9425,9.0983,9.0983,0.0000,NA,0.0000,NA,NA,NA,NA
Endfield.exe,53680,0x125AB2630,DXGI,0,512,0,Composed: Flip,Application,3683371000304,NA,10.35690000000000,8.33700000000000,0.16990000000000,2.40710000000000,10.0325,145.9464,3683370898677,10.3326,10.1627,0.1699,3.0564,9.5134,9.5134,0.0000,NA,0.0000,NA,NA,NA,NA
Endfield.exe,53680,0x125AB2630,DXGI,0,512,0,Composed: Flip,Application,3683371094361,42.2440,9.40570000000000,16.64120000000000,0.19050000000000,4.43850000000000,17.2680,120.3436,3683371002003,9.4263,9.2358,0.1905,2.2372,11.4371,11.4361,0.0010,2.0326,22014.9186,NA,NA,NA,NA
Endfield.exe,53680,0x125AB2630,DXGI,0,512,0,Composed: Flip,Application,3683371198932,NA,10.45710000000000,9.84300000000000,0.23160000000000,5.03120000000000,16.6539,130.1866,3683371096266,10.4982,10.2666,0.2316,4.2480,11.0498,11.0299,0.0199,NA,0.0000,NA,NA,NA,NA
Endfield.exe,53680,0x125AB2630,DXGI,0,512,0,Composed: Flip,Application,3683371300034,NA,10.11020000000000,6.85590000000000,0.17420000000000,3.16380000000000,13.3996,137.0425,3683371201248,10.0528,9.8786,0.1742,4.7996,8.2428,8.2428,0.0000,NA,0.0000,NA,NA,NA,NA
Endfield.exe,53680,0x125AB2630,DXGI,0,512,0,Composed: Flip,Application,3683371403971,NA,10.39370000000000,8.35060000000000,0.18250000000000,3.10720000000000,11.3565,145.3931,3683371301776,10.4020,10.2195,0.1825,2.9896,10.3371,10.3371,0.0000,NA,0.0000,NA,NA,NA,NA
Endfield.exe,53680,0x125AB2630,DXGI,0,512,0,Composed: Flip,Application,3683371502273,40.2334,9.83020000000000,16.65070000000000,0.30430000000000,4.13710000000000,18.1770,121.8104,3683371405796,9.9520,9.6477,0.3043,2.9247,10.8601,10.8591,0.0010,-1.4668,22055.1520,NA,NA,NA,NA
Endfield.exe,53680,0x125AB2630,DXGI,0,512,0,Composed: Flip,Application,3683371604647,NA,10.23740000000000,8.31570000000000,0.36340000000000,2.84970000000000,16.2553,130.1261,3683371505316,10.2965,9.9331,0.3634,3.8328,8.9500,8.9342,0.0158,NA,0.0000,NA,NA,NA,NA
Endfield.exe,53680,0x125AB2630,DXGI,0,512,0,Composed: Flip,Application,3683371708631,NA,10.39840000000000,8.33420000000000,0.28240000000000,3.06350000000000,14.1911,138.4603,3683371608281,10.3174,10.0350,0.2824,2.4863,10.6122,10.6122,0.0000,NA,0.0000,NA,NA,NA,NA
Endfield.exe,53680,0x125AB2630,DXGI,0,512,0,Composed: Flip,Application,3683371811865,NA,10.32340000000000,8.33010000000000,0.22970000000000,2.91130000000000,12.1978,146.7904,3683371711455,10.2707,10.0410,0.2297,2.7811,10.1712,10.1712,0.0000,NA,0.0000,NA,NA,NA,NA
Endfield.exe,53680,0x125AB2630,DXGI,0,512,0,Composed: Flip,Application,3683371910607,40.2088,9.87420000000000,8.34640000000000,0.20060000000000,3.68530000000000,10.6700,114.9280,3683371814162,9.8451,9.6445,0.2006,2.6816,10.6482,10.6454,0.0028,6.8824,22095.3608,NA,14.1245,NA,NA
Endfield.exe,53680,0x125AB2630,DXGI,0,512,0,Composed: Flip,Application,3683372013463,NA,10.28560000000000,16.65580000000000,0.24830000000000,3.37430000000000,17.0402,131.5838,3683371912613,10.3333,10.0850,0.2483,3.4847,9.9746,9.9611,0.0135,NA,0.0000,NA,NA,NA,NA
Endfield.exe,53680,0x125AB2630,DXGI,0,512,0,Composed: Flip,Application,3683372115423,NA,10.19600000000000,9.79670000000000,0.21650000000000,4.54990000000000,16.6409,141.3805,3683372015946,10.1642,9.9477,0.2165,3.1260,11.3716,11.3716,0.0000,NA,0.0000,NA,NA,NA,NA
Endfield.exe,53680,0x125AB2630,DXGI,0,512,0,Composed: Flip,Application,3683372218356,NA,10.29330000000000,6.89200000000000,0.22930000000000,3.27080000000000,13.2396,148.2725,3683372117588,10.3061,10.0768,0.2293,4.3334,9.0142,9.0142,0.0000,NA,0.0000,NA,NA,NA,NA
Endfield.exe,53680,0x125AB2630,DXGI,0,512,0,Composed: Flip,Application,3683372327837,40.3467,10.94810000000000,8.31280000000000,0.28020000000000,1.84530000000000,10.6043,116.2386,3683372220649,10.9990,10.7188,0.2802,3.0415,9.5226,9.5217,0.0009,-1.3106,22135.7075,NA,14.7917,NA,NA
Endfield.exe,53680,0x125AB2630,DXGI,0,512,0,Composed: Flip,Application,3683372427082,NA,9.92450000000000,9.78010000000000,0.19850000000000,3.18110000000000,10.4599,126.0187,3683372330639,9.8428,9.6443,0.1985,1.5651,11.2603,11.2446,0.0157,NA,0.0000,NA,NA,NA,NA
Endfield.exe,53680,0x125AB2630,DXGI,0,512,0,Composed: Flip,Application,3683372529843,NA,10.27610000000000,15.21450000000000,0.29790000000000,4.73000000000000,15.3983,141.2332,3683372429067,10.3755,10.0776,0.2979,2.9826,11.8250,11.8250,0.0000,NA,0.0000,NA,NA,NA,NA
Endfield.exe,53680,0x125AB2630,DXGI,0,512,0,Composed: Flip,Application,3683372632388,NA,10.25450000000000,8.35700000000000,0.20220000000000,4.10190000000000,13.5008,149.5902,3683372532822,10.1588,9.9566,0.2022,4.4321,9.6264,9.6264,0.0000,NA,0.0000,NA,NA,NA,NA
Endfield.exe,53680,0x125AB2630,DXGI,0,512,0,Composed: Flip,Application,3683372736364,41.9682,10.39760000000000,8.31040000000000,0.30390000000000,2.11650000000000,11.4136,115.9324,3683372634410,10.4993,10.1954,0.3039,3.8997,8.4122,8.4111,0.0011,0.3062,22177.6757,NA,14.4531,NA,NA
Endfield.exe,53680,0x125AB2630,DXGI,0,512,0,Composed: Flip,Application,3683372838006,NA,10.16420000000000,16.67080000000000,0.21300000000000,3.62030000000000,17.9202,132.6032,3683372739403,10.0733,9.8603,0.2130,1.8126,11.6680,11.6534,0.0146,NA,0.0000,NA,NA,NA,NA
Endfield.exe,53680,0x125AB2630,DXGI,0,512,0,Composed: Flip,Application,3683372940990,NA,10.29840000000000,8.33880000000000,0.27290000000000,5.09190000000000,15.9606,140.9420,3683372840136,10.3583,10.0854,0.2729,3.4073,11.7700,11.7700,0.0000,NA,0.0000,NA,NA,NA,NA
Endfield.exe,53680,0x125AB2630,DXGI,0,512,0,Composed: Flip,Application,3683373043226,NA,10.22360000000000,8.34280000000000,0.18370000000000,4.78130000000000,14.0798,149.2848,3683372943719,10.1344,9.9507,0.1837,4.8190,9.9130,9.9130,0.0000,NA,0.0000,NA,NA,NA,NA
Endfield.exe,53680,0x125AB2630,DXGI,0,512,0,Composed: Flip,Application,3683373151163,41.0587,10.79370000000000,8.30570000000000,0.30890000000000,1.92500000000000,11.5918,116.5318,3683373045063,10.9189,10.6100,0.3089,4.5976,7.9374,7.9362,0.0012,-0.5994,22218.7344,NA,15.1069,NA,NA
Endfield.exe,53680,0x125AB2630,DXGI,0,512,0,Composed: Flip,Application,3683373254598,NA,10.34350000000000,16.69940000000000,0.25630000000000,5.16350000000000,17.9477,133.2312,3683373154252,10.2909,10.0346,0.2563,1.6161,13.5820,13.5686,0.0134,NA,0.0000,NA,NA,NA,NA
Endfield.exe,53680,0x125AB2630,DXGI,0,512,0,Composed: Flip,Application,3683373357599,NA,10.30010000000000,8.32600000000000,0.27760000000000,5.02470000000000,15.9736,141.5572,3683373257161,10.3214,10.0438,0.2776,4.9072,10.1613,10.1613,0.0000,NA,0.0000,NA,NA,NA,NA
Endfield.exe,53680,0x125AB2630,DXGI,0,512,0,Composed: Flip,Application,3683373457739,NA,10.01400000000000,8.32700000000000,0.27240000000000,3.94730000000000,14.2866,149.8842,3683373360375,10.0088,9.7364,0.2724,4.7471,8.9366,8.9366,0.0000,NA,0.0000,NA,NA,NA,NA
Endfield.exe,53680,0x125AB2630,DXGI,0,512,0,Composed: Flip,Application,3683373549376,40.7776,9.16370000000000,8.32850000000000,0.28900000000000,2.25520000000000,13.4514,117.4351,3683373460463,9.1803,8.8913,0.2890,3.6749,7.4716,7.4681,0.0035,-0.9033,22259.5120,NA,15.7891,NA,NA
Endfield.exe,53680,0x125AB2630,DXGI,0,512,0,Composed: Flip,Application,3683373651651,NA,10.22750000000000,8.34930000000000,0.21820000000000,3.30930000000000,11.5732,125.7844,3683373552266,10.1567,9.9385,0.2182,1.9662,11.2816,11.2675,0.0141,NA,0.0000,NA,NA,NA,NA
Endfield.exe,53680,0x125AB2630,DXGI,0,512,0,Composed: Flip,Application,3683373754393,NA,10.27420000000000,8.33200000000000,0.27600000000000,2.42500000000000,9.6310,134.1164,3683373653833,10.3320,10.0560,0.2760,3.0911,9.3899,9.3899,0.0000,NA,0.0000,NA,NA,NA,NA
Endfield.exe,53680,0x125AB2630,DXGI,0,512,0,Composed: Flip,Application,3683373857029,NA,10.26360000000000,16.66560000000000,0.25290000000000,4.72740000000000,16.0330,150.7820,3683373757153,10.2405,9.9876,0.2529,2.1490,12.5660,12.5660,0.0000,NA,0.0000,NA,NA,NA,NA
Endfield.exe,53680,0x125AB2630,DXGI,0,512,0,Composed: Flip,Application,3683373959846,41.2940,10.28170000000000,8.31060000000000,0.25500000000000,5.03880000000000,14.0619,117.7986,3683373859558,10.2838,10.0288,0.2550,4.4745,10.5931,10.5873,0.0058,-0.3635,22300.8060,NA,17.4445,NA,NA
Endfield.exe,53680,0x125AB2630,DXGI,0,512,0,Composed: Flip,Application,3683374062640,NA,10.27940000000000,8.34640000000000,0.24120000000000,3.39030000000000,12.1289,126.1450,3683373962396,10.2656,10.0244,0.2412,4.7838,8.6309,8.6167,0.0142,NA,0.0000,NA,NA,NA,NA
Endfield.exe,53680,0x125AB2630,DXGI,0,512,0,Composed: Flip,Application,3683374164135,NA,10.14950000000000,8.31510000000000,0.25500000000000,3.15430000000000,10.2945,134.4601,3683374065052,10.1633,9.9083,0.2550,3.1491,9.9135,9.9135,0.0000,NA,0.0000,NA,NA,NA,NA
Endfield.exe,53680,0x125AB2630,DXGI,0,512,0,Composed: Flip,Application,3683374269185,NA,10.50500000000000,16.67400000000000,0.19380000000000,2.77640000000000,16.4635,151.1341,3683374166685,10.4438,10.2500,0.1938,2.8993,10.1271,10.1271,0.0000,NA,0.0000,NA,NA,NA,NA
Endfield.exe,53680,0x125AB2630,DXGI,0,512,0,Composed: Flip,Application,3683374381795,40.8307,11.26100000000000,8.35050000000000,0.26520000000000,5.49010000000000,13.5530,118.6539,3683374271123,11.3324,11.0672,0.2652,2.5826,13.9747,13.9722,0.0025,-0.8553,22341.6367,NA,16.3207,NA,NA
Endfield.exe,53680,0x125AB2630,DXGI,0,512,0,Composed: Flip,Application,3683374484216,NA,10.24210000000000,8.34370000000000,0.23630000000000,2.99520000000000,11.6546,126.9976,3683374384447,10.2132,9.9769,0.2363,5.2249,7.7472,7.7331,0.0141,NA,0.0000,NA,NA,NA,NA
Endfield.exe,53680,0x125AB2630,DXGI,0,512,0,Composed: Flip,Application,3683374587292,NA,10.30760000000000,8.31270000000000,0.18760000000000,2.53500000000000,9.6597,135.3103,3683374486579,10.2589,10.0713,0.1876,2.7589,9.8474,9.8474,0.0000,NA,0.0000,NA,NA,NA,NA
Endfield.exe,53680,0x125AB2630,DXGI,0,512,0,Composed: Flip,Application,3683374690467,NA,10.31750000000000,16.68580000000000,0.18450000000000,4.30190000000000,16.0280,151.9961,3683374589168,10.3144,10.1299,0.1845,2.3474,12.0844,12.0844,0.0000,NA,0.0000,NA,NA,NA,NA
Endfield.exe,53680,0x125AB2630,DXGI,0,512,0,Composed: Flip,Application,3683374793284,40.3247,10.28170000000000,8.31370000000000,0.27400000000000,4.46000000000000,14.0600,119.9851,3683374692312,10.3712,10.0972,0.2740,4.1174,10.4398,10.4369,0.0029,-1.3312,22381.9614,NA,16.7822,NA,NA
Endfield.exe,53680,0x125AB2630,DXGI,0,512,0,Composed: Flip,Application,3683374895367,NA,10.20830000000000,8.35280000000000,0.23110000000000,2.92090000000000,12.2045,128.3379,3683374796024,10.1654,9.9343,0.2311,4.1860,8.6692,8.6562,0.0130,NA,0.0000,NA,NA,NA,NA
Endfield.exe,53680,0x125AB2630,DXGI,0,512,0,Composed: Flip,Application,3683374997244,NA,10.18770000000000,16.65140000000000,0.21230000000000,4.95770000000000,18.6682,144.9893,3683374897678,10.1689,9.9566,0.2123,2.6898,12.2245,12.2245,0.0000,NA,0.0000,NA,NA,NA,NA
Endfield.exe,53680,0x125AB2630,DXGI,0,512,0,Composed: Flip,Application,3683375100639,NA,10.33950000000000,8.33020000000000,0.22930000000000,4.87660000000000,16.6589,153.3195,3683374999367,10.3565,10.1272,0.2293,4.7454,10.2584,10.2584,0.0000,NA,0.0000,NA,NA,NA,NA
Endfield.exe,53680,0x125AB2630,DXGI,0,512,0,Composed: Flip,Application,3683375205505,42.1803,10.48660000000000,8.33670000000000,0.19120000000000,5.10280000000000,14.5090,119.4759,3683375102932,10.4485,10.2573,0.1912,4.6473,10.7128,10.7098,0.0030,0.5092,22424.1417,NA,17.4517,NA,NA
Endfield.exe,53680,0x125AB2630,DXGI,0,512,0,Composed: Flip,Application,3683375323578,NA,11.80730000000000,8.33080000000000,0.22570000000000,3.58380000000000,11.0325,127.8067,3683375207417,11.8418,11.6161,0.2257,4.9116,10.2883,10.2757,0.0126,NA,0.0000,NA,NA,NA,NA
Endfield.exe,53680,0x125AB2630,DXGI,0,512,0,Composed: Flip,Application,3683375413094,NA,8.95160000000000,16.67330000000000,0.25990000000000,3.99670000000000,18.7542,144.4800,3683375325835,8.9858,8.7259,0.2599,3.3581,9.3645,9.3645,0.0000,NA,0.0000,NA,NA,NA,NA
Endfield.exe,53680,0x125AB2630,DXGI,0,512,0,Composed: Flip,Application,3683375514840,NA,10.17460000000000,8.36510000000000,0.21470000000000,4.70210000000000,16.9447,152.8451,3683375415693,10.1294,9.9147,0.2147,3.7368,10.8800,10.8800,0.0000,NA,0.0000,NA,NA,NA,NA
Endfield.exe,53680,0x125AB2630,DXGI,0,512,0,Composed: Flip,Application,3683375620496,41.1806,10.56560000000000,8.29650000000000,0.21040000000000,4.54250000000000,14.6756,119.9610,3683375516987,10.5613,10.3509,0.2104,4.4874,10.4060,10.4028,0.0032,-0.4851,22465.3223,NA,18.1172,NA,NA
Endfield.exe,53680,0x125AB2630,DXGI,0,512,0,Composed: Flip,Application,3683375726194,NA,10.56980000000000,8.35000000000000,0.25700000000000,2.90480000000000,12.4558,128.3110,3683375622600,10.6164,10.3594,0.2570,4.3321,8.9321,8.9142,0.0179,NA,0.0000,NA,NA,NA,NA
Endfield.exe,53680,0x125AB2630,DXGI,0,512,0,Composed: Flip,Application,3683375825210,NA,9.90160000000000,16.67020000000000,0.24750000000000,4.18240000000000,19.2244,144.9812,3683375728764,9.8921,9.6446,0.2475,2.6478,11.1792,11.1792,0.0000,NA,0.0000,NA,NA,NA,NA
Endfield.exe,53680,0x125AB2630,DXGI,0,512,0,Composed: Flip,Application,3683375930054,NA,10.48440000000000,8.34200000000000,0.21520000000000,4.79680000000000,17.0820,153.3232,3683375827685,10.4521,10.2369,0.2152,3.9349,11.0988,11.0988,0.0000,NA,0.0000,NA,NA,NA,NA
Endfield.exe,53680,0x125AB2630,DXGI,0,512,0,Composed: Flip,Application,3683376036508,41.1920,10.64540000000000,8.29740000000000,0.25970000000000,7.25220000000000,14.7340,120.4286,3683375932206,10.6899,10.4302,0.2597,4.5816,13.1008,13.0999,0.0009,-0.4676,22506.5143,NA,18.7699,NA,NA
Endfield.exe,53680,0x125AB2630,DXGI,0,512,0,Composed: Flip,Application,3683376139108,NA,10.26000000000000,8.33180000000000,0.22040000000000,2.77910000000000,12.8058,128.7604,3683376039105,10.2207,10.0003,0.2204,6.9925,5.7869,5.7273,0.0596,NA,0.0000,NA,NA,NA,NA
Endfield.exe,53680,0x125AB2630,DXGI,0,512,0,Composed: Flip,Application,3683376241820,NA,10.27120000000000,9.85010000000000,0.19850000000000,2.57060000000000,12.3847,138.6105,3683376141312,10.2493,10.0508,0.1985,2.5587,10.0627,10.0627,0.0000,NA,0.0000,NA,NA,NA,NA
Endfield.exe,53680,0x125AB2630,DXGI,0,512,0,Composed: Flip,Application,3683376347252,NA,10.54320000000000,15.20150000000000,0.21740000000000,4.45140000000000,17.0430,153.8120,3683376243805,10.5621,10.3447,0.2174,2.3721,12.4240,12.4240,0.0000,NA,0.0000,NA,NA,NA,NA
Endfield.exe,53680,0x125AB2630,DXGI,0,512,0,Composed: Flip,Application,3683376440629,41.4470,9.33770000000000,8.29730000000000,0.15430000000000,4.60430000000000,16.0026,120.6623,3683376349426,9.2746,9.1203,0.1543,4.2340,9.4906,9.4880,0.0026,-0.2337,22547.9613,NA,20.4516,NA,NA
Endfield.exe,53680,0x125AB2630,DXGI,0,512,0,Composed: Flip,Application,3683376543509,NA,10.28800000000000,8.32200000000000,0.35470000000000,6.72400000000000,14.0366,128.9843,3683376442172,10.4884,10.1337,0.3547,4.4500,12.4077,12.3946,0.0131,NA,0.0000,NA,NA,NA,NA
Endfield.exe,53680,0x125AB2630,DXGI,0,512,0,Composed: Flip,Application,3683376645278,NA,10.17690000000000,8.33710000000000,0.24710000000000,3.26560000000000,12.1968,137.3214,3683376547056,10.0693,9.8222,0.2471,6.3693,6.7185,6.7185,0.0000,NA,0.0000,NA,NA,NA,NA
Endfield.exe,53680,0x125AB2630,DXGI,0,512,0,Composed: Flip,Application,3683376749628,NA,10.43500000000000,8.34730000000000,0.18020000000000,2.26030000000000,10.1091,145.6687,3683376647749,10.3681,10.1879,0.1802,3.0185,9.4297,9.4297,0.0000,NA,0.0000,NA,NA,NA,NA
Endfield.exe,53680,0x125AB2630,DXGI,0,512,0,Composed: Flip,Application,3683376859523,41.3541,10.98950000000000,16.66220000000000,0.21380000000000,7.45160000000000,15.7818,120.9768,3683376751430,11.0231,10.8093,0.2138,2.0801,16.1808,16.1783,0.0025,-0.3145,22589.3154,NA,18.4152,NA,NA
Endfield.exe,53680,0x125AB2630,DXGI,0,512,0,Composed: Flip,Application,3683376964058,NA,10.45350000000000,8.30610000000000,0.28280000000000,4.77060000000000,13.6344,129.2829,3683376861661,10.5225,10.2397,0.2828,7.2378,7.7725,7.7675,0.0050,NA,0.0000,NA,NA,NA,NA
Endfield.exe,53680,0x125AB2630,DXGI,0,512,0,Composed: Flip,Application,3683377066301,NA,10.22430000000000,8.32830000000000,0.34030000000000,3.85770000000000,11.7384,137.6112,3683376966886,10.2818,9.9415,0.3403,4.4878,9.3114,9.3114,0.0000,NA,0.0000,NA,NA,NA,NA
Endfield.exe,53680,0x125AB2630,DXGI,0,512,0,Composed: Flip,Application,3683377169259,NA,10.29580000000000,8.34410000000000,0.19710000000000,2.95420000000000,9.7867,145.9553,3683377069704,10.1526,9.9555,0.1971,3.5174,9.3923,9.3923,0.0000,NA,0.0000,NA,NA,NA,NA
Endfield.exe,53680,0x125AB2630,DXGI,0,512,0,Composed: Flip,Application,3683377273396,40.9272,10.41370000000000,16.67110000000000,0.25230000000000,4.43620000000000,16.0441,121.6992,3683377171230,10.4689,10.2166,0.2523,2.7571,11.8957,11.8926,0.0031,-0.7224,22630.2426,NA,19.7570,NA,NA
Endfield.exe,53680,0x125AB2630,DXGI,0,512,0,Composed: Flip,Application,3683377377661,NA,10.42650000000000,8.36150000000000,0.23500000000000,4.96200000000000,13.9791,130.0607,3683377275919,10.4092,10.1742,0.2350,4.1839,10.9523,10.9347,0.0176,NA,0.0000,NA,NA,NA,NA
Endfield.exe,53680,0x125AB2630,DXGI,0,512,0,Composed: Flip,Application,3683377481609,NA,10.39480000000000,8.32120000000000,0.19430000000000,3.84170000000000,11.9055,138.3819,3683377380011,10.3541,10.1598,0.1943,4.7270,9.2745,9.2745,0.0000,NA,0.0000,NA,NA,NA,NA
Endfield.exe,53680,0x125AB2630,DXGI,0,512,0,Composed: Flip,Application,3683377583850,NA,10.22410000000000,8.31460000000000,0.21480000000000,2.46200000000000,9.9960,146.6965,3683377483552,10.2446,10.0298,0.2148,3.6474,8.8444,8.8444,0.0000,NA,0.0000,NA,NA,NA,NA
Endfield.exe,53680,0x125AB2630,DXGI,0,512,0,Composed: Flip,Application,3683377690986,42.4984,10.71360000000000,16.68730000000000,0.27680000000000,4.69400000000000,15.9697,120.8854,3683377585998,10.7756,10.4988,0.2768,2.2472,12.9456,12.9429,0.0027,0.8138,22672.7410,NA,NA,NA,NA
Endfield.exe,53680,0x125AB2630,DXGI,0,512,0,Composed: Flip,Application,3683377794175,NA,10.31890000000000,8.32390000000000,0.19370000000000,2.90580000000000,13.9747,129.2093,3683377693754,10.2358,10.0421,0.1937,4.4172,8.5307,8.5186,0.0121,NA,0.0000,NA,NA,NA,NA
Endfield.exe,53680,0x125AB2630,DXGI,0,512,0,Composed: Flip,Application,3683377897312,NA,10.31370000000000,8.33830000000000,0.21630000000000,3.12290000000000,11.9993,137.5476,3683377796112,10.3363,10.1200,0.2163,2.7121,10.5308,10.5308,0.0000,NA,0.0000,NA,NA,NA,NA
Endfield.exe,53680,0x125AB2630,DXGI,0,512,0,Composed: Flip,Application,3683378001424,NA,10.41120000000000,8.32710000000000,0.15710000000000,2.77510000000000,9.9152,145.8747,3683377899475,10.3520,10.1949,0.1571,2.9066,10.0634,10.0634,0.0000,NA,0.0000,NA,NA,NA,NA
Endfield.exe,53680,0x125AB2630,DXGI,0,512,0,Composed: Flip,Application,3683378104132,40.6536,10.27080000000000,16.65380000000000,0.17750000000000,4.38230000000000,16.2982,121.8749,3683378002995,10.2912,10.1137,0.1775,2.6180,11.8780,11.8768,0.0012,-0.9895,22713.3946,NA,24.0687,NA,NA
Endfield.exe,53680,0x125AB2630,DXGI,0,512,0,Composed: Flip,Application,3683378210195,NA,10.60630000000000,8.48280000000000,0.23550000000000,4.44980000000000,14.1747,130.3577,3683378105907,10.6643,10.4288,0.2355,4.2048,10.6738,10.6578,0.0160,NA,0.0000,NA,NA,NA,NA
Endfield.exe,53680,0x125AB2630,DXGI,0,512,0,Composed: Flip,Application,3683378310367,NA,10.01720000000000,8.16780000000000,0.18510000000000,3.72050000000000,12.3253,138.5255,3683378212550,9.9668,9.7817,0.1851,4.2143,9.2879,9.2879,0.0000,NA,0.0000,NA,NA,NA,NA
Endfield.exe,53680,0x125AB2630,DXGI,0,512,0,Composed: Flip,Application,3683378414271,NA,10.39040000000000,8.37780000000000,0.14780000000000,2.74130000000000,10.3127,146.9033,3683378312218,10.3531,10.2053,0.1478,3.5354,9.4112,9.4112,0.0000,NA,0.0000,NA,NA,NA,NA
Endfield.exe,53680,0x125AB2630,DXGI,0,512,0,Composed: Flip,Application,3683378513227,41.6751,9.89560000000000,16.64590000000000,0.26520000000000,4.31540000000000,17.0630,121.8741,3683378415749,10.0130,9.7478,0.2652,2.5935,11.4697,11.4670,0.0027,0.0008,22755.0697,NA,19.7637,NA,NA
Endfield.exe,53680,0x125AB2630,DXGI,0,512,0,Composed: Flip,Application,3683378616530,NA,10.33030000000000,9.79850000000000,0.23540000000000,2.38090000000000,16.5312,131.6726,3683378515879,10.3005,10.0651,0.2354,4.0502,8.3958,8.3759,0.0199,NA,0.0000,NA,NA,NA,NA
Endfield.exe,53680,0x125AB2630,DXGI,0,512,0,Composed: Flip,Application,3683378718754,NA,10.22240000000000,6.87630000000000,0.15540000000000,2.91910000000000,13.1851,138.5489,3683378618884,10.1424,9.9870,0.1554,2.1455,10.7606,10.7606,0.0000,NA,0.0000,NA,NA,NA,NA
Endfield.exe,53680,0x125AB2630,DXGI,0,512,0,Composed: Flip,Application,3683378825680,NA,10.69260000000000,8.33380000000000,0.30310000000000,3.46640000000000,10.8263,146.8827,3683378720308,10.8403,10.5372,0.3031,2.7637,11.2399,11.2399,0.0000,NA,0.0000,NA,NA,NA,NA
Endfield.exe,53680,0x125AB2630,DXGI,0,512,0,Composed: Flip,Application,3683378917068,41.4026,9.13880000000000,16.65940000000000,0.20530000000000,3.68270000000000,18.3469,122.1395,3683378828711,9.0410,8.8357,0.2053,3.1633,9.3551,9.3542,0.0009,-0.2654,22796.4723,NA,21.4200,NA,NA
Endfield.exe,53680,0x125AB2630,DXGI,0,512,0,Composed: Flip,Application,3683379022120,NA,10.50520000000000,8.34810000000000,0.20840000000000,4.67230000000000,16.1898,130.4876,3683378919121,10.5083,10.2999,0.2084,3.4774,11.4948,11.4834,0.0114,NA,0.0000,NA,NA,NA,NA
Endfield.exe,53680,0x125AB2630,DXGI,0,512,0,Composed: Flip,Application,3683379122549,NA,10.04290000000000,8.30410000000000,0.19540000000000,4.90520000000000,14.4510,138.7917,3683379024204,10.0299,9.8345,0.1954,4.4639,10.2758,10.2758,0.0000,NA,0.0000,NA,NA,NA,NA
Endfield.exe,53680,0x125AB2630,DXGI,0,512,0,Composed: Flip,Application,3683379225961,NA,10.34120000000000,8.37010000000000,0.13070000000000,3.14310000000000,12.4799,147.1618,3683379124503,10.2765,10.1458,0.1307,4.7098,8.5791,8.5791,0.0000,NA,0.0000,NA,NA,NA,NA
Endfield.exe,53680,0x125AB2630,DXGI,0,512,0,Composed: Flip,Application,3683379315793,40.9369,8.98320000000000,9.76600000000000,0.20310000000000,2.11660000000000,13.2627,115.9909,3683379227268,9.0556,8.8525,0.2031,3.0124,7.9567,7.9551,0.0016,6.1486,22837.4092,NA,NA,NA,NA
Endfield.exe,53680,0x125AB2630,DXGI,0,512,0,Composed: Flip,Application,3683379418687,NA,10.28940000000000,15.20640000000000,0.22360000000000,4.97450000000000,18.1797,131.1973,3683379317824,10.3099,10.0863,0.2236,1.9135,13.1473,13.1306,0.0167,NA,0.0000,NA,NA,NA,NA
Endfield.exe,53680,0x125AB2630,DXGI,0,512,0,Composed: Flip,Application,3683379520487,NA,10.18000000000000,8.32820000000000,0.95330000000000,4.98810000000000,16.3279,139.5255,3683379420923,10.9097,9.9564,0.9533,4.7509,10.1936,10.1936,0.0000,NA,0.0000,NA,NA,NA,NA
Endfield.exe,53680,0x125AB2630,DXGI,0,512,0,Composed: Flip,Application,3683379624381,NA,10.38940000000000,8.37120000000000,0.24820000000000,4.70330000000000,14.3097,147.8967,3683379530020,9.6843,9.4361,0.2482,4.0348,10.1046,10.1046,0.0000,NA,0.0000,NA,NA,NA,NA
Endfield.exe,53680,0x125AB2630,DXGI,0,512,0,Composed: Flip,Application,3683379711303,39.8835,8.69220000000000,9.76630000000000,0.39310000000000,5.74510000000000,15.3838,117.7795,3683379626863,8.8371,8.4440,0.3931,4.4551,9.7340,9.7304,0.0036,-1.7886,22877.2927,NA,19.8975,NA,NA
Endfield.exe,53680,0x125AB2630,DXGI,0,512,0,Composed: Flip,Application,3683379812469,NA,10.11660000000000,6.88560000000000,0.22200000000000,2.94040000000000,12.1528,124.6651,3683379715234,9.9455,9.7235,0.2220,5.3520,7.3119,7.2984,0.0135,NA,0.0000,NA,NA,NA,NA
Endfield.exe,53680,0x125AB2630,DXGI,0,512,0,Composed: Flip,Application,3683379915811,NA,10.33420000000000,8.31930000000000,0.25040000000000,3.07850000000000,10.1379,132.9844,3683379814689,10.3626,10.1122,0.2504,2.7184,10.4723,10.4723,0.0000,NA,0.0000,NA,NA,NA,NA
Endfield.exe,53680,0x125AB2630,DXGI,0,512,0,Composed: Flip,Application,3683380015595,NA,9.97840000000000,18.13900000000000,0.15230000000000,4.65680000000000,18.2985,151.1234,3683379918315,9.8803,9.7280,0.1523,2.8281,11.5567,11.5567,0.0000,NA,0.0000,NA,NA,NA,NA
Endfield.exe,53680,0x125AB2630,DXGI,0,512,0,Composed: Flip,Application,3683380116135,40.2434,10.05400000000000,6.84090000000000,0.18840000000000,7.11730000000000,15.0854,117.7209,3683380017118,10.0901,9.9017,0.1884,4.5045,12.5145,12.5115,0.0030,0.0586,22917.5361,NA,19.0706,NA,NA
Endfield.exe,53680,0x125AB2630,DXGI,0,512,0,Composed: Flip,Application,3683380218111,NA,10.19760000000000,8.34570000000000,0.23900000000000,4.70630000000000,13.2335,126.0666,3683380118019,10.2482,10.0092,0.2390,6.9289,7.7866,7.7792,0.0074,NA,0.0000,NA,NA,NA,NA
Endfield.exe,53680,0x125AB2630,DXGI,0,512,0,Composed: Flip,Application,3683380317092,NA,9.89810000000000,9.81130000000000,0.14340000000000,2.42990000000000,13.1467,135.8779,3683380220501,9.8025,9.6591,0.1434,4.4673,7.6217,7.6217,0.0000,NA,0.0000,NA,NA,NA,NA
Endfield.exe,53680,0x125AB2630,DXGI,0,512,0,Composed: Flip,Application,3683380419754,NA,10.26620000000000,15.20240000000000,0.20390000000000,4.48800000000000,18.0829,151.0803,3683380318526,10.3267,10.1228,0.2039,2.2865,12.3243,12.3243,0.0000,NA,0.0000,NA,NA,NA,NA
Endfield.exe,53680,0x125AB2630,DXGI,0,512,0,Composed: Flip,Application,3683380511335,39.6733,9.15810000000000,8.33760000000000,0.18050000000000,4.10900000000000,17.2624,119.7446,3683380421793,9.1347,8.9542,0.1805,4.2841,8.7791,8.7758,0.0033,-2.0237,22957.2094,NA,19.7679,NA,NA
Endfield.exe,53680,0x125AB2630,DXGI,0,512,0,Composed: Flip,Application,3683380616958,NA,10.56230000000000,8.33130000000000,0.20710000000000,3.33360000000000,15.0314,128.0759,3683380513140,10.5889,10.3818,0.2071,3.9285,9.7869,9.7737,0.0132,NA,0.0000,NA,NA,NA,NA
Endfield.exe,53680,0x125AB2630,DXGI,0,512,0,Composed: Flip,Application,3683380712300,NA,9.53420000000000,9.81860000000000,0.20170000000000,4.41250000000000,15.3158,137.8945,3683380619029,9.5288,9.3271,0.2017,3.1265,10.6131,10.6131,0.0000,NA,0.0000,NA,NA,NA,NA
Endfield.exe,53680,0x125AB2630,DXGI,0,512,0,Composed: Flip,Application,3683380812236,NA,9.99360000000000,6.88060000000000,0.13830000000000,4.10700000000000,12.2028,144.7751,3683380714317,9.9302,9.7919,0.1383,4.2108,9.6881,9.6881,0.0000,NA,0.0000,NA,NA,NA,NA
Endfield.exe,53680,0x125AB2630,DXGI,0,512,0,Composed: Flip,Application,3683380917087,40.6844,10.48510000000000,16.62930000000000,0.16520000000000,3.76450000000000,18.3470,120.7200,3683380813619,10.5120,10.3468,0.1652,3.9687,10.1426,10.1417,0.0009,-0.9754,22997.8938,NA,21.4276,NA,NA
Endfield.exe,53680,0x125AB2630,DXGI,0,512,0,Composed: Flip,Application,3683381017578,NA,10.04910000000000,9.81050000000000,0.24610000000000,2.72230000000000,18.1084,130.5305,3683380918739,10.1300,9.8839,0.2461,3.5993,9.0069,8.9933,0.0136,NA,0.0000,NA,NA,NA,NA
Endfield.exe,53680,0x125AB2630,DXGI,0,512,0,Composed: Flip,Application,3683381117839,NA,10.02610000000000,6.83920000000000,0.21340000000000,4.30590000000000,14.9215,137.3697,3683381020039,9.9934,9.7800,0.2134,2.4762,11.6097,11.6097,0.0000,NA,0.0000,NA,NA,NA,NA
Endfield.exe,53680,0x125AB2630,DXGI,0,512,0,Composed: Flip,Application,3683381218168,NA,10.03290000000000,9.83930000000000,0.21480000000000,4.10320000000000,14.7279,147.2090,3683381119973,10.0343,9.8195,0.2148,4.0925,9.8302,9.8302,0.0000,NA,0.0000,NA,NA,NA,NA
Endfield.exe,53680,0x125AB2630,DXGI,0,512,0,Composed: Flip,Application,3683381314702,39.4332,9.65340000000000,6.85940000000000,0.19540000000000,3.63880000000000,11.9339,114.6352,3683381220316,9.6340,9.4386,0.1954,3.8884,9.1890,9.1858,0.0032,6.0848,23037.3270,NA,14.7832,NA,NA
Endfield.exe,53680,0x125AB2630,DXGI,0,512,0,Composed: Flip,Application,3683381413919,NA,9.92170000000000,8.32070000000000,0.23230000000000,2.84640000000000,10.3329,122.9559,3683381316656,9.9586,9.7263,0.2323,3.4434,9.1293,9.1100,0.0193,NA,0.0000,NA,NA,NA,NA
Endfield.exe,53680,0x125AB2630,DXGI,0,512,0,Composed: Flip,Application,3683381512785,NA,9.88660000000000,9.81040000000000,0.23500000000000,2.43760000000000,10.2567,132.7663,3683381416242,9.8893,9.6543,0.2350,2.6141,9.4778,9.4778,0.0000,NA,0.0000,NA,NA,NA,NA
Endfield.exe,53680,0x125AB2630,DXGI,0,512,0,Composed: Flip,Application,3683381612892,NA,10.01070000000000,15.19740000000000,0.23330000000000,4.51810000000000,15.4434,147.9637,3683381515135,10.0090,9.7757,0.2333,2.2026,12.0912,12.0912,0.0000,NA,0.0000,NA,NA,NA,NA
Endfield.exe,53680,0x125AB2630,DXGI,0,512,0,Composed: Flip,Application,3683381712970,40.0210,10.00780000000000,NA,0.24620000000000,7.96540000000000,NA,NA,3683381615225,10.0207,9.7745,0.2462,4.2848,13.4551,13.4522,0.0029,NA,NA,NA,NA,NA,NA
Endfield.exe,53680,0x125AB2630,DXGI,0,512,0,Composed: Flip,Application,3683381812153,NA,9.91830000000000,16.65040000000000,0.22200000000000,3.61000000000000,12.1677,124.5931,3683381715432,9.8941,9.6721,0.2220,7.7192,5.5629,5.5513,0.0116,NA,0.0000,NA,24.8264,NA,NA
Endfield.exe,53680,0x125AB2630,DXGI,0,512,0,Composed: Flip,Application,3683381910383,NA,9.82300000000000,8.36290000000000,0.19690000000000,3.53550000000000,10.7076,132.9560,3683381814373,9.7979,9.6010,0.1969,3.3880,9.7485,9.7485,0.0000,NA,0.0000,NA,NA,NA,NA
Endfield.exe,53680,0x125AB2630,DXGI,0,512,0,Composed: Flip,Application,3683382009763,NA,9.93800000000000,16.63880000000000,0.21910000000000,3.44710000000000,17.4084,149.5948,3683381912352,9.9602,9.7411,0.2191,3.3386,9.8496,9.8496,0.0000,NA,0.0000,NA,NA,NA,NA
Endfield.exe,53680,0x125AB2630,DXGI,0,512,0,Composed: Flip,Application,3683382123790,40.1908,11.40270000000000,8.37250000000000,0.32310000000000,6.27070000000000,14.3782,117.7765,3683382011954,11.5067,11.1836,0.3231,3.2280,14.2263,14.2251,0.0012,-3.1413,23117.5388,NA,17.2429,NA,NA
Endfield.exe,53680,0x125AB2630,DXGI,0,512,0,Composed: Flip,Application,3683382223620,NA,9.98300000000000,8.29810000000000,0.30470000000000,3.29500000000000,12.6933,126.0746,3683382127021,9.9646,9.6599,0.3047,5.9476,7.0073,6.9925,0.0148,NA,0.0000,NA,NA,NA,NA
Endfield.exe,53680,0x125AB2630,DXGI,0,512,0,Composed: Flip,Application,3683382322887,NA,9.92670000000000,8.34500000000000,0.28180000000000,2.53000000000000,11.1116,134.4196,3683382226667,9.9038,9.6220,0.2818,2.9903,9.1617,9.1617,0.0000,NA,0.0000,NA,NA,NA,NA
Endfield.exe,53680,0x125AB2630,DXGI,0,512,0,Composed: Flip,Application,3683382427703,NA,10.48160000000000,8.32220000000000,0.20610000000000,1.86300000000000,8.9522,142.7418,3683382325705,10.4059,10.1998,0.2061,2.2482,9.8146,9.8146,0.0000,NA,0.0000,NA,NA,NA,NA
Endfield.exe,53680,0x125AB2630,DXGI,0,512,0,Composed: Flip,Application,3683382540726,40.9410,11.30230000000000,16.66560000000000,0.24630000000000,4.25590000000000,14.3155,118.4664,3683382429764,11.3425,11.0962,0.2463,1.6569,13.6952,13.6926,0.0026,-0.6899,23158.4798,NA,18.7645,NA,NA
Endfield.exe,53680,0x125AB2630,DXGI,0,512,0,Composed: Flip,Application,3683382639899,NA,9.91730000000000,8.33710000000000,0.20740000000000,3.45530000000000,12.7353,126.8035,3683382543189,9.8784,9.6710,0.2074,4.0096,9.1167,9.0997,0.0170,NA,0.0000,NA,NA,NA,NA
Endfield.exe,53680,0x125AB2630,DXGI,0,512,0,Composed: Flip,Application,3683382740170,NA,10.02710000000000,8.34040000000000,0.24310000000000,2.37720000000000,11.0486,135.1439,3683382641973,10.0628,9.8197,0.2431,3.2479,8.9490,8.9490,0.0000,NA,0.0000,NA,NA,NA,NA
Endfield.exe,53680,0x125AB2630,DXGI,0,512,0,Composed: Flip,Application,3683382839833,NA,9.96630000000000,8.32620000000000,0.22190000000000,2.45840000000000,9.4085,143.4701,3683382742601,9.9451,9.7232,0.2219,2.1341,10.0475,10.0475,0.0000,NA,0.0000,NA,NA,NA,NA
Endfield.exe,53680,0x125AB2630,DXGI,0,512,0,Composed: Flip,Application,3683382947856,40.1565,10.80230000000000,16.70940000000000,0.36910000000000,7.10470000000000,15.3156,120.0230,3683382842052,10.9495,10.5804,0.3691,2.2365,15.4486,15.4458,0.0028,-1.5566,23198.6363,NA,17.4737,NA,NA
Endfield.exe,53680,0x125AB2630,DXGI,0,512,0,Composed: Flip,Application,3683383049735,NA,10.18790000000000,9.76420000000000,0.26460000000000,4.70920000000000,14.8919,129.7872,3683382951547,10.0834,9.8188,0.2646,6.7356,7.7924,7.7870,0.0054,NA,0.0000,NA,NA,NA,NA
Endfield.exe,53680,0x125AB2630,DXGI,0,512,0,Composed: Flip,Application,3683383149278,NA,9.95430000000000,6.84850000000000,0.16090000000000,4.19690000000000,11.7861,136.6357,3683383052381,9.8506,9.6897,0.1609,4.4446,9.4420,9.4420,0.0000,NA,0.0000,NA,NA,NA,NA
Endfield.exe,53680,0x125AB2630,DXGI,0,512,0,Composed: Flip,Application,3683383250767,NA,10.14890000000000,16.67600000000000,0.28430000000000,3.41910000000000,18.3132,153.3117,3683383150887,10.2723,9.9880,0.2843,4.0360,9.3711,9.3711,0.0000,NA,0.0000,NA,NA,NA,NA
Endfield.exe,53680,0x125AB2630,DXGI,0,512,0,Composed: Flip,Application,3683383352525,41.2308,10.17580000000000,8.33550000000000,0.19530000000000,1.61690000000000,16.4729,120.4164,3683383253610,10.0868,9.8915,0.1953,3.1348,8.3736,8.3706,0.0030,-0.3934,23239.8671,NA,20.0950,NA,NA
Endfield.exe,53680,0x125AB2630,DXGI,0,512,0,Composed: Flip,Application,3683383454556,NA,10.20310000000000,8.33910000000000,0.28040000000000,4.99980000000000,14.6089,128.7555,3683383354478,10.2882,10.0078,0.2804,1.4216,13.5860,13.5699,0.0161,NA,0.0000,NA,NA,NA,NA
Endfield.exe,53680,0x125AB2630,DXGI,0,512,0,Composed: Flip,Application,3683383553929,NA,9.93730000000000,9.81430000000000,0.16630000000000,4.36530000000000,14.4859,138.5698,3683383457360,9.8232,9.6569,0.1663,4.7194,9.3028,9.3028,0.0000,NA,0.0000,NA,NA,NA,NA
Endfield.exe,53680,0x125AB2630,DXGI,0,512,0,Composed: Flip,Application,3683383656303,NA,10.23740000000000,6.87050000000000,0.16750000000000,4.07460000000000,11.1190,145.4403,3683383555592,10.2386,10.0711,0.1675,4.1990,9.9467,9.9467,0.0000,NA,0.0000,NA,NA,NA,NA
Endfield.exe,53680,0x125AB2630,DXGI,0,512,0,Composed: Flip,Application,3683383753586,41.3366,9.72830000000000,18.12010000000000,0.17070000000000,4.19180000000000,19.5108,122.2238,3683383657978,9.7315,9.5608,0.1707,3.9071,9.8455,9.8425,0.0030,-1.8074,23281.2037,NA,23.2433,NA,NA
Endfield.exe,53680,0x125AB2630,DXGI,0,512,0,Composed: Flip,Application,3683383855874,NA,10.22880000000000,6.86490000000000,0.22650000000000,4.43430000000000,16.1469,129.0887,3683383755293,10.2846,10.0581,0.2265,4.0211,10.4713,10.4577,0.0136,NA,0.0000,NA,NA,NA,NA
Endfield.exe,53680,0x125AB2630,DXGI,0,512,0,Composed: Flip,Application,3683383955952,NA,10.00780000000000,8.32910000000000,0.18910000000000,4.02890000000000,14.4682,137.4178,3683383858139,9.9704,9.7813,0.1891,4.2078,9.6024,9.6024,0.0000,NA,0.0000,NA,NA,NA,NA
Endfield.exe,53680,0x125AB2630,DXGI,0,512,0,Composed: Flip,Application,3683384057850,NA,10.18980000000000,9.80730000000000,0.13420000000000,3.41480000000000,14.0857,147.2251,3683383957843,10.1349,10.0007,0.1342,3.8398,9.5757,9.5757,0.0000,NA,0.0000,NA,NA,NA,NA
Endfield.exe,53680,0x125AB2630,DXGI,0,512,0,Composed: Flip,Application,3683384151974,40.0669,9.41240000000000,6.85750000000000,0.22940000000000,3.69080000000000,11.5308,114.0157,3683384059192,9.5076,9.2782,0.2294,3.2806,9.6884,9.6856,0.0028,8.2081,23321.2706,NA,14.0980,NA,NA
Endfield.exe,53680,0x125AB2630,DXGI,0,512,0,Composed: Flip,Application,3683384255158,NA,10.31840000000000,8.32980000000000,0.20200000000000,2.49880000000000,9.5422,122.3455,3683384154268,10.2910,10.0890,0.2020,3.4614,9.1264,9.1125,0.0139,NA,0.0000,NA,NA,NA,NA
Endfield.exe,53680,0x125AB2630,DXGI,0,512,0,Composed: Flip,Application,3683384355671,NA,10.05130000000000,18.15520000000000,0.22030000000000,4.60350000000000,17.6461,140.5007,3683384257178,10.0696,9.8493,0.2203,2.2968,12.1560,12.1560,0.0000,NA,0.0000,NA,NA,NA,NA
Endfield.exe,53680,0x125AB2630,DXGI,0,512,0,Composed: Flip,Application,3683384473206,NA,11.75350000000000,6.86830000000000,0.24450000000000,2.80010000000000,12.7609,147.3690,3683384357874,11.7777,11.5332,0.2445,4.3832,9.9501,9.9501,0.0000,NA,0.0000,NA,NA,NA,NA
Endfield.exe,53680,0x125AB2630,DXGI,0,512,0,Composed: Flip,Application,3683384544937,40.1896,7.17310000000000,9.78800000000000,0.15430000000000,7.81240000000000,15.3758,116.9674,3683384475651,7.0829,6.9286,0.1543,2.5556,12.1854,12.1827,0.0027,-2.9517,23361.4602,NA,18.2455,NA,NA
Endfield.exe,53680,0x125AB2630,DXGI,0,512,0,Composed: Flip,Application,3683384647411,NA,10.24740000000000,6.85570000000000,0.17900000000000,2.67060000000000,11.9841,123.8231,3683384546480,10.2721,10.0931,0.1790,7.6581,5.1056,5.0992,0.0064,NA,0.0000,NA,NA,NA,NA
Endfield.exe,53680,0x125AB2630,DXGI,0,512,0,Composed: Flip,Application,3683384745653,NA,9.82420000000000,8.33970000000000,0.20170000000000,3.56230000000000,10.4996,132.1628,3683384649201,9.8469,9.6452,0.2017,2.4916,10.7159,10.7159,0.0000,NA,0.0000,NA,NA,NA,NA
Endfield.exe,53680,0x125AB2630,DXGI,0,512,0,Composed: Flip,Application,3683384847247,NA,10.15940000000000,9.81830000000000,0.15040000000000,2.50180000000000,10.1585,141.9811,3683384747670,10.1081,9.9577,0.1504,3.3606,9.0989,9.0989,0.0000,NA,0.0000,NA,NA,NA,NA
Endfield.exe,53680,0x125AB2630,DXGI,0,512,0,Composed: Flip,Application,3683384946225,39.6826,9.89780000000000,15.17350000000000,0.33030000000000,4.26540000000000,15.4342,117.4720,3683384848751,10.0777,9.7474,0.3303,2.3514,11.6614,11.6604,0.0010,-0.5046,23401.1428,NA,19.4179,NA,NA
Endfield.exe,53680,0x125AB2630,DXGI,0,512,0,Composed: Flip,Application,3683385047782,NA,10.15570000000000,9.80720000000000,0.25490000000000,4.94900000000000,15.0857,127.2792,3683384949528,10.0803,9.8254,0.2549,3.9351,10.8393,10.8244,0.0149,NA,0.0000,NA,NA,NA,NA
Endfield.exe,53680,0x125AB2630,DXGI,0,512,0,Composed: Flip,Application,3683385146559,NA,9.87770000000000,6.85910000000000,0.17890000000000,4.16100000000000,12.0671,134.1383,3683385050331,9.8017,9.6228,0.1789,4.6941,9.0897,9.0897,0.0000,NA,0.0000,NA,NA,NA,NA
Endfield.exe,53680,0x125AB2630,DXGI,0,512,0,Composed: Flip,Application,3683385246620,NA,10.00610000000000,8.34420000000000,0.16060000000000,3.35630000000000,10.4052,142.4825,3683385148348,9.9878,9.8272,0.1606,3.9821,9.2014,9.2014,0.0000,NA,0.0000,NA,NA,NA,NA
Endfield.exe,53680,0x125AB2630,DXGI,0,512,0,Composed: Flip,Application,3683385356336,39.5872,10.97160000000000,9.82100000000000,0.32730000000000,3.64550000000000,9.2546,112.7163,3683385248226,11.1383,10.8110,0.3273,3.1957,11.2608,11.2577,0.0031,4.7557,23440.7300,NA,12.2460,NA,NA
Endfield.exe,53680,0x125AB2630,DXGI,0,512,0,Composed: Flip,Application,3683385464991,NA,10.86550000000000,15.16760000000000,0.22900000000000,4.14020000000000,13.5567,127.8839,3683385359609,10.7672,10.5382,0.2290,3.3182,11.3602,11.3413,0.0189,NA,0.0000,NA,NA,NA,NA
Endfield.exe,53680,0x125AB2630,DXGI,0,512,0,Composed: Flip,Application,3683385557612,NA,9.26210000000000,8.44490000000000,0.21440000000000,4.45330000000000,12.7395,136.3288,3683385467281,9.2475,9.0331,0.2144,3.9112,9.5752,9.5752,0.0000,NA,0.0000,NA,NA,NA,NA
Endfield.exe,53680,0x125AB2630,DXGI,0,512,0,Composed: Flip,Application,3683385657338,NA,9.97260000000000,8.22110000000000,0.24250000000000,3.98150000000000,10.9880,144.5499,3683385559756,10.0007,9.7582,0.2425,4.2389,9.5008,9.5008,0.0000,NA,0.0000,NA,NA,NA,NA
Endfield.exe,53680,0x125AB2630,DXGI,0,512,0,Composed: Flip,Application,3683385770066,40.3489,11.27280000000000,16.66980000000000,0.17880000000000,4.24130000000000,16.3850,120.8708,3683385659763,11.2091,11.0303,0.1788,3.7390,11.5326,11.5302,0.0024,-8.1545,23481.0789,NA,48.7216,NA,NA
Endfield.exe,53680,0x125AB2630,DXGI,0,512,0,Composed: Flip,Application,3683385869412,NA,9.93460000000000,8.32410000000000,0.24610000000000,5.13360000000000,14.7745,129.1949,3683385771854,10.0019,9.7558,0.2461,4.0625,10.8269,10.8091,0.0178,NA,0.0000,NA,NA,NA,NA
Endfield.exe,53680,0x125AB2630,DXGI,0,512,0,Composed: Flip,Application,3683385968761,NA,9.93490000000000,8.32390000000000,0.15940000000000,4.17160000000000,13.1635,137.5188,3683385871873,9.8482,9.6888,0.1594,4.8875,8.9729,8.9729,0.0000,NA,0.0000,NA,NA,NA,NA
Endfield.exe,53680,0x125AB2630,DXGI,0,512,0,Composed: Flip,Application,3683386069573,NA,10.08120000000000,8.35540000000000,0.23570000000000,2.34000000000000,11.4377,145.8742,3683385970355,10.1575,9.9218,0.2357,4.0122,8.2496,8.2496,0.0000,NA,0.0000,NA,NA,NA,NA
Endfield.exe,53680,0x125AB2630,DXGI,0,512,0,Composed: Flip,Application,3683386188071,40.5750,11.84980000000000,16.66810000000000,0.26620000000000,4.24760000000000,16.2560,121.9673,3683386071930,11.8803,11.6141,0.2662,2.1043,13.7574,13.7538,0.0036,-1.0965,23521.6539,NA,NA,NA,NA
Endfield.exe,53680,0x125AB2630,DXGI,0,512,0,Composed: Flip,Application,3683386327530,NA,13.94590000000000,8.33010000000000,0.33340000000000,3.61360000000000,10.6402,130.2974,3683386190733,14.0131,13.6797,0.3334,3.9814,13.3119,13.2987,0.0132,NA,0.0000,NA,NA,NA,NA
Endfield.exe,53680,0x125AB2630,DXGI,0,512,0,Composed: Flip,Application,3683386387831,NA,6.03010000000000,8.34260000000000,0.21380000000000,4.60350000000000,12.9527,138.6400,3683386330864,5.9105,5.6967,0.2138,3.2802,7.0200,7.0200,0.0000,NA,0.0000,NA,NA,NA,NA
Endfield.exe,53680,0x125AB2630,DXGI,0,512,0,Composed: Flip,Application,3683386489618,NA,10.17870000000000,8.33070000000000,0.22380000000000,4.07110000000000,11.1047,146.9707,3683386389969,10.1887,9.9649,0.2238,4.3897,9.6463,9.6463,0.0000,NA,0.0000,NA,NA,NA,NA
Endfield.exe,53680,0x125AB2630,DXGI,0,512,0,Composed: Flip,Application,3683386596067,41.6496,10.64490000000000,16.65710000000000,0.18210000000000,4.26420000000000,17.1169,121.9782,3683386491856,10.6032,10.4211,0.1821,3.8473,10.8380,10.8351,0.0029,-0.0109,23563.3035,NA,55.0766,NA,NA
Endfield.exe,53680,0x125AB2630,DXGI,0,512,0,Composed: Flip,Application,3683386696978,NA,10.09110000000000,8.34020000000000,0.20870000000000,2.71450000000000,15.3660,130.3184,3683386597888,10.1177,9.9090,0.2087,4.0821,8.5414,8.5254,0.0160,NA,0.0000,NA,NA,NA,NA
Endfield.exe,53680,0x125AB2630,DXGI,0,512,0,Composed: Flip,Application,3683386799333,NA,10.23550000000000,8.32290000000000,0.16840000000000,4.76320000000000,13.4534,138.6413,3683386699065,10.1952,10.0268,0.1684,2.5058,12.2842,12.2842,0.0000,NA,0.0000,NA,NA,NA,NA
Endfield.exe,53680,0x125AB2630,DXGI,0,512,0,Composed: Flip,Application,3683386901459,NA,10.21260000000000,8.36450000000000,0.18680000000000,3.74200000000000,11.6053,147.0058,3683386801017,10.2310,10.0442,0.1868,4.5948,9.1914,9.1914,0.0000,NA,0.0000,NA,NA,NA,NA
Endfield.exe,53680,0x125AB2630,DXGI,0,512,0,Composed: Flip,Application,3683387005222,41.1734,10.37630000000000,16.70240000000000,0.21880000000000,4.20990000000000,17.9314,122.5348,3683386903327,10.4083,10.1895,0.2188,3.5552,10.8442,10.8435,0.0007,-0.5566,23604.4769,NA,42.8108,NA,NA
Endfield.exe,53680,0x125AB2630,DXGI,0,512,0,Composed: Flip,Application,3683387109894,NA,10.46720000000000,8.27170000000000,0.22220000000000,5.19380000000000,15.7359,130.8065,3683387007410,10.4706,10.2484,0.2222,3.9911,11.4511,11.4352,0.0159,NA,0.0000,NA,NA,NA,NA
Endfield.exe,53680,0x125AB2630,DXGI,0,512,0,Composed: Flip,Application,3683387209669,NA,9.97750000000000,8.40760000000000,0.19900000000000,4.79740000000000,14.1660,139.2141,3683387112116,9.9543,9.7553,0.1990,4.9716,9.5811,9.5811,0.0000,NA,0.0000,NA,NA,NA,NA
Endfield.exe,53680,0x125AB2630,DXGI,0,512,0,Composed: Flip,Application,3683387312455,NA,10.27860000000000,9.74530000000000,0.15590000000000,3.74050000000000,13.6327,148.9594,3683387211659,10.2355,10.0796,0.1559,4.5984,9.2217,9.2217,0.0000,NA,0.0000,NA,NA,NA,NA
Endfield.exe,53680,0x125AB2630,DXGI,0,512,0,Composed: Flip,Application,3683387412470,41.1997,10.00150000000000,6.83770000000000,0.22470000000000,3.65580000000000,10.4689,114.5974,3683387314014,10.0703,9.8456,0.2247,3.5846,9.9168,9.9142,0.0026,7.9374,23645.6766,NA,13.0706,NA,NA
Endfield.exe,53680,0x125AB2630,DXGI,0,512,0,Composed: Flip,Application,3683387514473,NA,10.20030000000000,18.15270000000000,0.18510000000000,3.08690000000000,18.4213,132.7501,3683387414717,10.1607,9.9756,0.1851,3.4311,9.6314,9.6172,0.0142,NA,0.0000,NA,NA,NA,NA
Endfield.exe,53680,0x125AB2630,DXGI,0,512,0,Composed: Flip,Application,3683387616044,NA,10.15710000000000,6.84620000000000,0.15220000000000,4.44460000000000,15.1104,139.5963,3683387516324,10.1242,9.9720,0.1522,2.9018,11.5148,11.5148,0.0000,NA,0.0000,NA,NA,NA,NA
Endfield.exe,53680,0x125AB2630,DXGI,0,512,0,Composed: Flip,Application,3683387719537,NA,10.34930000000000,8.37640000000000,0.18750000000000,4.06610000000000,13.1375,147.9727,3683387617566,10.3846,10.1971,0.1875,4.2924,9.9708,9.9708,0.0000,NA,0.0000,NA,NA,NA,NA
Endfield.exe,53680,0x125AB2630,DXGI,0,512,0,Composed: Flip,Application,3683387807274,40.1079,8.77370000000000,9.77820000000000,0.21780000000000,2.06960000000000,14.1420,117.6430,3683387721412,8.8040,8.5862,0.2178,3.8786,6.7772,6.7742,0.0030,-3.0456,23685.7845,NA,20.2306,NA,NA
Endfield.exe,53680,0x125AB2630,DXGI,0,512,0,Composed: Flip,Application,3683387908049,NA,10.07750000000000,6.85880000000000,0.45940000000000,2.59130000000000,10.9233,124.5018,3683387809452,10.3191,9.8597,0.4594,1.8518,10.5992,10.5873,0.0119,NA,0.0000,NA,NA,NA,NA
Endfield.exe,53680,0x125AB2630,DXGI,0,512,0,Composed: Flip,Application,3683388009417,NA,10.13680000000000,8.30980000000000,0.25580000000000,2.29040000000000,9.0963,132.8116,3683387912643,9.9332,9.6774,0.2558,2.1319,9.8359,9.8359,0.0000,NA,0.0000,NA,NA,NA,NA
Endfield.exe,53680,0x125AB2630,DXGI,0,512,0,Composed: Flip,Application,3683388112284,NA,10.28670000000000,18.17530000000000,0.13560000000000,4.63060000000000,16.9849,150.9869,3683388011975,10.1665,10.0309,0.1356,2.0346,12.6269,12.6269,0.0000,NA,0.0000,NA,NA,NA,NA
Endfield.exe,53680,0x125AB2630,DXGI,0,512,0,Composed: Flip,Application,3683388206105,41.5039,9.38210000000000,7.16030000000000,0.20980000000000,3.86160000000000,14.7631,116.6433,3683388113640,9.4563,9.2465,0.2098,4.4950,8.6131,8.6100,0.0031,0.9997,23727.2884,NA,47.7288,NA,NA
Endfield.exe,53680,0x125AB2630,DXGI,0,512,0,Composed: Flip,Application,3683388308073,NA,10.19680000000000,NA,0.23640000000000,6.90350000000000,NA,NA,3683388208203,10.2234,9.9870,0.2364,3.6518,13.2387,13.2196,0.0191,NA,NA,NA,NA,NA,NA
Endfield.exe,53680,0x125AB2630,DXGI,0,512,0,Composed: Flip,Application,3683388408552,NA,10.04790000000000,17.87500000000000,0.17490000000000,3.72250000000000,12.3934,134.5183,3683388310437,9.9864,9.8115,0.1749,6.6671,6.8669,6.8669,0.0000,NA,0.0000,NA,NA,NA,NA
Endfield.exe,53680,0x125AB2630,DXGI,0,512,0,Composed: Flip,Application,3683388511966,NA,10.34140000000000,15.13660000000000,0.20710000000000,4.08670000000000,17.1886,149.6549,3683388410301,10.3736,10.1665,0.2071,3.5476,10.7056,10.7056,0.0000,NA,0.0000,NA,NA,NA,NA
Endfield.exe,53680,0x125AB2630,DXGI,0,512,0,Composed: Flip,Application,3683388600819,39.3537,8.88530000000000,9.82680000000000,0.17260000000000,4.40580000000000,18.1301,120.1280,3683388514037,8.8508,8.6782,0.1726,3.8796,9.2044,9.2014,0.0030,-3.4847,23766.6421,NA,55.5507,NA,NA
Endfield.exe,53680,0x125AB2630,DXGI,0,512,0,Composed: Flip,Application,3683388701653,NA,10.08340000000000,NA,0.16970000000000,8.82270000000000,NA,NA,3683388602545,10.0805,9.9108,0.1697,4.2332,14.5003,14.4875,0.0128,NA,NA,NA,NA,NA,NA
Endfield.exe,53680,0x125AB2630,DXGI,0,512,0,Composed: Flip,Application,3683388800591,NA,9.89380000000000,15.19050000000000,0.14960000000000,3.70610000000000,13.3434,135.3185,3683388703350,9.8737,9.7241,0.1496,8.6530,4.7772,4.7772,0.0000,NA,0.0000,NA,NA,NA,NA
Endfield.exe,53680,0x125AB2630,DXGI,0,512,0,Composed: Flip,Application,3683388903566,NA,10.29750000000000,8.33640000000000,0.13060000000000,2.90450000000000,11.3823,143.6549,3683388802087,10.2785,10.1479,0.1306,3.5565,9.4959,9.4959,0.0000,NA,0.0000,NA,NA,NA,NA
Endfield.exe,53680,0x125AB2630,DXGI,0,512,0,Composed: Flip,Application,3683389005265,39.7465,10.16990000000000,9.82790000000000,0.17150000000000,3.70160000000000,11.0403,113.7363,3683388904872,10.2108,10.0393,0.1715,2.7739,10.9670,10.9661,0.0009,6.3917,23806.3886,NA,NA,NA,NA
Endfield.exe,53680,0x125AB2630,DXGI,0,512,0,Composed: Flip,Application,3683389106400,NA,10.11350000000000,NA,0.17080000000000,9.88660000000000,NA,NA,3683389006980,10.1128,9.9420,0.1708,3.5301,16.2985,16.2854,0.0131,NA,NA,NA,NA,NA,NA
Endfield.exe,53680,0x125AB2630,DXGI,0,512,0,Composed: Flip,Application,3683389206732,NA,10.03320000000000,23.49340000000000,0.21780000000000,2.69600000000000,14.3870,137.2297,3683389108108,10.0802,9.8624,0.2178,9.7158,2.8426,2.8426,0.0000,NA,0.0000,NA,NA,NA,NA
Endfield.exe,53680,0x125AB2630,DXGI,0,512,0,Composed: Flip,Application,3683389307314,NA,10.05820000000000,9.84000000000000,0.21770000000000,3.60200000000000,14.1688,147.0697,3683389208910,10.0581,9.8404,0.2177,2.4782,10.9642,10.9642,0.0000,NA,0.0000,NA,NA,NA,NA
Endfield.exe,53680,0x125AB2630,DXGI,0,512,0,Composed: Flip,Application,3683389396354,39.6708,8.90400000000000,6.83380000000000,0.25690000000000,3.76830000000000,12.0986,114.2327,3683389309491,8.9432,8.6863,0.2569,3.3843,9.0703,9.0692,0.0011,-0.4964,23846.0594,NA,NA,NA,NA
Endfield.exe,53680,0x125AB2630,DXGI,0,512,0,Composed: Flip,Application,3683389496072,NA,9.97180000000000,8.32560000000000,0.17590000000000,3.07610000000000,10.4524,122.5583,3683389398923,9.8908,9.7149,0.1759,3.5114,9.2796,9.2666,0.0130,NA,0.0000,NA,NA,NA,NA
Endfield.exe,53680,0x125AB2630,DXGI,0,512,0,Composed: Flip,Application,3683389594283,NA,9.82110000000000,18.21350000000000,0.25120000000000,2.58760000000000,18.8448,140.7718,3683389497831,9.8964,9.6452,0.2512,2.9002,9.3326,9.3326,0.0000,NA,0.0000,NA,NA,NA,NA
Endfield.exe,53680,0x125AB2630,DXGI,0,512,0,Composed: Flip,Application,3683389693826,NA,9.95430000000000,6.78150000000000,0.49050000000000,4.29220000000000,15.6720,147.5533,3683389596795,10.1936,9.7031,0.4905,2.3364,11.6589,11.6589,0.0000,NA,0.0000,NA,NA,NA,NA
Endfield.exe,53680,0x125AB2630,DXGI,0,512,0,Composed: Flip,Application,3683389795528,39.7902,10.17020000000000,NA,0.35740000000000,7.45200000000000,NA,NA,3683389698731,10.0371,9.6797,0.3574,3.8017,13.3300,13.3272,0.0028,NA,NA,NA,NA,NA,NA
Endfield.exe,53680,0x125AB2630,DXGI,0,512,0,Composed: Flip,Application,3683389892953,NA,9.74250000000000,16.66130000000000,0.19970000000000,3.14040000000000,12.4206,124.4244,3683389799102,9.5848,9.3851,0.1997,7.0946,5.4309,5.4253,0.0056,NA,0.0000,NA,27.0679,NA,NA
Endfield.exe,53680,0x125AB2630,DXGI,0,512,0,Composed: Flip,Application,3683389992184,NA,9.92310000000000,8.32710000000000,0.16280000000000,3.35870000000000,10.8246,132.7515,3683389894950,9.8862,9.7234,0.1628,2.9407,10.1414,10.1414,0.0000,NA,0.0000,NA,NA,NA,NA
Endfield.exe,53680,0x125AB2630,DXGI,0,512,0,Composed: Flip,Application,3683390091025,NA,9.88410000000000,16.69040000000000,0.13270000000000,2.69850000000000,17.6309,149.4419,3683389993812,9.8540,9.7213,0.1327,3.1959,9.2239,9.2239,0.0000,NA,0.0000,NA,NA,NA,NA
Endfield.exe,53680,0x125AB2630,DXGI,0,512,0,Composed: Flip,Application,3683390197089,39.7510,10.60640000000000,9.81310000000000,0.34970000000000,4.62310000000000,16.8376,119.5040,3683390092352,10.8234,10.4737,0.3497,2.5658,12.5310,12.5274,0.0036,-5.2713,23925.6006,NA,20.8994,NA,NA
Endfield.exe,53680,0x125AB2630,DXGI,0,512,0,Composed: Flip,Application,3683390296974,NA,9.98850000000000,6.85020000000000,0.23520000000000,2.82280000000000,13.6993,126.3542,3683390200586,9.8740,9.6388,0.2352,4.2734,8.1882,8.1740,0.0142,NA,0.0000,NA,NA,NA,NA
Endfield.exe,53680,0x125AB2630,DXGI,0,512,0,Composed: Flip,Application,3683390395896,NA,9.89220000000000,8.33270000000000,0.23720000000000,3.27810000000000,12.1398,134.6869,3683390299326,9.8942,9.6570,0.2372,2.5876,10.3475,10.3475,0.0000,NA,0.0000,NA,NA,NA,NA
Endfield.exe,53680,0x125AB2630,DXGI,0,512,0,Composed: Flip,Application,3683390495381,NA,9.94850000000000,9.82450000000000,0.17120000000000,3.44120000000000,12.0158,144.5114,3683390398268,9.8825,9.7113,0.1712,3.0409,10.1116,10.1116,0.0000,NA,0.0000,NA,NA,NA,NA
Endfield.exe,53680,0x125AB2630,DXGI,0,512,0,Composed: Flip,Application,3683390593287,40.2797,9.79060000000000,15.17700000000000,0.17810000000000,4.34160000000000,17.4022,119.4087,3683390497093,9.7975,9.6194,0.1781,3.2700,10.6910,10.6882,0.0028,0.0953,23965.8803,NA,21.0846,NA,NA
Endfield.exe,53680,0x125AB2630,DXGI,0,512,0,Composed: Flip,Application,3683390692768,NA,9.94810000000000,8.31530000000000,0.20720000000000,2.81920000000000,15.7694,127.7240,3683390595068,9.9772,9.7700,0.2072,4.1635,8.4257,8.4073,0.0184,NA,0.0000,NA,NA,NA,NA
Endfield.exe,53680,0x125AB2630,DXGI,0,512,0,Composed: Flip,Application,3683390791066,NA,9.82980000000000,9.83330000000000,0.18800000000000,4.92680000000000,15.7729,137.5573,3683390694840,9.8106,9.6226,0.1880,2.6120,11.9374,11.9374,0.0000,NA,0.0000,NA,NA,NA,NA
Endfield.exe,53680,0x125AB2630,DXGI,0,512,0,Composed: Flip,Application,3683390891065,NA,9.99990000000000,6.84640000000000,0.20590000000000,2.46140000000000,12.6194,144.4037,3683390792946,10.0178,9.8119,0.2059,4.7388,7.5345,7.5345,0.0000,NA,0.0000,NA,NA,NA,NA
Endfield.exe,53680,0x125AB2630,DXGI,0,512,0,Composed: Flip,Application,3683390994720,39.9343,10.36550000000000,18.16810000000000,0.18560000000000,3.81830000000000,20.4220,122.6375,3683390893124,10.3452,10.1596,0.1856,2.2555,11.7224,11.7212,0.0012,-3.2288,24005.8146,NA,30.2455,NA,NA
Endfield.exe,53680,0x125AB2630,DXGI,0,512,0,Composed: Flip,Application,3683391094969,NA,10.02490000000000,6.81220000000000,0.19670000000000,2.87970000000000,17.2093,129.4497,3683390996576,10.0360,9.8393,0.1967,3.6327,9.0863,9.0735,0.0128,NA,0.0000,NA,NA,NA,NA
Endfield.exe,53680,0x125AB2630,DXGI,0,512,0,Composed: Flip,Application,3683391193162,NA,9.81930000000000,8.38020000000000,0.23630000000000,4.84760000000000,15.7702,137.8299,3683391096936,9.8589,9.6226,0.2363,2.6830,11.7872,11.7872,0.0000,NA,0.0000,NA,NA,NA,NA
Endfield.exe,53680,0x125AB2630,DXGI,0,512,0,Composed: Flip,Application,3683391292676,NA,9.95140000000000,8.29000000000000,0.15970000000000,4.74350000000000,14.1088,146.1199,3683391195525,9.8748,9.7151,0.1597,4.6113,9.8473,9.8473,0.0000,NA,0.0000,NA,NA,NA,NA
Endfield.exe,53680,0x125AB2630,DXGI,0,512,0,Composed: Flip,Application,3683391386095,39.7725,9.34190000000000,9.90850000000000,0.23910000000000,2.29010000000000,14.6754,116.2559,3683391294273,9.4213,9.1822,0.2391,4.5838,6.8885,6.8856,0.0029,6.3816,24045.5871,NA,19.6308,NA,NA
Endfield.exe,53680,0x125AB2630,DXGI,0,512,0,Composed: Flip,Application,3683391485323,NA,9.92280000000000,6.77940000000000,0.18520000000000,2.73680000000000,11.5320,123.0353,3683391388486,9.8689,9.6837,0.1852,2.0510,10.3695,10.3547,0.0148,NA,0.0000,NA,NA,NA,NA
Endfield.exe,53680,0x125AB2630,DXGI,0,512,0,Composed: Flip,Application,3683391584231,NA,9.89080000000000,9.80590000000000,0.17540000000000,2.98350000000000,11.4471,132.8412,3683391487175,9.8810,9.7056,0.1754,2.5516,10.1375,10.1375,0.0000,NA,0.0000,NA,NA,NA,NA
Endfield.exe,53680,0x125AB2630,DXGI,0,512,0,Composed: Flip,Application,3683391683572,NA,9.93410000000000,15.19270000000000,0.28340000000000,4.77780000000000,16.7057,148.0339,3683391585985,10.0421,9.7587,0.2834,2.8081,11.7284,11.7284,0.0000,NA,0.0000,NA,NA,NA,NA
Endfield.exe,53680,0x125AB2630,DXGI,0,512,0,Composed: Flip,Application,3683391783865,39.1604,10.02930000000000,8.31600000000000,0.17680000000000,4.67200000000000,14.9924,117.1895,3683391686406,9.9227,9.7459,0.1768,4.4944,9.9235,9.9210,0.0025,-0.9336,24084.7475,NA,17.7259,NA,NA
Endfield.exe,53680,0x125AB2630,DXGI,0,512,0,Composed: Flip,Application,3683391882343,NA,9.84780000000000,8.34340000000000,0.20990000000000,3.52570000000000,13.4880,125.5329,3683391785633,9.8809,9.6710,0.2099,4.4952,8.7015,8.6826,0.0189,NA,0.0000,NA,NA,NA,NA
Endfield.exe,53680,0x125AB2630,DXGI,0,512,0,Composed: Flip,Application,3683391980924,NA,9.85810000000000,8.38770000000000,0.15780000000000,3.11330000000000,12.0176,133.9206,3683391884442,9.8060,9.6482,0.1578,3.3158,9.4457,9.4457,0.0000,NA,0.0000,NA,NA,NA,NA
Endfield.exe,53680,0x125AB2630,DXGI,0,512,0,Composed: Flip,Application,3683392080622,NA,9.96980000000000,8.28080000000000,0.15590000000000,3.50620000000000,10.3286,142.2014,3683391982502,9.9679,9.8120,0.1559,2.9555,10.3627,10.3627,0.0000,NA,0.0000,NA,NA,NA,NA
Endfield.exe,53680,0x125AB2630,DXGI,0,512,0,Composed: Flip,Application,3683392197797,40.6226,11.71750000000000,16.67360000000000,0.33950000000000,1.57300000000000,15.2847,118.2524,3683392082181,11.9011,11.5616,0.3395,3.3503,9.7843,9.7814,0.0029,-1.0629,24125.3701,NA,18.4078,NA,NA
Endfield.exe,53680,0x125AB2630,DXGI,0,512,0,Composed: Flip,Application,3683392296596,NA,9.87990000000000,8.33380000000000,0.21710000000000,2.90460000000000,13.7386,126.5862,3683392201192,9.7575,9.5404,0.2171,1.2335,11.2115,11.1980,0.0135,NA,0.0000,NA,NA,NA,NA
Endfield.exe,53680,0x125AB2630,DXGI,0,512,0,Composed: Flip,Application,3683392395583,NA,9.89870000000000,8.32030000000000,0.16900000000000,3.24690000000000,12.1602,134.9065,3683392298767,9.8506,9.6816,0.1690,2.6875,10.2410,10.2410,0.0000,NA,0.0000,NA,NA,NA,NA
Endfield.exe,53680,0x125AB2630,DXGI,0,512,0,Composed: Flip,Application,3683392495373,NA,9.97900000000000,8.34120000000000,0.16760000000000,3.36710000000000,10.5224,143.2477,3683392397273,9.9776,9.8100,0.1676,3.0779,10.0992,10.0992,0.0000,NA,0.0000,NA,NA,NA,NA
Endfield.exe,53680,0x125AB2630,DXGI,0,512,0,Composed: Flip,Application,3683392597024,39.4815,10.16510000000000,9.82160000000000,0.20960000000000,3.65950000000000,10.1789,113.5878,3683392497049,10.2071,9.9975,0.2096,3.1995,10.4575,10.4548,0.0027,4.6646,24164.8516,NA,13.2276,NA,NA
Endfield.exe,53680,0x125AB2630,DXGI,0,512,0,Composed: Flip,Application,3683392697843,NA,10.08190000000000,15.21300000000000,0.26360000000000,4.99270000000000,15.3100,128.8008,3683392599120,10.1359,9.8723,0.2636,3.4499,11.4151,11.4015,0.0136,NA,0.0000,NA,NA,NA,NA
Endfield.exe,53680,0x125AB2630,DXGI,0,512,0,Composed: Flip,Application,3683392796095,NA,9.82520000000000,8.27260000000000,0.28800000000000,4.69810000000000,13.7574,137.0734,3683392700479,9.8496,9.5616,0.2880,4.7291,9.5306,9.5306,0.0000,NA,0.0000,NA,NA,NA,NA
Endfield.exe,53680,0x125AB2630,DXGI,0,512,0,Composed: Flip,Application,3683392894343,NA,9.82480000000000,8.36260000000000,0.22460000000000,3.67980000000000,12.2952,145.4360,3683392798975,9.7614,9.5368,0.2246,4.4101,8.8065,8.8065,0.0000,NA,0.0000,NA,NA,NA,NA
Endfield.exe,53680,0x125AB2630,DXGI,0,512,0,Composed: Flip,Application,3683392999456,41.1785,10.51130000000000,16.66260000000000,0.23050000000000,3.64250000000000,18.4465,120.9201,3683392896589,10.5172,10.2867,0.2305,3.4552,10.4740,10.4728,0.0012,-7.3323,24206.0301,NA,23.1758,NA,NA
Endfield.exe,53680,0x125AB2630,DXGI,0,512,0,Composed: Flip,Application,3683393100627,NA,10.11710000000000,8.32770000000000,0.21790000000000,2.40710000000000,16.6571,129.2478,3683393001761,10.1045,9.8866,0.2179,3.4120,8.8817,8.8673,0.0144,NA,0.0000,NA,NA,NA,NA
Endfield.exe,53680,0x125AB2630,DXGI,0,512,0,Composed: Flip,Application,3683393199129,NA,9.85020000000000,8.34510000000000,0.22690000000000,4.80070000000000,15.1520,137.5929,3683393102806,9.8592,9.6323,0.2269,2.1892,12.2438,12.2438,0.0000,NA,0.0000,NA,NA,NA,NA
Endfield.exe,53680,0x125AB2630,DXGI,0,512,0,Composed: Flip,Application,3683393298501,NA,9.93720000000000,8.32590000000000,0.14080000000000,4.24590000000000,13.5407,145.9188,3683393201398,9.8511,9.7103,0.1408,4.5738,9.3824,9.3824,0.0000,NA,0.0000,NA,NA,NA,NA
Endfield.exe,53680,0x125AB2630,DXGI,0,512,0,Composed: Flip,Application,3683393397932,39.6858,9.94310000000000,9.83170000000000,0.19900000000000,2.26110000000000,13.4293,116.0647,3683393299909,10.0013,9.8023,0.1990,4.1051,7.9583,7.9549,0.0034,4.8554,24245.7159,NA,14.3545,NA,NA
Endfield.exe,53680,0x125AB2630,DXGI,0,512,0,Composed: Flip,Application,3683393519013,NA,12.10810000000000,15.17620000000000,0.22690000000000,3.34080000000000,16.4974,131.2409,3683393399922,12.1360,11.9091,0.2269,2.0621,13.1878,13.1707,0.0171,NA,0.0000,NA,NA,NA,NA
Endfield.exe,53680,0x125AB2630,DXGI,0,512,0,Composed: Flip,Application,3683393597545,NA,7.85320000000000,8.44760000000000,0.21760000000000,4.93790000000000,17.0918,139.6885,3683393521282,7.8439,7.6263,0.2176,3.1139,9.4503,9.4503,0.0000,NA,0.0000,NA,NA,NA,NA
Endfield.exe,53680,0x125AB2630,DXGI,0,512,0,Composed: Flip,Application,3683393697190,NA,9.96450000000000,9.73130000000000,0.32340000000000,4.69870000000000,16.8586,149.4198,3683393599721,10.0703,9.7469,0.3234,4.7203,9.7253,9.7253,0.0000,NA,0.0000,NA,NA,NA,NA
Endfield.exe,53680,0x125AB2630,DXGI,0,512,0,Composed: Flip,Application,3683393796683,39.7946,9.94930000000000,6.81250000000000,0.21140000000000,1.86520000000000,13.7218,116.4377,3683393700424,9.8373,9.6259,0.2114,4.3753,7.1158,7.1127,0.0031,-0.3730,24285.5105,NA,15.7361,NA,NA
Endfield.exe,53680,0x125AB2630,DXGI,0,512,0,Composed: Flip,Application,3683393897798,NA,10.11150000000000,8.37960000000000,0.42930000000000,2.62650000000000,11.9899,124.8173,3683393798797,10.3294,9.9001,0.4293,1.6538,10.8728,10.8562,0.0166,NA,0.0000,NA,NA,NA,NA
Endfield.exe,53680,0x125AB2630,DXGI,0,512,0,Composed: Flip,Application,3683393997165,NA,9.93670000000000,18.11800000000000,0.20860000000000,3.95600000000000,20.1712,142.9353,3683393902091,9.7160,9.5074,0.2086,2.1972,11.2662,11.2662,0.0000,NA,0.0000,NA,NA,NA,NA
Endfield.exe,53680,0x125AB2630,DXGI,0,512,0,Composed: Flip,Application,3683394096985,NA,9.98200000000000,6.85680000000000,0.14050000000000,4.03740000000000,17.0460,149.7921,3683393999251,9.9139,9.7734,0.1405,3.7474,10.0634,10.0634,0.0000,NA,0.0000,NA,NA,NA,NA
Endfield.exe,53680,0x125AB2630,DXGI,0,512,0,Composed: Flip,Application,3683394197721,42.0490,10.07360000000000,8.31360000000000,0.22230000000000,3.22160000000000,15.2860,116.0567,3683394098390,10.1554,9.9331,0.2223,3.8969,9.2578,9.2550,0.0028,0.3810,24327.5595,NA,20.3955,29.3994,NA
Endfield.exe,53680,0x125AB2630,DXGI,0,512,0,Composed: Flip,Application,3683394292235,NA,9.45140000000000,9.83720000000000,0.18270000000000,2.80250000000000,15.6718,125.8939,3683394199944,9.4118,9.2291,0.1827,2.9993,9.0323,9.0148,0.0175,NA,0.0000,NA,NA,NA,NA
Endfield.exe,53680,0x125AB2630,DXGI,0,512,0,Composed: Flip,Application,3683394396552,NA,10.43170000000000,6.87430000000000,0.18230000000000,4.08130000000000,12.1144,132.7682,3683394294062,10.4313,10.2490,0.1823,2.6198,11.7105,11.7105,0.0000,NA,0.0000,NA,NA,NA,NA
Endfield.exe,53680,0x125AB2630,DXGI,0,512,0,Composed: Flip,Application,3683394492872,NA,9.63200000000000,8.28220000000000,0.14770000000000,2.12710000000000,10.7646,141.0504,3683394398375,9.5974,9.4497,0.1477,3.8990,7.6778,7.6778,0.0000,NA,0.0000,NA,NA,NA,NA
Endfield.exe,53680,0x125AB2630,DXGI,0,512,0,Composed: Flip,Application,3683394607643,38.6613,11.47710000000000,16.73460000000000,0.13580000000000,3.80290000000000,16.0221,119.1237,3683394494349,11.4652,11.3294,0.1358,1.9794,13.1529,13.1501,0.0028,-3.0670,24366.2208,NA,NA,NA,NA
Endfield.exe,53680,0x125AB2630,DXGI,0,512,0,Composed: Flip,Application,3683394707746,NA,10.01030000000000,8.35300000000000,0.22680000000000,3.28990000000000,14.3648,127.4767,3683394609001,10.1013,9.8745,0.2268,3.6671,9.4973,9.4812,0.0161,NA,0.0000,NA,NA,NA,NA
Endfield.exe,53680,0x125AB2630,DXGI,0,512,0,Composed: Flip,Application,3683394806691,NA,9.89450000000000,8.23710000000000,0.15960000000000,3.82420000000000,12.7074,135.7138,3683394710014,9.8273,9.6677,0.1596,3.0631,10.4288,10.4288,0.0000,NA,0.0000,NA,NA,NA,NA
Endfield.exe,53680,0x125AB2630,DXGI,0,512,0,Composed: Flip,Application,3683394907588,NA,10.08970000000000,8.35710000000000,0.12160000000000,3.88980000000000,10.9748,144.0709,3683394808287,10.0517,9.9301,0.1216,3.6646,10.1553,10.1553,0.0000,NA,0.0000,NA,NA,NA,NA
Endfield.exe,53680,0x125AB2630,DXGI,0,512,0,Composed: Flip,Application,3683395053048,60.0131,14.54600000000000,16.66060000000000,0.14140000000000,3.70510000000000,13.0894,100.7184,3683394908804,14.5658,14.4244,0.1414,3.7682,14.3613,14.3588,0.0025,18.4053,24426.2339,NA,17.7337,NA,NA
Endfield.exe,53680,0x125AB2630,DXGI,0,512,0,Composed: Flip,Application,3683395152589,NA,9.95410000000000,8.33230000000000,0.21150000000000,2.60650000000000,11.4676,109.0507,3683395054462,10.0242,9.8127,0.2115,3.5637,8.8555,8.8408,0.0147,NA,0.0000,NA,NA,NA,NA
Endfield.exe,53680,0x125AB2630,DXGI,0,512,0,Composed: Flip,Application,3683395252354,NA,9.97650000000000,8.33000000000000,0.14330000000000,2.88010000000000,9.8211,117.3807,3683395154704,9.9083,9.7650,0.1433,2.3950,10.2501,10.2501,0.0000,NA,0.0000,NA,NA,NA,NA
Endfield.exe,53680,0x125AB2630,DXGI,0,512,0,Composed: Flip,Application,3683395352732,NA,10.03780000000000,16.67570000000000,0.12370000000000,2.43820000000000,16.4590,134.0564,3683395253787,10.0182,9.8945,0.1237,2.7368,9.5959,9.5959,0.0000,NA,0.0000,NA,NA,NA,NA
Endfield.exe,53680,0x125AB2630,DXGI,0,512,0,Composed: Flip,Application,3683395464142,20.6683,11.14100000000000,8.33790000000000,0.17090000000000,1.88900000000000,13.6559,121.7260,3683395353969,11.1882,11.0173,0.1709,2.3145,10.5918,10.5895,0.0023,-21.0076,24446.9022,NA,16.4119,44.4012,NA
Endfield.exe,53680,0x125AB2630,DXGI,0,512,0,Composed: Flip,Application,3683395566478,NA,10.23360000000000,8.31880000000000,0.17380000000000,3.41610000000000,11.7411,130.0448,3683395465851,10.2365,10.0627,0.1738,1.7181,11.7607,11.7418,0.0189,NA,0.0000,NA,NA,NA,NA
Endfield.exe,53680,0x125AB2630,DXGI,0,512,0,Composed: Flip,Application,3683395669666,NA,10.31880000000000,10.01610000000000,0.14350000000000,2.78670000000000,11.4384,140.0609,3683395568216,10.2885,10.1450,0.1435,3.2423,9.6894,9.6894,0.0000,NA,0.0000,NA,NA,NA,NA
Endfield.exe,53680,0x125AB2630,DXGI,0,512,0,Composed: Flip,Application,3683395767911,NA,9.82450000000000,14.98520000000000,0.13340000000000,4.10090000000000,16.5991,155.0461,3683395671101,9.8144,9.6810,0.1334,2.6432,11.1387,11.1387,0.0000,NA,0.0000,NA,NA,NA,NA
Endfield.exe,53680,0x125AB2630,DXGI,0,512,0,Composed: Flip,Application,3683395876761,44.2577,10.88500000000000,9.84190000000000,0.24610000000000,3.60560000000000,15.5560,120.6303,3683395769245,10.9977,10.7516,0.2461,3.9675,10.3897,10.3866,0.0031,1.0957,24491.1599,NA,38.5939,NA,NA
Endfield.exe,53680,0x125AB2630,DXGI,0,512,0,Composed: Flip,Application,3683395979397,NA,10.26360000000000,6.80640000000000,0.17480000000000,2.74360000000000,12.0988,127.4367,3683395879222,10.1923,10.0175,0.1748,3.3595,9.4016,9.3888,0.0128,NA,0.0000,NA,NA,NA,NA
Endfield.exe,53680,0x125AB2630,DXGI,0,512,0,Composed: Flip,Application,3683396080219,NA,10.08220000000000,16.66070000000000,0.16990000000000,4.24760000000000,18.6773,144.0974,3683395981145,10.0773,9.9074,0.1699,2.5688,11.5862,11.5862,0.0000,NA,0.0000,NA,NA,NA,NA
Endfield.exe,53680,0x125AB2630,DXGI,0,512,0,Composed: Flip,Application,3683396183727,NA,10.35080000000000,9.87900000000000,0.17140000000000,4.03180000000000,18.2055,153.9764,3683396081918,10.3523,10.1809,0.1714,4.0777,10.1350,10.1350,0.0000,NA,0.0000,NA,NA,NA,NA
Endfield.exe,53680,0x125AB2630,DXGI,0,512,0,Composed: Flip,Application,3683396285148,42.2687,10.14210000000000,6.79340000000000,0.13980000000000,3.74880000000000,14.8568,117.3779,3683396185441,10.1105,9.9707,0.1398,3.8604,9.8591,9.8566,0.0025,2.1292,24533.4286,NA,32.6918,NA,NA
Endfield.exe,53680,0x125AB2630,DXGI,0,512,0,Composed: Flip,Application,3683396388010,NA,10.28620000000000,9.89620000000000,0.18620000000000,2.87410000000000,14.4668,127.2741,3683396286546,10.3326,10.1464,0.1862,3.6090,9.4115,9.3980,0.0135,NA,0.0000,NA,NA,NA,NA
Endfield.exe,53680,0x125AB2630,DXGI,0,512,0,Composed: Flip,Application,3683396489999,NA,10.19890000000000,6.78910000000000,0.12590000000000,4.26280000000000,11.0570,134.0632,3683396389872,10.1386,10.0127,0.1259,2.6879,11.5876,11.5876,0.0000,NA,0.0000,NA,NA,NA,NA
Endfield.exe,53680,0x125AB2630,DXGI,0,512,0,Composed: Flip,Application,3683396594228,NA,10.42290000000000,16.66370000000000,0.40170000000000,4.58010000000000,17.2978,150.7269,3683396491258,10.6987,10.2970,0.4017,4.1369,10.7402,10.7402,0.0000,NA,0.0000,NA,NA,NA,NA
Endfield.exe,53680,0x125AB2630,DXGI,0,512,0,Composed: Flip,Application,3683396698943,40.8011,10.47150000000000,8.33400000000000,0.19410000000000,3.49420000000000,15.1603,118.2598,3683396598245,10.2639,10.0698,0.1941,4.1784,9.3856,9.3825,0.0031,-0.8819,24574.2297,NA,26.4152,NA,NA
Endfield.exe,53680,0x125AB2630,DXGI,0,512,0,Composed: Flip,Application,3683396800350,NA,10.14070000000000,8.34470000000000,0.20240000000000,2.59370000000000,13.3643,126.6045,3683396700884,10.1490,9.9466,0.2024,3.3001,9.2402,9.2273,0.0129,NA,0.0000,NA,NA,NA,NA
Endfield.exe,53680,0x125AB2630,DXGI,0,512,0,Composed: Flip,Application,3683396901171,NA,10.08210000000000,8.32760000000000,0.16500000000000,2.58090000000000,11.6098,134.9321,3683396802374,10.0447,9.8797,0.1650,2.3913,10.0693,10.0693,0.0000,NA,0.0000,NA,NA,NA,NA
Endfield.exe,53680,0x125AB2630,DXGI,0,512,0,Composed: Flip,Application,3683397004058,NA,10.28870000000000,8.35940000000000,0.16790000000000,2.58090000000000,9.6805,143.2915,3683396902821,10.2916,10.1237,0.1679,2.4159,10.2887,10.2887,0.0000,NA,0.0000,NA,NA,NA,NA
Endfield.exe,53680,0x125AB2630,DXGI,0,512,0,Composed: Flip,Application,3683397135328,40.6861,13.12700000000000,16.66960000000000,0.16270000000000,4.29980000000000,13.2231,119.2750,3683397005737,13.1218,12.9591,0.1627,2.4130,14.8459,14.8431,0.0028,-1.0152,24614.9158,NA,16.0936,NA,NA
Endfield.exe,53680,0x125AB2630,DXGI,0,512,0,Composed: Flip,Application,3683397237259,NA,10.19310000000000,9.81240000000000,0.17920000000000,3.16100000000000,12.8424,129.0874,3683397136955,10.2096,10.0304,0.1792,4.1371,9.0543,9.0437,0.0106,NA,0.0000,NA,19.9049,NA,NA
Endfield.exe,53680,0x125AB2630,DXGI,0,512,0,Composed: Flip,Application,3683397339751,NA,10.24920000000000,15.15720000000000,0.16700000000000,4.19050000000000,17.7504,144.2446,3683397239051,10.2370,10.0700,0.1670,2.9818,11.2787,11.2787,0.0000,NA,0.0000,NA,NA,NA,NA
Endfield.exe,53680,0x125AB2630,DXGI,0,512,0,Composed: Flip,Application,3683397443222,NA,10.34710000000000,9.87860000000000,0.15280000000000,3.07940000000000,17.2819,154.1232,3683397341421,10.3329,10.1801,0.1528,4.0235,9.2360,9.2360,0.0000,NA,0.0000,NA,NA,NA,NA
Endfield.exe,53680,0x125AB2630,DXGI,0,512,0,Composed: Flip,Application,3683397546931,41.7298,10.37090000000000,6.79040000000000,0.14230000000000,4.04810000000000,13.7014,119.1838,3683397444750,10.3604,10.2181,0.1423,2.9266,11.3396,11.3372,0.0024,0.0912,24656.6456,NA,15.7275,NA,NA
Endfield.exe,53680,0x125AB2630,DXGI,0,512,0,Composed: Flip,Application,3683397649154,NA,10.22230000000000,8.33270000000000,0.17600000000000,2.52720000000000,11.8118,127.5165,3683397548354,10.2560,10.0800,0.1760,3.9058,8.7014,8.6843,0.0171,NA,0.0000,NA,NA,NA,NA
Endfield.exe,53680,0x125AB2630,DXGI,0,512,0,Composed: Flip,Application,3683397752562,NA,10.34080000000000,16.66760000000000,0.17340000000000,4.17880000000000,18.1386,144.1841,3683397650914,10.3382,10.1648,0.1734,2.3512,11.9924,11.9924,0.0000,NA,0.0000,NA,NA,NA,NA
Endfield.exe,53680,0x125AB2630,DXGI,0,512,0,Composed: Flip,Application,3683397855729,NA,10.31670000000000,9.85240000000000,0.15330000000000,4.04800000000000,17.6743,154.0365,3683397754296,10.2966,10.1433,0.1533,4.0054,10.1859,10.1859,0.0000,NA,0.0000,NA,NA,NA,NA
Endfield.exe,53680,0x125AB2630,DXGI,0,512,0,Composed: Flip,Application,3683397964502,48.6225,10.87730000000000,15.14700000000000,0.16050000000000,3.61510000000000,21.9440,120.5963,3683397857262,10.8845,10.7240,0.1605,3.8947,10.4444,10.4415,0.0029,-1.3772,24705.2681,NA,25.7178,NA,NA
Endfield.exe,53680,0x125AB2630,DXGI,0,512,0,Composed: Flip,Application,3683398068930,NA,10.44280000000000,8.33710000000000,0.20490000000000,4.43070000000000,19.8383,128.9334,3683397966107,10.4872,10.2823,0.2049,3.4546,11.2584,11.2423,0.0161,NA,0.0000,NA,NA,NA,NA
Endfield.exe,53680,0x125AB2630,DXGI,0,512,0,Composed: Flip,Application,3683398168535,NA,9.96050000000000,8.32710000000000,0.15730000000000,4.21630000000000,18.2049,137.2605,3683398070979,9.9129,9.7556,0.1573,4.2258,9.7461,9.7461,0.0000,NA,0.0000,NA,NA,NA,NA
Endfield.exe,53680,0x125AB2630,DXGI,0,512,0,Composed: Flip,Application,3683398272687,NA,10.41520000000000,8.33280000000000,0.13150000000000,4.05490000000000,16.1225,145.5933,3683398170108,10.3894,10.2579,0.1315,4.0590,10.2538,10.2538,0.0000,NA,0.0000,NA,NA,NA,NA
Endfield.exe,53680,0x125AB2630,DXGI,0,512,0,Composed: Flip,Application,3683398371997,35.9159,9.93100000000000,9.87350000000000,0.16460000000000,3.51830000000000,16.0650,119.5509,3683398274002,9.9641,9.7995,0.1646,3.9234,9.3944,9.3915,0.0029,1.0454,24741.1840,NA,18.5961,NA,NA
Endfield.exe,53680,0x125AB2630,DXGI,0,512,0,Composed: Flip,Application,3683398472423,NA,10.04260000000000,6.78660000000000,0.15170000000000,2.61000000000000,12.8090,126.3375,3683398373643,10.0297,9.8780,0.1517,3.3537,9.1343,9.1228,0.0115,NA,0.0000,NA,NA,NA,NA
Endfield.exe,53680,0x125AB2630,DXGI,0,512,0,Composed: Flip,Application,3683398575702,NA,10.32790000000000,16.65370000000000,0.16640000000000,4.15750000000000,19.1348,142.9912,3683398473940,10.3426,10.1762,0.1664,2.4583,11.8754,11.8754,0.0000,NA,0.0000,NA,NA,NA,NA
Endfield.exe,53680,0x125AB2630,DXGI,0,512,0,Composed: Flip,Application,3683398677481,NA,10.17790000000000,9.87150000000000,0.13110000000000,5.09840000000000,18.8284,152.8627,3683398577366,10.1426,10.0115,0.1311,3.9911,11.1188,11.1188,0.0000,NA,0.0000,NA,NA,NA,NA
Endfield.exe,53680,0x125AB2630,DXGI,0,512,0,Composed: Flip,Application,3683398781714,41.5553,10.42330000000000,15.13220000000000,0.18350000000000,3.53930000000000,23.5373,126.4396,3683398678792,10.4757,10.2922,0.1835,4.9673,8.8642,8.8618,0.0024,-6.8887,24782.7393,NA,25.0433,NA,NA
Endfield.exe,53680,0x125AB2630,DXGI,0,512,0,Composed: Flip,Application,3683398887420,NA,10.57060000000000,1.53660000000000,0.19800000000000,3.75190000000000,14.5033,127.9762,3683398783549,10.5851,10.3871,0.1980,3.3558,10.7832,10.7675,0.0157,NA,0.0000,NA,NA,NA,NA
Endfield.exe,53680,0x125AB2630,DXGI,0,512,0,Composed: Flip,Application,3683398984458,NA,9.70380000000000,6.81670000000000,0.17040000000000,4.18120000000000,11.6162,134.7929,3683398889400,9.6762,9.5058,0.1704,3.5539,10.1331,10.1331,0.0000,NA,0.0000,NA,NA,NA,NA
Endfield.exe,53680,0x125AB2630,DXGI,0,512,0,Composed: Flip,Application,3683399087875,NA,10.34170000000000,16.66060000000000,0.17170000000000,4.09330000000000,17.9351,151.4535,3683398986162,10.3430,10.1713,0.1717,4.0108,10.2538,10.2538,0.0000,NA,0.0000,NA,NA,NA,NA
Endfield.exe,53680,0x125AB2630,DXGI,0,512,0,Composed: Flip,Application,3683399193190,40.9728,10.53150000000000,9.85920000000000,0.19720000000000,3.56780000000000,17.2628,120.3399,3683399089592,10.5570,10.3598,0.1972,3.9216,10.0060,10.0037,0.0023,6.0997,24823.7121,NA,18.9171,NA,NA
Endfield.exe,53680,0x125AB2630,DXGI,0,512,0,Composed: Flip,Application,3683399295414,NA,10.22240000000000,6.81950000000000,0.18230000000000,2.60140000000000,13.8599,127.1594,3683399195162,10.2075,10.0252,0.1823,3.3706,9.2560,9.2395,0.0165,NA,0.0000,NA,NA,NA,NA
Endfield.exe,53680,0x125AB2630,DXGI,0,512,0,Composed: Flip,Application,3683399401881,NA,10.64670000000000,8.32180000000000,0.22500000000000,2.51670000000000,11.5350,135.4812,3683399297237,10.6894,10.4644,0.2250,2.4191,10.5620,10.5620,0.0000,NA,0.0000,NA,NA,NA,NA
Endfield.exe,53680,0x125AB2630,DXGI,0,512,0,Composed: Flip,Application,3683399501405,NA,9.95240000000000,16.68390000000000,0.15800000000000,4.10580000000000,18.2665,152.1651,3683399404131,9.8854,9.7274,0.1580,2.2917,11.5415,11.5415,0.0000,NA,0.0000,NA,NA,NA,NA
Endfield.exe,53680,0x125AB2630,DXGI,0,512,0,Composed: Flip,Application,3683399615228,41.7560,11.38230000000000,8.32060000000000,0.19190000000000,3.65220000000000,15.2048,118.7297,3683399502985,11.4162,11.2243,0.1919,3.9478,10.9287,10.9255,0.0032,1.6102,24865.4681,NA,18.0594,NA,NA
Endfield.exe,53680,0x125AB2630,DXGI,0,512,0,Composed: Flip,Application,3683399719555,NA,10.43270000000000,8.33810000000000,0.29290000000000,2.47640000000000,13.1102,127.0678,3683399617147,10.5337,10.2408,0.2929,3.4603,9.2569,9.2415,0.0154,NA,0.0000,NA,NA,NA,NA
Endfield.exe,53680,0x125AB2630,DXGI,0,512,0,Composed: Flip,Application,3683399819233,NA,9.96780000000000,9.83590000000000,0.13860000000000,2.50770000000000,12.9783,136.9037,3683399722484,9.8135,9.6749,0.1386,2.1835,9.9991,9.9991,0.0000,NA,0.0000,NA,NA,NA,NA
Endfield.exe,53680,0x125AB2630,DXGI,0,512,0,Composed: Flip,Application,3683399922313,NA,10.30800000000000,15.17330000000000,0.49920000000000,4.07180000000000,17.8436,152.0770,3683399820619,10.6686,10.1694,0.4992,2.3691,11.8721,11.8721,0.0000,NA,0.0000,NA,NA,NA,NA
Endfield.exe,53680,0x125AB2630,DXGI,0,512,0,Composed: Flip,Application,3683400023542,40.9107,10.12290000000000,8.31630000000000,0.18290000000000,3.77020000000000,16.0370,118.9926,3683399927305,9.8066,9.6237,0.1829,3.5726,9.8213,9.8182,0.0031,-0.7529,24906.3788,NA,16.6301,NA,NA
Endfield.exe,53680,0x125AB2630,DXGI,0,512,0,Composed: Flip,Application,3683400126851,NA,10.33090000000000,9.87280000000000,0.22850000000000,4.35280000000000,15.5789,128.8654,3683400025371,10.3765,10.1480,0.2285,3.5873,10.9135,10.8977,0.0158,NA,0.0000,NA,25.5959,NA,NA
Endfield.exe,53680,0x125AB2630,DXGI,0,512,0,Composed: Flip,Application,3683400228171,NA,10.13200000000000,6.79140000000000,0.18590000000000,2.33610000000000,12.2383,135.6568,3683400129136,10.0894,9.9035,0.1859,4.1243,8.1153,8.1153,0.0000,NA,0.0000,NA,NA,NA,NA
Endfield.exe,53680,0x125AB2630,DXGI,0,512,0,Composed: Flip,Application,3683400333071,NA,10.49000000000000,8.31860000000000,0.15360000000000,2.23450000000000,10.0669,143.9754,3683400230030,10.4577,10.3041,0.1536,2.1502,10.3884,10.3884,0.0000,NA,0.0000,NA,NA,NA,NA
Endfield.exe,53680,0x125AB2630,DXGI,0,512,0,Composed: Flip,Application,3683400453358,41.6624,12.02870000000000,16.67370000000000,0.21170000000000,4.35660000000000,14.7119,118.9867,3683400334607,12.0868,11.8751,0.2117,2.0809,14.1508,14.1484,0.0024,0.0059,24948.0412,NA,16.3778,NA,NA
Endfield.exe,53680,0x125AB2630,DXGI,0,512,0,Composed: Flip,Application,3683400555229,NA,10.18710000000000,9.85390000000000,0.14960000000000,3.18960000000000,14.3787,128.8406,3683400455475,10.1250,9.9754,0.1496,4.1449,9.0201,9.0058,0.0143,NA,0.0000,NA,NA,NA,NA
Endfield.exe,53680,0x125AB2630,DXGI,0,512,0,Composed: Flip,Application,3683400657986,NA,10.27570000000000,15.15760000000000,0.17450000000000,4.19740000000000,19.2606,143.9982,3683400556725,10.3006,10.1261,0.1745,3.0400,11.2835,11.2835,0.0000,NA,0.0000,NA,NA,NA,NA
Endfield.exe,53680,0x125AB2630,DXGI,0,512,0,Composed: Flip,Application,3683400761620,NA,10.36340000000000,8.34360000000000,0.15470000000000,4.05150000000000,17.2408,152.3418,3683400659731,10.3436,10.1889,0.1547,4.0229,10.2175,10.2175,0.0000,NA,0.0000,NA,NA,NA,NA
Endfield.exe,53680,0x125AB2630,DXGI,0,512,0,Composed: Flip,Application,3683400868438,43.0485,10.68180000000000,8.32990000000000,0.15930000000000,3.64400000000000,14.8889,117.6232,3683400763167,10.6864,10.5271,0.1593,3.8968,10.2743,10.2719,0.0024,1.3635,24991.0897,NA,18.0652,NA,NA
Endfield.exe,53680,0x125AB2630,DXGI,0,512,0,Composed: Flip,Application,3683400971236,NA,10.27980000000000,9.85080000000000,0.15150000000000,2.96610000000000,14.4599,127.4740,3683400870031,10.2720,10.1205,0.1515,3.4847,9.6019,9.5860,0.0159,NA,0.0000,NA,20.9128,NA,NA
Endfield.exe,53680,0x125AB2630,DXGI,0,512,0,Composed: Flip,Application,3683401075929,NA,10.46930000000000,6.80540000000000,0.19050000000000,4.01650000000000,10.7960,134.2794,3683400972751,10.5083,10.3178,0.1905,2.8146,11.5197,11.5197,0.0000,NA,0.0000,NA,NA,NA,NA
Endfield.exe,53680,0x125AB2630,DXGI,0,512,0,Composed: Flip,Application,3683401178200,NA,10.22710000000000,18.19710000000000,0.15090000000000,4.12910000000000,18.7660,152.4765,3683401077834,10.1875,10.0366,0.1509,3.8260,10.3397,10.3397,0.0000,NA,0.0000,NA,NA,NA,NA
Endfield.exe,53680,0x125AB2630,DXGI,0,512,0,Composed: Flip,Application,3683401283257,42.0128,10.50570000000000,15.12580000000000,0.14700000000000,3.62640000000000,23.3861,125.5895,3683401179709,10.5018,10.3548,0.1470,3.9782,10.0030,9.9997,0.0033,-7.9663,25033.1025,NA,25.0392,NA,NA
Endfield.exe,53680,0x125AB2630,DXGI,0,512,0,Composed: Flip,Application,3683401386076,NA,10.28190000000000,1.53240000000000,0.18180000000000,4.29700000000000,14.6366,127.1219,3683401284727,10.3167,10.1349,0.1818,3.4794,10.9525,10.9387,0.0138,NA,0.0000,NA,NA,NA,NA
Endfield.exe,53680,0x125AB2630,DXGI,0,512,0,Composed: Flip,Application,3683401489578,NA,10.35020000000000,6.80390000000000,0.15830000000000,4.22320000000000,11.0903,133.9258,3683401387894,10.3267,10.1684,0.1583,4.1152,10.2764,10.2764,0.0000,NA,0.0000,NA,NA,NA,NA
Endfield.exe,53680,0x125AB2630,DXGI,0,512,0,Composed: Flip,Application,3683401593453,NA,10.38750000000000,16.74530000000000,0.12840000000000,4.07930000000000,17.4481,150.6711,3683401491161,10.3576,10.2292,0.1284,4.0649,10.2436,10.2436,0.0000,NA,0.0000,NA,NA,NA,NA
Endfield.exe,53680,0x125AB2630,DXGI,0,512,0,Composed: Flip,Application,3683401700111,46.1867,10.66580000000000,9.78730000000000,0.97910000000000,3.71150000000000,16.5696,114.2717,3683401594737,11.5165,10.5374,0.9791,3.9509,10.2980,10.2949,0.0031,11.3178,25079.2892,NA,16.8746,NA,NA
Endfield.exe,53680,0x125AB2630,DXGI,0,512,0,Composed: Flip,Application,3683401804722,NA,10.46110000000000,6.80250000000000,0.18440000000000,4.44920000000000,12.9110,121.0742,3683401709902,9.6664,9.4820,0.1844,2.7324,11.1988,11.1860,0.0128,NA,0.0000,NA,17.4609,NA,NA
Endfield.exe,53680,0x125AB2630,DXGI,0,512,0,Composed: Flip,Application,3683401907795,NA,10.30730000000000,9.87150000000000,0.17750000000000,4.22720000000000,12.4752,130.9457,3683401806566,10.3004,10.1229,0.1775,4.2648,10.0853,10.0853,0.0000,NA,0.0000,NA,NA,NA,NA
Endfield.exe,53680,0x125AB2630,DXGI,0,512,0,Composed: Flip,Application,3683402011839,NA,10.40440000000000,15.13400000000000,0.19880000000000,3.19160000000000,17.2048,146.0797,3683401909570,10.4257,10.2269,0.1988,4.0497,9.3688,9.3688,0.0000,NA,0.0000,NA,NA,NA,NA
Endfield.exe,53680,0x125AB2630,DXGI,0,512,0,Composed: Flip,Application,3683402118645,36.2772,10.68060000000000,8.36640000000000,0.18570000000000,3.62950000000000,14.8906,118.5881,3683402013827,10.6675,10.4818,0.1857,2.9928,11.1185,11.1159,0.0026,-3.8972,25115.5664,NA,17.0760,NA,NA
Endfield.exe,53680,0x125AB2630,DXGI,0,512,0,Composed: Flip,Application,3683402223151,NA,10.45060000000000,8.29580000000000,0.25960000000000,3.27270000000000,12.7358,126.8839,3683402120502,10.5245,10.2649,0.2596,3.4438,10.0938,10.0803,0.0135,NA,0.0000,NA,NA,NA,NA
Endfield.exe,53680,0x125AB2630,DXGI,0,512,0,Composed: Flip,Application,3683402325835,NA,10.26840000000000,8.33980000000000,0.32940000000000,2.39370000000000,10.8072,135.2237,3683402225747,10.3382,10.0088,0.3294,3.0131,9.3894,9.3894,0.0000,NA,0.0000,NA,NA,NA,NA
Endfield.exe,53680,0x125AB2630,DXGI,0,512,0,Composed: Flip,Application,3683402430858,NA,10.50230000000000,24.98940000000000,0.15430000000000,4.05960000000000,25.2943,160.2131,3683402329129,10.3272,10.1729,0.1543,2.0643,12.1682,12.1682,0.0000,NA,0.0000,NA,NA,NA,NA
Endfield.exe,53680,0x125AB2630,DXGI,0,512,0,Composed: Flip,Application,3683402551584,49.1367,12.07260000000000,1.54330000000000,0.17250000000000,3.81870000000000,14.7650,112.6197,3683402432401,12.0908,11.9183,0.1725,3.9053,11.8317,11.8292,0.0025,5.9684,25164.7031,NA,17.2486,NA,NA
Endfield.exe,53680,0x125AB2630,DXGI,0,512,0,Composed: Flip,Application,3683402657582,NA,10.59980000000000,15.14390000000000,0.30640000000000,4.60020000000000,19.3091,127.7636,3683402553309,10.7337,10.4273,0.3064,3.6462,11.3813,11.3633,0.0180,NA,0.0000,NA,NA,NA,NA
Endfield.exe,53680,0x125AB2630,DXGI,0,512,0,Composed: Flip,Application,3683402759478,NA,10.18960000000000,8.32730000000000,0.17630000000000,4.13590000000000,17.4468,136.0909,3683402660646,10.0595,9.8832,0.1763,4.2938,9.7253,9.7253,0.0000,NA,0.0000,NA,NA,NA,NA
Endfield.exe,53680,0x125AB2630,DXGI,0,512,0,Composed: Flip,Application,3683402884470,NA,12.49920000000000,9.89560000000000,0.23340000000000,2.66710000000000,14.8432,145.9865,3683402761241,12.5563,12.3229,0.2334,3.9596,11.0304,11.0304,0.0000,NA,0.0000,NA,NA,NA,NA
Endfield.exe,53680,0x125AB2630,DXGI,0,512,0,Composed: Flip,Application,3683402973127,33.8315,8.86570000000000,15.09890000000000,0.29990000000000,6.86550000000000,21.0764,127.2539,3683402886804,8.9322,8.6323,0.2999,2.4337,13.0641,13.0613,0.0028,-14.6342,25198.5346,NA,24.7171,NA,NA
Endfield.exe,53680,0x125AB2630,DXGI,0,512,0,Composed: Flip,Application,3683403077138,NA,10.40110000000000,9.85890000000000,0.25620000000000,4.25390000000000,20.5342,137.1128,3683402976126,10.3574,10.1012,0.2562,6.5656,7.7895,7.7839,0.0056,NA,0.0000,NA,NA,NA,NA
Endfield.exe,53680,0x125AB2630,DXGI,0,512,0,Composed: Flip,Application,3683403179702,NA,10.25640000000000,6.82020000000000,0.19300000000000,4.17480000000000,17.0980,143.9330,3683403079700,10.1932,10.0002,0.1930,3.9977,10.1773,10.1773,0.0000,NA,0.0000,NA,NA,NA,NA
Endfield.exe,53680,0x125AB2630,DXGI,0,512,0,Composed: Flip,Application,3683403284133,NA,10.44310000000000,16.67330000000000,0.15720000000000,4.73670000000000,23.3282,160.6063,3683403181632,10.4073,10.2501,0.1572,3.9818,11.0050,11.0050,0.0000,NA,0.0000,NA,NA,NA,NA
Endfield.exe,53680,0x125AB2630,DXGI,0,512,0,Composed: Flip,Application,3683403387231,42.9499,10.30980000000000,1.51140000000000,0.18130000000000,4.11530000000000,14.5298,119.1678,3683403285705,10.3339,10.1526,0.1813,4.5795,9.6884,9.6851,0.0033,8.0861,25241.4845,NA,15.5723,NA,NA
Endfield.exe,53680,0x125AB2630,DXGI,0,512,0,Composed: Flip,Application,3683403491419,NA,10.41880000000000,6.80270000000000,0.25080000000000,2.39190000000000,10.9137,125.9705,3683403389044,10.4883,10.2375,0.2508,3.9340,8.6954,8.6795,0.0159,NA,0.0000,NA,NA,NA,NA
Endfield.exe,53680,0x125AB2630,DXGI,0,512,0,Composed: Flip,Application,3683403595856,NA,10.44370000000000,18.20960000000000,0.25990000000000,2.19510000000000,18.6796,144.1801,3683403493927,10.4528,10.1929,0.2599,2.1411,10.2469,10.2469,0.0000,NA,0.0000,NA,NA,NA,NA
Endfield.exe,53680,0x125AB2630,DXGI,0,512,0,Composed: Flip,Application,3683403702420,NA,10.65640000000000,6.79570000000000,0.17540000000000,3.95110000000000,14.8189,150.9758,3683403598455,10.5719,10.3965,0.1754,1.9352,12.4124,12.4124,0.0000,NA,0.0000,NA,NA,NA,NA
Endfield.exe,53680,0x125AB2630,DXGI,0,512,0,Composed: Flip,Application,3683403789099,41.3752,8.66790000000000,8.34480000000000,0.29380000000000,3.51950000000000,14.4958,117.9454,3683403704174,8.7863,8.4925,0.2938,3.7757,8.2363,8.2336,0.0027,1.2224,25282.8597,NA,16.7207,NA,NA
Endfield.exe,53680,0x125AB2630,DXGI,0,512,0,Composed: Flip,Application,3683403892889,NA,10.37900000000000,8.33760000000000,0.26410000000000,3.02870000000000,12.4544,126.2830,3683403792037,10.3493,10.0852,0.2641,3.2257,9.8882,9.8715,0.0167,NA,0.0000,NA,NA,NA,NA
Endfield.exe,53680,0x125AB2630,DXGI,0,512,0,Composed: Flip,Application,3683403996805,NA,10.39160000000000,16.65750000000000,0.23430000000000,3.73720000000000,18.7203,142.9405,3683403895530,10.3618,10.1275,0.2343,2.7646,11.1001,11.1001,0.0000,NA,0.0000,NA,NA,NA,NA
Endfield.exe,53680,0x125AB2630,DXGI,0,512,0,Composed: Flip,Application,3683404103537,NA,10.67320000000000,9.85030000000000,0.19720000000000,3.72880000000000,17.8974,152.7908,3683403999148,10.6361,10.4389,0.1972,3.5029,10.6648,10.6648,0.0000,NA,0.0000,NA,NA,NA,NA
Endfield.exe,53680,0x125AB2630,DXGI,0,512,0,Composed: Flip,Application,3683404217208,43.3495,11.36710000000000,6.82040000000000,0.26360000000000,3.77860000000000,13.3507,115.2637,3683404105509,11.4335,11.1699,0.2636,3.5316,11.4169,11.4144,0.0025,1.6837,25326.2092,NA,14.3876,NA,NA
Endfield.exe,53680,0x125AB2630,DXGI,0,512,0,Composed: Flip,Application,3683404325435,NA,10.82270000000000,9.85950000000000,0.33980000000000,3.61540000000000,12.3875,125.1232,3683404219844,10.8989,10.5591,0.3398,3.5150,10.6595,10.6413,0.0182,NA,0.0000,NA,NA,NA,NA
Endfield.exe,53680,0x125AB2630,DXGI,0,512,0,Composed: Flip,Application,3683404424863,NA,9.94280000000000,15.12050000000000,0.19900000000000,4.16200000000000,17.5652,140.2437,3683404328833,9.8020,9.6030,0.1990,3.2756,10.4894,10.4894,0.0000,NA,0.0000,NA,NA,NA,NA
Endfield.exe,53680,0x125AB2630,DXGI,0,512,0,Composed: Flip,Application,3683404531897,NA,10.70340000000000,9.88250000000000,0.21520000000000,3.98510000000000,16.7443,150.1262,3683404426853,10.7196,10.5044,0.2152,3.9630,10.5265,10.5265,0.0000,NA,0.0000,NA,NA,NA,NA
Endfield.exe,53680,0x125AB2630,DXGI,0,512,0,Composed: Flip,Application,3683404621315,39.2056,8.94180000000000,15.12030000000000,0.20730000000000,6.82760000000000,22.9228,126.0409,3683404534049,8.9339,8.7266,0.2073,3.7699,11.7843,11.7818,0.0025,-10.7772,25365.4148,NA,25.3767,NA,NA
Endfield.exe,53680,0x125AB2630,DXGI,0,512,0,Composed: Flip,Application,3683404726431,NA,10.51160000000000,1.53840000000000,0.26260000000000,3.75920000000000,13.9496,127.5793,3683404623388,10.5669,10.3043,0.2626,6.6203,7.4432,7.4362,0.0070,NA,0.0000,NA,NA,NA,NA
Endfield.exe,53680,0x125AB2630,DXGI,0,512,0,Composed: Flip,Application,3683404825868,NA,9.94370000000000,6.79260000000000,0.28070000000000,4.12950000000000,10.7985,134.3719,3683404729057,9.9618,9.6811,0.2807,3.4966,10.3140,10.3140,0.0000,NA,0.0000,NA,NA,NA,NA
Endfield.exe,53680,0x125AB2630,DXGI,0,512,0,Composed: Flip,Application,3683404931333,NA,10.54650000000000,16.68190000000000,0.19660000000000,3.98840000000000,16.9339,151.0538,3683404828675,10.4624,10.2658,0.1966,3.8488,10.4054,10.4054,0.0000,NA,0.0000,NA,NA,NA,NA
Endfield.exe,53680,0x125AB2630,DXGI,0,512,0,Composed: Flip,Application,3683405030720,44.0565,9.93870000000000,9.86450000000000,0.21410000000000,3.58920000000000,16.8597,116.8618,3683404933299,9.9562,9.7421,0.2141,3.7918,9.5395,9.5354,0.0041,9.1791,25409.4713,NA,19.2516,NA,NA
Endfield.exe,53680,0x125AB2630,DXGI,0,512,0,Composed: Flip,Application,3683405134565,NA,10.38450000000000,6.81980000000000,0.25190000000000,4.27260000000000,13.2950,123.6816,3683405032861,10.4223,10.1704,0.2519,3.3751,11.0679,11.0531,0.0148,NA,0.0000,NA,NA,NA,NA
Endfield.exe,53680,0x125AB2630,DXGI,0,512,0,Composed: Flip,Application,3683405235838,NA,10.12730000000000,8.31420000000000,0.19340000000000,2.51060000000000,11.4819,131.9958,3683405137084,10.0688,9.8754,0.1934,4.0207,8.3653,8.3653,0.0000,NA,0.0000,NA,NA,NA,NA
Endfield.exe,53680,0x125AB2630,DXGI,0,512,0,Composed: Flip,Application,3683405340562,NA,10.47240000000000,9.87580000000000,0.15990000000000,3.96380000000000,10.8853,141.8716,3683405237772,10.4389,10.2790,0.1599,2.3172,11.9256,11.9256,0.0000,NA,0.0000,NA,NA,NA,NA
Endfield.exe,53680,0x125AB2630,DXGI,0,512,0,Composed: Flip,Application,3683405440000,38.8590,9.94380000000000,23.45220000000000,0.20640000000000,3.58680000000000,24.3937,126.4648,3683405342161,9.9903,9.7839,0.2064,3.8039,9.5668,9.5638,0.0030,-9.6030,25448.3303,NA,26.7121,NA,NA
Endfield.exe,53680,0x125AB2630,DXGI,0,512,0,Composed: Flip,Application,3683405541605,NA,10.16050000000000,1.52480000000000,0.25410000000000,4.23960000000000,15.7580,127.9896,3683405442064,10.2082,9.9541,0.2541,3.3804,10.8133,10.7979,0.0154,NA,0.0000,NA,NA,NA,NA
Endfield.exe,53680,0x125AB2630,DXGI,0,512,0,Composed: Flip,Application,3683405643182,NA,10.15770000000000,6.85410000000000,0.16780000000000,2.44890000000000,12.4544,134.8437,3683405544146,10.0714,9.9036,0.1678,3.9855,8.3670,8.3670,0.0000,NA,0.0000,NA,NA,NA,NA
Endfield.exe,53680,0x125AB2630,DXGI,0,512,0,Composed: Flip,Application,3683405747298,NA,10.41160000000000,8.29070000000000,0.16090000000000,3.30010000000000,10.3335,143.1344,3683405644860,10.4047,10.2438,0.1609,2.2811,11.2628,11.2628,0.0000,NA,0.0000,NA,NA,NA,NA
Endfield.exe,53680,0x125AB2630,DXGI,0,512,0,Composed: Flip,Application,3683405851710,41.2196,10.44120000000000,9.91510000000000,0.19440000000000,3.66150000000000,9.8074,111.8299,3683405748907,10.4747,10.2803,0.1944,3.1392,10.8026,10.7994,0.0032,14.6349,25489.5499,NA,12.2969,NA,NA
Endfield.exe,53680,0x125AB2630,DXGI,0,512,0,Composed: Flip,Application,3683405955962,NA,10.42520000000000,15.05690000000000,0.33520000000000,4.04630000000000,14.4391,126.8868,3683405853654,10.5660,10.2308,0.3352,3.4671,10.8100,10.7946,0.0154,NA,0.0000,NA,NA,NA,NA
Endfield.exe,53680,0x125AB2630,DXGI,0,512,0,Composed: Flip,Application,3683406055151,NA,9.91890000000000,8.36320000000000,0.17280000000000,3.82620000000000,12.8834,135.2500,3683405959314,9.7565,9.5837,0.1728,3.7111,9.6988,9.6988,0.0000,NA,0.0000,NA,NA,NA,NA
Endfield.exe,53680,0x125AB2630,DXGI,0,512,0,Composed: Flip,Application,3683406158879,NA,10.37280000000000,8.34170000000000,0.16840000000000,3.95720000000000,10.8523,143.5917,3683406056879,10.3684,10.2000,0.1684,3.6534,10.5038,10.5038,0.0000,NA,0.0000,NA,NA,NA,NA
Endfield.exe,53680,0x125AB2630,DXGI,0,512,0,Composed: Flip,Application,3683406260837,41.1625,10.19580000000000,9.85600000000000,0.17060000000000,3.63360000000000,10.5125,112.2852,3683406160563,10.1980,10.0274,0.1706,3.7888,9.8722,9.8698,0.0024,-0.4553,25530.7124,NA,12.9114,NA,NA
Endfield.exe,53680,0x125AB2630,DXGI,0,512,0,Composed: Flip,Application,3683406376921,NA,11.60840000000000,15.15450000000000,0.34130000000000,4.04730000000000,14.0586,127.4397,3683406262543,11.7791,11.4378,0.3413,3.4630,12.0221,12.0040,0.0181,NA,0.0000,NA,NA,NA,NA
Endfield.exe,53680,0x125AB2630,DXGI,0,512,0,Composed: Flip,Application,3683406466863,NA,8.99420000000000,9.85520000000000,0.19060000000000,3.89900000000000,14.9196,137.2949,3683406380334,8.8435,8.6529,0.1906,3.7060,8.8459,8.8459,0.0000,NA,0.0000,NA,NA,NA,NA
Endfield.exe,53680,0x125AB2630,DXGI,0,512,0,Composed: Flip,Application,3683406568033,NA,10.11700000000000,6.79740000000000,0.14940000000000,3.59330000000000,11.6000,144.0923,3683406468769,10.0758,9.9264,0.1494,3.7084,9.8113,9.8113,0.0000,NA,0.0000,NA,NA,NA,NA
Endfield.exe,53680,0x125AB2630,DXGI,0,512,0,Composed: Flip,Application,3683406677742,41.0302,10.97090000000000,18.21140000000000,0.19290000000000,2.80190000000000,18.8405,121.2735,3683406569527,11.0144,10.8215,0.1929,3.4439,10.1795,10.1763,0.0032,-8.9883,25571.7426,NA,28.9276,NA,NA
Endfield.exe,53680,0x125AB2630,DXGI,0,512,0,Composed: Flip,Application,3683406771352,NA,9.36100000000000,15.13710000000000,0.19760000000000,4.36130000000000,24.6166,136.4106,3683406679671,9.3657,9.1681,0.1976,2.6090,10.9204,10.9066,0.0138,NA,0.0000,NA,NA,NA,NA
Endfield.exe,53680,0x125AB2630,DXGI,0,512,0,Composed: Flip,Application,3683406874081,NA,10.27290000000000,1.52450000000000,0.22420000000000,4.79160000000000,15.8682,137.9351,3683406773328,10.2995,10.0753,0.2242,4.1637,10.7032,10.7032,0.0000,NA,0.0000,NA,NA,NA,NA
Endfield.exe,53680,0x125AB2630,DXGI,0,512,0,Composed: Flip,Application,3683406975720,NA,10.16390000000000,6.79000000000000,0.14000000000000,2.62250000000000,12.4943,144.7251,3683406876323,10.0797,9.9397,0.1400,4.5674,7.9948,7.9948,0.0000,NA,0.0000,NA,NA,NA,NA
Endfield.exe,53680,0x125AB2630,DXGI,0,512,0,Composed: Flip,Application,3683407093107,40.7671,11.73870000000000,16.69000000000000,0.19060000000000,3.63500000000000,17.4456,122.8202,3683406977120,11.7893,11.5987,0.1906,2.4825,12.7512,12.7497,0.0015,0.6255,25612.5097,NA,NA,NA,NA
Endfield.exe,53680,0x125AB2630,DXGI,0,512,0,Composed: Flip,Application,3683407194305,NA,10.11980000000000,8.31230000000000,0.18740000000000,4.07740000000000,15.6381,131.1325,3683407095013,10.1166,9.9292,0.1874,3.4444,10.5622,10.5439,0.0183,NA,0.0000,NA,NA,NA,NA
Endfield.exe,53680,0x125AB2630,DXGI,0,512,0,Composed: Flip,Application,3683407294708,NA,10.04030000000000,8.31270000000000,0.21230000000000,2.65660000000000,13.9105,139.4452,3683407196179,10.0652,9.8529,0.2123,3.8900,8.6195,8.6195,0.0000,NA,0.0000,NA,NA,NA,NA
Endfield.exe,53680,0x125AB2630,DXGI,0,512,0,Composed: Flip,Application,3683407397820,NA,10.31120000000000,8.36210000000000,0.13300000000000,2.88710000000000,11.9614,147.8073,3683407296831,10.2319,10.0989,0.1330,2.4443,10.5417,10.5417,0.0000,NA,0.0000,NA,NA,NA,NA
Endfield.exe,53680,0x125AB2630,DXGI,0,512,0,Composed: Flip,Application,3683407512039,41.0313,11.42190000000000,18.19410000000000,0.15410000000000,3.61140000000000,18.7336,124.9701,3683407399150,11.4430,11.2889,0.1541,2.7541,12.1462,12.1449,0.0013,-2.1499,25653.5410,NA,23.2473,NA,NA
Endfield.exe,53680,0x125AB2630,DXGI,0,512,0,Composed: Flip,Application,3683407613247,NA,10.12080000000000,6.82790000000000,0.14140000000000,4.30900000000000,15.4407,131.7980,3683407513580,10.1081,9.9667,0.1414,3.4573,10.8184,10.8055,0.0129,NA,0.0000,NA,NA,NA,NA
Endfield.exe,53680,0x125AB2630,DXGI,0,512,0,Composed: Flip,Application,3683407716510,NA,10.32630000000000,8.29180000000000,0.17040000000000,4.56100000000000,13.4062,140.0898,3683407614661,10.3553,10.1849,0.1704,4.1676,10.5783,10.5783,0.0000,NA,0.0000,NA,NA,NA,NA
Endfield.exe,53680,0x125AB2630,DXGI,0,512,0,Composed: Flip,Application,3683407818597,NA,10.20870000000000,9.89480000000000,0.12490000000000,2.51250000000000,13.0923,149.9846,3683407718214,10.1632,10.0383,0.1249,4.3906,8.1602,8.1602,0.0000,NA,0.0000,NA,NA,NA,NA
Endfield.exe,53680,0x125AB2630,DXGI,0,512,0,Composed: Flip,Application,3683407917488,41.4701,9.88910000000000,15.09430000000000,0.20030000000000,3.74960000000000,18.2975,123.6088,3683407819846,9.9645,9.7642,0.2003,2.3876,11.1262,11.1235,0.0027,1.3613,25695.0111,NA,22.3517,NA,NA
Endfield.exe,53680,0x125AB2630,DXGI,0,512,0,Composed: Flip,Application,3683408022615,NA,10.51270000000000,9.88350000000000,0.17990000000000,4.15320000000000,17.6683,133.4923,3683407919491,10.4923,10.3124,0.1799,3.5493,10.9163,10.8983,0.0180,NA,0.0000,NA,NA,NA,NA
Endfield.exe,53680,0x125AB2630,DXGI,0,512,0,Composed: Flip,Application,3683408122370,NA,9.97550000000000,7.07260000000000,0.16120000000000,4.38650000000000,14.7654,140.5649,3683408024414,9.9568,9.7956,0.1612,3.9733,10.2088,10.2088,0.0000,NA,0.0000,NA,NA,NA,NA
Endfield.exe,53680,0x125AB2630,DXGI,0,512,0,Composed: Flip,Application,3683408225247,NA,10.28770000000000,8.04990000000000,0.13000000000000,3.58470000000000,12.5276,148.6148,3683408123982,10.2565,10.1265,0.1300,4.2253,9.4859,9.4859,0.0000,NA,0.0000,NA,NA,NA,NA
Endfield.exe,53680,0x125AB2630,DXGI,0,512,0,Composed: Flip,Application,3683408334073,45.3436,10.88260000000000,9.88310000000000,0.14170000000000,3.74940000000000,11.5281,113.3735,3683408226547,10.8943,10.7526,0.1417,3.4547,11.0473,11.0455,0.0018,10.4545,25740.3547,NA,26.2315,26.2315,NA
Endfield.exe,53680,0x125AB2630,DXGI,0,512,0,Composed: Flip,Application,3683408438321,NA,10.42480000000000,15.12110000000000,0.15890000000000,4.16480000000000,16.2244,128.4946,3683408335490,10.4420,10.2831,0.1589,3.6077,10.8402,10.8233,0.0169,NA,0.0000,NA,NA,NA,NA
Endfield.exe,53680,0x125AB2630,DXGI,0,512,0,Composed: Flip,Application,3683408540687,NA,10.23660000000000,8.33160000000000,0.17810000000000,4.88380000000000,14.3194,136.8262,3683408439910,10.2558,10.0777,0.1781,4.0059,10.9556,10.9556,0.0000,NA,0.0000,NA,NA,NA,NA
Endfield.exe,53680,0x125AB2630,DXGI,0,512,0,Composed: Flip,Application,3683408644147,NA,10.34600000000000,9.88430000000000,0.25220000000000,3.32690000000000,13.8577,146.7105,3683408542468,10.4201,10.1679,0.2522,4.7057,8.7891,8.7891,0.0000,NA,0.0000,NA,NA,NA,NA
Endfield.exe,53680,0x125AB2630,DXGI,0,512,0,Composed: Flip,Application,3683408736509,37.7645,9.23620000000000,16.65930000000000,0.15180000000000,5.30110000000000,21.2808,125.6053,3683408646669,9.1358,8.9840,0.1518,3.0747,11.2104,11.2079,0.0025,-12.2318,25778.1192,NA,NA,NA,NA
Endfield.exe,53680,0x125AB2630,DXGI,0,512,0,Composed: Flip,Application,3683408840992,NA,10.44830000000000,6.82680000000000,0.15480000000000,4.18810000000000,17.6593,132.4321,3683408738027,10.4513,10.2965,0.1548,5.1493,9.3353,9.3183,0.0170,NA,0.0000,NA,NA,NA,NA
Endfield.exe,53680,0x125AB2630,DXGI,0,512,0,Composed: Flip,Application,3683408941419,NA,10.04270000000000,8.33710000000000,0.14710000000000,4.25560000000000,15.9537,140.7692,3683408842540,10.0350,9.8879,0.1471,4.0333,10.1102,10.1102,0.0000,NA,0.0000,NA,NA,NA,NA
Endfield.exe,53680,0x125AB2630,DXGI,0,512,0,Composed: Flip,Application,3683409046543,NA,10.51240000000000,16.66110000000000,0.14960000000000,4.21830000000000,22.1024,157.4303,3683408942890,10.5149,10.3653,0.1496,4.1085,10.4751,10.4751,0.0000,NA,0.0000,NA,NA,NA,NA
Endfield.exe,53680,0x125AB2630,DXGI,0,512,0,Composed: Flip,Application,3683409136999,41.8957,9.04560000000000,1.50330000000000,0.17190000000000,4.06460000000000,14.5601,117.0379,3683409048039,9.0679,8.8960,0.1719,4.0687,8.8919,8.8888,0.0031,8.5674,25820.0149,NA,NA,NA,NA
Endfield.exe,53680,0x125AB2630,DXGI,0,512,0,Composed: Flip,Application,3683409240644,NA,10.36450000000000,6.80200000000000,0.16500000000000,2.50540000000000,10.9976,123.8399,3683409138718,10.3576,10.1926,0.1650,3.8927,8.8053,8.7934,0.0119,NA,0.0000,NA,NA,NA,NA
Endfield.exe,53680,0x125AB2630,DXGI,0,512,0,Composed: Flip,Application,3683409343915,NA,10.32710000000000,18.20090000000000,0.14260000000000,9.96490000000000,18.8714,142.0408,3683409242294,10.3047,10.1621,0.1426,2.3404,17.7866,17.7866,0.0000,NA,0.0000,NA,NA,NA,NA
Endfield.exe,53680,0x125AB2630,DXGI,0,512,0,Composed: Flip,Application,3683409447745,NA,10.38300000000000,6.77310000000000,0.16490000000000,4.76140000000000,15.2615,148.8139,3683409345341,10.4053,10.2404,0.1649,9.8223,5.1795,5.1795,0.0000,NA,0.0000,NA,NA,NA,NA
Endfield.exe,53680,0x125AB2630,DXGI,0,512,0,Composed: Flip,Application,3683409539135,39.6210,9.13900000000000,8.33700000000000,0.33580000000000,3.63440000000000,14.4595,117.5299,3683409449394,9.3099,8.9741,0.3358,4.5965,8.0120,8.0089,0.0031,-0.4920,25859.6359,NA,16.6796,27.6709,NA
Endfield.exe,53680,0x125AB2630,DXGI,0,512,0,Composed: Flip,Application,3683409638817,NA,9.96820000000000,8.39230000000000,0.25180000000000,3.26440000000000,12.8836,125.9222,3683409542493,9.8842,9.6324,0.2518,3.2986,9.5982,9.5870,0.0112,NA,0.0000,NA,NA,NA,NA
Endfield.exe,53680,0x125AB2630,DXGI,0,512,0,Composed: Flip,Application,3683409739670,NA,10.08530000000000,9.83170000000000,0.23050000000000,4.19760000000000,12.6300,135.7539,3683409641335,10.0640,9.8335,0.2305,3.0126,11.0185,11.0185,0.0000,NA,0.0000,NA,NA,NA,NA
Endfield.exe,53680,0x125AB2630,DXGI,0,512,0,Composed: Flip,Application,3683409841875,NA,10.22050000000000,15.13210000000000,0.41160000000000,3.96740000000000,17.5416,150.8860,3683409741975,10.4016,9.9900,0.4116,3.9671,9.9903,9.9903,0.0000,NA,0.0000,NA,NA,NA,NA
Endfield.exe,53680,0x125AB2630,DXGI,0,512,0,Composed: Flip,Application,3683409952086,39.8405,11.02110000000000,8.32660000000000,0.18920000000000,3.71160000000000,14.8471,119.3721,3683409845991,10.7987,10.6095,0.1892,3.5558,10.7653,10.7630,0.0023,-1.8422,25899.4764,NA,15.3651,NA,NA
Endfield.exe,53680,0x125AB2630,DXGI,0,512,0,Composed: Flip,Application,3683410054146,NA,10.20600000000000,9.88090000000000,0.27380000000000,3.06270000000000,14.5220,129.2530,3683409953978,10.2906,10.0168,0.2738,3.5224,9.5571,9.5411,0.0160,NA,0.0000,NA,24.2443,NA,NA
Endfield.exe,53680,0x125AB2630,DXGI,0,512,0,Composed: Flip,Application,3683410153014,NA,9.88680000000000,6.82070000000000,0.13770000000000,4.28390000000000,11.4559,136.0737,3683410056884,9.7507,9.6130,0.1377,2.7889,11.1080,11.1080,0.0000,NA,0.0000,NA,NA,NA,NA
Endfield.exe,53680,0x125AB2630,DXGI,0,512,0,Composed: Flip,Application,3683410255016,NA,10.20020000000000,18.21890000000000,0.13210000000000,4.09810000000000,19.4746,154.2926,3683410154391,10.1946,10.0625,0.1321,4.1462,10.0144,10.0144,0.0000,NA,0.0000,NA,NA,NA,NA
Endfield.exe,53680,0x125AB2630,DXGI,0,512,0,Composed: Flip,Application,3683410363711,41.9961,10.86950000000000,6.74950000000000,0.21680000000000,3.69750000000000,15.3546,119.0460,3683410256337,10.9542,10.7374,0.2168,3.9660,10.4689,10.4666,0.0023,0.3261,25941.4725,NA,16.0307,NA,NA
Endfield.exe,53680,0x125AB2630,DXGI,0,512,0,Composed: Flip,Application,3683410467106,NA,10.33950000000000,16.66530000000000,0.17890000000000,3.90010000000000,21.6804,135.7113,3683410365879,10.3016,10.1227,0.1789,3.4807,10.5421,10.5260,0.0161,NA,0.0000,NA,NA,NA,NA
Endfield.exe,53680,0x125AB2630,DXGI,0,512,0,Composed: Flip,Application,3683410565760,NA,9.86540000000000,1.53730000000000,0.17330000000000,2.98570000000000,13.3523,137.2486,3683410468895,9.8598,9.6865,0.1733,3.7212,8.9510,8.9510,0.0000,NA,0.0000,NA,NA,NA,NA
Endfield.exe,53680,0x125AB2630,DXGI,0,512,0,Composed: Flip,Application,3683410666915,NA,10.11550000000000,15.12640000000000,0.14170000000000,4.13290000000000,18.3632,152.3750,3683410567493,10.0839,9.9422,0.1417,2.8124,11.2627,11.2627,0.0000,NA,0.0000,NA,NA,NA,NA
Endfield.exe,53680,0x125AB2630,DXGI,0,512,0,Composed: Flip,Application,3683410769289,43.2712,10.23740000000000,8.33290000000000,0.21280000000000,3.67500000000000,16.4587,119.0372,3683410668332,10.3085,10.0957,0.2128,3.9912,9.7795,9.7770,0.0025,1.6093,25984.7437,NA,17.6881,NA,NA
Endfield.exe,53680,0x125AB2630,DXGI,0,512,0,Composed: Flip,Application,3683410871068,NA,10.17790000000000,8.39120000000000,0.19260000000000,4.41940000000000,14.6720,127.4284,3683410771417,10.1577,9.9651,0.1926,3.4622,10.9223,10.9064,0.0159,NA,0.0000,NA,NA,NA,NA
Endfield.exe,53680,0x125AB2630,DXGI,0,512,0,Composed: Flip,Application,3683410969476,NA,9.84080000000000,8.25760000000000,0.20140000000000,2.53550000000000,13.0888,135.6860,3683410872994,9.8496,9.6482,0.2014,4.2268,7.9569,7.9569,0.0000,NA,0.0000,NA,NA,NA,NA
Endfield.exe,53680,0x125AB2630,DXGI,0,512,0,Composed: Flip,Application,3683411071192,NA,10.17160000000000,8.34260000000000,0.22030000000000,2.16600000000000,11.2598,144.0286,3683410971490,10.1905,9.9702,0.2203,2.3341,9.8021,9.8021,0.0000,NA,0.0000,NA,NA,NA,NA
Endfield.exe,53680,0x125AB2630,DXGI,0,512,0,Composed: Flip,Application,3683411184759,39.4721,11.35670000000000,18.23740000000000,0.15140000000000,3.77460000000000,18.1405,122.7939,3683411073395,11.2878,11.1364,0.1514,1.9457,12.9653,12.9630,0.0023,-3.7567,26024.2158,NA,20.9151,NA,NA
Endfield.exe,53680,0x125AB2630,DXGI,0,512,0,Composed: Flip,Application,3683411317020,NA,13.22610000000000,6.76860000000000,0.20230000000000,4.36870000000000,11.6830,129.5625,3683411186273,13.2770,13.0747,0.2023,3.6232,13.8202,13.8088,0.0114,NA,0.0000,NA,NA,NA,NA
Endfield.exe,53680,0x125AB2630,DXGI,0,512,0,Composed: Flip,Application,3683411390038,NA,7.30180000000000,8.38870000000000,0.17090000000000,4.37420000000000,12.7699,137.9512,3683411319043,7.2704,7.0995,0.1709,4.1664,7.3073,7.3073,0.0000,NA,0.0000,NA,NA,NA,NA
Endfield.exe,53680,0x125AB2630,DXGI,0,512,0,Composed: Flip,Application,3683411489937,NA,9.98990000000000,9.85030000000000,0.12320000000000,4.00580000000000,12.6303,147.8015,3683411391747,9.9422,9.8190,0.1232,4.2033,9.6215,9.6215,0.0000,NA,0.0000,NA,NA,NA,NA
Endfield.exe,53680,0x125AB2630,DXGI,0,512,0,Composed: Flip,Application,3683411593880,40.1690,10.39430000000000,15.14690000000000,0.15030000000000,3.73960000000000,17.3829,122.7794,3683411491169,10.4214,10.2711,0.1503,3.8826,10.1281,10.1250,0.0031,0.0145,26064.3848,NA,20.0580,NA,NA
Endfield.exe,53680,0x125AB2630,DXGI,0,512,0,Composed: Flip,Application,3683411697492,NA,10.36120000000000,8.27620000000000,0.21340000000000,4.17120000000000,15.2979,131.0556,3683411595383,10.4243,10.2109,0.2134,3.5893,10.7928,10.7754,0.0174,NA,0.0000,NA,NA,NA,NA
Endfield.exe,53680,0x125AB2630,DXGI,0,512,0,Composed: Flip,Application,3683411798761,NA,10.12690000000000,8.36190000000000,0.20420000000000,4.77280000000000,13.5329,139.4175,3683411699626,10.1177,9.9135,0.2042,3.9578,10.7285,10.7285,0.0000,NA,0.0000,NA,NA,NA,NA
Endfield.exe,53680,0x125AB2630,DXGI,0,512,0,Composed: Flip,Application,3683411900608,NA,10.18470000000000,8.33140000000000,0.15310000000000,4.12910000000000,11.6796,147.7489,3683411800803,10.1336,9.9805,0.1531,4.5686,9.5410,9.5410,0.0000,NA,0.0000,NA,NA,NA,NA
Endfield.exe,53680,0x125AB2630,DXGI,0,512,0,Composed: Flip,Application,3683412012215,40.3847,11.16070000000000,25.01020000000000,0.18830000000000,3.83530000000000,25.5291,132.3744,3683411902139,11.1959,11.0076,0.1883,3.9760,10.8669,10.8641,0.0028,-9.5950,26104.7695,NA,28.0470,NA,NA
Endfield.exe,53680,0x125AB2630,DXGI,0,512,0,Composed: Flip,Application,3683412137915,NA,12.57000000000000,1.51630000000000,0.30290000000000,4.70110000000000,14.4754,133.8907,3683412014098,12.6846,12.3817,0.3029,3.6470,13.4358,13.4172,0.0186,NA,0.0000,NA,24.5668,NA,NA
Endfield.exe,53680,0x125AB2630,DXGI,0,512,0,Composed: Flip,Application,3683412217000,NA,7.90850000000000,6.79240000000000,0.14650000000000,4.21780000000000,13.3593,140.6831,3683412140944,7.7521,7.6056,0.1465,4.3982,7.4252,7.4252,0.0000,NA,0.0000,NA,NA,NA,NA
Endfield.exe,53680,0x125AB2630,DXGI,0,512,0,Composed: Flip,Application,3683412321070,NA,10.40700000000000,10.00820000000000,0.22900000000000,2.37510000000000,12.9605,150.6913,3683412218465,10.4895,10.2605,0.2290,4.0713,8.5643,8.5643,0.0000,NA,0.0000,NA,NA,NA,NA
Endfield.exe,53680,0x125AB2630,DXGI,0,512,0,Composed: Flip,Application,3683412429954,41.1387,10.88840000000000,14.98890000000000,0.15460000000000,3.53620000000000,17.0610,124.5415,3683412323360,10.8140,10.6594,0.1546,2.1461,12.0495,12.0466,0.0029,7.8329,26145.9082,NA,19.3514,NA,NA
Endfield.exe,53680,0x125AB2630,DXGI,0,512,0,Composed: Flip,Application,3683412530845,NA,10.08910000000000,8.33790000000000,0.15380000000000,4.18540000000000,15.3098,132.8794,3683412431500,10.0883,9.9345,0.1538,3.3816,10.7383,10.7198,0.0185,NA,0.0000,NA,NA,NA,NA
Endfield.exe,53680,0x125AB2630,DXGI,0,512,0,Composed: Flip,Application,3683412634349,NA,10.35040000000000,8.37360000000000,0.16080000000000,4.15140000000000,13.3330,141.2530,3683412532383,10.3574,10.1966,0.1608,4.0316,10.3164,10.3164,0.0000,NA,0.0000,NA,NA,NA,NA
Endfield.exe,53680,0x125AB2630,DXGI,0,512,0,Composed: Flip,Application,3683412736693,NA,10.23440000000000,9.83810000000000,0.12980000000000,2.15840000000000,12.9367,151.0911,3683412635957,10.2034,10.0736,0.1298,3.9906,8.2414,8.2414,0.0000,NA,0.0000,NA,NA,NA,NA
Endfield.exe,53680,0x125AB2630,DXGI,0,512,0,Composed: Flip,Application,3683412834333,46.4912,9.76400000000000,15.15680000000000,0.13690000000000,3.75270000000000,18.3295,121.9268,3683412737991,9.7711,9.6342,0.1369,2.0286,11.3583,11.3555,0.0028,4.7848,26192.3994,NA,22.0551,NA,NA
Endfield.exe,53680,0x125AB2630,DXGI,0,512,0,Composed: Flip,Application,3683412940054,NA,10.57210000000000,8.31460000000000,0.21700000000000,3.95050000000000,16.0720,130.2414,3683412835702,10.6522,10.4352,0.2170,3.6158,10.7699,10.7569,0.0130,NA,0.0000,NA,NA,NA,NA
Endfield.exe,53680,0x125AB2630,DXGI,0,512,0,Composed: Flip,Application,3683413040441,NA,10.03870000000000,8.31820000000000,0.14620000000000,4.65230000000000,14.3515,138.5596,3683412942224,9.9679,9.8217,0.1462,3.7335,10.7405,10.7405,0.0000,NA,0.0000,NA,NA,NA,NA
Endfield.exe,53680,0x125AB2630,DXGI,0,512,0,Composed: Flip,Application,3683413142355,NA,10.19140000000000,8.36800000000000,0.12170000000000,3.23250000000000,12.5281,146.9276,3683413041903,10.1669,10.0452,0.1217,4.5061,8.7716,8.7716,0.0000,NA,0.0000,NA,NA,NA,NA
Endfield.exe,53680,0x125AB2630,DXGI,0,512,0,Composed: Flip,Application,3683413251117,36.8723,10.87620000000000,9.89670000000000,0.17620000000000,3.70020000000000,11.5486,119.9520,3683413143572,10.9307,10.7545,0.1762,3.1108,11.3439,11.3425,0.0014,1.9748,26229.2717,NA,13.9576,NA,NA
Endfield.exe,53680,0x125AB2630,DXGI,0,512,0,Composed: Flip,Application,3683413355522,NA,10.44050000000000,15.11890000000000,0.19950000000000,4.22850000000000,16.2270,135.0709,3683413252879,10.4638,10.2643,0.1995,3.5240,10.9688,10.9538,0.0150,NA,0.0000,NA,NA,NA,NA
Endfield.exe,53680,0x125AB2630,DXGI,0,512,0,Composed: Flip,Application,3683413458347,NA,10.28250000000000,8.28840000000000,0.33280000000000,4.88420000000000,14.2329,143.3593,3683413357517,10.4158,10.0830,0.3328,4.0290,10.9382,10.9382,0.0000,NA,0.0000,NA,NA,NA,NA
Endfield.exe,53680,0x125AB2630,DXGI,0,512,0,Composed: Flip,Application,3683413563659,NA,10.53120000000000,9.93170000000000,0.17260000000000,3.08590000000000,13.6334,153.2910,3683413461675,10.3710,10.1984,0.1726,4.5514,8.7329,8.7329,0.0000,NA,0.0000,NA,NA,NA,NA
Endfield.exe,53680,0x125AB2630,DXGI,0,512,0,Composed: Flip,Application,3683413650951,40.5396,8.72920000000000,6.77940000000000,0.14150000000000,3.80470000000000,11.6836,119.5308,3683413565385,8.6981,8.5566,0.1415,2.9133,9.4480,9.4457,0.0023,0.4212,26269.8113,NA,16.2565,NA,NA
Endfield.exe,53680,0x125AB2630,DXGI,0,512,0,Composed: Flip,Application,3683413754950,NA,10.39990000000000,18.18590000000000,0.15710000000000,4.36850000000000,19.4696,137.7167,3683413652366,10.4155,10.2584,0.1571,3.6632,10.9637,10.9503,0.0134,NA,0.0000,NA,NA,NA,NA
Endfield.exe,53680,0x125AB2630,DXGI,0,512,0,Composed: Flip,Application,3683413857415,NA,10.24650000000000,6.81520000000000,0.14990000000000,4.46500000000000,16.0383,144.5319,3683413756521,10.2393,10.0894,0.1499,4.2114,10.3430,10.3430,0.0000,NA,0.0000,NA,NA,NA,NA
Endfield.exe,53680,0x125AB2630,DXGI,0,512,0,Composed: Flip,Application,3683413960612,NA,10.31970000000000,8.28800000000000,0.13510000000000,4.76270000000000,14.0066,152.8199,3683413858914,10.3049,10.1698,0.1351,4.3151,10.6174,10.6174,0.0000,NA,0.0000,NA,NA,NA,NA
Endfield.exe,53680,0x125AB2630,DXGI,0,512,0,Composed: Flip,Application,3683414065260,42.5712,10.46480000000000,8.33470000000000,0.15200000000000,3.83860000000000,11.8765,118.5834,3683413961963,10.4817,10.3297,0.1520,4.6276,9.5407,9.5377,0.0030,0.9474,26312.3825,NA,48.6941,NA,NA
Endfield.exe,53680,0x125AB2630,DXGI,0,512,0,Composed: Flip,Application,3683414170420,NA,10.51600000000000,18.21350000000000,0.21540000000000,4.20790000000000,19.5740,136.7969,3683414066780,10.5794,10.3640,0.2154,3.6866,10.8853,10.8689,0.0164,NA,0.0000,NA,NA,NA,NA
Endfield.exe,53680,0x125AB2630,DXGI,0,512,0,Composed: Flip,Application,3683414273600,NA,10.31800000000000,6.77050000000000,0.16490000000000,4.33440000000000,16.0265,143.5674,3683414172574,10.2675,10.1026,0.1649,3.9925,10.4445,10.4445,0.0000,NA,0.0000,NA,NA,NA,NA
Endfield.exe,53680,0x125AB2630,DXGI,0,512,0,Composed: Flip,Application,3683414377172,NA,10.35720000000000,8.39190000000000,0.14230000000000,4.74610000000000,14.0612,151.9593,3683414275249,10.3346,10.1923,0.1423,4.1695,10.7689,10.7689,0.0000,NA,0.0000,NA,NA,NA,NA
Endfield.exe,53680,0x125AB2630,DXGI,0,512,0,Composed: Flip,Application,3683414466165,39.3586,8.89930000000000,9.83420000000000,0.13170000000000,4.66880000000000,14.9961,122.4349,3683414378595,8.8887,8.7570,0.1317,4.6038,8.8220,8.8198,0.0022,-3.8515,26351.7411,NA,NA,NA,NA
Endfield.exe,53680,0x125AB2630,DXGI,0,512,0,Composed: Flip,Application,3683414568442,NA,10.22770000000000,6.77310000000000,0.21150000000000,2.71910000000000,11.5415,129.2080,3683414467482,10.3075,10.0960,0.2115,4.5371,8.2780,8.2671,0.0109,NA,0.0000,NA,NA,NA,NA
Endfield.exe,53680,0x125AB2630,DXGI,0,512,0,Composed: Flip,Application,3683414670282,NA,10.18400000000000,18.24360000000000,0.13940000000000,4.17100000000000,19.6011,147.4516,3683414570557,10.1119,9.9725,0.1394,2.5076,11.6359,11.6359,0.0000,NA,0.0000,NA,NA,NA,NA
Endfield.exe,53680,0x125AB2630,DXGI,0,512,0,Composed: Flip,Application,3683414773704,NA,10.34220000000000,6.75490000000000,0.14990000000000,4.48370000000000,16.0138,154.2065,3683414671676,10.3527,10.2028,0.1499,4.0316,10.6549,10.6549,0.0000,NA,0.0000,NA,NA,NA,NA
Endfield.exe,53680,0x125AB2630,DXGI,0,512,0,Composed: Flip,Application,3683414868351,40.4227,9.46470000000000,16.65490000000000,0.15720000000000,3.82200000000000,23.2040,130.4387,3683414775203,9.4720,9.3148,0.1572,4.3338,8.8030,8.8007,0.0023,-8.0038,26392.1638,NA,NA,NA,NA
Endfield.exe,53680,0x125AB2630,DXGI,0,512,0,Composed: Flip,Application,3683414971072,NA,10.27210000000000,1.58370000000000,0.16370000000000,2.57690000000000,14.5156,132.0224,3683414869923,10.2786,10.1149,0.1637,3.6648,9.0270,9.0119,0.0151,NA,0.0000,NA,NA,NA,NA
Endfield.exe,53680,0x125AB2630,DXGI,0,512,0,Composed: Flip,Application,3683415070580,NA,9.95080000000000,6.77320000000000,0.12750000000000,4.37600000000000,11.3380,138.7956,3683414972709,9.9146,9.7871,0.1275,2.4132,11.7499,11.7499,0.0000,NA,0.0000,NA,NA,NA,NA
Endfield.exe,53680,0x125AB2630,DXGI,0,512,0,Composed: Flip,Application,3683415172355,NA,10.17750000000000,8.40350000000000,0.18480000000000,2.01150000000000,9.5640,147.1991,3683415071855,10.2348,10.0500,0.1848,4.2485,7.8130,7.8130,0.0000,NA,0.0000,NA,NA,NA,NA
Endfield.exe,53680,0x125AB2630,DXGI,0,512,0,Composed: Flip,Application,3683415297492,40.2508,12.51370000000000,18.15820000000000,0.13210000000000,4.15510000000000,15.2085,125.1065,3683415174203,12.4610,12.3289,0.1321,1.8267,14.6573,14.6546,0.0027,5.3322,26432.4146,NA,NA,NA,NA
Endfield.exe,53680,0x125AB2630,DXGI,0,512,0,Composed: Flip,Application,3683415400691,NA,10.31990000000000,6.80970000000000,0.20000000000000,4.35030000000000,11.6983,131.9162,3683415298813,10.3878,10.1878,0.2000,4.0230,10.5151,10.5020,0.0131,NA,0.0000,NA,NA,NA,NA
Endfield.exe,53680,0x125AB2630,DXGI,0,512,0,Composed: Flip,Application,3683415500492,NA,9.98010000000000,18.20120000000000,0.13270000000000,4.25800000000000,19.9194,150.1174,3683415402691,9.9128,9.7801,0.1327,4.1503,9.8878,9.8878,0.0000,NA,0.0000,NA,NA,NA,NA
Endfield.exe,53680,0x125AB2630,DXGI,0,512,0,Composed: Flip,Application,3683415604971,NA,10.44790000000000,6.79250000000000,0.18330000000000,4.15770000000000,16.2640,156.9099,3683415501819,10.4985,10.3152,0.1833,4.1253,10.3476,10.3476,0.0000,NA,0.0000,NA,NA,NA,NA
Endfield.exe,53680,0x125AB2630,DXGI,0,512,0,Composed: Flip,Application,3683415704335,40.5423,9.93640000000000,9.86930000000000,0.18860000000000,3.71380000000000,16.1969,127.3247,3683415606804,9.9417,9.7531,0.1886,3.9744,9.4925,9.4893,0.0032,-1.1304,26472.9569,NA,NA,NA,NA
Endfield.exe,53680,0x125AB2630,DXGI,0,512,0,Composed: Flip,Application,3683415807667,NA,10.33320000000000,6.78160000000000,0.36210000000000,2.47340000000000,12.6453,134.1063,3683415706221,10.5067,10.1446,0.3621,3.5252,9.0928,9.0225,0.0703,NA,0.0000,NA,NA,NA,NA
Endfield.exe,53680,0x125AB2630,DXGI,0,512,0,Composed: Flip,Application,3683415905905,NA,9.82380000000000,8.35120000000000,0.15430000000000,2.55670000000000,11.1727,142.4575,3683415811288,9.6160,9.4617,0.1543,2.1113,9.9071,9.9071,0.0000,NA,0.0000,NA,NA,NA,NA
Endfield.exe,53680,0x125AB2630,DXGI,0,512,0,Composed: Flip,Application,3683416006659,NA,10.07540000000000,18.20830000000000,0.14020000000000,4.26530000000000,19.3056,160.6658,3683415907448,10.0613,9.9211,0.1402,2.4024,11.7840,11.7840,0.0000,NA,0.0000,NA,NA,NA,NA
Endfield.exe,53680,0x125AB2630,DXGI,0,512,0,Composed: Flip,Application,3683416118566,42.5579,11.19070000000000,6.73220000000000,0.16090000000000,3.71860000000000,14.8471,124.8401,3683416008061,11.2114,11.0505,0.1609,4.1251,10.6440,10.6409,0.0031,2.4846,26515.5148,NA,NA,NA,NA
Endfield.exe,53680,0x125AB2630,DXGI,0,512,0,Composed: Flip,Application,3683416220459,NA,10.18930000000000,8.32860000000000,0.15550000000000,4.44470000000000,12.9864,133.1687,3683416120175,10.1839,10.0284,0.1555,3.5577,10.9154,10.8982,0.0172,NA,0.0000,NA,NA,NA,NA
Endfield.exe,53680,0x125AB2630,DXGI,0,512,0,Composed: Flip,Application,3683416323248,NA,10.27890000000000,9.92420000000000,0.17410000000000,4.12600000000000,12.6317,143.0929,3683416222014,10.2975,10.1234,0.1741,4.2892,9.9602,9.9602,0.0000,NA,0.0000,NA,NA,NA,NA
Endfield.exe,53680,0x125AB2630,DXGI,0,512,0,Composed: Flip,Application,3683416425493,NA,10.22450000000000,16.67870000000000,0.13090000000000,4.06360000000000,19.0859,159.7716,3683416324989,10.1813,10.0504,0.1309,3.9519,10.1621,10.1621,0.0000,NA,0.0000,NA,NA,NA,NA
Endfield.exe,53680,0x125AB2630,DXGI,0,512,0,Composed: Flip,Application,3683416518959,40.8924,9.34660000000000,15.11160000000000,0.14410000000000,3.77940000000000,24.8509,133.9908,3683416426802,9.3598,9.2157,0.1441,3.9327,9.0624,9.0592,0.0032,-9.1507,26556.4072,NA,NA,NA,NA
Endfield.exe,53680,0x125AB2630,DXGI,0,512,0,Composed: Flip,Application,3683416620343,NA,10.13840000000000,1.62970000000000,0.16510000000000,4.21540000000000,16.3422,135.6205,3683416520400,10.1594,9.9943,0.1651,3.6353,10.5744,10.5556,0.0188,NA,0.0000,NA,NA,NA,NA
Endfield.exe,53680,0x125AB2630,DXGI,0,512,0,Composed: Flip,Application,3683416720261,NA,9.99180000000000,6.67850000000000,0.13300000000000,3.17050000000000,13.0289,142.2990,3683416621994,9.9597,9.8267,0.1330,4.0503,8.9469,8.9469,0.0000,NA,0.0000,NA,NA,NA,NA
Endfield.exe,53680,0x125AB2630,DXGI,0,512,0,Composed: Flip,Application,3683416821970,NA,10.17090000000000,8.33570000000000,0.13510000000000,2.48770000000000,11.1937,150.6347,3683416721591,10.1730,10.0379,0.1351,3.0375,9.4881,9.4881,0.0000,NA,0.0000,NA,NA,NA,NA
Endfield.exe,53680,0x125AB2630,DXGI,0,512,0,Composed: Flip,Application,3683416938246,41.4291,11.62760000000000,16.67460000000000,0.17190000000000,3.63080000000000,16.2407,125.8802,3683416823321,11.6644,11.4925,0.1719,2.3526,12.7707,12.7684,0.0023,8.1106,26597.8363,NA,NA,NA,NA
Endfield.exe,53680,0x125AB2630,DXGI,0,512,0,Composed: Flip,Application,3683417038648,NA,10.04020000000000,8.32270000000000,0.15430000000000,4.32330000000000,14.5232,134.2029,3683416939965,10.0226,9.8683,0.1543,3.4589,10.7327,10.7186,0.0141,NA,0.0000,NA,NA,NA,NA
Endfield.exe,53680,0x125AB2630,DXGI,0,512,0,Composed: Flip,Application,3683417139489,NA,10.08410000000000,8.37690000000000,0.19150000000000,4.05240000000000,12.8160,142.5798,3683417040191,10.1213,9.9298,0.1915,4.1690,9.8132,9.8132,0.0000,NA,0.0000,NA,NA,NA,NA
Endfield.exe,53680,0x125AB2630,DXGI,0,512,0,Composed: Flip,Application,3683417242955,NA,10.34660000000000,9.86230000000000,0.14020000000000,4.15280000000000,12.3317,152.4421,3683417141404,10.2953,10.1551,0.1402,3.8609,10.4470,10.4470,0.0000,NA,0.0000,NA,NA,NA,NA
Endfield.exe,53680,0x125AB2630,DXGI,0,512,0,Composed: Flip,Application,3683417350962,40.2390,10.80070000000000,23.41890000000000,0.14940000000000,3.73760000000000,24.9499,133.8994,3683417244357,10.8099,10.6605,0.1494,4.0126,10.3855,10.3826,0.0029,-9.7418,26638.0753,NA,NA,NA,NA
Endfield.exe,53680,0x125AB2630,DXGI,0,512,0,Composed: Flip,Application,3683417456154,NA,10.51920000000000,1.63260000000000,0.18680000000000,4.15050000000000,16.0633,135.5320,3683417352456,10.5566,10.3698,0.1868,3.5882,10.9321,10.9150,0.0171,NA,0.0000,NA,NA,NA,NA
Endfield.exe,53680,0x125AB2630,DXGI,0,512,0,Composed: Flip,Application,3683417557214,NA,10.10600000000000,6.70940000000000,0.13540000000000,2.70370000000000,12.6667,142.2414,3683417458022,10.0546,9.9192,0.1354,3.9637,8.6592,8.6592,0.0000,NA,0.0000,NA,NA,NA,NA
Endfield.exe,53680,0x125AB2630,DXGI,0,512,0,Composed: Flip,Application,3683417660868,NA,10.36540000000000,8.35170000000000,0.12310000000000,3.64090000000000,10.6530,150.5931,3683417558568,10.3531,10.2300,0.1231,2.5683,11.3026,11.3026,0.0000,NA,0.0000,NA,NA,NA,NA
Endfield.exe,53680,0x125AB2630,DXGI,0,512,0,Composed: Flip,Application,3683417762309,41.8781,10.14410000000000,18.22410000000000,0.13800000000000,3.83830000000000,18.7330,126.9391,3683417662099,10.1590,10.0210,0.1380,3.5178,10.3415,10.3379,0.0036,6.9603,26679.9534,NA,NA,NA,NA
Endfield.exe,53680,0x125AB2630,DXGI,0,512,0,Composed: Flip,Application,3683417864321,NA,10.20120000000000,15.08970000000000,0.17010000000000,4.36300000000000,23.6215,142.0288,3683417763689,10.2333,10.0632,0.1701,3.7003,10.7259,10.7103,0.0156,NA,0.0000,NA,NA,NA,NA
Endfield.exe,53680,0x125AB2630,DXGI,0,512,0,Composed: Flip,Application,3683417966986,NA,10.26650000000000,NA,0.14630000000000,4.03670000000000,NA,NA,3683417866022,10.2427,10.0964,0.1463,4.1929,9.9402,9.9402,0.0000,NA,NA,NA,NA,NA,NA
Endfield.exe,53680,0x125AB2630,DXGI,0,512,0,Composed: Flip,Application,3683418071313,NA,10.43270000000000,8.33600000000000,0.16770000000000,4.13750000000000,11.2583,150.3648,3683417968449,10.4541,10.2864,0.1677,3.8904,10.5335,10.5335,0.0000,NA,0.0000,NA,NA,NA,NA
Endfield.exe,53680,0x125AB2630,DXGI,0,512,0,Composed: Flip,Application,3683418164183,41.1504,9.28700000000000,9.90030000000000,0.14090000000000,3.77730000000000,11.8716,119.1147,3683418072990,9.2602,9.1193,0.1409,3.9698,8.9268,8.9255,0.0013,7.8244,26721.1038,NA,NA,NA,NA
Endfield.exe,53680,0x125AB2630,DXGI,0,512,0,Composed: Flip,Application,3683418267125,NA,10.29420000000000,23.43080000000000,0.15490000000000,4.28330000000000,25.0082,142.5455,3683418165592,10.3082,10.1533,0.1549,3.6364,10.8002,10.7831,0.0171,NA,0.0000,NA,NA,NA,NA
Endfield.exe,53680,0x125AB2630,DXGI,0,512,0,Composed: Flip,Application,3683418373882,NA,10.67570000000000,1.56970000000000,0.16590000000000,4.20070000000000,15.9022,144.1152,3683418268674,10.6867,10.5208,0.1659,4.1284,10.5931,10.5931,0.0000,NA,0.0000,NA,NA,NA,NA
Endfield.exe,53680,0x125AB2630,DXGI,0,512,0,Composed: Flip,Application,3683418473544,NA,9.96620000000000,6.75490000000000,0.12530000000000,2.66470000000000,12.6909,150.8701,3683418375541,9.9256,9.8003,0.1253,4.0348,8.4302,8.4302,0.0000,NA,0.0000,NA,NA,NA,NA
Endfield.exe,53680,0x125AB2630,DXGI,0,512,0,Composed: Flip,Application,3683418559066,41.1143,8.55220000000000,9.90890000000000,0.15110000000000,2.31270000000000,14.0476,119.6647,3683418474797,8.5780,8.4269,0.1511,2.5394,8.2002,8.1981,0.0021,-0.5500,26762.2181,NA,NA,NA,NA
Endfield.exe,53680,0x125AB2630,DXGI,0,512,0,Composed: Flip,Application,3683418662431,NA,10.33650000000000,15.26710000000000,0.20820000000000,4.39700000000000,18.9782,134.9318,3683418560577,10.3936,10.1854,0.2082,2.1616,12.4208,12.4041,0.0167,NA,0.0000,NA,NA,NA,NA
Endfield.exe,53680,0x125AB2630,DXGI,0,512,0,Composed: Flip,Application,3683418762041,NA,9.96100000000000,9.75110000000000,0.13660000000000,4.22830000000000,18.7683,144.6829,3683418664513,9.8894,9.7528,0.1366,4.1888,9.7923,9.7923,0.0000,NA,0.0000,NA,NA,NA,NA
Endfield.exe,53680,0x125AB2630,DXGI,0,512,0,Composed: Flip,Application,3683418865815,NA,10.37740000000000,6.80470000000000,0.11930000000000,4.08530000000000,15.1956,151.4876,3683418763407,10.3601,10.2408,0.1193,4.0917,10.2344,10.2344,0.0000,NA,0.0000,NA,NA,NA,NA
Endfield.exe,53680,0x125AB2630,DXGI,0,512,0,Composed: Flip,Application,3683418961559,40.2052,9.57440000000000,8.32260000000000,0.15890000000000,3.95240000000000,13.9438,117.4757,3683418867008,9.6140,9.4551,0.1589,3.9660,9.4415,9.4389,0.0026,0.0597,26802.4233,NA,NA,NA,NA
Endfield.exe,53680,0x125AB2630,DXGI,0,512,0,Composed: Flip,Application,3683419063128,NA,10.15690000000000,9.86190000000000,0.23090000000000,3.28790000000000,13.6488,127.3376,3683418963148,10.2289,9.9980,0.2309,3.7935,9.4924,9.4763,0.0161,NA,0.0000,NA,NA,NA,NA
Endfield.exe,53680,0x125AB2630,DXGI,0,512,0,Composed: Flip,Application,3683419164868,NA,10.17400000000000,15.08910000000000,0.16530000000000,4.19060000000000,18.5639,142.4267,3683419065437,10.1084,9.9431,0.1653,3.0570,11.0767,11.0767,0.0000,NA,0.0000,NA,NA,NA,NA
Endfield.exe,53680,0x125AB2630,DXGI,0,512,0,Composed: Flip,Application,3683419266517,NA,10.16490000000000,9.93490000000000,0.12230000000000,5.14480000000000,18.3339,152.3616,3683419166521,10.1219,9.9996,0.1223,4.0253,11.1191,11.1191,0.0000,NA,0.0000,NA,NA,NA,NA
Endfield.exe,53680,0x125AB2630,DXGI,0,512,0,Composed: Flip,Application,3683419372307,39.2465,10.57900000000000,15.05300000000000,0.13820000000000,4.09990000000000,22.8079,128.1681,3683419267740,10.5949,10.4567,0.1382,5.0225,9.5341,9.5315,0.0026,-10.6924,26841.6698,NA,NA,NA,NA
Endfield.exe,53680,0x125AB2630,DXGI,0,512,0,Composed: Flip,Application,3683419474611,NA,10.23040000000000,1.63710000000000,0.16760000000000,4.42900000000000,14.2146,129.8052,3683419373689,10.2598,10.0922,0.1676,3.9617,10.5595,10.5439,0.0156,NA,0.0000,NA,NA,NA,NA
Endfield.exe,53680,0x125AB2630,DXGI,0,512,0,Composed: Flip,Application,3683419573894,NA,9.92830000000000,6.70980000000000,0.15020000000000,4.28230000000000,10.9961,136.5150,3683419476287,9.9109,9.7607,0.1502,4.2614,9.7816,9.7816,0.0000,NA,0.0000,NA,NA,NA,NA
Endfield.exe,53680,0x125AB2630,DXGI,0,512,0,Composed: Flip,Application,3683419675955,NA,10.20610000000000,8.34340000000000,0.11960000000000,2.07950000000000,9.1334,144.8584,3683419575396,10.1755,10.0559,0.1196,4.1321,8.0033,8.0033,0.0000,NA,0.0000,NA,NA,NA,NA
Endfield.exe,53680,0x125AB2630,DXGI,0,512,0,Composed: Flip,Application,3683419784909,40.5497,10.89540000000000,24.97220000000000,0.17140000000000,3.61220000000000,23.2102,129.2809,3683419677151,10.9472,10.7758,0.1714,1.9599,12.4281,12.4250,0.0031,-1.1128,26882.2195,NA,NA,NA,NA
Endfield.exe,53680,0x125AB2630,DXGI,0,512,0,Composed: Flip,Application,3683419885738,NA,10.08290000000000,NA,0.14870000000000,4.59020000000000,NA,NA,3683419786623,10.0602,9.9115,0.1487,3.4408,11.0609,11.0413,0.0196,NA,NA,NA,NA,NA,NA
Endfield.exe,53680,0x125AB2630,DXGI,0,512,0,Composed: Flip,Application,3683419986464,NA,10.07260000000000,8.35480000000000,0.12940000000000,4.17600000000000,11.4095,137.6357,3683419887225,10.0533,9.9239,0.1294,4.4415,9.6584,9.6584,0.0000,NA,0.0000,NA,NA,NA,NA
Endfield.exe,53680,0x125AB2630,DXGI,0,512,0,Composed: Flip,Application,3683420089334,NA,10.28700000000000,16.67810000000000,0.15140000000000,4.04300000000000,17.8006,154.3138,3683419987758,10.3090,10.1576,0.1514,4.0466,10.1540,10.1540,0.0000,NA,0.0000,NA,NA,NA,NA
Endfield.exe,53680,0x125AB2630,DXGI,0,512,0,Composed: Flip,Application,3683420199388,41.0191,11.00540000000000,16.65800000000000,0.14370000000000,1.47440000000000,23.4532,129.9527,3683420090848,10.9977,10.8540,0.1437,3.8916,8.4368,8.4336,0.0032,-0.6718,26923.2386,NA,27.6605,NA,NA
Endfield.exe,53680,0x125AB2630,DXGI,0,512,0,Composed: Flip,Application,3683420301044,NA,10.16560000000000,1.58140000000000,0.20460000000000,4.43560000000000,14.8690,131.5341,3683420200825,10.2265,10.0219,0.2046,1.3307,13.1268,13.1152,0.0116,NA,0.0000,NA,NA,NA,NA
Endfield.exe,53680,0x125AB2630,DXGI,0,512,0,Composed: Flip,Application,3683420401891,NA,10.08470000000000,6.73890000000000,0.49350000000000,4.16150000000000,11.5232,138.2730,3683420303090,10.3736,9.8801,0.4935,4.2310,9.8106,9.8106,0.0000,NA,0.0000,NA,NA,NA,NA
Endfield.exe,53680,0x125AB2630,DXGI,0,512,0,Composed: Flip,Application,3683420503048,NA,10.11570000000000,8.34690000000000,0.16750000000000,4.12250000000000,9.7544,146.6199,3683420406826,9.7897,9.6222,0.1675,3.6680,10.0767,10.0767,0.0000,NA,0.0000,NA,NA,NA,NA
Endfield.exe,53680,0x125AB2630,DXGI,0,512,0,Composed: Flip,Application,3683420619175,41.2481,11.61270000000000,16.67670000000000,0.36130000000000,3.61460000000000,14.8184,122.0485,3683420504723,11.8065,11.4452,0.3613,3.9550,11.1048,11.1014,0.0034,7.9042,26964.4867,NA,28.0388,NA,NA
Endfield.exe,53680,0x125AB2630,DXGI,0,512,0,Composed: Flip,Application,3683420722707,NA,10.35320000000000,1.57320000000000,0.21840000000000,4.06520000000000,6.0384,123.6217,3683420622788,10.2103,9.9919,0.2184,3.2533,10.8038,10.7891,0.0147,NA,0.0000,NA,NA,NA,NA
Endfield.exe,53680,0x125AB2630,DXGI,0,512,0,Composed: Flip,Application,3683420823152,NA,10.04450000000000,15.08370000000000,0.13610000000000,4.18440000000000,11.0776,138.7054,3683420724891,9.9622,9.8261,0.1361,3.8468,10.1637,10.1637,0.0000,NA,0.0000,NA,NA,NA,NA
Endfield.exe,53680,0x125AB2630,DXGI,0,512,0,Composed: Flip,Application,3683420926566,NA,10.34140000000000,18.25000000000000,0.12100000000000,4.03430000000000,18.9862,156.9554,3683420824513,10.3263,10.2053,0.1210,4.0483,10.1913,10.1913,0.0000,NA,0.0000,NA,NA,NA,NA
Endfield.exe,53680,0x125AB2630,DXGI,0,512,0,Composed: Flip,Application,3683421025748,41.7392,9.91820000000000,15.09200000000000,0.18440000000000,6.59410000000000,24.1600,129.3645,3683420927776,9.9816,9.7972,0.1844,3.9133,12.4780,12.4755,0.0025,-8.2597,27006.2259,NA,NA,NA,NA
Endfield.exe,53680,0x125AB2630,DXGI,0,512,0,Composed: Flip,Application,3683421127593,NA,10.18450000000000,1.58030000000000,0.18290000000000,4.29440000000000,15.5558,130.9448,3683421027592,10.1830,10.0001,0.1829,6.4097,7.8848,7.8760,0.0088,NA,0.0000,NA,NA,NA,NA
Endfield.exe,53680,0x125AB2630,DXGI,0,512,0,Composed: Flip,Application,3683421230109,NA,10.25160000000000,6.73840000000000,0.17950000000000,2.31670000000000,12.0426,137.6832,3683421129422,10.2482,10.0687,0.1795,4.1115,8.2739,8.2739,0.0000,NA,0.0000,NA,NA,NA,NA
Endfield.exe,53680,0x125AB2630,DXGI,0,512,0,Composed: Flip,Application,3683421353034,NA,12.29250000000000,16.67040000000000,0.67610000000000,3.42870000000000,16.4205,154.3536,3683421231904,12.7891,12.1130,0.6761,2.1372,13.4045,13.4045,0.0000,NA,0.0000,NA,NA,NA,NA
Endfield.exe,53680,0x125AB2630,DXGI,0,512,0,Composed: Flip,Application,3683421443062,42.3808,9.00280000000000,16.67220000000000,0.16730000000000,2.66700000000000,24.0899,128.6450,3683421359795,8.4940,8.3267,0.1673,2.7526,8.2411,8.2386,0.0025,0.7195,27048.6067,NA,26.6650,NA,NA
Endfield.exe,53680,0x125AB2630,DXGI,0,512,0,Composed: Flip,Application,3683421538734,NA,9.56720000000000,1.62580000000000,0.20520000000000,4.00770000000000,16.1485,130.2708,3683421444735,9.6051,9.3999,0.2052,2.4997,10.9079,10.8945,0.0134,NA,0.0000,NA,NA,NA,NA
Endfield.exe,53680,0x125AB2630,DXGI,0,512,0,Composed: Flip,Application,3683421638121,NA,9.93870000000000,6.69690000000000,0.17900000000000,2.92650000000000,12.9067,136.9677,3683421540786,9.9125,9.7335,0.1790,3.8025,8.8575,8.8575,0.0000,NA,0.0000,NA,NA,NA,NA
Endfield.exe,53680,0x125AB2630,DXGI,0,512,0,Composed: Flip,Application,3683421741282,NA,10.31610000000000,8.33860000000000,0.13630000000000,2.09420000000000,10.9292,145.3063,3683421639911,10.2734,10.1371,0.1363,2.7475,9.4838,9.4838,0.0000,NA,0.0000,NA,NA,NA,NA
Endfield.exe,53680,0x125AB2630,DXGI,0,512,0,Composed: Flip,Application,3683421855349,39.9072,11.40670000000000,16.74770000000000,0.13510000000000,3.29200000000000,16.2702,122.1468,3683421742645,11.4055,11.2704,0.1351,1.9579,12.6045,12.6015,0.0030,6.4982,27088.5139,NA,36.0701,NA,NA
Endfield.exe,53680,0x125AB2630,DXGI,0,512,0,Composed: Flip,Application,3683421954726,NA,9.93770000000000,8.24450000000000,0.17110000000000,4.16380000000000,14.5770,130.3913,3683421856700,9.9737,9.8026,0.1711,3.1569,10.8095,10.7929,0.0166,NA,0.0000,NA,NA,NA,NA
Endfield.exe,53680,0x125AB2630,DXGI,0,512,0,Composed: Flip,Application,3683422056351,NA,10.16250000000000,8.33240000000000,0.13090000000000,3.90540000000000,12.7469,138.7237,3683421956437,10.1223,9.9914,0.1309,3.9927,9.9041,9.9041,0.0000,NA,0.0000,NA,NA,NA,NA
Endfield.exe,53680,0x125AB2630,DXGI,0,512,0,Composed: Flip,Application,3683422162003,NA,10.56520000000000,16.66840000000000,0.30730000000000,3.90030000000000,18.8501,155.3921,3683422057660,10.7416,10.4343,0.3073,3.7745,10.5601,10.5601,0.0000,NA,0.0000,NA,NA,NA,NA
Endfield.exe,53680,0x125AB2630,DXGI,0,512,0,Composed: Flip,Application,3683422276701,42.7909,11.46980000000000,8.34200000000000,0.27730000000000,3.49190000000000,15.7223,120.9432,3683422165076,11.4398,11.1625,0.2773,3.5930,11.0614,11.0584,0.0030,1.2036,27131.3048,NA,NA,NA,NA
Endfield.exe,53680,0x125AB2630,DXGI,0,512,0,Composed: Flip,Application,3683422372762,NA,9.60610000000000,NA,0.19280000000000,8.64000000000000,NA,NA,3683422279474,9.5216,9.3288,0.1928,3.2146,14.7542,14.7397,0.0145,NA,NA,NA,NA,NA,NA
Endfield.exe,53680,0x125AB2630,DXGI,0,512,0,Composed: Flip,Application,3683422477376,NA,10.46140000000000,18.24790000000000,0.24810000000000,2.96970000000000,13.9027,139.1911,3683422374690,10.5167,10.2686,0.2481,8.4472,4.7911,4.7911,0.0000,NA,0.0000,NA,46.9253,NA,NA
Endfield.exe,53680,0x125AB2630,DXGI,0,512,0,Composed: Flip,Application,3683422580945,NA,10.35690000000000,6.74880000000000,0.16150000000000,3.01160000000000,10.2946,145.9399,3683422479857,10.2703,10.1088,0.1615,2.7216,10.3988,10.3988,0.0000,NA,0.0000,NA,NA,NA,NA
Endfield.exe,53680,0x125AB2630,DXGI,0,512,0,Composed: Flip,Application,3683422666015,40.6365,8.50700000000000,16.67960000000000,0.18180000000000,3.73490000000000,18.4672,121.9830,3683422582560,8.5273,8.3455,0.1818,2.8501,9.2303,9.2293,0.0010,-1.0398,27171.9413,NA,21.3333,NA,NA
Endfield.exe,53680,0x125AB2630,DXGI,0,512,0,Composed: Flip,Application,3683422769021,NA,10.30060000000000,8.29550000000000,0.21130000000000,4.90940000000000,16.4621,130.2785,3683422667833,10.3301,10.1188,0.2113,3.5531,11.4751,11.4572,0.0179,NA,0.0000,NA,NA,NA,NA
Endfield.exe,53680,0x125AB2630,DXGI,0,512,0,Composed: Flip,Application,3683422872449,NA,10.34280000000000,8.43460000000000,0.27530000000000,5.23230000000000,14.5539,138.7131,3683422771134,10.4068,10.1315,0.2753,4.6981,10.6657,10.6657,0.0000,NA,0.0000,NA,NA,NA,NA
Endfield.exe,53680,0x125AB2630,DXGI,0,512,0,Composed: Flip,Application,3683422974761,NA,10.23120000000000,8.24120000000000,0.14200000000000,4.35190000000000,12.5639,146.9543,3683422875202,10.0979,9.9559,0.1420,4.9570,9.3508,9.3508,0.0000,NA,0.0000,NA,NA,NA,NA
Endfield.exe,53680,0x125AB2630,DXGI,0,512,0,Composed: Flip,Application,3683423072029,54.6241,9.72680000000000,8.34970000000000,0.19250000000000,2.05870000000000,11.1868,101.1173,3683422976181,9.7773,9.5848,0.1925,4.2099,7.4336,7.4321,0.0015,21.3031,27226.5654,NA,11.6023,NA,NA
Endfield.exe,53680,0x125AB2630,DXGI,0,512,0,Composed: Flip,Application,3683423175661,NA,10.36320000000000,16.66660000000000,0.24850000000000,4.76700000000000,17.4902,117.7839,3683423073954,10.4192,10.1707,0.2485,1.8662,13.0715,13.0569,0.0146,NA,0.0000,NA,NA,NA,NA
Endfield.exe,53680,0x125AB2630,DXGI,0,512,0,Composed: Flip,Application,3683423275624,NA,9.99630000000000,8.34120000000000,0.42490000000000,5.35780000000000,15.8351,126.1251,3683423178146,10.1727,9.7478,0.4249,4.5185,10.5871,10.5871,0.0000,NA,0.0000,NA,NA,NA,NA
Endfield.exe,53680,0x125AB2630,DXGI,0,512,0,Composed: Flip,Application,3683423392322,NA,11.66980000000000,8.33860000000000,0.22880000000000,3.14670000000000,12.5039,134.4637,3683423279873,11.4737,11.2449,0.2288,4.9329,9.4587,9.4587,0.0000,NA,0.0000,NA,NA,NA,NA
Endfield.exe,53680,0x125AB2630,DXGI,0,512,0,Composed: Flip,Application,3683423477531,26.3046,8.52090000000000,8.32570000000000,0.30830000000000,1.84740000000000,12.3087,116.4848,3683423394610,8.6004,8.2921,0.3083,2.9179,7.2216,7.2183,0.0033,-15.3675,27252.8700,NA,15.2253,NA,NA
Endfield.exe,53680,0x125AB2630,DXGI,0,512,0,Composed: Flip,Application,3683423575805,NA,9.82740000000000,8.34800000000000,0.30320000000000,3.68780000000000,10.8293,124.8328,3683423480614,9.8223,9.5191,0.3032,1.5391,11.6678,11.6545,0.0133,NA,0.0000,NA,21.4482,NA,NA
Endfield.exe,53680,0x125AB2630,DXGI,0,512,0,Composed: Flip,Application,3683423677820,NA,10.20150000000000,16.64480000000000,0.27840000000000,2.77560000000000,17.2726,141.4776,3683423578837,10.1767,9.8983,0.2784,3.3846,9.2893,9.2893,0.0000,NA,0.0000,NA,NA,NA,NA
Endfield.exe,53680,0x125AB2630,DXGI,0,512,0,Composed: Flip,Application,3683423780090,NA,10.22700000000000,8.34520000000000,0.29850000000000,4.89280000000000,15.3908,149.8228,3683423680604,10.2471,9.9486,0.2985,2.4972,12.3442,12.3442,0.0000,NA,0.0000,NA,NA,NA,NA
Endfield.exe,53680,0x125AB2630,DXGI,0,512,0,Composed: Flip,Application,3683423885662,43.0118,10.55720000000000,8.32930000000000,0.28110000000000,5.10220000000000,13.1629,115.1403,3683423783075,10.5398,10.2587,0.2811,4.5943,10.7666,10.7632,0.0034,1.3445,27295.8818,NA,14.9985,NA,NA
Endfield.exe,53680,0x125AB2630,DXGI,0,512,0,Composed: Flip,Application,3683423986987,NA,10.13250000000000,8.33000000000000,0.35870000000000,2.58030000000000,11.3604,123.4703,3683423888473,10.2101,9.8514,0.3587,4.8211,7.6106,7.5961,0.0145,NA,0.0000,NA,NA,NA,NA
Endfield.exe,53680,0x125AB2630,DXGI,0,512,0,Composed: Flip,Application,3683424088955,NA,10.19680000000000,16.66080000000000,0.27570000000000,2.90810000000000,17.8244,140.1311,3683423990574,10.1138,9.8381,0.2757,2.2216,10.5246,10.5246,0.0000,NA,0.0000,NA,NA,NA,NA
Endfield.exe,53680,0x125AB2630,DXGI,0,512,0,Composed: Flip,Application,3683424190092,NA,10.11370000000000,8.33820000000000,0.29320000000000,4.61470000000000,16.0489,148.4693,3683424091712,10.1312,9.8380,0.2932,2.6324,11.8203,11.8203,0.0000,NA,0.0000,NA,NA,NA,NA
Endfield.exe,53680,0x125AB2630,DXGI,0,512,0,Composed: Flip,Application,3683424290518,48.2047,10.04260000000000,9.91990000000000,0.23550000000000,4.44450000000000,15.9262,110.1845,3683424193024,9.9849,9.7494,0.2355,4.3215,9.8724,9.8711,0.0013,4.9558,27344.0865,NA,26.3357,NA,NA
Endfield.exe,53680,0x125AB2630,DXGI,0,512,0,Composed: Flip,Application,3683424391311,NA,10.07930000000000,NA,6.25700000000000,6.25690000000000,NA,NA,3683424292873,16.1008,9.8438,6.2570,4.2090,11.8917,11.8782,0.0135,NA,NA,NA,NA,NA,NA
Endfield.exe,53680,0x125AB2630,DXGI,0,512,0,Composed: Flip,Application,3683424491963,NA,10.06520000000000,15.07700000000000,0.22270000000000,3.30300000000000,10.8587,125.2615,3683424453881,4.0309,3.8082,0.2227,0.0000,7.1113,7.1113,0.0000,NA,0.0000,NA,NA,NA,NA
Endfield.exe,53680,0x125AB2630,DXGI,0,512,0,Composed: Flip,Application,3683424593272,NA,10.13090000000000,8.33630000000000,0.22270000000000,2.36340000000000,9.0641,133.5978,3683424494190,10.1309,9.9082,0.2227,3.0803,9.1913,9.1913,0.0000,NA,0.0000,NA,NA,NA,NA
Endfield.exe,53680,0x125AB2630,DXGI,0,512,0,Composed: Flip,Application,3683424707317,32.1410,11.40450000000000,16.66810000000000,0.18570000000000,4.10240000000000,14.3277,118.1249,3683424595499,11.3675,11.1818,0.1857,2.1407,13.1435,13.1400,0.0035,-7.9404,27376.2275,NA,17.3228,NA,NA
Endfield.exe,53680,0x125AB2630,DXGI,0,512,0,Composed: Flip,Application,3683424805333,NA,9.80160000000000,8.33310000000000,0.29460000000000,4.94750000000000,12.8592,126.4580,3683424709174,9.9105,9.6159,0.2946,3.9167,10.6467,10.6330,0.0137,NA,0.0000,NA,NA,NA,NA
Endfield.exe,53680,0x125AB2630,DXGI,0,512,0,Composed: Flip,Application,3683424905996,NA,10.06630000000000,8.33560000000000,0.22580000000000,4.47910000000000,11.1285,134.7936,3683424808279,9.9975,9.7717,0.2258,4.6529,9.5979,9.5979,0.0000,NA,0.0000,NA,NA,NA,NA
Endfield.exe,53680,0x125AB2630,DXGI,0,512,0,Composed: Flip,Application,3683425006889,NA,10.08930000000000,16.66230000000000,0.14710000000000,4.38190000000000,17.7015,151.4559,3683424908254,10.0106,9.8635,0.1471,4.2533,9.9921,9.9921,0.0000,NA,0.0000,NA,NA,NA,NA
Endfield.exe,53680,0x125AB2630,DXGI,0,512,0,Composed: Flip,Application,3683425118623,38.9660,11.17340000000000,8.34450000000000,0.23310000000000,4.40990000000000,14.8726,120.8344,3683425008360,11.2594,11.0263,0.2331,4.2348,11.2014,11.1983,0.0031,-2.7095,27415.1935,NA,18.0014,NA,NA
Endfield.exe,53680,0x125AB2630,DXGI,0,512,0,Composed: Flip,Application,3683425218810,NA,10.01870000000000,NA,0.23900000000000,8.71900000000000,NA,NA,3683425120954,10.0246,9.7856,0.2390,4.1768,14.3278,14.3077,0.0201,NA,NA,NA,NA,NA,NA
Endfield.exe,53680,0x125AB2630,DXGI,0,512,0,Composed: Flip,Application,3683425322390,NA,10.35800000000000,16.64630000000000,0.17780000000000,2.59310000000000,11.1422,137.4807,3683425221200,10.2968,10.1190,0.1778,8.4800,4.2321,4.2321,0.0000,NA,0.0000,NA,NA,NA,NA
Endfield.exe,53680,0x125AB2630,DXGI,0,512,0,Composed: Flip,Application,3683425422511,NA,10.01210000000000,16.68330000000000,0.23840000000000,4.57050000000000,17.8134,154.1640,3683425324168,10.0727,9.8343,0.2384,2.4153,11.9895,11.9895,0.0000,NA,0.0000,NA,NA,NA,NA
Endfield.exe,53680,0x125AB2630,DXGI,0,512,0,Composed: Flip,Application,3683425518234,41.2584,9.57230000000000,8.32440000000000,0.24450000000000,4.55340000000000,16.5655,121.2300,3683425424895,9.5784,9.3339,0.2445,4.3321,9.5552,9.5522,0.0030,-0.3956,27456.4519,NA,19.6540,NA,NA
Endfield.exe,53680,0x125AB2630,DXGI,0,512,0,Composed: Flip,Application,3683425620501,NA,10.22670000000000,8.33080000000000,0.26140000000000,4.88280000000000,14.6696,129.5608,3683425520679,10.2436,9.9822,0.2614,4.3089,10.5561,10.5353,0.0208,NA,0.0000,NA,NA,NA,NA
Endfield.exe,53680,0x125AB2630,DXGI,0,512,0,Composed: Flip,Application,3683425722158,NA,10.16570000000000,9.94610000000000,0.20660000000000,4.40790000000000,14.4500,139.5069,3683425623115,10.1109,9.9043,0.2066,4.6214,9.6908,9.6908,0.0000,NA,0.0000,NA,NA,NA,NA
Endfield.exe,53680,0x125AB2630,DXGI,0,512,0,Composed: Flip,Application,3683425823629,NA,10.14710000000000,6.71210000000000,0.32380000000000,1.07990000000000,11.0150,146.2190,3683425724224,10.2643,9.9405,0.3238,4.2013,6.8191,6.8191,0.0000,NA,0.0000,NA,NA,NA,NA
Endfield.exe,53680,0x125AB2630,DXGI,0,512,0,Composed: Flip,Application,3683425925229,41.2083,10.16000000000000,16.70880000000000,0.21510000000000,4.40320000000000,17.5638,121.7195,3683425826867,10.0513,9.8362,0.2151,0.7561,13.4833,13.4817,0.0016,-0.4895,27497.6602,NA,20.3511,NA,NA
Endfield.exe,53680,0x125AB2630,DXGI,0,512,0,Composed: Flip,Application,3683426027687,NA,10.24580000000000,8.30290000000000,0.23880000000000,5.15530000000000,15.6209,130.0224,3683425927380,10.2695,10.0307,0.2388,4.1881,10.9979,10.9822,0.0157,NA,0.0000,NA,NA,NA,NA
Endfield.exe,53680,0x125AB2630,DXGI,0,512,0,Composed: Flip,Application,3683426132381,NA,10.46940000000000,8.31040000000000,0.29130000000000,4.47590000000000,13.4619,138.3328,3683426030075,10.5219,10.2306,0.2913,4.9165,9.7900,9.7900,0.0000,NA,0.0000,NA,NA,NA,NA
Endfield.exe,53680,0x125AB2630,DXGI,0,512,0,Composed: Flip,Application,3683426231425,NA,9.90440000000000,8.35510000000000,0.26870000000000,2.34290000000000,11.9126,146.6879,3683426135294,9.8818,9.6131,0.2687,4.1846,7.7714,7.7714,0.0000,NA,0.0000,NA,NA,NA,NA
Endfield.exe,53680,0x125AB2630,DXGI,0,512,0,Composed: Flip,Application,3683426340042,40.3104,10.86170000000000,16.68320000000000,0.24160000000000,3.47770000000000,17.7341,123.0607,3683426234112,10.8346,10.5930,0.2416,2.0742,11.9965,11.9952,0.0013,-1.3412,27537.9706,NA,20.9071,NA,NA
Endfield.exe,53680,0x125AB2630,DXGI,0,512,0,Composed: Flip,Application,3683426440776,NA,10.07340000000000,8.31960000000000,0.30440000000000,4.51400000000000,15.9803,131.3803,3683426342458,10.1362,9.8318,0.3044,3.2361,11.1097,11.0916,0.0181,NA,0.0000,NA,NA,NA,NA
Endfield.exe,53680,0x125AB2630,DXGI,0,512,0,Composed: Flip,Application,3683426541896,NA,10.11200000000000,8.33760000000000,0.29990000000000,3.86340000000000,14.2059,139.7179,3683426443820,10.1075,9.8076,0.2999,4.2096,9.4614,9.4614,0.0000,NA,0.0000,NA,NA,NA,NA
Endfield.exe,53680,0x125AB2630,DXGI,0,512,0,Composed: Flip,Application,3683426644718,NA,10.28220000000000,8.38330000000000,0.28540000000000,3.57690000000000,12.3070,148.1012,3683426544895,10.2677,9.9823,0.2854,3.5635,9.9957,9.9957,0.0000,NA,0.0000,NA,NA,NA,NA
Endfield.exe,53680,0x125AB2630,DXGI,0,512,0,Composed: Flip,Application,3683426733703,40.5898,8.89850000000000,8.31980000000000,0.22050000000000,2.19590000000000,11.7283,115.8312,3683426647572,8.8336,8.6131,0.2205,3.2915,7.5175,7.5167,0.0008,7.2295,27578.5604,NA,12.1695,NA,NA
Endfield.exe,53680,0x125AB2630,DXGI,0,512,0,Composed: Flip,Application,3683426836782,NA,10.30790000000000,8.28700000000000,0.20600000000000,2.32950000000000,9.7074,124.1182,3683426735908,10.2934,10.0874,0.2060,1.9754,10.4415,10.4284,0.0131,NA,0.0000,NA,NA,NA,NA
Endfield.exe,53680,0x125AB2630,DXGI,0,512,0,Composed: Flip,Application,3683426938494,NA,10.17120000000000,16.67740000000000,0.26620000000000,6.73320000000000,16.2136,140.7956,3683426838842,10.2314,9.9652,0.2662,2.1235,14.5749,14.5749,0.0000,NA,0.0000,NA,NA,NA,NA
Endfield.exe,53680,0x125AB2630,DXGI,0,512,0,Composed: Flip,Application,3683427040883,NA,10.23890000000000,8.33500000000000,0.22790000000000,3.42470000000000,14.3097,149.1306,3683426941156,10.2006,9.9727,0.2279,6.4670,6.9304,6.9304,0.0000,NA,0.0000,NA,NA,NA,NA
Endfield.exe,53680,0x125AB2630,DXGI,0,512,0,Composed: Flip,Application,3683427143658,40.9716,10.27750000000000,8.32110000000000,0.19230000000000,2.27360000000000,12.3533,116.4801,3683427043162,10.2419,10.0496,0.1923,3.1968,9.1264,9.1236,0.0028,-0.6489,27619.5320,NA,14.8287,NA,NA
Endfield.exe,53680,0x125AB2630,DXGI,0,512,0,Composed: Flip,Application,3683427246450,NA,10.27920000000000,8.33560000000000,0.25850000000000,3.51450000000000,10.4097,124.8157,3683427145581,10.3454,10.0869,0.2585,2.0813,11.5201,11.5059,0.0142,NA,0.0000,NA,NA,NA,NA
Endfield.exe,53680,0x125AB2630,DXGI,0,512,0,Composed: Flip,Application,3683427347417,NA,10.09670000000000,16.65580000000000,0.38520000000000,3.17480000000000,16.9688,141.4715,3683427249035,10.2234,9.8382,0.3852,3.2560,9.7570,9.7570,0.0000,NA,0.0000,NA,NA,NA,NA
Endfield.exe,53680,0x125AB2630,DXGI,0,512,0,Composed: Flip,Application,3683427450672,NA,10.32550000000000,8.33640000000000,0.24890000000000,3.54470000000000,14.9797,149.8079,3683427351269,10.1892,9.9403,0.2489,2.7896,10.6954,10.6954,0.0000,NA,0.0000,NA,NA,NA,NA
Endfield.exe,53680,0x125AB2630,DXGI,0,512,0,Composed: Flip,Application,3683427561003,42.4887,11.03310000000000,8.34330000000000,0.20320000000000,2.05020000000000,12.2899,115.6625,3683427453161,10.9874,10.7842,0.2032,3.2958,9.5386,9.5378,0.0008,0.8176,27662.0207,NA,17.9711,NA,NA
Endfield.exe,53680,0x125AB2630,DXGI,0,512,0,Composed: Flip,Application,3683427662160,NA,10.11570000000000,8.33390000000000,0.26880000000000,2.71850000000000,10.5081,123.9964,3683427563035,10.1813,9.9125,0.2688,1.8470,10.7840,10.7674,0.0166,NA,0.0000,NA,NA,NA,NA
Endfield.exe,53680,0x125AB2630,DXGI,0,512,0,Composed: Flip,Application,3683427763698,NA,10.15380000000000,16.67430000000000,0.21850000000000,4.84360000000000,17.0286,140.6707,3683427664848,10.1035,9.8850,0.2185,2.4497,12.2789,12.2789,0.0000,NA,0.0000,NA,NA,NA,NA
Endfield.exe,53680,0x125AB2630,DXGI,0,512,0,Composed: Flip,Application,3683427866128,NA,10.24300000000000,8.34360000000000,0.38110000000000,3.15470000000000,15.1292,149.0143,3683427765883,10.4056,10.0245,0.3811,4.6251,8.5541,8.5541,0.0000,NA,0.0000,NA,NA,NA,NA
Endfield.exe,53680,0x125AB2630,DXGI,0,512,0,Composed: Flip,Application,3683427976776,39.0350,11.06480000000000,8.31280000000000,0.31190000000000,1.97050000000000,12.3772,118.2921,3683427869939,10.9956,10.6837,0.3119,2.7736,9.8806,9.8775,0.0031,-2.6296,27701.0557,NA,16.3087,NA,NA
Endfield.exe,53680,0x125AB2630,DXGI,0,512,0,Composed: Flip,Application,3683428072462,NA,9.56860000000000,9.94450000000000,0.25200000000000,0.86520000000000,12.7531,128.2366,3683427979895,9.5087,9.2567,0.2520,1.6586,8.4633,8.4467,0.0166,NA,0.0000,NA,NA,NA,NA
Endfield.exe,53680,0x125AB2630,DXGI,0,512,0,Composed: Flip,Application,3683428174132,NA,10.16700000000000,15.05280000000000,0.28760000000000,4.84520000000000,17.6389,143.2894,3683428074982,10.2026,9.9150,0.2876,0.6132,14.1470,14.1470,0.0000,NA,0.0000,NA,NA,NA,NA
Endfield.exe,53680,0x125AB2630,DXGI,0,512,0,Composed: Flip,Application,3683428277427,NA,10.32950000000000,8.34930000000000,0.21800000000000,4.20420000000000,15.6587,151.6387,3683428177008,10.2599,10.0419,0.2180,4.5576,9.6885,9.6885,0.0000,NA,0.0000,NA,NA,NA,NA
Endfield.exe,53680,0x125AB2630,DXGI,0,512,0,Composed: Flip,Application,3683428375518,41.4831,9.80910000000000,8.31560000000000,0.21790000000000,4.16160000000000,14.1652,118.4712,3683428279607,9.8090,9.5911,0.2179,3.9862,9.7665,9.7656,0.0009,-0.1791,27742.5388,NA,17.9856,NA,NA
Endfield.exe,53680,0x125AB2630,DXGI,0,512,0,Composed: Flip,Application,3683428479986,NA,10.44680000000000,9.95710000000000,0.25390000000000,4.91150000000000,13.6755,128.4283,3683428377697,10.4828,10.2289,0.2539,3.9437,11.1967,11.1806,0.0161,NA,0.0000,NA,NA,NA,NA
Endfield.exe,53680,0x125AB2630,DXGI,0,512,0,Composed: Flip,Application,3683428579497,NA,9.95110000000000,15.03730000000000,0.18360000000000,4.23290000000000,18.7617,143.4656,3683428482525,9.8808,9.6972,0.1836,4.6576,9.2725,9.2725,0.0000,NA,0.0000,NA,NA,NA,NA
Endfield.exe,53680,0x125AB2630,DXGI,0,512,0,Composed: Flip,Application,3683428681839,NA,10.23420000000000,8.35510000000000,0.14550000000000,4.90340000000000,16.8826,151.8207,3683428581333,10.1961,10.0506,0.1455,4.0493,10.9047,10.9047,0.0000,NA,0.0000,NA,NA,NA,NA
Endfield.exe,53680,0x125AB2630,DXGI,0,512,0,Composed: Flip,Application,3683428783787,40.8323,10.19480000000000,9.95760000000000,0.15820000000000,4.47090000000000,16.6454,120.9460,3683428683294,10.2075,10.0493,0.1582,4.7579,9.7623,9.7592,0.0031,-2.4748,27783.3711,NA,19.2782,NA,NA
Endfield.exe,53680,0x125AB2630,DXGI,0,512,0,Composed: Flip,Application,3683428889592,NA,10.58050000000000,6.70090000000000,0.19560000000000,3.87910000000000,12.7658,127.6469,3683428785369,10.6179,10.4223,0.1956,4.3127,9.9887,9.9726,0.0161,NA,0.0000,NA,NA,NA,NA
Endfield.exe,53680,0x125AB2630,DXGI,0,512,0,Composed: Flip,Application,3683428988153,NA,9.85610000000000,8.34270000000000,0.22490000000000,3.36540000000000,11.2524,135.9896,3683428891548,9.8854,9.6605,0.2249,3.6835,9.3424,9.3424,0.0000,NA,0.0000,NA,NA,NA,NA
Endfield.exe,53680,0x125AB2630,DXGI,0,512,0,Composed: Flip,Application,3683429090769,NA,10.26160000000000,8.31860000000000,0.23190000000000,2.43600000000000,9.3094,144.3082,3683428990402,10.2686,10.0367,0.2319,3.1405,9.3322,9.3322,0.0000,NA,0.0000,NA,NA,NA,NA
Endfield.exe,53680,0x125AB2630,DXGI,0,512,0,Composed: Flip,Application,3683429192523,40.7421,10.17540000000000,16.66390000000000,0.21800000000000,6.86610000000000,15.7979,120.2300,3683429093088,10.1615,9.9435,0.2180,2.2041,14.6055,14.6029,0.0026,0.7160,27824.1132,NA,19.2958,NA,NA
Endfield.exe,53680,0x125AB2630,DXGI,0,512,0,Composed: Flip,Application,3683429297610,NA,10.50870000000000,8.34380000000000,0.25730000000000,4.74490000000000,13.6330,128.5738,3683429194703,10.5480,10.2907,0.2573,6.6481,8.3875,8.3812,0.0063,NA,0.0000,NA,NA,NA,NA
Endfield.exe,53680,0x125AB2630,DXGI,0,512,0,Composed: Flip,Application,3683429395430,NA,9.78200000000000,8.33880000000000,0.65900000000000,2.59790000000000,12.1898,136.9126,3683429300183,10.1837,9.5247,0.6590,4.4876,7.6350,7.6350,0.0000,NA,0.0000,NA,NA,NA,NA
Endfield.exe,53680,0x125AB2630,DXGI,0,512,0,Composed: Flip,Application,3683429499109,NA,10.36790000000000,16.65970000000000,0.15510000000000,3.73400000000000,18.4816,153.5723,3683429402020,9.8640,9.7089,0.1551,1.9389,11.5040,11.5040,0.0000,NA,0.0000,NA,NA,NA,NA
Endfield.exe,53680,0x125AB2630,DXGI,0,512,0,Composed: Flip,Application,3683429598711,40.2914,9.96020000000000,8.33420000000000,0.21750000000000,4.08510000000000,16.8556,121.6151,3683429500660,10.0226,9.8051,0.2175,3.5789,10.3113,10.3081,0.0032,-1.3851,27864.4046,NA,19.9751,NA,NA
Endfield.exe,53680,0x125AB2630,DXGI,0,512,0,Composed: Flip,Application,3683429700558,NA,10.18470000000000,8.32690000000000,0.22340000000000,5.08380000000000,14.9978,129.9420,3683429600886,10.1906,9.9672,0.2234,3.8676,11.1834,11.1615,0.0219,NA,0.0000,NA,NA,NA,NA
Endfield.exe,53680,0x125AB2630,DXGI,0,512,0,Composed: Flip,Application,3683429802923,NA,10.23650000000000,9.93030000000000,0.34340000000000,4.04890000000000,14.6916,139.8723,3683429702792,10.3565,10.0131,0.3434,4.8604,9.2016,9.2016,0.0000,NA,0.0000,NA,NA,NA,NA
Endfield.exe,53680,0x125AB2630,DXGI,0,512,0,Composed: Flip,Application,3683429904727,NA,10.18040000000000,6.82740000000000,0.31250000000000,3.98670000000000,11.3386,146.6997,3683429806357,10.1495,9.8370,0.3125,3.7055,10.1182,10.1182,0.0000,NA,0.0000,NA,NA,NA,NA
Endfield.exe,53680,0x125AB2630,DXGI,0,512,0,Composed: Flip,Application,3683429999627,40.9016,9.49000000000000,16.58880000000000,0.18430000000000,3.63320000000000,18.4374,122.3869,3683429907852,9.3618,9.1775,0.1843,3.6742,9.1365,9.1350,0.0015,-0.7718,27905.3062,NA,22.6462,NA,NA
Endfield.exe,53680,0x125AB2630,DXGI,0,512,0,Composed: Flip,Application,3683430100623,NA,10.09960000000000,9.92800000000000,0.27780000000000,5.04450000000000,18.2658,132.3149,3683430001470,10.1931,9.9153,0.2778,3.4489,11.5109,11.4988,0.0121,NA,0.0000,NA,NA,NA,NA
Endfield.exe,53680,0x125AB2630,DXGI,0,512,0,Composed: Flip,Application,3683430201873,NA,10.12500000000000,6.72540000000000,0.23860000000000,4.36380000000000,14.8662,139.0403,3683430103401,10.0858,9.8472,0.2386,4.7667,9.4443,9.4443,0.0000,NA,0.0000,NA,NA,NA,NA
Endfield.exe,53680,0x125AB2630,DXGI,0,512,0,Composed: Flip,Application,3683430303848,NA,10.19750000000000,8.36740000000000,0.13410000000000,3.90130000000000,13.0361,147.4077,3683430204259,10.0930,9.9589,0.1341,4.1252,9.7350,9.7350,0.0000,NA,0.0000,NA,NA,NA,NA
Endfield.exe,53680,0x125AB2630,DXGI,0,512,0,Composed: Flip,Application,3683430388656,40.6141,8.48080000000000,9.95670000000000,0.22580000000000,2.29450000000000,14.5120,116.7503,3683430305189,8.5725,8.3467,0.2258,3.7672,6.8740,6.8708,0.0032,5.6366,27945.9203,NA,18.6325,NA,NA
Endfield.exe,53680,0x125AB2630,DXGI,0,512,0,Composed: Flip,Application,3683430509506,NA,12.08500000000000,16.62180000000000,0.16030000000000,2.69020000000000,19.0488,133.3721,3683430390914,12.0195,11.8592,0.1603,2.0687,12.4807,12.4651,0.0156,NA,0.0000,NA,NA,NA,NA
Endfield.exe,53680,0x125AB2630,DXGI,0,512,0,Composed: Flip,Application,3683430589985,NA,8.04790000000000,6.71980000000000,0.15050000000000,4.48980000000000,17.7207,140.0919,3683430511109,8.0381,7.8876,0.1505,2.5299,9.8475,9.8475,0.0000,NA,0.0000,NA,NA,NA,NA
Endfield.exe,53680,0x125AB2630,DXGI,0,512,0,Composed: Flip,Application,3683430691726,NA,10.17410000000000,8.33740000000000,0.16220000000000,3.82700000000000,15.8840,148.4293,3683430591490,10.1858,10.0236,0.1622,4.3393,9.5113,9.5113,0.0000,NA,0.0000,NA,NA,NA,NA
Endfield.exe,53680,0x125AB2630,DXGI,0,512,0,Composed: Flip,Application,3683430786321,39.5324,9.45950000000000,8.38900000000000,0.25680000000000,4.22270000000000,14.8135,117.2859,3683430693348,9.5541,9.2973,0.2568,3.6648,9.8552,9.8522,0.0030,-0.5356,27985.4527,NA,37.6970,NA,NA
Endfield.exe,53680,0x125AB2630,DXGI,0,512,0,Composed: Flip,Application,3683430887298,NA,10.09770000000000,9.88500000000000,0.22080000000000,7.48110000000000,14.6008,127.1709,3683430788889,10.0617,9.8409,0.2208,3.9659,13.3561,13.3400,0.0161,NA,0.0000,NA,NA,NA,NA
Endfield.exe,53680,0x125AB2630,DXGI,0,512,0,Composed: Flip,Application,3683430984382,NA,9.70840000000000,6.77890000000000,0.20590000000000,2.39660000000000,11.6713,133.9498,3683430889506,9.6935,9.4876,0.2059,7.2603,4.6239,4.6239,0.0000,NA,0.0000,NA,NA,NA,NA
Endfield.exe,53680,0x125AB2630,DXGI,0,512,0,Composed: Flip,Application,3683431085864,NA,10.14820000000000,8.26250000000000,0.22670000000000,2.78610000000000,9.7856,142.2123,3683430986441,10.1690,9.9423,0.2267,2.1907,10.5377,10.5377,0.0000,NA,0.0000,NA,NA,NA,NA
Endfield.exe,53680,0x125AB2630,DXGI,0,512,0,Composed: Flip,Application,3683431185014,39.4106,9.91500000000000,18.34340000000000,0.24200000000000,3.66950000000000,18.2140,121.1451,3683431088131,9.9303,9.6883,0.2420,2.5594,10.7984,10.7958,0.0026,-3.8592,28024.8633,NA,44.9540,NA,NA
Endfield.exe,53680,0x125AB2630,DXGI,0,512,0,Composed: Flip,Application,3683431324945,NA,13.99310000000000,6.65180000000000,0.21030000000000,0.80110000000000,10.8727,127.7969,3683431187434,13.9614,13.7511,0.2103,3.4275,11.1247,11.1101,0.0146,NA,0.0000,NA,NA,NA,NA
Endfield.exe,53680,0x125AB2630,DXGI,0,512,0,Composed: Flip,Application,3683431390910,NA,6.59650000000000,9.98520000000000,0.17730000000000,3.39040000000000,14.2614,137.7821,3683431327048,6.5635,6.3862,0.1773,0.5908,9.1858,9.1858,0.0000,NA,0.0000,NA,NA,NA,NA
Endfield.exe,53680,0x125AB2630,DXGI,0,512,0,Composed: Flip,Application,3683431484838,NA,9.39280000000000,6.68040000000000,3.43360000000000,3.82400000000000,11.5490,144.4625,3683431392683,12.6491,9.2155,3.4336,3.2131,9.8264,9.8264,0.0000,NA,0.0000,NA,NA,NA,NA
Endfield.exe,53680,0x125AB2630,DXGI,0,512,0,Composed: Flip,Application,3683431581425,39.6651,9.65870000000000,8.35110000000000,0.51530000000000,3.28450000000000,10.2414,113.1485,3683431519174,6.7404,6.2251,0.5153,0.3904,9.1192,9.1183,0.0009,7.9966,28064.5284,NA,13.3135,NA,NA
Endfield.exe,53680,0x125AB2630,DXGI,0,512,0,Composed: Flip,Application,3683431678925,NA,9.75000000000000,9.94760000000000,0.24810000000000,4.34430000000000,10.4390,123.0961,3683431586578,9.4828,9.2347,0.2481,2.7692,10.8098,10.7930,0.0168,NA,0.0000,NA,NA,NA,NA
Endfield.exe,53680,0x125AB2630,DXGI,0,512,0,Composed: Flip,Application,3683431774853,NA,9.59280000000000,15.05560000000000,0.23050000000000,4.82870000000000,15.9018,138.1517,3683431681406,9.5752,9.3447,0.2305,4.0962,10.0772,10.0772,0.0000,NA,0.0000,NA,NA,NA,NA
Endfield.exe,53680,0x125AB2630,DXGI,0,512,0,Composed: Flip,Application,3683431875590,NA,10.07370000000000,8.33960000000000,0.21390000000000,4.78750000000000,14.1677,146.4913,3683431777158,10.0571,9.8432,0.2139,4.5982,10.0325,10.0325,0.0000,NA,0.0000,NA,NA,NA,NA
Endfield.exe,53680,0x125AB2630,DXGI,0,512,0,Composed: Flip,Application,3683431974046,40.0824,9.84560000000000,8.34100000000000,0.43450000000000,1.88870000000000,12.6631,114.7499,3683431877729,10.0662,9.6317,0.4345,4.5736,6.9468,6.9438,0.0030,-1.6014,28104.6108,NA,15.3108,NA,NA
Endfield.exe,53680,0x125AB2630,DXGI,0,512,0,Composed: Flip,Application,3683432073912,NA,9.98660000000000,8.30770000000000,0.23940000000000,2.88470000000000,10.9842,123.0576,3683431978391,9.7915,9.5521,0.2394,1.4542,10.9826,10.9661,0.0165,NA,0.0000,NA,NA,NA,NA
Endfield.exe,53680,0x125AB2630,DXGI,0,512,0,Composed: Flip,Application,3683432172117,NA,9.82050000000000,8.34610000000000,0.22150000000000,2.42070000000000,9.5098,131.4037,3683432076306,9.8026,9.5811,0.2215,2.6453,9.3565,9.3565,0.0000,NA,0.0000,NA,NA,NA,NA
Endfield.exe,53680,0x125AB2630,DXGI,0,512,0,Composed: Flip,Application,3683432271246,NA,9.91290000000000,16.66230000000000,0.25330000000000,2.51090000000000,16.2592,148.0660,3683432174332,9.9447,9.6914,0.2533,2.1992,10.0031,10.0031,0.0000,NA,0.0000,NA,NA,NA,NA
Endfield.exe,53680,0x125AB2630,DXGI,0,512,0,Composed: Flip,Application,3683432378318,39.1144,10.70720000000000,8.33170000000000,0.23720000000000,5.81910000000000,13.8837,117.2833,3683432273779,10.6911,10.4539,0.2372,2.2576,14.0154,14.0144,0.0010,-2.5334,28143.7252,NA,20.6546,NA,NA
Endfield.exe,53680,0x125AB2630,DXGI,0,512,0,Composed: Flip,Application,3683432476363,NA,9.80450000000000,8.33230000000000,0.21720000000000,3.19630000000000,12.4115,125.6156,3683432380690,9.7845,9.5673,0.2172,5.5819,7.1817,7.1628,0.0189,NA,0.0000,NA,NA,NA,NA
Endfield.exe,53680,0x125AB2630,DXGI,0,512,0,Composed: Flip,Application,3683432574170,NA,9.78070000000000,8.34560000000000,0.17760000000000,2.31420000000000,10.9764,133.9612,3683432478535,9.7411,9.5635,0.1776,2.9791,8.8986,8.8986,0.0000,NA,0.0000,NA,NA,NA,NA
Endfield.exe,53680,0x125AB2630,DXGI,0,512,0,Composed: Flip,Application,3683432673831,NA,9.96610000000000,8.33980000000000,0.14170000000000,2.68980000000000,9.3501,142.3010,3683432575946,9.9302,9.7885,0.1417,2.1366,10.3417,10.3417,0.0000,NA,0.0000,NA,NA,NA,NA
Endfield.exe,53680,0x125AB2630,DXGI,0,512,0,Composed: Flip,Application,3683432783755,39.9203,10.99240000000000,18.27400000000000,0.54960000000000,4.01090000000000,16.6317,120.6547,3683432675248,11.4003,10.8507,0.5496,2.5481,12.3135,12.3104,0.0031,-3.3714,28183.6455,NA,NA,NA,NA
Endfield.exe,53680,0x125AB2630,DXGI,0,512,0,Composed: Flip,Application,3683432910617,NA,12.68620000000000,NA,0.22360000000000,4.35140000000000,NA,NA,3683432789251,12.3602,12.1366,0.2236,3.4613,13.0267,13.0147,0.0120,NA,NA,NA,NA,NA,NA
Endfield.exe,53680,0x125AB2630,DXGI,0,512,0,Composed: Flip,Application,3683432980839,NA,7.02220000000000,15.09450000000000,0.21240000000000,2.31140000000000,12.0178,135.7492,3683432912853,7.0110,6.7986,0.2124,4.1278,4.9822,4.9822,0.0000,NA,0.0000,NA,NA,NA,NA
Endfield.exe,53680,0x125AB2630,DXGI,0,512,0,Composed: Flip,Application,3683433078909,NA,9.80700000000000,8.28550000000000,0.13090000000000,3.82510000000000,10.4963,144.0347,3683432982963,9.7255,9.5946,0.1309,2.0990,11.3207,11.3207,0.0000,NA,0.0000,NA,NA,NA,NA
Endfield.exe,53680,0x125AB2630,DXGI,0,512,0,Composed: Flip,Application,3683433181958,40.4405,10.30490000000000,18.29290000000000,0.15950000000000,3.75910000000000,18.4843,121.8871,3683433080218,10.3335,10.1740,0.1595,3.6942,10.2389,10.2362,0.0027,-1.2324,28224.0860,NA,NA,NA,NA
Endfield.exe,53680,0x125AB2630,DXGI,0,512,0,Composed: Flip,Application,3683433282058,NA,10.01000000000000,6.70850000000000,0.22530000000000,4.63230000000000,15.1828,128.5956,3683433183553,10.0758,9.8505,0.2253,3.5996,10.8832,10.8701,0.0131,NA,0.0000,NA,NA,NA,NA
Endfield.exe,53680,0x125AB2630,DXGI,0,512,0,Composed: Flip,Application,3683433382393,NA,10.03350000000000,9.96870000000000,0.16090000000000,4.61590000000000,15.1180,138.5643,3683433284311,9.9691,9.8082,0.1609,4.4070,10.0171,10.0171,0.0000,NA,0.0000,NA,NA,NA,NA
Endfield.exe,53680,0x125AB2630,DXGI,0,512,0,Composed: Flip,Application,3683433481782,NA,9.93890000000000,6.68800000000000,0.13570000000000,4.11120000000000,11.8671,145.2523,3683433384002,9.9137,9.7780,0.1357,4.4550,9.4342,9.4342,0.0000,NA,0.0000,NA,NA,NA,NA
Endfield.exe,53680,0x125AB2630,DXGI,0,512,0,Composed: Flip,Application,3683433580083,40.0306,9.83010000000000,16.68260000000000,0.17730000000000,3.78910000000000,18.7196,121.9043,3683433483139,9.8717,9.6944,0.1773,3.9755,9.5080,9.5069,0.0011,-0.0172,28264.1166,NA,NA,NA,NA
Endfield.exe,53680,0x125AB2630,DXGI,0,512,0,Composed: Flip,Application,3683433679392,NA,9.93090000000000,9.95180000000000,0.15390000000000,5.05410000000000,18.7405,131.8561,3683433581856,9.9075,9.7536,0.1539,3.6118,11.1959,11.1791,0.0168,NA,0.0000,NA,NA,NA,NA
Endfield.exe,53680,0x125AB2630,DXGI,0,512,0,Composed: Flip,Application,3683433779491,NA,10.00990000000000,6.70440000000000,0.19420000000000,4.02610000000000,15.4350,138.5605,3683433680931,10.0502,9.8560,0.1942,4.9002,8.9819,8.9819,0.0000,NA,0.0000,NA,NA,NA,NA
Endfield.exe,53680,0x125AB2630,DXGI,0,512,0,Composed: Flip,Application,3683433879397,NA,9.99060000000000,8.34450000000000,0.14310000000000,4.52720000000000,13.7889,146.9050,3683433781433,9.9395,9.7964,0.1431,3.8319,10.4917,10.4917,0.0000,NA,0.0000,NA,NA,NA,NA
Endfield.exe,53680,0x125AB2630,DXGI,0,512,0,Composed: Flip,Application,3683433969251,40.1410,8.98540000000000,8.32430000000000,0.16690000000000,4.55370000000000,13.1278,115.0883,3683433880828,9.0092,8.8423,0.1669,4.3841,9.0119,9.0085,0.0034,6.8160,28304.2576,NA,NA,NA,NA
Endfield.exe,53680,0x125AB2630,DXGI,0,512,0,Composed: Flip,Application,3683434070417,NA,10.11660000000000,8.33210000000000,0.28150000000000,2.79750000000000,11.3433,123.4204,3683433970920,10.2312,9.9497,0.2815,4.3868,8.3604,8.3448,0.0156,NA,0.0000,NA,NA,NA,NA
Endfield.exe,53680,0x125AB2630,DXGI,0,512,0,Composed: Flip,Application,3683434168361,NA,9.79440000000000,9.95350000000000,0.17790000000000,2.33480000000000,11.5024,133.3739,3683434073232,9.6908,9.5129,0.1779,2.5160,9.3317,9.3317,0.0000,NA,0.0000,NA,NA,NA,NA
Endfield.exe,53680,0x125AB2630,DXGI,0,512,0,Composed: Flip,Application,3683434268622,NA,10.02610000000000,15.07110000000000,0.13780000000000,4.13120000000000,16.5474,148.4450,3683434170140,9.9860,9.8482,0.1378,2.1569,11.8225,11.8225,0.0000,NA,0.0000,NA,NA,NA,NA
Endfield.exe,53680,0x125AB2630,DXGI,0,512,0,Composed: Flip,Application,3683434366201,39.1947,9.75790000000000,8.30740000000000,0.15440000000000,4.74810000000000,15.0969,117.5577,3683434270000,9.7745,9.6201,0.1544,3.9934,10.3748,10.3720,0.0028,-2.4694,28343.4523,NA,NA,NA,NA
Endfield.exe,53680,0x125AB2630,DXGI,0,512,0,Composed: Flip,Application,3683434466213,NA,10.00120000000000,8.33500000000000,0.16920000000000,3.07970000000000,13.4307,125.8927,3683434367745,10.0160,9.8468,0.1692,4.5937,8.3328,8.3162,0.0166,NA,0.0000,NA,NA,NA,NA
Endfield.exe,53680,0x125AB2630,DXGI,0,512,0,Composed: Flip,Application,3683434564861,NA,9.86480000000000,9.95040000000000,0.15370000000000,2.80900000000000,13.5163,135.8431,3683434467905,9.8493,9.6956,0.1537,2.9105,9.5941,9.5941,0.0000,NA,0.0000,NA,NA,NA,NA
Endfield.exe,53680,0x125AB2630,DXGI,0,512,0,Composed: Flip,Application,3683434665808,NA,10.09470000000000,15.06860000000000,0.14440000000000,4.42050000000000,18.4902,150.9117,3683434566398,10.0854,9.9410,0.1444,2.6553,11.7062,11.7062,0.0000,NA,0.0000,NA,NA,NA,NA
Endfield.exe,53680,0x125AB2630,DXGI,0,512,0,Composed: Flip,Application,3683434763325,39.5746,9.75170000000000,8.32720000000000,0.21960000000000,4.01410000000000,17.0657,119.6643,3683434667252,9.8269,9.6073,0.2196,4.2761,9.3453,9.3428,0.0025,-2.1066,28383.0269,NA,NA,NA,NA
Endfield.exe,53680,0x125AB2630,DXGI,0,512,0,Composed: Flip,Application,3683434862648,NA,9.93230000000000,9.94560000000000,0.30150000000000,3.27450000000000,17.0790,129.6099,3683434765521,10.0142,9.7127,0.3015,3.7945,9.1927,9.1784,0.0143,NA,0.0000,NA,NA,NA,NA
Endfield.exe,53680,0x125AB2630,DXGI,0,512,0,Composed: Flip,Application,3683434960827,NA,9.81790000000000,6.71030000000000,0.15920000000000,4.00880000000000,13.9714,136.3202,3683434865663,9.6756,9.5164,0.1592,2.9730,10.5522,10.5522,0.0000,NA,0.0000,NA,NA,NA,NA
Endfield.exe,53680,0x125AB2630,DXGI,0,512,0,Composed: Flip,Application,3683435060483,NA,9.96560000000000,8.35150000000000,0.14000000000000,3.37190000000000,12.3573,144.6717,3683434962419,9.9464,9.8064,0.1400,3.8496,9.3287,9.3287,0.0000,NA,0.0000,NA,NA,NA,NA
Endfield.exe,53680,0x125AB2630,DXGI,0,512,0,Composed: Flip,Application,3683435170230,39.6709,10.97470000000000,18.27030000000000,0.23910000000000,4.08830000000000,19.6529,123.2711,3683435061883,11.0738,10.8347,0.2391,3.2319,11.6911,11.6901,0.0010,-3.6068,28422.6978,NA,NA,NA,NA
Endfield.exe,53680,0x125AB2630,DXGI,0,512,0,Composed: Flip,Application,3683435267662,NA,9.74320000000000,6.71390000000000,0.17790000000000,2.92160000000000,16.6236,129.9850,3683435172621,9.6820,9.5041,0.1779,3.8492,8.5765,8.5583,0.0182,NA,0.0000,NA,NA,NA,NA
Endfield.exe,53680,0x125AB2630,DXGI,0,512,0,Composed: Flip,Application,3683435366809,NA,9.91470000000000,8.31860000000000,0.17420000000000,4.80920000000000,15.0275,138.3036,3683435269441,9.9110,9.7368,0.1742,2.7437,11.8023,11.8023,0.0000,NA,0.0000,NA,NA,NA,NA
Endfield.exe,53680,0x125AB2630,DXGI,0,512,0,Composed: Flip,Application,3683435468295,NA,10.14860000000000,8.35840000000000,0.17710000000000,4.02450000000000,13.2373,146.6620,3683435368551,10.1515,9.9744,0.1771,4.6350,9.3639,9.3639,0.0000,NA,0.0000,NA,NA,NA,NA
Endfield.exe,53680,0x125AB2630,DXGI,0,512,0,Composed: Flip,Application,3683435556793,39.6724,8.84980000000000,8.31990000000000,0.15410000000000,2.36410000000000,12.7074,115.3095,3683435470066,8.8268,8.6727,0.1541,3.8474,7.1894,7.1864,0.0030,7.9616,28462.3702,NA,NA,NA,NA
Endfield.exe,53680,0x125AB2630,DXGI,0,512,0,Composed: Flip,Application,3683435658455,NA,10.16620000000000,9.96600000000000,0.19720000000000,3.07930000000000,12.5072,125.2755,3683435558334,10.2093,10.0121,0.1972,2.2100,10.8814,10.8657,0.0157,NA,0.0000,NA,NA,NA,NA
Endfield.exe,53680,0x125AB2630,DXGI,0,512,0,Composed: Flip,Application,3683435754407,NA,9.59520000000000,15.03640000000000,0.16230000000000,4.88410000000000,17.9484,140.3119,3683435660427,9.5603,9.3980,0.1623,2.8821,11.4000,11.4000,0.0000,NA,0.0000,NA,NA,NA,NA
Endfield.exe,53680,0x125AB2630,DXGI,0,512,0,Composed: Flip,Application,3683435854841,NA,10.04340000000000,8.34410000000000,0.18900000000000,4.75940000000000,16.2491,148.6560,3683435756030,10.0701,9.8811,0.1890,4.7218,9.9187,9.9187,0.0000,NA,0.0000,NA,NA,NA,NA
Endfield.exe,53680,0x125AB2630,DXGI,0,512,0,Composed: Flip,Application,3683435954668,39.8821,9.98270000000000,8.34080000000000,0.16990000000000,7.28480000000000,14.6072,117.1147,3683435856731,9.9636,9.7937,0.1699,4.5704,12.5081,12.5066,0.0015,-1.8052,28502.2523,NA,17.3169,NA,NA
Endfield.exe,53680,0x125AB2630,DXGI,0,512,0,Composed: Flip,Application,3683436052910,NA,9.82420000000000,8.30890000000000,0.19620000000000,2.62040000000000,13.0919,125.4236,3683435956367,9.8505,9.6543,0.1962,7.1149,5.1598,5.1532,0.0066,NA,0.0000,NA,NA,NA,NA
Endfield.exe,53680,0x125AB2630,DXGI,0,512,0,Composed: Flip,Application,3683436151987,NA,9.90770000000000,8.34190000000000,0.35060000000000,2.44890000000000,11.5261,133.7655,3683436054872,10.0621,9.7115,0.3506,2.4242,9.7362,9.7362,0.0000,NA,0.0000,NA,NA,NA,NA
Endfield.exe,53680,0x125AB2630,DXGI,0,512,0,Composed: Flip,Application,3683436252155,NA,10.01680000000000,9.97390000000000,0.16120000000000,2.78950000000000,11.4832,143.7394,3683436155493,9.8274,9.6662,0.1612,2.0983,10.3574,10.3574,0.0000,NA,0.0000,NA,NA,NA,NA
Endfield.exe,53680,0x125AB2630,DXGI,0,512,0,Composed: Flip,Application,3683436353730,39.4936,10.15750000000000,15.02420000000000,0.24890000000000,4.27360000000000,16.3499,119.2700,3683436253767,10.2452,9.9963,0.2489,2.6283,11.6416,11.6380,0.0036,-2.1553,28541.7459,NA,18.7615,NA,NA
Endfield.exe,53680,0x125AB2630,DXGI,0,512,0,Composed: Flip,Application,3683436452118,NA,9.83880000000000,8.32870000000000,0.16620000000000,6.77470000000000,14.8398,127.5987,3683436356219,9.7561,9.5899,0.1662,4.0247,12.3399,12.3234,0.0165,NA,0.0000,NA,NA,NA,NA
Endfield.exe,53680,0x125AB2630,DXGI,0,512,0,Composed: Flip,Application,3683436551760,NA,9.96420000000000,8.34150000000000,0.21740000000000,4.09130000000000,13.2171,135.9402,3683436453780,10.0154,9.7980,0.2174,6.6085,7.2808,7.2808,0.0000,NA,0.0000,NA,NA,NA,NA
Endfield.exe,53680,0x125AB2630,DXGI,0,512,0,Composed: Flip,Application,3683436651492,NA,9.97320000000000,8.31500000000000,0.23600000000000,3.85450000000000,11.5589,144.2552,3683436553934,9.9918,9.7558,0.2360,3.8739,9.7364,9.7364,0.0000,NA,0.0000,NA,NA,NA,NA
Endfield.exe,53680,0x125AB2630,DXGI,0,512,0,Composed: Flip,Application,3683436758301,39.8205,10.68090000000000,16.67900000000000,0.17140000000000,4.43410000000000,17.5570,121.1137,3683436653852,10.6163,10.4449,0.1714,3.6185,11.2605,11.2594,0.0011,-1.8437,28581.5664,NA,24.6196,NA,NA
Endfield.exe,53680,0x125AB2630,DXGI,0,512,0,Composed: Flip,Application,3683436857667,NA,9.93660000000000,8.35040000000000,0.24060000000000,4.66030000000000,15.9708,129.4641,3683436760015,10.0058,9.7652,0.2406,4.2627,10.1628,10.1459,0.0169,NA,0.0000,NA,NA,NA,NA
Endfield.exe,53680,0x125AB2630,DXGI,0,512,0,Composed: Flip,Application,3683436956787,NA,9.91200000000000,8.31890000000000,0.38930000000000,3.18170000000000,14.3777,137.7830,3683436860073,10.0607,9.6714,0.3893,4.4197,8.4334,8.4334,0.0000,NA,0.0000,NA,NA,NA,NA
Endfield.exe,53680,0x125AB2630,DXGI,0,512,0,Composed: Flip,Application,3683437055879,NA,9.90920000000000,8.32210000000000,0.16420000000000,3.81370000000000,12.7906,146.1051,3683436960680,9.6841,9.5199,0.1642,2.7924,10.5412,10.5412,0.0000,NA,0.0000,NA,NA,NA,NA
Endfield.exe,53680,0x125AB2630,DXGI,0,512,0,Composed: Flip,Application,3683437165545,40.0033,10.96660000000000,9.98250000000000,0.27330000000000,3.68110000000000,11.8065,116.0843,3683437057521,11.0757,10.8024,0.2733,3.6495,10.8340,10.8331,0.0009,5.0294,28621.5697,NA,39.5887,NA,NA
Endfield.exe,53680,0x125AB2630,DXGI,0,512,0,Composed: Flip,Application,3683437264978,NA,9.94330000000000,15.02460000000000,0.27810000000000,4.82940000000000,16.8878,131.1089,3683437168278,9.9481,9.6700,0.2781,3.4078,11.0916,11.0775,0.0141,NA,0.0000,NA,NA,NA,NA
Endfield.exe,53680,0x125AB2630,DXGI,0,512,0,Composed: Flip,Application,3683437364438,NA,9.94600000000000,9.96530000000000,0.14980000000000,9.97900000000000,16.9071,141.0742,3683437267759,9.8177,9.6679,0.1498,4.5513,15.0956,15.0956,0.0000,NA,0.0000,NA,NA,NA,NA
Endfield.exe,53680,0x125AB2630,DXGI,0,512,0,Composed: Flip,Application,3683437465451,NA,10.10130000000000,6.72150000000000,0.18840000000000,2.41730000000000,13.5273,147.7957,3683437365936,10.1399,9.9515,0.1884,9.8292,2.5396,2.5396,0.0000,NA,0.0000,NA,NA,NA,NA
Endfield.exe,53680,0x125AB2630,DXGI,0,512,0,Composed: Flip,Application,3683437545033,39.7294,7.95820000000000,8.31830000000000,0.17380000000000,2.48880000000000,13.8874,116.3846,3683437467335,7.9436,7.7698,0.1738,2.2289,8.0297,8.0268,0.0029,-0.3003,28661.2991,NA,NA,NA,NA
Endfield.exe,53680,0x125AB2630,DXGI,0,512,0,Composed: Flip,Application,3683437644553,NA,9.95200000000000,8.32560000000000,0.14970000000000,3.51010000000000,12.2610,124.7102,3683437546771,9.9279,9.7782,0.1497,2.3150,10.9733,10.9631,0.0102,NA,0.0000,NA,NA,NA,NA
Endfield.exe,53680,0x125AB2630,DXGI,0,512,0,Composed: Flip,Application,3683437743402,NA,9.88490000000000,9.97410000000000,0.22460000000000,4.03620000000000,12.3502,134.6843,3683437646050,9.9598,9.7352,0.2246,3.3604,10.4110,10.4110,0.0000,NA,0.0000,NA,NA,NA,NA
Endfield.exe,53680,0x125AB2630,DXGI,0,512,0,Composed: Flip,Application,3683437843688,NA,10.02860000000000,15.05750000000000,0.14420000000000,4.69820000000000,17.3791,149.7418,3683437745648,9.9482,9.8040,0.1442,3.8116,10.6906,10.6906,0.0000,NA,0.0000,NA,NA,NA,NA
Endfield.exe,53680,0x125AB2630,DXGI,0,512,0,Composed: Flip,Application,3683437946166,40.5176,10.24780000000000,8.30760000000000,0.19260000000000,4.53820000000000,15.4389,117.5318,3683437845130,10.2962,10.1036,0.1926,4.5540,10.0878,10.0853,0.0025,-1.1472,28701.8167,NA,NA,NA,NA
Endfield.exe,53680,0x125AB2630,DXGI,0,512,0,Composed: Flip,Application,3683438047152,NA,10.09860000000000,9.96670000000000,0.24710000000000,4.90320000000000,15.3070,127.4985,3683437948092,10.1531,9.9060,0.2471,4.3456,10.4636,10.4495,0.0141,NA,0.0000,NA,NA,NA,NA
Endfield.exe,53680,0x125AB2630,DXGI,0,512,0,Composed: Flip,Application,3683438144623,NA,9.74710000000000,6.70410000000000,0.16240000000000,3.97340000000000,12.2640,134.2026,3683438049623,9.6624,9.5000,0.1624,4.6561,8.8173,8.8173,0.0000,NA,0.0000,NA,NA,NA,NA
Endfield.exe,53680,0x125AB2630,DXGI,0,512,0,Composed: Flip,Application,3683438245635,NA,10.10120000000000,8.33210000000000,0.19910000000000,3.85120000000000,10.4949,142.5347,3683438146247,10.1379,9.9388,0.1991,3.8110,9.9790,9.9790,0.0000,NA,0.0000,NA,NA,NA,NA
Endfield.exe,53680,0x125AB2630,DXGI,0,512,0,Composed: Flip,Application,3683438344894,38.7813,9.92590000000000,18.28710000000000,0.14920000000000,4.40670000000000,18.8561,122.0405,3683438247626,9.8760,9.7268,0.1492,3.6521,10.4814,10.4782,0.0032,-4.5087,28740.5980,NA,22.5693,NA,NA
Endfield.exe,53680,0x125AB2630,DXGI,0,512,0,Composed: Flip,Application,3683438446244,NA,10.13500000000000,6.71010000000000,0.25550000000000,4.44990000000000,15.4312,128.7506,3683438346386,10.2413,9.9858,0.2555,4.2575,10.1782,10.1605,0.0177,NA,0.0000,NA,NA,NA,NA
Endfield.exe,53680,0x125AB2630,DXGI,0,512,0,Composed: Flip,Application,3683438544405,NA,9.81610000000000,8.32970000000000,0.22400000000000,4.97050000000000,13.9448,137.0803,3683438448799,9.7846,9.5606,0.2240,4.1944,10.3367,10.3367,0.0000,NA,0.0000,NA,NA,NA,NA
Endfield.exe,53680,0x125AB2630,DXGI,0,512,0,Composed: Flip,Application,3683438645356,NA,10.09510000000000,9.99570000000000,0.15460000000000,3.16800000000000,13.8454,147.0760,3683438546645,10.0257,9.8711,0.1546,4.7465,8.2926,8.2926,0.0000,NA,0.0000,NA,NA,NA,NA
Endfield.exe,53680,0x125AB2630,DXGI,0,512,0,Composed: Flip,Application,3683438738919,40.0293,9.35630000000000,6.67590000000000,0.15470000000000,3.71760000000000,11.1650,113.7226,3683438646902,9.3564,9.2017,0.1547,3.0134,9.9059,9.9045,0.0014,8.3179,28780.6273,NA,21.2276,NA,NA
Endfield.exe,53680,0x125AB2630,DXGI,0,512,0,Composed: Flip,Application,3683438840143,NA,10.12240000000000,16.66090000000000,0.21020000000000,5.12900000000000,17.7035,130.3835,3683438740466,10.1779,9.9677,0.2102,3.5629,11.5338,11.5189,0.0149,NA,0.0000,NA,NA,NA,NA
Endfield.exe,53680,0x125AB2630,DXGI,0,512,0,Composed: Flip,Application,3683438937472,NA,9.73290000000000,8.34800000000000,0.15720000000000,5.00940000000000,16.3186,138.7315,3683438842245,9.6799,9.5227,0.1572,4.9188,9.6133,9.6133,0.0000,NA,0.0000,NA,NA,NA,NA
Endfield.exe,53680,0x125AB2630,DXGI,0,512,0,Composed: Flip,Application,3683439038686,NA,10.12140000000000,8.32930000000000,0.20790000000000,4.39750000000000,14.5265,147.0608,3683438939044,10.1721,9.9642,0.2079,4.8522,9.5095,9.5095,0.0000,NA,0.0000,NA,NA,NA,NA
Endfield.exe,53680,0x125AB2630,DXGI,0,512,0,Composed: Flip,Application,3683439132180,39.9977,9.34940000000000,8.32960000000000,0.25490000000000,4.66250000000000,13.5067,115.3927,3683439040765,9.3964,9.1415,0.2549,4.1896,9.6144,9.6117,0.0027,-1.6701,28820.6250,NA,17.9421,NA,NA
Endfield.exe,53680,0x125AB2630,DXGI,0,512,0,Composed: Flip,Application,3683439231112,NA,9.89320000000000,9.97880000000000,0.23980000000000,3.41940000000000,13.5923,125.3715,3683439134729,9.8781,9.6383,0.2398,4.4076,8.6501,8.6359,0.0142,NA,0.0000,NA,NA,NA,NA
Endfield.exe,53680,0x125AB2630,DXGI,0,512,0,Composed: Flip,Application,3683439329200,NA,9.80880000000000,15.00700000000000,0.15180000000000,4.21110000000000,18.7905,140.3785,3683439233510,9.7208,9.5690,0.1518,3.1796,10.6005,10.6005,0.0000,NA,0.0000,NA,NA,NA,NA
Endfield.exe,53680,0x125AB2630,DXGI,0,512,0,Composed: Flip,Application,3683439444768,NA,11.55680000000000,8.36260000000000,0.18540000000000,3.22450000000000,15.5963,148.7411,3683439330718,11.5904,11.4050,0.1854,4.0593,10.5702,10.5702,0.0000,NA,0.0000,NA,NA,NA,NA
Endfield.exe,53680,0x125AB2630,DXGI,0,512,0,Composed: Flip,Application,3683439530606,39.7337,8.58380000000000,8.31860000000000,0.21210000000000,7.58290000000000,15.3311,117.3260,3683439446622,8.6105,8.3984,0.2121,3.0391,12.9422,12.9396,0.0026,-1.9333,28860.3587,NA,NA,NA,NA
Endfield.exe,53680,0x125AB2630,DXGI,0,512,0,Composed: Flip,Application,3683439629706,NA,9.91000000000000,9.98040000000000,0.21010000000000,3.47450000000000,15.4015,127.3064,3683439532727,9.9080,9.6979,0.2101,7.3708,5.8016,5.7930,0.0086,NA,0.0000,NA,NA,NA,NA
Endfield.exe,53680,0x125AB2630,DXGI,0,512,0,Composed: Flip,Application,3683439727695,NA,9.79890000000000,6.68040000000000,0.17200000000000,2.28710000000000,12.2830,133.9868,3683439631807,9.7608,9.5888,0.1720,3.2644,8.6115,8.6115,0.0000,NA,0.0000,NA,NA,NA,NA
Endfield.exe,53680,0x125AB2630,DXGI,0,512,0,Composed: Flip,Application,3683439827859,NA,10.01640000000000,8.34120000000000,0.22900000000000,3.84020000000000,10.6078,142.3280,3683439729415,10.0734,9.8444,0.2290,2.1151,11.5695,11.5695,0.0000,NA,0.0000,NA,NA,NA,NA
Endfield.exe,53680,0x125AB2630,DXGI,0,512,0,Composed: Flip,Application,3683439932550,38.9235,10.46910000000000,16.64610000000000,0.21630000000000,4.31550000000000,16.7848,120.0506,3683439830149,10.4564,10.2401,0.2163,3.6112,10.9444,10.9416,0.0028,-2.7246,28899.2822,NA,NA,NA,NA
Endfield.exe,53680,0x125AB2630,DXGI,0,512,0,Composed: Flip,Application,3683440030607,NA,9.80570000000000,8.34400000000000,0.38970000000000,2.83390000000000,15.3231,128.3946,3683439934713,9.9791,9.5894,0.3897,4.0992,8.3241,8.3051,0.0190,NA,0.0000,NA,NA,NA,NA
Endfield.exe,53680,0x125AB2630,DXGI,0,512,0,Composed: Flip,Application,3683440135492,NA,10.48850000000000,8.33640000000000,0.61510000000000,4.61430000000000,13.1710,136.7310,3683440034504,10.7139,10.0988,0.6151,2.4442,12.2689,12.2689,0.0000,NA,0.0000,NA,NA,NA,NA
Endfield.exe,53680,0x125AB2630,DXGI,0,512,0,Composed: Flip,Application,3683440230516,NA,9.50240000000000,8.33140000000000,0.26440000000000,2.76710000000000,12.0000,145.0624,3683440141643,9.1517,8.8873,0.2644,3.9992,7.6552,7.6552,0.0000,NA,0.0000,NA,NA,NA,NA
Endfield.exe,53680,0x125AB2630,DXGI,0,512,0,Composed: Flip,Application,3683440330333,39.8957,9.98170000000000,8.34180000000000,0.16840000000000,3.70740000000000,10.3601,113.5085,3683440233160,9.8857,9.7173,0.1684,2.5027,10.9220,10.9210,0.0010,6.5421,28939.1779,NA,NA,NA,NA
Endfield.exe,53680,0x125AB2630,DXGI,0,512,0,Composed: Flip,Application,3683440428670,NA,9.83370000000000,9.96410000000000,0.21390000000000,2.49110000000000,10.4905,123.4726,3683440332017,9.8792,9.6653,0.2139,3.5390,8.6174,8.6018,0.0156,NA,0.0000,NA,NA,NA,NA
Endfield.exe,53680,0x125AB2630,DXGI,0,512,0,Composed: Flip,Application,3683440527634,NA,9.89640000000000,15.03610000000000,0.16060000000000,4.74020000000000,15.6302,138.5087,3683440430809,9.8431,9.6825,0.1606,2.2772,12.1455,12.1455,0.0000,NA,0.0000,NA,NA,NA,NA
Endfield.exe,53680,0x125AB2630,DXGI,0,512,0,Composed: Flip,Application,3683440627857,NA,10.02230000000000,8.33890000000000,0.15240000000000,3.92980000000000,13.9468,146.8476,3683440529240,10.0141,9.8617,0.1524,4.5796,9.2119,9.2119,0.0000,NA,0.0000,NA,NA,NA,NA
Endfield.exe,53680,0x125AB2630,DXGI,0,512,0,Composed: Flip,Application,3683440722939,40.0348,9.50820000000000,9.97240000000000,0.15700000000000,2.31800000000000,14.4110,116.7852,3683440629381,9.5128,9.3558,0.1570,3.7774,7.8964,7.8929,0.0035,-3.2767,28979.2127,NA,NA,NA,NA
Endfield.exe,53680,0x125AB2630,DXGI,0,512,0,Composed: Flip,Application,3683440823724,NA,10.07850000000000,15.02200000000000,0.17370000000000,4.41400000000000,19.3545,131.8072,3683440724509,10.0952,9.9215,0.1737,2.1610,12.1745,12.1619,0.0126,NA,0.0000,NA,NA,NA,NA
Endfield.exe,53680,0x125AB2630,DXGI,0,512,0,Composed: Flip,Application,3683440920934,NA,9.72100000000000,8.37350000000000,0.21400000000000,3.80610000000000,18.0070,140.1807,3683440825461,9.7613,9.5473,0.2140,4.2403,9.1131,9.1131,0.0000,NA,0.0000,NA,NA,NA,NA
Endfield.exe,53680,0x125AB2630,DXGI,0,512,0,Composed: Flip,Application,3683441019658,NA,9.87240000000000,8.28910000000000,0.16160000000000,4.86780000000000,16.4237,148.4698,3683440923074,9.8200,9.6584,0.1616,3.5921,10.9341,10.9341,0.0000,NA,0.0000,NA,NA,NA,NA
Endfield.exe,53680,0x125AB2630,DXGI,0,512,0,Composed: Flip,Application,3683441121540,39.1076,10.18820000000000,9.96540000000000,0.17170000000000,4.45270000000000,16.2009,119.3276,3683441021274,10.1983,10.0266,0.1717,4.7062,9.7731,9.7701,0.0030,-2.5424,29018.3203,NA,NA,NA,NA
Endfield.exe,53680,0x125AB2630,DXGI,0,512,0,Composed: Flip,Application,3683441223198,NA,10.16580000000000,6.68090000000000,0.26510000000000,4.25620000000000,12.7160,126.0085,3683441123257,10.2592,9.9941,0.2651,4.2810,9.9693,9.9471,0.0222,NA,0.0000,NA,NA,NA,NA
Endfield.exe,53680,0x125AB2630,DXGI,0,512,0,Composed: Flip,Application,3683441319841,NA,9.66430000000000,8.35270000000000,0.29040000000000,2.34260000000000,11.4044,134.3612,3683441225849,9.6896,9.3992,0.2904,3.9911,7.7507,7.7507,0.0000,NA,0.0000,NA,NA,NA,NA
Endfield.exe,53680,0x125AB2630,DXGI,0,512,0,Composed: Flip,Application,3683441419358,NA,9.95170000000000,8.32720000000000,0.16420000000000,2.96620000000000,9.7799,142.6884,3683441322745,9.8255,9.6613,0.1642,2.0522,10.5753,10.5753,0.0000,NA,0.0000,NA,NA,NA,NA
Endfield.exe,53680,0x125AB2630,DXGI,0,512,0,Composed: Flip,Application,3683441517975,40.0673,9.86170000000000,16.66880000000000,0.15640000000000,4.52670000000000,16.5870,119.2899,3683441421000,9.8539,9.6975,0.1564,2.8020,11.4222,11.4191,0.0031,0.0377,29058.3876,NA,49.5980,NA,NA
Endfield.exe,53680,0x125AB2630,DXGI,0,512,0,Composed: Flip,Application,3683441617748,NA,9.97730000000000,8.33790000000000,0.19300000000000,4.57530000000000,14.9476,127.6278,3683441519539,10.0139,9.8209,0.1930,4.3703,10.0259,10.0086,0.0173,NA,0.0000,NA,NA,NA,NA
Endfield.exe,53680,0x125AB2630,DXGI,0,512,0,Composed: Flip,Application,3683441716646,NA,9.88980000000000,8.33930000000000,0.22240000000000,4.28740000000000,13.3971,135.9671,3683441619678,9.9192,9.6968,0.2224,4.3823,9.6019,9.6019,0.0000,NA,0.0000,NA,NA,NA,NA
Endfield.exe,53680,0x125AB2630,DXGI,0,512,0,Composed: Flip,Application,3683441816785,NA,10.01390000000000,8.31660000000000,0.22350000000000,2.57870000000000,11.6998,144.2837,3683441718870,10.0150,9.7915,0.2235,4.0650,8.3052,8.3052,0.0000,NA,0.0000,NA,NA,NA,NA
Endfield.exe,53680,0x125AB2630,DXGI,0,512,0,Composed: Flip,Application,3683441919791,39.7835,10.30060000000000,16.67700000000000,0.18450000000000,4.00360000000000,18.0762,121.1772,3683441819020,10.2616,10.0771,0.1845,2.3552,11.7255,11.7224,0.0031,-1.8873,29098.1711,NA,NA,NA,NA
Endfield.exe,53680,0x125AB2630,DXGI,0,512,0,Composed: Flip,Application,3683442020479,NA,10.06880000000000,8.31270000000000,0.20750000000000,5.08390000000000,16.3201,129.4899,3683441921636,10.0918,9.8843,0.2075,3.8191,11.1491,11.1322,0.0169,NA,0.0000,NA,NA,NA,NA
Endfield.exe,53680,0x125AB2630,DXGI,0,512,0,Composed: Flip,Application,3683442118137,NA,9.76580000000000,10.02460000000000,0.16170000000000,4.74980000000000,16.5789,139.5145,3683442022554,9.7200,9.5583,0.1617,4.8764,9.4317,9.4317,0.0000,NA,0.0000,NA,NA,NA,NA
Endfield.exe,53680,0x125AB2630,DXGI,0,512,0,Composed: Flip,Application,3683442217166,NA,9.90290000000000,6.64330000000000,0.13440000000000,3.59660000000000,13.3193,146.1578,3683442119754,9.8756,9.7412,0.1344,4.5881,8.7497,8.7497,0.0000,NA,0.0000,NA,NA,NA,NA
Endfield.exe,53680,0x125AB2630,DXGI,0,512,0,Composed: Flip,Application,3683442312148,39.8685,9.49820000000000,8.33030000000000,0.30210000000000,2.21650000000000,12.1514,114.6196,3683442218510,9.6659,9.3638,0.3021,3.4622,8.1181,8.1150,0.0031,6.5576,29138.0396,NA,NA,NA,NA
Endfield.exe,53680,0x125AB2630,DXGI,0,512,0,Composed: Flip,Application,3683442411559,NA,9.94110000000000,8.35990000000000,0.18500000000000,2.87210000000000,10.5702,122.9795,3683442315169,9.8240,9.6390,0.1850,1.9144,10.5967,10.5833,0.0134,NA,0.0000,NA,NA,NA,NA
Endfield.exe,53680,0x125AB2630,DXGI,0,512,0,Composed: Flip,Application,3683442509294,NA,9.77350000000000,9.97680000000000,0.30860000000000,2.37370000000000,10.7735,132.9563,3683442413409,9.8971,9.5885,0.3086,2.6871,9.2751,9.2751,0.0000,NA,0.0000,NA,NA,NA,NA
Endfield.exe,53680,0x125AB2630,DXGI,0,512,0,Composed: Flip,Application,3683442609104,NA,9.98100000000000,15.46300000000000,0.33470000000000,4.61250000000000,16.2555,148.4193,3683442512380,10.0071,9.6724,0.3347,2.0651,12.2198,12.2198,0.0000,NA,0.0000,NA,NA,NA,NA
Endfield.exe,53680,0x125AB2630,DXGI,0,512,0,Composed: Flip,Application,3683442705685,39.9648,9.65810000000000,7.89100000000000,0.20160000000000,4.37710000000000,14.4884,116.3455,3683442612451,9.5250,9.3234,0.2016,4.2778,9.4227,9.4196,0.0031,-1.7259,29178.0044,NA,NA,NA,NA
Endfield.exe,53680,0x125AB2630,DXGI,0,512,0,Composed: Flip,Application,3683442804575,NA,9.88900000000000,10.02210000000000,0.20250000000000,3.05220000000000,14.6215,126.3676,3683442707701,9.8899,9.6874,0.2025,4.1755,8.5641,8.5437,0.0204,NA,0.0000,NA,NA,NA,NA
Endfield.exe,53680,0x125AB2630,DXGI,0,512,0,Composed: Flip,Application,3683442901731,NA,9.71560000000000,6.64110000000000,0.27880000000000,4.13610000000000,11.5470,133.0087,3683442806600,9.7919,9.5131,0.2788,2.8497,10.7995,10.7995,0.0000,NA,0.0000,NA,NA,NA,NA
Endfield.exe,53680,0x125AB2630,DXGI,0,512,0,Composed: Flip,Application,3683443001186,NA,9.94550000000000,16.70510000000000,0.14970000000000,3.39630000000000,18.3066,149.7138,3683442904519,9.8164,9.6667,0.1497,3.8573,9.2057,9.2057,0.0000,NA,0.0000,NA,NA,NA,NA
Endfield.exe,53680,0x125AB2630,DXGI,0,512,0,Composed: Flip,Application,3683443105995,39.2427,10.48090000000000,9.94920000000000,0.16610000000000,4.39180000000000,17.7749,120.4203,3683443002683,10.4973,10.3312,0.1661,3.2466,11.4764,11.4733,0.0031,-4.0748,29217.2471,NA,54.5897,NA,NA
Endfield.exe,53680,0x125AB2630,DXGI,0,512,0,Composed: Flip,Application,3683443206275,NA,10.02800000000000,6.67580000000000,0.19030000000000,4.46900000000000,14.4227,127.0961,3683443107656,10.0522,9.8619,0.1903,4.2257,10.1052,10.0883,0.0169,NA,0.0000,NA,NA,NA,NA
Endfield.exe,53680,0x125AB2630,DXGI,0,512,0,Composed: Flip,Application,3683443303815,NA,9.75400000000000,8.33520000000000,0.22670000000000,4.13840000000000,13.0039,135.4313,3683443208178,9.7904,9.5637,0.2267,4.2787,9.4234,9.4234,0.0000,NA,0.0000,NA,NA,NA,NA
Endfield.exe,53680,0x125AB2630,DXGI,0,512,0,Composed: Flip,Application,3683443403940,NA,10.01250000000000,8.33070000000000,0.14620000000000,2.39420000000000,11.3221,143.7620,3683443306082,9.9320,9.7858,0.1462,3.9117,8.2683,8.2683,0.0000,NA,0.0000,NA,NA,NA,NA
Endfield.exe,53680,0x125AB2630,DXGI,0,512,0,Composed: Flip,Application,3683443507610,39.2625,10.36700000000000,10.00000000000000,0.25120000000000,3.67760000000000,10.9551,114.4995,3683443405402,10.4720,10.2208,0.2512,2.2480,11.6504,11.6493,0.0011,5.9208,29256.5096,NA,14.9299,NA,NA
Endfield.exe,53680,0x125AB2630,DXGI,0,512,0,Composed: Flip,Application,3683443606556,NA,9.89460000000000,15.00430000000000,0.16730000000000,6.31480000000000,16.0648,129.5038,3683443510122,9.8107,9.6434,0.1673,3.4264,12.5318,12.5141,0.0177,NA,0.0000,NA,NA,NA,NA
Endfield.exe,53680,0x125AB2630,DXGI,0,512,0,Composed: Flip,Application,3683443706811,NA,10.02550000000000,8.33730000000000,0.18800000000000,4.74700000000000,14.3766,137.8411,3683443608229,10.0462,9.8582,0.1880,6.1475,8.4577,8.4577,0.0000,NA,0.0000,NA,NA,NA,NA
Endfield.exe,53680,0x125AB2630,DXGI,0,512,0,Composed: Flip,Application,3683443806060,NA,9.92490000000000,9.98350000000000,0.13520000000000,3.91430000000000,14.4352,147.8246,3683443708691,9.8721,9.7369,0.1352,4.5590,9.0922,9.0922,0.0000,NA,0.0000,NA,NA,NA,NA
Endfield.exe,53680,0x125AB2630,DXGI,0,512,0,Composed: Flip,Application,3683443903226,40.1091,9.71660000000000,6.68980000000000,0.15490000000000,3.68930000000000,11.4084,114.4053,3683443807412,9.7363,9.5814,0.1549,3.7791,9.4916,9.4905,0.0011,0.0942,29296.6187,NA,31.9434,NA,NA
Endfield.exe,53680,0x125AB2630,DXGI,0,512,0,Composed: Flip,Application,3683444002842,NA,9.96160000000000,8.30750000000000,0.26280000000000,2.54450000000000,9.7543,122.7128,3683443904775,10.0695,9.8067,0.2628,3.5344,8.8168,8.8038,0.0130,NA,0.0000,NA,NA,NA,NA
Endfield.exe,53680,0x125AB2630,DXGI,0,512,0,Composed: Flip,Application,3683444101798,NA,9.89560000000000,18.34470000000000,0.28030000000000,4.71270000000000,18.2034,141.0575,3683444005470,9.9131,9.6328,0.2803,2.2817,12.0638,12.0638,0.0000,NA,0.0000,NA,NA,NA,NA
Endfield.exe,53680,0x125AB2630,DXGI,0,512,0,Composed: Flip,Application,3683444201201,NA,9.94030000000000,6.68140000000000,0.15520000000000,4.31970000000000,14.9445,147.7389,3683444104601,9.8152,9.6600,0.1552,4.4324,9.5473,9.5473,0.0000,NA,0.0000,NA,NA,NA,NA
Endfield.exe,53680,0x125AB2630,DXGI,0,512,0,Composed: Flip,Application,3683444292951,39.4631,9.17500000000000,8.33870000000000,0.17500000000000,7.44210000000000,14.1082,116.6145,3683444202753,9.1948,9.0198,0.1750,4.1645,12.2974,12.2948,0.0026,-2.2092,29336.0818,NA,50.6079,NA,NA
Endfield.exe,53680,0x125AB2630,DXGI,0,512,0,Composed: Flip,Application,3683444389701,NA,9.67500000000000,9.96610000000000,0.15970000000000,3.29800000000000,14.3993,126.5806,3683444294701,9.6597,9.5000,0.1597,7.2671,5.5309,5.5242,0.0067,NA,0.0000,NA,NA,NA,NA
Endfield.exe,53680,0x125AB2630,DXGI,0,512,0,Composed: Flip,Application,3683444490067,NA,10.03660000000000,6.68430000000000,0.14280000000000,4.08380000000000,11.0470,133.2649,3683444391298,10.0197,9.8769,0.1428,3.1383,10.8224,10.8224,0.0000,NA,0.0000,NA,NA,NA,NA
Endfield.exe,53680,0x125AB2630,DXGI,0,512,0,Composed: Flip,Application,3683444587193,NA,9.71260000000000,16.67320000000000,0.14130000000000,4.68560000000000,18.0076,149.9381,3683444491495,9.7111,9.5698,0.1413,3.9410,10.3144,10.3144,0.0000,NA,0.0000,NA,NA,NA,NA
Endfield.exe,53680,0x125AB2630,DXGI,0,512,0,Composed: Flip,Application,3683444688014,39.9656,10.08210000000000,9.98990000000000,0.19710000000000,4.40910000000000,17.9154,119.9624,3683444588606,10.1379,9.9408,0.1971,4.5443,9.8056,9.8027,0.0029,-3.3479,29376.0474,NA,45.9255,NA,NA
Endfield.exe,53680,0x125AB2630,DXGI,0,512,0,Composed: Flip,Application,3683444787630,NA,9.96160000000000,6.67550000000000,0.24520000000000,4.62620000000000,14.6293,126.6379,3683444689985,10.0097,9.7645,0.2452,4.2120,10.1787,10.1579,0.0208,NA,0.0000,NA,NA,NA,NA
Endfield.exe,53680,0x125AB2630,DXGI,0,512,0,Composed: Flip,Application,3683444885794,NA,9.81640000000000,8.33090000000000,0.21790000000000,4.39310000000000,13.1438,134.9688,3683444790082,9.7891,9.5712,0.2179,4.3810,9.5833,9.5833,0.0000,NA,0.0000,NA,NA,NA,NA
Endfield.exe,53680,0x125AB2630,DXGI,0,512,0,Composed: Flip,Application,3683444984670,NA,9.88760000000000,8.36640000000000,0.19520000000000,2.54430000000000,11.6226,143.3352,3683444887973,9.8649,9.6697,0.1952,4.1752,8.0388,8.0388,0.0000,NA,0.0000,NA,NA,NA,NA
Endfield.exe,53680,0x125AB2630,DXGI,0,512,0,Composed: Flip,Application,3683445084749,39.2782,10.00790000000000,16.63470000000000,0.20320000000000,3.72880000000000,18.2494,120.6917,3683444986622,10.0159,9.8127,0.2032,2.3491,11.1924,11.1914,0.0010,-0.7293,29415.3256,NA,NA,NA,NA
Endfield.exe,53680,0x125AB2630,DXGI,0,512,0,Composed: Flip,Application,3683445183424,NA,9.86750000000000,9.99480000000000,0.18940000000000,5.05380000000000,18.3767,130.6865,3683445086781,9.8537,9.6643,0.1894,3.5256,11.1925,11.1792,0.0133,NA,0.0000,NA,NA,NA,NA
Endfield.exe,53680,0x125AB2630,DXGI,0,512,0,Composed: Flip,Application,3683445285631,NA,10.22070000000000,6.67280000000000,0.31230000000000,3.12050000000000,14.8288,137.3593,3683445185318,10.3436,10.0313,0.3123,4.8644,8.2874,8.2874,0.0000,NA,0.0000,NA,NA,NA,NA
Endfield.exe,53680,0x125AB2630,DXGI,0,512,0,Composed: Flip,Application,3683445382793,NA,9.71620000000000,8.34670000000000,0.20890000000000,4.46990000000000,13.4593,145.7060,3683445288754,9.6128,9.4039,0.2089,2.8082,11.0656,11.0656,0.0000,NA,0.0000,NA,NA,NA,NA
Endfield.exe,53680,0x125AB2630,DXGI,0,512,0,Composed: Flip,Application,3683445472165,39.5419,8.93720000000000,NA,0.26840000000000,6.36950000000000,NA,NA,3683445384882,8.9967,8.7283,0.2684,4.2610,10.8368,10.8338,0.0030,NA,NA,NA,NA,NA,NA
Endfield.exe,53680,0x125AB2630,DXGI,0,512,0,Composed: Flip,Application,3683445569132,NA,9.69670000000000,18.33230000000000,0.24080000000000,3.16050000000000,13.1577,124.4964,3683445474849,9.6691,9.4283,0.2408,6.1011,6.4877,6.4749,0.0128,NA,0.0000,NA,NA,NA,NA
Endfield.exe,53680,0x125AB2630,DXGI,0,512,0,Composed: Flip,Application,3683445668054,NA,9.89220000000000,14.98490000000000,0.18120000000000,4.34810000000000,18.2504,139.4813,3683445571540,9.8326,9.6514,0.1812,2.9197,11.0798,11.0798,0.0000,NA,0.0000,NA,NA,NA,NA
Endfield.exe,53680,0x125AB2630,DXGI,0,512,0,Composed: Flip,Application,3683445766643,NA,9.85890000000000,9.99320000000000,0.16310000000000,3.66410000000000,18.3847,149.4745,3683445669866,9.8408,9.6777,0.1631,4.1669,9.1749,9.1749,0.0000,NA,0.0000,NA,NA,NA,NA
Endfield.exe,53680,0x125AB2630,DXGI,0,512,0,Composed: Flip,Application,3683445869102,39.4417,10.24590000000000,6.69720000000000,0.18900000000000,4.02810000000000,14.8360,116.7300,3683445768274,10.2718,10.0828,0.1890,3.5010,10.6099,10.6069,0.0030,3.9617,29494.3092,NA,NA,NA,NA
Endfield.exe,53680,0x125AB2630,DXGI,0,512,0,Composed: Flip,Application,3683445970544,NA,10.14420000000000,8.31450000000000,0.26850000000000,4.68460000000000,13.0063,125.0445,3683445870992,10.2237,9.9552,0.2685,3.8391,10.8007,10.7842,0.0165,NA,0.0000,NA,NA,NA,NA
Endfield.exe,53680,0x125AB2630,DXGI,0,512,0,Composed: Flip,Application,3683446066343,NA,9.57990000000000,9.98020000000000,0.34300000000000,2.91050000000000,13.4066,135.0247,3683445973229,9.6544,9.3114,0.3430,4.4161,7.8058,7.8058,0.0000,NA,0.0000,NA,NA,NA,NA
Endfield.exe,53680,0x125AB2630,DXGI,0,512,0,Composed: Flip,Application,3683446165476,NA,9.91330000000000,15.01890000000000,0.16830000000000,4.05510000000000,18.5122,150.0436,3683446069773,9.7386,9.5703,0.1683,2.5675,11.0579,11.0579,0.0000,NA,0.0000,NA,NA,NA,NA
Endfield.exe,53680,0x125AB2630,DXGI,0,512,0,Composed: Flip,Application,3683446264210,38.7177,9.87340000000000,9.97470000000000,0.19200000000000,3.90670000000000,18.6135,121.3006,3683446167159,9.8971,9.7051,0.1920,3.8868,9.7250,9.7208,0.0042,-4.5706,29533.0269,NA,NA,NA,NA
Endfield.exe,53680,0x125AB2630,DXGI,0,512,0,Composed: Flip,Application,3683446363730,NA,9.95200000000000,6.69360000000000,0.33310000000000,4.84110000000000,15.3551,127.9942,3683446266130,10.0931,9.7600,0.3331,3.7147,10.8864,10.8694,0.0170,NA,0.0000,NA,NA,NA,NA
Endfield.exe,53680,0x125AB2630,DXGI,0,512,0,Composed: Flip,Application,3683446461861,NA,9.81310000000000,8.32520000000000,0.24830000000000,4.71850000000000,13.8672,136.3194,3683446367061,9.7283,9.4800,0.2483,4.5080,9.6905,9.6905,0.0000,NA,0.0000,NA,NA,NA,NA
Endfield.exe,53680,0x125AB2630,DXGI,0,512,0,Composed: Flip,Application,3683446561203,NA,9.93420000000000,8.33800000000000,0.17180000000000,3.35140000000000,12.2710,144.6574,3683446464344,9.8577,9.6859,0.1718,4.4702,8.5671,8.5671,0.0000,NA,0.0000,NA,NA,NA,NA
Endfield.exe,53680,0x125AB2630,DXGI,0,512,0,Composed: Flip,Application,3683446661759,39.8580,10.05560000000000,8.32570000000000,0.21560000000000,3.74110000000000,10.5411,113.1251,3683446562921,10.0994,9.8838,0.2156,3.1796,10.4453,10.4441,0.0012,8.1755,29572.8849,NA,16.9085,NA,NA
Endfield.exe,53680,0x125AB2630,DXGI,0,512,0,Composed: Flip,Application,3683446760323,NA,9.85640000000000,16.66190000000000,0.29970000000000,2.73540000000000,17.3466,129.7870,3683446663915,9.9405,9.6408,0.2997,3.5255,8.8507,8.8327,0.0180,NA,0.0000,NA,NA,NA,NA
Endfield.exe,53680,0x125AB2630,DXGI,0,512,0,Composed: Flip,Application,3683446859228,NA,9.89050000000000,8.37210000000000,0.26280000000000,4.11440000000000,15.8282,138.1591,3683446763320,9.8536,9.5908,0.2628,2.4357,11.2695,11.2695,0.0000,NA,0.0000,NA,NA,NA,NA
Endfield.exe,53680,0x125AB2630,DXGI,0,512,0,Composed: Flip,Application,3683446959697,NA,10.04690000000000,8.30790000000000,0.22480000000000,5.02220000000000,14.0892,146.4670,3683446861856,10.0089,9.7841,0.2248,3.8516,10.9547,10.9547,0.0000,NA,0.0000,NA,NA,NA,NA
Endfield.exe,53680,0x125AB2630,DXGI,0,512,0,Composed: Flip,Application,3683447062454,39.5274,10.27570000000000,8.34380000000000,0.20980000000000,2.13850000000000,12.1573,115.2834,3683446961945,10.2607,10.0509,0.2098,4.7974,7.3920,7.3897,0.0023,-2.1583,29612.4123,NA,35.6094,NA,NA
Endfield.exe,53680,0x125AB2630,DXGI,0,512,0,Composed: Flip,Application,3683447161474,NA,9.90200000000000,8.32370000000000,0.28560000000000,2.53350000000000,10.5790,123.6071,3683447064552,9.9778,9.6922,0.2856,1.9287,10.2970,10.2835,0.0135,NA,0.0000,NA,NA,NA,NA
Endfield.exe,53680,0x125AB2630,DXGI,0,512,0,Composed: Flip,Application,3683447259768,NA,9.82940000000000,8.34220000000000,0.20570000000000,2.48880000000000,9.0918,131.9493,3683447164330,9.7495,9.5438,0.2057,2.2479,9.7847,9.7847,0.0000,NA,0.0000,NA,NA,NA,NA
Endfield.exe,53680,0x125AB2630,DXGI,0,512,0,Composed: Flip,Application,3683447359399,NA,9.96310000000000,18.32170000000000,0.16480000000000,4.63650000000000,17.4504,150.2710,3683447261825,9.9222,9.7574,0.1648,2.2831,12.1108,12.1108,0.0000,NA,0.0000,NA,NA,NA,NA
Endfield.exe,53680,0x125AB2630,DXGI,0,512,0,Composed: Flip,Application,3683447458091,39.5762,9.86920000000000,6.67800000000000,0.21460000000000,6.58580000000000,14.2592,117.3728,3683447361047,9.9190,9.7044,0.2146,4.4717,11.8185,11.8153,0.0032,-2.0894,29651.9885,NA,NA,NA,NA
Endfield.exe,53680,0x125AB2630,DXGI,0,512,0,Composed: Flip,Application,3683447556686,NA,9.85950000000000,9.97670000000000,0.21980000000000,4.48680000000000,14.3764,127.3495,3683447460237,9.8647,9.6449,0.2198,6.3712,7.7605,7.7534,0.0071,NA,0.0000,NA,NA,NA,NA
Endfield.exe,53680,0x125AB2630,DXGI,0,512,0,Composed: Flip,Application,3683447654206,NA,9.75200000000000,6.68480000000000,0.18830000000000,4.14950000000000,11.3092,134.0343,3683447558884,9.7205,9.5322,0.1883,4.2670,9.4147,9.4147,0.0000,NA,0.0000,NA,NA,NA,NA
Endfield.exe,53680,0x125AB2630,DXGI,0,512,0,Composed: Flip,Application,3683447753510,NA,9.93040000000000,16.64660000000000,0.16310000000000,3.38440000000000,18.0254,150.6809,3683447656089,9.9052,9.7421,0.1631,3.9612,9.1653,9.1653,0.0000,NA,0.0000,NA,NA,NA,NA
Endfield.exe,53680,0x125AB2630,DXGI,0,512,0,Composed: Flip,Application,3683447849111,40.2786,9.56010000000000,8.34540000000000,0.17720000000000,4.27820000000000,16.8107,118.7477,3683447755141,9.5742,9.3970,0.1772,3.2213,10.4539,10.4510,0.0029,-1.3749,29692.2671,NA,NA,NA,NA
Endfield.exe,53680,0x125AB2630,DXGI,0,512,0,Composed: Flip,Application,3683447951685,NA,10.25740000000000,8.33740000000000,0.24900000000000,4.65310000000000,14.8907,127.0851,3683447850883,10.3292,10.0802,0.2490,4.1010,10.6323,10.6146,0.0177,NA,0.0000,NA,NA,NA,NA
Endfield.exe,53680,0x125AB2630,DXGI,0,512,0,Composed: Flip,Application,3683448048711,NA,9.70260000000000,8.32460000000000,0.18770000000000,3.57060000000000,13.5127,135.4097,3683447954175,9.6413,9.4536,0.1877,4.4041,8.6201,8.6201,0.0000,NA,0.0000,NA,NA,NA,NA
Endfield.exe,53680,0x125AB2630,DXGI,0,512,0,Composed: Flip,Application,3683448145843,NA,9.71320000000000,9.99880000000000,0.15050000000000,3.24740000000000,13.7983,145.4085,3683448050588,9.6760,9.5255,0.1505,3.3829,9.3900,9.3900,0.0000,NA,0.0000,NA,NA,NA,NA
Endfield.exe,53680,0x125AB2630,DXGI,0,512,0,Composed: Flip,Application,3683448252555,39.3395,10.67120000000000,15.00190000000000,0.17520000000000,3.66280000000000,18.1290,121.0709,3683448147348,10.6959,10.5207,0.1752,3.0969,11.0866,11.0827,0.0039,-2.3232,29731.6066,NA,NA,NA,NA
Endfield.exe,53680,0x125AB2630,DXGI,0,512,0,Composed: Flip,Application,3683448369665,NA,11.71100000000000,10.01650000000000,0.20970000000000,3.24280000000000,16.4345,131.0874,3683448254307,11.7455,11.5358,0.2097,3.4876,11.2910,11.2746,0.0164,NA,0.0000,NA,NA,NA,NA
Endfield.exe,53680,0x125AB2630,DXGI,0,512,0,Composed: Flip,Application,3683448449491,NA,7.98260000000000,6.65380000000000,0.16690000000000,4.37690000000000,15.1057,137.7412,3683448371762,7.9398,7.7729,0.1669,3.0331,9.1167,9.1167,0.0000,NA,0.0000,NA,NA,NA,NA
Endfield.exe,53680,0x125AB2630,DXGI,0,512,0,Composed: Flip,Application,3683448550982,NA,10.14910000000000,8.35360000000000,0.31290000000000,4.34960000000000,13.3102,146.0948,3683448451160,10.2951,9.9822,0.3129,4.2100,10.1218,10.1218,0.0000,NA,0.0000,NA,NA,NA,NA
Endfield.exe,53680,0x125AB2630,DXGI,0,512,0,Composed: Flip,Application,3683448640300,39.3944,8.93180000000000,9.96880000000000,0.20980000000000,2.24390000000000,14.3472,116.6692,3683448554111,8.8287,8.6189,0.2098,4.0367,6.8261,6.8225,0.0036,4.4017,29771.0010,NA,NA,NA,NA
Endfield.exe,53680,0x125AB2630,DXGI,0,512,0,Composed: Flip,Application,3683448738753,NA,9.84530000000000,6.67570000000000,0.23560000000000,2.47450000000000,11.1776,123.3449,3683448642398,9.8711,9.6355,0.2356,2.0341,10.0759,10.0642,0.0117,NA,0.0000,NA,NA,NA,NA
Endfield.exe,53680,0x125AB2630,DXGI,0,512,0,Composed: Flip,Application,3683448841020,NA,10.22670000000000,16.67740000000000,0.19680000000000,2.73680000000000,17.6283,140.0223,3683448741109,10.1879,9.9911,0.1968,2.2389,10.4890,10.4890,0.0000,NA,0.0000,NA,NA,NA,NA
Endfield.exe,53680,0x125AB2630,DXGI,0,512,0,Composed: Flip,Application,3683448937462,NA,9.64420000000000,8.33710000000000,0.17370000000000,4.32360000000000,16.3212,148.3594,3683448842988,9.6211,9.4474,0.1737,2.5400,11.2310,11.2310,0.0000,NA,0.0000,NA,NA,NA,NA
Endfield.exe,53680,0x125AB2630,DXGI,0,512,0,Composed: Flip,Application,3683449029799,40.2857,9.23370000000000,8.31640000000000,0.21570000000000,4.71450000000000,15.4039,116.3901,3683448939199,9.2757,9.0600,0.2157,4.1499,9.6246,9.6216,0.0030,0.2791,29811.2867,NA,NA,NA,NA
Endfield.exe,53680,0x125AB2630,DXGI,0,512,0,Composed: Flip,Application,3683449130702,NA,10.09030000000000,8.33150000000000,0.26400000000000,4.94490000000000,13.6451,124.7216,3683449031956,10.1386,9.8746,0.2640,4.4988,10.3207,10.3041,0.0166,NA,0.0000,NA,NA,NA,NA
Endfield.exe,53680,0x125AB2630,DXGI,0,512,0,Composed: Flip,Application,3683449225866,NA,9.51640000000000,10.00620000000000,0.15960000000000,3.51010000000000,14.1349,134.7278,3683449133342,9.4120,9.2524,0.1596,4.6809,8.0816,8.0816,0.0000,NA,0.0000,NA,NA,NA,NA
Endfield.exe,53680,0x125AB2630,DXGI,0,512,0,Composed: Flip,Application,3683449324685,NA,9.88190000000000,6.67380000000000,0.14620000000000,4.10470000000000,10.9268,141.4016,3683449227462,9.8685,9.7223,0.1462,3.3505,10.4765,10.4765,0.0000,NA,0.0000,NA,NA,NA,NA
Endfield.exe,53680,0x125AB2630,DXGI,0,512,0,Composed: Flip,Application,3683449429188,38.7539,10.45030000000000,16.65300000000000,0.30330000000000,4.38560000000000,17.1295,119.3007,3683449326147,10.6074,10.3041,0.3033,3.9585,10.7312,10.7283,0.0029,-2.9106,29850.0406,NA,NA,NA,NA
Endfield.exe,53680,0x125AB2630,DXGI,0,512,0,Composed: Flip,Application,3683449528024,NA,9.88360000000000,8.34050000000000,0.19660000000000,5.18750000000000,15.5864,127.6412,3683449432221,9.7769,9.5803,0.1966,4.0823,10.6855,10.6682,0.0173,NA,0.0000,NA,NA,NA,NA
Endfield.exe,53680,0x125AB2630,DXGI,0,512,0,Composed: Flip,Application,3683449625651,NA,9.76270000000000,10.05360000000000,0.18990000000000,4.77180000000000,15.8773,137.6948,3683449529990,9.7560,9.5661,0.1899,4.9909,9.3470,9.3470,0.0000,NA,0.0000,NA,NA,NA,NA
Endfield.exe,53680,0x125AB2630,DXGI,0,512,0,Composed: Flip,Application,3683449723910,NA,9.82590000000000,6.59540000000000,0.14790000000000,2.61430000000000,12.6468,144.2902,3683449627550,9.7839,9.6360,0.1479,4.5819,7.6684,7.6684,0.0000,NA,0.0000,NA,NA,NA,NA
Endfield.exe,53680,0x125AB2630,DXGI,0,512,0,Composed: Flip,Application,3683449831979,39.0132,10.80690000000000,16.67180000000000,0.19810000000000,3.62870000000000,18.5117,121.9488,3683449725389,10.8571,10.6590,0.1981,2.4664,11.8213,11.8202,0.0011,-2.6481,29889.0538,NA,NA,NA,NA
Endfield.exe,53680,0x125AB2630,DXGI,0,512,0,Composed: Flip,Application,3683449929829,NA,9.78500000000000,8.32450000000000,0.19490000000000,5.05530000000000,17.0512,130.2733,3683449833960,9.7818,9.5869,0.1949,3.4306,11.2116,11.1976,0.0140,NA,0.0000,NA,NA,NA,NA
Endfield.exe,53680,0x125AB2630,DXGI,0,512,0,Composed: Flip,Application,3683450028222,NA,9.83930000000000,8.34530000000000,0.38740000000000,4.38480000000000,15.5572,138.6186,3683449931778,10.0318,9.6444,0.3874,4.8604,9.1688,9.1688,0.0000,NA,0.0000,NA,NA,NA,NA
Endfield.exe,53680,0x125AB2630,DXGI,0,512,0,Composed: Flip,Application,3683450129023,NA,10.08010000000000,8.34980000000000,0.54840000000000,4.71520000000000,13.8269,146.9684,3683450032096,10.2411,9.6927,0.5484,3.9974,10.4105,10.4105,0.0000,NA,0.0000,NA,NA,NA,NA
Endfield.exe,53680,0x125AB2630,DXGI,0,512,0,Composed: Flip,Application,3683450221411,39.9017,9.23880000000000,8.31690000000000,0.25800000000000,2.30330000000000,12.9050,115.3836,3683450134507,8.9484,8.6904,0.2580,4.1668,6.8269,6.8238,0.0031,6.5652,29928.9555,NA,NA,NA,NA
Endfield.exe,53680,0x125AB2630,DXGI,0,512,0,Composed: Flip,Application,3683450319745,NA,9.83340000000000,10.00920000000000,0.21760000000000,2.94610000000000,13.0808,125.3928,3683450223991,9.7930,9.5754,0.2176,2.0453,10.4762,10.4574,0.0188,NA,0.0000,NA,NA,NA,NA
Endfield.exe,53680,0x125AB2630,DXGI,0,512,0,Composed: Flip,Application,3683450418088,NA,9.83430000000000,15.00120000000000,0.21280000000000,4.63970000000000,18.2477,140.3940,3683450321921,9.8295,9.6167,0.2128,2.7285,11.5279,11.5279,0.0000,NA,0.0000,NA,NA,NA,NA
Endfield.exe,53680,0x125AB2630,DXGI,0,512,0,Composed: Flip,Application,3683450517181,NA,9.90930000000000,8.33220000000000,0.13860000000000,4.79210000000000,16.6706,148.7262,3683450420216,9.8351,9.6965,0.1386,4.4269,10.0617,10.0617,0.0000,NA,0.0000,NA,NA,NA,NA
Endfield.exe,53680,0x125AB2630,DXGI,0,512,0,Composed: Flip,Application,3683450615446,39.5387,9.82650000000000,9.99320000000000,0.17100000000000,4.64680000000000,16.8373,119.1807,3683450518567,9.8589,9.6879,0.1710,4.6535,9.6812,9.6782,0.0030,-3.7971,29968.4942,NA,NA,NA,NA
Endfield.exe,53680,0x125AB2630,DXGI,0,512,0,Composed: Flip,Application,3683450714391,NA,9.89450000000000,6.67080000000000,0.21080000000000,2.76400000000000,13.6136,125.8515,3683450617156,9.9343,9.7235,0.2108,4.4758,8.0117,7.9985,0.0132,NA,0.0000,NA,NA,NA,NA
Endfield.exe,53680,0x125AB2630,DXGI,0,512,0,Composed: Flip,Application,3683450810936,NA,9.65450000000000,8.32130000000000,0.15070000000000,3.27090000000000,12.2804,134.1728,3683450716499,9.5944,9.4437,0.1507,2.5532,10.1614,10.1614,0.0000,NA,0.0000,NA,NA,NA,NA
Endfield.exe,53680,0x125AB2630,DXGI,0,512,0,Composed: Flip,Application,3683450908899,NA,9.79630000000000,8.34550000000000,0.13730000000000,3.84260000000000,10.8296,142.5183,3683450812443,9.7829,9.6456,0.1373,3.1202,10.3680,10.3680,0.0000,NA,0.0000,NA,NA,NA,NA
Endfield.exe,53680,0x125AB2630,DXGI,0,512,0,Composed: Flip,Application,3683451015703,39.7194,10.68040000000000,18.34490000000000,0.23140000000000,4.39350000000000,18.4941,121.1438,3683450910272,10.7745,10.5431,0.2314,3.7053,11.2313,11.2290,0.0023,-1.9631,30008.2136,NA,NA,NA,NA
Endfield.exe,53680,0x125AB2630,DXGI,0,512,0,Composed: Flip,Application,3683451115800,NA,10.00970000000000,6.64050000000000,0.24380000000000,4.37720000000000,15.1249,127.7843,3683451018017,10.0221,9.7783,0.2438,4.1621,9.9934,9.9785,0.0149,NA,0.0000,NA,NA,NA,NA
Endfield.exe,53680,0x125AB2630,DXGI,0,512,0,Composed: Flip,Application,3683451213309,NA,9.75090000000000,8.49150000000000,0.26690000000000,4.88030000000000,13.8655,136.2758,3683451118238,9.7740,9.5071,0.2669,4.1334,10.2540,10.2540,0.0000,NA,0.0000,NA,NA,NA,NA
Endfield.exe,53680,0x125AB2630,DXGI,0,512,0,Composed: Flip,Application,3683451311833,NA,9.85240000000000,9.87450000000000,0.13820000000000,3.18670000000000,13.8876,146.1503,3683451215978,9.7237,9.5855,0.1382,4.6134,8.1588,8.1588,0.0000,NA,0.0000,NA,NA,NA,NA
Endfield.exe,53680,0x125AB2630,DXGI,0,512,0,Composed: Flip,Application,3683451407730,39.3671,9.58970000000000,6.64060000000000,0.20030000000000,3.78690000000000,10.9385,113.4238,3683451313215,9.6518,9.4515,0.2003,3.0485,10.1899,10.1872,0.0027,7.7200,30047.5807,NA,NA,NA,NA
Endfield.exe,53680,0x125AB2630,DXGI,0,512,0,Composed: Flip,Application,3683451510668,NA,10.29380000000000,8.36160000000000,0.26350000000000,2.36560000000000,9.0063,121.7854,3683451409733,10.3570,10.0935,0.2635,3.5866,8.8725,8.8591,0.0134,NA,0.0000,NA,NA,NA,NA
Endfield.exe,53680,0x125AB2630,DXGI,0,512,0,Composed: Flip,Application,3683451606269,NA,9.56010000000000,16.65310000000000,0.31150000000000,8.02450000000000,16.0993,138.4385,3683451513303,9.6081,9.2966,0.3115,2.1021,15.2190,15.2190,0.0000,NA,0.0000,NA,NA,NA,NA
Endfield.exe,53680,0x125AB2630,DXGI,0,512,0,Composed: Flip,Application,3683451705630,NA,9.93610000000000,8.32620000000000,0.19660000000000,3.09260000000000,14.4894,146.7647,3683451609384,9.8212,9.6246,0.1966,7.7130,5.0042,5.0042,0.0000,NA,0.0000,NA,NA,NA,NA
Endfield.exe,53680,0x125AB2630,DXGI,0,512,0,Composed: Flip,Application,3683451810848,39.9763,10.52180000000000,8.33560000000000,0.26070000000000,1.88440000000000,12.3032,115.1240,3683451707596,10.5859,10.3252,0.2607,2.8960,9.3136,9.3106,0.0030,-1.7002,30087.5570,NA,NA,NA,NA
Endfield.exe,53680,0x125AB2630,DXGI,0,512,0,Composed: Flip,Application,3683451909703,NA,9.88550000000000,8.33100000000000,0.18200000000000,3.31940000000000,10.7487,123.4550,3683451813455,9.8068,9.6248,0.1820,1.6237,11.3205,11.3089,0.0116,NA,0.0000,NA,NA,NA,NA
Endfield.exe,53680,0x125AB2630,DXGI,0,512,0,Composed: Flip,Application,3683452008149,NA,9.84460000000000,18.34160000000000,0.19500000000000,2.75860000000000,19.2457,141.7966,3683451911523,9.8576,9.6626,0.1950,3.1374,9.2838,9.2838,0.0000,NA,0.0000,NA,NA,NA,NA
Endfield.exe,53680,0x125AB2630,DXGI,0,512,0,Composed: Flip,Application,3683452107689,NA,9.95400000000000,6.66080000000000,0.15070000000000,4.32390000000000,15.9525,148.4574,3683452010099,9.9097,9.7590,0.1507,2.5636,11.5193,11.5193,0.0000,NA,0.0000,NA,NA,NA,NA
Endfield.exe,53680,0x125AB2630,DXGI,0,512,0,Composed: Flip,Application,3683452215267,39.3376,10.75780000000000,NA,0.21520000000000,7.55810000000000,NA,NA,3683452109196,10.8223,10.6071,0.2152,4.1732,13.9920,13.9891,0.0029,NA,NA,NA,NA,NA,NA
Endfield.exe,53680,0x125AB2630,DXGI,0,512,0,Composed: Flip,Application,3683452314381,NA,9.91140000000000,16.66050000000000,0.23300000000000,2.94220000000000,11.9438,125.7803,3683452217419,9.9292,9.6962,0.2330,7.3429,5.2955,5.2913,0.0042,NA,0.0000,NA,NA,NA,NA
Endfield.exe,53680,0x125AB2630,DXGI,0,512,0,Composed: Flip,Application,3683452412615,NA,9.82340000000000,10.02590000000000,0.14140000000000,3.72500000000000,12.1463,135.8062,3683452316711,9.7318,9.5904,0.1414,2.7092,10.6062,10.6062,0.0000,NA,0.0000,NA,NA,NA,NA
Endfield.exe,53680,0x125AB2630,DXGI,0,512,0,Composed: Flip,Application,3683452512001,NA,9.93860000000000,15.00070000000000,0.14440000000000,4.66760000000000,17.2084,150.8069,3683452414029,9.9416,9.7972,0.1444,3.5836,10.8812,10.8812,0.0000,NA,0.0000,NA,NA,NA,NA
Endfield.exe,53680,0x125AB2630,DXGI,0,512,0,Composed: Flip,Application,3683452610813,40.2810,9.88120000000000,8.31120000000000,0.19990000000000,4.42840000000000,15.6384,118.8371,3683452513445,9.9367,9.7368,0.1999,4.5232,9.6420,9.6394,0.0026,-3.7131,30167.1756,NA,NA,NA,NA
Endfield.exe,53680,0x125AB2630,DXGI,0,512,0,Composed: Flip,Application,3683452710469,NA,9.96560000000000,9.99400000000000,0.18170000000000,5.02690000000000,15.6668,128.8311,3683452612812,9.9474,9.7657,0.1817,4.2285,10.5641,10.4756,0.0885,NA,0.0000,NA,NA,NA,NA
Endfield.exe,53680,0x125AB2630,DXGI,0,512,0,Composed: Flip,Application,3683452808204,NA,9.77350000000000,6.66290000000000,0.21570000000000,4.01130000000000,12.5562,135.4940,3683452712286,9.8075,9.5918,0.2157,4.8452,8.7579,8.7579,0.0000,NA,0.0000,NA,NA,NA,NA
Endfield.exe,53680,0x125AB2630,DXGI,0,512,0,Composed: Flip,Application,3683452908212,NA,10.00080000000000,8.31960000000000,0.56150000000000,4.07000000000000,10.8750,143.8136,3683452810361,10.3466,9.7851,0.5615,3.7956,10.0595,10.0595,0.0000,NA,0.0000,NA,NA,NA,NA
Endfield.exe,53680,0x125AB2630,DXGI,0,512,0,Composed: Flip,Application,3683453009395,40.4170,10.11830000000000,16.68420000000000,0.56820000000000,4.31970000000000,17.4409,120.0808,3683452913827,10.1250,9.5568,0.5682,3.5085,10.3680,10.3657,0.0023,-1.2437,30207.5926,NA,NA,NA,NA
Endfield.exe,53680,0x125AB2630,DXGI,0,512,0,Composed: Flip,Application,3683453108851,NA,9.94560000000000,10.02480000000000,0.48240000000000,5.39200000000000,17.5201,130.1056,3683453015077,9.8598,9.3774,0.4824,3.7515,11.0179,11.0032,0.0147,NA,0.0000,NA,NA,NA,NA
Endfield.exe,53680,0x125AB2630,DXGI,0,512,0,Composed: Flip,Application,3683453208343,NA,9.94920000000000,6.63120000000000,0.16960000000000,2.11140000000000,14.2021,136.7368,3683453113675,9.6364,9.4668,0.1696,4.9096,6.6686,6.6686,0.0000,NA,0.0000,NA,NA,NA,NA
Endfield.exe,53680,0x125AB2630,DXGI,0,512,0,Composed: Flip,Application,3683453308880,NA,10.05370000000000,8.34020000000000,0.16550000000000,3.70990000000000,12.4886,145.0770,3683453210039,10.0496,9.8841,0.1655,1.9418,11.6522,11.6522,0.0000,NA,0.0000,NA,NA,NA,NA
Endfield.exe,53680,0x125AB2630,DXGI,0,512,0,Composed: Flip,Application,3683453402042,39.5227,9.31620000000000,8.34540000000000,0.19680000000000,2.15130000000000,11.5178,113.8997,3683453310535,9.3475,9.1507,0.1968,3.5444,7.7576,7.7558,0.0018,6.1811,30247.1153,NA,25.8970,NA,NA
Endfield.exe,53680,0x125AB2630,DXGI,0,512,0,Composed: Flip,Application,3683453501907,NA,9.98650000000000,10.01030000000000,0.18570000000000,3.08160000000000,11.5416,123.9100,3683453404010,9.9754,9.7897,0.1857,1.9545,10.9168,10.9018,0.0150,NA,0.0000,NA,NA,NA,NA
Endfield.exe,53680,0x125AB2630,DXGI,0,512,0,Composed: Flip,Application,3683453599110,NA,9.72030000000000,14.98570000000000,0.15460000000000,4.77400000000000,16.8070,138.8957,3683453503764,9.6892,9.5346,0.1546,2.8959,11.4127,11.4127,0.0000,NA,0.0000,NA,NA,NA,NA
Endfield.exe,53680,0x125AB2630,DXGI,0,512,0,Composed: Flip,Application,3683453699367,NA,10.02570000000000,8.33920000000000,0.17900000000000,7.27990000000000,15.1205,147.2349,3683453600656,10.0501,9.8711,0.1790,4.6194,12.5316,12.5316,0.0000,NA,0.0000,NA,NA,NA,NA
Endfield.exe,53680,0x125AB2630,DXGI,0,512,0,Composed: Flip,Application,3683453794734,39.9079,9.53670000000000,10.00460000000000,0.24350000000000,7.15280000000000,15.5884,117.3316,3683453701157,9.6012,9.3577,0.2435,7.1009,9.4096,9.4096,0.0000,-3.4319,30287.0232,NA,NA,NA,NA
Endfield.exe,53680,0x125AB2630,DXGI,0,512,0,Composed: Flip,Application,3683453892934,NA,9.82000000000000,6.66720000000000,0.35100000000000,4.50440000000000,12.4356,123.9988,3683453797169,9.9275,9.5765,0.3510,6.9093,7.1716,7.1646,0.0070,NA,0.0000,NA,NA,NA,NA
Endfield.exe,53680,0x125AB2630,DXGI,0,512,0,Composed: Flip,Application,3683453992499,NA,9.95650000000000,8.36280000000000,0.18610000000000,2.16980000000000,10.8419,132.3616,3683453896444,9.7916,9.6055,0.1861,4.1534,7.6219,7.6219,0.0000,NA,0.0000,NA,NA,NA,NA
Endfield.exe,53680,0x125AB2630,DXGI,0,512,0,Composed: Flip,Application,3683454091452,NA,9.89530000000000,18.30800000000000,0.14730000000000,4.86500000000000,19.2546,150.6696,3683453994360,9.8565,9.7092,0.1473,1.9837,12.5905,12.5905,0.0000,NA,0.0000,NA,NA,NA,NA
Endfield.exe,53680,0x125AB2630,DXGI,0,512,0,Composed: Flip,Application,3683454191503,40.0784,10.00510000000000,6.63950000000000,0.17620000000000,6.72130000000000,15.8890,117.2307,3683454092925,10.0340,9.8578,0.1762,4.7177,11.8614,11.8582,0.0032,0.1009,30327.1016,NA,56.1990,NA,NA
Endfield.exe,53680,0x125AB2630,DXGI,0,512,0,Composed: Flip,Application,3683454290055,NA,9.85520000000000,8.34440000000000,0.16750000000000,4.93190000000000,14.3782,125.5751,3683454193265,9.8465,9.6790,0.1675,6.5451,8.0658,8.0595,0.0063,NA,0.0000,NA,NA,NA,NA
Endfield.exe,53680,0x125AB2630,DXGI,0,512,0,Composed: Flip,Application,3683454388938,NA,9.88830000000000,8.32010000000000,0.15280000000000,4.14400000000000,12.8100,133.8952,3683454291730,9.8736,9.7208,0.1528,4.7644,9.1004,9.1004,0.0000,NA,0.0000,NA,NA,NA,NA
Endfield.exe,53680,0x125AB2630,DXGI,0,512,0,Composed: Flip,Application,3683454488664,NA,9.97260000000000,10.04060000000000,0.25730000000000,2.24880000000000,12.8780,143.9358,3683454390466,10.0771,9.8198,0.2573,3.9912,8.0774,8.0774,0.0000,NA,0.0000,NA,NA,NA,NA
Endfield.exe,53680,0x125AB2630,DXGI,0,512,0,Composed: Flip,Application,3683454584571,38.2307,9.59070000000000,14.98430000000000,0.20300000000000,3.64060000000000,18.2716,120.6894,3683454491237,9.5364,9.3334,0.2030,1.9915,10.9825,10.9797,0.0028,-3.4587,30365.3323,NA,NA,NA,NA
Endfield.exe,53680,0x125AB2630,DXGI,0,512,0,Composed: Flip,Application,3683454681928,NA,9.73570000000000,10.01230000000000,0.18010000000000,2.35780000000000,18.5482,130.7017,3683454586601,9.7128,9.5327,0.1801,3.4376,8.4529,8.4366,0.0163,NA,0.0000,NA,NA,NA,NA
Endfield.exe,53680,0x125AB2630,DXGI,0,512,0,Composed: Flip,Application,3683454783703,NA,10.17750000000000,6.80650000000000,0.26020000000000,4.10670000000000,15.1772,137.5082,3683454683729,10.2576,9.9974,0.2602,2.1777,11.9264,11.9264,0.0000,NA,0.0000,NA,NA,NA,NA
Endfield.exe,53680,0x125AB2630,DXGI,0,512,0,Composed: Flip,Application,3683454879948,NA,9.62450000000000,8.18590000000000,0.15010000000000,2.91640000000000,13.7386,145.6941,3683454786305,9.5144,9.3643,0.1501,3.8465,8.4342,8.4342,0.0000,NA,0.0000,NA,NA,NA,NA
Endfield.exe,53680,0x125AB2630,DXGI,0,512,0,Composed: Flip,Application,3683454971388,40.2386,9.14400000000000,8.32600000000000,0.15030000000000,2.34930000000000,12.9206,113.7815,3683454881449,9.1442,8.9939,0.1503,2.7663,8.5769,8.5746,0.0023,6.9079,30405.5709,NA,NA,NA,NA
Endfield.exe,53680,0x125AB2630,DXGI,0,512,0,Composed: Flip,Application,3683455070439,NA,9.90510000000000,10.00270000000000,0.17840000000000,2.94270000000000,13.0182,123.7842,3683454972891,9.9332,9.7548,0.1784,2.1990,10.4985,10.4818,0.0167,NA,0.0000,NA,NA,NA,NA
Endfield.exe,53680,0x125AB2630,DXGI,0,512,0,Composed: Flip,Application,3683455167882,NA,9.74430000000000,14.98480000000000,0.17820000000000,4.59500000000000,18.2587,138.7690,3683455072223,9.7441,9.5659,0.1782,2.7643,11.3966,11.3966,0.0000,NA,0.0000,NA,NA,NA,NA
Endfield.exe,53680,0x125AB2630,DXGI,0,512,0,Composed: Flip,Application,3683455266121,NA,9.82390000000000,8.37880000000000,0.14730000000000,2.79380000000000,16.8136,147.1478,3683455169664,9.7930,9.6457,0.1473,4.4168,8.0227,8.0227,0.0000,NA,0.0000,NA,NA,NA,NA
Endfield.exe,53680,0x125AB2630,DXGI,0,512,0,Composed: Flip,Application,3683455367219,38.8692,10.10980000000000,9.98130000000000,0.17080000000000,7.43940000000000,16.6851,118.2599,3683455267594,10.1333,9.9625,0.1708,2.6465,14.7554,14.7523,0.0031,-4.4784,30444.4401,NA,NA,NA,NA
Endfield.exe,53680,0x125AB2630,DXGI,0,512,0,Composed: Flip,Application,3683455464743,NA,9.75240000000000,6.64150000000000,0.14790000000000,2.76810000000000,13.5742,124.9014,3683455368927,9.7295,9.5816,0.1479,7.2686,5.0811,5.0745,0.0066,NA,0.0000,NA,NA,NA,NA
Endfield.exe,53680,0x125AB2630,DXGI,0,512,0,Composed: Flip,Application,3683455562969,NA,9.82260000000000,8.32710000000000,0.19720000000000,3.34210000000000,12.0787,133.2285,3683455466222,9.8719,9.6747,0.1972,2.6202,10.3966,10.3966,0.0000,NA,0.0000,NA,NA,NA,NA
Endfield.exe,53680,0x125AB2630,DXGI,0,512,0,Composed: Flip,Application,3683455660800,NA,9.78310000000000,8.34800000000000,0.12920000000000,3.73160000000000,10.6436,141.5765,3683455564941,9.7151,9.5859,0.1292,3.1449,10.1726,10.1726,0.0000,NA,0.0000,NA,NA,NA,NA
Endfield.exe,53680,0x125AB2630,DXGI,0,512,0,Composed: Flip,Application,3683455765251,38.7965,10.44510000000000,18.34350000000000,0.15360000000000,4.36240000000000,18.5420,121.1235,3683455662092,10.4695,10.3159,0.1536,3.6024,11.0759,11.0725,0.0034,-2.8636,30483.2366,NA,NA,NA,NA
Endfield.exe,53680,0x125AB2630,DXGI,0,512,0,Composed: Flip,Application,3683455863680,NA,9.84290000000000,6.66990000000000,0.24120000000000,2.72650000000000,15.3690,127.7934,3683455766787,9.9305,9.6893,0.2412,4.2088,8.2070,8.1886,0.0184,NA,0.0000,NA,NA,NA,NA
Endfield.exe,53680,0x125AB2630,DXGI,0,512,0,Composed: Flip,Application,3683455961981,NA,9.83010000000000,NA,0.18110000000000,8.15900000000000,NA,NA,3683455866092,9.7700,9.5889,0.1811,2.4853,15.2626,15.2626,0.0000,NA,NA,NA,NA,NA,NA
Endfield.exe,53680,0x125AB2630,DXGI,0,512,0,Composed: Flip,Application,3683456060309,NA,9.83280000000000,16.63800000000000,0.15760000000000,3.13830000000000,12.3441,144.4314,3683455963792,9.8093,9.6517,0.1576,7.9779,4.8121,4.8121,0.0000,NA,0.0000,NA,NA,NA,NA
Endfield.exe,53680,0x125AB2630,DXGI,0,512,0,Composed: Flip,Application,3683456154499,39.5215,9.41900000000000,10.02830000000000,0.41430000000000,2.14790000000000,12.9534,114.9382,3683456061885,9.6757,9.2614,0.4143,2.9807,8.4286,8.4266,0.0020,6.1853,30522.7581,NA,NA,NA,NA
Endfield.exe,53680,0x125AB2630,DXGI,0,512,0,Composed: Flip,Application,3683456253182,NA,9.86830000000000,14.98460000000000,0.17350000000000,4.93360000000000,18.0697,129.9228,3683456158642,9.6275,9.4540,0.1735,1.7336,12.6540,12.6367,0.0173,NA,0.0000,NA,NA,NA,NA
Endfield.exe,53680,0x125AB2630,DXGI,0,512,0,Composed: Flip,Application,3683456350645,NA,9.74630000000000,10.01620000000000,1.14910000000000,4.91450000000000,18.3396,139.9390,3683456254917,10.7219,9.5728,1.1491,4.7601,9.7272,9.7272,0.0000,NA,0.0000,NA,NA,NA,NA
Endfield.exe,53680,0x125AB2630,DXGI,0,512,0,Composed: Flip,Application,3683456449517,NA,9.88720000000000,6.65480000000000,0.19340000000000,4.21520000000000,15.1072,146.5938,3683456362136,8.9315,8.7381,0.1934,3.7654,9.1879,9.1879,0.0000,NA,0.0000,NA,NA,NA,NA
Endfield.exe,53680,0x125AB2630,DXGI,0,512,0,Composed: Flip,Application,3683456540794,39.8514,9.12770000000000,8.33210000000000,0.21310000000000,1.52700000000000,14.3116,115.0745,3683456451451,9.1474,8.9343,0.2131,4.0218,6.4395,6.4352,0.0043,-0.1363,30562.6095,NA,NA,NA,NA
Endfield.exe,53680,0x125AB2630,DXGI,0,512,0,Composed: Flip,Application,3683456642511,NA,10.17170000000000,8.33140000000000,0.26490000000000,2.77050000000000,12.4713,123.4059,3683456542925,10.2235,9.9586,0.2649,1.3139,11.4152,11.4014,0.0138,NA,0.0000,NA,NA,NA,NA
Endfield.exe,53680,0x125AB2630,DXGI,0,512,0,Composed: Flip,Application,3683456736009,NA,9.34980000000000,8.33260000000000,0.14540000000000,2.57190000000000,11.4541,131.7385,3683456645160,9.2303,9.0849,0.1454,2.5056,9.1512,9.1512,0.0000,NA,0.0000,NA,NA,NA,NA
Endfield.exe,53680,0x125AB2630,DXGI,0,512,0,Composed: Flip,Application,3683456833406,NA,9.73970000000000,8.33650000000000,0.14060000000000,2.70100000000000,10.0509,140.0750,3683456737463,9.7349,9.5943,0.1406,2.4265,9.8688,9.8688,0.0000,NA,0.0000,NA,NA,NA,NA
Endfield.exe,53680,0x125AB2630,DXGI,0,512,0,Composed: Flip,Application,3683456956187,38.8148,12.27810000000000,16.65230000000000,0.21560000000000,7.10150000000000,14.4251,117.9125,3683456834812,12.3531,12.1375,0.2156,2.5604,16.6786,16.6761,0.0025,-2.8380,30601.4243,NA,NA,NA,NA
Endfield.exe,53680,0x125AB2630,DXGI,0,512,0,Composed: Flip,Application,3683457054201,NA,9.80140000000000,8.35780000000000,0.26070000000000,5.13030000000000,12.9815,126.2703,3683456958343,9.8465,9.5858,0.2607,6.8859,7.8302,7.8228,0.0074,NA,0.0000,NA,NA,NA,NA
Endfield.exe,53680,0x125AB2630,DXGI,0,512,0,Composed: Flip,Application,3683457150732,NA,9.65310000000000,10.01100000000000,0.15600000000000,2.88030000000000,13.3394,136.2813,3683457056808,9.5484,9.3924,0.1560,4.8696,7.4031,7.4031,0.0000,NA,0.0000,NA,NA,NA,NA
Endfield.exe,53680,0x125AB2630,DXGI,0,512,0,Composed: Flip,Application,3683457264889,NA,11.41570000000000,14.98360000000000,0.23250000000000,2.52350000000000,16.9073,151.2649,3683457152292,11.4922,11.2597,0.2325,2.7243,11.0589,11.0589,0.0000,NA,0.0000,NA,NA,NA,NA
Endfield.exe,53680,0x125AB2630,DXGI,0,512,0,Composed: Flip,Application,3683457351821,38.6515,8.69320000000000,8.31680000000000,0.16290000000000,4.55610000000000,16.5309,120.9302,3683457267214,8.6236,8.4607,0.1629,2.2910,10.7258,10.7230,0.0028,-3.0177,30640.0758,NA,NA,NA,NA
Endfield.exe,53680,0x125AB2630,DXGI,0,512,0,Composed: Flip,Application,3683457450964,NA,9.91430000000000,10.03190000000000,0.16160000000000,3.20610000000000,16.6485,130.9621,3683457353450,9.9130,9.7514,0.1616,4.3932,8.5643,8.5501,0.0142,NA,0.0000,NA,NA,NA,NA
Endfield.exe,53680,0x125AB2630,DXGI,0,512,0,Composed: Flip,Application,3683457549126,NA,9.81620000000000,6.62170000000000,0.14910000000000,3.43660000000000,13.4540,137.5838,3683457452580,9.8037,9.6546,0.1491,3.0445,10.0467,10.0467,0.0000,NA,0.0000,NA,NA,NA,NA
Endfield.exe,53680,0x125AB2630,DXGI,0,512,0,Composed: Flip,Application,3683457648324,NA,9.91980000000000,8.33750000000000,0.12970000000000,2.84370000000000,11.8717,145.9213,3683457550617,9.9004,9.7707,0.1297,3.2875,9.3269,9.3269,0.0000,NA,0.0000,NA,NA,NA,NA
Endfield.exe,53680,0x125AB2630,DXGI,0,512,0,Composed: Flip,Application,3683457747256,41.2502,9.89320000000000,18.37560000000000,0.22990000000000,3.78330000000000,20.3541,123.0467,3683457649621,9.9934,9.7635,0.2299,2.7140,10.8328,10.8319,0.0009,-2.1165,30681.3260,NA,NA,NA,NA
Endfield.exe,53680,0x125AB2630,DXGI,0,512,0,Composed: Flip,Application,3683457845149,NA,9.78930000000000,6.63010000000000,0.16720000000000,4.67510000000000,17.1949,129.6768,3683457749555,9.7266,9.5594,0.1672,3.5534,10.6811,10.6704,0.0107,NA,0.0000,NA,NA,NA,NA
Endfield.exe,53680,0x125AB2630,DXGI,0,512,0,Composed: Flip,Application,3683457942945,NA,9.77960000000000,8.34830000000000,0.18940000000000,4.95330000000000,15.7636,138.0251,3683457846821,9.8018,9.6124,0.1894,4.5079,10.0578,10.0578,0.0000,NA,0.0000,NA,NA,NA,NA
Endfield.exe,53680,0x125AB2630,DXGI,0,512,0,Composed: Flip,Application,3683458043262,NA,10.03170000000000,8.32370000000000,0.35060000000000,4.79600000000000,14.0556,146.3488,3683457944839,10.1929,9.8423,0.3506,4.7639,9.8744,9.8744,0.0000,NA,0.0000,NA,NA,NA,NA
Endfield.exe,53680,0x125AB2630,DXGI,0,512,0,Composed: Flip,Application,3683458135535,39.9475,9.22730000000000,10.02970000000000,0.15240000000000,2.30950000000000,14.8580,116.4310,3683458046768,9.0291,8.8767,0.1524,4.4454,6.7408,6.7359,0.0049,6.6157,30721.2735,NA,NA,NA,NA
Endfield.exe,53680,0x125AB2630,DXGI,0,512,0,Composed: Flip,Application,3683458232966,NA,9.74310000000000,6.79240000000000,0.21060000000000,2.73880000000000,11.9073,123.2234,3683458137059,9.8013,9.5907,0.2106,2.1571,10.1724,10.1570,0.0154,NA,0.0000,NA,NA,NA,NA
Endfield.exe,53680,0x125AB2630,DXGI,0,512,0,Composed: Flip,Application,3683458331124,NA,9.81580000000000,8.18560000000000,0.14980000000000,3.87240000000000,10.2771,131.4090,3683458235072,9.7550,9.6052,0.1498,2.5282,10.9494,10.9494,0.0000,NA,0.0000,NA,NA,NA,NA
Endfield.exe,53680,0x125AB2630,DXGI,0,512,0,Composed: Flip,Application,3683458428895,NA,9.77710000000000,18.36610000000000,0.14440000000000,4.75570000000000,18.8661,149.7751,3683458332622,9.7717,9.6273,0.1444,3.7226,10.6604,10.6604,0.0000,NA,0.0000,NA,NA,NA,NA
Endfield.exe,53680,0x125AB2630,DXGI,0,512,0,Composed: Flip,Application,3683458531731,38.7891,10.28360000000000,6.63070000000000,0.22580000000000,6.72250000000000,15.2132,117.6167,3683458430339,10.3650,10.1392,0.2258,4.6113,12.2504,12.2473,0.0031,-1.1857,30760.0626,NA,22.5477,NA,NA
Endfield.exe,53680,0x125AB2630,DXGI,0,512,0,Composed: Flip,Application,3683458630081,NA,9.83500000000000,8.31480000000000,0.22160000000000,4.61310000000000,13.6930,125.9315,3683458533989,9.8308,9.6092,0.2216,6.4967,7.7256,7.7183,0.0073,NA,0.0000,NA,NA,NA,NA
Endfield.exe,53680,0x125AB2630,DXGI,0,512,0,Composed: Flip,Application,3683458727924,NA,9.78430000000000,10.05490000000000,0.14520000000000,3.18760000000000,13.9636,135.9864,3683458632297,9.7079,9.5627,0.1452,4.3915,8.3588,8.3588,0.0000,NA,0.0000,NA,NA,NA,NA
Endfield.exe,53680,0x125AB2630,DXGI,0,512,0,Composed: Flip,Application,3683458829086,NA,10.11620000000000,6.63410000000000,0.16610000000000,2.45200000000000,10.4815,142.6205,3683458729376,10.1371,9.9710,0.1661,3.0424,9.3806,9.3806,0.0000,NA,0.0000,NA,NA,NA,NA
Endfield.exe,53680,0x125AB2630,DXGI,0,512,0,Composed: Flip,Application,3683458927484,39.5823,9.83980000000000,16.65480000000000,0.15750000000000,4.27420000000000,17.2965,119.6930,3683458830747,9.8312,9.6737,0.1575,2.2859,11.6620,11.6611,0.0009,-2.0763,30799.6449,NA,28.2247,NA,NA
Endfield.exe,53680,0x125AB2630,DXGI,0,512,0,Composed: Flip,Application,3683459026186,NA,9.87020000000000,10.03440000000000,0.17160000000000,2.64460000000000,17.4607,129.7274,3683458929059,9.8843,9.7127,0.1716,4.1167,8.2406,8.2258,0.0148,NA,0.0000,NA,NA,NA,NA
Endfield.exe,53680,0x125AB2630,DXGI,0,512,0,Composed: Flip,Application,3683459124336,NA,9.81500000000000,6.65820000000000,0.24130000000000,0.37570000000000,14.3039,136.3856,3683459027902,9.8847,9.6434,0.2413,2.4730,7.5461,7.5461,0.0000,NA,0.0000,NA,NA,NA,NA
Endfield.exe,53680,0x125AB2630,DXGI,0,512,0,Composed: Flip,Application,3683459223866,NA,9.95300000000000,8.31650000000000,0.14860000000000,3.77620000000000,12.6674,144.7021,3683459126749,9.8603,9.7117,0.1486,0.1344,13.3535,13.3535,0.0000,NA,0.0000,NA,NA,NA,NA
Endfield.exe,53680,0x125AB2630,DXGI,0,512,0,Composed: Flip,Application,3683459320075,40.4478,9.62090000000000,8.33020000000000,0.15790000000000,2.00730000000000,11.3767,112.5845,3683459225352,9.6302,9.4723,0.1579,3.6276,7.8520,7.8512,0.0008,7.1085,30840.0927,NA,NA,NA,NA
Endfield.exe,53680,0x125AB2630,DXGI,0,512,0,Composed: Flip,Application,3683459418721,NA,9.86460000000000,10.02930000000000,0.16430000000000,3.14220000000000,11.5414,122.6138,3683459321654,9.8710,9.7067,0.1643,1.8494,10.9995,10.9841,0.0154,NA,0.0000,NA,NA,NA,NA
Endfield.exe,53680,0x125AB2630,DXGI,0,512,0,Composed: Flip,Application,3683459517137,NA,9.84160000000000,14.97900000000000,0.19420000000000,4.77080000000000,16.6788,137.5928,3683459420364,9.8715,9.6773,0.1942,2.9779,11.4702,11.4702,0.0000,NA,0.0000,NA,NA,NA,NA
Endfield.exe,53680,0x125AB2630,DXGI,0,512,0,Composed: Flip,Application,3683459616516,NA,9.93790000000000,8.34250000000000,0.22130000000000,3.43590000000000,15.0834,145.9353,3683459519079,9.9650,9.7437,0.2213,4.5766,8.6030,8.6030,0.0000,NA,0.0000,NA,NA,NA,NA
Endfield.exe,53680,0x125AB2630,DXGI,0,512,0,Composed: Flip,Application,3683459714032,38.0808,9.75160000000000,10.03280000000000,0.25330000000000,7.25560000000000,15.3646,117.8873,3683459618729,9.7836,9.5303,0.2533,3.2146,13.5713,13.5688,0.0025,-5.3028,30878.1735,NA,35.9376,NA,NA
Endfield.exe,53680,0x125AB2630,DXGI,0,512,0,Composed: Flip,Application,3683459812586,NA,9.85540000000000,6.62390000000000,0.23650000000000,2.49610000000000,12.1331,124.5112,3683459716565,9.8386,9.6021,0.2365,7.0023,5.0959,5.0891,0.0068,NA,0.0000,NA,NA,NA,NA
Endfield.exe,53680,0x125AB2630,DXGI,0,512,0,Composed: Flip,Application,3683459909812,NA,9.72260000000000,8.33320000000000,0.24800000000000,3.99900000000000,10.7437,132.8444,3683459814951,9.7341,9.4861,0.2480,2.2596,11.2255,11.2255,0.0000,NA,0.0000,NA,NA,NA,NA
Endfield.exe,53680,0x125AB2630,DXGI,0,512,0,Composed: Flip,Application,3683460007866,NA,9.80540000000000,18.34710000000000,0.13420000000000,4.72850000000000,19.2854,151.1915,3683459912292,9.6916,9.5574,0.1342,3.7510,10.5349,10.5349,0.0000,NA,0.0000,NA,NA,NA,NA
Endfield.exe,53680,0x125AB2630,DXGI,0,512,0,Composed: Flip,Application,3683460111705,39.5351,10.38390000000000,6.62720000000000,0.16200000000000,6.71150000000000,15.5287,118.2836,3683460009208,10.4117,10.2497,0.1620,4.5943,12.3669,12.3640,0.0029,-0.3963,30917.7086,NA,23.8588,NA,NA
Endfield.exe,53680,0x125AB2630,DXGI,0,512,0,Composed: Flip,Application,3683460209538,NA,9.78330000000000,8.33710000000000,0.41280000000000,5.03030000000000,14.0825,126.6207,3683460113325,10.0341,9.6213,0.4128,6.5495,8.1021,8.0950,0.0071,NA,0.0000,NA,NA,NA,NA
Endfield.exe,53680,0x125AB2630,DXGI,0,512,0,Composed: Flip,Application,3683460307012,NA,9.74740000000000,8.36240000000000,0.17340000000000,3.59610000000000,12.6975,134.9831,3683460213666,9.5080,9.3346,0.1734,4.6175,8.3132,8.3132,0.0000,NA,0.0000,NA,NA,NA,NA
Endfield.exe,53680,0x125AB2630,DXGI,0,512,0,Composed: Flip,Application,3683460406255,NA,9.92430000000000,10.04380000000000,0.15790000000000,4.09340000000000,12.8170,145.0269,3683460308746,9.9088,9.7509,0.1579,3.4227,10.4216,10.4216,0.0000,NA,0.0000,NA,NA,NA,NA
Endfield.exe,53680,0x125AB2630,DXGI,0,512,0,Composed: Flip,Application,3683460501545,39.7940,9.52900000000000,14.94170000000000,0.15530000000000,3.75680000000000,18.2297,120.1746,3683460407834,9.5264,9.3711,0.1553,3.9355,9.1924,9.1894,0.0030,-1.8910,30957.5026,NA,26.5387,NA,NA
Endfield.exe,53680,0x125AB2630,DXGI,0,512,0,Composed: Flip,Application,3683460599716,NA,9.81710000000000,8.33310000000000,0.17180000000000,2.52180000000000,16.7457,128.5077,3683460503098,9.8336,9.6618,0.1718,3.6015,8.5821,8.5693,0.0128,NA,0.0000,NA,NA,NA,NA
Endfield.exe,53680,0x125AB2630,DXGI,0,512,0,Composed: Flip,Application,3683460698330,NA,9.86140000000000,10.04560000000000,0.40660000000000,4.79390000000000,16.9299,138.5533,3683460601434,10.0962,9.6896,0.4066,2.3500,12.1335,12.1335,0.0000,NA,0.0000,NA,NA,NA,NA
Endfield.exe,53680,0x125AB2630,DXGI,0,512,0,Composed: Flip,Application,3683460796811,NA,9.84810000000000,6.62060000000000,0.12900000000000,3.62110000000000,13.7024,145.1739,3683460702396,9.5705,9.4415,0.1290,4.3873,8.6753,8.6753,0.0000,NA,0.0000,NA,NA,NA,NA
Endfield.exe,53680,0x125AB2630,DXGI,0,512,0,Composed: Flip,Application,3683460890094,39.7409,9.32830000000000,8.34730000000000,0.18150000000000,2.29800000000000,12.7214,113.7803,3683460798101,9.3808,9.1993,0.1815,3.4921,8.0052,8.0024,0.0028,6.3943,30997.2435,NA,NA,NA,NA
Endfield.exe,53680,0x125AB2630,DXGI,0,512,0,Composed: Flip,Application,3683460988314,NA,9.82200000000000,8.30920000000000,0.18250000000000,3.32520000000000,11.2086,122.0895,3683460891909,9.8230,9.6405,0.1825,2.1165,10.8492,10.8374,0.0118,NA,0.0000,NA,NA,NA,NA
Endfield.exe,53680,0x125AB2630,DXGI,0,512,0,Composed: Flip,Application,3683461085874,NA,9.75600000000000,8.34850000000000,0.17790000000000,2.94760000000000,9.8011,130.4380,3683460990139,9.7514,9.5735,0.1779,3.1427,9.3784,9.3784,0.0000,NA,0.0000,NA,NA,NA,NA
Endfield.exe,53680,0x125AB2630,DXGI,0,512,0,Composed: Flip,Application,3683461184647,NA,9.87730000000000,18.36260000000000,0.23260000000000,2.27230000000000,18.2864,148.8006,3683461087653,9.9320,9.6994,0.2326,2.7697,9.2020,9.2020,0.0000,NA,0.0000,NA,NA,NA,NA
Endfield.exe,53680,0x125AB2630,DXGI,0,512,0,Composed: Flip,Application,3683461298090,39.0347,11.34430000000000,6.63440000000000,0.22970000000000,1.85120000000000,13.5765,116.4003,3683461186973,11.3414,11.1117,0.2297,2.0397,10.9232,10.9206,0.0026,-2.6200,31036.2782,NA,NA,NA,NA
Endfield.exe,53680,0x125AB2630,DXGI,0,512,0,Composed: Flip,Application,3683461395935,NA,9.78450000000000,8.33500000000000,0.26280000000000,4.53290000000000,12.1270,124.7353,3683461300387,9.8176,9.5548,0.2628,1.6215,12.4662,12.4500,0.0162,NA,0.0000,NA,NA,NA,NA
Endfield.exe,53680,0x125AB2630,DXGI,0,512,0,Composed: Flip,Application,3683461493867,NA,9.79320000000000,8.34320000000000,0.14490000000000,3.62140000000000,10.6770,133.0785,3683461398563,9.6753,9.5304,0.1449,4.2701,8.8817,8.8817,0.0000,NA,0.0000,NA,NA,NA,NA
Endfield.exe,53680,0x125AB2630,DXGI,0,512,0,Composed: Flip,Application,3683461593146,NA,9.92790000000000,16.65400000000000,0.13200000000000,4.66280000000000,17.4031,149.7325,3683461495316,9.9150,9.7830,0.1320,3.4765,10.9693,10.9693,0.0000,NA,0.0000,NA,NA,NA,NA
Endfield.exe,53680,0x125AB2630,DXGI,0,512,0,Composed: Flip,Application,3683461690926,38.8536,9.77800000000000,8.33370000000000,0.19240000000000,4.56030000000000,15.9588,119.2126,3683461594466,9.8384,9.6460,0.1924,4.5308,9.6755,9.6731,0.0024,-2.8123,31075.1318,NA,NA,NA,NA
Endfield.exe,53680,0x125AB2630,DXGI,0,512,0,Composed: Flip,Application,3683461788399,NA,9.74730000000000,8.33630000000000,0.23300000000000,3.35200000000000,14.5478,127.5489,3683461692850,9.7879,9.5549,0.2330,4.3679,8.5390,8.5209,0.0181,NA,0.0000,NA,NA,NA,NA
Endfield.exe,53680,0x125AB2630,DXGI,0,512,0,Composed: Flip,Application,3683461885016,NA,9.66170000000000,8.31410000000000,0.15180000000000,4.33080000000000,13.2002,135.8630,3683461790729,9.5805,9.4287,0.1518,3.1190,10.6405,10.6405,0.0000,NA,0.0000,NA,NA,NA,NA
Endfield.exe,53680,0x125AB2630,DXGI,0,512,0,Composed: Flip,Application,3683461983355,NA,9.83390000000000,8.41590000000000,0.12980000000000,2.56270000000000,11.7822,144.2789,3683461886534,9.8119,9.6821,0.1298,4.1790,8.0658,8.0658,0.0000,NA,0.0000,NA,NA,NA,NA
Endfield.exe,53680,0x125AB2630,DXGI,0,512,0,Composed: Flip,Application,3683462100703,40.7955,11.73480000000000,18.30260000000000,0.22470000000000,4.31650000000000,18.3500,121.7860,3683461984653,11.8297,11.6050,0.2247,2.4329,13.4886,13.4859,0.0027,-2.5734,31115.9273,NA,NA,NA,NA
Endfield.exe,53680,0x125AB2630,DXGI,0,512,0,Composed: Flip,Application,3683462198537,NA,9.78340000000000,6.62750000000000,0.20940000000000,4.58000000000000,15.1941,128.4135,3683462102950,9.7681,9.5587,0.2094,4.0918,10.0469,10.0290,0.0179,NA,0.0000,NA,NA,NA,NA
Endfield.exe,53680,0x125AB2630,DXGI,0,512,0,Composed: Flip,Application,3683462295590,NA,9.70530000000000,8.34290000000000,0.29340000000000,4.81570000000000,13.8317,136.7564,3683462200631,9.7893,9.4959,0.2934,4.3706,9.9410,9.9410,0.0000,NA,0.0000,NA,NA,NA,NA
Endfield.exe,53680,0x125AB2630,DXGI,0,512,0,Composed: Flip,Application,3683462393909,NA,9.83190000000000,8.33240000000000,0.13830000000000,3.33260000000000,12.3322,145.0888,3683462298524,9.6768,9.5385,0.1383,4.5223,8.3488,8.3488,0.0000,NA,0.0000,NA,NA,NA,NA
Endfield.exe,53680,0x125AB2630,DXGI,0,512,0,Composed: Flip,Application,3683462498869,39.1684,10.49600000000000,10.07950000000000,0.16580000000000,3.77320000000000,11.9157,115.9999,3683462395292,10.5235,10.3577,0.1658,3.1943,10.9366,10.9356,0.0010,5.7861,31155.0957,NA,NA,NA,NA
Endfield.exe,53680,0x125AB2630,DXGI,0,512,0,Composed: Flip,Application,3683462596917,NA,9.80480000000000,14.92110000000000,0.16850000000000,4.89270000000000,17.0320,130.9210,3683462500527,9.8075,9.6390,0.1685,3.6074,10.9243,10.9093,0.0150,NA,0.0000,NA,NA,NA,NA
Endfield.exe,53680,0x125AB2630,DXGI,0,512,0,Composed: Flip,Application,3683462695829,NA,9.89120000000000,8.29970000000000,0.16140000000000,4.89640000000000,15.4405,139.2207,3683462598602,9.8841,9.7227,0.1614,4.7242,9.8949,9.8949,0.0000,NA,0.0000,NA,NA,NA,NA
Endfield.exe,53680,0x125AB2630,DXGI,0,512,0,Composed: Flip,Application,3683462795069,NA,9.92400000000000,10.10350000000000,0.16040000000000,4.68490000000000,15.6200,149.3242,3683462697443,9.9230,9.7626,0.1604,4.7350,9.7125,9.7125,0.0000,NA,0.0000,NA,NA,NA,NA
Endfield.exe,53680,0x125AB2630,DXGI,0,512,0,Composed: Flip,Application,3683462891527,40.8916,9.64580000000000,6.58510000000000,0.22280000000000,1.87200000000000,12.5593,115.0177,3683462796673,9.7082,9.4854,0.2228,4.5245,6.8329,6.8294,0.0035,0.9822,31195.9873,NA,NA,NA,NA
Endfield.exe,53680,0x125AB2630,DXGI,0,512,0,Composed: Flip,Application,3683462990240,NA,9.87130000000000,8.32630000000000,0.15710000000000,3.36460000000000,11.0143,123.3440,3683462893755,9.8056,9.6485,0.1571,1.6492,11.3639,11.3507,0.0132,NA,0.0000,NA,NA,NA,NA
Endfield.exe,53680,0x125AB2630,DXGI,0,512,0,Composed: Flip,Application,3683463088549,NA,9.83090000000000,18.38470000000000,0.15850000000000,3.10330000000000,19.5681,141.7287,3683462991811,9.8323,9.6738,0.1585,3.2075,9.5696,9.5696,0.0000,NA,0.0000,NA,NA,NA,NA
Endfield.exe,53680,0x125AB2630,DXGI,0,512,0,Composed: Flip,Application,3683463188161,NA,9.96120000000000,6.64760000000000,0.22220000000000,4.23700000000000,16.2545,148.3763,3683463090134,10.0249,9.8027,0.2222,2.9448,11.0949,11.0949,0.0000,NA,0.0000,NA,NA,NA,NA
Endfield.exe,53680,0x125AB2630,DXGI,0,512,0,Composed: Flip,Application,3683463294800,39.2405,10.66390000000000,8.32720000000000,0.20090000000000,4.40530000000000,13.9178,117.4630,3683463190383,10.6426,10.4417,0.2009,4.0148,10.8322,10.8298,0.0024,-2.4453,31235.2278,NA,NA,NA,NA
Endfield.exe,53680,0x125AB2630,DXGI,0,512,0,Composed: Flip,Application,3683463393831,NA,9.90310000000000,8.30970000000000,0.18880000000000,2.99880000000000,12.3244,125.7727,3683463296809,9.8910,9.7022,0.1888,4.2044,8.4966,8.4848,0.0118,NA,0.0000,NA,NA,NA,NA
Endfield.exe,53680,0x125AB2630,DXGI,0,512,0,Composed: Flip,Application,3683463493543,NA,9.97120000000000,10.05010000000000,0.31450000000000,3.92390000000000,12.4033,135.8228,3683463395719,10.0969,9.7824,0.3145,2.8100,10.8963,10.8963,0.0000,NA,0.0000,NA,NA,NA,NA
Endfield.exe,53680,0x125AB2630,DXGI,0,512,0,Composed: Flip,Application,3683463595287,NA,10.17440000000000,14.95250000000000,0.18880000000000,4.59810000000000,17.1814,150.7753,3683463496688,10.0487,9.8599,0.1888,3.6094,10.8486,10.8486,0.0000,NA,0.0000,NA,NA,NA,NA
Endfield.exe,53680,0x125AB2630,DXGI,0,512,0,Composed: Flip,Application,3683463688725,39.9116,9.34380000000000,8.31840000000000,0.54090000000000,4.47850000000000,16.1560,119.1821,3683463597175,9.6959,9.1550,0.5409,4.4093,9.2242,9.2230,0.0012,-1.7191,31275.1394,NA,NA,NA,NA
Endfield.exe,53680,0x125AB2630,DXGI,0,512,0,Composed: Flip,Application,3683463787733,NA,9.90080000000000,10.06400000000000,0.16650000000000,4.95430000000000,16.3192,129.2461,3683463694134,9.5264,9.3599,0.1665,3.9376,10.3766,10.3611,0.0155,NA,0.0000,NA,NA,NA,NA
Endfield.exe,53680,0x125AB2630,DXGI,0,512,0,Composed: Flip,Application,3683463887710,NA,9.99770000000000,6.61440000000000,0.30620000000000,3.72920000000000,12.9359,135.8605,3683463789398,10.1374,9.8312,0.3062,4.7878,8.7726,8.7726,0.0000,NA,0.0000,NA,NA,NA,NA
Endfield.exe,53680,0x125AB2630,DXGI,0,512,0,Composed: Flip,Application,3683463988188,NA,10.04780000000000,8.45440000000000,0.27450000000000,2.55880000000000,11.3425,144.3149,3683463890772,10.0161,9.7416,0.2745,3.4230,8.8774,8.8774,0.0000,NA,0.0000,NA,NA,NA,NA
Endfield.exe,53680,0x125AB2630,DXGI,0,512,0,Composed: Flip,Application,3683464088424,40.3107,10.02360000000000,8.23100000000000,0.16760000000000,1.65860000000000,9.5499,112.2352,3683463990933,9.9167,9.7491,0.1676,2.2843,9.1234,9.1220,0.0014,6.9469,31315.4501,NA,NA,NA,NA
Endfield.exe,53680,0x125AB2630,DXGI,0,512,0,Composed: Flip,Application,3683464188040,NA,9.96160000000000,18.36910000000000,0.22670000000000,5.09780000000000,17.9574,130.6043,3683464090100,10.0207,9.7940,0.2267,1.4910,13.4008,13.3884,0.0124,NA,0.0000,NA,NA,NA,NA
Endfield.exe,53680,0x125AB2630,DXGI,0,512,0,Composed: Flip,Application,3683464289324,NA,10.12840000000000,6.62600000000000,0.21850000000000,4.31210000000000,14.4550,137.2303,3683464190307,10.1202,9.9017,0.2185,4.8711,9.3427,9.3427,0.0000,NA,0.0000,NA,NA,NA,NA
Endfield.exe,53680,0x125AB2630,DXGI,0,512,0,Composed: Flip,Application,3683464390636,NA,10.13120000000000,8.32240000000000,0.29680000000000,3.92680000000000,12.6462,145.5527,3683464291509,10.2095,9.9127,0.2968,4.0936,9.7459,9.7459,0.0000,NA,0.0000,NA,NA,NA,NA
Endfield.exe,53680,0x125AB2630,DXGI,0,512,0,Composed: Flip,Application,3683464476398,39.5108,8.57620000000000,8.35480000000000,0.23090000000000,2.38040000000000,12.4248,114.3967,3683464393604,8.5103,8.2794,0.2309,3.6300,7.0298,7.0274,0.0024,-2.1615,31354.9609,NA,NA,NA,NA
Endfield.exe,53680,0x125AB2630,DXGI,0,512,0,Composed: Flip,Application,3683464574687,NA,9.82890000000000,10.02600000000000,0.19180000000000,3.32350000000000,12.6219,124.4227,3683464478707,9.7898,9.5980,0.1918,2.1495,10.7720,10.7598,0.0122,NA,0.0000,NA,NA,NA,NA
Endfield.exe,53680,0x125AB2630,DXGI,0,512,0,Composed: Flip,Application,3683464673313,NA,9.86260000000000,14.97420000000000,0.15550000000000,4.77620000000000,17.7335,139.3969,3683464576605,9.8263,9.6708,0.1555,3.1317,11.3153,11.3153,0.0000,NA,0.0000,NA,NA,NA,NA
Endfield.exe,53680,0x125AB2630,DXGI,0,512,0,Composed: Flip,Application,3683464772792,NA,9.94790000000000,8.32680000000000,0.15560000000000,5.03430000000000,16.1124,147.7237,3683464674868,9.9480,9.7924,0.1556,4.6207,10.2060,10.2060,0.0000,NA,0.0000,NA,NA,NA,NA
Endfield.exe,53680,0x125AB2630,DXGI,0,512,0,Composed: Flip,Application,3683464874533,39.3484,10.17410000000000,8.33020000000000,0.18430000000000,4.34870000000000,14.2685,116.7055,3683464774348,10.2028,10.0185,0.1843,4.8787,9.4885,9.4859,0.0026,-2.3088,31394.3093,NA,NA,NA,NA
Endfield.exe,53680,0x125AB2630,DXGI,0,512,0,Composed: Flip,Application,3683464972660,NA,9.81270000000000,8.35990000000000,0.15950000000000,2.73530000000000,12.8157,125.0654,3683464876376,9.7879,9.6284,0.1595,4.1644,8.1993,8.1834,0.0159,NA,0.0000,NA,NA,NA,NA
Endfield.exe,53680,0x125AB2630,DXGI,0,512,0,Composed: Flip,Application,3683465071060,NA,9.84000000000000,8.30760000000000,0.21200000000000,2.30690000000000,11.2833,133.3730,3683464974255,9.8925,9.6805,0.2120,2.5758,9.4116,9.4116,0.0000,NA,0.0000,NA,NA,NA,NA
Endfield.exe,53680,0x125AB2630,DXGI,0,512,0,Composed: Flip,Application,3683465170296,NA,9.92360000000000,8.32970000000000,0.12650000000000,2.79650000000000,9.6894,141.7027,3683465073180,9.8381,9.7116,0.1265,2.0949,10.4132,10.4132,0.0000,NA,0.0000,NA,NA,NA,NA
Endfield.exe,53680,0x125AB2630,DXGI,0,512,0,Composed: Flip,Application,3683465270914,39.2981,10.06180000000000,18.38770000000000,0.19640000000000,4.40460000000000,18.0153,120.7923,3683465171561,10.1317,9.9353,0.1964,2.6700,11.6699,11.6673,0.0026,-4.0868,31433.6074,NA,NA,NA,NA
Endfield.exe,53680,0x125AB2630,DXGI,0,512,0,Composed: Flip,Application,3683465369907,NA,9.89930000000000,6.62450000000000,0.18600000000000,4.73810000000000,14.7405,127.4168,3683465272878,9.8889,9.7029,0.1860,4.2082,10.2328,10.2192,0.0136,NA,0.0000,NA,NA,NA,NA
Endfield.exe,53680,0x125AB2630,DXGI,0,512,0,Composed: Flip,Application,3683465468999,NA,9.90920000000000,8.32380000000000,0.15960000000000,4.49940000000000,13.1551,135.7406,3683465371767,9.8828,9.7232,0.1596,4.5521,9.6705,9.6705,0.0000,NA,0.0000,NA,NA,NA,NA
Endfield.exe,53680,0x125AB2630,DXGI,0,512,0,Composed: Flip,Application,3683465568729,NA,9.97300000000000,10.06170000000000,0.13860000000000,2.62690000000000,13.2438,145.8023,3683465470595,9.9520,9.8134,0.1386,4.3398,8.1005,8.1005,0.0000,NA,0.0000,NA,NA,NA,NA
Endfield.exe,53680,0x125AB2630,DXGI,0,512,0,Composed: Flip,Application,3683465666031,39.8295,9.73020000000000,14.93470000000000,0.21020000000000,3.77570000000000,18.4483,120.9075,3683465570115,9.8018,9.5916,0.2102,2.4883,10.8790,10.8759,0.0031,-0.1152,31473.4369,NA,NA,NA,NA
Endfield.exe,53680,0x125AB2630,DXGI,0,512,0,Composed: Flip,Application,3683465765916,NA,9.98850000000000,8.34090000000000,0.23630000000000,5.01240000000000,16.8007,129.2484,3683465668133,10.0146,9.7783,0.2363,3.5655,11.2252,11.2066,0.0186,NA,0.0000,NA,NA,NA,NA
Endfield.exe,53680,0x125AB2630,DXGI,0,512,0,Composed: Flip,Application,3683465863806,NA,9.78900000000000,10.03810000000000,0.16210000000000,9.80380000000000,17.0498,139.2865,3683465768279,9.7148,9.5527,0.1621,4.7761,14.5804,14.5804,0.0000,NA,0.0000,NA,NA,NA,NA
Endfield.exe,53680,0x125AB2630,DXGI,0,512,0,Composed: Flip,Application,3683465963444,NA,9.96380000000000,6.60820000000000,0.13670000000000,2.36020000000000,13.6942,145.8947,3683465865427,9.9384,9.8017,0.1367,9.6417,2.5202,2.5202,0.0000,NA,0.0000,NA,NA,NA,NA
Endfield.exe,53680,0x125AB2630,DXGI,0,512,0,Composed: Flip,Application,3683466051764,39.7283,8.83200000000000,16.68260000000000,0.19530000000000,7.26620000000000,21.5448,122.8490,3683465964811,8.8906,8.6953,0.1953,2.2235,13.7380,13.7356,0.0024,-1.9415,31513.1652,NA,NA,NA,NA
Endfield.exe,53680,0x125AB2630,DXGI,0,512,0,Composed: Flip,Application,3683466166611,NA,11.48470000000000,NA,0.20260000000000,3.59330000000000,NA,NA,3683466053717,11.4920,11.2894,0.2026,7.0709,7.8118,7.8047,0.0071,NA,NA,NA,NA,NA,NA
Endfield.exe,53680,0x125AB2630,DXGI,0,512,0,Composed: Flip,Application,3683466247975,NA,8.13640000000000,10.04280000000000,0.36980000000000,2.56140000000000,11.9665,132.8918,3683466168637,8.3036,7.9338,0.3698,3.3907,7.1045,7.1045,0.0000,NA,0.0000,NA,NA,NA,NA
Endfield.exe,53680,0x125AB2630,DXGI,0,512,0,Composed: Flip,Application,3683466347129,NA,9.91540000000000,14.94760000000000,0.15760000000000,4.67780000000000,16.9987,147.8394,3683466251673,9.7032,9.5456,0.1576,2.1916,12.0318,12.0318,0.0000,NA,0.0000,NA,NA,NA,NA
Endfield.exe,53680,0x125AB2630,DXGI,0,512,0,Composed: Flip,Application,3683466447815,39.5558,10.06860000000000,8.35250000000000,0.19570000000000,4.63080000000000,15.2826,116.6361,3683466348705,10.1067,9.9110,0.1957,4.5202,10.0216,10.0190,0.0026,6.2129,31552.7210,NA,NA,NA,NA
Endfield.exe,53680,0x125AB2630,DXGI,0,512,0,Composed: Flip,Application,3683466548623,NA,10.08080000000000,8.31800000000000,0.24110000000000,4.83830000000000,13.5198,124.9541,3683466449772,10.1262,9.8851,0.2411,4.4351,10.2883,10.2697,0.0186,NA,0.0000,NA,NA,NA,NA
Endfield.exe,53680,0x125AB2630,DXGI,0,512,0,Composed: Flip,Application,3683466646488,NA,9.78650000000000,8.33860000000000,0.17390000000000,3.94060000000000,12.0719,133.2927,3683466551034,9.7193,9.5454,0.1739,4.5972,8.8888,8.8888,0.0000,NA,0.0000,NA,NA,NA,NA
Endfield.exe,53680,0x125AB2630,DXGI,0,512,0,Composed: Flip,Application,3683466743964,NA,9.74760000000000,8.41920000000000,0.16240000000000,3.81970000000000,10.7435,141.7119,3683466648227,9.7361,9.5737,0.1624,3.7667,9.6267,9.6267,0.0000,NA,0.0000,NA,NA,NA,NA
Endfield.exe,53680,0x125AB2630,DXGI,0,512,0,Composed: Flip,Application,3683466856231,38.3277,11.22670000000000,16.57900000000000,0.15970000000000,4.18140000000000,16.0958,119.9632,3683466745588,11.2240,11.0643,0.1597,3.6573,11.5884,11.5858,0.0026,-3.3271,31591.0487,NA,NA,NA,NA
Endfield.exe,53680,0x125AB2630,DXGI,0,512,0,Composed: Flip,Application,3683466955260,NA,9.90290000000000,8.36110000000000,0.17340000000000,4.84190000000000,14.5540,128.3243,3683466857828,9.9166,9.7432,0.1734,4.0217,10.5634,10.5500,0.0134,NA,0.0000,NA,NA,NA,NA
Endfield.exe,53680,0x125AB2630,DXGI,0,512,0,Composed: Flip,Application,3683467054408,NA,9.91480000000000,8.30660000000000,0.19360000000000,3.55980000000000,12.9458,136.6309,3683466956994,9.9350,9.7414,0.1936,4.6685,8.6327,8.6327,0.0000,NA,0.0000,NA,NA,NA,NA
Endfield.exe,53680,0x125AB2630,DXGI,0,512,0,Composed: Flip,Application,3683467153186,NA,9.87780000000000,8.33250000000000,0.19670000000000,2.24960000000000,11.4005,144.9634,3683467056344,9.8809,9.6842,0.1967,3.3662,8.5676,8.5676,0.0000,NA,0.0000,NA,NA,NA,NA
Endfield.exe,53680,0x125AB2630,DXGI,0,512,0,Composed: Flip,Application,3683467257159,39.7939,10.39730000000000,18.39140000000000,0.17730000000000,4.19240000000000,19.3946,123.5609,3683467155153,10.3779,10.2006,0.1773,2.0529,12.3401,12.3392,0.0009,-3.5977,31630.8426,NA,NA,NA,NA
Endfield.exe,53680,0x125AB2630,DXGI,0,512,0,Composed: Flip,Application,3683467356274,NA,9.91150000000000,6.61120000000000,0.22310000000000,4.47620000000000,16.0943,130.1721,3683467258932,9.9573,9.7342,0.2231,4.0151,10.1953,10.1775,0.0178,NA,0.0000,NA,NA,NA,NA
Endfield.exe,53680,0x125AB2630,DXGI,0,512,0,Composed: Flip,Application,3683467455077,NA,9.88030000000000,8.32300000000000,0.19120000000000,4.82990000000000,14.5370,138.4951,3683467358505,9.8484,9.6572,0.1912,4.2531,10.2340,10.2340,0.0000,NA,0.0000,NA,NA,NA,NA
Endfield.exe,53680,0x125AB2630,DXGI,0,512,0,Composed: Flip,Application,3683467554641,NA,9.95640000000000,8.33760000000000,0.15190000000000,4.10160000000000,12.9182,146.8327,3683467456989,9.9171,9.7652,0.1519,4.6387,9.2281,9.2281,0.0000,NA,0.0000,NA,NA,NA,NA
Endfield.exe,53680,0x125AB2630,DXGI,0,512,0,Composed: Flip,Application,3683467651744,40.6645,9.71030000000000,8.33610000000000,0.17880000000000,2.19310000000000,11.5440,114.5043,3683467556160,9.7372,9.5584,0.1788,3.9497,7.8018,7.7985,0.0033,9.0566,31671.5071,NA,NA,NA,NA
Endfield.exe,53680,0x125AB2630,DXGI,0,512,0,Composed: Flip,Application,3683467750783,NA,9.90390000000000,10.06680000000000,0.16310000000000,3.45090000000000,11.7069,124.5711,3683467653532,9.8882,9.7251,0.1631,2.0143,11.1617,11.1515,0.0102,NA,0.0000,NA,NA,NA,NA
Endfield.exe,53680,0x125AB2630,DXGI,0,512,0,Composed: Flip,Application,3683467848789,NA,9.80060000000000,14.91970000000000,0.33920000000000,4.87620000000000,16.8260,139.4908,3683467752414,9.9767,9.6375,0.3392,3.2878,11.2259,11.2259,0.0000,NA,0.0000,NA,NA,NA,NA
Endfield.exe,53680,0x125AB2630,DXGI,0,512,0,Composed: Flip,Application,3683467948314,NA,9.95250000000000,8.33360000000000,0.15820000000000,4.79970000000000,15.2071,147.8244,3683467852181,9.7715,9.6133,0.1582,4.5370,9.8760,9.8760,0.0000,NA,0.0000,NA,NA,NA,NA
Endfield.exe,53680,0x125AB2630,DXGI,0,512,0,Composed: Flip,Application,3683468052732,39.5985,10.44180000000000,8.34180000000000,0.16100000000000,2.30860000000000,13.1071,116.5677,3683467949896,10.4446,10.2836,0.1610,4.6415,7.9507,7.9483,0.0024,-2.0634,31711.1056,NA,NA,NA,NA
Endfield.exe,53680,0x125AB2630,DXGI,0,512,0,Composed: Flip,Application,3683468152538,NA,9.98060000000000,10.05130000000000,0.27460000000000,3.04780000000000,13.1778,126.6190,3683468054342,10.0942,9.8196,0.2746,2.1476,10.7198,10.7033,0.0165,NA,0.0000,NA,NA,NA,NA
Endfield.exe,53680,0x125AB2630,DXGI,0,512,0,Composed: Flip,Application,3683468252154,NA,9.96160000000000,14.95760000000000,0.15880000000000,4.64110000000000,18.1738,141.5766,3683468155284,9.8458,9.6870,0.1588,2.7732,11.5549,11.5549,0.0000,NA,0.0000,NA,NA,NA,NA
Endfield.exe,53680,0x125AB2630,DXGI,0,512,0,Composed: Flip,Application,3683468352195,NA,10.00410000000000,8.34700000000000,0.21630000000000,4.78740000000000,16.5167,149.9236,3683468253742,10.0616,9.8453,0.2163,4.4823,10.1504,10.1504,0.0000,NA,0.0000,NA,NA,NA,NA
Endfield.exe,53680,0x125AB2630,DXGI,0,512,0,Composed: Flip,Application,3683468444879,40.0826,9.26840000000000,10.16730000000000,0.17290000000000,4.41950000000000,17.4156,120.0083,3683468354358,9.2250,9.0521,0.1729,4.5711,8.9005,8.8974,0.0031,-3.4406,31751.1882,NA,NA,NA,NA
Endfield.exe,53680,0x125AB2630,DXGI,0,512,0,Composed: Flip,Application,3683468544744,NA,9.98650000000000,6.47710000000000,0.17460000000000,4.42910000000000,13.9062,126.4854,3683468446608,9.9882,9.8136,0.1746,4.2466,9.9961,9.9799,0.0162,NA,0.0000,NA,NA,NA,NA
Endfield.exe,53680,0x125AB2630,DXGI,0,512,0,Composed: Flip,Application,3683468644165,NA,9.94210000000000,8.33100000000000,0.26110000000000,3.31460000000000,12.2951,134.8164,3683468546490,10.0286,9.7675,0.2611,4.2545,8.8276,8.8276,0.0000,NA,0.0000,NA,NA,NA,NA
Endfield.exe,53680,0x125AB2630,DXGI,0,512,0,Composed: Flip,Application,3683468744455,NA,10.02900000000000,8.35150000000000,0.14390000000000,3.60880000000000,10.6176,143.1679,3683468646776,9.9118,9.7679,0.1439,3.0535,10.3232,10.3232,0.0000,NA,0.0000,NA,NA,NA,NA
Endfield.exe,53680,0x125AB2630,DXGI,0,512,0,Composed: Flip,Application,3683468843569,40.1648,9.91140000000000,10.04960000000000,0.23490000000000,3.42440000000000,10.7558,113.0527,3683468745894,10.0024,9.7675,0.2349,3.4649,9.7270,9.7254,0.0016,6.9556,31791.3530,NA,NA,NA,NA
Endfield.exe,53680,0x125AB2630,DXGI,0,512,0,Composed: Flip,Application,3683468940955,NA,9.73860000000000,NA,0.18530000000000,9.67460000000000,NA,NA,3683468845918,9.6890,9.5037,0.1853,3.1895,15.9888,15.9688,0.0200,NA,NA,NA,NA,NA,NA
Endfield.exe,53680,0x125AB2630,DXGI,0,512,0,Composed: Flip,Application,3683469038561,NA,9.76060000000000,23.27970000000000,0.21700000000000,2.81350000000000,14.5363,136.3324,3683468942808,9.7923,9.5753,0.2170,9.4893,2.8995,2.8995,0.0000,NA,0.0000,NA,NA,NA,NA
Endfield.exe,53680,0x125AB2630,DXGI,0,512,0,Composed: Flip,Application,3683469139288,NA,10.07270000000000,10.07110000000000,0.22560000000000,4.12530000000000,14.5347,146.4035,3683469040731,10.0813,9.8557,0.2256,2.5965,11.3845,11.3845,0.0000,NA,0.0000,NA,NA,NA,NA
Endfield.exe,53680,0x125AB2630,DXGI,0,512,0,Composed: Flip,Application,3683469225385,39.2011,8.60970000000000,6.58510000000000,0.21800000000000,1.81930000000000,12.5101,113.7875,3683469141544,8.6021,8.3841,0.2180,3.8997,6.3037,6.3007,0.0030,-0.7348,31830.5541,NA,15.2013,NA,NA
Endfield.exe,53680,0x125AB2630,DXGI,0,512,0,Composed: Flip,Application,3683469325200,NA,9.98150000000000,8.33060000000000,0.22110000000000,4.29790000000000,10.8592,122.1181,3683469227565,9.9846,9.7635,0.2211,1.6013,12.4601,12.4460,0.0141,NA,0.0000,NA,NA,NA,NA
Endfield.exe,53680,0x125AB2630,DXGI,0,512,0,Composed: Flip,Application,3683469422184,NA,9.69840000000000,18.39960000000000,0.18900000000000,4.79840000000000,19.5604,140.5177,3683469327411,9.6663,9.4773,0.1890,4.0768,10.1989,10.1989,0.0000,NA,0.0000,NA,NA,NA,NA
Endfield.exe,53680,0x125AB2630,DXGI,0,512,0,Composed: Flip,Application,3683469522238,NA,10.00540000000000,6.61840000000000,0.20610000000000,4.18550000000000,16.1734,147.1361,3683469424074,10.0225,9.8164,0.2061,4.6094,9.3925,9.3925,0.0000,NA,0.0000,NA,NA,NA,NA
Endfield.exe,53680,0x125AB2630,DXGI,0,512,0,Composed: Flip,Application,3683469614864,39.4426,9.26260000000000,8.31310000000000,0.20590000000000,4.38840000000000,15.2239,116.0066,3683469524299,9.2624,9.0565,0.2059,3.9794,9.4655,9.4624,0.0031,-2.2191,31869.9967,NA,20.8601,NA,NA
Endfield.exe,53680,0x125AB2630,DXGI,0,512,0,Composed: Flip,Application,3683469714008,NA,9.91440000000000,10.07150000000000,0.25170000000000,4.94800000000000,15.3810,126.0781,3683469616923,9.9602,9.7085,0.2517,4.1825,10.4740,10.4609,0.0131,NA,0.0000,NA,NA,NA,NA
Endfield.exe,53680,0x125AB2630,DXGI,0,512,0,Composed: Flip,Application,3683469811430,NA,9.74220000000000,6.61140000000000,0.18410000000000,2.31100000000000,12.2502,132.6895,3683469716525,9.6746,9.4905,0.1841,4.6963,7.1052,7.1052,0.0000,NA,0.0000,NA,NA,NA,NA
Endfield.exe,53680,0x125AB2630,DXGI,0,512,0,Composed: Flip,Application,3683469913136,NA,10.17060000000000,8.32420000000000,0.21740000000000,3.60840000000000,10.4038,141.0137,3683469813271,10.2039,9.9865,0.2174,2.1269,11.4680,11.4680,0.0000,NA,0.0000,NA,NA,NA,NA
Endfield.exe,53680,0x125AB2630,DXGI,0,512,0,Composed: Flip,Application,3683470012334,38.8724,9.91980000000000,16.66660000000000,0.15930000000000,4.33160000000000,17.1506,118.8079,3683469915310,9.8617,9.7024,0.1593,3.3910,10.6430,10.6400,0.0030,-2.8013,31908.8691,NA,NA,NA,NA
Endfield.exe,53680,0x125AB2630,DXGI,0,512,0,Composed: Flip,Application,3683470110873,NA,9.85390000000000,8.32200000000000,0.20040000000000,4.76100000000000,15.6187,127.1299,3683470013927,9.8950,9.6946,0.2004,4.1723,10.2833,10.2664,0.0169,NA,0.0000,NA,NA,NA,NA
Endfield.exe,53680,0x125AB2630,DXGI,0,512,0,Composed: Flip,Application,3683470208434,NA,9.75610000000000,8.32700000000000,0.24690000000000,4.75610000000000,14.1896,135.4569,3683470112877,9.8026,9.5557,0.2469,4.5606,9.7512,9.7512,0.0000,NA,0.0000,NA,NA,NA,NA
Endfield.exe,53680,0x125AB2630,DXGI,0,512,0,Composed: Flip,Application,3683470307872,NA,9.94380000000000,8.34450000000000,0.40990000000000,3.69750000000000,12.5903,143.8014,3683470210903,10.1068,9.6969,0.4099,4.5092,8.8852,8.8852,0.0000,NA,0.0000,NA,NA,NA,NA
Endfield.exe,53680,0x125AB2630,DXGI,0,512,0,Composed: Flip,Application,3683470397686,38.9197,8.98140000000000,10.08140000000000,0.25030000000000,2.24790000000000,13.6903,114.9631,3683470311971,8.8218,8.5715,0.2503,3.2876,7.5318,7.5286,0.0032,3.8448,31947.7888,NA,16.6144,NA,NA
Endfield.exe,53680,0x125AB2630,DXGI,0,512,0,Composed: Flip,Application,3683470495964,NA,9.82780000000000,6.58550000000000,0.27990000000000,2.54200000000000,10.4480,121.5486,3683470400189,9.8574,9.5775,0.2799,1.9976,10.1219,10.1058,0.0161,NA,0.0000,NA,NA,NA,NA
Endfield.exe,53680,0x125AB2630,DXGI,0,512,0,Composed: Flip,Application,3683470592465,NA,9.65010000000000,8.33340000000000,0.31740000000000,2.42070000000000,9.1313,129.8820,3683470498763,9.6876,9.3702,0.3174,2.2621,9.5288,9.5288,0.0000,NA,0.0000,NA,NA,NA,NA
Endfield.exe,53680,0x125AB2630,DXGI,0,512,0,Composed: Flip,Application,3683470689737,NA,9.72720000000000,18.40710000000000,0.23760000000000,4.69740000000000,17.8112,148.2891,3683470595639,9.6474,9.4098,0.2376,2.1033,12.0039,12.0039,0.0000,NA,0.0000,NA,NA,NA,NA
Endfield.exe,53680,0x125AB2630,DXGI,0,512,0,Composed: Flip,Application,3683470797150,39.5009,10.74130000000000,6.60390000000000,0.21180000000000,3.76380000000000,13.6738,115.3921,3683470692113,10.7155,10.5037,0.2118,4.4598,9.8077,9.8051,0.0026,-0.4290,31987.2897,NA,16.5372,NA,NA
Endfield.exe,53680,0x125AB2630,DXGI,0,512,0,Composed: Flip,Application,3683470892603,NA,9.54530000000000,8.34100000000000,0.24490000000000,4.77120000000000,12.4695,123.7331,3683470799268,9.5784,9.3335,0.2449,3.5520,10.5527,10.5347,0.0180,NA,0.0000,NA,NA,NA,NA
Endfield.exe,53680,0x125AB2630,DXGI,0,512,0,Composed: Flip,Application,3683470989844,NA,9.72410000000000,8.34630000000000,0.23300000000000,2.09880000000000,11.0917,132.0794,3683470895052,9.7122,9.4792,0.2330,4.5263,7.0517,7.0517,0.0000,NA,0.0000,NA,NA,NA,NA
Endfield.exe,53680,0x125AB2630,DXGI,0,512,0,Composed: Flip,Application,3683471087471,NA,9.76270000000000,16.63440000000000,0.25640000000000,4.53960000000000,17.9634,148.7138,3683470992174,9.7861,9.5297,0.2564,1.8658,12.2035,12.2035,0.0000,NA,0.0000,NA,NA,NA,NA
Endfield.exe,53680,0x125AB2630,DXGI,0,512,0,Composed: Flip,Application,3683471199955,38.7514,11.24840000000000,8.35400000000000,0.24890000000000,7.32870000000000,15.0690,118.3164,3683471090035,11.2409,10.9920,0.2489,4.2832,14.0375,14.0350,0.0025,-2.9243,32026.0411,NA,17.2148,NA,NA
Endfield.exe,53680,0x125AB2630,DXGI,0,512,0,Composed: Flip,Application,3683471312359,NA,11.24040000000000,NA,0.22860000000000,7.82670000000000,NA,NA,3683471202444,11.2201,10.9915,0.2286,7.0798,11.7384,11.7308,0.0076,NA,NA,NA,NA,NA,NA
Endfield.exe,53680,0x125AB2630,DXGI,0,512,0,Composed: Flip,Application,3683471396340,NA,8.39810000000000,16.65990000000000,0.22250000000000,0.57840000000000,12.0904,134.9763,3683471314645,8.3920,8.1695,0.2225,7.5981,1.1498,1.1498,0.0000,NA,0.0000,NA,NA,NA,NA
Endfield.exe,53680,0x125AB2630,DXGI,0,512,0,Composed: Flip,Application,3683471494228,NA,9.78880000000000,8.33820000000000,0.29090000000000,3.44220000000000,10.6398,143.3145,3683471398565,9.8572,9.5663,0.2909,0.3559,12.6526,12.6526,0.0000,NA,0.0000,NA,NA,NA,NA
Endfield.exe,53680,0x125AB2630,DXGI,0,512,0,Composed: Flip,Application,3683471604203,39.4929,10.99750000000000,16.67050000000000,0.22980000000000,4.46440000000000,16.3128,120.4921,3683471497137,10.9364,10.7066,0.2298,3.1513,12.0197,12.0165,0.0032,-2.1757,32065.5340,NA,17.8741,NA,NA
Endfield.exe,53680,0x125AB2630,DXGI,0,512,0,Composed: Flip,Application,3683471703714,NA,9.95110000000000,8.32090000000000,0.28910000000000,3.01990000000000,14.6826,128.8130,3683471606501,10.0104,9.7213,0.2891,4.2346,8.5066,8.4904,0.0162,NA,0.0000,NA,NA,NA,NA
Endfield.exe,53680,0x125AB2630,DXGI,0,512,0,Composed: Flip,Application,3683471801564,NA,9.78500000000000,8.32570000000000,0.22370000000000,4.28750000000000,13.2233,137.1387,3683471706605,9.7196,9.4959,0.2237,2.7308,11.0526,11.0526,0.0000,NA,0.0000,NA,NA,NA,NA
Endfield.exe,53680,0x125AB2630,DXGI,0,512,0,Composed: Flip,Application,3683471902588,NA,10.10240000000000,8.36390000000000,0.22470000000000,2.44710000000000,11.4848,145.5026,3683471803801,10.1034,9.8787,0.2247,4.0638,8.2620,8.2620,0.0000,NA,0.0000,NA,NA,NA,NA
Endfield.exe,53680,0x125AB2630,DXGI,0,512,0,Composed: Flip,Application,3683472013306,40.8738,11.07180000000000,16.65120000000000,0.18540000000000,4.17450000000000,17.0642,121.2800,3683471904835,11.0325,10.8471,0.1854,2.2224,12.7992,12.7959,0.0033,-0.7879,32106.4078,NA,17.5484,NA,NA
Endfield.exe,53680,0x125AB2630,DXGI,0,512,0,Composed: Flip,Application,3683472113600,NA,10.02940000000000,8.33180000000000,0.17330000000000,5.18100000000000,15.3666,129.6118,3683472015160,10.0173,9.8440,0.1733,3.9891,11.0359,11.0178,0.0181,NA,0.0000,NA,NA,NA,NA
Endfield.exe,53680,0x125AB2630,DXGI,0,512,0,Composed: Flip,Application,3683472213310,NA,9.97100000000000,10.05920000000000,0.20830000000000,4.72300000000000,15.4548,139.6710,3683472115333,10.0060,9.7977,0.2083,5.0077,9.5130,9.5130,0.0000,NA,0.0000,NA,NA,NA,NA
Endfield.exe,53680,0x125AB2630,DXGI,0,512,0,Composed: Flip,Application,3683472314095,NA,10.07850000000000,6.64190000000000,0.26720000000000,3.55600000000000,12.0182,146.3129,3683472215393,10.1374,9.8702,0.2672,4.5147,8.9115,8.9115,0.0000,NA,0.0000,NA,NA,NA,NA
Endfield.exe,53680,0x125AB2630,DXGI,0,512,0,Composed: Flip,Application,3683472420833,42.5319,10.67380000000000,16.62680000000000,0.14640000000000,3.78190000000000,17.9712,120.4078,3683472316767,10.5530,10.4066,0.1464,3.2888,10.8997,10.8986,0.0011,0.8722,32148.9397,NA,35.2000,NA,NA
Endfield.exe,53680,0x125AB2630,DXGI,0,512,0,Composed: Flip,Application,3683472522920,NA,10.20870000000000,10.06820000000000,0.18600000000000,4.93590000000000,17.8307,130.4760,3683472422297,10.2483,10.0623,0.1860,3.6355,11.3627,11.3488,0.0139,NA,0.0000,NA,NA,NA,NA
Endfield.exe,53680,0x125AB2630,DXGI,0,512,0,Composed: Flip,Application,3683472625397,NA,10.24770000000000,6.59520000000000,0.17230000000000,4.14480000000000,14.1782,137.0712,3683472524780,10.2340,10.0617,0.1723,4.7499,9.4566,9.4566,0.0000,NA,0.0000,NA,NA,NA,NA
Endfield.exe,53680,0x125AB2630,DXGI,0,512,0,Composed: Flip,Application,3683472725387,NA,9.99900000000000,8.32450000000000,0.16270000000000,3.51920000000000,12.5037,145.3957,3683472627120,9.9894,9.8267,0.1627,3.9725,9.3734,9.3734,0.0000,NA,0.0000,NA,NA,NA,NA
Endfield.exe,53680,0x125AB2630,DXGI,0,512,0,Composed: Flip,Application,3683472828318,40.6223,10.29310000000000,8.34110000000000,0.22020000000000,3.25230000000000,10.5517,113.1145,3683472727014,10.3506,10.1304,0.2202,3.3565,10.0262,10.0246,0.0016,7.2933,32189.5620,NA,35.5159,NA,NA
Endfield.exe,53680,0x125AB2630,DXGI,0,512,0,Composed: Flip,Application,3683472925960,NA,9.76420000000000,18.40840000000000,0.20090000000000,4.39310000000000,19.1959,131.5229,3683472830520,9.7449,9.5440,0.2009,3.0321,10.9050,10.8945,0.0105,NA,0.0000,NA,NA,NA,NA
Endfield.exe,53680,0x125AB2630,DXGI,0,512,0,Composed: Flip,Application,3683473026247,NA,10.02870000000000,6.59090000000000,0.19600000000000,4.33550000000000,15.7581,138.1138,3683472927969,10.0238,9.8278,0.1960,4.1922,9.9711,9.9711,0.0000,NA,0.0000,NA,NA,NA,NA
Endfield.exe,53680,0x125AB2630,DXGI,0,512,0,Composed: Flip,Application,3683473128468,NA,10.22210000000000,16.68750000000000,0.13780000000000,4.70930000000000,22.2235,154.8013,3683473028207,10.1639,10.0261,0.1378,4.1395,10.5959,10.5959,0.0000,NA,0.0000,NA,NA,NA,NA
Endfield.exe,53680,0x125AB2630,DXGI,0,512,0,Composed: Flip,Application,3683473229599,38.3060,10.11310000000000,1.72540000000000,0.13950000000000,4.08450000000000,13.8358,118.2207,3683473129846,10.1148,9.9753,0.1395,4.5715,9.4883,9.4852,0.0031,-5.1062,32227.8680,NA,NA,NA,NA
Endfield.exe,53680,0x125AB2630,DXGI,0,512,0,Composed: Flip,Application,3683473328465,NA,9.88660000000000,6.58600000000000,0.16070000000000,2.80830000000000,10.5352,124.8067,3683473230994,9.9078,9.7471,0.1607,3.9450,8.6104,8.5959,0.0145,NA,0.0000,NA,NA,NA,NA
Endfield.exe,53680,0x125AB2630,DXGI,0,512,0,Composed: Flip,Application,3683473430915,NA,10.24500000000000,16.68160000000000,0.17830000000000,2.30630000000000,16.9718,141.4883,3683473330072,10.2626,10.0843,0.1783,2.6476,9.7430,9.7430,0.0000,NA,0.0000,NA,NA,NA,NA
Endfield.exe,53680,0x125AB2630,DXGI,0,512,0,Composed: Flip,Application,3683473531332,NA,10.04170000000000,8.32810000000000,0.14370000000000,3.11150000000000,15.2582,149.8164,3683473432698,10.0071,9.8634,0.1437,2.1280,10.8469,10.8469,0.0000,NA,0.0000,NA,NA,NA,NA
Endfield.exe,53680,0x125AB2630,DXGI,0,512,0,Composed: Flip,Application,3683473652855,57.1040,12.15230000000000,8.32780000000000,0.13740000000000,3.51520000000000,11.4337,101.0402,3683473532769,12.1460,12.0086,0.1374,2.9678,12.5560,12.5471,0.0089,17.1805,32284.9720,NA,11.6955,15.1380,NA
Endfield.exe,53680,0x125AB2630,DXGI,0,512,0,Composed: Flip,Application,3683473754390,NA,10.15350000000000,16.65530000000000,0.19120000000000,4.24330000000000,17.9355,117.6955,3683473654229,10.2073,10.0161,0.1912,3.3778,10.8816,10.8704,0.0112,NA,0.0000,NA,27.5190,NA,NA
Endfield.exe,53680,0x125AB2630,DXGI,0,512,0,Composed: Flip,Application,3683473854598,NA,10.02080000000000,8.34930000000000,0.21150000000000,6.44640000000000,16.2640,126.0448,3683473756302,10.0411,9.8296,0.2115,4.0521,12.2239,12.2239,0.0000,NA,0.0000,NA,NA,NA,NA
Endfield.exe,53680,0x125AB2630,DXGI,0,512,0,Composed: Flip,Application,3683473955883,NA,10.12850000000000,8.31850000000000,0.14820000000000,4.59250000000000,14.4540,134.3633,3683473856713,10.0652,9.9170,0.1482,6.2349,8.2746,8.2746,0.0000,NA,0.0000,NA,NA,NA,NA
Endfield.exe,53680,0x125AB2630,DXGI,0,512,0,Composed: Flip,Application,3683474070298,23.5948,11.44150000000000,10.08230000000000,0.19000000000000,3.65400000000000,13.0948,120.8508,3683473957365,11.4833,11.2933,0.1900,4.4443,10.5030,10.5001,0.0029,-19.8106,32308.5668,NA,16.2537,NA,NA
Endfield.exe,53680,0x125AB2630,DXGI,0,512,0,Composed: Flip,Application,3683474171572,NA,10.12740000000000,14.92230000000000,0.17790000000000,4.10840000000000,17.8897,135.7731,3683474072198,10.1153,9.9374,0.1779,3.4640,10.5818,10.5688,0.0130,NA,0.0000,NA,NA,NA,NA
Endfield.exe,53680,0x125AB2630,DXGI,0,512,0,Composed: Flip,Application,3683474272988,NA,10.14160000000000,8.33370000000000,0.16100000000000,4.13130000000000,16.0818,144.1068,3683474173351,10.1247,9.9637,0.1610,3.9305,10.1645,10.1645,0.0000,NA,0.0000,NA,NA,NA,NA
Endfield.exe,53680,0x125AB2630,DXGI,0,512,0,Composed: Flip,Application,3683474375222,NA,10.22340000000000,10.11830000000000,0.14680000000000,4.72230000000000,15.9767,154.2251,3683474274598,10.2092,10.0624,0.1468,3.9703,10.8144,10.8144,0.0000,NA,0.0000,NA,NA,NA,NA
Endfield.exe,53680,0x125AB2630,DXGI,0,512,0,Composed: Flip,Application,3683474467397,45.7892,9.21750000000000,6.52740000000000,0.14670000000000,3.92750000000000,13.2866,114.9633,3683474376690,9.2174,9.0707,0.1467,4.5755,8.4227,8.4203,0.0024,5.8875,32354.3560,NA,16.1620,NA,NA
Endfield.exe,53680,0x125AB2630,DXGI,0,512,0,Composed: Flip,Application,3683474572167,NA,10.47700000000000,8.36290000000000,0.20160000000000,3.88780000000000,11.1725,123.3262,3683474468864,10.5319,10.3303,0.2016,3.7808,10.4373,10.4248,0.0125,NA,0.0000,NA,NA,NA,NA
Endfield.exe,53680,0x125AB2630,DXGI,0,512,0,Composed: Flip,Application,3683474669492,NA,9.73250000000000,10.06480000000000,0.17720000000000,4.18130000000000,11.5048,133.3910,3683474574183,9.7081,9.5309,0.1772,3.6862,10.0260,10.0260,0.0000,NA,0.0000,NA,NA,NA,NA
Endfield.exe,53680,0x125AB2630,DXGI,0,512,0,Composed: Flip,Application,3683474770812,NA,10.13200000000000,14.90690000000000,0.16240000000000,4.47790000000000,16.2797,148.2979,3683474671264,10.1172,9.9548,0.1624,4.0041,10.4286,10.4286,0.0000,NA,0.0000,NA,NA,NA,NA
Endfield.exe,53680,0x125AB2630,DXGI,0,512,0,Composed: Flip,Application,3683474873967,38.1183,10.31550000000000,10.11590000000000,0.18580000000000,3.70090000000000,16.0801,120.2955,3683474772436,10.3389,10.1531,0.1858,4.3155,9.5385,9.5351,0.0034,-5.3322,32392.4743,NA,36.6141,NA,NA
Endfield.exe,53680,0x125AB2630,DXGI,0,512,0,Composed: Flip,Application,3683474975527,NA,10.15600000000000,6.57780000000000,0.18510000000000,2.59130000000000,12.5019,126.8733,3683474875825,10.1553,9.9702,0.1851,3.5151,9.0464,9.0354,0.0110,NA,0.0000,NA,NA,NA,NA
Endfield.exe,53680,0x125AB2630,DXGI,0,512,0,Composed: Flip,Application,3683475076164,NA,10.06370000000000,8.33370000000000,0.17590000000000,2.75270000000000,10.7719,135.2070,3683474977378,10.0545,9.8786,0.1759,2.4062,10.2251,10.2251,0.0000,NA,0.0000,NA,NA,NA,NA
Endfield.exe,53680,0x125AB2630,DXGI,0,512,0,Composed: Flip,Application,3683475193787,NA,11.76230000000000,18.42710000000000,0.13310000000000,2.39220000000000,17.4367,153.6341,3683475077923,11.7195,11.5864,0.1331,2.5768,11.4018,11.4018,0.0000,NA,0.0000,NA,NA,NA,NA
Endfield.exe,53680,0x125AB2630,DXGI,0,512,0,Composed: Flip,Application,3683475288534,40.6220,9.47470000000000,14.88990000000000,0.17740000000000,3.54420000000000,22.8519,129.4689,3683475195118,9.5190,9.3416,0.1774,2.2591,10.6267,10.6243,0.0024,-7.6065,32433.0963,NA,NA,NA,NA
Endfield.exe,53680,0x125AB2630,DXGI,0,512,0,Composed: Flip,Application,3683475389509,NA,10.09750000000000,1.75350000000000,0.18150000000000,4.09530000000000,14.5079,131.2224,3683475290308,10.1016,9.9201,0.1815,3.3668,10.6486,10.6322,0.0164,NA,0.0000,NA,NA,NA,NA
Endfield.exe,53680,0x125AB2630,DXGI,0,512,0,Composed: Flip,Application,3683475491286,NA,10.17770000000000,6.66400000000000,0.20710000000000,4.11930000000000,10.9942,137.8864,3683475391324,10.2033,9.9962,0.2071,3.9138,10.2017,10.2017,0.0000,NA,0.0000,NA,NA,NA,NA
Endfield.exe,53680,0x125AB2630,DXGI,0,512,0,Composed: Flip,Application,3683475593344,NA,10.20580000000000,16.62260000000000,0.12880000000000,3.06390000000000,17.4110,154.5090,3683475493357,10.1275,9.9987,0.1288,3.9122,9.1504,9.1504,0.0000,NA,0.0000,NA,NA,NA,NA
Endfield.exe,53680,0x125AB2630,DXGI,0,512,0,Composed: Flip,Application,3683475702869,41.5489,10.95250000000000,10.04260000000000,0.16440000000000,3.76050000000000,16.5011,123.0027,3683475594632,10.9881,10.8237,0.1644,2.9351,11.6491,11.6466,0.0025,6.4662,32474.6452,NA,NA,NA,NA
Endfield.exe,53680,0x125AB2630,DXGI,0,512,0,Composed: Flip,Application,3683475809497,NA,10.66280000000000,6.59480000000000,0.17800000000000,4.13430000000000,12.4331,129.5975,3683475704513,10.6764,10.4984,0.1780,3.5961,11.0366,11.0199,0.0167,NA,0.0000,NA,NA,NA,NA
Endfield.exe,53680,0x125AB2630,DXGI,0,512,0,Composed: Flip,Application,3683475909983,NA,10.04860000000000,8.33710000000000,0.16470000000000,3.87840000000000,10.7216,137.9346,3683475811277,10.0353,9.8706,0.1647,3.9563,9.7927,9.7927,0.0000,NA,0.0000,NA,NA,NA,NA
Endfield.exe,53680,0x125AB2630,DXGI,0,512,0,Composed: Flip,Application,3683476012726,NA,10.27430000000000,16.66470000000000,0.13650000000000,4.15270000000000,17.1120,154.5993,3683475911630,10.2461,10.1096,0.1365,3.7137,10.5486,10.5486,0.0000,NA,0.0000,NA,NA,NA,NA
Endfield.exe,53680,0x125AB2630,DXGI,0,512,0,Composed: Flip,Application,3683476121779,40.0799,10.90530000000000,10.07190000000000,0.18020000000000,3.57210000000000,16.2786,124.5913,3683476014091,10.9490,10.7688,0.1802,4.0162,10.3247,10.3226,0.0021,-1.5886,32514.7251,NA,50.6136,NA,NA
Endfield.exe,53680,0x125AB2630,DXGI,0,512,0,Composed: Flip,Application,3683476224632,NA,10.28530000000000,6.63410000000000,0.22710000000000,2.35970000000000,12.6274,131.2254,3683476123581,10.3322,10.1051,0.2271,3.3919,9.0729,9.0551,0.0178,NA,0.0000,NA,NA,NA,NA
Endfield.exe,53680,0x125AB2630,DXGI,0,512,0,Composed: Flip,Application,3683476327252,NA,10.26200000000000,10.04050000000000,0.18280000000000,4.19570000000000,12.4059,141.2659,3683476226903,10.2177,10.0349,0.1828,2.1326,12.0980,12.0980,0.0000,NA,0.0000,NA,NA,NA,NA
Endfield.exe,53680,0x125AB2630,DXGI,0,512,0,Composed: Flip,Application,3683476430169,NA,10.29170000000000,14.99050000000000,0.14200000000000,4.91510000000000,17.1047,156.2564,3683476329080,10.2509,10.1089,0.1420,4.0129,11.0111,11.0111,0.0000,NA,0.0000,NA,NA,NA,NA
Endfield.exe,53680,0x125AB2630,DXGI,0,512,0,Composed: Flip,Application,3683476523728,41.6110,9.35590000000000,8.26650000000000,0.14260000000000,3.85090000000000,16.0153,123.4260,3683476431589,9.3565,9.2139,0.1426,4.7731,8.2917,8.2893,0.0024,1.6794,32556.3361,NA,NA,NA,NA
Endfield.exe,53680,0x125AB2630,DXGI,0,512,0,Composed: Flip,Application,3683476627514,NA,10.37860000000000,8.33910000000000,0.23380000000000,4.31870000000000,13.9758,131.7651,3683476525154,10.4698,10.2360,0.2338,3.7083,10.8464,10.8287,0.0177,NA,0.0000,NA,NA,NA,NA
Endfield.exe,53680,0x125AB2630,DXGI,0,512,0,Composed: Flip,Application,3683476727512,NA,9.99980000000000,8.35950000000000,0.20850000000000,2.70680000000000,12.3355,140.1246,3683476629852,9.9745,9.7660,0.2085,4.0849,8.3879,8.3879,0.0000,NA,0.0000,NA,NA,NA,NA
Endfield.exe,53680,0x125AB2630,DXGI,0,512,0,Composed: Flip,Application,3683476830227,NA,10.27150000000000,8.32300000000000,0.12480000000000,3.53450000000000,10.3870,148.4476,3683476729597,10.1878,10.0630,0.1248,2.4983,11.0992,11.0992,0.0000,NA,0.0000,NA,NA,NA,NA
Endfield.exe,53680,0x125AB2630,DXGI,0,512,0,Composed: Flip,Application,3683476948353,41.8439,11.81260000000000,18.39440000000000,0.18900000000000,7.16260000000000,16.9688,124.9981,3683476831475,11.8768,11.6878,0.1890,3.4097,15.4407,15.4375,0.0032,-1.5721,32598.1800,NA,NA,NA,NA
Endfield.exe,53680,0x125AB2630,DXGI,0,512,0,Composed: Flip,Application,3683477051375,NA,10.30220000000000,6.57560000000000,0.15050000000000,4.24470000000000,13.2422,131.5737,3683476950243,10.2637,10.1132,0.1505,6.9736,7.3843,7.3785,0.0058,NA,0.0000,NA,NA,NA,NA
Endfield.exe,53680,0x125AB2630,DXGI,0,512,0,Composed: Flip,Application,3683477153295,NA,10.19200000000000,8.32960000000000,0.12480000000000,4.00400000000000,11.3798,139.9033,3683477052880,10.1663,10.0415,0.1248,4.0942,9.9513,9.9513,0.0000,NA,0.0000,NA,NA,NA,NA
Endfield.exe,53680,0x125AB2630,DXGI,0,512,0,Composed: Flip,Application,3683477258384,NA,10.50890000000000,16.66300000000000,0.21040000000000,4.28100000000000,17.5339,156.5663,3683477154543,10.5945,10.3841,0.2104,3.8792,10.7859,10.7859,0.0000,NA,0.0000,NA,NA,NA,NA
Endfield.exe,53680,0x125AB2630,DXGI,0,512,0,Composed: Flip,Application,3683477357542,40.3637,9.91580000000000,8.34510000000000,0.14120000000000,3.82040000000000,15.9632,124.5477,3683477260488,9.8466,9.7054,0.1412,4.0706,9.4552,9.4529,0.0023,0.4504,32638.5437,NA,NA,NA,NA
Endfield.exe,53680,0x125AB2630,DXGI,0,512,0,Composed: Flip,Application,3683477462367,NA,10.48250000000000,8.37960000000000,0.14600000000000,4.51780000000000,13.8603,132.9273,3683477358954,10.4873,10.3413,0.1460,3.6792,11.1799,11.1673,0.0126,NA,0.0000,NA,NA,NA,NA
Endfield.exe,53680,0x125AB2630,DXGI,0,512,0,Composed: Flip,Application,3683477563467,NA,10.11000000000000,8.28950000000000,0.13910000000000,2.95380000000000,12.0398,141.2168,3683477463827,10.1031,9.9640,0.1391,4.3718,8.5460,8.5460,0.0000,NA,0.0000,NA,NA,NA,NA
Endfield.exe,53680,0x125AB2630,DXGI,0,512,0,Composed: Flip,Application,3683477667255,NA,10.37880000000000,18.42090000000000,0.16100000000000,4.13310000000000,20.0819,159.6377,3683477564858,10.4007,10.2397,0.1610,2.8147,11.5581,11.5581,0.0000,NA,0.0000,NA,NA,NA,NA
Endfield.exe,53680,0x125AB2630,DXGI,0,512,0,Composed: Flip,Application,3683477773346,42.3179,10.60910000000000,14.92190000000000,0.15610000000000,3.80420000000000,24.3947,132.2417,3683477668865,10.6042,10.4481,0.1561,3.9721,10.2802,10.2779,0.0023,-7.6940,32680.8616,NA,24.5396,NA,NA
Endfield.exe,53680,0x125AB2630,DXGI,0,512,0,Composed: Flip,Application,3683477877349,NA,10.40030000000000,1.75050000000000,0.21570000000000,4.11780000000000,15.7449,133.9922,3683477774907,10.4599,10.2442,0.2157,3.6481,10.7139,10.6989,0.0150,NA,0.0000,NA,25.6137,NA,NA
Endfield.exe,53680,0x125AB2630,DXGI,0,512,0,Composed: Flip,Application,3683477981058,NA,10.37090000000000,6.58840000000000,0.15660000000000,2.19080000000000,11.9624,140.5806,3683477879506,10.3118,10.1552,0.1566,3.9021,8.4439,8.4439,0.0000,NA,0.0000,NA,NA,NA,NA
Endfield.exe,53680,0x125AB2630,DXGI,0,512,0,Composed: Flip,Application,3683478090487,NA,10.94290000000000,10.09210000000000,0.17690000000000,2.80610000000000,11.1116,150.6727,3683477982624,10.9632,10.7863,0.1769,2.0342,11.5582,11.5582,0.0000,NA,0.0000,NA,NA,NA,NA
Endfield.exe,53680,0x125AB2630,DXGI,0,512,0,Composed: Flip,Application,3683478180830,40.8888,9.03430000000000,31.55410000000000,0.15860000000000,1.37070000000000,33.6314,141.3380,3683478092256,9.0160,8.8574,0.1586,2.6292,7.5989,7.5962,0.0027,-9.0963,32721.7504,NA,34.8442,NA,NA
Endfield.exe,53680,0x125AB2630,DXGI,0,512,0,Composed: Flip,Application,3683478514681,NA,33.38510000000000,8.38600000000000,0.27810000000000,0.74820000000000,8.6323,149.7240,3683478182416,33.5046,33.2265,0.2781,1.2121,32.7626,32.4951,0.2675,NA,0.0000,NA,42.0755,NA,NA
Endfield.exe,53680,0x125AB2630,DXGI,0,512,0,Composed: Flip,Application,3683478522275,NA,0.75940000000000,NA,0.18660000000000,2.30390000000000,NA,NA,3683478517462,0.6679,0.4813,0.1866,0.4701,2.3151,2.3151,0.0000,NA,NA,NA,NA,NA,NA
Endfield.exe,53680,0x125AB2630,DXGI,0,512,0,Composed: Flip,Application,3683478547826,44.6344,2.55510000000000,10.06170000000000,0.14560000000000,2.48990000000000,15.3795,113.7939,3683478524141,2.5141,2.3685,0.1456,2.1173,2.7411,2.7411,0.0000,26.1867,32766.3848,NA,NA,NA,NA
Endfield.exe,53680,0x125AB2630,DXGI,0,512,0,Composed: Flip,Application,3683478649793,NA,10.19670000000000,6.55570000000000,0.14310000000000,0.18990000000000,11.7385,120.3496,3683478549282,10.1942,10.0511,0.1431,2.3443,7.8967,0.7811,7.1156,NA,0.0000,NA,12.8413,NA,NA
Endfield.exe,53680,0x125AB2630,DXGI,0,512,0,Composed: Flip,Application,3683478752874,NA,10.30810000000000,8.35630000000000,0.17760000000000,3.00100000000000,9.7867,128.7059,3683478651224,10.3426,10.1650,0.1776,2.0323,11.1337,11.1101,0.0236,NA,0.0000,NA,NA,NA,NA
Endfield.exe,53680,0x125AB2630,DXGI,0,512,0,Composed: Flip,Application,3683478854243,NA,10.13690000000000,16.64180000000000,0.11990000000000,3.95320000000000,16.2916,145.3477,3683478754650,10.0792,9.9593,0.1199,2.8234,11.0891,11.0891,0.0000,NA,0.0000,NA,NA,NA,NA
Endfield.exe,53680,0x125AB2630,DXGI,0,512,0,Composed: Flip,Application,3683479061366,77.6160,20.71230000000000,NA,0.17250000000000,6.31430000000000,NA,NA,3683478855442,20.7649,20.5924,0.1725,3.8333,23.0734,23.0706,0.0028,NA,NA,NA,NA,NA,NA
Endfield.exe,53680,0x125AB2630,DXGI,0,512,0,Composed: Flip,Application,3683479165593,NA,10.42270000000000,26.77550000000000,0.26490000000000,2.02640000000000,11.9321,94.5072,3683479063091,10.5151,10.2502,0.2649,6.1418,6.1348,6.1298,0.0050,NA,0.0000,NA,22.6233,NA,NA
Endfield.exe,53680,0x125AB2630,DXGI,0,512,0,Composed: Flip,Application,3683479265926,NA,10.03330000000000,16.64520000000000,0.20810000000000,4.23810000000000,18.5440,111.1524,3683479168242,9.9765,9.7684,0.2081,1.7615,12.2450,12.2450,0.0000,NA,0.0000,NA,NA,NA,NA
Endfield.exe,53680,0x125AB2630,DXGI,0,512,0,Composed: Flip,Application,3683479370609,NA,10.46830000000000,6.59580000000000,0.18670000000000,4.14160000000000,14.6715,117.7482,3683479268007,10.4469,10.2602,0.1867,4.0300,10.3718,10.3718,0.0000,NA,0.0000,NA,NA,NA,NA
Endfield.exe,53680,0x125AB2630,DXGI,0,512,0,Composed: Flip,Application,3683479449077,9.2702,7.84680000000000,16.64670000000000,0.15830000000000,3.67390000000000,23.4714,125.1247,3683479372476,7.8184,7.6601,0.1583,3.9549,7.3791,7.3766,0.0025,-11.3308,32853.2710,NA,25.5069,NA,NA
Endfield.exe,53680,0x125AB2630,DXGI,0,512,0,Composed: Flip,Application,3683479553454,NA,10.43770000000000,1.81070000000000,0.17450000000000,4.43050000000000,14.8444,126.9354,3683479450660,10.4539,10.2794,0.1745,3.5156,11.1943,11.1827,0.0116,NA,0.0000,NA,NA,NA,NA
Endfield.exe,53680,0x125AB2630,DXGI,0,512,0,Composed: Flip,Application,3683479652097,NA,9.86430000000000,6.52350000000000,0.17460000000000,4.21610000000000,11.5036,133.4589,3683479555199,9.8644,9.6898,0.1746,4.2560,9.6499,9.6499,0.0000,NA,0.0000,NA,NA,NA,NA
Endfield.exe,53680,0x125AB2630,DXGI,0,512,0,Composed: Flip,Application,3683479754678,NA,10.25810000000000,18.44760000000000,0.15750000000000,4.09890000000000,19.6931,151.9065,3683479653843,10.2410,10.0835,0.1575,4.0415,10.1409,10.1409,0.0000,NA,0.0000,NA,NA,NA,NA
Endfield.exe,53680,0x125AB2630,DXGI,0,512,0,Composed: Flip,Application,3683479866679,41.1251,11.20010000000000,14.91970000000000,0.20560000000000,3.67930000000000,23.4127,125.8123,3683479756253,11.2482,11.0426,0.2056,3.9414,10.7805,10.7774,0.0031,-0.5764,32894.3961,NA,66.2035,NA,NA
Endfield.exe,53680,0x125AB2630,DXGI,0,512,0,Composed: Flip,Application,3683479972371,NA,10.56920000000000,1.71460000000000,0.20880000000000,3.83510000000000,14.5581,127.5269,3683479868735,10.5724,10.3636,0.2088,3.4737,10.7250,10.7079,0.0171,NA,0.0000,NA,NA,NA,NA
Endfield.exe,53680,0x125AB2630,DXGI,0,512,0,Composed: Flip,Application,3683480071758,NA,9.93870000000000,6.56800000000000,0.23370000000000,4.19760000000000,11.1874,134.0949,3683479974459,9.9636,9.7299,0.2337,3.6263,10.3012,10.3012,0.0000,NA,0.0000,NA,NA,NA,NA
Endfield.exe,53680,0x125AB2630,DXGI,0,512,0,Composed: Flip,Application,3683480174194,NA,10.24360000000000,16.74240000000000,0.31670000000000,4.12450000000000,17.6862,150.8373,3683480074095,10.3266,10.0099,0.3167,3.9639,10.1705,10.1705,0.0000,NA,0.0000,NA,NA,NA,NA
Endfield.exe,53680,0x125AB2630,DXGI,0,512,0,Composed: Flip,Application,3683480275792,37.0421,10.15980000000000,10.03970000000000,0.36410000000000,3.70560000000000,17.5661,123.8349,3683480177361,10.2072,9.8431,0.3641,3.8078,9.7409,9.7381,0.0028,1.9774,32931.4382,NA,44.2583,NA,NA
Endfield.exe,53680,0x125AB2630,DXGI,0,512,0,Composed: Flip,Application,3683480376638,NA,10.08460000000000,6.56160000000000,0.15330000000000,2.46850000000000,14.0431,130.3965,3683480279433,9.8738,9.7205,0.1533,3.3415,8.8475,8.8335,0.0140,NA,0.0000,NA,NA,NA,NA
Endfield.exe,53680,0x125AB2630,DXGI,0,512,0,Composed: Flip,Application,3683480479613,NA,10.29750000000000,8.36890000000000,0.15960000000000,3.28150000000000,12.1145,138.7654,3683480378171,10.3038,10.1442,0.1596,2.3152,11.1105,11.1105,0.0000,NA,0.0000,NA,NA,NA,NA
Endfield.exe,53680,0x125AB2630,DXGI,0,512,0,Composed: Flip,Application,3683480580323,NA,10.07100000000000,10.06520000000000,0.12080000000000,3.62230000000000,12.1087,148.8306,3683480481209,10.0322,9.9114,0.1208,3.1219,10.4118,10.4118,0.0000,NA,0.0000,NA,NA,NA,NA
Endfield.exe,53680,0x125AB2630,DXGI,0,512,0,Composed: Flip,Application,3683480682538,43.2423,10.22150000000000,14.95770000000000,0.14720000000000,3.69930000000000,16.8449,120.5460,3683480581531,10.2479,10.1007,0.1472,3.5015,10.2985,10.2955,0.0030,3.2889,32974.6805,NA,46.2116,NA,NA
Endfield.exe,53680,0x125AB2630,DXGI,0,512,0,Composed: Flip,Application,3683480785169,NA,10.26310000000000,10.11360000000000,0.17190000000000,4.15540000000000,16.6954,130.6596,3683480684010,10.2878,10.1159,0.1719,3.5521,10.7192,10.7037,0.0155,NA,0.0000,NA,NA,NA,NA
Endfield.exe,53680,0x125AB2630,DXGI,0,512,0,Composed: Flip,Application,3683480885474,NA,10.03050000000000,6.50250000000000,0.18810000000000,3.37520000000000,13.1674,137.1621,3683480786888,10.0467,9.8586,0.1881,3.9835,9.2503,9.2503,0.0000,NA,0.0000,NA,NA,NA,NA
Endfield.exe,53680,0x125AB2630,DXGI,0,512,0,Composed: Flip,Application,3683480987605,NA,10.21310000000000,8.40310000000000,0.13730000000000,3.07780000000000,11.3574,145.5652,3683480887355,10.1623,10.0250,0.1373,3.1871,9.9157,9.9157,0.0000,NA,0.0000,NA,NA,NA,NA
Endfield.exe,53680,0x125AB2630,DXGI,0,512,0,Composed: Flip,Application,3683481093280,39.4957,10.56750000000000,18.36440000000000,0.16400000000000,4.03820000000000,19.1543,124.4339,3683480988978,10.5942,10.4302,0.1640,2.9405,11.5279,11.5270,0.0009,-3.8879,33014.1762,NA,NA,NA,NA
Endfield.exe,53680,0x125AB2630,DXGI,0,512,0,Composed: Flip,Application,3683481194912,NA,10.16320000000000,6.58690000000000,0.18150000000000,4.32890000000000,15.5780,131.0208,3683481094920,10.1807,9.9992,0.1815,3.8742,10.4539,10.4355,0.0184,NA,0.0000,NA,NA,NA,NA
Endfield.exe,53680,0x125AB2630,DXGI,0,512,0,Composed: Flip,Application,3683481297105,NA,10.21930000000000,8.32150000000000,0.19790000000000,4.29020000000000,13.6802,139.3423,3683481196727,10.2357,10.0378,0.1979,4.1474,10.1806,10.1806,0.0000,NA,0.0000,NA,NA,NA,NA
Endfield.exe,53680,0x125AB2630,DXGI,0,512,0,Composed: Flip,Application,3683481400902,NA,10.37970000000000,10.09640000000000,0.16280000000000,2.76310000000000,13.3969,149.4387,3683481299084,10.3446,10.1818,0.1628,4.0923,8.8526,8.8526,0.0000,NA,0.0000,NA,NA,NA,NA
Endfield.exe,53680,0x125AB2630,DXGI,0,512,0,Composed: Flip,Application,3683481505970,40.6029,10.50680000000000,14.92810000000000,0.20160000000000,3.64880000000000,17.8182,123.7639,3683481402530,10.5456,10.3440,0.2016,2.6003,11.3925,11.3895,0.0030,0.6700,33054.7791,NA,NA,NA,NA
Endfield.exe,53680,0x125AB2630,DXGI,0,512,0,Composed: Flip,Application,3683481607428,NA,10.14580000000000,8.29940000000000,0.17560000000000,4.36920000000000,15.9718,132.0633,3683481507986,10.1198,9.9442,0.1756,3.4472,10.8662,10.8500,0.0162,NA,0.0000,NA,NA,NA,NA
Endfield.exe,53680,0x125AB2630,DXGI,0,512,0,Composed: Flip,Application,3683481710101,NA,10.26730000000000,8.36150000000000,0.15010000000000,2.36950000000000,14.0660,140.4248,3683481609184,10.2418,10.0917,0.1501,4.1936,8.2676,8.2676,0.0000,NA,0.0000,NA,NA,NA,NA
Endfield.exe,53680,0x125AB2630,DXGI,0,512,0,Composed: Flip,Application,3683481812943,NA,10.28420000000000,8.31160000000000,0.12330000000000,3.06400000000000,12.0934,148.7364,3683481711602,10.2574,10.1341,0.1233,2.2194,10.9787,10.9787,0.0000,NA,0.0000,NA,NA,NA,NA
Endfield.exe,53680,0x125AB2630,DXGI,0,512,0,Composed: Flip,Application,3683481932004,40.4416,11.90610000000000,16.75530000000000,0.14320000000000,3.73110000000000,16.9426,124.6762,3683481814176,11.9260,11.7828,0.1432,2.9407,12.5732,12.5703,0.0029,-1.2862,33095.2207,NA,NA,NA,NA
Endfield.exe,53680,0x125AB2630,DXGI,0,512,0,Composed: Flip,Application,3683482035159,NA,10.31550000000000,8.23200000000000,0.18280000000000,4.17890000000000,14.8591,132.9082,3683481933436,10.3551,10.1723,0.1828,3.5879,10.7633,10.7461,0.0172,NA,0.0000,NA,NA,NA,NA
Endfield.exe,53680,0x125AB2630,DXGI,0,512,0,Composed: Flip,Application,3683482136443,NA,10.12840000000000,10.09620000000000,0.12430000000000,4.30280000000000,14.8269,143.0044,3683482036987,10.0699,9.9456,0.1243,3.9961,10.2523,10.2523,0.0000,NA,0.0000,NA,NA,NA,NA
Endfield.exe,53680,0x125AB2630,DXGI,0,512,0,Composed: Flip,Application,3683482239884,NA,10.34410000000000,6.60940000000000,0.14420000000000,4.12700000000000,11.0922,149.6138,3683482137686,10.3640,10.2198,0.1442,4.1785,10.1683,10.1683,0.0000,NA,0.0000,NA,NA,NA,NA
Endfield.exe,53680,0x125AB2630,DXGI,0,512,0,Composed: Flip,Application,3683482344404,41.4272,10.45200000000000,16.63090000000000,0.17850000000000,3.58350000000000,17.2711,124.8175,3683482241326,10.4863,10.3078,0.1785,3.9828,9.9085,9.9062,0.0023,-0.1413,33136.6479,NA,22.8251,NA,NA
Endfield.exe,53680,0x125AB2630,DXGI,0,512,0,Composed: Flip,Application,3683482447906,NA,10.35020000000000,8.37340000000000,0.15110000000000,4.27760000000000,15.2943,133.1909,3683482346189,10.3228,10.1717,0.1511,3.4050,11.0443,11.0301,0.0142,NA,0.0000,NA,NA,NA,NA
Endfield.exe,53680,0x125AB2630,DXGI,0,512,0,Composed: Flip,Application,3683482548214,NA,10.03080000000000,10.10730000000000,0.14490000000000,2.27500000000000,15.3708,143.2982,3683482449417,10.0246,9.8797,0.1449,4.1265,8.0282,8.0282,0.0000,NA,0.0000,NA,NA,NA,NA
Endfield.exe,53680,0x125AB2630,DXGI,0,512,0,Composed: Flip,Application,3683482651407,NA,10.31930000000000,6.52200000000000,0.14820000000000,4.09050000000000,11.5735,149.8202,3683482549663,10.3226,10.1744,0.1482,2.1301,12.1348,12.1348,0.0000,NA,0.0000,NA,NA,NA,NA
Endfield.exe,53680,0x125AB2630,DXGI,0,512,0,Composed: Flip,Application,3683482757265,42.6459,10.58580000000000,18.45010000000000,0.13800000000000,3.72520000000000,19.4378,125.6244,3683482652889,10.5756,10.4376,0.1380,3.9423,10.2205,10.2181,0.0024,-0.8069,33179.2938,NA,22.2829,NA,NA
Endfield.exe,53680,0x125AB2630,DXGI,0,512,0,Composed: Flip,Application,3683482861505,NA,10.42400000000000,14.93840000000000,0.16490000000000,4.04940000000000,23.9522,140.5628,3683482758645,10.4509,10.2860,0.1649,3.5872,10.7482,10.7298,0.0184,NA,0.0000,NA,NA,NA,NA
Endfield.exe,53680,0x125AB2630,DXGI,0,512,0,Composed: Flip,Application,3683482963796,NA,10.22910000000000,1.72730000000000,0.18430000000000,4.14030000000000,15.4504,142.2901,3683482863154,10.2485,10.0642,0.1843,3.8845,10.3200,10.3200,0.0000,NA,0.0000,NA,NA,NA,NA
Endfield.exe,53680,0x125AB2630,DXGI,0,512,0,Composed: Flip,Application,3683483065639,NA,10.18430000000000,6.55800000000000,0.13050000000000,4.19650000000000,11.8241,148.8481,3683482965639,10.1305,10.0000,0.1305,3.9560,10.2405,10.2405,0.0000,NA,0.0000,NA,NA,NA,NA
Endfield.exe,53680,0x125AB2630,DXGI,0,512,0,Composed: Flip,Application,3683483174504,41.4237,10.88650000000000,18.42850000000000,0.13220000000000,3.91910000000000,19.3661,125.8529,3683483066944,10.8882,10.7560,0.1322,4.0660,10.6091,10.6073,0.0018,-0.2285,33220.7175,NA,36.9313,NA,NA
Endfield.exe,53680,0x125AB2630,DXGI,0,512,0,Composed: Flip,Application,3683483276672,NA,10.21680000000000,6.56280000000000,0.18380000000000,4.19580000000000,15.7121,132.4157,3683483175826,10.2684,10.0846,0.1838,3.7869,10.4935,10.4760,0.0175,NA,0.0000,NA,NA,NA,NA
Endfield.exe,53680,0x125AB2630,DXGI,0,512,0,Composed: Flip,Application,3683483379649,NA,10.29770000000000,8.33860000000000,0.15390000000000,4.78250000000000,13.7530,140.7543,3683483278510,10.2678,10.1139,0.1539,4.0120,10.8844,10.8844,0.0000,NA,0.0000,NA,NA,NA,NA
Endfield.exe,53680,0x125AB2630,DXGI,0,512,0,Composed: Flip,Application,3683483483164,NA,10.35150000000000,8.34590000000000,0.11490000000000,2.72480000000000,11.7474,149.1002,3683483381188,10.3125,10.1976,0.1149,4.6286,8.2938,8.2938,0.0000,NA,0.0000,NA,NA,NA,NA
Endfield.exe,53680,0x125AB2630,DXGI,0,512,0,Composed: Flip,Application,3683483584340,41.3844,10.11760000000000,18.41910000000000,0.17170000000000,3.78810000000000,20.0489,126.1349,3683483484313,10.1744,10.0027,0.1717,2.6099,11.1809,11.1794,0.0015,-0.2820,33262.1019,NA,NA,NA,NA
Endfield.exe,53680,0x125AB2630,DXGI,0,512,0,Composed: Flip,Application,3683483689184,NA,10.48440000000000,6.64070000000000,0.19220000000000,4.20590000000000,16.2052,132.7756,3683483586057,10.5049,10.3127,0.1922,3.6164,10.9022,10.8870,0.0152,NA,0.0000,NA,NA,NA,NA
Endfield.exe,53680,0x125AB2630,DXGI,0,512,0,Composed: Flip,Application,3683483790485,NA,10.13010000000000,8.25830000000000,0.13530000000000,4.86830000000000,14.3334,141.0339,3683483691106,10.0732,9.9379,0.1353,4.0137,10.7925,10.7925,0.0000,NA,0.0000,NA,NA,NA,NA
Endfield.exe,53680,0x125AB2630,DXGI,0,512,0,Composed: Flip,Application,3683483895951,NA,10.54660000000000,8.33600000000000,0.15320000000000,3.28780000000000,12.1228,149.3699,3683483791838,10.5645,10.4113,0.1532,4.7330,8.9661,8.9661,0.0000,NA,0.0000,NA,NA,NA,NA
Endfield.exe,53680,0x125AB2630,DXGI,0,512,0,Composed: Flip,Application,3683484004355,40.6875,10.84040000000000,10.10310000000000,0.15410000000000,3.62650000000000,11.3855,118.7855,3683483897483,10.8413,10.6872,0.1541,3.1346,11.1791,11.1782,0.0009,7.3494,33302.7894,NA,NA,NA,NA
Endfield.exe,53680,0x125AB2630,DXGI,0,512,0,Composed: Flip,Application,3683484107950,NA,10.35950000000000,14.90860000000000,0.16290000000000,4.20940000000000,15.9346,133.6941,3683484005896,10.3683,10.2054,0.1629,3.4724,10.9424,10.9250,0.0174,NA,0.0000,NA,NA,NA,NA
Endfield.exe,53680,0x125AB2630,DXGI,0,512,0,Composed: Flip,Application,3683484210021,NA,10.20710000000000,10.08670000000000,0.16990000000000,4.80640000000000,15.8142,143.7808,3683484109579,10.2141,10.0442,0.1699,4.0465,10.8041,10.8041,0.0000,NA,0.0000,NA,NA,NA,NA
Endfield.exe,53680,0x125AB2630,DXGI,0,512,0,Composed: Flip,Application,3683484314858,NA,10.48370000000000,6.57610000000000,0.14420000000000,4.16700000000000,11.9066,150.3569,3683484211720,10.4580,10.3138,0.1442,4.6365,9.8443,9.8443,0.0000,NA,0.0000,NA,NA,NA,NA
Endfield.exe,53680,0x125AB2630,DXGI,0,512,0,Composed: Flip,Application,3683484416623,41.6431,10.17650000000000,18.42290000000000,0.14220000000000,3.69330000000000,20.1530,127.1367,3683484316300,10.1745,10.0323,0.1422,4.0228,9.7028,9.7019,0.0009,-8.3512,33344.4325,NA,28.9138,NA,NA
Endfield.exe,53680,0x125AB2630,DXGI,0,512,0,Composed: Flip,Application,3683484518899,NA,10.22760000000000,6.56620000000000,0.15490000000000,4.41310000000000,16.4916,133.7029,3683484418045,10.2403,10.0854,0.1549,3.5511,10.9474,10.9350,0.0124,NA,0.0000,NA,NA,NA,NA
Endfield.exe,53680,0x125AB2630,DXGI,0,512,0,Composed: Flip,Application,3683484638777,NA,11.98780000000000,8.33440000000000,0.16810000000000,3.24190000000000,12.8382,142.0373,3683484520448,12.0010,11.8329,0.1681,4.2582,10.8166,10.8166,0.0000,NA,0.0000,NA,NA,NA,NA
Endfield.exe,53680,0x125AB2630,DXGI,0,512,0,Composed: Flip,Application,3683484725015,NA,8.62380000000000,10.12580000000000,0.12110000000000,3.26990000000000,14.3402,152.1631,3683484640458,8.5768,8.4557,0.1211,3.0738,8.6518,8.6518,0.0000,NA,0.0000,NA,NA,NA,NA
Endfield.exe,53680,0x125AB2630,DXGI,0,512,0,Composed: Flip,Application,3683484828769,40.8057,10.37540000000000,6.54640000000000,0.14810000000000,3.61140000000000,10.5112,116.9435,3683484726226,10.4024,10.2543,0.1481,3.1488,10.7169,10.7144,0.0025,9.2329,33385.2382,NA,13.4651,NA,NA
Endfield.exe,53680,0x125AB2630,DXGI,0,512,0,Composed: Flip,Application,3683484930757,NA,10.19880000000000,16.67020000000000,0.16300000000000,4.20740000000000,16.9826,133.6137,3683484830250,10.2137,10.0507,0.1630,3.4633,10.7948,10.7820,0.0128,NA,0.0000,NA,NA,NA,NA
Endfield.exe,53680,0x125AB2630,DXGI,0,512,0,Composed: Flip,Application,3683485033711,NA,10.29540000000000,8.31800000000000,0.13440000000000,4.23910000000000,15.0052,141.9317,3683484932387,10.2668,10.1324,0.1344,4.0444,10.3271,10.3271,0.0000,NA,0.0000,NA,NA,NA,NA
Endfield.exe,53680,0x125AB2630,DXGI,0,512,0,Composed: Flip,Application,3683485137695,NA,10.39840000000000,10.14010000000000,0.15060000000000,4.12690000000000,14.7469,152.0718,3683485035055,10.4146,10.2640,0.1506,4.1047,10.2862,10.2862,0.0000,NA,0.0000,NA,NA,NA,NA
Endfield.exe,53680,0x125AB2630,DXGI,0,512,0,Composed: Flip,Application,3683485236626,41.6849,9.89310000000000,6.60070000000000,0.20710000000000,3.84830000000000,11.4545,116.9876,3683485139201,9.9496,9.7425,0.2071,3.9763,9.6145,9.6135,0.0010,-0.0441,33426.9231,NA,14.2278,NA,NA
Endfield.exe,53680,0x125AB2630,DXGI,0,512,0,Composed: Flip,Application,3683485340787,NA,10.41610000000000,8.31720000000000,0.18900000000000,2.82650000000000,9.3556,125.3048,3683485238697,10.3980,10.2090,0.1890,3.6412,9.3943,9.3821,0.0122,NA,0.0000,NA,NA,NA,NA
Endfield.exe,53680,0x125AB2630,DXGI,0,512,0,Composed: Flip,Application,3683485441946,NA,10.11590000000000,18.40320000000000,0.16450000000000,4.20050000000000,17.6429,143.7080,3683485342677,10.0914,9.9269,0.1645,2.6375,11.4899,11.4899,0.0000,NA,0.0000,NA,NA,NA,NA
Endfield.exe,53680,0x125AB2630,DXGI,0,512,0,Composed: Flip,Application,3683485544682,NA,10.27360000000000,6.55930000000000,0.12230000000000,4.04460000000000,13.9286,150.2673,3683485443591,10.2314,10.1091,0.1223,4.0360,10.1177,10.1177,0.0000,NA,0.0000,NA,NA,NA,NA
Endfield.exe,53680,0x125AB2630,DXGI,0,512,0,Composed: Flip,Application,3683485658584,42.8674,11.39020000000000,10.10840000000000,0.24870000000000,3.85750000000000,12.6468,117.5083,3683485545905,11.5166,11.2679,0.2487,3.9223,11.2031,11.2023,0.0008,-0.5207,33469.7905,NA,18.5773,NA,NA
Endfield.exe,53680,0x125AB2630,DXGI,0,512,0,Composed: Flip,Application,3683485762587,NA,10.40030000000000,14.89540000000000,0.32230000000000,4.13820000000000,17.1419,132.4037,3683485661071,10.4739,10.1516,0.3223,3.6088,10.6810,10.6658,0.0152,NA,0.0000,NA,NA,NA,NA
Endfield.exe,53680,0x125AB2630,DXGI,0,512,0,Composed: Flip,Application,3683485864901,NA,10.23140000000000,8.31890000000000,0.13160000000000,4.20440000000000,15.2294,140.7226,3683485765810,10.0407,9.9091,0.1316,3.8159,10.2976,10.2976,0.0000,NA,0.0000,NA,NA,NA,NA
Endfield.exe,53680,0x125AB2630,DXGI,0,512,0,Composed: Flip,Application,3683485968058,NA,10.31570000000000,8.39750000000000,0.12780000000000,3.89410000000000,13.3112,149.1201,3683485866217,10.3119,10.1841,0.1278,4.0728,10.0054,10.0054,0.0000,NA,0.0000,NA,NA,NA,NA
Endfield.exe,53680,0x125AB2630,DXGI,0,512,0,Composed: Flip,Application,3683486059304,40.0436,9.12460000000000,8.28790000000000,0.14820000000000,2.38080000000000,12.4745,116.4567,3683485969336,9.1450,8.9968,0.1482,3.7663,7.6113,7.6088,0.0025,0.1439,33509.8341,NA,15.5043,NA,NA
Endfield.exe,53680,0x125AB2630,DXGI,0,512,0,Composed: Flip,Application,3683486162531,NA,10.32270000000000,10.12760000000000,0.15730000000000,3.01010000000000,12.2794,126.5843,3683486060786,10.3318,10.1745,0.1573,2.2326,10.9520,10.9432,0.0088,NA,0.0000,NA,NA,NA,NA
Endfield.exe,53680,0x125AB2630,DXGI,0,512,0,Composed: Flip,Application,3683486265085,NA,10.25540000000000,14.85800000000000,0.16170000000000,4.16160000000000,16.8820,141.4423,3683486164104,10.2598,10.0981,0.1617,2.8528,11.4069,11.4069,0.0000,NA,0.0000,NA,NA,NA,NA
Endfield.exe,53680,0x125AB2630,DXGI,0,512,0,Composed: Flip,Application,3683486368371,NA,10.32860000000000,10.11240000000000,0.14370000000000,4.92190000000000,16.6658,151.5547,3683486266702,10.3106,10.1669,0.1437,3.9999,11.0889,11.0889,0.0000,NA,0.0000,NA,NA,NA,NA
Endfield.exe,53680,0x125AB2630,DXGI,0,512,0,Composed: Flip,Application,3683486468168,41.5360,9.97970000000000,6.65180000000000,0.14450000000000,3.92260000000000,13.3379,116.6705,3683486369808,9.9805,9.8360,0.1445,4.7782,8.9804,8.9777,0.0027,-0.2138,33551.3701,NA,17.2527,NA,NA
Endfield.exe,53680,0x125AB2630,DXGI,0,512,0,Composed: Flip,Application,3683486573389,NA,10.52210000000000,8.22670000000000,0.17660000000000,4.09290000000000,11.0425,124.8972,3683486469613,10.5542,10.3776,0.1766,3.7781,10.6924,10.6808,0.0116,NA,0.0000,NA,NA,NA,NA
Endfield.exe,53680,0x125AB2630,DXGI,0,512,0,Composed: Flip,Application,3683486673311,NA,9.99220000000000,16.71230000000000,0.17110000000000,4.24700000000000,17.7626,141.6095,3683486575155,9.9867,9.8156,0.1711,3.9163,10.1463,10.1463,0.0000,NA,0.0000,NA,NA,NA,NA
Endfield.exe,53680,0x125AB2630,DXGI,0,512,0,Composed: Flip,Application,3683486776461,NA,10.31500000000000,8.29390000000000,0.12690000000000,3.61240000000000,15.7415,149.9034,3683486675022,10.2708,10.1439,0.1269,4.0759,9.6804,9.6804,0.0000,NA,0.0000,NA,NA,NA,NA
Endfield.exe,53680,0x125AB2630,DXGI,0,512,0,Composed: Flip,Application,3683486881853,40.8882,10.53920000000000,8.34010000000000,0.18980000000000,3.91770000000000,13.5424,117.3553,3683486777730,10.6021,10.4123,0.1898,3.4855,10.8445,10.8436,0.0009,-0.6848,33592.2583,NA,16.8274,NA,NA
Endfield.exe,53680,0x125AB2630,DXGI,0,512,0,Composed: Flip,Application,3683486982523,NA,10.06700000000000,8.33660000000000,0.19800000000000,3.07570000000000,11.8120,125.6919,3683486883751,10.0752,9.8772,0.1980,3.7279,9.2250,9.2097,0.0153,NA,0.0000,NA,NA,NA,NA
Endfield.exe,53680,0x125AB2630,DXGI,0,512,0,Composed: Flip,Application,3683487084353,NA,10.18300000000000,16.64440000000000,0.17210000000000,3.69960000000000,18.2734,142.3363,3683486984503,10.1571,9.9850,0.1721,2.8777,10.8069,10.8069,0.0000,NA,0.0000,NA,NA,NA,NA
Endfield.exe,53680,0x125AB2630,DXGI,0,512,0,Composed: Flip,Application,3683487188602,NA,10.42490000000000,8.39950000000000,0.18910000000000,3.92270000000000,16.2480,150.7358,3683487086074,10.4419,10.2528,0.1891,3.5275,10.6480,10.6480,0.0000,NA,0.0000,NA,NA,NA,NA
Endfield.exe,53680,0x125AB2630,DXGI,0,512,0,Composed: Flip,Application,3683487302014,40.8930,11.34120000000000,10.07760000000000,0.18690000000000,4.64270000000000,14.9844,119.9204,3683487190493,11.3390,11.1521,0.1869,3.7336,12.0612,12.0586,0.0026,-2.5651,33633.1513,NA,23.2785,NA,NA
Endfield.exe,53680,0x125AB2630,DXGI,0,512,0,Composed: Flip,Application,3683487403050,NA,10.10360000000000,6.52810000000000,0.24270000000000,2.80790000000000,11.4089,126.4485,3683487303883,10.1594,9.9167,0.2427,4.4558,8.2688,8.2552,0.0136,NA,0.0000,NA,NA,NA,NA
Endfield.exe,53680,0x125AB2630,DXGI,0,512,0,Composed: Flip,Application,3683487505246,NA,10.21960000000000,18.47500000000000,0.21110000000000,4.16750000000000,19.6643,144.9235,3683487405477,10.1880,9.9769,0.2111,2.5652,11.5792,11.5792,0.0000,NA,0.0000,NA,NA,NA,NA
Endfield.exe,53680,0x125AB2630,DXGI,0,512,0,Composed: Flip,Application,3683487607402,NA,10.21560000000000,6.52170000000000,0.14490000000000,4.24500000000000,15.9704,151.4452,3683487507357,10.1494,10.0045,0.1449,3.9564,10.2931,10.2931,0.0000,NA,0.0000,NA,NA,NA,NA
Endfield.exe,53680,0x125AB2630,DXGI,0,512,0,Composed: Flip,Application,3683487702450,44.5174,9.50480000000000,10.12520000000000,0.21120000000000,3.67480000000000,16.5908,117.0530,3683487608851,9.5711,9.3599,0.2112,4.1001,8.9346,8.9319,0.0027,2.8674,33677.6687,NA,31.9356,NA,NA
Endfield.exe,53680,0x125AB2630,DXGI,0,512,0,Composed: Flip,Application,3683487805182,NA,10.27320000000000,6.67550000000000,0.18640000000000,4.40850000000000,12.9931,123.7285,3683487704562,10.2484,10.0620,0.1864,3.4636,11.0069,10.9929,0.0140,NA,0.0000,NA,NA,NA,NA
Endfield.exe,53680,0x125AB2630,DXGI,0,512,0,Composed: Flip,Application,3683487906093,NA,10.09110000000000,8.21370000000000,0.25740000000000,2.31510000000000,11.1157,131.9422,3683487807046,10.1621,9.9047,0.2574,4.2221,7.9977,7.9977,0.0000,NA,0.0000,NA,NA,NA,NA
Endfield.exe,53680,0x125AB2630,DXGI,0,512,0,Composed: Flip,Application,3683488009781,NA,10.36880000000000,10.10440000000000,0.16530000000000,4.01560000000000,10.8513,142.0466,3683487908667,10.2767,10.1114,0.1653,2.0577,12.0693,12.0693,0.0000,NA,0.0000,NA,NA,NA,NA
Endfield.exe,53680,0x125AB2630,DXGI,0,512,0,Composed: Flip,Application,3683488114939,38.8581,10.51580000000000,16.69730000000000,0.16080000000000,3.71800000000000,17.0328,119.8858,3683488011434,10.5113,10.3505,0.1608,3.8503,10.2182,10.2151,0.0031,-2.8328,33716.5268,NA,19.6115,NA,NA
Endfield.exe,53680,0x125AB2630,DXGI,0,512,0,Composed: Flip,Application,3683488218606,NA,10.36670000000000,6.54400000000000,0.23290000000000,3.89450000000000,13.2101,126.4298,3683488116547,10.4388,10.2059,0.2329,3.5572,10.5432,10.5317,0.0115,NA,0.0000,NA,NA,NA,NA
Endfield.exe,53680,0x125AB2630,DXGI,0,512,0,Composed: Flip,Application,3683488319515,NA,10.09090000000000,8.31640000000000,0.16550000000000,3.10980000000000,11.4356,134.7462,3683488220935,10.0235,9.8580,0.1655,3.6616,9.3062,9.3062,0.0000,NA,0.0000,NA,NA,NA,NA
Endfield.exe,53680,0x125AB2630,DXGI,0,512,0,Composed: Flip,Application,3683488424672,NA,10.51570000000000,10.12370000000000,0.20710000000000,3.02810000000000,11.0436,144.8699,3683488321170,10.5573,10.3502,0.2071,2.9443,10.4340,10.4340,0.0000,NA,0.0000,NA,NA,NA,NA
Endfield.exe,53680,0x125AB2630,DXGI,0,512,0,Composed: Flip,Application,3683488520951,40.0829,9.62790000000000,16.65060000000000,0.23540000000000,3.63870000000000,18.0663,121.4376,3683488426743,9.6562,9.4208,0.2354,2.8210,10.2385,10.2361,0.0024,-1.5518,33756.6097,NA,25.2551,NA,NA
Endfield.exe,53680,0x125AB2630,DXGI,0,512,0,Composed: Flip,Application,3683488624462,NA,10.35110000000000,14.93070000000000,0.26930000000000,4.15660000000000,22.6459,136.3683,3683488523305,10.3850,10.1157,0.2693,3.4033,10.8690,10.8562,0.0128,NA,0.0000,NA,NA,NA,NA
Endfield.exe,53680,0x125AB2630,DXGI,0,512,0,Composed: Flip,Application,3683488726705,NA,10.22430000000000,1.75070000000000,0.20320000000000,3.86800000000000,14.1723,138.1190,3683488627155,10.1582,9.9550,0.2032,3.8873,9.9357,9.9357,0.0000,NA,0.0000,NA,NA,NA,NA
Endfield.exe,53680,0x125AB2630,DXGI,0,512,0,Composed: Flip,Application,3683488831209,NA,10.45040000000000,6.55220000000000,0.17480000000000,3.75030000000000,10.2741,144.6712,3683488728737,10.4220,10.2472,0.1748,3.6648,10.3327,10.3327,0.0000,NA,0.0000,NA,NA,NA,NA
Endfield.exe,53680,0x125AB2630,DXGI,0,512,0,Composed: Flip,Application,3683488933177,41.3815,10.19680000000000,16.69560000000000,0.21630000000000,3.50690000000000,16.7729,119.7589,3683488832957,10.2383,10.0220,0.2163,3.5755,9.9534,9.9510,0.0024,1.4523,33797.9912,NA,20.1910,NA,NA
Endfield.exe,53680,0x125AB2630,DXGI,0,512,0,Composed: Flip,Application,3683489036811,NA,10.36340000000000,10.08080000000000,0.23530000000000,4.03710000000000,16.4903,129.8397,3683488935340,10.3824,10.1471,0.2353,3.2906,10.8936,10.8767,0.0169,NA,0.0000,NA,NA,NA,NA
Endfield.exe,53680,0x125AB2630,DXGI,0,512,0,Composed: Flip,Application,3683489136332,NA,9.95210000000000,6.53110000000000,0.19220000000000,3.36120000000000,13.0693,136.3708,3683489039164,9.9090,9.7168,0.1922,3.8018,9.2762,9.2762,0.0000,NA,0.0000,NA,NA,NA,NA
Endfield.exe,53680,0x125AB2630,DXGI,0,512,0,Composed: Flip,Application,3683489240546,NA,10.42140000000000,10.19310000000000,0.16400000000000,2.25620000000000,12.8410,146.5639,3683489138254,10.3932,10.2292,0.1640,3.1690,9.3164,9.3164,0.0000,NA,0.0000,NA,NA,NA,NA
Endfield.exe,53680,0x125AB2630,DXGI,0,512,0,Composed: Flip,Application,3683489332593,40.4660,9.20470000000000,6.49070000000000,0.20320000000000,3.62960000000000,10.1270,112.5886,3683489242186,9.2439,9.0407,0.2032,2.0922,10.5781,10.5759,0.0022,7.1703,33838.4572,NA,24.4770,NA,NA
Endfield.exe,53680,0x125AB2630,DXGI,0,512,0,Composed: Flip,Application,3683489434469,NA,10.18760000000000,18.44630000000000,0.20600000000000,2.83760000000000,18.3857,131.0349,3683489334625,10.1904,9.9844,0.2060,3.4264,9.3956,9.3783,0.0173,NA,0.0000,NA,NA,NA,NA
Endfield.exe,53680,0x125AB2630,DXGI,0,512,0,Composed: Flip,Application,3683489536973,NA,10.25040000000000,6.54960000000000,0.23510000000000,4.00500000000000,14.6849,137.5845,3683489436529,10.2795,10.0444,0.2351,2.6316,11.4178,11.4178,0.0000,NA,0.0000,NA,NA,NA,NA
Endfield.exe,53680,0x125AB2630,DXGI,0,512,0,Composed: Flip,Application,3683489638704,NA,10.17310000000000,8.33830000000000,0.18330000000000,4.36300000000000,12.8501,145.9228,3683489539324,10.1213,9.9380,0.1833,3.7699,10.5311,10.5311,0.0000,NA,0.0000,NA,NA,NA,NA
Endfield.exe,53680,0x125AB2630,DXGI,0,512,0,Composed: Flip,Application,3683489750736,41.1146,11.20320000000000,10.11620000000000,0.24430000000000,3.04750000000000,11.7631,114.9244,3683489640537,11.2642,11.0199,0.2443,4.1797,9.8877,9.8852,0.0025,-2.3358,33879.5718,NA,17.9594,NA,NA
Endfield.exe,53680,0x125AB2630,DXGI,0,512,0,Composed: Flip,Application,3683489848634,NA,9.78980000000000,14.88170000000000,0.19180000000000,3.97060000000000,16.8550,129.8061,3683489753179,9.7373,9.5455,0.1918,2.8032,10.7129,10.6967,0.0162,NA,0.0000,NA,NA,NA,NA
Endfield.exe,53680,0x125AB2630,DXGI,0,512,0,Composed: Flip,Application,3683489947324,NA,9.86900000000000,8.30920000000000,0.17770000000000,4.14510000000000,15.2952,138.1153,3683489850552,9.8549,9.6772,0.1777,3.7788,10.0435,10.0435,0.0000,NA,0.0000,NA,NA,NA,NA
Endfield.exe,53680,0x125AB2630,DXGI,0,512,0,Composed: Flip,Application,3683490049844,NA,10.25200000000000,8.33930000000000,0.14070000000000,4.15410000000000,13.3825,146.4546,3683489949101,10.2150,10.0743,0.1407,3.9674,10.2610,10.2610,0.0000,NA,0.0000,NA,NA,NA,NA
Endfield.exe,53680,0x125AB2630,DXGI,0,512,0,Composed: Flip,Application,3683490144598,39.9291,9.47540000000000,8.33510000000000,0.33760000000000,2.13700000000000,12.2422,114.8606,3683490051251,9.6723,9.3347,0.3376,4.0134,7.4583,7.4557,0.0026,0.0638,33919.5009,NA,NA,NA,NA
Endfield.exe,53680,0x125AB2630,DXGI,0,512,0,Composed: Flip,Application,3683490246758,NA,10.21600000000000,10.13170000000000,0.20010000000000,2.81360000000000,12.1579,124.9923,3683490147974,10.0785,9.8784,0.2001,1.7994,10.8926,10.8825,0.0101,NA,0.0000,NA,NA,NA,NA
Endfield.exe,53680,0x125AB2630,DXGI,0,512,0,Composed: Flip,Application,3683490347848,NA,10.10900000000000,14.89020000000000,0.37450000000000,4.18570000000000,16.9391,139.8825,3683490248759,10.2834,9.9089,0.3745,2.6135,11.4811,11.4811,0.0000,NA,0.0000,NA,NA,NA,NA
Endfield.exe,53680,0x125AB2630,DXGI,0,512,0,Composed: Flip,Application,3683490456061,NA,10.82130000000000,8.33540000000000,0.33630000000000,3.31290000000000,14.4532,148.2179,3683490351593,10.7831,10.4468,0.3363,3.8112,9.9485,9.9485,0.0000,NA,0.0000,NA,NA,NA,NA
Endfield.exe,53680,0x125AB2630,DXGI,0,512,0,Composed: Flip,Application,3683490552290,40.5935,9.62290000000000,NA,0.25150000000000,6.85290000000000,NA,NA,3683490459424,9.5381,9.2866,0.2515,2.9766,13.1629,13.1594,0.0035,NA,NA,NA,NA,NA,NA
Endfield.exe,53680,0x125AB2630,DXGI,0,512,0,Composed: Flip,Application,3683490656174,NA,10.38840000000000,16.66710000000000,0.21670000000000,4.01670000000000,11.1090,124.2915,3683490554805,10.3536,10.1369,0.2167,6.6014,7.5522,7.5461,0.0061,NA,0.0000,NA,NA,NA,NA
Endfield.exe,53680,0x125AB2630,DXGI,0,512,0,Composed: Flip,Application,3683490751754,NA,9.55800000000000,10.13850000000000,0.22290000000000,3.98770000000000,11.6895,134.4300,3683490658341,9.5642,9.3413,0.2229,3.8000,9.5290,9.5290,0.0000,NA,0.0000,NA,48.9837,NA,NA
Endfield.exe,53680,0x125AB2630,DXGI,0,512,0,Composed: Flip,Application,3683490853931,NA,10.21770000000000,14.86700000000000,0.16780000000000,4.73730000000000,16.3388,149.2970,3683490753983,10.1626,9.9948,0.1678,3.7648,10.9673,10.9673,0.0000,NA,0.0000,NA,NA,NA,NA
Endfield.exe,53680,0x125AB2630,DXGI,0,512,0,Composed: Flip,Application,3683490949621,40.8414,9.56900000000000,10.12850000000000,0.19400000000000,4.63390000000000,16.8983,120.5457,3683490855609,9.5952,9.4012,0.1940,4.5695,9.4656,9.4622,0.0034,-3.7235,34000.9358,NA,NA,NA,NA
Endfield.exe,53680,0x125AB2630,DXGI,0,512,0,Composed: Flip,Application,3683491052686,NA,10.30650000000000,14.86780000000000,0.35820000000000,2.66420000000000,21.4596,135.4135,3683490951561,10.4707,10.1125,0.3582,4.4399,8.3368,8.3231,0.0137,NA,0.0000,NA,NA,NA,NA
Endfield.exe,53680,0x125AB2630,DXGI,0,512,0,Composed: Flip,Application,3683491151400,NA,9.87140000000000,1.78350000000000,0.29160000000000,4.32260000000000,13.3717,137.1970,3683491056268,9.8048,9.5132,0.2916,2.3060,11.5298,11.5298,0.0000,NA,0.0000,NA,NA,NA,NA
Endfield.exe,53680,0x125AB2630,DXGI,0,512,0,Composed: Flip,Application,3683491252321,NA,10.09210000000000,14.87450000000000,0.22720000000000,4.10400000000000,18.1541,152.0715,3683491154316,10.0277,9.8005,0.2272,4.0310,9.8735,9.8735,0.0000,NA,0.0000,NA,NA,NA,NA
Endfield.exe,53680,0x125AB2630,DXGI,0,512,0,Composed: Flip,Application,3683491355796,54.4130,10.34750000000000,8.34010000000000,0.24140000000000,4.12060000000000,16.1467,105.9986,3683491254593,10.3617,10.1203,0.2414,3.8768,10.3641,10.3617,0.0024,14.5471,34055.3488,NA,17.8200,NA,NA
Endfield.exe,53680,0x125AB2630,DXGI,0,512,0,Composed: Flip,Application,3683491455607,NA,9.98110000000000,8.31960000000000,0.28190000000000,3.09580000000000,14.4852,114.3182,3683491358210,10.0216,9.7397,0.2819,3.8792,8.9563,8.9402,0.0161,NA,0.0000,NA,NA,NA,NA
Endfield.exe,53680,0x125AB2630,DXGI,0,512,0,Composed: Flip,Application,3683491559687,NA,10.40800000000000,8.33450000000000,0.23320000000000,3.92020000000000,12.4117,122.6527,3683491458426,10.3593,10.1261,0.2332,2.8139,11.2324,11.2324,0.0000,NA,0.0000,NA,NA,NA,NA
Endfield.exe,53680,0x125AB2630,DXGI,0,512,0,Composed: Flip,Application,3683491657279,NA,9.75920000000000,8.33140000000000,0.23890000000000,3.95760000000000,10.9839,130.9841,3683491562019,9.7649,9.5260,0.2389,3.6870,9.7966,9.7966,0.0000,NA,0.0000,NA,NA,NA,NA
Endfield.exe,53680,0x125AB2630,DXGI,0,512,0,Composed: Flip,Application,3683491767890,25.9103,11.06110000000000,16.67350000000000,0.22130000000000,3.86870000000000,16.5963,121.7473,3683491659668,11.0435,10.8222,0.2213,3.7187,10.9722,10.9714,0.0008,-15.7487,34081.2591,NA,18.0156,NA,NA
Endfield.exe,53680,0x125AB2630,DXGI,0,512,0,Composed: Flip,Application,3683491862981,NA,9.50910000000000,8.33880000000000,0.24080000000000,4.62920000000000,15.4260,130.0861,3683491770103,9.5286,9.2878,0.2408,3.6474,10.2696,10.2507,0.0189,NA,0.0000,NA,19.9690,NA,NA
Endfield.exe,53680,0x125AB2630,DXGI,0,512,0,Composed: Flip,Application,3683491966313,NA,10.33320000000000,8.40620000000000,0.18820000000000,4.32310000000000,13.4990,138.4923,3683491865389,10.2806,10.0924,0.1882,4.3884,10.0271,10.0271,0.0000,NA,0.0000,NA,NA,NA,NA
Endfield.exe,53680,0x125AB2630,DXGI,0,512,0,Composed: Flip,Application,3683492072526,NA,10.62130000000000,8.26020000000000,0.63080000000000,2.98320000000000,11.1379,146.7525,3683491968195,11.0639,10.4331,0.6308,4.1349,9.2814,9.2814,0.0000,NA,0.0000,NA,NA,NA,NA
Endfield.exe,53680,0x125AB2630,DXGI,0,512,0,Composed: Flip,Application,3683492172316,42.3608,9.97900000000000,16.67020000000000,0.80680000000000,5.06940000000000,17.8291,121.0619,3683492078834,10.1550,9.3482,0.8068,2.3524,12.0652,12.0641,0.0011,0.6854,34123.6199,NA,26.6404,NA,NA
Endfield.exe,53680,0x125AB2630,DXGI,0,512,0,Composed: Flip,Application,3683492271841,NA,9.95250000000000,8.31990000000000,0.23200000000000,3.26230000000000,16.1965,129.3818,3683492180384,9.3777,9.1457,0.2320,4.2626,8.1454,8.1329,0.0125,NA,0.0000,NA,19.3997,NA,NA
Endfield.exe,53680,0x125AB2630,DXGI,0,512,0,Composed: Flip,Application,3683492373276,NA,10.14350000000000,8.33290000000000,0.21100000000000,3.41560000000000,14.3859,137.7147,3683492274161,10.1225,9.9115,0.2110,3.0303,10.2968,10.2968,0.0000,NA,0.0000,NA,20.1358,NA,NA
Endfield.exe,53680,0x125AB2630,DXGI,0,512,0,Composed: Flip,Application,3683492476405,NA,10.31290000000000,8.34150000000000,0.24640000000000,3.20160000000000,12.4145,146.0562,3683492375386,10.3483,10.1019,0.2464,3.2046,10.0989,10.0989,0.0000,NA,0.0000,NA,NA,NA,NA
Endfield.exe,53680,0x125AB2630,DXGI,0,512,0,Composed: Flip,Application,3683492578913,48.4067,10.25080000000000,8.32710000000000,0.22660000000000,3.86290000000000,10.4908,105.9766,3683492478869,10.2310,10.0044,0.2266,2.9552,10.9121,10.9111,0.0010,15.0853,34172.0266,NA,15.3619,NA,NA
Endfield.exe,53680,0x125AB2630,DXGI,0,512,0,Composed: Flip,Application,3683492681881,NA,10.29680000000000,16.68200000000000,0.29420000000000,2.79050000000000,16.8760,122.6586,3683492581179,10.3644,10.0702,0.2942,3.6363,9.2244,9.2066,0.0178,NA,0.0000,NA,NA,NA,NA
Endfield.exe,53680,0x125AB2630,DXGI,0,512,0,Composed: Flip,Application,3683492781706,NA,9.98250000000000,8.31580000000000,0.24820000000000,2.65210000000000,15.2093,130.9744,3683492684823,9.9365,9.6883,0.2482,2.4963,9.8441,9.8441,0.0000,NA,0.0000,NA,NA,NA,NA
Endfield.exe,53680,0x125AB2630,DXGI,0,512,0,Composed: Flip,Application,3683492883976,NA,10.22700000000000,8.35900000000000,0.33180000000000,2.73930000000000,13.3413,139.3334,3683492784188,10.3106,9.9788,0.3318,2.4039,10.3142,10.3142,0.0000,NA,0.0000,NA,NA,NA,NA
Endfield.exe,53680,0x125AB2630,DXGI,0,512,0,Composed: Flip,Application,3683492988810,52.5169,10.48340000000000,8.29710000000000,0.35930000000000,1.92860000000000,11.1550,95.1136,3683492887294,10.5109,10.1516,0.3593,2.4075,9.6727,9.6713,0.0014,10.8630,34224.5435,NA,14.1565,NA,NA
Endfield.exe,53680,0x125AB2630,DXGI,0,512,0,Composed: Flip,Application,3683493088868,NA,10.00580000000000,16.68050000000000,0.26600000000000,3.14890000000000,17.8297,111.7941,3683492992403,9.9125,9.6465,0.2660,1.5693,11.2261,11.2124,0.0137,NA,0.0000,NA,NA,NA,NA
Endfield.exe,53680,0x125AB2630,DXGI,0,512,0,Composed: Flip,Application,3683493193210,NA,10.43420000000000,8.32960000000000,0.25450000000000,2.14650000000000,15.7251,120.1237,3683493091528,10.4227,10.1682,0.2545,2.8829,9.4318,9.4318,0.0000,NA,0.0000,NA,NA,NA,NA
Endfield.exe,53680,0x125AB2630,DXGI,0,512,0,Composed: Flip,Application,3683493291420,NA,9.82100000000000,8.34630000000000,0.20570000000000,4.51740000000000,14.2504,128.4700,3683493195755,9.7722,9.5665,0.2057,1.8920,12.1919,12.1919,0.0000,NA,0.0000,NA,NA,NA,NA
Endfield.exe,53680,0x125AB2630,DXGI,0,512,0,Composed: Flip,Application,3683493412438,19.6069,12.10180000000000,8.32740000000000,0.22350000000000,3.68700000000000,10.4760,117.1905,3683493293477,12.1196,11.8961,0.2235,4.3117,11.2714,11.2704,0.0010,-22.0769,34244.1504,NA,13.5186,NA,NA
Endfield.exe,53680,0x125AB2630,DXGI,0,512,0,Composed: Flip,Application,3683493513799,NA,10.13610000000000,16.66870000000000,0.22870000000000,5.24560000000000,17.0086,133.8592,3683493414673,10.1413,9.9126,0.2287,3.4635,11.6947,11.6791,0.0156,NA,0.0000,NA,NA,NA,NA
Endfield.exe,53680,0x125AB2630,DXGI,0,512,0,Composed: Flip,Application,3683493615443,NA,10.16440000000000,8.33630000000000,0.25730000000000,3.88400000000000,15.1805,142.1955,3683493516086,10.1930,9.9357,0.2573,5.0169,8.8028,8.8028,0.0000,NA,0.0000,NA,NA,NA,NA
Endfield.exe,53680,0x125AB2630,DXGI,0,512,0,Composed: Flip,Application,3683493717980,NA,10.25370000000000,8.33910000000000,0.19500000000000,3.91130000000000,13.2659,150.5346,3683493618016,10.1914,9.9964,0.1950,3.6267,10.2810,10.2810,0.0000,NA,0.0000,NA,NA,NA,NA
Endfield.exe,53680,0x125AB2630,DXGI,0,512,0,Composed: Flip,Application,3683493837822,41.8241,11.98420000000000,NA,0.21210000000000,5.24130000000000,NA,NA,3683493719930,12.0013,11.7892,0.2121,3.7163,13.3142,13.3112,0.0030,NA,NA,NA,NA,NA,NA
Endfield.exe,53680,0x125AB2630,DXGI,0,512,0,Composed: Flip,Application,3683493919937,NA,8.21150000000000,16.64600000000000,0.24350000000000,2.62010000000000,9.7162,125.3565,3683493839943,8.2429,7.9994,0.2435,5.0292,5.5903,5.5761,0.0142,NA,0.0000,NA,22.8015,NA,NA
Endfield.exe,53680,0x125AB2630,DXGI,0,512,0,Composed: Flip,Application,3683494020627,NA,10.06900000000000,16.67750000000000,0.21940000000000,4.78060000000000,16.3247,142.0340,3683493922372,10.0449,9.8255,0.2194,2.3766,12.2295,12.2295,0.0000,NA,0.0000,NA,NA,NA,NA
Endfield.exe,53680,0x125AB2630,DXGI,0,512,0,Composed: Flip,Application,3683494122074,NA,10.14470000000000,10.12750000000000,0.16200000000000,3.43710000000000,16.3075,152.1615,3683494022821,10.0873,9.9253,0.1620,4.5612,8.8012,8.8012,0.0000,NA,0.0000,NA,NA,NA,NA
Endfield.exe,53680,0x125AB2630,DXGI,0,512,0,Composed: Flip,Application,3683494232791,41.0464,11.07170000000000,6.55070000000000,0.15680000000000,3.78120000000000,11.7865,117.6658,3683494123694,11.0665,10.9097,0.1568,3.2751,11.4158,11.4149,0.0009,-0.4753,34327.0209,NA,19.1433,NA,NA
Endfield.exe,53680,0x125AB2630,DXGI,0,512,0,Composed: Flip,Application,3683494335379,NA,10.25880000000000,16.64560000000000,0.29290000000000,5.12520000000000,18.1733,134.3114,3683494234359,10.3949,10.1020,0.2929,3.6244,11.6028,11.5880,0.0148,NA,0.0000,NA,NA,NA,NA
Endfield.exe,53680,0x125AB2630,DXGI,0,512,0,Composed: Flip,Application,3683494436668,NA,10.12890000000000,8.33100000000000,0.17180000000000,4.64530000000000,16.3754,142.6424,3683494338308,10.0078,9.8360,0.1718,4.8323,9.6490,9.6490,0.0000,NA,0.0000,NA,NA,NA,NA
Endfield.exe,53680,0x125AB2630,DXGI,0,512,0,Composed: Flip,Application,3683494540974,NA,10.43060000000000,8.34190000000000,0.23950000000000,3.78510000000000,14.2867,150.9843,3683494438386,10.4983,10.2588,0.2395,4.4735,9.5704,9.5704,0.0000,NA,0.0000,NA,NA,NA,NA
Endfield.exe,53680,0x125AB2630,DXGI,0,512,0,Composed: Flip,Application,3683494631678,41.0844,9.07040000000000,8.31890000000000,0.32330000000000,5.48320000000000,13.5352,118.2188,3683494543369,9.1542,8.8309,0.3233,3.5456,10.7685,10.7660,0.0025,-0.5530,34368.1053,NA,16.7922,NA,NA
Endfield.exe,53680,0x125AB2630,DXGI,0,512,0,Composed: Flip,Application,3683494732778,NA,10.11000000000000,8.35070000000000,0.19470000000000,3.12190000000000,11.7759,126.5695,3683494634911,9.9814,9.7867,0.1947,5.1599,7.7487,7.7373,0.0114,NA,0.0000,NA,NA,NA,NA
Endfield.exe,53680,0x125AB2630,DXGI,0,512,0,Composed: Flip,Application,3683494834093,NA,10.13150000000000,16.65950000000000,0.21970000000000,3.98970000000000,18.3039,143.2290,3683494734725,10.1565,9.9368,0.2197,2.9272,10.9993,10.9993,0.0000,NA,0.0000,NA,NA,NA,NA
Endfield.exe,53680,0x125AB2630,DXGI,0,512,0,Composed: Flip,Application,3683494936308,NA,10.22150000000000,8.37050000000000,0.18620000000000,4.75650000000000,16.4529,151.5995,3683494836290,10.1880,10.0018,0.1862,3.7700,10.9883,10.9883,0.0000,NA,0.0000,NA,NA,NA,NA
Endfield.exe,53680,0x125AB2630,DXGI,0,512,0,Composed: Flip,Application,3683495050294,40.9071,11.39860000000000,8.30700000000000,0.29690000000000,1.84360000000000,13.3613,118.9994,3683494938170,11.5093,11.2124,0.2969,4.5703,8.4857,8.4832,0.0025,-0.7806,34409.0124,NA,16.4739,NA,NA
Endfield.exe,53680,0x125AB2630,DXGI,0,512,0,Composed: Flip,Application,3683495153440,NA,10.31460000000000,8.35050000000000,0.20200000000000,4.39420000000000,11.3972,127.3499,3683495053263,10.2197,10.0177,0.2020,1.5467,12.8652,12.8500,0.0152,NA,0.0000,NA,NA,NA,NA
Endfield.exe,53680,0x125AB2630,DXGI,0,512,0,Composed: Flip,Application,3683495255574,NA,10.21340000000000,16.63260000000000,0.21560000000000,4.82420000000000,17.8164,143.9825,3683495155460,10.2270,10.0114,0.2156,4.1922,10.6434,10.6434,0.0000,NA,0.0000,NA,NA,NA,NA
Endfield.exe,53680,0x125AB2630,DXGI,0,512,0,Composed: Flip,Application,3683495357797,NA,10.22230000000000,8.36000000000000,0.18580000000000,2.49020000000000,15.9541,152.3425,3683495257730,10.1925,10.0067,0.1858,4.6086,7.8883,7.8883,0.0000,NA,0.0000,NA,NA,NA,NA
Endfield.exe,53680,0x125AB2630,DXGI,0,512,0,Composed: Flip,Application,3683495448719,40.0812,9.09220000000000,8.34040000000000,0.20530000000000,5.09850000000000,15.2023,120.6017,3683495359655,9.1117,8.9064,0.2053,2.3044,11.7005,11.6997,0.0008,-1.6023,34449.0936,NA,19.1556,NA,NA
Endfield.exe,53680,0x125AB2630,DXGI,0,512,0,Composed: Flip,Application,3683495551028,NA,10.23090000000000,8.31970000000000,0.26600000000000,3.40210000000000,13.2911,128.9214,3683495450772,10.2916,10.0256,0.2660,4.8932,8.5345,8.5180,0.0165,NA,0.0000,NA,NA,NA,NA
Endfield.exe,53680,0x125AB2630,DXGI,0,512,0,Composed: Flip,Application,3683495654412,NA,10.33840000000000,10.12920000000000,0.21340000000000,2.59330000000000,13.0819,139.0506,3683495553688,10.2858,10.0724,0.2134,3.1361,9.5296,9.5296,0.0000,NA,0.0000,NA,NA,NA,NA
Endfield.exe,53680,0x125AB2630,DXGI,0,512,0,Composed: Flip,Application,3683495756799,NA,10.23870000000000,14.89360000000000,0.19340000000000,4.35470000000000,17.7368,153.9442,3683495656546,10.2187,10.0253,0.1934,2.3799,12.0001,12.0001,0.0000,NA,0.0000,NA,NA,NA,NA
Endfield.exe,53680,0x125AB2630,DXGI,0,512,0,Composed: Flip,Application,3683495860092,42.1757,10.32930000000000,8.30360000000000,0.20340000000000,4.61250000000000,15.7111,120.0721,3683495758733,10.3393,10.1359,0.2034,4.1613,10.5871,10.5850,0.0021,0.5296,34491.2693,NA,18.8027,NA,NA
Endfield.exe,53680,0x125AB2630,DXGI,0,512,0,Composed: Flip,Application,3683495961933,NA,10.18410000000000,8.32980000000000,0.22340000000000,3.71340000000000,13.8568,128.4019,3683495862126,10.2041,9.9807,0.2234,4.4091,9.2850,9.2678,0.0172,NA,0.0000,NA,NA,NA,NA
Endfield.exe,53680,0x125AB2630,DXGI,0,512,0,Composed: Flip,Application,3683496062517,NA,10.05840000000000,8.31300000000000,0.22080000000000,3.31750000000000,12.1114,136.7149,3683495964167,10.0558,9.8350,0.2208,3.4900,9.6625,9.6625,0.0000,NA,0.0000,NA,NA,NA,NA
Endfield.exe,53680,0x125AB2630,DXGI,0,512,0,Composed: Flip,Application,3683496165455,NA,10.29380000000000,8.33050000000000,0.18040000000000,2.16890000000000,10.1481,145.0454,3683496064725,10.2534,10.0730,0.1804,3.0967,9.1452,9.1452,0.0000,NA,0.0000,NA,NA,NA,NA
Endfield.exe,53680,0x125AB2630,DXGI,0,512,0,Composed: Flip,Application,3683496271831,39.9940,10.63760000000000,16.73720000000000,0.24420000000000,4.26840000000000,16.2477,121.7886,3683496167259,10.7014,10.4572,0.2442,1.9885,12.7371,12.7343,0.0028,-1.7165,34531.2633,NA,18.5134,NA,NA
Endfield.exe,53680,0x125AB2630,DXGI,0,512,0,Composed: Flip,Application,3683496374079,NA,10.22480000000000,8.29550000000000,0.22280000000000,4.86260000000000,14.3184,130.0841,3683496274273,10.2034,9.9806,0.2228,4.0242,10.8190,10.8032,0.0158,NA,0.0000,NA,NA,NA,NA
Endfield.exe,53680,0x125AB2630,DXGI,0,512,0,Composed: Flip,Application,3683496475839,NA,10.17600000000000,8.30320000000000,0.57810000000000,3.30670000000000,12.4456,138.3873,3683496376307,10.5313,9.9532,0.5781,4.6398,8.6201,8.6201,0.0000,NA,0.0000,NA,NA,NA,NA
Endfield.exe,53680,0x125AB2630,DXGI,0,512,0,Composed: Flip,Application,3683496579191,NA,10.33520000000000,8.32960000000000,0.38200000000000,2.02720000000000,10.4400,146.7169,3683496481620,10.1391,9.7571,0.3820,2.7286,9.0557,9.0557,0.0000,NA,0.0000,NA,NA,NA,NA
Endfield.exe,53680,0x125AB2630,DXGI,0,512,0,Composed: Flip,Application,3683496684264,40.9587,10.50730000000000,16.67190000000000,0.41230000000000,4.21120000000000,16.6046,122.4301,3683496583011,10.5376,10.1253,0.4123,1.6452,12.6913,12.6904,0.0009,-0.6415,34572.2220,NA,21.0138,NA,NA
Endfield.exe,53680,0x125AB2630,DXGI,0,512,0,Composed: Flip,Application,3683496785688,NA,10.14240000000000,8.35610000000000,0.46020000000000,4.44800000000000,14.8183,130.7862,3683496688387,10.1903,9.7301,0.4602,3.7989,10.3792,10.3643,0.0149,NA,0.0000,NA,NA,NA,NA
Endfield.exe,53680,0x125AB2630,DXGI,0,512,0,Composed: Flip,Application,3683496888964,NA,10.32760000000000,8.33000000000000,0.24950000000000,3.43340000000000,12.8207,139.1162,3683496790290,10.1169,9.8674,0.2495,3.9878,9.3130,9.3130,0.0000,NA,0.0000,NA,NA,NA,NA
Endfield.exe,53680,0x125AB2630,DXGI,0,512,0,Composed: Flip,Application,3683496991153,NA,10.21890000000000,8.34170000000000,0.27910000000000,2.41430000000000,10.9435,147.4579,3683496891459,10.2485,9.9694,0.2791,3.1839,9.1998,9.1998,0.0000,NA,0.0000,NA,NA,NA,NA
Endfield.exe,53680,0x125AB2630,DXGI,0,512,0,Composed: Flip,Application,3683497098937,41.1682,10.77840000000000,16.67190000000000,0.26300000000000,4.11840000000000,16.8370,122.9616,3683496993944,10.7623,10.4993,0.2630,2.1352,12.4825,12.4801,0.0024,-0.5315,34613.3902,NA,19.8079,NA,NA
Endfield.exe,53680,0x125AB2630,DXGI,0,512,0,Composed: Flip,Application,3683497203858,NA,10.49210000000000,8.34440000000000,0.24300000000000,4.04110000000000,14.6893,131.3060,3683497101567,10.4721,10.2291,0.2430,3.8554,10.4148,10.3977,0.0171,NA,0.0000,NA,NA,NA,NA
Endfield.exe,53680,0x125AB2630,DXGI,0,512,0,Composed: Flip,Application,3683497303164,NA,9.93060000000000,8.33210000000000,0.24400000000000,3.50960000000000,13.0908,139.6381,3683497206288,9.9316,9.6876,0.2440,3.7981,9.3991,9.3991,0.0000,NA,0.0000,NA,NA,NA,NA
Endfield.exe,53680,0x125AB2630,DXGI,0,512,0,Composed: Flip,Application,3683497404942,NA,10.17780000000000,8.30640000000000,0.13210000000000,2.65700000000000,11.2194,147.9445,3683497305604,10.0659,9.9338,0.1321,3.2656,9.3252,9.3252,0.0000,NA,0.0000,NA,NA,NA,NA
Endfield.exe,53680,0x125AB2630,DXGI,0,512,0,Composed: Flip,Application,3683497505553,42.3104,10.06110000000000,16.66670000000000,0.16030000000000,4.51730000000000,17.8250,122.3008,3683497406263,10.0893,9.9290,0.1603,2.5249,11.9214,11.9188,0.0026,0.6608,34655.7006,NA,35.4572,NA,NA
Endfield.exe,53680,0x125AB2630,DXGI,0,512,0,Composed: Flip,Application,3683497609473,NA,10.39200000000000,8.33390000000000,0.24340000000000,7.67730000000000,15.7669,130.6347,3683497507156,10.4751,10.2317,0.2434,4.3570,13.5520,13.5356,0.0164,NA,0.0000,NA,NA,NA,NA
Endfield.exe,53680,0x125AB2630,DXGI,0,512,0,Composed: Flip,Application,3683497710599,NA,10.11260000000000,8.33610000000000,0.23330000000000,4.66270000000000,13.9904,138.9708,3683497611907,10.1025,9.8692,0.2333,7.4339,7.0980,7.0980,0.0000,NA,0.0000,NA,NA,NA,NA
Endfield.exe,53680,0x125AB2630,DXGI,0,512,0,Composed: Flip,Application,3683497813275,NA,10.26760000000000,8.30970000000000,0.14180000000000,4.40740000000000,12.0325,147.2805,3683497712932,10.1761,10.0343,0.1418,4.4294,10.0123,10.0123,0.0000,NA,0.0000,NA,NA,NA,NA
Endfield.exe,53680,0x125AB2630,DXGI,0,512,0,Composed: Flip,Application,3683497911380,40.2049,9.81050000000000,8.34580000000000,0.23960000000000,3.78370000000000,10.5678,115.4214,3683497814693,9.9083,9.6687,0.2396,4.2656,9.1868,9.1839,0.0029,6.8794,34695.9055,NA,NA,NA,NA
Endfield.exe,53680,0x125AB2630,DXGI,0,512,0,Composed: Flip,Application,3683498014244,NA,10.28640000000000,16.66630000000000,0.19380000000000,5.06630000000000,16.9477,132.0877,3683497913776,10.2406,10.0468,0.1938,3.5441,11.5690,11.5568,0.0122,NA,0.0000,NA,NA,NA,NA
Endfield.exe,53680,0x125AB2630,DXGI,0,512,0,Composed: Flip,Application,3683498116012,NA,10.17680000000000,8.34240000000000,0.15420000000000,4.14090000000000,15.1133,140.4301,3683498016182,10.1372,9.9830,0.1542,4.8725,9.2514,9.2514,0.0000,NA,0.0000,NA,NA,NA,NA
Endfield.exe,53680,0x125AB2630,DXGI,0,512,0,Composed: Flip,Application,3683498220547,NA,10.45350000000000,8.33750000000000,0.21890000000000,3.85320000000000,12.9973,148.7676,3683498117554,10.5182,10.2993,0.2189,3.9867,10.1658,10.1658,0.0000,NA,0.0000,NA,NA,NA,NA
Endfield.exe,53680,0x125AB2630,DXGI,0,512,0,Composed: Flip,Application,3683498313694,40.7859,9.31470000000000,8.40010000000000,0.20010000000000,2.32330000000000,12.0827,116.3818,3683498222736,9.2959,9.0958,0.2001,3.6343,7.7848,7.7826,0.0022,-0.9604,34736.6914,NA,14.5274,NA,NA
Endfield.exe,53680,0x125AB2630,DXGI,0,512,0,Composed: Flip,Application,3683498417961,NA,10.42670000000000,8.26490000000000,0.23200000000000,2.80260000000000,9.9209,124.6467,3683498315695,10.4586,10.2266,0.2320,2.1232,10.9060,10.8938,0.0122,NA,0.0000,NA,NA,NA,NA
Endfield.exe,53680,0x125AB2630,DXGI,0,512,0,Composed: Flip,Application,3683498522699,NA,10.47380000000000,16.68990000000000,0.24680000000000,2.19730000000000,16.1370,141.3366,3683498420281,10.4886,10.2418,0.2468,2.5706,9.8685,9.8685,0.0000,NA,0.0000,NA,NA,NA,NA
Endfield.exe,53680,0x125AB2630,DXGI,0,512,0,Composed: Flip,Application,3683498621362,NA,9.86630000000000,8.30850000000000,0.14580000000000,2.87440000000000,14.5792,149.6451,3683498525167,9.7653,9.6195,0.1458,1.9505,10.5434,10.5434,0.0000,NA,0.0000,NA,NA,NA,NA
Endfield.exe,53680,0x125AB2630,DXGI,0,512,0,Composed: Flip,Application,3683498720995,40.4084,9.96330000000000,8.32930000000000,0.17450000000000,2.31590000000000,12.9452,117.5660,3683498622820,9.9920,9.8175,0.1745,2.7286,9.4048,9.4039,0.0009,-1.1842,34777.0998,NA,16.1204,NA,NA
Endfield.exe,53680,0x125AB2630,DXGI,0,512,0,Composed: Flip,Application,3683498828109,NA,10.71140000000000,8.32130000000000,0.20110000000000,4.08590000000000,10.5551,125.8873,3683498722740,10.7380,10.5369,0.2011,2.1414,12.4814,12.4652,0.0162,NA,0.0000,NA,NA,NA,NA
Endfield.exe,53680,0x125AB2630,DXGI,0,512,0,Composed: Flip,Application,3683498925099,NA,9.69900000000000,18.48940000000000,0.18100000000000,4.80730000000000,19.3455,144.3767,3683498830120,9.6789,9.4979,0.1810,3.8848,10.4204,10.4204,0.0000,NA,0.0000,NA,NA,NA,NA
Endfield.exe,53680,0x125AB2630,DXGI,0,512,0,Composed: Flip,Application,3683499028632,NA,10.35330000000000,6.52300000000000,0.17110000000000,4.15790000000000,15.5152,150.8997,3683498926909,10.3434,10.1723,0.1711,4.6263,9.7039,9.7039,0.0000,NA,0.0000,NA,NA,NA,NA
Endfield.exe,53680,0x125AB2630,DXGI,0,512,0,Composed: Flip,Application,3683499116380,40.5118,8.77480000000000,8.39310000000000,0.21000000000000,4.82310000000000,15.1335,118.7810,3683499030343,8.8137,8.6037,0.2100,3.9868,9.4400,9.4371,0.0029,-1.2150,34817.6116,NA,40.8381,NA,NA
Endfield.exe,53680,0x125AB2630,DXGI,0,512,0,Composed: Flip,Application,3683499219138,NA,10.27580000000000,10.09760000000000,0.21410000000000,3.39350000000000,14.9553,128.8786,3683499118480,10.2799,10.0658,0.2141,4.6131,8.8462,8.8304,0.0158,NA,0.0000,NA,NA,NA,NA
Endfield.exe,53680,0x125AB2630,DXGI,0,512,0,Composed: Flip,Application,3683499319641,NA,10.05030000000000,6.51350000000000,0.21580000000000,4.18230000000000,11.4185,135.3921,3683499221279,10.0520,9.8362,0.2158,3.1794,10.8391,10.8391,0.0000,NA,0.0000,NA,NA,NA,NA
Endfield.exe,53680,0x125AB2630,DXGI,0,512,0,Composed: Flip,Application,3683499421007,NA,10.13660000000000,16.67260000000000,0.13820000000000,3.23570000000000,17.9545,152.0647,3683499321799,10.0590,9.9208,0.1382,3.9665,9.1900,9.1900,0.0000,NA,0.0000,NA,NA,NA,NA
