01:06:35.049  dlss5-bridge 1.4.13-pre8-vk-fgrelay-20261002 (built Oct  2 2026 00:27:10) attached.
01:06:35.049    host: C:\Program Files\Hypergryph Launcher\games\Endfield Game\Endfield.exe
01:06:35.050    d3d11.dll: C:\Program Files\Hypergryph Launcher\games\Endfield Game\Endfield.exe
01:06:35.050    reshade: C:\ProgramData\ReShade\ReShade64.dll
01:06:35.050    windows: Windows 11, 10.0 build 26200
01:06:35.050    files next to this add-on:
01:06:35.075      nvngx_dlssnr.dll           present  version 310.8.0.0, 165840496 bytes, 2026-09-11 22:41
01:06:35.076      nvngx_dlss.dll             present  version 310.5.2.0, 54779504 bytes, 2026-07-11 10:59
01:06:35.076    add-ons present:
01:06:35.076      dlss5-bridge.addon64         version 1.4.13.20, 706560 bytes, 2026-10-01 16:31
01:06:35.076          loaded at 00007FFA3DD90000
01:06:35.077      renodx-dlss5.addon64         version 0.2026.926.210, 3141632 bytes, 2026-09-27 13:21
01:06:35.079          sha256 DCD93881E976AD033D83C2BB01F4BC3E4DDC59C15FE0DD4CA165BC5FC7D1AC68 -- not on this add-on's measured list, which is one machine's experience and not a compatibility statement. If its panel says active while the picture does not change, unwrap=0 in dlss5-bridge.cfg is the first thing to try.
01:06:35.080      renodx-endfield-enhancer.addon64   version 0.2026.927.2054, 4484608 bytes, 2026-10-01 13:36
01:06:35.083          sha256 3B552B839FE578DD6F1DF2ADE57FAE5086938B978C3C896C6DEAD1AAA4E2D22A -- not on this add-on's measured list, which is one machine's experience and not a compatibility statement. If its panel says active while the picture does not change, unwrap=0 in dlss5-bridge.cfg is the first thing to try.
01:06:35.083    DLSS 5 add-on settings, read from ReShade.ini [RenoDX.DLSS5]:
01:06:35.083      ConfigVersion=7
01:06:35.083      EnableHooks=1
01:06:35.083      NeuralUplift=1
01:06:35.083      NRAdaptiveExposure=1
01:06:35.084      NRAutoMask=1
01:06:35.084      NRChainedHistory=1
01:06:35.084      NRChromaClamp=1
01:06:35.084      NRCodecMode=2
01:06:35.084      NRColorStrength=1
01:06:35.084      NRCostMeter=1
01:06:35.084      NRDepthMode=0
01:06:35.084      NRDetailStability=0
01:06:35.085      NRDiffuseWhiteNits=203
01:06:35.085      NRDisableRelease=0
01:06:35.085      NRDisplayPedestal=0
01:06:35.085      NREditTrace=0
01:06:35.085      NREnableUpscaling=0
01:06:35.086      NRFeedMode=2
01:06:35.086      NRFollowInputRes=0
01:06:35.086      NRGlobalTone=2
01:06:35.086      NRGpuTimers=0
01:06:35.086      NRHookPoint=2
01:06:35.086      NRIntensity=2
01:06:35.086      NRLinearUnitNits=0
01:06:35.086      NRLocalStructure=2
01:06:35.087      NRLocalTone=1
01:06:35.087      NRLookBrighten=0.75
01:06:35.087      NRLookColour=0.5
01:06:35.087      NRLookDarken=0.75
01:06:35.087      NRLookDetail=2
01:06:35.087      NRLookDetailRadius=1
01:06:35.087      NRLookHalo=0
01:06:35.087      NRLookHaloBrightSide=0
01:06:35.088      NRLookHighlights=0.5
01:06:35.088      NRLookHue=1
01:06:35.088      NRLookMaxBrighten=0
01:06:35.088      NRLookMaxColour=0
01:06:35.088      NRLookMaxDarken=0
01:06:35.088      NRLookMidtones=1
01:06:35.088      NRLookMode=1
01:06:35.088      NRLookShadows=0.5
01:06:35.088      NRLookStabilize=0
01:06:35.089      NRLookStabilizeDetail=0
01:06:35.089      NRLookStabilizeMs=60
01:06:35.089      NRLookStrength=1.1
01:06:35.089      NRLookTone=2
01:06:35.089      NRLookUpsample=0
01:06:35.089      NRMaxWorksets=4
01:06:35.089      NRMVecScaleX=1
01:06:35.089      NRMVecScaleY=1
01:06:35.090      NRNeuralFloorGuard=1
01:06:35.090      NRNormAttackStops=4
01:06:35.090      NRNormCutAware=1
01:06:35.090      NRNormGovernor=0
01:06:35.090      NRNormReleaseStops=0.5
01:06:35.090      NRNormSlewStops=0.02
01:06:35.090      NRPaperWhiteScale=2.5375
01:06:35.090      NRPass2AutoMask=1
01:06:35.091      NRPass2Color=1
01:06:35.091      NRPass2FollowPass1=1
01:06:35.091      NRPass2Intensity=2
01:06:35.091      NRPass2LocalTone=1.5
01:06:35.091      NRPass2Skin=0
01:06:35.091      NRPass2Structure=1.25
01:06:35.091      NRPass2Style=2
01:06:35.091      NRPass2Transfer=1
01:06:35.092      NRPass2UICorrection=1
01:06:35.092      NRPass3AutoMask=0
01:06:35.092      NRPass3Color=1
01:06:35.092      NRPass3FollowPass1=0
01:06:35.092      NRPass3Intensity=2
01:06:35.092      NRPass3LocalTone=1
01:06:35.092      NRPass3Skin=-1
01:06:35.092      NRPass3Structure=1
01:06:35.093      NRPass3Style=0
01:06:35.093      NRPass3Transfer=1
01:06:35.093      NRPass3UICorrection=0
01:06:35.093      NRPass4AutoMask=0
01:06:35.093      NRPass4Color=1
01:06:35.093      NRPass4FollowPass1=0
01:06:35.094      NRPass4Intensity=2
01:06:35.094      NRPass4LocalTone=1
01:06:35.094      NRPass4Skin=-1
01:06:35.094      NRPass4Structure=1
01:06:35.094      NRPass4Style=0
01:06:35.094      NRPass4Transfer=0
01:06:35.094      NRPass4UICorrection=0
01:06:35.094      NRPasses=2
01:06:35.094      NRPQCalibration=1
01:06:35.094      NRPresentEncoding=0
01:06:35.095      NRPresentFgSource=0
01:06:35.095      NRPresentFrames=0
01:06:35.095      NRPresentGuides=0
01:06:35.095      NRPresentUICorrection=1
01:06:35.095      NRPresentWhiteNits=0
01:06:35.095      NRPreset=2
01:06:35.095      NRPreUpscale=0
01:06:35.095      NRProxyAnchor=4
01:06:35.095      NRResolutionScale=1
01:06:35.095      NRScreenshotFormat=0
01:06:35.096      NRScreenshotJpegQuality=95
01:06:35.096      NRScreenshotKey=116
01:06:35.096      NRScreenshotLayout=0
01:06:35.096      NRScreenshotMaxMB=10
01:06:35.096      NRScreenshotSource=0
01:06:35.096      NRShutdownQuiesce=1
01:06:35.096      NRSkinIndependent=1
01:06:35.096      NRSkinStructure=0
01:06:35.097      NRSourceEncoding=0
01:06:35.098      NRSourcePrimaries=0
01:06:35.098      NRStyle=2
01:06:35.098      NRStyleHighlightGuard=0
01:06:35.098      NRToggleKey=106
01:06:35.098      NRTransferMode=1
01:06:35.098      NRTransferStrength=1
01:06:35.098      NRUICorrection=1
01:06:35.098      NRWorksetFreePolicy=0
01:06:35.099      UiIssueNotice=1
01:06:35.099      UiLanguage=zh-Hans
01:06:35.099      UiMode=modern
01:06:35.099      UiWelcomed=1
01:06:35.099  [bridge] config: stage=3 mode=2 flags=-1 subrects=1 reset_every=0 pixels=0 skip_game=1 dred=1 skip_exe=1 unwrap=1 source=auto synth=0 hash_out=1 synth_after=0 mv_sign_x=0 mv_sign_y=0 ofa_grid=2 ofa_perf=20 vk_present=1 vk_sync=0
01:06:35.099  [bridge] settings read from C:\Program Files\Hypergryph Launcher\games\Endfield Game\dlss5-bridge.cfg
01:06:35.108  [bridge] the driver's route to neural rendering is closed for this process: entry 18 of the loader's feature table at 00007FFA2B3443E0 named "dlssnr" and now names nothing, which is what the previous driver had there. The DLSS 5 add-on drives that feature itself, as it did before the driver update. Nothing on disk is changed and no other feature is touched. Set ngx_loader=1 in dlss5-bridge.cfg to leave the driver's route alone.
01:06:35.108  [synth] registered for ReShade effect events at add-on API 18 (synth floor 10).
01:06:35.108  [vkmirror] colour format tables agree on 7 of 7 entries.
01:06:35.108  [vkmirror] vk_mirror=1: the Vulkan NGX entry points will be hooked and a Vulkan game's own DLSS contract mirrored onto the private D3D12 session.
01:06:35.108  [panel] status panel registered in ReShade's overlay. Asked for the ImGui 19000 function table; ReShade reports its own ImGui as 1.92.5.
01:06:35.109  NGX layer 0: C:\WINDOWS\System32\DriverStore\FileRepository\nv_dispsi.inf_amd64_b8459fc8f905f657\_nvngx.dll (base=00007FFA2B270000)
01:06:35.110    version 32.0.16.1692
01:06:35.110    NVSDK_NGX_D3D11_CreateFeature     = 00007FFA2B2D5C60
01:06:35.110    NVSDK_NGX_D3D11_EvaluateFeature   = 00007FFA2B2D5E30
01:06:35.110    NVSDK_NGX_D3D11_EvaluateFeature_C = 0000000000000000
01:06:35.111    NVSDK_NGX_D3D11_ReleaseFeature    = 00007FFA2B2D5D30
01:06:35.111    CreateFeature    prologue: 48 89 6C 24 18 56 57 41 56 48 83 EC 40 48 
01:06:35.111    EvaluateFeature  prologue: 48 89 5C 24 08 48 89 6C 24 10 48 89 74 24 
01:06:35.456    hooked: CreateFeature=yes EvaluateFeature=yes EvaluateFeature_C=absent
01:06:35.457    hooked: D3D11 ReleaseFeature=yes
01:06:35.457    NVSDK_NGX_VULKAN_CreateFeature     = 00007FFA2B27D230
01:06:35.457    NVSDK_NGX_VULKAN_CreateFeature1    = 00007FFA2B27D340
01:06:35.457    NVSDK_NGX_VULKAN_EvaluateFeature   = 00007FFA2B27D4E0
01:06:35.457    NVSDK_NGX_VULKAN_EvaluateFeature_C = 0000000000000000
01:06:35.457    NVSDK_NGX_VULKAN_ReleaseFeature    = 00007FFA2B27D3E0
01:06:35.457    VK CreateFeature prologue: 48 89 5C 24 10 48 89 6C 24 18 48 89 74 24 
01:06:35.458    VK CreateFeature1 prologue: 48 89 6C 24 10 48 89 74 24 18 48 89 7C 24 
01:06:35.458    VK EvaluateFeature prologue: 48 89 5C 24 08 48 89 6C 24 10 48 89 74 24 
01:06:35.904    hooked: VULKAN CreateFeature=yes CreateFeature1=yes EvaluateFeature=yes EvaluateFeature_C=absent
01:06:35.904    hooked: VULKAN ReleaseFeature=yes
01:06:35.905  [nr-compat] processing unavailable: Generic add-on is not loaded (renodx-dlss5.addon64). Generic builds confirmed to work with this bridge: 8.5.0-rc10 / 已经确定可以正常使用该版本插件的Generic插件：8.5.0-rc10
01:06:36.142  [fg-relay] Import=1: the ReShade layer's vkCreateDevice at 00007FFA2B5E07A0 is hooked. Every device created from here on gets VK_KHR_external_semaphore_win32 appended to its extension list, and a driver that refuses the name gets the caller's own list retried unchanged.
01:06:36.143  qpc=4482917106387 [focus-fg] state: enabled=1 hooked=0 foreground=0 minimized=0 hwnd=0000000000000000 scope_calls=0 original_false=0 kept=0 presents=0 FG_evaluates=0
01:06:36.150  [composition-guard] capture exclusion requested: applied
01:06:36.566  qpc=4482918569943 [fg-relay] interposer hook: present=hooked
01:06:36.566  qpc=4482921330341 [fg-trace] queue discovery exports: get_queue=hooked get_queue2=hooked
01:06:37.064  NGX layer 1: C:\Program Files\Hypergryph Launcher\games\Endfield Game\nvngx_dlss.dll (base=00007FF93BB90000)
01:06:37.064    version 310.5.2.0
01:06:37.064    NVSDK_NGX_D3D11_CreateFeature     = 00007FF93BBD5160
01:06:37.065    NVSDK_NGX_D3D11_EvaluateFeature   = 00007FF93BBD52C0
01:06:37.065    NVSDK_NGX_D3D11_EvaluateFeature_C = 0000000000000000
01:06:37.065    NVSDK_NGX_D3D11_ReleaseFeature    = 00007FF93BBD5720
01:06:37.065    CreateFeature    prologue: 48 89 5C 24 08 48 89 6C 24 10 56 57 41 56 
01:06:37.065    EvaluateFeature  prologue: 48 89 5C 24 08 48 89 6C 24 10 48 89 74 24 
01:06:37.332      00007FF93BBD5720 is a thunk table entry; the hook goes to its destination 00007FF93BBD3440 so the patch does not overwrite the entries beside it.
01:06:37.463    hooked: CreateFeature=yes EvaluateFeature=yes EvaluateFeature_C=absent
01:06:37.463    hooked: D3D11 ReleaseFeature=yes
01:06:37.464    NVSDK_NGX_VULKAN_CreateFeature     = 00007FF93BC579C0
01:06:37.464    NVSDK_NGX_VULKAN_CreateFeature1    = 00007FF93BC579E0
01:06:37.464    NVSDK_NGX_VULKAN_EvaluateFeature   = 00007FF93BC579F0
01:06:37.464    NVSDK_NGX_VULKAN_EvaluateFeature_C = 0000000000000000
01:06:37.464    NVSDK_NGX_VULKAN_ReleaseFeature    = 00007FF93BC58020
01:06:37.464    VK CreateFeature prologue: 48 83 EC 38 4C 89 4C 24 20 4D 8B C8 44 8B 
01:06:37.465    VK CreateFeature1 prologue: E9 4B F1 FF FF CC CC CC CC CC CC CC CC CC  <== a thunk into its own module, not a hook
01:06:37.465        the hook jumps into C:\Program Files\Hypergryph Launcher\games\Endfield Game\nvngx_dlss.dll +0xC6B30
01:06:37.465    VK EvaluateFeature prologue: 48 89 5C 24 08 48 89 6C 24 10 48 89 74 24 
01:06:37.604      00007FF93BC579E0 is a thunk table entry; the hook goes to its destination 00007FF93BC56B30 so the patch does not overwrite the entries beside it.
01:06:37.874      00007FF93BC58020 is a thunk table entry; the hook goes to its destination 00007FF93BC56F90 so the patch does not overwrite the entries beside it.
01:06:38.029    hooked: VULKAN CreateFeature=yes CreateFeature1=yes EvaluateFeature=yes EvaluateFeature_C=absent
01:06:38.030    hooked: VULKAN ReleaseFeature=yes
01:06:38.032  [nr-compat] Generic build identified; SHA256=DCD93881E976AD033D83C2BB01F4BC3E4DDC59C15FE0DD4CA165BC5FC7D1AC68. No version/hash gate. Generic builds confirmed to work with this bridge: 8.5.0-rc10 / 已经确定可以正常使用该版本插件的Generic插件：8.5.0-rc10
01:06:38.033  [nr-compat] configuration condition recovered; normal processing may resume.
01:06:38.044  NGX layer 1 retirement finalized.
01:06:38.045  NGX layer 1: C:\Program Files\Hypergryph Launcher\games\Endfield Game\nvngx_deepdvc.dll (base=00007FFA2A740000)
01:06:38.045    version 310.5.2.0
01:06:38.045    NVSDK_NGX_D3D11_CreateFeature     = 00007FFA2A760140
01:06:38.045    NVSDK_NGX_D3D11_EvaluateFeature   = 00007FFA2A760260
01:06:38.046    NVSDK_NGX_D3D11_EvaluateFeature_C = 0000000000000000
01:06:38.046    NVSDK_NGX_D3D11_ReleaseFeature    = 00007FFA2A760550
01:06:38.046    CreateFeature    prologue: 48 89 5C 24 10 48 89 6C 24 18 57 48 83 EC 
01:06:38.046    EvaluateFeature  prologue: 48 89 5C 24 08 48 89 6C 24 10 48 89 74 24 
01:06:38.345      00007FFA2A760550 is a thunk table entry; the hook goes to its destination 00007FFA2A75E9F0 so the patch does not overwrite the entries beside it.
01:06:38.471    hooked: CreateFeature=yes EvaluateFeature=yes EvaluateFeature_C=absent
01:06:38.471    hooked: D3D11 ReleaseFeature=yes
01:06:38.471    NVSDK_NGX_VULKAN_CreateFeature     = 00007FFA2A7644E0
01:06:38.472    NVSDK_NGX_VULKAN_CreateFeature1    = 00007FFA2A764500
01:06:38.472    NVSDK_NGX_VULKAN_EvaluateFeature   = 00007FFA2A764510
01:06:38.472    NVSDK_NGX_VULKAN_EvaluateFeature_C = 0000000000000000
01:06:38.472    NVSDK_NGX_VULKAN_ReleaseFeature    = 00007FFA2A764A90
01:06:38.472    VK CreateFeature prologue: 48 83 EC 38 4C 89 4C 24 20 4D 8B C8 44 8B 
01:06:38.472    VK CreateFeature1 prologue: E9 8B F2 FF FF CC CC CC CC CC CC CC CC CC  <== a thunk into its own module, not a hook
01:06:38.473        the hook jumps into C:\Program Files\Hypergryph Launcher\games\Endfield Game\nvngx_deepdvc.dll +0x23790
01:06:38.473    VK EvaluateFeature prologue: 48 89 5C 24 08 48 89 6C 24 10 48 89 74 24 
01:06:38.611      00007FFA2A764500 is a thunk table entry; the hook goes to its destination 00007FFA2A763790 so the patch does not overwrite the entries beside it.
01:06:38.856      00007FFA2A764A90 is a thunk table entry; the hook goes to its destination 00007FFA2A763B80 so the patch does not overwrite the entries beside it.
01:06:38.974    hooked: VULKAN CreateFeature=yes CreateFeature1=yes EvaluateFeature=yes EvaluateFeature_C=absent
01:06:38.974    hooked: VULKAN ReleaseFeature=yes
01:06:38.974  NGX layer 2: C:\Program Files\Hypergryph Launcher\games\Endfield Game\nvngx_dlssd.dll (base=00007FF9309E0000)
01:06:38.975    version 310.5.2.0
01:06:38.975    NVSDK_NGX_D3D11_CreateFeature     = 00007FF930A1A930
01:06:38.975    NVSDK_NGX_D3D11_EvaluateFeature   = 00007FF930A1AA90
01:06:38.975    NVSDK_NGX_D3D11_EvaluateFeature_C = 0000000000000000
01:06:38.975    NVSDK_NGX_D3D11_ReleaseFeature    = 00007FF930A1AEF0
01:06:38.975    CreateFeature    prologue: 48 89 5C 24 08 48 89 6C 24 10 56 57 41 56 
01:06:38.975    EvaluateFeature  prologue: 48 89 5C 24 08 48 89 6C 24 10 48 89 74 24 
01:06:39.213      00007FF930A1AEF0 is a thunk table entry; the hook goes to its destination 00007FF930A18C10 so the patch does not overwrite the entries beside it.
01:06:39.333    hooked: CreateFeature=yes EvaluateFeature=yes EvaluateFeature_C=absent
01:06:39.333    hooked: D3D11 ReleaseFeature=yes
01:06:39.333    NVSDK_NGX_VULKAN_CreateFeature     = 00007FF930A9B4C0
01:06:39.333    NVSDK_NGX_VULKAN_CreateFeature1    = 00007FF930A9B4E0
01:06:39.333    NVSDK_NGX_VULKAN_EvaluateFeature   = 00007FF930A9B4F0
01:06:39.333    NVSDK_NGX_VULKAN_EvaluateFeature_C = 0000000000000000
01:06:39.334    NVSDK_NGX_VULKAN_ReleaseFeature    = 00007FF930A9BB20
01:06:39.334    VK CreateFeature prologue: 48 83 EC 38 4C 89 4C 24 20 4D 8B C8 44 8B 
01:06:39.334    VK CreateFeature1 prologue: E9 4B F1 FF FF CC CC CC CC CC CC CC CC CC  <== a thunk into its own module, not a hook
01:06:39.334        the hook jumps into C:\Program Files\Hypergryph Launcher\games\Endfield Game\nvngx_dlssd.dll +0xBA630
01:06:39.334    VK EvaluateFeature prologue: 48 89 5C 24 08 48 89 6C 24 10 48 89 74 24 
01:06:39.457      00007FF930A9B4E0 is a thunk table entry; the hook goes to its destination 00007FF930A9A630 so the patch does not overwrite the entries beside it.
01:06:39.711      00007FF930A9BB20 is a thunk table entry; the hook goes to its destination 00007FF930A9AA90 so the patch does not overwrite the entries beside it.
01:06:39.840    hooked: VULKAN CreateFeature=yes CreateFeature1=yes EvaluateFeature=yes EvaluateFeature_C=absent
01:06:39.840    hooked: VULKAN ReleaseFeature=yes
01:06:40.326  qpc=4482955275770 [fg-relay] Reflex sleep hook: slGetPluginFunction=00007FFAA782E0E0 slReflexSleep=00007FFAA782DE60 hooked
01:06:40.326  qpc=4482956485198 [focus-fg] SetOptions diagnostic hook ready (arguments unchanged)
01:06:40.327  qpc=4482957687701 [focus-fg] FreeResources diagnostic hook ready (arguments unchanged)
01:06:40.327  qpc=4482958935705 [focus-fg] scoped focus gate ready: return_rva=0x4c0a7 interface=00007FFA8B057FD0 method=00007FFA8AF866B0; explicit FG Off and all resource release remain native
01:06:40.438  [fg-guides] Vulkan capability device=000000002FE600D0 instance=0000000123EE5830 physical=0000000125776FC0 queries=1 blit-formats=1 graphics-families=0x1. compute-families=0x5 local-types=0x12.
01:06:40.438  [fg-relay] Import=1: the device created at 000000002FE600D0 already carried VK_KHR_external_semaphore_win32; it is recorded for the import.
01:06:40.698  NGX layer 3: C:\Program Files\Hypergryph Launcher\games\Endfield Game\nvngx_dlss.dll (base=00007FF93BB90000)
01:06:40.698    version 310.5.2.0
01:06:40.699    NVSDK_NGX_D3D11_CreateFeature     = 00007FF93BBD5160
01:06:40.699    NVSDK_NGX_D3D11_EvaluateFeature   = 00007FF93BBD52C0
01:06:40.699    NVSDK_NGX_D3D11_EvaluateFeature_C = 0000000000000000
01:06:40.699    NVSDK_NGX_D3D11_ReleaseFeature    = 00007FF93BBD5720
01:06:40.699    CreateFeature    prologue: 48 89 5C 24 08 48 89 6C 24 10 56 57 41 56 
01:06:40.699    EvaluateFeature  prologue: 48 89 5C 24 08 48 89 6C 24 10 48 89 74 24 
01:06:40.941      00007FF93BBD5720 is a thunk table entry; the hook goes to its destination 00007FF93BBD3440 so the patch does not overwrite the entries beside it.
01:06:41.057    hooked: CreateFeature=yes EvaluateFeature=yes EvaluateFeature_C=absent
01:06:41.058    hooked: D3D11 ReleaseFeature=yes
01:06:41.058    NVSDK_NGX_VULKAN_CreateFeature     = 00007FF93BC579C0
01:06:41.058    NVSDK_NGX_VULKAN_CreateFeature1    = 00007FF93BC579E0
01:06:41.058    NVSDK_NGX_VULKAN_EvaluateFeature   = 00007FF93BC579F0
01:06:41.058    NVSDK_NGX_VULKAN_EvaluateFeature_C = 0000000000000000
01:06:41.058    NVSDK_NGX_VULKAN_ReleaseFeature    = 00007FF93BC58020
01:06:41.059    VK CreateFeature prologue: 48 83 EC 38 4C 89 4C 24 20 4D 8B C8 44 8B 
01:06:41.059    VK CreateFeature1 prologue: E9 4B F1 FF FF CC CC CC CC CC CC CC CC CC  <== a thunk into its own module, not a hook
01:06:41.059        the hook jumps into C:\Program Files\Hypergryph Launcher\games\Endfield Game\nvngx_dlss.dll +0xC6B30
01:06:41.059    VK EvaluateFeature prologue: 48 89 5C 24 08 48 89 6C 24 10 48 89 74 24 
01:06:41.178      00007FF93BC579E0 is a thunk table entry; the hook goes to its destination 00007FF93BC56B30 so the patch does not overwrite the entries beside it.
01:06:41.428      00007FF93BC58020 is a thunk table entry; the hook goes to its destination 00007FF93BC56F90 so the patch does not overwrite the entries beside it.
01:06:41.551    hooked: VULKAN CreateFeature=yes CreateFeature1=yes EvaluateFeature=yes EvaluateFeature_C=absent
01:06:41.551    hooked: VULKAN ReleaseFeature=yes
01:06:41.564  NGX layer 3 retirement finalized.
01:06:43.235  [vkmirror] ReShade created an effect runtime on Vulkan. The mirror takes it.
01:06:43.352  qpc=4482989190514 [fg-trace] layer queue discovery: 00007FF9D9316D70 hooked
01:06:43.508  [fg-relay] shutdown has no relay session or GPU objects; the next runtime can open its first relay.
01:06:43.515  [vkmirror] ReShade created an effect runtime on Vulkan. The mirror takes it.
01:06:43.516  [vkmirror] a new ReShade effect runtime exists, so the mirror is armed again and rebuilds on the next evaluate.
01:06:43.832  [fg-relay] shutdown has no relay session or GPU objects; the next runtime can open its first relay.
01:06:43.840  [vkmirror] ReShade created an effect runtime on Vulkan. The mirror takes it.
01:06:43.840  [vkmirror] a new ReShade effect runtime exists, so the mirror is armed again and rebuilds on the next evaluate.
01:06:43.846  qpc=4482994130394 [focus-fg] state: enabled=1 hooked=1 foreground=1 minimized=0 hwnd=000000000DC531F2 scope_calls=0 original_false=0 kept=0 presents=0 FG_evaluates=0
01:06:45.129  [fg-relay] shutdown has no relay session or GPU objects; the next runtime can open its first relay.
01:06:45.139  [vkmirror] ReShade created an effect runtime on Vulkan. The mirror takes it.
01:06:45.140  [vkmirror] a new ReShade effect runtime exists, so the mirror is armed again and rebuilds on the next evaluate.
01:06:45.255  NGX layer 3: C:\Program Files\Hypergryph Launcher\games\Endfield Game\nvngx_dlssnr.dll (base=00007FF8C6790000)
01:06:45.256    version 310.8.0.0
01:06:45.256    NVSDK_NGX_D3D11_CreateFeature     = 00007FF8C67A38B0
01:06:45.256    NVSDK_NGX_D3D11_EvaluateFeature   = 00007FF8C67A3B20
01:06:45.256    NVSDK_NGX_D3D11_EvaluateFeature_C = 0000000000000000
01:06:45.256    NVSDK_NGX_D3D11_ReleaseFeature    = 00007FF8C67A4190
01:06:45.257    CreateFeature    prologue: 40 53 55 56 48 81 EC 80 02 00 00 48 8B 05 
01:06:45.257    EvaluateFeature  prologue: 40 53 55 56 57 41 56 48 81 EC 60 02 00 00 
01:06:45.599    hooked: CreateFeature=yes EvaluateFeature=yes EvaluateFeature_C=absent
01:06:45.599    hooked: D3D11 ReleaseFeature=yes
01:06:45.599    NVSDK_NGX_VULKAN_CreateFeature     = 00007FF8C67B4A20
01:06:45.599    NVSDK_NGX_VULKAN_CreateFeature1    = 00007FF8C67B4B70
01:06:45.599    NVSDK_NGX_VULKAN_EvaluateFeature   = 00007FF8C67B4C80
01:06:45.600    NVSDK_NGX_VULKAN_EvaluateFeature_C = 0000000000000000
01:06:45.600    NVSDK_NGX_VULKAN_ReleaseFeature    = 00007FF8C67B5410
01:06:45.600    VK CreateFeature prologue: 40 53 55 56 57 41 56 48 81 EC 60 02 00 00 
01:06:45.600    VK CreateFeature1 prologue: 40 53 55 56 57 41 56 48 81 EC 60 02 00 00 
01:06:45.600    VK EvaluateFeature prologue: 48 89 5C 24 08 48 89 6C 24 10 48 89 74 24 
01:06:46.064    hooked: VULKAN CreateFeature=yes CreateFeature1=yes EvaluateFeature=yes EvaluateFeature_C=absent
01:06:46.065    hooked: VULKAN ReleaseFeature=yes
01:06:59.452  qpc=4483150175216 [fg-trace] vkGetDeviceQueue(layer) family=0 index=1 -> queue=000000002EB928D0 thread=78308
01:06:59.452  qpc=4483150178058 [fg-trace] vkGetDeviceQueue(layer) family=2 index=1 -> queue=000000002EB950D0 thread=78308
01:06:59.465  [fg-relay] shutdown has no relay session or GPU objects; the next runtime can open its first relay.
01:06:59.476  [vkmirror] ReShade created an effect runtime on Vulkan. The mirror takes it.
01:06:59.476  [vkmirror] a new ReShade effect runtime exists, so the mirror is armed again and rebuilds on the next evaluate.
01:06:59.483  === Vulkan CreateFeature1 #1  feature_id=1  VkDevice=000000002FE600D0  thread 4764 ===
01:06:59.506  [feature-lifecycle] Vulkan created feature=1 handle=00000004F92D4350 generation=1 live=1
01:06:59.507  === Vulkan CreateFeature1 #1 returned 1, handle=00000004F92D4350 ===
01:06:59.507  [vkmirror] the game's create states 5120x2160 -> 5120x2160. That is the shape the mirror will use, in preference to the four scalars its evaluates carry.
01:06:59.507  [fg-history] native game SR Reset=1; foreground=1.
01:06:59.507  [fg-input] native Vulkan DLSS is forwarded without a mirror; the real frame is processed once at the frame-generation input.
01:06:59.627  === Vulkan CreateFeature1 #2  feature_id=18  VkDevice=000000002FE600D0  thread 4764 ===
01:06:59.627  === Vulkan CreateFeature1 #2 returned -1160773630, handle=0000000000000000 ===
01:06:59.629  qpc=4483151950283 [fg-trace] vkGetDeviceQueue(layer) family=0 index=0 -> queue=000000002EB914D0 thread=4764
01:06:59.629  qpc=4483151950374 [fg-trace] vkGetDeviceQueue(layer) family=2 index=0 -> queue=000000002EB93CD0 thread=4764
01:06:59.679  [fg-relay] shutdown has no relay session or GPU objects; the next runtime can open its first relay.
01:06:59.689  [vkmirror] ReShade created an effect runtime on Vulkan. The mirror takes it.
01:06:59.689  [vkmirror] a new ReShade effect runtime exists, so the mirror is armed again and rebuilds on the next evaluate.
01:06:59.718  [fg-relay] shutdown has no relay session or GPU objects; the next runtime can open its first relay.
01:06:59.732  [vkmirror] ReShade created an effect runtime on Vulkan. The mirror takes it.
01:06:59.732  [vkmirror] a new ReShade effect runtime exists, so the mirror is armed again and rebuilds on the next evaluate.
01:06:59.790  [fg-history] native game SR Reset=0; foreground=1.
01:06:59.791  === Vulkan CreateFeature1 #3  feature_id=18  VkDevice=000000002FE600D0  thread 4764 ===
01:06:59.791  === Vulkan CreateFeature1 #3 returned -1160773630, handle=0000000000000000 ===
01:06:59.842  [fg-relay] shutdown has no relay session or GPU objects; the next runtime can open its first relay.
01:06:59.852  [vkmirror] ReShade created an effect runtime on Vulkan. The mirror takes it.
01:06:59.852  [vkmirror] a new ReShade effect runtime exists, so the mirror is armed again and rebuilds on the next evaluate.
01:07:00.707  [fg-relay] shutdown has no relay session or GPU objects; the next runtime can open its first relay.
01:07:00.718  [vkmirror] ReShade created an effect runtime on Vulkan. The mirror takes it.
01:07:00.718  [vkmirror] a new ReShade effect runtime exists, so the mirror is armed again and rebuilds on the next evaluate.
01:07:00.792  === Vulkan CreateFeature1 #4  feature_id=18  VkDevice=000000002FE600D0  thread 4764 ===
01:07:00.792  === Vulkan CreateFeature1 #4 returned -1160773630, handle=0000000000000000 ===
01:07:03.012  === Vulkan CreateFeature1 #5  feature_id=18  VkDevice=000000002FE600D0  thread 4764 ===
01:07:03.013  === Vulkan CreateFeature1 #5 returned -1160773630, handle=0000000000000000 ===
01:07:05.501  qpc=4483210659054 [focus-fg] game SetOptions unchanged: readable=1 version=4 mode=0 generated=1 flags=0x8 retain_when_off=1 guides=0x0 colour=0x0 result=0x0 foreground=1 minimized=0
01:07:06.613  [feature-lifecycle] Vulkan release handle=00000004F92D4350 feature=1 generation=1 result=1 removed=1
01:07:13.873  qpc=4483294401346 [focus-fg] state: enabled=1 hooked=1 foreground=1 minimized=0 hwnd=000000000DC531F2 scope_calls=0 original_false=0 kept=0 presents=554 FG_evaluates=0
01:07:14.658  [fg-relay] rate/15.0s p2 import_opt=1: presents=38.4/s present-gate[point=38.4 ready=0.0 fallback=0.0 inactive=0.0]/s noinfo=0.0/s stale=0.0/s unlearned=0.0/s attempts=0.0/s armed=0.0/s skipped=0.0/s busy=0.0/s arm-reject[state=0.0 request=0.0 refused=0.0 stopping=0.0 res=0.0 size=0.0]/s pool[cap=0.0 family=0.0 create=0.0 alloc=0.0]/s copy-drop[fence=0.0 reset=0.0 begin=0.0 end=0.0 submit=0.0]/s cf[seq=0.0/s idle=0.0/s nrfence=0.0/s] slotbusy=0.0/s copyfence-busy=0.0/s nr-gpuwait=0.0/s flips=0.0/s
01:07:14.659  [fg-relay] rate2: fginput eval=0.0/s index!=1=0.0/s eval-gate[off=0.0 fallback=0.0 notready=0.0 noinput=0.0 noqueue=0.0]/s relay eval=0.0/s consume=0.0/s inplace=0.0/s(ok 0.0/s) unarmed=0.0/s mismatch=0.0/s relbusy=0.0/s relok=0.0/s relfail=0.0/s release-stage[queue=0.0 pool=0.0 fence=0.0 reset=0.0 begin=0.0 end=0.0 submit=0.0]/s watchdog=0.0/s | worker plays=0.0/s ok=0.0/s fail=0.0/s nr_absent=0.0/s copyfail=0.0/s
01:07:14.659  [fg-relay] rate3: arm->arm avg=0.00ms max=0.00ms n=0 | arm->work avg=0.00ms max=0.00ms | arm->eval avg=0.00ms max=0.00ms | copywait avg=0.000ms max=0.000ms | copy-land<= avg=0.00ms max=0.00ms | work avg=0.00ms max=0.00ms | totals armed=0 unarmed=0 skipped=0 busy=0 mismatch=0 copies_failed=0 writes=0 conflicts=0
01:07:14.659  [fg-relay] rate4: throttle depth=1 off=0 | sleep calls=38.5/s waits=0.0/s clear=0.0/s timeouts=0.0/s avg=0.00ms | present calls=38.4/s waits=0.0/s clear=0.0/s timeouts=0.0/s avg=0.00ms | max=0.00ms (process)
01:07:15.582  === Vulkan CreateFeature1 #6  feature_id=1  VkDevice=000000002FE600D0  thread 4764 ===
01:07:15.603  [feature-lifecycle] Vulkan created feature=1 handle=000000280A153DB0 generation=2 live=1
01:07:15.603  === Vulkan CreateFeature1 #6 returned 1, handle=000000280A153DB0 ===
01:07:15.605  [fg-history] native game SR Reset=1; foreground=1.
01:07:15.605  === Vulkan CreateFeature1 #7  feature_id=18  VkDevice=000000002FE600D0  thread 4764 ===
01:07:15.605  === Vulkan CreateFeature1 #7 returned -1160773630, handle=0000000000000000 ===
01:07:15.608  qpc=4483311732559 [focus-fg] game SetOptions unchanged: readable=1 version=4 mode=1 generated=3 flags=0x0 retain_when_off=0 guides=0x0 colour=0x0 result=0x0 foreground=1 minimized=0
01:07:15.611  === Vulkan CreateFeature1 #8  feature_id=11  VkDevice=000000002FE600D0  thread 4764 ===
01:07:15.656  [feature-lifecycle] Vulkan created feature=11 handle=000000280A4981D0 generation=3 live=2
01:07:15.656  === Vulkan CreateFeature1 #8 returned 1, handle=000000280A4981D0 ===
01:07:15.665  [fg-history] native game SR Reset=0; foreground=1.
01:07:15.666  === Vulkan CreateFeature1 #9  feature_id=18  VkDevice=000000002FE600D0  thread 4764 ===
01:07:15.666  === Vulkan CreateFeature1 #9 returned -1160773630, handle=0000000000000000 ===
01:07:15.803  [present-adapter] enabled, idle. Awaiting a new request token; existing requests are ignored.
01:07:15.804  [fg-input] AutoRun: continuous NR at the frame-generation input; a request with frames=0 stops it. pipeline=serial park
01:07:15.805  
01:07:15.805  ################ synth: opening on this add-on's own D3D12 device ################
01:07:15.810  [bridge] D3D12 device created at feature level 12_1.
01:07:15.810  [bridge] the D3D12 device came back wrapped by ReShade: 0000002695E5BAB0 over 0000000162355060. NGX is given the unwrapped one, so no other add-on is handed D3D12 objects it never asked for.
01:07:15.810  [bridge] add-ons loaded at this point, with their bases:
01:07:15.811  [bridge]   dlss5-bridge.addon64 at 00007FFA3DD90000
01:07:15.811  [bridge]   renodx-dlss5.addon64 at 000000007FAA0000
01:07:15.811  [bridge]   renodx-endfield-enhancer.addon64 at 00007FFA2AAF0000
01:07:15.842  [synth] this add-on's own D3D12 device is 0000000162355060 and its graphics queue is 00000001340CA920
01:07:15.843  [bridge] NGX D3D12 entry points taken from C:\WINDOWS\System32\DriverStore\FileRepository\nv_dispsi.inf_amd64_b8459fc8f905f657\_nvngx.dll
01:07:15.843  [synth] NGX data path: C:\Program Files\Hypergryph Launcher\games\Endfield Game\
01:07:16.004  [composition-guard] shown at 3840,0 alpha=1
01:07:16.062  NGX layer 4: C:\Program Files\Hypergryph Launcher\games\Endfield Game\nvngx_dlss.dll (base=00007FF8AE410000)
01:07:16.063    version 310.5.2.0
01:07:16.063    NVSDK_NGX_D3D11_CreateFeature     = 00007FF8AE455160
01:07:16.063    NVSDK_NGX_D3D11_EvaluateFeature   = 00007FF8AE4552C0
01:07:16.063    NVSDK_NGX_D3D11_EvaluateFeature_C = 0000000000000000
01:07:16.063    NVSDK_NGX_D3D11_ReleaseFeature    = 00007FF8AE455720
01:07:16.063    CreateFeature    prologue: 48 89 5C 24 08 48 89 6C 24 10 56 57 41 56 
01:07:16.063    EvaluateFeature  prologue: 48 89 5C 24 08 48 89 6C 24 10 48 89 74 24 
01:07:16.308      00007FF8AE455720 is a thunk table entry; the hook goes to its destination 00007FF8AE453440 so the patch does not overwrite the entries beside it.
01:07:16.430    hooked: CreateFeature=yes EvaluateFeature=yes EvaluateFeature_C=absent
01:07:16.431    hooked: D3D11 ReleaseFeature=yes
01:07:16.431    NVSDK_NGX_VULKAN_CreateFeature     = 00007FF8AE4D79C0
01:07:16.431    NVSDK_NGX_VULKAN_CreateFeature1    = 00007FF8AE4D79E0
01:07:16.431    NVSDK_NGX_VULKAN_EvaluateFeature   = 00007FF8AE4D79F0
01:07:16.431    NVSDK_NGX_VULKAN_EvaluateFeature_C = 0000000000000000
01:07:16.431    NVSDK_NGX_VULKAN_ReleaseFeature    = 00007FF8AE4D8020
01:07:16.431    VK CreateFeature prologue: 48 83 EC 38 4C 89 4C 24 20 4D 8B C8 44 8B 
01:07:16.431    VK CreateFeature1 prologue: E9 4B F1 FF FF CC CC CC CC CC CC CC CC CC  <== a thunk into its own module, not a hook
01:07:16.431        the hook jumps into C:\Program Files\Hypergryph Launcher\games\Endfield Game\nvngx_dlss.dll +0xC6B30
01:07:16.432    VK EvaluateFeature prologue: 48 89 5C 24 08 48 89 6C 24 10 48 89 74 24 
01:07:16.550      00007FF8AE4D79E0 is a thunk table entry; the hook goes to its destination 00007FF8AE4D6B30 so the patch does not overwrite the entries beside it.
01:07:16.791      00007FF8AE4D8020 is a thunk table entry; the hook goes to its destination 00007FF8AE4D6F90 so the patch does not overwrite the entries beside it.
01:07:16.915    hooked: VULKAN CreateFeature=yes CreateFeature1=yes EvaluateFeature=yes EvaluateFeature_C=absent
01:07:16.915    hooked: VULKAN ReleaseFeature=yes
01:07:16.922  [synth] Init_Ext(version=0x13) -> ok
01:07:16.922  [synth] D3D12 session ready on this add-on's own D3D12 device. The frame does not start on this device, so every texture NGX reads is created shareable here and imported by the API the game renders with.
01:07:16.923  [synth] Vulkan side ready: VkDevice 000000002FE600D0, VK_KHR_external_memory_win32 enabled, VK_KHR_push_descriptor enabled, 23 entry points resolved out of vulkan-1.dll with no import of it.
01:07:16.923  [fg-colour] active=5120x2160 HUD-less texture=5120x2160 origin=0,0 backbuffer texture=5120x2160 origin=0,0; outside pixels preserved.
01:07:16.923  [fg-input] building the private feature and its Vulkan import for 5120x2160 R8G8B8A8_UNORM
01:07:16.930  [bridge] shader compiler: C:\Program Files\Hypergryph Launcher\games\Endfield Game\d3dcompiler_47.dll
01:07:16.938  [bridge] sRGB conversion ready: R8G8B8A8_UNORM -> linear BT.709 (normalized SDR) -> original encoding.
01:07:16.938  [synth] colour in R8G8B8A8_UNORM, output R8G8B8A8_UNORM -- the frame is copied into the first and the result is copied back out of the second, because NGX reads one as a shader resource and writes the other through a UAV in the same call.
01:07:16.938  [synth]   Color  fmt 28 5120x2160 flags=0x20: sample yes, typed UAV yes, UAV load yes, UAV store yes
01:07:16.938  [synth]   Output fmt 28 5120x2160 flags=0x24: sample yes, typed UAV yes, UAV load yes, UAV store yes
01:07:16.938  [synth]   Depth  fmt 41 5120x2160 flags=0x20: sample yes, typed UAV yes, UAV load yes, UAV store yes
01:07:16.938  [synth]   MV     fmt 34 5120x2160 flags=0x20: sample yes, typed UAV yes, UAV load yes, UAV store yes
01:07:16.938  [bridge] the synthetic contract's create flags 8: DepthInverted
01:07:17.025  [synth] feature ready on this add-on's own D3D12 device: 5120x2160 -> 5120x2160 handle=00000029211CB190
01:07:17.025  [synth] imported memory: the image allows types 0x00000003, the imported handle allows 0x00000002 (query returned 0), and the lowest of the two together is taken, index 1. UNVERIFIED on AMD and on Intel -- if the import fails or the picture is wrong on one of those, this line is the first thing to compare.
01:07:17.026  [synth] 5 D3D12 textures imported into the game's VkDevice -- the four slots, and the pipeline's second Output -- and a 44236800-byte buffer made for the depth aspect to travel through.
01:07:17.027  [present-adapter] NGX evaluate module: _nvngx.dll internal=nvngx.dll product=NGX.
01:07:17.027  [present-adapter] NGX evaluate module: 160_E658700.bin internal=DLSS product=NVIDIA Deep Learning SuperSampling.
01:07:17.027  [present-adapter] NGX evaluate module: 160_E658700.bin internal=DLSS-G product=NVIDIA DLSS-G MFGLW.
01:07:17.028  [present-adapter] NGX evaluate module: nvngx_deepdvc.dll internal=DEEPDVC product=NVIDIA DEEPDVC.
01:07:17.028  [present-adapter] NGX evaluate module: nvngx_dlssd.dll internal=DLSS product=NVIDIA DLSS Ray Reconstruction.
01:07:17.028  [present-adapter] NGX evaluate module: nvngx_dlssnr.dll internal=DLSSNR product=NVIDIA DLSSNR.
01:07:17.147  [present-adapter] private SR carrier copy ready on 160_E658700.bin; external SR calls remain tail-forwarded.
01:07:17.264  [present-adapter] NR entry witness ready (tail-forward, CPU observation only).
01:07:17.269  [fg-input] ready: HUD-less -> linear sRGB carrier -> Generic NR -> UI-preserving composite; FG interpolates processed frames. guides: mv=game (scale 5120.000,2160.000) depth=game inverted=1
01:07:17.269  [fg-history] FG Reset burst starts; contract_changed=1 bridge_pending=1 foreground=1.
01:07:17.269  [fg-guides] output=5120x2160 depth=5120x2160 rect=0,0+5120x2160 mv=5120x2160 rect=0,0+5120x2160 mv-scale=5120,2160 carrier-scale=5120,2160 jitter=-0.125,-0.277778 jittered=0 inverted=1 reset=1 gpu-nearest=0/0.
01:07:17.271  === Vulkan CreateFeature1 #10  feature_id=18  VkDevice=000000002FE600D0  thread 4764 ===
01:07:17.271  [fg-census] evaluate observed: MultiFrameIndex=2 thread=65332
01:07:17.271  [fg-census] pass 1 begins: 131 keys, types tried u/i/f/d/ull/ptr.
01:07:17.271  === Vulkan CreateFeature1 #10 returned -1160773630, handle=0000000000000000 ===
01:07:17.271  [fg-census] DLSSG.AutomodeOverrideReset u=0 i=0 f=0 d=0 ull=0
01:07:17.272  [fg-census] DLSSG.Backbuffer ptr=0000002695ED15D8
01:07:17.272  [fg-census] DLSSG.BackbufferFormat u=37 i=37 f=37 d=37 ull=37
01:07:17.273  [fg-census] DLSSG.BackbufferFrameID ptr=0000000000000250
01:07:17.273  [fg-census] DLSSG.BackbufferSubrectBaseX u=0 i=0 f=0 d=0 ull=0
01:07:17.273  [fg-census] DLSSG.BackbufferSubrectBaseY u=0 i=0 f=0 d=0 ull=0
01:07:17.273  [fg-census] DLSSG.BackbufferSubrectHeight u=2160 i=2160 f=2160 d=2160 ull=2160
01:07:17.273  [fg-census] DLSSG.BackbufferSubrectWidth u=5120 i=5120 f=5120 d=5120 ull=5120
01:07:17.273  [fg-census] DLSSG.BidirectionalDistortionField ptr=0000000000000000
01:07:17.273  [fg-census] DLSSG.BidirectionalDistortionFieldLowPrecision.Bias u=0 i=0 f=0 d=0 ull=0
01:07:17.273  [fg-census] DLSSG.BidirectionalDistortionFieldLowPrecision.IsLowPrecision u=0 i=0 f=0 d=0 ull=0
01:07:17.273  [fg-census] DLSSG.BidirectionalDistortionFieldLowPrecision.Scale u=1 i=1 f=1 d=1 ull=1
01:07:17.273  [fg-census] DLSSG.BidirectionalDistortionFieldSubrectBaseX u=0 i=0 f=0 d=0 ull=0
01:07:17.274  [fg-census] DLSSG.BidirectionalDistortionFieldSubrectBaseY u=0 i=0 f=0 d=0 ull=0
01:07:17.274  [fg-census] DLSSG.BidirectionalDistortionFieldSubrectHeight u=0 i=0 f=0 d=0 ull=0
01:07:17.274  [fg-census] DLSSG.BidirectionalDistortionFieldSubrectWidth u=0 i=0 f=0 d=0 ull=0
01:07:17.274  [fg-census] DLSSG.CameraAspectRatio u=2 i=2 f=2.37037 d=2.37037039 ull=2
01:07:17.274  [fg-census] DLSSG.CameraFOV u=1 i=1 f=1.0472 d=1.04719758 ull=1
01:07:17.275  [fg-census] DLSSG.CameraFar u=10000 i=10000 f=10000 d=10000 ull=10000
01:07:17.275  [fg-census] DLSSG.CameraFwdX u=0 i=0 f=-0.221644 d=-0.221644327 ull=0
01:07:17.275  [fg-census] DLSSG.CameraFwdY u=0 i=0 f=0.170141 d=0.170141429 ull=0
01:07:17.275  [fg-input] frame=1 5120x2160 vkfmt=37 mode=NR pipeline=serial nr_entries=0 sr_entries=1 sr_copies=1 ok=1 busy_skips=0 token=1.
01:07:17.275  [fg-census] DLSSG.CameraFwdZ u=0 i=0 f=-0.96017 d=-0.960169673 ull=0
01:07:17.276  [fg-census] DLSSG.CameraMotionIncluded u=1 i=1 f=1 d=1 ull=1
01:07:17.276  [fg-census] DLSSG.CameraNear u=0 i=0 f=0.1 d=0.100000001 ull=0
01:07:17.276  [fg-census] DLSSG.CameraPinholeOffsetX u=0 i=0 f=0 d=0 ull=0
01:07:17.276  [fg-census] DLSSG.CameraPinholeOffsetY u=0 i=0 f=0 d=0 ull=0
01:07:17.276  [fg-census] DLSSG.CameraPosX u=0 i=0 f=5.96046e-08 d=5.96046448e-08 ull=0
01:07:17.276  [fg-census] DLSSG.CameraPosY u=4294967295 i=-1 f=-1.37852 d=-1.37852454 ull=18446744073709551615
01:07:17.276  [fg-census] DLSSG.CameraPosZ u=4294967293 i=-3 f=-3.86705 d=-3.86705446 ull=18446744073709551613
01:07:17.277  [fg-census] DLSSG.CameraRightX u=0 i=0 f=-0.975128 d=-0.975127697 ull=0
01:07:17.277  [fg-census] DLSSG.CameraRightY u=0 i=0 f=-0.0386728 d=-0.0386727676 ull=0
01:07:17.277  [fg-census] DLSSG.CameraRightZ u=0 i=0 f=0.218244 d=0.218244419 ull=0
01:07:17.277  [fg-census] DLSSG.CameraUpX u=0 i=0 f=0 d=0 ull=0
01:07:17.277  [fg-census] DLSSG.CameraUpY u=0 i=0 f=0.984661 d=0.984660506 ull=0
01:07:17.277  [fg-census] DLSSG.CameraUpZ u=0 i=0 f=0.174481 d=0.174481213 ull=0
01:07:17.278  [fg-census] DLSSG.CameraViewToClip ptr=0000002695ED1828 m=[0.7307 0 0 0 | 0 1.732 0 0 | 0 0 9.954e-06 -1 | 0 0 0.1 0]
01:07:17.278  [fg-census] DLSSG.ClipToCameraView ptr=0000002695ED1868 m=[1.369 -0 -0 0 | 0 -0.5774 -0 0 | 0 -0 -0 10 | 0 -0 -1 9.954e-05]
01:07:17.278  [fg-census] DLSSG.ClipToLensClip ptr=0000002695ED18A8 m=[1 0 0 0 | 0 1 0 0 | 0 0 1 0 | 0 0 0 1]
01:07:17.278  [fg-census] DLSSG.ClipToPrevClip ptr=0000002695ED18E8 m=[1 7.451e-09 2.274e-13 -2.98e-08 | 0 1 1.705e-13 -7.451e-09 | -4.131e-08 0 1 3.815e-06 | 4.335e-12 5.233e-08 9.095e-13 1]
01:07:17.278  [fg-census] DLSSG.CmdAlloc ptr=00000000408A19D0
01:07:17.278  [fg-census] DLSSG.CmdQueue ptr=000000002EB93CD0
01:07:17.278  [fg-census] DLSSG.ColorBuffersHDR u=0 i=0 f=0 d=0 ull=0
01:07:17.278  [fg-census] DLSSG.Depth ptr=0000002695ED14B8
01:07:17.279  [fg-census] DLSSG.DepthInverted u=1 i=1 f=1 d=1 ull=1
01:07:17.279  [fg-census] DLSSG.DepthSubrectBaseX u=0 i=0 f=0 d=0 ull=0
01:07:17.279  [fg-census] DLSSG.DepthSubrectBaseY u=0 i=0 f=0 d=0 ull=0
01:07:17.279  [fg-census] DLSSG.DepthSubrectHeight u=2160 i=2160 f=2160 d=2160 ull=2160
01:07:17.279  [fg-census] DLSSG.DepthSubrectWidth u=5120 i=5120 f=5120 d=5120 ull=5120
01:07:17.279  [fg-census] DLSSG.Dynamic.ReflexDriven u=0 i=0 f=0 d=0 ull=0
01:07:17.280  [fg-census] DLSSG.DynamicMaxFrameCount u=5 i=5 f=5 d=5 ull=5
01:07:17.280  [fg-census] DLSSG.DynamicResolution u=0 i=0 f=0 d=0 ull=0
01:07:17.280  [fg-census] DLSSG.EnableInterp u=1 i=1 f=1 d=1 ull=1
01:07:17.280  [fg-census] DLSSG.EstimateVRAMCallback ptr=00007FF942CF7A90
01:07:17.280  [fg-census] DLSSG.EvalFlags u=0 i=0 f=0 d=0 ull=0
01:07:17.280  [fg-census] DLSSG.FenceEvent ptr=0000000000000000
01:07:17.280  [fg-census] DLSSG.FlipMetering u=0 i=0 f=0 d=0 ull=0
01:07:17.280  [fg-census] DLSSG.HUDLess ptr=0000002695ED1638
01:07:17.280  [fg-census] DLSSG.HUDLessSubrectBaseX u=0 i=0 f=0 d=0 ull=0
01:07:17.280  [fg-census] DLSSG.HUDLessSubrectBaseY u=0 i=0 f=0 d=0 ull=0
01:07:17.280  [fg-census] DLSSG.HUDLessSubrectHeight u=2160 i=2160 f=2160 d=2160 ull=2160
01:07:17.281  [fg-census] DLSSG.HUDLessSubrectWidth u=5120 i=5120 f=5120 d=5120 ull=5120
01:07:17.281  [fg-census] DLSSG.Height u=2160 i=2160 f=2160 d=2160 ull=2160
01:07:17.281  [fg-census] DLSSG.InternalHeight u=0 i=0 f=0 d=0 ull=0
01:07:17.281  [fg-census] DLSSG.InternalWidth u=0 i=0 f=0 d=0 ull=0
01:07:17.281  [fg-census] DLSSG.IsRecording u=1 i=1 f=1 d=1 ull=1
01:07:17.281  [fg-census] DLSSG.JitterOffsetX u=0 i=0 f=-0.125 d=-0.125 ull=0
01:07:17.282  [fg-census] DLSSG.JitterOffsetY u=0 i=0 f=-0.277778 d=-0.277777791 ull=0
01:07:17.282  [fg-census] DLSSG.MVecs ptr=0000002695ED1518
01:07:17.282  [fg-census] DLSSG.MVecsSubrectBaseX u=0 i=0 f=0 d=0 ull=0
01:07:17.282  [fg-census] DLSSG.MVecsSubrectBaseY u=0 i=0 f=0 d=0 ull=0
01:07:17.282  [fg-census] DLSSG.MVecsSubrectHeight u=2160 i=2160 f=2160 d=2160 ull=2160
01:07:17.282  [fg-census] DLSSG.MVecsSubrectWidth u=5120 i=5120 f=5120 d=5120 ull=5120
01:07:17.282  [fg-census] DLSSG.MenuDetectionEnabled u=0 i=0 f=0 d=0 ull=0
01:07:17.282  [fg-census] DLSSG.MinRelativeLinearDepthObjectSeparation u=40 i=40 f=40 d=40 ull=40
01:07:17.282  [fg-census] DLSSG.ModelVersion u=512 i=512 f=512 d=512 ull=512
01:07:17.283  [fg-census] DLSSG.MultiFrameCount u=3 i=3 f=3 d=3 ull=3
01:07:17.283  [fg-census] DLSSG.MultiFrameCountMax u=5 i=5 f=5 d=5 ull=5
01:07:17.283  [fg-census] DLSSG.MultiFrameIndex u=2 i=2 f=2 d=2 ull=2
01:07:17.283  [fg-census] DLSSG.MvecDilated u=0 i=0 f=0 d=0 ull=0
01:07:17.283  [fg-census] DLSSG.MvecInvalidValue u=0 i=-2147483648 f=3.40282e+38 d=3.40282347e+38 ull=9223372036854775808
01:07:17.283  [fg-census] DLSSG.MvecJittered u=0 i=0 f=0 d=0 ull=0
01:07:17.283  [fg-census] DLSSG.MvecScaleX u=5120 i=5120 f=5120 d=5120 ull=5120
01:07:17.283  [fg-census] DLSSG.MvecScaleY u=2160 i=2160 f=2160 d=2160 ull=2160
01:07:17.283  [fg-census] DLSSG.NoWarp ptr=0000000000000000
01:07:17.283  [fg-census] DLSSG.NoWarpSubrectBaseX u=0 i=0 f=0 d=0 ull=0
01:07:17.283  [fg-census] DLSSG.NoWarpSubrectBaseY u=0 i=0 f=0 d=0 ull=0
01:07:17.283  [fg-census] DLSSG.NoWarpSubrectHeight u=0 i=0 f=0 d=0 ull=0
01:07:17.283  [fg-census] DLSSG.NoWarpSubrectWidth u=0 i=0 f=0 d=0 ull=0
01:07:17.284  [fg-census] DLSSG.NotRenderingGameFrames u=0 i=0 f=0 d=0 ull=0
01:07:17.284  [fg-census] DLSSG.OrthoProjection u=0 i=0 f=0 d=0 ull=0
01:07:17.284  [fg-census] DLSSG.OutputDisableInterpolation ptr=0000002695ED17B8
01:07:17.284  [fg-census] DLSSG.OutputInterpolated ptr=0000002696956C98
01:07:17.284  [fg-census] DLSSG.OutputReal ptr=0000000000000000
01:07:17.284  [fg-census] DLSSG.PrevClipToClip ptr=0000002695ED1928 m=[1 -7.451e-09 -2.274e-13 2.98e-08 | -3.934e-20 1 -1.705e-13 7.451e-09 | 4.131e-08 1.993e-13 1 -3.815e-06 | -4.335e-12 -5.233e-08 -9.095e-13 1]
01:07:17.285  [fg-census] DLSSG.QueueSubmitCallback ptr=0000000000000000
01:07:17.285  [fg-census] DLSSG.QueueSubmitCallbackData ptr=0000000000000000
01:07:17.285  [fg-census] DLSSG.RefreshRate u=119 i=119 f=119.996 d=119.996002 ull=119
01:07:17.285  [fg-census] DLSSG.Reset u=1 i=1 f=1 d=1 ull=1
01:07:17.285  [fg-census] DLSSG.StreamlineMode u=1 i=1 f=1 d=1 ull=1
01:07:17.285  [fg-census] DLSSG.StreamlineVersionTag ptr=00007FFA9AD2CB50
01:07:17.286  [fg-census] DLSSG.SyncFlushCallback ptr=0000000000000000
01:07:17.286  [fg-census] DLSSG.SyncFlushCallbackData ptr=0000000000000000
01:07:17.286  [fg-census] DLSSG.SyncSignalCallback ptr=0000000000000000
01:07:17.286  [fg-census] DLSSG.SyncSignalCallbackData ptr=0000000000000000
01:07:17.286  [fg-census] DLSSG.SyncSignalOnlyCallback ptr=0000000000000000
01:07:17.286  [fg-census] DLSSG.SyncSignalOnlyCallbackData ptr=0000000000000000
01:07:17.286  [fg-census] DLSSG.SyncWaitCallback ptr=0000000000000000
01:07:17.286  [fg-census] DLSSG.SyncWaitCallbackData ptr=0000000000000000
01:07:17.287  [fg-census] DLSSG.SyncWaitOnlyCallback ptr=0000000000000000
01:07:17.287  [fg-census] DLSSG.SyncWaitOnlyCallbackData ptr=0000000000000000
01:07:17.287  [fg-census] DLSSG.TargetFrameRate u=119 i=119 f=119.996 d=119.996002 ull=119
01:07:17.287  [fg-census] DLSSG.UI ptr=0000000000000000
01:07:17.287  [fg-census] DLSSG.UIAlpha ptr=0000000000000000
01:07:17.287  [fg-census] DLSSG.UIAlphaSubrectBaseX u=0 i=0 f=0 d=0 ull=0
01:07:17.287  [fg-census] DLSSG.UIAlphaSubrectBaseY u=0 i=0 f=0 d=0 ull=0
01:07:17.287  [fg-census] DLSSG.UIAlphaSubrectHeight u=0 i=0 f=0 d=0 ull=0
01:07:17.287  [fg-census] DLSSG.UIAlphaSubrectWidth u=0 i=0 f=0 d=0 ull=0
01:07:17.287  [fg-census] DLSSG.UISubrectBaseX u=0 i=0 f=0 d=0 ull=0
01:07:17.288  [fg-census] DLSSG.UISubrectBaseY u=0 i=0 f=0 d=0 ull=0
01:07:17.288  [fg-census] DLSSG.UISubrectHeight u=0 i=0 f=0 d=0 ull=0
01:07:17.288  [fg-census] DLSSG.UISubrectWidth u=0 i=0 f=0 d=0 ull=0
01:07:17.288  [fg-census] DLSSG.UserInterfaceRecompositionEnabled u=0 i=0 f=0 d=0 ull=0
01:07:17.288  [fg-census] DLSSG.VSyncDriverRequested u=1 i=1 f=1 d=1 ull=1
01:07:17.288  [fg-census] DLSSG.VSyncOn u=0 i=0 f=0 d=0 ull=0
01:07:17.288  [fg-census] DLSSG.VSyncSupported u=0 i=0 f=0 d=0 ull=0
01:07:17.288  [fg-census] DLSSG.VkOFAModeRequest u=1 i=1 f=1 d=1 ull=1
01:07:17.288  [fg-census] DLSSG.Width u=5120 i=5120 f=5120 d=5120 ull=5120
01:07:17.288  [fg-census] DLSSG.run_lowres_mvec_pass u=1 i=1 f=1 d=1 ull=1
01:07:17.288  [fg-census] pass 1 ends.
01:07:17.289  [fg-census] evaluate observed: MultiFrameIndex=3 thread=65332
01:07:17.289  [fg-census] pass 2 begins: 131 keys, types tried u/i/f/d/ull/ptr.
01:07:17.289  [fg-census] DLSSG.AutomodeOverrideReset u=0 i=0 f=0 d=0 ull=0
01:07:17.289  [fg-census] DLSSG.Backbuffer ptr=0000002695ED15D8
01:07:17.289  [fg-census] DLSSG.BackbufferFormat u=37 i=37 f=37 d=37 ull=37
01:07:17.290  [fg-census] DLSSG.BackbufferFrameID ptr=0000000000000250
01:07:17.290  [fg-census] DLSSG.BackbufferSubrectBaseX u=0 i=0 f=0 d=0 ull=0
01:07:17.290  [fg-census] DLSSG.BackbufferSubrectBaseY u=0 i=0 f=0 d=0 ull=0
01:07:17.290  [fg-census] DLSSG.BackbufferSubrectHeight u=2160 i=2160 f=2160 d=2160 ull=2160
01:07:17.290  [fg-census] DLSSG.BackbufferSubrectWidth u=5120 i=5120 f=5120 d=5120 ull=5120
01:07:17.290  [fg-census] DLSSG.BidirectionalDistortionField ptr=0000000000000000
01:07:17.290  [fg-census] DLSSG.BidirectionalDistortionFieldLowPrecision.Bias u=0 i=0 f=0 d=0 ull=0
01:07:17.290  [fg-census] DLSSG.BidirectionalDistortionFieldLowPrecision.IsLowPrecision u=0 i=0 f=0 d=0 ull=0
01:07:17.291  [fg-census] DLSSG.BidirectionalDistortionFieldLowPrecision.Scale u=1 i=1 f=1 d=1 ull=1
01:07:17.291  [fg-census] DLSSG.BidirectionalDistortionFieldSubrectBaseX u=0 i=0 f=0 d=0 ull=0
01:07:17.291  [fg-census] DLSSG.BidirectionalDistortionFieldSubrectBaseY u=0 i=0 f=0 d=0 ull=0
01:07:17.291  [fg-census] DLSSG.BidirectionalDistortionFieldSubrectHeight u=0 i=0 f=0 d=0 ull=0
01:07:17.291  [fg-census] DLSSG.BidirectionalDistortionFieldSubrectWidth u=0 i=0 f=0 d=0 ull=0
01:07:17.291  [fg-census] DLSSG.CameraAspectRatio u=2 i=2 f=2.37037 d=2.37037039 ull=2
01:07:17.291  [fg-census] DLSSG.CameraFOV u=1 i=1 f=1.0472 d=1.04719758 ull=1
01:07:17.291  [fg-census] DLSSG.CameraFar u=10000 i=10000 f=10000 d=10000 ull=10000
01:07:17.291  [fg-census] DLSSG.CameraFwdX u=0 i=0 f=-0.221644 d=-0.221644327 ull=0
01:07:17.291  [fg-census] DLSSG.CameraFwdY u=0 i=0 f=0.170141 d=0.170141429 ull=0
01:07:17.291  [fg-census] DLSSG.CameraFwdZ u=0 i=0 f=-0.96017 d=-0.960169673 ull=0
01:07:17.292  [fg-census] DLSSG.CameraMotionIncluded u=1 i=1 f=1 d=1 ull=1
01:07:17.292  [fg-census] DLSSG.CameraNear u=0 i=0 f=0.1 d=0.100000001 ull=0
01:07:17.292  [fg-census] DLSSG.CameraPinholeOffsetX u=0 i=0 f=0 d=0 ull=0
01:07:17.292  [fg-census] DLSSG.CameraPinholeOffsetY u=0 i=0 f=0 d=0 ull=0
01:07:17.292  [fg-census] DLSSG.CameraPosX u=0 i=0 f=5.96046e-08 d=5.96046448e-08 ull=0
01:07:17.292  [fg-census] DLSSG.CameraPosY u=4294967295 i=-1 f=-1.37852 d=-1.37852454 ull=18446744073709551615
01:07:17.292  [fg-census] DLSSG.CameraPosZ u=4294967293 i=-3 f=-3.86705 d=-3.86705446 ull=18446744073709551613
01:07:17.292  [fg-census] DLSSG.CameraRightX u=0 i=0 f=-0.975128 d=-0.975127697 ull=0
01:07:17.292  [fg-census] DLSSG.CameraRightY u=0 i=0 f=-0.0386728 d=-0.0386727676 ull=0
01:07:17.293  [fg-census] DLSSG.CameraRightZ u=0 i=0 f=0.218244 d=0.218244419 ull=0
01:07:17.293  [fg-census] DLSSG.CameraUpX u=0 i=0 f=0 d=0 ull=0
01:07:17.293  [fg-census] DLSSG.CameraUpY u=0 i=0 f=0.984661 d=0.984660506 ull=0
01:07:17.293  [fg-census] DLSSG.CameraUpZ u=0 i=0 f=0.174481 d=0.174481213 ull=0
01:07:17.293  [fg-census] DLSSG.CameraViewToClip ptr=0000002695ED1828 m=[0.7307 0 0 0 | 0 1.732 0 0 | 0 0 9.954e-06 -1 | 0 0 0.1 0]
01:07:17.293  [fg-census] DLSSG.ClipToCameraView ptr=0000002695ED1868 m=[1.369 -0 -0 0 | 0 -0.5774 -0 0 | 0 -0 -0 10 | 0 -0 -1 9.954e-05]
01:07:17.293  [fg-census] DLSSG.ClipToLensClip ptr=0000002695ED18A8 m=[1 0 0 0 | 0 1 0 0 | 0 0 1 0 | 0 0 0 1]
01:07:17.293  [fg-census] DLSSG.ClipToPrevClip ptr=0000002695ED18E8 m=[1 7.451e-09 2.274e-13 -2.98e-08 | 0 1 1.705e-13 -7.451e-09 | -4.131e-08 0 1 3.815e-06 | 4.335e-12 5.233e-08 9.095e-13 1]
01:07:17.293  [fg-census] DLSSG.CmdAlloc ptr=00000000408A1ED0
01:07:17.293  [fg-census] DLSSG.CmdQueue ptr=000000002EB93CD0
01:07:17.293  [fg-census] DLSSG.ColorBuffersHDR u=0 i=0 f=0 d=0 ull=0
01:07:17.293  [fg-census] DLSSG.Depth ptr=0000002695ED14B8
01:07:17.294  [fg-census] DLSSG.DepthInverted u=1 i=1 f=1 d=1 ull=1
01:07:17.294  [fg-census] DLSSG.DepthSubrectBaseX u=0 i=0 f=0 d=0 ull=0
01:07:17.294  [fg-census] DLSSG.DepthSubrectBaseY u=0 i=0 f=0 d=0 ull=0
01:07:17.295  [fg-census] DLSSG.DepthSubrectHeight u=2160 i=2160 f=2160 d=2160 ull=2160
01:07:17.295  [fg-census] DLSSG.DepthSubrectWidth u=5120 i=5120 f=5120 d=5120 ull=5120
01:07:17.295  [fg-census] DLSSG.Dynamic.ReflexDriven u=0 i=0 f=0 d=0 ull=0
01:07:17.295  [fg-census] DLSSG.DynamicMaxFrameCount u=5 i=5 f=5 d=5 ull=5
01:07:17.295  [fg-census] DLSSG.DynamicResolution u=0 i=0 f=0 d=0 ull=0
01:07:17.295  [fg-census] DLSSG.EnableInterp u=1 i=1 f=1 d=1 ull=1
01:07:17.295  [fg-census] DLSSG.EstimateVRAMCallback ptr=00007FF942CF7A90
01:07:17.295  [fg-census] DLSSG.EvalFlags u=0 i=0 f=0 d=0 ull=0
01:07:17.296  [fg-census] DLSSG.FenceEvent ptr=0000000000000000
01:07:17.296  [fg-census] DLSSG.FlipMetering u=0 i=0 f=0 d=0 ull=0
01:07:17.296  [fg-census] DLSSG.HUDLess ptr=0000002695ED1638
01:07:17.296  [fg-census] DLSSG.HUDLessSubrectBaseX u=0 i=0 f=0 d=0 ull=0
01:07:17.296  [fg-census] DLSSG.HUDLessSubrectBaseY u=0 i=0 f=0 d=0 ull=0
01:07:17.296  [fg-census] DLSSG.HUDLessSubrectHeight u=2160 i=2160 f=2160 d=2160 ull=2160
01:07:17.296  [fg-census] DLSSG.HUDLessSubrectWidth u=5120 i=5120 f=5120 d=5120 ull=5120
01:07:17.296  [fg-census] DLSSG.Height u=2160 i=2160 f=2160 d=2160 ull=2160
01:07:17.296  [fg-census] DLSSG.InternalHeight u=0 i=0 f=0 d=0 ull=0
01:07:17.296  [fg-census] DLSSG.InternalWidth u=0 i=0 f=0 d=0 ull=0
01:07:17.297  [fg-census] DLSSG.IsRecording u=1 i=1 f=1 d=1 ull=1
01:07:17.297  [fg-census] DLSSG.JitterOffsetX u=0 i=0 f=-0.125 d=-0.125 ull=0
01:07:17.297  [fg-census] DLSSG.JitterOffsetY u=0 i=0 f=-0.277778 d=-0.277777791 ull=0
01:07:17.297  [fg-census] DLSSG.MVecs ptr=0000002695ED1518
01:07:17.297  [fg-census] DLSSG.MVecsSubrectBaseX u=0 i=0 f=0 d=0 ull=0
01:07:17.297  [fg-census] DLSSG.MVecsSubrectBaseY u=0 i=0 f=0 d=0 ull=0
01:07:17.297  [fg-census] DLSSG.MVecsSubrectHeight u=2160 i=2160 f=2160 d=2160 ull=2160
01:07:17.297  [fg-census] DLSSG.MVecsSubrectWidth u=5120 i=5120 f=5120 d=5120 ull=5120
01:07:17.297  [fg-census] DLSSG.MenuDetectionEnabled u=0 i=0 f=0 d=0 ull=0
01:07:17.297  [fg-census] DLSSG.MinRelativeLinearDepthObjectSeparation u=40 i=40 f=40 d=40 ull=40
01:07:17.297  [fg-census] DLSSG.ModelVersion u=512 i=512 f=512 d=512 ull=512
01:07:17.298  [fg-census] DLSSG.MultiFrameCount u=3 i=3 f=3 d=3 ull=3
01:07:17.298  [fg-census] DLSSG.MultiFrameCountMax u=5 i=5 f=5 d=5 ull=5
01:07:17.298  [fg-census] DLSSG.MultiFrameIndex u=3 i=3 f=3 d=3 ull=3
01:07:17.298  [fg-census] DLSSG.MvecDilated u=0 i=0 f=0 d=0 ull=0
01:07:17.298  [fg-census] DLSSG.MvecInvalidValue u=0 i=-2147483648 f=3.40282e+38 d=3.40282347e+38 ull=9223372036854775808
01:07:17.298  [fg-census] DLSSG.MvecJittered u=0 i=0 f=0 d=0 ull=0
01:07:17.298  [fg-census] DLSSG.MvecScaleX u=5120 i=5120 f=5120 d=5120 ull=5120
01:07:17.298  [fg-census] DLSSG.MvecScaleY u=2160 i=2160 f=2160 d=2160 ull=2160
01:07:17.298  [fg-census] DLSSG.NoWarp ptr=0000000000000000
01:07:17.298  [fg-census] DLSSG.NoWarpSubrectBaseX u=0 i=0 f=0 d=0 ull=0
01:07:17.298  [fg-census] DLSSG.NoWarpSubrectBaseY u=0 i=0 f=0 d=0 ull=0
01:07:17.299  [fg-census] DLSSG.NoWarpSubrectHeight u=0 i=0 f=0 d=0 ull=0
01:07:17.299  [fg-census] DLSSG.NoWarpSubrectWidth u=0 i=0 f=0 d=0 ull=0
01:07:17.299  [fg-census] DLSSG.NotRenderingGameFrames u=0 i=0 f=0 d=0 ull=0
01:07:17.299  [fg-census] DLSSG.OrthoProjection u=0 i=0 f=0 d=0 ull=0
01:07:17.299  [fg-census] DLSSG.OutputDisableInterpolation ptr=0000002695ED17B8
01:07:17.299  [fg-census] DLSSG.OutputInterpolated ptr=0000002696956D58
01:07:17.299  [fg-census] DLSSG.OutputReal ptr=0000000000000000
01:07:17.299  [fg-census] DLSSG.PrevClipToClip ptr=0000002695ED1928 m=[1 -7.451e-09 -2.274e-13 2.98e-08 | -3.934e-20 1 -1.705e-13 7.451e-09 | 4.131e-08 1.993e-13 1 -3.815e-06 | -4.335e-12 -5.233e-08 -9.095e-13 1]
01:07:17.299  [fg-census] DLSSG.QueueSubmitCallback ptr=0000000000000000
01:07:17.299  [fg-census] DLSSG.QueueSubmitCallbackData ptr=0000000000000000
01:07:17.300  [fg-census] DLSSG.RefreshRate u=119 i=119 f=119.996 d=119.996002 ull=119
01:07:17.300  [fg-census] DLSSG.Reset u=1 i=1 f=1 d=1 ull=1
01:07:17.300  [fg-census] DLSSG.StreamlineMode u=1 i=1 f=1 d=1 ull=1
01:07:17.300  [fg-census] DLSSG.StreamlineVersionTag ptr=00007FFA9AD2CB50
01:07:17.300  [fg-census] DLSSG.SyncFlushCallback ptr=0000000000000000
01:07:17.300  [fg-census] DLSSG.SyncFlushCallbackData ptr=0000000000000000
01:07:17.300  [fg-census] DLSSG.SyncSignalCallback ptr=0000000000000000
01:07:17.300  [fg-census] DLSSG.SyncSignalCallbackData ptr=0000000000000000
01:07:17.300  [fg-census] DLSSG.SyncSignalOnlyCallback ptr=0000000000000000
01:07:17.300  [fg-census] DLSSG.SyncSignalOnlyCallbackData ptr=0000000000000000
01:07:17.301  [fg-census] DLSSG.SyncWaitCallback ptr=0000000000000000
01:07:17.301  [fg-census] DLSSG.SyncWaitCallbackData ptr=0000000000000000
01:07:17.301  [fg-census] DLSSG.SyncWaitOnlyCallback ptr=0000000000000000
01:07:17.301  [fg-census] DLSSG.SyncWaitOnlyCallbackData ptr=0000000000000000
01:07:17.301  [fg-census] DLSSG.TargetFrameRate u=119 i=119 f=119.996 d=119.996002 ull=119
01:07:17.301  [fg-census] DLSSG.UI ptr=0000000000000000
01:07:17.301  [fg-census] DLSSG.UIAlpha ptr=0000000000000000
01:07:17.301  [fg-census] DLSSG.UIAlphaSubrectBaseX u=0 i=0 f=0 d=0 ull=0
01:07:17.301  [fg-census] DLSSG.UIAlphaSubrectBaseY u=0 i=0 f=0 d=0 ull=0
01:07:17.301  [fg-census] DLSSG.UIAlphaSubrectHeight u=0 i=0 f=0 d=0 ull=0
01:07:17.301  [fg-census] DLSSG.UIAlphaSubrectWidth u=0 i=0 f=0 d=0 ull=0
01:07:17.302  [fg-census] DLSSG.UISubrectBaseX u=0 i=0 f=0 d=0 ull=0
01:07:17.302  [fg-census] DLSSG.UISubrectBaseY u=0 i=0 f=0 d=0 ull=0
01:07:17.302  [fg-census] DLSSG.UISubrectHeight u=0 i=0 f=0 d=0 ull=0
01:07:17.302  [fg-census] DLSSG.UISubrectWidth u=0 i=0 f=0 d=0 ull=0
01:07:17.302  [fg-census] DLSSG.UserInterfaceRecompositionEnabled u=0 i=0 f=0 d=0 ull=0
01:07:17.302  [fg-census] DLSSG.VSyncDriverRequested u=1 i=1 f=1 d=1 ull=1
01:07:17.303  [fg-census] DLSSG.VSyncOn u=0 i=0 f=0 d=0 ull=0
01:07:17.303  [fg-census] DLSSG.VSyncSupported u=0 i=0 f=0 d=0 ull=0
01:07:17.303  [fg-census] DLSSG.VkOFAModeRequest u=1 i=1 f=1 d=1 ull=1
01:07:17.303  [fg-census] DLSSG.Width u=5120 i=5120 f=5120 d=5120 ull=5120
01:07:17.303  [fg-census] DLSSG.run_lowres_mvec_pass u=1 i=1 f=1 d=1 ull=1
01:07:17.303  [fg-census] pass 2 ends.
01:07:17.303  [fg-census] evaluate observed: MultiFrameIndex=1 thread=65332
01:07:17.303  [fg-census] pass 3 begins: 131 keys, types tried u/i/f/d/ull/ptr.
01:07:17.303  [fg-census] DLSSG.AutomodeOverrideReset u=0 i=0 f=0 d=0 ull=0
01:07:17.303  [fg-census] DLSSG.Backbuffer ptr=0000002695ED22E8
01:07:17.303  [fg-census] DLSSG.BackbufferFormat u=37 i=37 f=37 d=37 ull=37
01:07:17.304  [fg-census] DLSSG.BackbufferFrameID ptr=0000000000000251
01:07:17.304  [fg-census] DLSSG.BackbufferSubrectBaseX u=0 i=0 f=0 d=0 ull=0
01:07:17.304  [fg-census] DLSSG.BackbufferSubrectBaseY u=0 i=0 f=0 d=0 ull=0
01:07:17.304  [fg-census] DLSSG.BackbufferSubrectHeight u=2160 i=2160 f=2160 d=2160 ull=2160
01:07:17.305  [fg-census] DLSSG.BackbufferSubrectWidth u=5120 i=5120 f=5120 d=5120 ull=5120
01:07:17.305  [fg-census] DLSSG.BidirectionalDistortionField ptr=0000000000000000
01:07:17.305  [fg-census] DLSSG.BidirectionalDistortionFieldLowPrecision.Bias u=0 i=0 f=0 d=0 ull=0
01:07:17.305  [fg-census] DLSSG.BidirectionalDistortionFieldLowPrecision.IsLowPrecision u=0 i=0 f=0 d=0 ull=0
01:07:17.305  [fg-census] DLSSG.BidirectionalDistortionFieldLowPrecision.Scale u=1 i=1 f=1 d=1 ull=1
01:07:17.305  [fg-census] DLSSG.BidirectionalDistortionFieldSubrectBaseX u=0 i=0 f=0 d=0 ull=0
01:07:17.305  [fg-census] DLSSG.BidirectionalDistortionFieldSubrectBaseY u=0 i=0 f=0 d=0 ull=0
01:07:17.305  [fg-census] DLSSG.BidirectionalDistortionFieldSubrectHeight u=0 i=0 f=0 d=0 ull=0
01:07:17.305  [fg-census] DLSSG.BidirectionalDistortionFieldSubrectWidth u=0 i=0 f=0 d=0 ull=0
01:07:17.305  [fg-census] DLSSG.CameraAspectRatio u=2 i=2 f=2.37037 d=2.37037039 ull=2
01:07:17.305  [fg-census] DLSSG.CameraFOV u=1 i=1 f=1.0472 d=1.04719758 ull=1
01:07:17.305  [fg-census] DLSSG.CameraFar u=10000 i=10000 f=10000 d=10000 ull=10000
01:07:17.305  [fg-census] DLSSG.CameraFwdX u=0 i=0 f=-0.221644 d=-0.221644327 ull=0
01:07:17.305  [fg-census] DLSSG.CameraFwdY u=0 i=0 f=0.170141 d=0.170141414 ull=0
01:07:17.305  [fg-census] DLSSG.CameraFwdZ u=0 i=0 f=-0.96017 d=-0.960169673 ull=0
01:07:17.306  [fg-census] DLSSG.CameraMotionIncluded u=1 i=1 f=1 d=1 ull=1
01:07:17.306  [fg-census] DLSSG.CameraNear u=0 i=0 f=0.1 d=0.100000001 ull=0
01:07:17.306  [fg-census] DLSSG.CameraPinholeOffsetX u=0 i=0 f=0 d=0 ull=0
01:07:17.306  [fg-census] DLSSG.CameraPinholeOffsetY u=0 i=0 f=0 d=0 ull=0
01:07:17.306  [fg-census] DLSSG.CameraPosX u=0 i=0 f=5.96046e-08 d=5.96046448e-08 ull=0
01:07:17.307  [fg-census] DLSSG.CameraPosY u=4294967295 i=-1 f=-1.37852 d=-1.37852466 ull=18446744073709551615
01:07:17.307  [fg-census] DLSSG.CameraPosZ u=4294967293 i=-3 f=-3.86705 d=-3.86705446 ull=18446744073709551613
01:07:17.307  [fg-census] DLSSG.CameraRightX u=0 i=0 f=-0.975128 d=-0.975127697 ull=0
01:07:17.307  [fg-census] DLSSG.CameraRightY u=0 i=0 f=-0.0386728 d=-0.0386727639 ull=0
01:07:17.307  [fg-census] DLSSG.CameraRightZ u=0 i=0 f=0.218244 d=0.218244419 ull=0
01:07:17.307  [fg-census] DLSSG.CameraUpX u=0 i=0 f=0 d=0 ull=0
01:07:17.307  [fg-census] DLSSG.CameraUpY u=0 i=0 f=0.984661 d=0.984660506 ull=0
01:07:17.307  [fg-census] DLSSG.CameraUpZ u=0 i=0 f=0.174481 d=0.174481198 ull=0
01:07:17.307  [fg-census] DLSSG.CameraViewToClip ptr=0000002695ED2538 m=[0.7307 0 0 0 | 0 1.732 0 0 | 0 0 9.954e-06 -1 | 0 0 0.1 0]
01:07:17.308  [fg-census] DLSSG.ClipToCameraView ptr=0000002695ED2578 m=[1.369 -0 -0 0 | 0 -0.5774 -0 0 | 0 -0 -0 10 | 0 -0 -1 9.954e-05]
01:07:17.308  [fg-census] DLSSG.ClipToLensClip ptr=0000002695ED25B8 m=[1 0 0 0 | 0 1 0 0 | 0 0 1 0 | 0 0 0 1]
01:07:17.308  [fg-census] DLSSG.ClipToPrevClip ptr=0000002695ED25F8 m=[1 0 2.274e-13 -2.98e-08 | -4.951e-20 1 -1.705e-13 7.446e-09 | -4.131e-08 -1.907e-06 1 3.815e-06 | 4.335e-12 -3.711e-08 9.095e-13 1]
01:07:17.308  [fg-census] DLSSG.CmdAlloc ptr=00000000408A23D0
01:07:17.308  [fg-census] DLSSG.CmdQueue ptr=000000002EB93CD0
01:07:17.308  [fg-census] DLSSG.ColorBuffersHDR u=0 i=0 f=0 d=0 ull=0
01:07:17.308  [fg-census] DLSSG.Depth ptr=0000002695ED21C8
01:07:17.308  [fg-census] DLSSG.DepthInverted u=1 i=1 f=1 d=1 ull=1
01:07:17.309  [fg-census] DLSSG.DepthSubrectBaseX u=0 i=0 f=0 d=0 ull=0
01:07:17.309  [fg-census] DLSSG.DepthSubrectBaseY u=0 i=0 f=0 d=0 ull=0
01:07:17.309  [fg-census] DLSSG.DepthSubrectHeight u=2160 i=2160 f=2160 d=2160 ull=2160
01:07:17.309  [fg-census] DLSSG.DepthSubrectWidth u=5120 i=5120 f=5120 d=5120 ull=5120
01:07:17.309  [fg-census] DLSSG.Dynamic.ReflexDriven u=0 i=0 f=0 d=0 ull=0
01:07:17.309  [fg-census] DLSSG.DynamicMaxFrameCount u=5 i=5 f=5 d=5 ull=5
01:07:17.309  [fg-census] DLSSG.DynamicResolution u=0 i=0 f=0 d=0 ull=0
01:07:17.309  [fg-census] DLSSG.EnableInterp u=1 i=1 f=1 d=1 ull=1
01:07:17.309  [fg-census] DLSSG.EstimateVRAMCallback ptr=00007FF942CF7A90
01:07:17.309  [fg-census] DLSSG.EvalFlags u=0 i=0 f=0 d=0 ull=0
01:07:17.310  [fg-census] DLSSG.FenceEvent ptr=0000000000000000
01:07:17.310  [fg-census] DLSSG.FlipMetering u=0 i=0 f=0 d=0 ull=0
01:07:17.310  [fg-census] DLSSG.HUDLess ptr=0000002695ED2348
01:07:17.310  [fg-census] DLSSG.HUDLessSubrectBaseX u=0 i=0 f=0 d=0 ull=0
01:07:17.310  [fg-census] DLSSG.HUDLessSubrectBaseY u=0 i=0 f=0 d=0 ull=0
01:07:17.311  [fg-census] DLSSG.HUDLessSubrectHeight u=2160 i=2160 f=2160 d=2160 ull=2160
01:07:17.311  [fg-census] DLSSG.HUDLessSubrectWidth u=5120 i=5120 f=5120 d=5120 ull=5120
01:07:17.311  [fg-census] DLSSG.Height u=2160 i=2160 f=2160 d=2160 ull=2160
01:07:17.311  [fg-census] DLSSG.InternalHeight u=0 i=0 f=0 d=0 ull=0
01:07:17.311  [fg-census] DLSSG.InternalWidth u=0 i=0 f=0 d=0 ull=0
01:07:17.311  [fg-census] DLSSG.IsRecording u=1 i=1 f=1 d=1 ull=1
01:07:17.312  [fg-census] DLSSG.JitterOffsetX u=0 i=0 f=0.125 d=0.125 ull=0
01:07:17.312  [fg-census] DLSSG.JitterOffsetY u=0 i=0 f=0.277778 d=0.277777791 ull=0
01:07:17.312  [fg-census] DLSSG.MVecs ptr=0000002695ED2228
01:07:17.312  [fg-census] DLSSG.MVecsSubrectBaseX u=0 i=0 f=0 d=0 ull=0
01:07:17.312  [fg-census] DLSSG.MVecsSubrectBaseY u=0 i=0 f=0 d=0 ull=0
01:07:17.312  [fg-census] DLSSG.MVecsSubrectHeight u=2160 i=2160 f=2160 d=2160 ull=2160
01:07:17.312  [fg-census] DLSSG.MVecsSubrectWidth u=5120 i=5120 f=5120 d=5120 ull=5120
01:07:17.313  [fg-census] DLSSG.MenuDetectionEnabled u=0 i=0 f=0 d=0 ull=0
01:07:17.313  [fg-census] DLSSG.MinRelativeLinearDepthObjectSeparation u=40 i=40 f=40 d=40 ull=40
01:07:17.313  [fg-census] DLSSG.ModelVersion u=512 i=512 f=512 d=512 ull=512
01:07:17.313  [fg-census] DLSSG.MultiFrameCount u=3 i=3 f=3 d=3 ull=3
01:07:17.313  [fg-census] DLSSG.MultiFrameCountMax u=5 i=5 f=5 d=5 ull=5
01:07:17.313  [fg-census] DLSSG.MultiFrameIndex u=1 i=1 f=1 d=1 ull=1
01:07:17.313  [fg-census] DLSSG.MvecDilated u=0 i=0 f=0 d=0 ull=0
01:07:17.313  [fg-census] DLSSG.MvecInvalidValue u=0 i=-2147483648 f=3.40282e+38 d=3.40282347e+38 ull=9223372036854775808
01:07:17.313  [fg-census] DLSSG.MvecJittered u=0 i=0 f=0 d=0 ull=0
01:07:17.313  [fg-census] DLSSG.MvecScaleX u=5120 i=5120 f=5120 d=5120 ull=5120
01:07:17.313  [fg-census] DLSSG.MvecScaleY u=2160 i=2160 f=2160 d=2160 ull=2160
01:07:17.314  [fg-census] DLSSG.NoWarp ptr=0000000000000000
01:07:17.314  [fg-census] DLSSG.NoWarpSubrectBaseX u=0 i=0 f=0 d=0 ull=0
01:07:17.314  [fg-census] DLSSG.NoWarpSubrectBaseY u=0 i=0 f=0 d=0 ull=0
01:07:17.314  [fg-census] DLSSG.NoWarpSubrectHeight u=0 i=0 f=0 d=0 ull=0
01:07:17.314  [fg-census] DLSSG.NoWarpSubrectWidth u=0 i=0 f=0 d=0 ull=0
01:07:17.315  [fg-census] DLSSG.NotRenderingGameFrames u=0 i=0 f=0 d=0 ull=0
01:07:17.315  [fg-census] DLSSG.OrthoProjection u=0 i=0 f=0 d=0 ull=0
01:07:17.315  [fg-census] DLSSG.OutputDisableInterpolation ptr=0000002695ED24C8
01:07:17.315  [fg-census] DLSSG.OutputInterpolated ptr=0000002920B0F6E8
01:07:17.315  [fg-census] DLSSG.OutputReal ptr=0000002920B0F928
01:07:17.315  [fg-census] DLSSG.PrevClipToClip ptr=0000002695ED2638 m=[1 1.105e-15 -2.274e-13 2.98e-08 | 8.884e-20 1 1.705e-13 -7.446e-09 | 4.131e-08 1.907e-06 1 -3.815e-06 | -4.335e-12 3.711e-08 -9.095e-13 1]
01:07:17.315  [fg-census] DLSSG.QueueSubmitCallback ptr=0000000000000000
01:07:17.315  [fg-census] DLSSG.QueueSubmitCallbackData ptr=0000000000000000
01:07:17.315  [fg-census] DLSSG.RefreshRate u=119 i=119 f=119.996 d=119.996002 ull=119
01:07:17.315  [fg-census] DLSSG.Reset u=0 i=0 f=0 d=0 ull=0
01:07:17.316  [fg-census] DLSSG.StreamlineMode u=1 i=1 f=1 d=1 ull=1
01:07:17.316  [fg-census] DLSSG.StreamlineVersionTag ptr=00007FFA9AD2CB50
01:07:17.316  [fg-census] DLSSG.SyncFlushCallback ptr=0000000000000000
01:07:17.316  [fg-census] DLSSG.SyncFlushCallbackData ptr=0000000000000000
01:07:17.316  [fg-census] DLSSG.SyncSignalCallback ptr=0000000000000000
01:07:17.316  [fg-census] DLSSG.SyncSignalCallbackData ptr=0000000000000000
01:07:17.316  [fg-census] DLSSG.SyncSignalOnlyCallback ptr=0000000000000000
01:07:17.316  [fg-census] DLSSG.SyncSignalOnlyCallbackData ptr=0000000000000000
01:07:17.316  [fg-census] DLSSG.SyncWaitCallback ptr=0000000000000000
01:07:17.317  [fg-census] DLSSG.SyncWaitCallbackData ptr=0000000000000000
01:07:17.317  [fg-census] DLSSG.SyncWaitOnlyCallback ptr=0000000000000000
01:07:17.317  [fg-census] DLSSG.SyncWaitOnlyCallbackData ptr=0000000000000000
01:07:17.317  [fg-census] DLSSG.TargetFrameRate u=119 i=119 f=119.996 d=119.996002 ull=119
01:07:17.317  [fg-census] DLSSG.UI ptr=0000000000000000
01:07:17.317  [fg-census] DLSSG.UIAlpha ptr=0000000000000000
01:07:17.317  [fg-census] DLSSG.UIAlphaSubrectBaseX u=0 i=0 f=0 d=0 ull=0
01:07:17.317  [fg-census] DLSSG.UIAlphaSubrectBaseY u=0 i=0 f=0 d=0 ull=0
01:07:17.318  [fg-census] DLSSG.UIAlphaSubrectHeight u=0 i=0 f=0 d=0 ull=0
01:07:17.318  [fg-census] DLSSG.UIAlphaSubrectWidth u=0 i=0 f=0 d=0 ull=0
01:07:17.318  [fg-census] DLSSG.UISubrectBaseX u=0 i=0 f=0 d=0 ull=0
01:07:17.318  [fg-census] DLSSG.UISubrectBaseY u=0 i=0 f=0 d=0 ull=0
01:07:17.318  [fg-census] DLSSG.UISubrectHeight u=0 i=0 f=0 d=0 ull=0
01:07:17.318  [fg-census] DLSSG.UISubrectWidth u=0 i=0 f=0 d=0 ull=0
01:07:17.318  [fg-census] DLSSG.UserInterfaceRecompositionEnabled u=0 i=0 f=0 d=0 ull=0
01:07:17.318  [fg-census] DLSSG.VSyncDriverRequested u=1 i=1 f=1 d=1 ull=1
01:07:17.318  [fg-census] DLSSG.VSyncOn u=0 i=0 f=0 d=0 ull=0
01:07:17.319  [fg-census] DLSSG.VSyncSupported u=0 i=0 f=0 d=0 ull=0
01:07:17.319  [fg-census] DLSSG.VkOFAModeRequest u=1 i=1 f=1 d=1 ull=1
01:07:17.319  [fg-census] DLSSG.Width u=5120 i=5120 f=5120 d=5120 ull=5120
01:07:17.319  [fg-census] DLSSG.run_lowres_mvec_pass u=1 i=1 f=1 d=1 ull=1
01:07:17.319  [fg-census] pass 3 ends.
01:07:17.320  [fg-relay] open. Copy completion is signalled to the private queue on the GPU (exported timeline semaphore); the park release is set on the GPU (imported D3D12 fence). Pipeline=2 Import=1.
01:07:17.320  [fg-relay] command pool for queue 000000002EB93CD0: family=2.
01:07:17.321  [fg-history] FG Reset burst ends: 1 real frames, 47 ms.
01:07:17.321  [fg-guides] output=5120x2160 depth=5120x2160 rect=0,0+5120x2160 mv=5120x2160 rect=0,0+5120x2160 mv-scale=5120,2160 carrier-scale=5120,2160 jitter=0.125,0.277778 jittered=0 inverted=1 reset=1 gpu-nearest=0/0.
01:07:17.321  [fg-relay] armed by evaluate: hud=449c36d0 back=2eb3aed0 depth=449c30d0 mv=449c2ad0 5120x2160 copy=1 nr=1 import=1 slot=1 arm=1 gpu-wait-nr=0 pending=0.
01:07:17.321  [fg-relay] evaluate: slot=1 nr=1 import=1 stage=3.
01:07:17.541  [fg-relay] frame=1 slot=1 nr=1 ok=1 wrote=1 nr_entries=0 import=1 armed=1 skipped=0 busy=0 mismatch=0 conflicts=0.
01:07:17.542  [fg-guides] output=5120x2160 depth=5120x2160 rect=0,0+5120x2160 mv=5120x2160 rect=0,0+5120x2160 mv-scale=5120,2160 carrier-scale=5120,2160 jitter=-0.375,-0.0555556 jittered=0 inverted=1 reset=1 gpu-nearest=0/0.
01:07:17.542  [fg-relay] armed by evaluate: hud=449c36d0 back=2eb3a8d0 depth=449c30d0 mv=449c2ad0 5120x2160 copy=2 nr=2 import=1 slot=2 arm=2 gpu-wait-nr=1 pending=0.
01:07:17.543  [fg-relay] evaluate: slot=2 nr=2 import=1 stage=3.
01:07:17.683  [fg-relay] frame=2 slot=2 nr=2 ok=1 wrote=1 nr_entries=1 import=1 armed=2 skipped=0 busy=0 mismatch=0 conflicts=0.
01:07:17.688  NGX layer 4 retirement finalized.
01:07:17.688  qpc=4483328388639 [fg-transition] start=4483313703684 frame=0000000000000250 idx=1/3 queue=000000002EB93CD0 reset=1 enable=1 recording=1 not-rendering=0 metering=0 fullscreen=0 slmode=1 known=0x17f hud=449c36d0 back=2eb396d0 real=47fe0cd0 interp=47fe1ed0 bridge-lock=1 arm=0->0 result=1 disable-interp=0(known=0) foreground=1 monitors=0000000003DB2751/0000000003DB2751 cpu=1468.495ms
01:07:17.689  qpc=4483328558537 [fg-transition] start=4483328390641 frame=0000000000000250 idx=2/3 queue=000000002EB93CD0 reset=1 enable=1 recording=1 not-rendering=0 metering=0 fullscreen=0 slmode=1 known=0x17f hud=449c36d0 back=2eb396d0 real=0 interp=47fe18d0 bridge-lock=1 arm=0->0 result=1 disable-interp=0(known=0) foreground=1 monitors=0000000003DB2751/0000000003DB2751 cpu=16.789ms
01:07:17.689  qpc=4483328705595 [fg-transition] start=4483328559889 frame=0000000000000250 idx=3/3 queue=000000002EB93CD0 reset=1 enable=1 recording=1 not-rendering=0 metering=0 fullscreen=0 slmode=1 known=0x17f hud=449c36d0 back=2eb396d0 real=0 interp=47fe12d0 bridge-lock=1 arm=0->0 result=1 disable-interp=0(known=0) foreground=1 monitors=0000000003DB2751/0000000003DB2751 cpu=14.570ms
01:07:17.689  qpc=4483331087940 [fg-transition] start=4483328706744 frame=0000000000000251 idx=1/3 queue=000000002EB93CD0 reset=0 enable=1 recording=1 not-rendering=0 metering=0 fullscreen=0 slmode=1 known=0x17f hud=449c36d0 back=2eb3aed0 real=47fe1ed0 interp=47fe0cd0 bridge-lock=1 arm=0->1 result=1 disable-interp=0(known=0) foreground=1 monitors=0000000003DB2751/0000000003DB2751 cpu=238.119ms
01:07:17.689  qpc=4483331092138 [fg-transition] start=4483331089527 frame=0000000000000251 idx=2/3 queue=000000002EB93CD0 reset=0 enable=1 recording=1 not-rendering=0 metering=0 fullscreen=0 slmode=1 known=0x17f hud=449c36d0 back=2eb3aed0 real=0 interp=47fe12d0 bridge-lock=1 arm=1->1 result=1 disable-interp=0(known=0) foreground=1 monitors=0000000003DB2751/0000000003DB2751 cpu=0.261ms
01:07:17.689  qpc=4483331093521 [fg-transition] start=4483331092870 frame=0000000000000251 idx=3/3 queue=000000002EB93CD0 reset=0 enable=1 recording=1 not-rendering=0 metering=0 fullscreen=0 slmode=1 known=0x17f hud=449c36d0 back=2eb3aed0 real=0 interp=47fe18d0 bridge-lock=1 arm=1->1 result=1 disable-interp=0(known=0) foreground=1 monitors=0000000003DB2751/0000000003DB2751 cpu=0.065ms
01:07:17.689  qpc=4483332503656 [fg-transition] start=4483331094149 frame=0000000000000252 idx=1/3 queue=000000002EB93CD0 reset=0 enable=1 recording=1 not-rendering=0 metering=0 fullscreen=0 slmode=1 known=0x17f hud=449c36d0 back=2eb3a8d0 real=47fe0cd0 interp=47fe1ed0 bridge-lock=1 arm=1->2 result=1 disable-interp=0(known=0) foreground=1 monitors=0000000003DB2751/0000000003DB2751 cpu=140.950ms
01:07:17.689  qpc=4483332512991 [fg-transition] start=4483332511534 frame=0000000000000252 idx=2/3 queue=000000002EB93CD0 reset=0 enable=1 recording=1 not-rendering=0 metering=0 fullscreen=0 slmode=1 known=0x17f hud=449c36d0 back=2eb3a8d0 real=0 interp=47fe18d0 bridge-lock=1 arm=2->2 result=1 disable-interp=0(known=0) foreground=1 monitors=0000000003DB2751/0000000003DB2751 cpu=0.145ms
01:07:17.689  qpc=4483332515157 [fg-transition] start=4483332514036 frame=0000000000000252 idx=3/3 queue=000000002EB93CD0 reset=0 enable=1 recording=1 not-rendering=0 metering=0 fullscreen=0 slmode=1 known=0x17f hud=449c36d0 back=2eb3a8d0 real=0 interp=47fe12d0 bridge-lock=1 arm=2->2 result=1 disable-interp=0(known=0) foreground=1 monitors=0000000003DB2751/0000000003DB2751 cpu=0.112ms
01:07:19.331  [fg-guides] output=5120x2160 depth=5120x2160 rect=0,0+5120x2160 mv=5120x2160 rect=0,0+5120x2160 mv-scale=5120,2160 carrier-scale=5120,2160 jitter=0.4375,-0.388889 jittered=0 inverted=1 reset=1 gpu-nearest=0/0.
01:07:19.331  [fg-relay] armed by evaluate: hud=449c36d0 back=2eb396d0 depth=449c30d0 mv=449c2ad0 5120x2160 copy=3 nr=3 import=1 slot=3 arm=3 gpu-wait-nr=2 pending=0.
01:07:19.332  [fg-relay] evaluate: slot=3 nr=3 import=1 stage=3.
01:07:19.346  [fg-relay] frame=3 slot=3 nr=3 ok=1 wrote=1 nr_entries=2 import=1 armed=3 skipped=0 busy=0 mismatch=0 conflicts=0.
01:07:19.349  qpc=4483349138208 [fg-transition] start=4483348973077 frame=0000000000000253 idx=1/3 queue=000000002EB93CD0 reset=0 enable=1 recording=1 not-rendering=0 metering=0 fullscreen=0 slmode=1 known=0x17f hud=449c36d0 back=2eb396d0 real=47fe1ed0 interp=47fe0cd0 bridge-lock=1 arm=2->3 result=1 disable-interp=0(known=0) foreground=1 monitors=0000000003DB2751/0000000003DB2751 cpu=16.513ms
01:07:19.349  qpc=4483349141675 [fg-transition] start=4483349140810 frame=0000000000000253 idx=2/3 queue=000000002EB93CD0 reset=0 enable=1 recording=1 not-rendering=0 metering=0 fullscreen=0 slmode=1 known=0x17f hud=449c36d0 back=2eb396d0 real=0 interp=47fe12d0 bridge-lock=1 arm=3->3 result=1 disable-interp=0(known=0) foreground=1 monitors=0000000003DB2751/0000000003DB2751 cpu=0.086ms
01:07:19.349  qpc=4483349142873 [fg-transition] start=4483349142266 frame=0000000000000253 idx=3/3 queue=000000002EB93CD0 reset=0 enable=1 recording=1 not-rendering=0 metering=0 fullscreen=0 slmode=1 known=0x17f hud=449c36d0 back=2eb396d0 real=0 interp=47fe18d0 bridge-lock=1 arm=3->3 result=1 disable-interp=0(known=0) foreground=1 monitors=0000000003DB2751/0000000003DB2751 cpu=0.061ms
01:07:29.683  [fg-relay] rate/15.0s p2 import_opt=1: presents=13.9/s present-gate[point=13.9 ready=0.0 fallback=0.0 inactive=0.0]/s noinfo=0.0/s stale=0.0/s unlearned=0.0/s attempts=12.9/s armed=12.9/s skipped=0.0/s busy=0.0/s arm-reject[state=0.0 request=0.0 refused=0.0 stopping=0.0 res=0.0 size=0.0]/s pool[cap=0.0 family=0.0 create=0.0 alloc=0.0]/s copy-drop[fence=0.0 reset=0.0 begin=0.0 end=0.0 submit=0.0]/s cf[seq=0.0/s idle=0.0/s nrfence=0.0/s] slotbusy=0.0/s copyfence-busy=0.0/s nr-gpuwait=10.9/s flips=0.0/s
01:07:29.683  [fg-relay] rate2: fginput eval=38.6/s index!=1=25.7/s eval-gate[off=0.0 fallback=0.0 notready=0.1 noinput=0.0 noqueue=0.0]/s relay eval=12.9/s consume=0.0/s inplace=12.9/s(ok 12.9/s) unarmed=0.0/s mismatch=0.0/s relbusy=0.0/s relok=12.9/s relfail=0.0/s release-stage[queue=0.0 pool=0.0 fence=0.0 reset=0.0 begin=0.0 end=0.0 submit=0.0]/s watchdog=0.0/s | worker plays=12.9/s ok=12.9/s fail=0.0/s nr_absent=0.1/s copyfail=0.0/s
01:07:29.683  [fg-relay] rate3: arm->arm avg=64.19ms max=1788.62ms n=192 | arm->work avg=0.01ms max=0.01ms | arm->eval avg=0.00ms max=0.00ms | copywait avg=0.008ms max=0.038ms | copy-land<= avg=64.93ms max=1787.91ms | work avg=9.81ms max=220.31ms | totals armed=193 unarmed=0 skipped=0 busy=0 mismatch=0 copies_failed=0 writes=193 conflicts=0
01:07:29.683  [fg-relay] rate4: throttle depth=1 off=0 | sleep calls=13.9/s waits=11.8/s clear=1.0/s timeouts=0.0/s avg=32.91ms | present calls=13.9/s waits=0.0/s clear=0.0/s timeouts=0.0/s avg=0.00ms | max=71.24ms (process)
01:07:31.687  qpc=4483472540183 [focus-fg] state: enabled=1 hooked=1 foreground=1 minimized=0 hwnd=000000000DC531F2 scope_calls=236 original_false=0 kept=0 presents=827 FG_evaluates=703
01:07:36.072  qpc=4483516370003 [fg-transition] start=4483516368685 frame=0000000000000393 idx=2/3 queue=000000002EB93CD0 reset=0 enable=1 recording=1 not-rendering=0 metering=0 fullscreen=0 slmode=1 known=0x17f hud=449c36d0 back=2eb3a8d0 real=0 interp=47fe12d0 bridge-lock=1 arm=323->323 result=1 disable-interp=0(known=0) foreground=0 monitors=0000000003DB2751/0000000067FB33F1 cpu=0.132ms
01:07:36.072  qpc=4483516372137 [fg-transition] start=4483516371446 frame=0000000000000393 idx=3/3 queue=000000002EB93CD0 reset=0 enable=1 recording=1 not-rendering=0 metering=0 fullscreen=0 slmode=1 known=0x17f hud=449c36d0 back=2eb3a8d0 real=0 interp=47fe18d0 bridge-lock=1 arm=323->323 result=1 disable-interp=0(known=0) foreground=0 monitors=0000000003DB2751/0000000067FB33F1 cpu=0.069ms
01:07:36.080  qpc=4483516456557 [fg-transition] start=4483516372652 frame=0000000000000394 idx=1/3 queue=000000002EB93CD0 reset=0 enable=1 recording=1 not-rendering=0 metering=0 fullscreen=0 slmode=1 known=0x17f hud=449c36d0 back=2eb396d0 real=47fe0cd0 interp=47fe1ed0 bridge-lock=1 arm=323->324 result=1 disable-interp=0(known=0) foreground=0 monitors=0000000003DB2751/0000000067FB33F1 cpu=8.390ms
01:07:36.119  qpc=4483516847039 [fg-transition] start=4483516845310 frame=0000000000000394 idx=2/3 queue=000000002EB93CD0 reset=0 enable=1 recording=1 not-rendering=0 metering=0 fullscreen=0 slmode=1 known=0x17f hud=449c36d0 back=2eb396d0 real=0 interp=47fe18d0 bridge-lock=1 arm=324->324 result=1 disable-interp=0(known=0) foreground=0 monitors=0000000003DB2751/0000000067FB33F1 cpu=0.172ms
01:07:36.119  qpc=4483516849448 [fg-transition] start=4483516848520 frame=0000000000000394 idx=3/3 queue=000000002EB93CD0 reset=0 enable=1 recording=1 not-rendering=0 metering=0 fullscreen=0 slmode=1 known=0x17f hud=449c36d0 back=2eb396d0 real=0 interp=47fe12d0 bridge-lock=1 arm=324->324 result=1 disable-interp=0(known=0) foreground=0 monitors=0000000003DB2751/0000000067FB33F1 cpu=0.093ms
01:07:36.127  qpc=4483516932750 [fg-transition] start=4483516850063 frame=0000000000000395 idx=1/3 queue=000000002EB93CD0 reset=0 enable=1 recording=1 not-rendering=0 metering=0 fullscreen=0 slmode=1 known=0x17f hud=449c36d0 back=2eb3aed0 real=47fe1ed0 interp=47fe0cd0 bridge-lock=1 arm=324->325 result=1 disable-interp=0(known=0) foreground=0 monitors=0000000003DB2751/0000000067FB33F1 cpu=8.268ms
01:07:36.166  qpc=4483517314728 [fg-transition] start=4483517313339 frame=0000000000000395 idx=2/3 queue=000000002EB93CD0 reset=0 enable=1 recording=1 not-rendering=0 metering=0 fullscreen=0 slmode=1 known=0x17f hud=449c36d0 back=2eb3aed0 real=0 interp=47fe12d0 bridge-lock=1 arm=325->325 result=1 disable-interp=0(known=0) foreground=0 monitors=0000000003DB2751/0000000067FB33F1 cpu=0.139ms
01:07:36.166  qpc=4483517316920 [fg-transition] start=4483517316209 frame=0000000000000395 idx=3/3 queue=000000002EB93CD0 reset=0 enable=1 recording=1 not-rendering=0 metering=0 fullscreen=0 slmode=1 known=0x17f hud=449c36d0 back=2eb3aed0 real=0 interp=47fe18d0 bridge-lock=1 arm=325->325 result=1 disable-interp=0(known=0) foreground=0 monitors=0000000003DB2751/0000000067FB33F1 cpu=0.071ms
01:07:36.213  qpc=4483517790696 [fg-transition] start=4483517769711 frame=0000000000000396 idx=1/3 queue=000000002EB93CD0 reset=0 enable=1 recording=1 not-rendering=0 metering=0 fullscreen=0 slmode=1 known=0x17f hud=449c36d0 back=2eb3a8d0 real=47fe0cd0 interp=47fe1ed0 bridge-lock=1 arm=325->326 result=1 disable-interp=0(known=0) foreground=0 monitors=0000000003DB2751/0000000067FB33F1 cpu=2.098ms
01:07:36.214  qpc=4483517803057 [fg-transition] start=4483517802172 frame=0000000000000396 idx=2/3 queue=000000002EB93CD0 reset=0 enable=1 recording=1 not-rendering=0 metering=0 fullscreen=0 slmode=1 known=0x17f hud=449c36d0 back=2eb3a8d0 real=0 interp=47fe18d0 bridge-lock=1 arm=326->326 result=1 disable-interp=0(known=0) foreground=0 monitors=0000000003DB2751/0000000067FB33F1 cpu=0.088ms
01:07:36.214  qpc=4483517804092 [fg-transition] start=4483517803500 frame=0000000000000396 idx=3/3 queue=000000002EB93CD0 reset=0 enable=1 recording=1 not-rendering=0 metering=0 fullscreen=0 slmode=1 known=0x17f hud=449c36d0 back=2eb3a8d0 real=0 interp=47fe12d0 bridge-lock=1 arm=326->326 result=1 disable-interp=0(known=0) foreground=0 monitors=0000000003DB2751/0000000067FB33F1 cpu=0.059ms
01:07:36.244  qpc=4483518093179 [fg-transition] start=4483517932062 frame=0000000000000397 idx=1/3 queue=000000002EB93CD0 reset=0 enable=1 recording=1 not-rendering=0 metering=0 fullscreen=0 slmode=1 known=0x17f hud=449c36d0 back=2eb396d0 real=47fe1ed0 interp=47fe0cd0 bridge-lock=1 arm=326->327 result=1 disable-interp=0(known=0) foreground=0 monitors=0000000003DB2751/0000000067FB33F1 cpu=16.111ms
01:07:36.330  qpc=4483518964714 [fg-transition] start=4483518962892 frame=0000000000000398 idx=2/3 queue=000000002EB93CD0 reset=0 enable=1 recording=1 not-rendering=0 metering=0 fullscreen=0 slmode=1 known=0x17f hud=449c36d0 back=2eb3aed0 real=0 interp=47fe18d0 bridge-lock=1 arm=328->328 result=1 disable-interp=0(known=0) foreground=1 monitors=0000000003DB2751/0000000003DB2751 cpu=0.182ms
01:07:36.332  qpc=4483518967481 [fg-transition] start=4483518966483 frame=0000000000000398 idx=3/3 queue=000000002EB93CD0 reset=0 enable=1 recording=1 not-rendering=0 metering=0 fullscreen=0 slmode=1 known=0x17f hud=449c36d0 back=2eb3aed0 real=0 interp=47fe12d0 bridge-lock=1 arm=328->328 result=1 disable-interp=0(known=0) foreground=1 monitors=0000000003DB2751/0000000003DB2751 cpu=0.100ms
01:07:36.341  qpc=4483519070194 [fg-transition] start=4483518992128 frame=0000000000000399 idx=1/3 queue=000000002EB93CD0 reset=0 enable=1 recording=1 not-rendering=0 metering=0 fullscreen=0 slmode=1 known=0x17f hud=449c36d0 back=2eb3a8d0 real=47fe1ed0 interp=47fe0cd0 bridge-lock=1 arm=328->329 result=1 disable-interp=0(known=0) foreground=1 monitors=0000000003DB2751/0000000003DB2751 cpu=7.806ms
01:07:36.380  qpc=4483519459286 [fg-transition] start=4483519458003 frame=0000000000000399 idx=2/3 queue=000000002EB93CD0 reset=0 enable=1 recording=1 not-rendering=0 metering=0 fullscreen=0 slmode=1 known=0x17f hud=449c36d0 back=2eb3a8d0 real=0 interp=47fe12d0 bridge-lock=1 arm=329->329 result=1 disable-interp=0(known=0) foreground=1 monitors=0000000003DB2751/0000000003DB2751 cpu=0.128ms
01:07:36.381  qpc=4483519461497 [fg-transition] start=4483519460814 frame=0000000000000399 idx=3/3 queue=000000002EB93CD0 reset=0 enable=1 recording=1 not-rendering=0 metering=0 fullscreen=0 slmode=1 known=0x17f hud=449c36d0 back=2eb3a8d0 real=0 interp=47fe18d0 bridge-lock=1 arm=329->329 result=1 disable-interp=0(known=0) foreground=1 monitors=0000000003DB2751/0000000003DB2751 cpu=0.068ms
01:07:36.392  qpc=4483519577728 [fg-transition] start=4483519461998 frame=000000000000039A idx=1/3 queue=000000002EB93CD0 reset=0 enable=1 recording=1 not-rendering=0 metering=0 fullscreen=0 slmode=1 known=0x17f hud=449c36d0 back=2eb396d0 real=47fe0cd0 interp=47fe1ed0 bridge-lock=1 arm=329->330 result=1 disable-interp=0(known=0) foreground=1 monitors=0000000003DB2751/0000000003DB2751 cpu=11.573ms
01:07:36.431  qpc=4483519967246 [fg-transition] start=4483519966116 frame=000000000000039A idx=2/3 queue=000000002EB93CD0 reset=0 enable=1 recording=1 not-rendering=0 metering=0 fullscreen=0 slmode=1 known=0x17f hud=449c36d0 back=2eb396d0 real=0 interp=47fe18d0 bridge-lock=1 arm=330->330 result=1 disable-interp=0(known=0) foreground=1 monitors=0000000003DB2751/0000000003DB2751 cpu=0.113ms
01:07:36.431  qpc=4483519969292 [fg-transition] start=4483519968634 frame=000000000000039A idx=3/3 queue=000000002EB93CD0 reset=0 enable=1 recording=1 not-rendering=0 metering=0 fullscreen=0 slmode=1 known=0x17f hud=449c36d0 back=2eb396d0 real=0 interp=47fe12d0 bridge-lock=1 arm=330->330 result=1 disable-interp=0(known=0) foreground=1 monitors=0000000003DB2751/0000000003DB2751 cpu=0.066ms
01:07:36.441  qpc=4483520069781 [fg-transition] start=4483519969742 frame=000000000000039B idx=1/3 queue=000000002EB93CD0 reset=0 enable=1 recording=1 not-rendering=0 metering=0 fullscreen=0 slmode=1 known=0x17f hud=449c36d0 back=2eb3aed0 real=47fe1ed0 interp=47fe0cd0 bridge-lock=1 arm=330->331 result=1 disable-interp=0(known=0) foreground=1 monitors=0000000003DB2751/0000000003DB2751 cpu=10.004ms
01:07:36.481  qpc=4483520462757 [fg-transition] start=4483520461206 frame=000000000000039B idx=2/3 queue=000000002EB93CD0 reset=0 enable=1 recording=1 not-rendering=0 metering=0 fullscreen=0 slmode=1 known=0x17f hud=449c36d0 back=2eb3aed0 real=0 interp=47fe12d0 bridge-lock=1 arm=331->331 result=1 disable-interp=0(known=0) foreground=1 monitors=0000000003DB2751/0000000003DB2751 cpu=0.155ms
01:07:36.481  qpc=4483520465818 [fg-transition] start=4483520464747 frame=000000000000039B idx=3/3 queue=000000002EB93CD0 reset=0 enable=1 recording=1 not-rendering=0 metering=0 fullscreen=0 slmode=1 known=0x17f hud=449c36d0 back=2eb3aed0 real=0 interp=47fe18d0 bridge-lock=1 arm=331->331 result=1 disable-interp=0(known=0) foreground=1 monitors=0000000003DB2751/0000000003DB2751 cpu=0.107ms
01:07:36.490  qpc=4483520560925 [fg-transition] start=4483520466543 frame=000000000000039C idx=1/3 queue=000000002EB93CD0 reset=0 enable=1 recording=1 not-rendering=0 metering=0 fullscreen=0 slmode=1 known=0x17f hud=449c36d0 back=2eb3a8d0 real=47fe0cd0 interp=47fe1ed0 bridge-lock=1 arm=331->332 result=1 disable-interp=0(known=0) foreground=1 monitors=0000000003DB2751/0000000003DB2751 cpu=9.438ms
01:07:38.048  qpc=4483536127707 [fg-transition] start=4483536126358 frame=00000000000003BB idx=2/3 queue=000000002EB93CD0 reset=0 enable=1 recording=1 not-rendering=0 metering=0 fullscreen=0 slmode=1 known=0x17f hud=449c36d0 back=2eb396d0 real=0 interp=47fe12d0 bridge-lock=1 arm=363->363 result=1 disable-interp=0(known=0) foreground=0 monitors=0000000003DB2751/0000000067FB33F1 cpu=0.135ms
01:07:38.048  qpc=4483536130272 [fg-transition] start=4483536129511 frame=00000000000003BB idx=3/3 queue=000000002EB93CD0 reset=0 enable=1 recording=1 not-rendering=0 metering=0 fullscreen=0 slmode=1 known=0x17f hud=449c36d0 back=2eb396d0 real=0 interp=47fe18d0 bridge-lock=1 arm=363->363 result=1 disable-interp=0(known=0) foreground=0 monitors=0000000003DB2751/0000000067FB33F1 cpu=0.076ms
01:07:38.056  qpc=4483536209261 [fg-transition] start=4483536130783 frame=00000000000003BC idx=1/3 queue=000000002EB93CD0 reset=0 enable=1 recording=1 not-rendering=0 metering=0 fullscreen=0 slmode=1 known=0x17f hud=449c36d0 back=2eb3aed0 real=47fe0cd0 interp=47fe1ed0 bridge-lock=1 arm=363->364 result=1 disable-interp=0(known=0) foreground=0 monitors=0000000003DB2751/0000000067FB33F1 cpu=7.848ms
01:07:38.095  qpc=4483536604460 [fg-transition] start=4483536603140 frame=00000000000003BC idx=2/3 queue=000000002EB93CD0 reset=0 enable=1 recording=1 not-rendering=0 metering=0 fullscreen=0 slmode=1 known=0x17f hud=449c36d0 back=2eb3aed0 real=0 interp=47fe18d0 bridge-lock=1 arm=364->364 result=1 disable-interp=0(known=0) foreground=0 monitors=0000000003DB2751/0000000067FB33F1 cpu=0.132ms
01:07:38.096  qpc=4483536607651 [fg-transition] start=4483536606512 frame=00000000000003BC idx=3/3 queue=000000002EB93CD0 reset=0 enable=1 recording=1 not-rendering=0 metering=0 fullscreen=0 slmode=1 known=0x17f hud=449c36d0 back=2eb3aed0 real=0 interp=47fe12d0 bridge-lock=1 arm=364->364 result=1 disable-interp=0(known=0) foreground=0 monitors=0000000003DB2751/0000000067FB33F1 cpu=0.114ms
01:07:38.104  qpc=4483536692278 [fg-transition] start=4483536608549 frame=00000000000003BD idx=1/3 queue=000000002EB93CD0 reset=0 enable=1 recording=1 not-rendering=0 metering=0 fullscreen=0 slmode=1 known=0x17f hud=449c36d0 back=2eb3a8d0 real=47fe1ed0 interp=47fe0cd0 bridge-lock=1 arm=364->365 result=1 disable-interp=0(known=0) foreground=0 monitors=0000000003DB2751/0000000067FB33F1 cpu=8.373ms
01:07:38.143  qpc=4483537082365 [fg-transition] start=4483537081026 frame=00000000000003BD idx=2/3 queue=000000002EB93CD0 reset=0 enable=1 recording=1 not-rendering=0 metering=0 fullscreen=0 slmode=1 known=0x17f hud=449c36d0 back=2eb3a8d0 real=0 interp=47fe12d0 bridge-lock=1 arm=365->365 result=1 disable-interp=0(known=0) foreground=0 monitors=0000000003DB2751/0000000067FB33F1 cpu=0.134ms
01:07:38.143  qpc=4483537084626 [fg-transition] start=4483537083951 frame=00000000000003BD idx=3/3 queue=000000002EB93CD0 reset=0 enable=1 recording=1 not-rendering=0 metering=0 fullscreen=0 slmode=1 known=0x17f hud=449c36d0 back=2eb3a8d0 real=0 interp=47fe18d0 bridge-lock=1 arm=365->365 result=1 disable-interp=0(known=0) foreground=0 monitors=0000000003DB2751/0000000067FB33F1 cpu=0.068ms
01:07:38.152  qpc=4483537176984 [fg-transition] start=4483537085139 frame=00000000000003BE idx=1/3 queue=000000002EB93CD0 reset=0 enable=1 recording=1 not-rendering=0 metering=0 fullscreen=0 slmode=1 known=0x17f hud=449c36d0 back=2eb396d0 real=47fe0cd0 interp=47fe1ed0 bridge-lock=1 arm=365->366 result=1 disable-interp=0(known=0) foreground=0 monitors=0000000003DB2751/0000000067FB33F1 cpu=9.184ms
01:07:38.191  qpc=4483537567042 [fg-transition] start=4483537565266 frame=00000000000003BE idx=2/3 queue=000000002EB93CD0 reset=0 enable=1 recording=1 not-rendering=0 metering=0 fullscreen=0 slmode=1 known=0x17f hud=449c36d0 back=2eb396d0 real=0 interp=47fe18d0 bridge-lock=1 arm=366->366 result=1 disable-interp=0(known=0) foreground=0 monitors=0000000003DB2751/0000000067FB33F1 cpu=0.177ms
01:07:38.191  qpc=4483537569764 [fg-transition] start=4483537568985 frame=00000000000003BE idx=3/3 queue=000000002EB93CD0 reset=0 enable=1 recording=1 not-rendering=0 metering=0 fullscreen=0 slmode=1 known=0x17f hud=449c36d0 back=2eb396d0 real=0 interp=47fe12d0 bridge-lock=1 arm=366->366 result=1 disable-interp=0(known=0) foreground=0 monitors=0000000003DB2751/0000000067FB33F1 cpu=0.078ms
01:07:38.202  qpc=4483537666754 [fg-transition] start=4483537570354 frame=00000000000003BF idx=1/3 queue=000000002EB93CD0 reset=0 enable=1 recording=1 not-rendering=0 metering=0 fullscreen=0 slmode=1 known=0x17f hud=449c36d0 back=2eb3aed0 real=47fe1ed0 interp=47fe0cd0 bridge-lock=1 arm=366->367 result=1 disable-interp=0(known=0) foreground=0 monitors=0000000003DB2751/0000000067FB33F1 cpu=9.640ms
01:07:38.833  qpc=4483544002405 [focus-fg] state: enabled=1 hooked=1 foreground=0 minimized=0 hwnd=000000000DC531F2 scope_calls=382 original_false=21 kept=21 presents=973 FG_evaluates=1141
01:07:39.888  qpc=4483554539643 [fg-transition] start=4483554538268 frame=00000000000003E1 idx=2/3 queue=000000002EB93CD0 reset=0 enable=1 recording=1 not-rendering=0 metering=0 fullscreen=0 slmode=1 known=0x17f hud=449c36d0 back=2eb3a8d0 real=0 interp=47fe12d0 bridge-lock=1 arm=401->401 result=1 disable-interp=0(known=0) foreground=1 monitors=0000000003DB2751/0000000003DB2751 cpu=0.137ms
01:07:39.889  qpc=4483554541216 [fg-transition] start=4483554540572 frame=00000000000003E1 idx=3/3 queue=000000002EB93CD0 reset=0 enable=1 recording=1 not-rendering=0 metering=0 fullscreen=0 slmode=1 known=0x17f hud=449c36d0 back=2eb3a8d0 real=0 interp=47fe18d0 bridge-lock=1 arm=401->401 result=1 disable-interp=0(known=0) foreground=1 monitors=0000000003DB2751/0000000003DB2751 cpu=0.064ms
01:07:39.889  qpc=4483554558721 [focus-fg] state: enabled=1 hooked=1 foreground=1 minimized=0 hwnd=000000000DC531F2 scope_calls=403 original_false=41 kept=41 presents=994 FG_evaluates=1207
01:07:39.899  qpc=4483554650217 [fg-transition] start=4483554541680 frame=00000000000003E2 idx=1/3 queue=000000002EB93CD0 reset=0 enable=1 recording=1 not-rendering=0 metering=0 fullscreen=0 slmode=1 known=0x17f hud=449c36d0 back=2eb396d0 real=47fe0cd0 interp=47fe1ed0 bridge-lock=1 arm=401->402 result=1 disable-interp=0(known=0) foreground=1 monitors=0000000003DB2751/0000000003DB2751 cpu=10.853ms
01:07:39.937  qpc=4483555030687 [fg-transition] start=4483555029188 frame=00000000000003E2 idx=2/3 queue=000000002EB93CD0 reset=0 enable=1 recording=1 not-rendering=0 metering=0 fullscreen=0 slmode=1 known=0x17f hud=449c36d0 back=2eb396d0 real=0 interp=47fe18d0 bridge-lock=1 arm=402->402 result=1 disable-interp=0(known=0) foreground=1 monitors=0000000003DB2751/0000000003DB2751 cpu=0.149ms
01:07:39.938  qpc=4483555033214 [fg-transition] start=4483555032496 frame=00000000000003E2 idx=3/3 queue=000000002EB93CD0 reset=0 enable=1 recording=1 not-rendering=0 metering=0 fullscreen=0 slmode=1 known=0x17f hud=449c36d0 back=2eb396d0 real=0 interp=47fe12d0 bridge-lock=1 arm=402->402 result=1 disable-interp=0(known=0) foreground=1 monitors=0000000003DB2751/0000000003DB2751 cpu=0.072ms
01:07:39.947  qpc=4483555132142 [fg-transition] start=4483555033700 frame=00000000000003E3 idx=1/3 queue=000000002EB93CD0 reset=0 enable=1 recording=1 not-rendering=0 metering=0 fullscreen=0 slmode=1 known=0x17f hud=449c36d0 back=2eb3aed0 real=47fe1ed0 interp=47fe0cd0 bridge-lock=1 arm=402->403 result=1 disable-interp=0(known=0) foreground=1 monitors=0000000003DB2751/0000000003DB2751 cpu=9.844ms
01:07:39.986  qpc=4483555514165 [fg-transition] start=4483555512865 frame=00000000000003E3 idx=2/3 queue=000000002EB93CD0 reset=0 enable=1 recording=1 not-rendering=0 metering=0 fullscreen=0 slmode=1 known=0x17f hud=449c36d0 back=2eb3aed0 real=0 interp=47fe12d0 bridge-lock=1 arm=403->403 result=1 disable-interp=0(known=0) foreground=1 monitors=0000000003DB2751/0000000003DB2751 cpu=0.130ms
01:07:39.986  qpc=4483555516375 [fg-transition] start=4483555515710 frame=00000000000003E3 idx=3/3 queue=000000002EB93CD0 reset=0 enable=1 recording=1 not-rendering=0 metering=0 fullscreen=0 slmode=1 known=0x17f hud=449c36d0 back=2eb3aed0 real=0 interp=47fe18d0 bridge-lock=1 arm=403->403 result=1 disable-interp=0(known=0) foreground=1 monitors=0000000003DB2751/0000000003DB2751 cpu=0.066ms
01:07:39.997  qpc=4483555635007 [fg-transition] start=4483555517048 frame=00000000000003E4 idx=1/3 queue=000000002EB93CD0 reset=0 enable=1 recording=1 not-rendering=0 metering=0 fullscreen=0 slmode=1 known=0x17f hud=449c36d0 back=2eb3a8d0 real=47fe0cd0 interp=47fe1ed0 bridge-lock=1 arm=403->404 result=1 disable-interp=0(known=0) foreground=1 monitors=0000000003DB2751/0000000003DB2751 cpu=11.796ms
01:07:40.036  qpc=4483556016740 [fg-transition] start=4483556015499 frame=00000000000003E4 idx=2/3 queue=000000002EB93CD0 reset=0 enable=1 recording=1 not-rendering=0 metering=0 fullscreen=0 slmode=1 known=0x17f hud=449c36d0 back=2eb3a8d0 real=0 interp=47fe18d0 bridge-lock=1 arm=404->404 result=1 disable-interp=0(known=0) foreground=1 monitors=0000000003DB2751/0000000003DB2751 cpu=0.124ms
01:07:40.036  qpc=4483556018798 [fg-transition] start=4483556018148 frame=00000000000003E4 idx=3/3 queue=000000002EB93CD0 reset=0 enable=1 recording=1 not-rendering=0 metering=0 fullscreen=0 slmode=1 known=0x17f hud=449c36d0 back=2eb3a8d0 real=0 interp=47fe12d0 bridge-lock=1 arm=404->404 result=1 disable-interp=0(known=0) foreground=1 monitors=0000000003DB2751/0000000003DB2751 cpu=0.065ms
01:07:40.047  qpc=4483556120855 [fg-transition] start=4483556019244 frame=00000000000003E5 idx=1/3 queue=000000002EB93CD0 reset=0 enable=1 recording=1 not-rendering=0 metering=0 fullscreen=0 slmode=1 known=0x17f hud=449c36d0 back=2eb396d0 real=47fe1ed0 interp=47fe0cd0 bridge-lock=1 arm=404->405 result=1 disable-interp=0(known=0) foreground=1 monitors=0000000003DB2751/0000000003DB2751 cpu=10.161ms
01:07:44.708  [fg-relay] rate/15.0s p2 import_opt=1: presents=20.4/s present-gate[point=20.4 ready=0.0 fallback=0.0 inactive=0.0]/s noinfo=0.0/s stale=0.0/s unlearned=0.0/s attempts=20.4/s armed=20.4/s skipped=0.0/s busy=0.0/s arm-reject[state=0.0 request=0.0 refused=0.0 stopping=0.0 res=0.0 size=0.0]/s pool[cap=0.0 family=0.0 create=0.0 alloc=0.0]/s copy-drop[fence=0.0 reset=0.0 begin=0.0 end=0.0 submit=0.0]/s cf[seq=0.0/s idle=0.0/s nrfence=0.0/s] slotbusy=0.0/s copyfence-busy=0.0/s nr-gpuwait=20.2/s flips=0.0/s
01:07:44.709  [fg-relay] rate2: fginput eval=61.3/s index!=1=40.8/s eval-gate[off=0.0 fallback=0.0 notready=0.0 noinput=0.0 noqueue=0.0]/s relay eval=20.4/s consume=0.0/s inplace=20.4/s(ok 20.4/s) unarmed=0.0/s mismatch=0.0/s relbusy=0.0/s relok=20.4/s relfail=0.0/s release-stage[queue=0.0 pool=0.0 fence=0.0 reset=0.0 begin=0.0 end=0.0 submit=0.0]/s watchdog=0.0/s | worker plays=20.4/s ok=20.4/s fail=0.0/s nr_absent=0.0/s copyfail=0.0/s
01:07:44.709  [fg-relay] rate3: arm->arm avg=54.83ms max=1788.62ms n=499 | arm->work avg=0.01ms max=0.07ms | arm->eval avg=0.00ms max=0.00ms | copywait avg=0.008ms max=0.038ms | copy-land<= avg=55.22ms max=1787.91ms | work avg=9.20ms max=220.31ms | totals armed=500 unarmed=0 skipped=0 busy=0 mismatch=0 copies_failed=0 writes=500 conflicts=0
01:07:44.709  [fg-relay] rate4: throttle depth=1 off=0 | sleep calls=20.4/s waits=20.2/s clear=0.1/s timeouts=0.0/s avg=33.33ms | present calls=20.4/s waits=0.0/s clear=0.0/s timeouts=0.0/s avg=0.00ms | max=71.24ms (process)
01:07:49.517  [bridge] 600 frames delivered so far.
01:07:50.962  qpc=4483665276516 [fg-transition] start=4483665275067 frame=00000000000004C4 idx=2/3 queue=000000002EB93CD0 reset=0 enable=1 recording=1 not-rendering=0 metering=0 fullscreen=0 slmode=1 known=0x17f hud=449c36d0 back=2eb3aed0 real=0 interp=47fe18d0 bridge-lock=1 arm=628->628 result=1 disable-interp=0(known=0) foreground=0 monitors=0000000003DB2751/0000000067FB33F1 cpu=0.145ms
01:07:50.962  qpc=4483665278800 [fg-transition] start=4483665278102 frame=00000000000004C4 idx=3/3 queue=000000002EB93CD0 reset=0 enable=1 recording=1 not-rendering=0 metering=0 fullscreen=0 slmode=1 known=0x17f hud=449c36d0 back=2eb3aed0 real=0 interp=47fe12d0 bridge-lock=1 arm=628->628 result=1 disable-interp=0(known=0) foreground=0 monitors=0000000003DB2751/0000000067FB33F1 cpu=0.070ms
01:07:50.970  qpc=4483665353587 [fg-transition] start=4483665279290 frame=00000000000004C5 idx=1/3 queue=000000002EB93CD0 reset=0 enable=1 recording=1 not-rendering=0 metering=0 fullscreen=0 slmode=1 known=0x17f hud=449c36d0 back=2eb3a8d0 real=47fe1ed0 interp=47fe0cd0 bridge-lock=1 arm=628->629 result=1 disable-interp=0(known=0) foreground=0 monitors=0000000003DB2751/0000000067FB33F1 cpu=7.429ms
01:07:51.009  qpc=4483665744891 [fg-transition] start=4483665743595 frame=00000000000004C5 idx=2/3 queue=000000002EB93CD0 reset=0 enable=1 recording=1 not-rendering=0 metering=0 fullscreen=0 slmode=1 known=0x17f hud=449c36d0 back=2eb3a8d0 real=0 interp=47fe12d0 bridge-lock=1 arm=629->629 result=1 disable-interp=0(known=0) foreground=0 monitors=0000000003DB2751/0000000067FB33F1 cpu=0.129ms
01:07:51.009  qpc=4483665747127 [fg-transition] start=4483665746446 frame=00000000000004C5 idx=3/3 queue=000000002EB93CD0 reset=0 enable=1 recording=1 not-rendering=0 metering=0 fullscreen=0 slmode=1 known=0x17f hud=449c36d0 back=2eb3a8d0 real=0 interp=47fe18d0 bridge-lock=1 arm=629->629 result=1 disable-interp=0(known=0) foreground=0 monitors=0000000003DB2751/0000000067FB33F1 cpu=0.068ms
01:07:51.017  qpc=4483665829850 [fg-transition] start=4483665747602 frame=00000000000004C6 idx=1/3 queue=000000002EB93CD0 reset=0 enable=1 recording=1 not-rendering=0 metering=0 fullscreen=0 slmode=1 known=0x17f hud=449c36d0 back=2eb396d0 real=47fe0cd0 interp=47fe1ed0 bridge-lock=1 arm=629->630 result=1 disable-interp=0(known=0) foreground=0 monitors=0000000003DB2751/0000000067FB33F1 cpu=8.225ms
01:07:51.054  qpc=4483666207579 [fg-transition] start=4483666206304 frame=00000000000004C6 idx=2/3 queue=000000002EB93CD0 reset=0 enable=1 recording=1 not-rendering=0 metering=0 fullscreen=0 slmode=1 known=0x17f hud=449c36d0 back=2eb396d0 real=0 interp=47fe18d0 bridge-lock=1 arm=630->630 result=1 disable-interp=0(known=0) foreground=0 monitors=0000000003DB2751/0000000067FB33F1 cpu=0.127ms
01:07:51.055  qpc=4483666209831 [fg-transition] start=4483666209157 frame=00000000000004C6 idx=3/3 queue=000000002EB93CD0 reset=0 enable=1 recording=1 not-rendering=0 metering=0 fullscreen=0 slmode=1 known=0x17f hud=449c36d0 back=2eb396d0 real=0 interp=47fe12d0 bridge-lock=1 arm=630->630 result=1 disable-interp=0(known=0) foreground=0 monitors=0000000003DB2751/0000000067FB33F1 cpu=0.067ms
01:07:51.065  qpc=4483666304887 [fg-transition] start=4483666210297 frame=00000000000004C7 idx=1/3 queue=000000002EB93CD0 reset=0 enable=1 recording=1 not-rendering=0 metering=0 fullscreen=0 slmode=1 known=0x17f hud=449c36d0 back=2eb3aed0 real=47fe1ed0 interp=47fe0cd0 bridge-lock=1 arm=630->631 result=1 disable-interp=0(known=0) foreground=0 monitors=0000000003DB2751/0000000067FB33F1 cpu=9.459ms
01:07:51.104  qpc=4483666688775 [fg-transition] start=4483666687347 frame=00000000000004C7 idx=2/3 queue=000000002EB93CD0 reset=0 enable=1 recording=1 not-rendering=0 metering=0 fullscreen=0 slmode=1 known=0x17f hud=449c36d0 back=2eb3aed0 real=0 interp=47fe12d0 bridge-lock=1 arm=631->631 result=1 disable-interp=0(known=0) foreground=0 monitors=0000000003DB2751/0000000000000000 cpu=0.143ms
01:07:51.104  qpc=4483666692299 [fg-transition] start=4483666691068 frame=00000000000004C7 idx=3/3 queue=000000002EB93CD0 reset=0 enable=1 recording=1 not-rendering=0 metering=0 fullscreen=0 slmode=1 known=0x17f hud=449c36d0 back=2eb3aed0 real=0 interp=47fe18d0 bridge-lock=1 arm=631->631 result=1 disable-interp=0(known=0) foreground=0 monitors=0000000003DB2751/0000000000000000 cpu=0.123ms
01:07:51.113  qpc=4483666788444 [fg-transition] start=4483666693187 frame=00000000000004C8 idx=1/3 queue=000000002EB93CD0 reset=0 enable=1 recording=1 not-rendering=0 metering=0 fullscreen=0 slmode=1 known=0x17f hud=449c36d0 back=2eb3a8d0 real=47fe0cd0 interp=47fe1ed0 bridge-lock=1 arm=631->632 result=1 disable-interp=0(known=0) foreground=0 monitors=0000000003DB2751/0000000000000000 cpu=9.526ms
01:07:51.136  qpc=4483667035294 [focus-fg] state: enabled=1 hooked=1 foreground=0 minimized=0 hwnd=000000000DC531F2 scope_calls=634 original_false=46 kept=46 presents=1225 FG_evaluates=1897
01:07:59.714  [fg-relay] rate/15.0s p2 import_opt=1: presents=20.8/s present-gate[point=20.8 ready=0.0 fallback=0.0 inactive=0.0]/s noinfo=0.0/s stale=0.0/s unlearned=0.0/s attempts=20.8/s armed=20.8/s skipped=0.0/s busy=0.0/s arm-reject[state=0.0 request=0.0 refused=0.0 stopping=0.0 res=0.0 size=0.0]/s pool[cap=0.0 family=0.0 create=0.0 alloc=0.0]/s copy-drop[fence=0.0 reset=0.0 begin=0.0 end=0.0 submit=0.0]/s cf[seq=0.0/s idle=0.0/s nrfence=0.0/s] slotbusy=0.0/s copyfence-busy=0.0/s nr-gpuwait=20.7/s flips=0.0/s
01:07:59.714  [fg-relay] rate2: fginput eval=62.4/s index!=1=41.6/s eval-gate[off=0.0 fallback=0.0 notready=0.0 noinput=0.0 noqueue=0.0]/s relay eval=20.8/s consume=0.0/s inplace=20.8/s(ok 20.8/s) unarmed=0.0/s mismatch=0.0/s relbusy=0.0/s relok=20.8/s relfail=0.0/s release-stage[queue=0.0 pool=0.0 fence=0.0 reset=0.0 begin=0.0 end=0.0 submit=0.0]/s watchdog=0.0/s | worker plays=20.8/s ok=20.8/s fail=0.0/s nr_absent=0.0/s copyfail=0.0/s
01:07:59.714  [fg-relay] rate3: arm->arm avg=52.24ms max=1788.62ms n=811 | arm->work avg=0.01ms max=0.07ms | arm->eval avg=0.00ms max=0.00ms | copywait avg=0.008ms max=0.038ms | copy-land<= avg=52.46ms max=1787.91ms | work avg=8.99ms max=220.31ms | totals armed=812 unarmed=0 skipped=0 busy=0 mismatch=0 copies_failed=0 writes=812 conflicts=0
01:07:59.714  [fg-relay] rate4: throttle depth=1 off=0 | sleep calls=20.8/s waits=20.7/s clear=0.1/s timeouts=0.0/s avg=36.03ms | present calls=20.8/s waits=0.0/s clear=0.0/s timeouts=0.0/s avg=0.00ms | max=71.24ms (process)
01:08:07.431  qpc=4483829986298 [focus-fg] state: enabled=1 hooked=1 foreground=0 minimized=0 hwnd=000000000DC531F2 scope_calls=977 original_false=389 kept=389 presents=1568 FG_evaluates=2926
01:08:14.721  [fg-relay] rate/15.0s p2 import_opt=1: presents=21.0/s present-gate[point=21.0 ready=0.0 fallback=0.0 inactive=0.0]/s noinfo=0.0/s stale=0.0/s unlearned=0.0/s attempts=21.0/s armed=21.0/s skipped=0.0/s busy=0.0/s arm-reject[state=0.0 request=0.0 refused=0.0 stopping=0.0 res=0.0 size=0.0]/s pool[cap=0.0 family=0.0 create=0.0 alloc=0.0]/s copy-drop[fence=0.0 reset=0.0 begin=0.0 end=0.0 submit=0.0]/s cf[seq=0.0/s idle=0.0/s nrfence=0.0/s] slotbusy=0.0/s copyfence-busy=0.0/s nr-gpuwait=21.0/s flips=0.0/s
01:08:14.721  [fg-relay] rate2: fginput eval=62.9/s index!=1=42.0/s eval-gate[off=0.0 fallback=0.0 notready=0.0 noinput=0.0 noqueue=0.0]/s relay eval=21.0/s consume=0.0/s inplace=21.0/s(ok 21.0/s) unarmed=0.0/s mismatch=0.0/s relbusy=0.0/s relok=21.0/s relfail=0.0/s release-stage[queue=0.0 pool=0.0 fence=0.0 reset=0.0 begin=0.0 end=0.0 submit=0.0]/s watchdog=0.0/s | worker plays=21.0/s ok=21.0/s fail=0.0/s nr_absent=0.0/s copyfail=0.0/s
01:08:14.721  [fg-relay] rate3: arm->arm avg=50.96ms max=1788.62ms n=1126 | arm->work avg=0.01ms max=0.07ms | arm->eval avg=0.00ms max=0.00ms | copywait avg=0.009ms max=0.085ms | copy-land<= avg=51.10ms max=1787.91ms | work avg=8.87ms max=220.31ms | totals armed=1127 unarmed=0 skipped=0 busy=0 mismatch=0 copies_failed=0 writes=1127 conflicts=0
01:08:14.722  [fg-relay] rate4: throttle depth=1 off=0 | sleep calls=21.0/s waits=21.0/s clear=0.0/s timeouts=0.0/s avg=37.88ms | present calls=21.0/s waits=0.0/s clear=0.0/s timeouts=0.0/s avg=0.00ms | max=71.24ms (process)
01:08:18.115  [bridge] 1200 frames delivered so far.
01:08:22.694  qpc=4483982613192 [focus-fg] state: enabled=1 hooked=1 foreground=0 minimized=0 hwnd=000000000DC531F2 scope_calls=1297 original_false=709 kept=709 presents=1888 FG_evaluates=3886
01:08:29.739  [fg-relay] rate/15.0s p2 import_opt=1: presents=20.9/s present-gate[point=20.9 ready=0.0 fallback=0.0 inactive=0.0]/s noinfo=0.0/s stale=0.0/s unlearned=0.0/s attempts=20.9/s armed=20.9/s skipped=0.0/s busy=0.0/s arm-reject[state=0.0 request=0.0 refused=0.0 stopping=0.0 res=0.0 size=0.0]/s pool[cap=0.0 family=0.0 create=0.0 alloc=0.0]/s copy-drop[fence=0.0 reset=0.0 begin=0.0 end=0.0 submit=0.0]/s cf[seq=0.0/s idle=0.0/s nrfence=0.0/s] slotbusy=0.0/s copyfence-busy=0.0/s nr-gpuwait=20.9/s flips=0.0/s
01:08:29.739  [fg-relay] rate2: fginput eval=62.7/s index!=1=41.8/s eval-gate[off=0.0 fallback=0.0 notready=0.0 noinput=0.0 noqueue=0.0]/s relay eval=20.9/s consume=0.0/s inplace=20.9/s(ok 20.9/s) unarmed=0.0/s mismatch=0.0/s relbusy=0.0/s relok=20.9/s relfail=0.0/s release-stage[queue=0.0 pool=0.0 fence=0.0 reset=0.0 begin=0.0 end=0.0 submit=0.0]/s watchdog=0.0/s | worker plays=20.9/s ok=20.9/s fail=0.0/s nr_absent=0.0/s copyfail=0.0/s
01:08:29.740  [fg-relay] rate3: arm->arm avg=50.27ms max=1788.62ms n=1440 | arm->work avg=0.01ms max=0.07ms | arm->eval avg=0.00ms max=0.00ms | copywait avg=0.008ms max=0.085ms | copy-land<= avg=50.37ms max=1787.91ms | work avg=8.83ms max=220.31ms | totals armed=1441 unarmed=0 skipped=0 busy=0 mismatch=0 copies_failed=0 writes=1441 conflicts=0
01:08:29.740  [fg-relay] rate4: throttle depth=1 off=0 | sleep calls=20.9/s waits=20.9/s clear=0.0/s timeouts=0.0/s avg=38.12ms | present calls=20.9/s waits=0.0/s clear=0.0/s timeouts=0.0/s avg=0.00ms | max=71.24ms (process)
01:08:37.886  qpc=4484134536511 [focus-fg] state: enabled=1 hooked=1 foreground=0 minimized=0 hwnd=000000000DC531F2 scope_calls=1614 original_false=1026 kept=1026 presents=2205 FG_evaluates=4837
01:08:44.739  [fg-relay] rate/15.0s p2 import_opt=1: presents=21.0/s present-gate[point=21.0 ready=0.0 fallback=0.0 inactive=0.0]/s noinfo=0.0/s stale=0.0/s unlearned=0.0/s attempts=21.0/s armed=21.0/s skipped=0.0/s busy=0.0/s arm-reject[state=0.0 request=0.0 refused=0.0 stopping=0.0 res=0.0 size=0.0]/s pool[cap=0.0 family=0.0 create=0.0 alloc=0.0]/s copy-drop[fence=0.0 reset=0.0 begin=0.0 end=0.0 submit=0.0]/s cf[seq=0.0/s idle=0.0/s nrfence=0.0/s] slotbusy=0.0/s copyfence-busy=0.0/s nr-gpuwait=21.0/s flips=0.0/s
01:08:44.739  [fg-relay] rate2: fginput eval=63.0/s index!=1=42.0/s eval-gate[off=0.0 fallback=0.0 notready=0.0 noinput=0.0 noqueue=0.0]/s relay eval=21.0/s consume=0.0/s inplace=21.0/s(ok 21.0/s) unarmed=0.0/s mismatch=0.0/s relbusy=0.0/s relok=21.0/s relfail=0.0/s release-stage[queue=0.0 pool=0.0 fence=0.0 reset=0.0 begin=0.0 end=0.0 submit=0.0]/s watchdog=0.0/s | worker plays=21.0/s ok=21.0/s fail=0.0/s nr_absent=0.0/s copyfail=0.0/s
01:08:44.739  [fg-relay] rate3: arm->arm avg=49.80ms max=1788.62ms n=1755 | arm->work avg=0.01ms max=0.07ms | arm->eval avg=0.00ms max=0.00ms | copywait avg=0.009ms max=0.121ms | copy-land<= avg=49.87ms max=1787.91ms | work avg=8.80ms max=220.31ms | totals armed=1756 unarmed=0 skipped=0 busy=0 mismatch=0 copies_failed=0 writes=1756 conflicts=0
01:08:44.739  [fg-relay] rate4: throttle depth=1 off=0 | sleep calls=21.0/s waits=21.0/s clear=0.0/s timeouts=0.0/s avg=38.68ms | present calls=21.0/s waits=0.0/s clear=0.0/s timeouts=0.0/s avg=0.00ms | max=71.24ms (process)
01:08:46.775  [bridge] 1800 frames delivered so far.
01:08:46.813  [fg-relay] armed by evaluate: hud=449c36d0 back=2eb396d0 depth=449c30d0 mv=449c2ad0 5120x2160 copy=1800 nr=1800 import=1 slot=0 arm=1800 gpu-wait-nr=1799 pending=1.
01:08:46.813  [fg-relay] evaluate: slot=0 nr=1800 import=1 stage=3.
01:08:46.823  [fg-relay] frame=1800 slot=0 nr=1800 ok=1 wrote=1 nr_entries=2 import=1 armed=1800 skipped=0 busy=0 mismatch=0 conflicts=0.
01:08:52.977  qpc=4484285451192 [focus-fg] state: enabled=1 hooked=1 foreground=0 minimized=0 hwnd=000000000DC531F2 scope_calls=1929 original_false=1341 kept=1341 presents=2520 FG_evaluates=5782
01:08:59.741  [fg-relay] rate/15.0s p2 import_opt=1: presents=20.8/s present-gate[point=20.8 ready=0.0 fallback=0.0 inactive=0.0]/s noinfo=0.0/s stale=0.0/s unlearned=0.0/s attempts=20.8/s armed=20.8/s skipped=0.0/s busy=0.0/s arm-reject[state=0.0 request=0.0 refused=0.0 stopping=0.0 res=0.0 size=0.0]/s pool[cap=0.0 family=0.0 create=0.0 alloc=0.0]/s copy-drop[fence=0.0 reset=0.0 begin=0.0 end=0.0 submit=0.0]/s cf[seq=0.0/s idle=0.0/s nrfence=0.0/s] slotbusy=0.0/s copyfence-busy=0.0/s nr-gpuwait=20.8/s flips=0.0/s
01:08:59.742  [fg-relay] rate2: fginput eval=62.4/s index!=1=41.6/s eval-gate[off=0.0 fallback=0.0 notready=0.0 noinput=0.0 noqueue=0.0]/s relay eval=20.8/s consume=0.0/s inplace=20.8/s(ok 20.8/s) unarmed=0.0/s mismatch=0.0/s relbusy=0.0/s relok=20.8/s relfail=0.0/s release-stage[queue=0.0 pool=0.0 fence=0.0 reset=0.0 begin=0.0 end=0.0 submit=0.0]/s watchdog=0.0/s | worker plays=20.8/s ok=20.8/s fail=0.0/s nr_absent=0.0/s copyfail=0.0/s
01:08:59.742  [fg-relay] rate3: arm->arm avg=49.54ms max=1788.62ms n=2067 | arm->work avg=0.01ms max=0.07ms | arm->eval avg=0.00ms max=0.00ms | copywait avg=0.009ms max=0.121ms | copy-land<= avg=49.59ms max=1787.91ms | work avg=8.79ms max=220.31ms | totals armed=2068 unarmed=0 skipped=0 busy=0 mismatch=0 copies_failed=0 writes=2068 conflicts=0
01:08:59.742  [fg-relay] rate4: throttle depth=1 off=0 | sleep calls=20.8/s waits=20.8/s clear=0.0/s timeouts=0.0/s avg=38.89ms | present calls=20.8/s waits=0.0/s clear=0.0/s timeouts=0.0/s avg=0.00ms | max=71.24ms (process)
01:09:10.101  qpc=4484456681875 [focus-fg] state: enabled=1 hooked=1 foreground=0 minimized=0 hwnd=000000000DC531F2 scope_calls=2288 original_false=1700 kept=1700 presents=2879 FG_evaluates=6859
01:09:14.753  [fg-relay] rate/15.0s p2 import_opt=1: presents=21.0/s present-gate[point=21.0 ready=0.0 fallback=0.0 inactive=0.0]/s noinfo=0.0/s stale=0.0/s unlearned=0.0/s attempts=21.0/s armed=21.0/s skipped=0.0/s busy=0.0/s arm-reject[state=0.0 request=0.0 refused=0.0 stopping=0.0 res=0.0 size=0.0]/s pool[cap=0.0 family=0.0 create=0.0 alloc=0.0]/s copy-drop[fence=0.0 reset=0.0 begin=0.0 end=0.0 submit=0.0]/s cf[seq=0.0/s idle=0.0/s nrfence=0.0/s] slotbusy=0.0/s copyfence-busy=0.0/s nr-gpuwait=20.9/s flips=0.0/s
01:09:14.753  [fg-relay] rate2: fginput eval=62.9/s index!=1=42.0/s eval-gate[off=0.0 fallback=0.0 notready=0.0 noinput=0.0 noqueue=0.0]/s relay eval=21.0/s consume=0.0/s inplace=21.0/s(ok 21.0/s) unarmed=0.0/s mismatch=0.0/s relbusy=0.0/s relok=21.0/s relfail=0.0/s release-stage[queue=0.0 pool=0.0 fence=0.0 reset=0.0 begin=0.0 end=0.0 submit=0.0]/s watchdog=0.0/s | worker plays=21.0/s ok=21.0/s fail=0.0/s nr_absent=0.0/s copyfail=0.0/s
01:09:14.753  [fg-relay] rate3: arm->arm avg=49.29ms max=1788.62ms n=2382 | arm->work avg=0.01ms max=0.07ms | arm->eval avg=0.00ms max=0.00ms | copywait avg=0.009ms max=0.121ms | copy-land<= avg=49.32ms max=1787.91ms | work avg=8.78ms max=220.31ms | totals armed=2383 unarmed=0 skipped=0 busy=0 mismatch=0 copies_failed=0 writes=2383 conflicts=0
01:09:14.753  [fg-relay] rate4: throttle depth=1 off=0 | sleep calls=21.0/s waits=21.0/s clear=0.0/s timeouts=0.0/s avg=38.52ms | present calls=21.0/s waits=0.0/s clear=0.0/s timeouts=0.0/s avg=0.00ms | max=71.24ms (process)
01:09:15.269  qpc=4484508345587 [fg-transition] start=4484508344276 frame=0000000000000BA9 idx=2/3 queue=000000002EB93CD0 reset=0 enable=1 recording=1 not-rendering=0 metering=0 fullscreen=0 slmode=1 known=0x17f hud=449c36d0 back=2eb3a8d0 real=0 interp=47fe12d0 bridge-lock=1 arm=2393->2393 result=1 disable-interp=0(known=0) foreground=1 monitors=0000000003DB2751/0000000003DB2751 cpu=0.131ms
01:09:15.269  qpc=4484508347676 [fg-transition] start=4484508346993 frame=0000000000000BA9 idx=3/3 queue=000000002EB93CD0 reset=0 enable=1 recording=1 not-rendering=0 metering=0 fullscreen=0 slmode=1 known=0x17f hud=449c36d0 back=2eb3a8d0 real=0 interp=47fe18d0 bridge-lock=1 arm=2393->2393 result=1 disable-interp=0(known=0) foreground=1 monitors=0000000003DB2751/0000000003DB2751 cpu=0.068ms
01:09:15.279  qpc=4484508452115 [fg-transition] start=4484508348165 frame=0000000000000BAA idx=1/3 queue=000000002EB93CD0 reset=0 enable=1 recording=1 not-rendering=0 metering=0 fullscreen=0 slmode=1 known=0x17f hud=449c36d0 back=2eb396d0 real=47fe0cd0 interp=47fe1ed0 bridge-lock=1 arm=2393->2394 result=1 disable-interp=0(known=0) foreground=1 monitors=0000000003DB2751/0000000003DB2751 cpu=10.395ms
01:09:15.319  qpc=4484508843627 [fg-transition] start=4484508842348 frame=0000000000000BAA idx=2/3 queue=000000002EB93CD0 reset=0 enable=1 recording=1 not-rendering=0 metering=0 fullscreen=0 slmode=1 known=0x17f hud=449c36d0 back=2eb396d0 real=0 interp=47fe18d0 bridge-lock=1 arm=2394->2394 result=1 disable-interp=0(known=0) foreground=1 monitors=0000000003DB2751/0000000003DB2751 cpu=0.128ms
01:09:15.319  qpc=4484508845780 [fg-transition] start=4484508845117 frame=0000000000000BAA idx=3/3 queue=000000002EB93CD0 reset=0 enable=1 recording=1 not-rendering=0 metering=0 fullscreen=0 slmode=1 known=0x17f hud=449c36d0 back=2eb396d0 real=0 interp=47fe12d0 bridge-lock=1 arm=2394->2394 result=1 disable-interp=0(known=0) foreground=1 monitors=0000000003DB2751/0000000003DB2751 cpu=0.066ms
01:09:15.328  qpc=4484508942978 [fg-transition] start=4484508846262 frame=0000000000000BAB idx=1/3 queue=000000002EB93CD0 reset=0 enable=1 recording=1 not-rendering=0 metering=0 fullscreen=0 slmode=1 known=0x17f hud=449c36d0 back=2eb3aed0 real=47fe1ed0 interp=47fe0cd0 bridge-lock=1 arm=2394->2395 result=1 disable-interp=0(known=0) foreground=1 monitors=0000000003DB2751/0000000003DB2751 cpu=9.671ms
01:09:15.368  qpc=4484509328158 [fg-transition] start=4484509326818 frame=0000000000000BAB idx=2/3 queue=000000002EB93CD0 reset=0 enable=1 recording=1 not-rendering=0 metering=0 fullscreen=0 slmode=1 known=0x17f hud=449c36d0 back=2eb3aed0 real=0 interp=47fe12d0 bridge-lock=1 arm=2395->2395 result=1 disable-interp=0(known=0) foreground=1 monitors=0000000003DB2751/0000000003DB2751 cpu=0.134ms
01:09:15.368  qpc=4484509330844 [fg-transition] start=4484509329837 frame=0000000000000BAB idx=3/3 queue=000000002EB93CD0 reset=0 enable=1 recording=1 not-rendering=0 metering=0 fullscreen=0 slmode=1 known=0x17f hud=449c36d0 back=2eb3aed0 real=0 interp=47fe18d0 bridge-lock=1 arm=2395->2395 result=1 disable-interp=0(known=0) foreground=1 monitors=0000000003DB2751/0000000003DB2751 cpu=0.101ms
01:09:15.377  qpc=4484509424713 [fg-transition] start=4484509332089 frame=0000000000000BAC idx=1/3 queue=000000002EB93CD0 reset=0 enable=1 recording=1 not-rendering=0 metering=0 fullscreen=0 slmode=1 known=0x17f hud=449c36d0 back=2eb3a8d0 real=47fe0cd0 interp=47fe1ed0 bridge-lock=1 arm=2395->2396 result=1 disable-interp=0(known=0) foreground=1 monitors=0000000003DB2751/0000000003DB2751 cpu=9.262ms
01:09:15.415  qpc=4484509805531 [fg-transition] start=4484509804258 frame=0000000000000BAC idx=2/3 queue=000000002EB93CD0 reset=0 enable=1 recording=1 not-rendering=0 metering=0 fullscreen=0 slmode=1 known=0x17f hud=449c36d0 back=2eb3a8d0 real=0 interp=47fe18d0 bridge-lock=1 arm=2396->2396 result=1 disable-interp=0(known=0) foreground=1 monitors=0000000003DB2751/0000000003DB2751 cpu=0.127ms
01:09:15.415  qpc=4484509807735 [fg-transition] start=4484509807045 frame=0000000000000BAC idx=3/3 queue=000000002EB93CD0 reset=0 enable=1 recording=1 not-rendering=0 metering=0 fullscreen=0 slmode=1 known=0x17f hud=449c36d0 back=2eb3a8d0 real=0 interp=47fe12d0 bridge-lock=1 arm=2396->2396 result=1 disable-interp=0(known=0) foreground=1 monitors=0000000003DB2751/0000000003DB2751 cpu=0.069ms
01:09:15.424  qpc=4484509895324 [fg-transition] start=4484509808206 frame=0000000000000BAD idx=1/3 queue=000000002EB93CD0 reset=0 enable=1 recording=1 not-rendering=0 metering=0 fullscreen=0 slmode=1 known=0x17f hud=449c36d0 back=2eb396d0 real=47fe1ed0 interp=47fe0cd0 bridge-lock=1 arm=2396->2397 result=1 disable-interp=0(known=0) foreground=1 monitors=0000000003DB2751/0000000003DB2751 cpu=8.712ms
01:09:15.516  [bridge] 2400 frames delivered so far.
01:09:16.226  qpc=4484517932203 [focus-fg] state: enabled=1 hooked=1 foreground=1 minimized=0 hwnd=000000000DC531F2 scope_calls=2415 original_false=1806 kept=1806 presents=3006 FG_evaluates=7240
01:09:21.720  qpc=4484572859284 [fg-transition] start=4484572855805 frame=0000000000000C2E idx=2/3 queue=000000002EB93CD0 reset=0 enable=1 recording=1 not-rendering=0 metering=0 fullscreen=0 slmode=1 known=0x17f hud=449c36d0 back=2eb396d0 real=0 interp=47fe18d0 bridge-lock=1 arm=2526->2526 result=1 disable-interp=0(known=0) foreground=0 monitors=0000000003DB2751/0000000067FB33F1 cpu=0.347ms
01:09:21.721  qpc=4484572862238 [fg-transition] start=4484572861029 frame=0000000000000C2E idx=3/3 queue=000000002EB93CD0 reset=0 enable=1 recording=1 not-rendering=0 metering=0 fullscreen=0 slmode=1 known=0x17f hud=449c36d0 back=2eb396d0 real=0 interp=47fe12d0 bridge-lock=1 arm=2526->2526 result=1 disable-interp=0(known=0) foreground=0 monitors=0000000003DB2751/0000000067FB33F1 cpu=0.121ms
01:09:21.730  qpc=4484572959415 [fg-transition] start=4484572862997 frame=0000000000000C2F idx=1/3 queue=000000002EB93CD0 reset=0 enable=1 recording=1 not-rendering=0 metering=0 fullscreen=0 slmode=1 known=0x17f hud=449c36d0 back=2eb3aed0 real=47fe1ed0 interp=47fe0cd0 bridge-lock=1 arm=2526->2527 result=1 disable-interp=0(known=0) foreground=0 monitors=0000000003DB2751/0000000067FB33F1 cpu=9.642ms
01:09:21.771  qpc=4484573356836 [fg-transition] start=4484573353754 frame=0000000000000C2F idx=2/3 queue=000000002EB93CD0 reset=0 enable=1 recording=1 not-rendering=0 metering=0 fullscreen=0 slmode=1 known=0x17f hud=449c36d0 back=2eb3aed0 real=0 interp=47fe12d0 bridge-lock=1 arm=2527->2527 result=1 disable-interp=0(known=0) foreground=0 monitors=0000000003DB2751/0000000067FB33F1 cpu=0.308ms
01:09:21.771  qpc=4484573360549 [fg-transition] start=4484573359213 frame=0000000000000C2F idx=3/3 queue=000000002EB93CD0 reset=0 enable=1 recording=1 not-rendering=0 metering=0 fullscreen=0 slmode=1 known=0x17f hud=449c36d0 back=2eb3aed0 real=0 interp=47fe18d0 bridge-lock=1 arm=2527->2527 result=1 disable-interp=0(known=0) foreground=0 monitors=0000000003DB2751/0000000067FB33F1 cpu=0.133ms
01:09:21.779  qpc=4484573445138 [fg-transition] start=4484573361591 frame=0000000000000C30 idx=1/3 queue=000000002EB93CD0 reset=0 enable=1 recording=1 not-rendering=0 metering=0 fullscreen=0 slmode=1 known=0x17f hud=449c36d0 back=2eb3a8d0 real=47fe0cd0 interp=47fe1ed0 bridge-lock=1 arm=2527->2528 result=1 disable-interp=0(known=0) foreground=0 monitors=0000000003DB2751/0000000067FB33F1 cpu=8.354ms
01:09:21.820  qpc=4484573839674 [fg-transition] start=4484573838143 frame=0000000000000C30 idx=2/3 queue=000000002EB93CD0 reset=0 enable=1 recording=1 not-rendering=0 metering=0 fullscreen=0 slmode=1 known=0x17f hud=449c36d0 back=2eb3a8d0 real=0 interp=47fe18d0 bridge-lock=1 arm=2528->2528 result=1 disable-interp=0(known=0) foreground=0 monitors=0000000003DB2751/0000000067FB33F1 cpu=0.153ms
01:09:21.820  qpc=4484573842207 [fg-transition] start=4484573841410 frame=0000000000000C30 idx=3/3 queue=000000002EB93CD0 reset=0 enable=1 recording=1 not-rendering=0 metering=0 fullscreen=0 slmode=1 known=0x17f hud=449c36d0 back=2eb3a8d0 real=0 interp=47fe12d0 bridge-lock=1 arm=2528->2528 result=1 disable-interp=0(known=0) foreground=0 monitors=0000000003DB2751/0000000067FB33F1 cpu=0.080ms
01:09:21.827  qpc=4484573921104 [fg-transition] start=4484573842749 frame=0000000000000C31 idx=1/3 queue=000000002EB93CD0 reset=0 enable=1 recording=1 not-rendering=0 metering=0 fullscreen=0 slmode=1 known=0x17f hud=449c36d0 back=2eb396d0 real=47fe1ed0 interp=47fe0cd0 bridge-lock=1 arm=2528->2529 result=1 disable-interp=0(known=0) foreground=0 monitors=0000000003DB2751/0000000067FB33F1 cpu=7.835ms
01:09:21.866  qpc=4484574311063 [fg-transition] start=4484574309485 frame=0000000000000C31 idx=2/3 queue=000000002EB93CD0 reset=0 enable=1 recording=1 not-rendering=0 metering=0 fullscreen=0 slmode=1 known=0x17f hud=449c36d0 back=2eb396d0 real=0 interp=47fe12d0 bridge-lock=1 arm=2529->2529 result=1 disable-interp=0(known=0) foreground=0 monitors=0000000003DB2751/0000000067FB33F1 cpu=0.157ms
01:09:21.866  qpc=4484574313496 [fg-transition] start=4484574312692 frame=0000000000000C31 idx=3/3 queue=000000002EB93CD0 reset=0 enable=1 recording=1 not-rendering=0 metering=0 fullscreen=0 slmode=1 known=0x17f hud=449c36d0 back=2eb396d0 real=0 interp=47fe18d0 bridge-lock=1 arm=2529->2529 result=1 disable-interp=0(known=0) foreground=0 monitors=0000000003DB2751/0000000067FB33F1 cpu=0.080ms
01:09:21.876  qpc=4484574418252 [fg-transition] start=4484574314205 frame=0000000000000C32 idx=1/3 queue=000000002EB93CD0 reset=0 enable=1 recording=1 not-rendering=0 metering=0 fullscreen=0 slmode=1 known=0x17f hud=449c36d0 back=2eb3aed0 real=47fe0cd0 interp=47fe1ed0 bridge-lock=1 arm=2529->2530 result=1 disable-interp=0(known=0) foreground=0 monitors=0000000003DB2751/0000000067FB33F1 cpu=10.404ms
01:09:22.287  qpc=4484578547678 [focus-fg] state: enabled=1 hooked=1 foreground=0 minimized=0 hwnd=000000000DC531F2 scope_calls=2540 original_false=1819 kept=1819 presents=3131 FG_evaluates=7615
01:09:29.756  [fg-relay] rate/15.0s p2 import_opt=1: presents=20.7/s present-gate[point=20.7 ready=0.0 fallback=0.0 inactive=0.0]/s noinfo=0.0/s stale=0.0/s unlearned=0.0/s attempts=20.7/s armed=20.7/s skipped=0.0/s busy=0.0/s arm-reject[state=0.0 request=0.0 refused=0.0 stopping=0.0 res=0.0 size=0.0]/s pool[cap=0.0 family=0.0 create=0.0 alloc=0.0]/s copy-drop[fence=0.0 reset=0.0 begin=0.0 end=0.0 submit=0.0]/s cf[seq=0.0/s idle=0.0/s nrfence=0.0/s] slotbusy=0.0/s copyfence-busy=0.0/s nr-gpuwait=20.7/s flips=0.0/s
01:09:29.756  [fg-relay] rate2: fginput eval=62.0/s index!=1=41.3/s eval-gate[off=0.0 fallback=0.0 notready=0.0 noinput=0.0 noqueue=0.0]/s relay eval=20.7/s consume=0.0/s inplace=20.7/s(ok 20.7/s) unarmed=0.0/s mismatch=0.0/s relbusy=0.0/s relok=20.7/s relfail=0.0/s release-stage[queue=0.0 pool=0.0 fence=0.0 reset=0.0 begin=0.0 end=0.0 submit=0.0]/s watchdog=0.0/s | worker plays=20.7/s ok=20.7/s fail=0.0/s nr_absent=0.0/s copyfail=0.0/s
01:09:29.756  [fg-relay] rate3: arm->arm avg=49.19ms max=1788.62ms n=2692 | arm->work avg=0.01ms max=0.07ms | arm->eval avg=0.00ms max=0.00ms | copywait avg=0.008ms max=0.121ms | copy-land<= avg=49.21ms max=1787.91ms | work avg=8.78ms max=220.31ms | totals armed=2693 unarmed=0 skipped=0 busy=0 mismatch=0 copies_failed=0 writes=2693 conflicts=0
01:09:29.756  [fg-relay] rate4: throttle depth=1 off=0 | sleep calls=20.7/s waits=20.7/s clear=0.0/s timeouts=0.0/s avg=36.99ms | present calls=20.7/s waits=0.0/s clear=0.0/s timeouts=0.0/s avg=0.00ms | max=71.24ms (process)
01:09:37.418  qpc=4484729855575 [focus-fg] state: enabled=1 hooked=1 foreground=0 minimized=0 hwnd=000000000DC531F2 scope_calls=2855 original_false=2134 kept=2134 presents=3446 FG_evaluates=8560
01:09:44.409  [bridge] 3000 frames delivered so far.
01:09:44.760  [fg-relay] rate/15.0s p2 import_opt=1: presents=20.9/s present-gate[point=20.9 ready=0.0 fallback=0.0 inactive=0.0]/s noinfo=0.0/s stale=0.0/s unlearned=0.0/s attempts=20.9/s armed=20.9/s skipped=0.0/s busy=0.0/s arm-reject[state=0.0 request=0.0 refused=0.0 stopping=0.0 res=0.0 size=0.0]/s pool[cap=0.0 family=0.0 create=0.0 alloc=0.0]/s copy-drop[fence=0.0 reset=0.0 begin=0.0 end=0.0 submit=0.0]/s cf[seq=0.0/s idle=0.0/s nrfence=0.0/s] slotbusy=0.0/s copyfence-busy=0.0/s nr-gpuwait=20.9/s flips=0.0/s
01:09:44.760  [fg-relay] rate2: fginput eval=62.6/s index!=1=41.7/s eval-gate[off=0.0 fallback=0.0 notready=0.0 noinput=0.0 noqueue=0.0]/s relay eval=20.9/s consume=0.0/s inplace=20.9/s(ok 20.9/s) unarmed=0.0/s mismatch=0.0/s relbusy=0.0/s relok=20.9/s relfail=0.0/s release-stage[queue=0.0 pool=0.0 fence=0.0 reset=0.0 begin=0.0 end=0.0 submit=0.0]/s watchdog=0.0/s | worker plays=20.9/s ok=20.9/s fail=0.0/s nr_absent=0.0/s copyfail=0.0/s
01:09:44.760  [fg-relay] rate3: arm->arm avg=49.06ms max=1788.62ms n=3005 | arm->work avg=0.01ms max=0.07ms | arm->eval avg=0.00ms max=0.00ms | copywait avg=0.008ms max=0.121ms | copy-land<= avg=49.07ms max=1787.91ms | work avg=8.78ms max=220.31ms | totals armed=3006 unarmed=0 skipped=0 busy=0 mismatch=0 copies_failed=0 writes=3006 conflicts=0
01:09:44.760  [fg-relay] rate4: throttle depth=1 off=0 | sleep calls=20.9/s waits=20.9/s clear=0.0/s timeouts=0.0/s avg=39.18ms | present calls=20.9/s waits=0.0/s clear=0.0/s timeouts=0.0/s avg=0.00ms | max=71.24ms (process)
01:09:52.594  qpc=4484881617118 [focus-fg] state: enabled=1 hooked=1 foreground=0 minimized=0 hwnd=000000000DC531F2 scope_calls=3170 original_false=2449 kept=2449 presents=3761 FG_evaluates=9505
01:09:59.772  [fg-relay] rate/15.0s p2 import_opt=1: presents=20.7/s present-gate[point=20.7 ready=0.0 fallback=0.0 inactive=0.0]/s noinfo=0.0/s stale=0.0/s unlearned=0.0/s attempts=20.7/s armed=20.7/s skipped=0.0/s busy=0.0/s arm-reject[state=0.0 request=0.0 refused=0.0 stopping=0.0 res=0.0 size=0.0]/s pool[cap=0.0 family=0.0 create=0.0 alloc=0.0]/s copy-drop[fence=0.0 reset=0.0 begin=0.0 end=0.0 submit=0.0]/s cf[seq=0.0/s idle=0.0/s nrfence=0.0/s] slotbusy=0.0/s copyfence-busy=0.0/s nr-gpuwait=20.7/s flips=0.0/s
01:09:59.772  [fg-relay] rate2: fginput eval=62.1/s index!=1=41.4/s eval-gate[off=0.0 fallback=0.0 notready=0.0 noinput=0.0 noqueue=0.0]/s relay eval=20.7/s consume=0.0/s inplace=20.7/s(ok 20.7/s) unarmed=0.0/s mismatch=0.0/s relbusy=0.0/s relok=20.7/s relfail=0.0/s release-stage[queue=0.0 pool=0.0 fence=0.0 reset=0.0 begin=0.0 end=0.0 submit=0.0]/s watchdog=0.0/s | worker plays=20.7/s ok=20.7/s fail=0.0/s nr_absent=0.0/s copyfail=0.0/s
01:09:59.772  [fg-relay] rate3: arm->arm avg=48.98ms max=1788.62ms n=3316 | arm->work avg=0.01ms max=0.10ms | arm->eval avg=0.00ms max=0.00ms | copywait avg=0.008ms max=0.121ms | copy-land<= avg=48.99ms max=1787.91ms | work avg=8.79ms max=220.31ms | totals armed=3317 unarmed=0 skipped=0 busy=0 mismatch=0 copies_failed=0 writes=3317 conflicts=0
01:09:59.772  [fg-relay] rate4: throttle depth=1 off=0 | sleep calls=20.7/s waits=20.7/s clear=0.0/s timeouts=0.0/s avg=39.95ms | present calls=20.7/s waits=0.0/s clear=0.0/s timeouts=0.0/s avg=0.00ms | max=71.24ms (process)
01:10:07.791  qpc=4485033588416 [focus-fg] state: enabled=1 hooked=1 foreground=0 minimized=0 hwnd=000000000DC531F2 scope_calls=3485 original_false=2764 kept=2764 presents=4076 FG_evaluates=10450
01:10:13.431  [bridge] 3600 frames delivered so far.
01:10:13.471  [fg-relay] armed by evaluate: hud=449c36d0 back=2eb396d0 depth=449c30d0 mv=449c2ad0 5120x2160 copy=3600 nr=3600 import=1 slot=0 arm=3600 gpu-wait-nr=3599 pending=1.
01:10:13.471  [fg-relay] evaluate: slot=0 nr=3600 import=1 stage=3.
01:10:13.481  [fg-relay] frame=3600 slot=0 nr=3600 ok=1 wrote=1 nr_entries=2 import=1 armed=3600 skipped=0 busy=0 mismatch=0 conflicts=0.
01:10:14.809  [fg-relay] rate/15.0s p2 import_opt=1: presents=20.6/s present-gate[point=20.6 ready=0.0 fallback=0.0 inactive=0.0]/s noinfo=0.0/s stale=0.0/s unlearned=0.0/s attempts=20.6/s armed=20.6/s skipped=0.0/s busy=0.0/s arm-reject[state=0.0 request=0.0 refused=0.0 stopping=0.0 res=0.0 size=0.0]/s pool[cap=0.0 family=0.0 create=0.0 alloc=0.0]/s copy-drop[fence=0.0 reset=0.0 begin=0.0 end=0.0 submit=0.0]/s cf[seq=0.0/s idle=0.0/s nrfence=0.0/s] slotbusy=0.0/s copyfence-busy=0.0/s nr-gpuwait=20.6/s flips=0.0/s
01:10:14.810  [fg-relay] rate2: fginput eval=61.9/s index!=1=41.2/s eval-gate[off=0.0 fallback=0.0 notready=0.0 noinput=0.0 noqueue=0.0]/s relay eval=20.6/s consume=0.0/s inplace=20.6/s(ok 20.6/s) unarmed=0.0/s mismatch=0.0/s relbusy=0.0/s relok=20.6/s relfail=0.0/s release-stage[queue=0.0 pool=0.0 fence=0.0 reset=0.0 begin=0.0 end=0.0 submit=0.0]/s watchdog=0.0/s | worker plays=20.6/s ok=20.6/s fail=0.0/s nr_absent=0.0/s copyfail=0.0/s
01:10:14.810  [fg-relay] rate3: arm->arm avg=48.94ms max=1788.62ms n=3626 | arm->work avg=0.01ms max=0.12ms | arm->eval avg=0.00ms max=0.00ms | copywait avg=0.008ms max=0.149ms | copy-land<= avg=48.95ms max=1787.91ms | work avg=8.80ms max=220.31ms | totals armed=3627 unarmed=0 skipped=0 busy=0 mismatch=0 copies_failed=0 writes=3627 conflicts=0
01:10:14.810  [fg-relay] rate4: throttle depth=1 off=0 | sleep calls=20.6/s waits=20.6/s clear=0.0/s timeouts=0.0/s avg=40.16ms | present calls=20.6/s waits=0.0/s clear=0.0/s timeouts=0.0/s avg=0.00ms | max=71.24ms (process)
01:10:23.106  qpc=4485186733724 [focus-fg] state: enabled=1 hooked=1 foreground=0 minimized=0 hwnd=000000000DC531F2 scope_calls=3799 original_false=3078 kept=3078 presents=4390 FG_evaluates=11392
01:10:29.822  [fg-relay] rate/15.0s p2 import_opt=1: presents=20.4/s present-gate[point=20.4 ready=0.0 fallback=0.0 inactive=0.0]/s noinfo=0.0/s stale=0.0/s unlearned=0.0/s attempts=20.4/s armed=20.4/s skipped=0.0/s busy=0.0/s arm-reject[state=0.0 request=0.0 refused=0.0 stopping=0.0 res=0.0 size=0.0]/s pool[cap=0.0 family=0.0 create=0.0 alloc=0.0]/s copy-drop[fence=0.0 reset=0.0 begin=0.0 end=0.0 submit=0.0]/s cf[seq=0.0/s idle=0.0/s nrfence=0.0/s] slotbusy=0.0/s copyfence-busy=0.0/s nr-gpuwait=20.4/s flips=0.0/s
01:10:29.822  [fg-relay] rate2: fginput eval=61.1/s index!=1=40.8/s eval-gate[off=0.0 fallback=0.0 notready=0.0 noinput=0.0 noqueue=0.0]/s relay eval=20.4/s consume=0.0/s inplace=20.4/s(ok 20.4/s) unarmed=0.0/s mismatch=0.0/s relbusy=0.0/s relok=20.4/s relfail=0.0/s release-stage[queue=0.0 pool=0.0 fence=0.0 reset=0.0 begin=0.0 end=0.0 submit=0.0]/s watchdog=0.0/s | worker plays=20.4/s ok=20.4/s fail=0.0/s nr_absent=0.0/s copyfail=0.0/s
01:10:29.823  [fg-relay] rate3: arm->arm avg=48.95ms max=1788.62ms n=3932 | arm->work avg=0.01ms max=0.12ms | arm->eval avg=0.00ms max=0.00ms | copywait avg=0.008ms max=0.149ms | copy-land<= avg=48.95ms max=1787.91ms | work avg=8.80ms max=220.31ms | totals armed=3933 unarmed=0 skipped=0 busy=0 mismatch=0 copies_failed=0 writes=3933 conflicts=0
01:10:29.823  [fg-relay] rate4: throttle depth=1 off=0 | sleep calls=20.4/s waits=20.4/s clear=0.0/s timeouts=0.0/s avg=40.17ms | present calls=20.4/s waits=0.0/s clear=0.0/s timeouts=0.0/s avg=0.00ms | max=71.24ms (process)
01:10:38.358  qpc=4485339254036 [focus-fg] state: enabled=1 hooked=1 foreground=0 minimized=0 hwnd=000000000DC531F2 scope_calls=4103 original_false=3382 kept=3382 presents=4694 FG_evaluates=12304
01:10:39.099  qpc=4485346640328 [fg-transition] start=4485346638939 frame=0000000000001263 idx=2/3 queue=000000002EB93CD0 reset=0 enable=1 recording=1 not-rendering=0 metering=0 fullscreen=0 slmode=1 known=0x17f hud=449c36d0 back=2eb3a8d0 real=0 interp=47fe12d0 bridge-lock=1 arm=4115->4115 result=1 disable-interp=0(known=0) foreground=1 monitors=0000000003DB2751/0000000003DB2751 cpu=0.139ms
01:10:39.099  qpc=4485346642471 [fg-transition] start=4485346641765 frame=0000000000001263 idx=3/3 queue=000000002EB93CD0 reset=0 enable=1 recording=1 not-rendering=0 metering=0 fullscreen=0 slmode=1 known=0x17f hud=449c36d0 back=2eb3a8d0 real=0 interp=47fe18d0 bridge-lock=1 arm=4115->4115 result=1 disable-interp=0(known=0) foreground=1 monitors=0000000003DB2751/0000000003DB2751 cpu=0.071ms
01:10:39.111  qpc=4485346758707 [fg-transition] start=4485346643005 frame=0000000000001264 idx=1/3 queue=000000002EB93CD0 reset=0 enable=1 recording=1 not-rendering=0 metering=0 fullscreen=0 slmode=1 known=0x17f hud=449c36d0 back=2eb396d0 real=47fe0cd0 interp=47fe1ed0 bridge-lock=1 arm=4115->4116 result=1 disable-interp=0(known=0) foreground=1 monitors=0000000003DB2751/0000000003DB2751 cpu=11.570ms
01:10:39.152  qpc=4485347171087 [fg-transition] start=4485347169283 frame=0000000000001264 idx=2/3 queue=000000002EB93CD0 reset=0 enable=1 recording=1 not-rendering=0 metering=0 fullscreen=0 slmode=1 known=0x17f hud=449c36d0 back=2eb396d0 real=0 interp=47fe18d0 bridge-lock=1 arm=4116->4116 result=1 disable-interp=0(known=0) foreground=1 monitors=0000000003DB2751/0000000003DB2751 cpu=0.180ms
01:10:39.152  qpc=4485347174045 [fg-transition] start=4485347172938 frame=0000000000001264 idx=3/3 queue=000000002EB93CD0 reset=0 enable=1 recording=1 not-rendering=0 metering=0 fullscreen=0 slmode=1 known=0x17f hud=449c36d0 back=2eb396d0 real=0 interp=47fe12d0 bridge-lock=1 arm=4116->4116 result=1 disable-interp=0(known=0) foreground=1 monitors=0000000003DB2751/0000000003DB2751 cpu=0.111ms
01:10:39.168  qpc=4485347327122 [fg-transition] start=4485347175075 frame=0000000000001265 idx=1/3 queue=000000002EB93CD0 reset=0 enable=1 recording=1 not-rendering=0 metering=0 fullscreen=0 slmode=1 known=0x17f hud=449c36d0 back=2eb3aed0 real=47fe1ed0 interp=47fe0cd0 bridge-lock=1 arm=4116->4117 result=1 disable-interp=0(known=0) foreground=1 monitors=0000000003DB2751/0000000003DB2751 cpu=15.204ms
01:10:39.209  qpc=4485347739277 [fg-transition] start=4485347737944 frame=0000000000001265 idx=2/3 queue=000000002EB93CD0 reset=0 enable=1 recording=1 not-rendering=0 metering=0 fullscreen=0 slmode=1 known=0x17f hud=449c36d0 back=2eb3aed0 real=0 interp=47fe12d0 bridge-lock=1 arm=4117->4117 result=1 disable-interp=0(known=0) foreground=1 monitors=0000000003DB2751/0000000003DB2751 cpu=0.133ms
01:10:39.209  qpc=4485347741471 [fg-transition] start=4485347740800 frame=0000000000001265 idx=3/3 queue=000000002EB93CD0 reset=0 enable=1 recording=1 not-rendering=0 metering=0 fullscreen=0 slmode=1 known=0x17f hud=449c36d0 back=2eb3aed0 real=0 interp=47fe18d0 bridge-lock=1 arm=4117->4117 result=1 disable-interp=0(known=0) foreground=1 monitors=0000000003DB2751/0000000003DB2751 cpu=0.067ms
01:10:39.221  qpc=4485347854066 [fg-transition] start=4485347741953 frame=0000000000001266 idx=1/3 queue=000000002EB93CD0 reset=0 enable=1 recording=1 not-rendering=0 metering=0 fullscreen=0 slmode=1 known=0x17f hud=449c36d0 back=2eb3a8d0 real=47fe0cd0 interp=47fe1ed0 bridge-lock=1 arm=4117->4118 result=1 disable-interp=0(known=0) foreground=1 monitors=0000000003DB2751/0000000003DB2751 cpu=11.211ms
01:10:39.262  qpc=4485348276571 [fg-transition] start=4485348275113 frame=0000000000001266 idx=2/3 queue=000000002EB93CD0 reset=0 enable=1 recording=1 not-rendering=0 metering=0 fullscreen=0 slmode=1 known=0x17f hud=449c36d0 back=2eb3a8d0 real=0 interp=47fe18d0 bridge-lock=1 arm=4118->4118 result=1 disable-interp=0(known=0) foreground=1 monitors=0000000003DB2751/0000000003DB2751 cpu=0.145ms
01:10:39.262  qpc=4485348279332 [fg-transition] start=4485348278624 frame=0000000000001266 idx=3/3 queue=000000002EB93CD0 reset=0 enable=1 recording=1 not-rendering=0 metering=0 fullscreen=0 slmode=1 known=0x17f hud=449c36d0 back=2eb3a8d0 real=0 interp=47fe12d0 bridge-lock=1 arm=4118->4118 result=1 disable-interp=0(known=0) foreground=1 monitors=0000000003DB2751/0000000003DB2751 cpu=0.071ms
01:10:39.275  qpc=4485348404459 [fg-transition] start=4485348279886 frame=0000000000001267 idx=1/3 queue=000000002EB93CD0 reset=0 enable=1 recording=1 not-rendering=0 metering=0 fullscreen=0 slmode=1 known=0x17f hud=449c36d0 back=2eb396d0 real=47fe1ed0 interp=47fe0cd0 bridge-lock=1 arm=4118->4119 result=1 disable-interp=0(known=0) foreground=1 monitors=0000000003DB2751/0000000003DB2751 cpu=12.457ms
01:10:39.395  qpc=4485349619874 [focus-fg] state: enabled=1 hooked=1 foreground=1 minimized=0 hwnd=000000000DC531F2 scope_calls=4123 original_false=3395 kept=3395 presents=4714 FG_evaluates=12364
01:10:43.505  [bridge] 4200 frames delivered so far.
01:10:44.831  [fg-relay] rate/15.0s p2 import_opt=1: presents=19.4/s present-gate[point=19.4 ready=0.0 fallback=0.0 inactive=0.0]/s noinfo=0.0/s stale=0.0/s unlearned=0.0/s attempts=19.4/s armed=19.4/s skipped=0.0/s busy=0.0/s arm-reject[state=0.0 request=0.0 refused=0.0 stopping=0.0 res=0.0 size=0.0]/s pool[cap=0.0 family=0.0 create=0.0 alloc=0.0]/s copy-drop[fence=0.0 reset=0.0 begin=0.0 end=0.0 submit=0.0]/s cf[seq=0.0/s idle=0.0/s nrfence=0.0/s] slotbusy=0.0/s copyfence-busy=0.0/s nr-gpuwait=19.4/s flips=0.0/s
01:10:44.831  [fg-relay] rate2: fginput eval=58.1/s index!=1=38.8/s eval-gate[off=0.0 fallback=0.0 notready=0.0 noinput=0.0 noqueue=0.0]/s relay eval=19.4/s consume=0.0/s inplace=19.4/s(ok 19.4/s) unarmed=0.0/s mismatch=0.0/s relbusy=0.0/s relok=19.4/s relfail=0.0/s release-stage[queue=0.0 pool=0.0 fence=0.0 reset=0.0 begin=0.0 end=0.0 submit=0.0]/s watchdog=0.0/s | worker plays=19.4/s ok=19.4/s fail=0.0/s nr_absent=0.0/s copyfail=0.0/s
01:10:44.832  [fg-relay] rate3: arm->arm avg=49.13ms max=1788.62ms n=4223 | arm->work avg=0.01ms max=0.12ms | arm->eval avg=0.00ms max=0.00ms | copywait avg=0.009ms max=0.149ms | copy-land<= avg=49.13ms max=1787.91ms | work avg=8.84ms max=220.31ms | totals armed=4224 unarmed=0 skipped=0 busy=0 mismatch=0 copies_failed=0 writes=4224 conflicts=0
01:10:44.832  [fg-relay] rate4: throttle depth=1 off=0 | sleep calls=19.4/s waits=19.4/s clear=0.0/s timeouts=0.0/s avg=41.25ms | present calls=19.4/s waits=0.0/s clear=0.0/s timeouts=0.0/s avg=0.00ms | max=71.24ms (process)
01:10:54.651  qpc=4485502182577 [focus-fg] state: enabled=1 hooked=1 foreground=1 minimized=0 hwnd=000000000DC531F2 scope_calls=4413 original_false=3395 kept=3395 presents=5004 FG_evaluates=13234
01:10:59.850  [fg-relay] rate/15.0s p2 import_opt=1: presents=19.3/s present-gate[point=19.3 ready=0.0 fallback=0.0 inactive=0.0]/s noinfo=0.0/s stale=0.0/s unlearned=0.0/s attempts=19.3/s armed=19.3/s skipped=0.0/s busy=0.0/s arm-reject[state=0.0 request=0.0 refused=0.0 stopping=0.0 res=0.0 size=0.0]/s pool[cap=0.0 family=0.0 create=0.0 alloc=0.0]/s copy-drop[fence=0.0 reset=0.0 begin=0.0 end=0.0 submit=0.0]/s cf[seq=0.0/s idle=0.0/s nrfence=0.0/s] slotbusy=0.0/s copyfence-busy=0.0/s nr-gpuwait=19.3/s flips=0.0/s
01:10:59.850  [fg-relay] rate2: fginput eval=57.9/s index!=1=38.6/s eval-gate[off=0.0 fallback=0.0 notready=0.0 noinput=0.0 noqueue=0.0]/s relay eval=19.3/s consume=0.0/s inplace=19.3/s(ok 19.3/s) unarmed=0.0/s mismatch=0.0/s relbusy=0.0/s relok=19.3/s relfail=0.0/s release-stage[queue=0.0 pool=0.0 fence=0.0 reset=0.0 begin=0.0 end=0.0 submit=0.0]/s watchdog=0.0/s | worker plays=19.3/s ok=19.3/s fail=0.0/s nr_absent=0.0/s copyfail=0.0/s
01:10:59.850  [fg-relay] rate3: arm->arm avg=49.30ms max=1788.62ms n=4513 | arm->work avg=0.01ms max=0.12ms | arm->eval avg=0.00ms max=0.00ms | copywait avg=0.009ms max=0.149ms | copy-land<= avg=49.29ms max=1787.91ms | work avg=8.87ms max=220.31ms | totals armed=4514 unarmed=0 skipped=0 busy=0 mismatch=0 copies_failed=0 writes=4514 conflicts=0
01:10:59.850  [fg-relay] rate4: throttle depth=1 off=0 | sleep calls=19.3/s waits=19.3/s clear=0.0/s timeouts=0.0/s avg=39.66ms | present calls=19.3/s waits=0.0/s clear=0.0/s timeouts=0.0/s avg=0.00ms | max=71.24ms (process)
01:11:00.271  qpc=4485558361858 [fg-transition] start=4485558359918 frame=00000000000013FA idx=2/3 queue=000000002EB93CD0 reset=0 enable=1 recording=1 not-rendering=0 metering=0 fullscreen=0 slmode=1 known=0x17f hud=449c36d0 back=2eb3aed0 real=0 interp=47fe18d0 bridge-lock=1 arm=4522->4522 result=1 disable-interp=0(known=0) foreground=0 monitors=0000000003DB2751/0000000000000000 cpu=0.194ms
01:11:00.271  qpc=4485558364602 [fg-transition] start=4485558363776 frame=00000000000013FA idx=3/3 queue=000000002EB93CD0 reset=0 enable=1 recording=1 not-rendering=0 metering=0 fullscreen=0 slmode=1 known=0x17f hud=449c36d0 back=2eb3aed0 real=0 interp=47fe12d0 bridge-lock=1 arm=4522->4522 result=1 disable-interp=0(known=0) foreground=0 monitors=0000000003DB2751/0000000067FB33F1 cpu=0.082ms
01:11:00.279  qpc=4485558442786 [fg-transition] start=4485558365197 frame=00000000000013FB idx=1/3 queue=000000002EB93CD0 reset=0 enable=1 recording=1 not-rendering=0 metering=0 fullscreen=0 slmode=1 known=0x17f hud=449c36d0 back=2eb3a8d0 real=47fe1ed0 interp=47fe0cd0 bridge-lock=1 arm=4522->4523 result=1 disable-interp=0(known=0) foreground=0 monitors=0000000003DB2751/0000000067FB33F1 cpu=7.759ms
01:11:00.319  qpc=4485558838970 [fg-transition] start=4485558837381 frame=00000000000013FB idx=2/3 queue=000000002EB93CD0 reset=0 enable=1 recording=1 not-rendering=0 metering=0 fullscreen=0 slmode=1 known=0x17f hud=449c36d0 back=2eb3a8d0 real=0 interp=47fe12d0 bridge-lock=1 arm=4523->4523 result=1 disable-interp=0(known=0) foreground=0 monitors=0000000003DB2751/0000000067FB33F1 cpu=0.159ms
01:11:00.319  qpc=4485558841486 [fg-transition] start=4485558840614 frame=00000000000013FB idx=3/3 queue=000000002EB93CD0 reset=0 enable=1 recording=1 not-rendering=0 metering=0 fullscreen=0 slmode=1 known=0x17f hud=449c36d0 back=2eb3a8d0 real=0 interp=47fe18d0 bridge-lock=1 arm=4523->4523 result=1 disable-interp=0(known=0) foreground=0 monitors=0000000003DB2751/0000000067FB33F1 cpu=0.087ms
01:11:00.330  qpc=4485558938169 [fg-transition] start=4485558842101 frame=00000000000013FC idx=1/3 queue=000000002EB93CD0 reset=0 enable=1 recording=1 not-rendering=0 metering=0 fullscreen=0 slmode=1 known=0x17f hud=449c36d0 back=2eb396d0 real=47fe0cd0 interp=47fe1ed0 bridge-lock=1 arm=4523->4524 result=1 disable-interp=0(known=0) foreground=0 monitors=0000000003DB2751/0000000067FB33F1 cpu=9.606ms
01:11:00.369  qpc=4485559339401 [fg-transition] start=4485559338021 frame=00000000000013FC idx=2/3 queue=000000002EB93CD0 reset=0 enable=1 recording=1 not-rendering=0 metering=0 fullscreen=0 slmode=1 known=0x17f hud=449c36d0 back=2eb396d0 real=0 interp=47fe18d0 bridge-lock=1 arm=4524->4524 result=1 disable-interp=0(known=0) foreground=0 monitors=0000000003DB2751/0000000067FB33F1 cpu=0.138ms
01:11:00.369  qpc=4485559341697 [fg-transition] start=4485559340989 frame=00000000000013FC idx=3/3 queue=000000002EB93CD0 reset=0 enable=1 recording=1 not-rendering=0 metering=0 fullscreen=0 slmode=1 known=0x17f hud=449c36d0 back=2eb396d0 real=0 interp=47fe12d0 bridge-lock=1 arm=4524->4524 result=1 disable-interp=0(known=0) foreground=0 monitors=0000000003DB2751/0000000067FB33F1 cpu=0.071ms
01:11:00.379  qpc=4485559437115 [fg-transition] start=4485559342206 frame=00000000000013FD idx=1/3 queue=000000002EB93CD0 reset=0 enable=1 recording=1 not-rendering=0 metering=0 fullscreen=0 slmode=1 known=0x17f hud=449c36d0 back=2eb3aed0 real=47fe1ed0 interp=47fe0cd0 bridge-lock=1 arm=4524->4525 result=1 disable-interp=0(known=0) foreground=0 monitors=0000000003DB2751/0000000067FB33F1 cpu=9.491ms
01:11:00.418  qpc=4485559833082 [fg-transition] start=4485559831237 frame=00000000000013FD idx=2/3 queue=000000002EB93CD0 reset=0 enable=1 recording=1 not-rendering=0 metering=0 fullscreen=0 slmode=1 known=0x17f hud=449c36d0 back=2eb3aed0 real=0 interp=47fe12d0 bridge-lock=1 arm=4525->4525 result=1 disable-interp=0(known=0) foreground=0 monitors=0000000003DB2751/0000000067FB33F1 cpu=0.184ms
01:11:00.419  qpc=4485559835464 [fg-transition] start=4485559834769 frame=00000000000013FD idx=3/3 queue=000000002EB93CD0 reset=0 enable=1 recording=1 not-rendering=0 metering=0 fullscreen=0 slmode=1 known=0x17f hud=449c36d0 back=2eb3aed0 real=0 interp=47fe18d0 bridge-lock=1 arm=4525->4525 result=1 disable-interp=0(known=0) foreground=0 monitors=0000000003DB2751/0000000067FB33F1 cpu=0.070ms
01:11:00.427  qpc=4485559922139 [fg-transition] start=4485559835975 frame=00000000000013FE idx=1/3 queue=000000002EB93CD0 reset=0 enable=1 recording=1 not-rendering=0 metering=0 fullscreen=0 slmode=1 known=0x17f hud=449c36d0 back=2eb3a8d0 real=47fe0cd0 interp=47fe1ed0 bridge-lock=1 arm=4525->4526 result=1 disable-interp=0(known=0) foreground=0 monitors=0000000003DB2751/0000000067FB33F1 cpu=8.616ms
01:11:00.702  qpc=4485562695248 [focus-fg] state: enabled=1 hooked=1 foreground=0 minimized=0 hwnd=000000000DC531F2 scope_calls=4533 original_false=3405 kept=3405 presents=5124 FG_evaluates=13594
01:11:13.725  [bridge] 4800 frames delivered so far.
01:11:14.883  [fg-relay] rate/15.0s p2 import_opt=1: presents=20.6/s present-gate[point=20.6 ready=0.0 fallback=0.0 inactive=0.0]/s noinfo=0.0/s stale=0.0/s unlearned=0.0/s attempts=20.6/s armed=20.6/s skipped=0.0/s busy=0.0/s arm-reject[state=0.0 request=0.0 refused=0.0 stopping=0.0 res=0.0 size=0.0]/s pool[cap=0.0 family=0.0 create=0.0 alloc=0.0]/s copy-drop[fence=0.0 reset=0.0 begin=0.0 end=0.0 submit=0.0]/s cf[seq=0.0/s idle=0.0/s nrfence=0.0/s] slotbusy=0.0/s copyfence-busy=0.0/s nr-gpuwait=20.3/s flips=0.0/s
01:11:14.883  [fg-relay] rate2: fginput eval=61.7/s index!=1=41.1/s eval-gate[off=0.0 fallback=0.0 notready=0.0 noinput=0.0 noqueue=0.0]/s relay eval=20.6/s consume=0.0/s inplace=20.6/s(ok 20.6/s) unarmed=0.0/s mismatch=0.0/s relbusy=0.0/s relok=20.6/s relfail=0.0/s release-stage[queue=0.0 pool=0.0 fence=0.0 reset=0.0 begin=0.0 end=0.0 submit=0.0]/s watchdog=0.0/s | worker plays=20.6/s ok=20.6/s fail=0.0/s nr_absent=0.0/s copyfail=0.0/s
01:11:14.883  [fg-relay] rate3: arm->arm avg=49.26ms max=1788.62ms n=4822 | arm->work avg=0.01ms max=0.14ms | arm->eval avg=0.00ms max=0.00ms | copywait avg=0.009ms max=0.149ms | copy-land<= avg=49.25ms max=1787.91ms | work avg=8.86ms max=220.31ms | totals armed=4823 unarmed=0 skipped=0 busy=0 mismatch=0 copies_failed=0 writes=4823 conflicts=0
01:11:14.884  [fg-relay] rate4: throttle depth=1 off=0 | sleep calls=20.6/s waits=20.4/s clear=0.1/s timeouts=0.0/s avg=38.14ms | present calls=20.6/s waits=0.0/s clear=0.0/s timeouts=0.0/s avg=0.00ms | max=71.24ms (process)
01:11:15.841  qpc=4485714088730 [focus-fg] state: enabled=1 hooked=1 foreground=0 minimized=0 hwnd=000000000DC531F2 scope_calls=4845 original_false=3717 kept=3717 presents=5436 FG_evaluates=14530
01:11:29.915  [fg-relay] rate/15.0s p2 import_opt=1: presents=20.9/s present-gate[point=20.9 ready=0.0 fallback=0.0 inactive=0.0]/s noinfo=0.0/s stale=0.0/s unlearned=0.0/s attempts=20.9/s armed=20.9/s skipped=0.0/s busy=0.0/s arm-reject[state=0.0 request=0.0 refused=0.0 stopping=0.0 res=0.0 size=0.0]/s pool[cap=0.0 family=0.0 create=0.0 alloc=0.0]/s copy-drop[fence=0.0 reset=0.0 begin=0.0 end=0.0 submit=0.0]/s cf[seq=0.0/s idle=0.0/s nrfence=0.0/s] slotbusy=0.0/s copyfence-busy=0.0/s nr-gpuwait=20.9/s flips=0.0/s
01:11:29.915  [fg-relay] rate2: fginput eval=62.7/s index!=1=41.8/s eval-gate[off=0.0 fallback=0.0 notready=0.0 noinput=0.0 noqueue=0.0]/s relay eval=20.9/s consume=0.0/s inplace=20.9/s(ok 20.9/s) unarmed=0.0/s mismatch=0.0/s relbusy=0.0/s relok=20.9/s relfail=0.0/s release-stage[queue=0.0 pool=0.0 fence=0.0 reset=0.0 begin=0.0 end=0.0 submit=0.0]/s watchdog=0.0/s | worker plays=20.9/s ok=20.9/s fail=0.0/s nr_absent=0.0/s copyfail=0.0/s
01:11:29.915  [fg-relay] rate3: arm->arm avg=49.18ms max=1788.62ms n=5136 | arm->work avg=0.01ms max=0.14ms | arm->eval avg=0.00ms max=0.00ms | copywait avg=0.009ms max=0.248ms | copy-land<= avg=49.16ms max=1787.91ms | work avg=8.86ms max=220.31ms | totals armed=5137 unarmed=0 skipped=0 busy=0 mismatch=0 copies_failed=0 writes=5137 conflicts=0
01:11:29.915  [fg-relay] rate4: throttle depth=1 off=0 | sleep calls=20.9/s waits=20.9/s clear=0.0/s timeouts=0.0/s avg=38.66ms | present calls=20.9/s waits=0.0/s clear=0.0/s timeouts=0.0/s avg=0.00ms | max=71.24ms (process)
01:11:31.934  qpc=4485875012563 [focus-fg] state: enabled=1 hooked=1 foreground=0 minimized=0 hwnd=000000000DC531F2 scope_calls=5181 original_false=4053 kept=4053 presents=5772 FG_evaluates=15538
01:11:42.444  [bridge] 5400 frames delivered so far.
01:11:42.484  [fg-relay] armed by evaluate: hud=449c36d0 back=2eb396d0 depth=449c30d0 mv=449c2ad0 5120x2160 copy=5400 nr=5400 import=1 slot=0 arm=5400 gpu-wait-nr=5399 pending=1.
01:11:42.485  [fg-relay] evaluate: slot=0 nr=5400 import=1 stage=3.
01:11:42.493  [fg-relay] frame=5400 slot=0 nr=5400 ok=1 wrote=1 nr_entries=2 import=1 armed=5400 skipped=0 busy=0 mismatch=0 conflicts=0.
01:11:44.934  [fg-relay] rate/15.0s p2 import_opt=1: presents=20.8/s present-gate[point=20.8 ready=0.0 fallback=0.0 inactive=0.0]/s noinfo=0.0/s stale=0.0/s unlearned=0.0/s attempts=20.8/s armed=20.8/s skipped=0.0/s busy=0.0/s arm-reject[state=0.0 request=0.0 refused=0.0 stopping=0.0 res=0.0 size=0.0]/s pool[cap=0.0 family=0.0 create=0.0 alloc=0.0]/s copy-drop[fence=0.0 reset=0.0 begin=0.0 end=0.0 submit=0.0]/s cf[seq=0.0/s idle=0.0/s nrfence=0.0/s] slotbusy=0.0/s copyfence-busy=0.0/s nr-gpuwait=20.8/s flips=0.0/s
01:11:44.934  [fg-relay] rate2: fginput eval=62.5/s index!=1=41.7/s eval-gate[off=0.0 fallback=0.0 notready=0.0 noinput=0.0 noqueue=0.0]/s relay eval=20.8/s consume=0.0/s inplace=20.8/s(ok 20.8/s) unarmed=0.0/s mismatch=0.0/s relbusy=0.0/s relok=20.8/s relfail=0.0/s release-stage[queue=0.0 pool=0.0 fence=0.0 reset=0.0 begin=0.0 end=0.0 submit=0.0]/s watchdog=0.0/s | worker plays=20.8/s ok=20.8/s fail=0.0/s nr_absent=0.0/s copyfail=0.0/s
01:11:44.934  [fg-relay] rate3: arm->arm avg=49.11ms max=1788.62ms n=5449 | arm->work avg=0.01ms max=0.14ms | arm->eval avg=0.00ms max=0.00ms | copywait avg=0.009ms max=0.248ms | copy-land<= avg=49.09ms max=1787.91ms | work avg=8.85ms max=220.31ms | totals armed=5450 unarmed=0 skipped=0 busy=0 mismatch=0 copies_failed=0 writes=5450 conflicts=0
01:11:44.935  [fg-relay] rate4: throttle depth=1 off=0 | sleep calls=20.8/s waits=20.8/s clear=0.0/s timeouts=0.0/s avg=38.74ms | present calls=20.8/s waits=0.0/s clear=0.0/s timeouts=0.0/s avg=0.00ms | max=71.24ms (process)
01:11:49.034  qpc=4486046010354 [focus-fg] state: enabled=1 hooked=1 foreground=0 minimized=0 hwnd=000000000DC531F2 scope_calls=5538 original_false=4410 kept=4410 presents=6129 FG_evaluates=16609
01:11:59.932  [fg-relay] rate/15.0s p2 import_opt=1: presents=20.9/s present-gate[point=20.9 ready=0.0 fallback=0.0 inactive=0.0]/s noinfo=0.0/s stale=0.0/s unlearned=0.0/s attempts=20.9/s armed=20.9/s skipped=0.0/s busy=0.0/s arm-reject[state=0.0 request=0.0 refused=0.0 stopping=0.0 res=0.0 size=0.0]/s pool[cap=0.0 family=0.0 create=0.0 alloc=0.0]/s copy-drop[fence=0.0 reset=0.0 begin=0.0 end=0.0 submit=0.0]/s cf[seq=0.0/s idle=0.0/s nrfence=0.0/s] slotbusy=0.0/s copyfence-busy=0.0/s nr-gpuwait=20.9/s flips=0.0/s
01:11:59.932  [fg-relay] rate2: fginput eval=62.8/s index!=1=41.9/s eval-gate[off=0.0 fallback=0.0 notready=0.0 noinput=0.0 noqueue=0.0]/s relay eval=20.9/s consume=0.0/s inplace=20.9/s(ok 20.9/s) unarmed=0.0/s mismatch=0.0/s relbusy=0.0/s relok=20.9/s relfail=0.0/s release-stage[queue=0.0 pool=0.0 fence=0.0 reset=0.0 begin=0.0 end=0.0 submit=0.0]/s watchdog=0.0/s | worker plays=20.9/s ok=20.9/s fail=0.0/s nr_absent=0.0/s copyfail=0.0/s
01:11:59.932  [fg-relay] rate3: arm->arm avg=49.04ms max=1788.62ms n=5763 | arm->work avg=0.01ms max=0.14ms | arm->eval avg=0.00ms max=0.00ms | copywait avg=0.009ms max=0.248ms | copy-land<= avg=49.02ms max=1787.91ms | work avg=8.83ms max=220.31ms | totals armed=5764 unarmed=0 skipped=0 busy=0 mismatch=0 copies_failed=0 writes=5764 conflicts=0
01:11:59.932  [fg-relay] rate4: throttle depth=1 off=0 | sleep calls=20.9/s waits=20.9/s clear=0.0/s timeouts=0.0/s avg=38.68ms | present calls=20.9/s waits=0.0/s clear=0.0/s timeouts=0.0/s avg=0.00ms | max=71.24ms (process)
01:12:04.090  qpc=4486196575585 [focus-fg] state: enabled=1 hooked=1 foreground=0 minimized=0 hwnd=000000000DC531F2 scope_calls=5853 original_false=4725 kept=4725 presents=6444 FG_evaluates=17554
01:12:11.087  [bridge] 6000 frames delivered so far.
01:12:14.951  [fg-relay] rate/15.0s p2 import_opt=1: presents=21.0/s present-gate[point=21.0 ready=0.0 fallback=0.0 inactive=0.0]/s noinfo=0.0/s stale=0.0/s unlearned=0.0/s attempts=21.0/s armed=21.0/s skipped=0.0/s busy=0.0/s arm-reject[state=0.0 request=0.0 refused=0.0 stopping=0.0 res=0.0 size=0.0]/s pool[cap=0.0 family=0.0 create=0.0 alloc=0.0]/s copy-drop[fence=0.0 reset=0.0 begin=0.0 end=0.0 submit=0.0]/s cf[seq=0.0/s idle=0.0/s nrfence=0.0/s] slotbusy=0.0/s copyfence-busy=0.0/s nr-gpuwait=21.0/s flips=0.0/s
01:12:14.952  [fg-relay] rate2: fginput eval=63.1/s index!=1=42.1/s eval-gate[off=0.0 fallback=0.0 notready=0.0 noinput=0.0 noqueue=0.0]/s relay eval=21.0/s consume=0.0/s inplace=21.0/s(ok 21.0/s) unarmed=0.0/s mismatch=0.0/s relbusy=0.0/s relok=21.0/s relfail=0.0/s release-stage[queue=0.0 pool=0.0 fence=0.0 reset=0.0 begin=0.0 end=0.0 submit=0.0]/s watchdog=0.0/s | worker plays=21.0/s ok=21.0/s fail=0.0/s nr_absent=0.0/s copyfail=0.0/s
01:12:14.952  [fg-relay] rate3: arm->arm avg=48.96ms max=1788.62ms n=6079 | arm->work avg=0.01ms max=0.16ms | arm->eval avg=0.00ms max=0.00ms | copywait avg=0.009ms max=0.248ms | copy-land<= avg=48.93ms max=1787.91ms | work avg=8.82ms max=220.31ms | totals armed=6080 unarmed=0 skipped=0 busy=0 mismatch=0 copies_failed=0 writes=6080 conflicts=0
01:12:14.952  [fg-relay] rate4: throttle depth=1 off=0 | sleep calls=21.0/s waits=21.0/s clear=0.0/s timeouts=0.0/s avg=38.57ms | present calls=21.0/s waits=0.0/s clear=0.0/s timeouts=0.0/s avg=0.00ms | max=71.24ms (process)
01:12:22.253  qpc=4486378203624 [focus-fg] state: enabled=1 hooked=1 foreground=0 minimized=0 hwnd=000000000DC531F2 scope_calls=6235 original_false=5107 kept=5107 presents=6826 FG_evaluates=18700
01:12:29.964  [fg-relay] rate/15.0s p2 import_opt=1: presents=21.0/s present-gate[point=21.0 ready=0.0 fallback=0.0 inactive=0.0]/s noinfo=0.0/s stale=0.0/s unlearned=0.0/s attempts=21.0/s armed=21.0/s skipped=0.0/s busy=0.0/s arm-reject[state=0.0 request=0.0 refused=0.0 stopping=0.0 res=0.0 size=0.0]/s pool[cap=0.0 family=0.0 create=0.0 alloc=0.0]/s copy-drop[fence=0.0 reset=0.0 begin=0.0 end=0.0 submit=0.0]/s cf[seq=0.0/s idle=0.0/s nrfence=0.0/s] slotbusy=0.0/s copyfence-busy=0.0/s nr-gpuwait=21.0/s flips=0.0/s
01:12:29.965  [fg-relay] rate2: fginput eval=62.9/s index!=1=42.0/s eval-gate[off=0.0 fallback=0.0 notready=0.0 noinput=0.0 noqueue=0.0]/s relay eval=21.0/s consume=0.0/s inplace=21.0/s(ok 21.0/s) unarmed=0.0/s mismatch=0.0/s relbusy=0.0/s relok=21.0/s relfail=0.0/s release-stage[queue=0.0 pool=0.0 fence=0.0 reset=0.0 begin=0.0 end=0.0 submit=0.0]/s watchdog=0.0/s | worker plays=21.0/s ok=21.0/s fail=0.0/s nr_absent=0.0/s copyfail=0.0/s
01:12:29.965  [fg-relay] rate3: arm->arm avg=48.89ms max=1788.62ms n=6394 | arm->work avg=0.01ms max=0.72ms | arm->eval avg=0.00ms max=0.00ms | copywait avg=0.009ms max=0.248ms | copy-land<= avg=48.87ms max=1787.91ms | work avg=8.81ms max=220.31ms | totals armed=6395 unarmed=0 skipped=0 busy=0 mismatch=0 copies_failed=0 writes=6395 conflicts=0
01:12:29.965  [fg-relay] rate4: throttle depth=1 off=0 | sleep calls=21.0/s waits=21.0/s clear=0.0/s timeouts=0.0/s avg=38.56ms | present calls=21.0/s waits=0.0/s clear=0.0/s timeouts=0.0/s avg=0.00ms | max=71.24ms (process)
01:12:38.389  qpc=4486539568553 [focus-fg] state: enabled=1 hooked=1 foreground=0 minimized=0 hwnd=000000000DC531F2 scope_calls=6574 original_false=5446 kept=5446 presents=7165 FG_evaluates=19717
01:12:39.662  [bridge] 6600 frames delivered so far.
01:12:44.964  [fg-relay] rate/15.0s p2 import_opt=1: presents=21.0/s present-gate[point=21.0 ready=0.0 fallback=0.0 inactive=0.0]/s noinfo=0.0/s stale=0.0/s unlearned=0.0/s attempts=21.0/s armed=21.0/s skipped=0.0/s busy=0.0/s arm-reject[state=0.0 request=0.0 refused=0.0 stopping=0.0 res=0.0 size=0.0]/s pool[cap=0.0 family=0.0 create=0.0 alloc=0.0]/s copy-drop[fence=0.0 reset=0.0 begin=0.0 end=0.0 submit=0.0]/s cf[seq=0.0/s idle=0.0/s nrfence=0.0/s] slotbusy=0.0/s copyfence-busy=0.0/s nr-gpuwait=21.0/s flips=0.0/s
01:12:44.964  [fg-relay] rate2: fginput eval=63.0/s index!=1=42.0/s eval-gate[off=0.0 fallback=0.0 notready=0.0 noinput=0.0 noqueue=0.0]/s relay eval=21.0/s consume=0.0/s inplace=21.0/s(ok 21.0/s) unarmed=0.0/s mismatch=0.0/s relbusy=0.0/s relok=21.0/s relfail=0.0/s release-stage[queue=0.0 pool=0.0 fence=0.0 reset=0.0 begin=0.0 end=0.0 submit=0.0]/s watchdog=0.0/s | worker plays=21.0/s ok=21.0/s fail=0.0/s nr_absent=0.0/s copyfail=0.0/s
01:12:44.965  [fg-relay] rate3: arm->arm avg=48.83ms max=1788.62ms n=6709 | arm->work avg=0.01ms max=0.72ms | arm->eval avg=0.00ms max=0.00ms | copywait avg=0.009ms max=0.248ms | copy-land<= avg=48.81ms max=1787.91ms | work avg=8.80ms max=220.31ms | totals armed=6710 unarmed=0 skipped=0 busy=0 mismatch=0 copies_failed=0 writes=6710 conflicts=0
01:12:44.965  [fg-relay] rate4: throttle depth=1 off=0 | sleep calls=21.0/s waits=21.0/s clear=0.0/s timeouts=0.0/s avg=38.53ms | present calls=21.0/s waits=0.0/s clear=0.0/s timeouts=0.0/s avg=0.00ms | max=71.24ms (process)
01:12:53.534  qpc=4486691013099 [focus-fg] state: enabled=1 hooked=1 foreground=0 minimized=0 hwnd=000000000DC531F2 scope_calls=6892 original_false=5764 kept=5764 presents=7483 FG_evaluates=20671
01:12:59.955  [fg-relay] rate/15.0s p2 import_opt=1: presents=20.9/s present-gate[point=20.9 ready=0.0 fallback=0.0 inactive=0.0]/s noinfo=0.0/s stale=0.0/s unlearned=0.0/s attempts=20.9/s armed=20.9/s skipped=0.0/s busy=0.0/s arm-reject[state=0.0 request=0.0 refused=0.0 stopping=0.0 res=0.0 size=0.0]/s pool[cap=0.0 family=0.0 create=0.0 alloc=0.0]/s copy-drop[fence=0.0 reset=0.0 begin=0.0 end=0.0 submit=0.0]/s cf[seq=0.0/s idle=0.0/s nrfence=0.0/s] slotbusy=0.0/s copyfence-busy=0.0/s nr-gpuwait=20.9/s flips=0.0/s
01:12:59.955  [fg-relay] rate2: fginput eval=62.6/s index!=1=41.7/s eval-gate[off=0.0 fallback=0.0 notready=0.0 noinput=0.0 noqueue=0.0]/s relay eval=20.9/s consume=0.0/s inplace=20.9/s(ok 20.9/s) unarmed=0.0/s mismatch=0.0/s relbusy=0.0/s relok=20.9/s relfail=0.0/s release-stage[queue=0.0 pool=0.0 fence=0.0 reset=0.0 begin=0.0 end=0.0 submit=0.0]/s watchdog=0.0/s | worker plays=20.9/s ok=20.9/s fail=0.0/s nr_absent=0.0/s copyfail=0.0/s
01:12:59.956  [fg-relay] rate3: arm->arm avg=48.79ms max=1788.62ms n=7022 | arm->work avg=0.01ms max=0.92ms | arm->eval avg=0.00ms max=0.00ms | copywait avg=0.009ms max=0.248ms | copy-land<= avg=48.76ms max=1787.91ms | work avg=8.80ms max=220.31ms | totals armed=7023 unarmed=0 skipped=0 busy=0 mismatch=0 copies_failed=0 writes=7023 conflicts=0
01:12:59.956  [fg-relay] rate4: throttle depth=1 off=0 | sleep calls=20.9/s waits=20.9/s clear=0.0/s timeouts=0.0/s avg=38.61ms | present calls=20.9/s waits=0.0/s clear=0.0/s timeouts=0.0/s avg=0.00ms | max=71.24ms (process)
01:13:08.422  [bridge] 7200 frames delivered so far.
01:13:08.461  [fg-relay] armed by evaluate: hud=449c36d0 back=2eb396d0 depth=449c30d0 mv=449c2ad0 5120x2160 copy=7200 nr=7200 import=1 slot=0 arm=7200 gpu-wait-nr=7199 pending=1.
01:13:08.462  [fg-relay] evaluate: slot=0 nr=7200 import=1 stage=3.
01:13:08.469  [fg-relay] frame=7200 slot=0 nr=7200 ok=1 wrote=1 nr_entries=2 import=1 armed=7200 skipped=0 busy=0 mismatch=0 conflicts=0.
01:13:08.727  qpc=4486842942553 [focus-fg] state: enabled=1 hooked=1 foreground=0 minimized=0 hwnd=000000000DC531F2 scope_calls=7207 original_false=6079 kept=6079 presents=7798 FG_evaluates=21616
01:13:14.954  [fg-relay] rate/15.0s p2 import_opt=1: presents=20.8/s present-gate[point=20.8 ready=0.0 fallback=0.0 inactive=0.0]/s noinfo=0.0/s stale=0.0/s unlearned=0.0/s attempts=20.8/s armed=20.8/s skipped=0.0/s busy=0.0/s arm-reject[state=0.0 request=0.0 refused=0.0 stopping=0.0 res=0.0 size=0.0]/s pool[cap=0.0 family=0.0 create=0.0 alloc=0.0]/s copy-drop[fence=0.0 reset=0.0 begin=0.0 end=0.0 submit=0.0]/s cf[seq=0.0/s idle=0.0/s nrfence=0.0/s] slotbusy=0.0/s copyfence-busy=0.0/s nr-gpuwait=20.8/s flips=0.0/s
01:13:14.954  [fg-relay] rate2: fginput eval=62.4/s index!=1=41.6/s eval-gate[off=0.0 fallback=0.0 notready=0.0 noinput=0.0 noqueue=0.0]/s relay eval=20.8/s consume=0.0/s inplace=20.8/s(ok 20.8/s) unarmed=0.0/s mismatch=0.0/s relbusy=0.0/s relok=20.8/s relfail=0.0/s release-stage[queue=0.0 pool=0.0 fence=0.0 reset=0.0 begin=0.0 end=0.0 submit=0.0]/s watchdog=0.0/s | worker plays=20.8/s ok=20.8/s fail=0.0/s nr_absent=0.0/s copyfail=0.0/s
01:13:14.954  [fg-relay] rate3: arm->arm avg=48.76ms max=1788.62ms n=7334 | arm->work avg=0.01ms max=0.92ms | arm->eval avg=0.00ms max=0.00ms | copywait avg=0.009ms max=0.248ms | copy-land<= avg=48.73ms max=1787.91ms | work avg=8.79ms max=220.31ms | totals armed=7335 unarmed=0 skipped=0 busy=0 mismatch=0 copies_failed=0 writes=7335 conflicts=0
01:13:14.955  [fg-relay] rate4: throttle depth=1 off=0 | sleep calls=20.8/s waits=20.8/s clear=0.0/s timeouts=0.0/s avg=38.89ms | present calls=20.8/s waits=0.0/s clear=0.0/s timeouts=0.0/s avg=0.00ms | max=71.24ms (process)
01:13:24.885  qpc=4487004516817 [focus-fg] state: enabled=1 hooked=1 foreground=0 minimized=0 hwnd=000000000DC531F2 scope_calls=7543 original_false=6415 kept=6415 presents=8134 FG_evaluates=22624
01:13:29.967  [fg-relay] rate/15.0s p2 import_opt=1: presents=20.8/s present-gate[point=20.8 ready=0.0 fallback=0.0 inactive=0.0]/s noinfo=0.0/s stale=0.0/s unlearned=0.0/s attempts=20.8/s armed=20.8/s skipped=0.0/s busy=0.0/s arm-reject[state=0.0 request=0.0 refused=0.0 stopping=0.0 res=0.0 size=0.0]/s pool[cap=0.0 family=0.0 create=0.0 alloc=0.0]/s copy-drop[fence=0.0 reset=0.0 begin=0.0 end=0.0 submit=0.0]/s cf[seq=0.0/s idle=0.0/s nrfence=0.0/s] slotbusy=0.0/s copyfence-busy=0.0/s nr-gpuwait=20.8/s flips=0.0/s
01:13:29.967  [fg-relay] rate2: fginput eval=62.4/s index!=1=41.6/s eval-gate[off=0.0 fallback=0.0 notready=0.0 noinput=0.0 noqueue=0.0]/s relay eval=20.8/s consume=0.0/s inplace=20.8/s(ok 20.8/s) unarmed=0.0/s mismatch=0.0/s relbusy=0.0/s relok=20.8/s relfail=0.0/s release-stage[queue=0.0 pool=0.0 fence=0.0 reset=0.0 begin=0.0 end=0.0 submit=0.0]/s watchdog=0.0/s | worker plays=20.8/s ok=20.8/s fail=0.0/s nr_absent=0.0/s copyfail=0.0/s
01:13:29.967  [fg-relay] rate3: arm->arm avg=48.73ms max=1788.62ms n=7646 | arm->work avg=0.01ms max=0.92ms | arm->eval avg=0.00ms max=0.00ms | copywait avg=0.009ms max=0.248ms | copy-land<= avg=48.70ms max=1787.91ms | work avg=8.79ms max=220.31ms | totals armed=7647 unarmed=0 skipped=0 busy=0 mismatch=0 copies_failed=0 writes=7647 conflicts=0
01:13:29.967  [fg-relay] rate4: throttle depth=1 off=0 | sleep calls=20.8/s waits=20.8/s clear=0.0/s timeouts=0.0/s avg=38.98ms | present calls=20.8/s waits=0.0/s clear=0.0/s timeouts=0.0/s avg=0.00ms | max=71.24ms (process)
01:13:37.243  [bridge] 7800 frames delivered so far.
01:13:39.995  qpc=4487155627546 [focus-fg] state: enabled=1 hooked=1 foreground=0 minimized=0 hwnd=000000000DC531F2 scope_calls=7858 original_false=6730 kept=6730 presents=8449 FG_evaluates=23569
01:13:44.997  [fg-relay] rate/15.0s p2 import_opt=1: presents=20.8/s present-gate[point=20.8 ready=0.0 fallback=0.0 inactive=0.0]/s noinfo=0.0/s stale=0.0/s unlearned=0.0/s attempts=20.8/s armed=20.8/s skipped=0.0/s busy=0.0/s arm-reject[state=0.0 request=0.0 refused=0.0 stopping=0.0 res=0.0 size=0.0]/s pool[cap=0.0 family=0.0 create=0.0 alloc=0.0]/s copy-drop[fence=0.0 reset=0.0 begin=0.0 end=0.0 submit=0.0]/s cf[seq=0.0/s idle=0.0/s nrfence=0.0/s] slotbusy=0.0/s copyfence-busy=0.0/s nr-gpuwait=20.8/s flips=0.0/s
01:13:44.997  [fg-relay] rate2: fginput eval=62.5/s index!=1=41.6/s eval-gate[off=0.0 fallback=0.0 notready=0.0 noinput=0.0 noqueue=0.0]/s relay eval=20.8/s consume=0.0/s inplace=20.8/s(ok 20.8/s) unarmed=0.0/s mismatch=0.0/s relbusy=0.0/s relok=20.8/s relfail=0.0/s release-stage[queue=0.0 pool=0.0 fence=0.0 reset=0.0 begin=0.0 end=0.0 submit=0.0]/s watchdog=0.0/s | worker plays=20.8/s ok=20.8/s fail=0.0/s nr_absent=0.0/s copyfail=0.0/s
01:13:44.997  [fg-relay] rate3: arm->arm avg=48.71ms max=1788.62ms n=7959 | arm->work avg=0.01ms max=0.92ms | arm->eval avg=0.00ms max=0.00ms | copywait avg=0.009ms max=0.248ms | copy-land<= avg=48.68ms max=1787.91ms | work avg=8.79ms max=220.31ms | totals armed=7960 unarmed=0 skipped=0 busy=0 mismatch=0 copies_failed=0 writes=7960 conflicts=0
01:13:44.997  [fg-relay] rate4: throttle depth=1 off=0 | sleep calls=20.8/s waits=20.8/s clear=0.0/s timeouts=0.0/s avg=39.08ms | present calls=20.8/s waits=0.0/s clear=0.0/s timeouts=0.0/s avg=0.00ms | max=71.24ms (process)
01:13:55.095  qpc=4487306625646 [focus-fg] state: enabled=1 hooked=1 foreground=0 minimized=0 hwnd=000000000DC531F2 scope_calls=8173 original_false=7045 kept=7045 presents=8764 FG_evaluates=24514
01:13:59.985  [fg-relay] rate/15.0s p2 import_opt=1: presents=20.9/s present-gate[point=20.9 ready=0.0 fallback=0.0 inactive=0.0]/s noinfo=0.0/s stale=0.0/s unlearned=0.0/s attempts=20.9/s armed=20.9/s skipped=0.0/s busy=0.0/s arm-reject[state=0.0 request=0.0 refused=0.0 stopping=0.0 res=0.0 size=0.0]/s pool[cap=0.0 family=0.0 create=0.0 alloc=0.0]/s copy-drop[fence=0.0 reset=0.0 begin=0.0 end=0.0 submit=0.0]/s cf[seq=0.0/s idle=0.0/s nrfence=0.0/s] slotbusy=0.0/s copyfence-busy=0.0/s nr-gpuwait=20.9/s flips=0.0/s
01:13:59.985  [fg-relay] rate2: fginput eval=62.6/s index!=1=41.7/s eval-gate[off=0.0 fallback=0.0 notready=0.0 noinput=0.0 noqueue=0.0]/s relay eval=20.9/s consume=0.0/s inplace=20.9/s(ok 20.9/s) unarmed=0.0/s mismatch=0.0/s relbusy=0.0/s relok=20.9/s relfail=0.0/s release-stage[queue=0.0 pool=0.0 fence=0.0 reset=0.0 begin=0.0 end=0.0 submit=0.0]/s watchdog=0.0/s | worker plays=20.9/s ok=20.9/s fail=0.0/s nr_absent=0.0/s copyfail=0.0/s
01:13:59.985  [fg-relay] rate3: arm->arm avg=48.68ms max=1788.62ms n=8272 | arm->work avg=0.01ms max=0.92ms | arm->eval avg=0.00ms max=0.00ms | copywait avg=0.009ms max=0.248ms | copy-land<= avg=48.64ms max=1787.91ms | work avg=8.79ms max=220.31ms | totals armed=8273 unarmed=0 skipped=0 busy=0 mismatch=0 copies_failed=0 writes=8273 conflicts=0
01:13:59.985  [fg-relay] rate4: throttle depth=1 off=0 | sleep calls=20.9/s waits=20.9/s clear=0.0/s timeouts=0.0/s avg=39.05ms | present calls=20.9/s waits=0.0/s clear=0.0/s timeouts=0.0/s avg=0.00ms | max=71.24ms (process)
01:14:06.019  [bridge] 8400 frames delivered so far.
01:14:10.205  qpc=4487457723729 [focus-fg] state: enabled=1 hooked=1 foreground=0 minimized=0 hwnd=000000000DC531F2 scope_calls=8488 original_false=7360 kept=7360 presents=9079 FG_evaluates=25459
01:14:15.017  [fg-relay] rate/15.0s p2 import_opt=1: presents=20.8/s present-gate[point=20.8 ready=0.0 fallback=0.0 inactive=0.0]/s noinfo=0.0/s stale=0.0/s unlearned=0.0/s attempts=20.8/s armed=20.8/s skipped=0.0/s busy=0.0/s arm-reject[state=0.0 request=0.0 refused=0.0 stopping=0.0 res=0.0 size=0.0]/s pool[cap=0.0 family=0.0 create=0.0 alloc=0.0]/s copy-drop[fence=0.0 reset=0.0 begin=0.0 end=0.0 submit=0.0]/s cf[seq=0.0/s idle=0.0/s nrfence=0.0/s] slotbusy=0.0/s copyfence-busy=0.0/s nr-gpuwait=20.8/s flips=0.0/s
01:14:15.018  [fg-relay] rate2: fginput eval=62.5/s index!=1=41.6/s eval-gate[off=0.0 fallback=0.0 notready=0.0 noinput=0.0 noqueue=0.0]/s relay eval=20.8/s consume=0.0/s inplace=20.8/s(ok 20.8/s) unarmed=0.0/s mismatch=0.0/s relbusy=0.0/s relok=20.8/s relfail=0.0/s release-stage[queue=0.0 pool=0.0 fence=0.0 reset=0.0 begin=0.0 end=0.0 submit=0.0]/s watchdog=0.0/s | worker plays=20.8/s ok=20.8/s fail=0.0/s nr_absent=0.0/s copyfail=0.0/s
01:14:15.018  [fg-relay] rate3: arm->arm avg=48.65ms max=1788.62ms n=8585 | arm->work avg=0.01ms max=0.92ms | arm->eval avg=0.00ms max=0.00ms | copywait avg=0.009ms max=0.248ms | copy-land<= avg=48.62ms max=1787.91ms | work avg=8.79ms max=220.31ms | totals armed=8586 unarmed=0 skipped=0 busy=0 mismatch=0 copies_failed=0 writes=8586 conflicts=0
01:14:15.018  [fg-relay] rate4: throttle depth=1 off=0 | sleep calls=20.8/s waits=20.8/s clear=0.0/s timeouts=0.0/s avg=39.12ms | present calls=20.8/s waits=0.0/s clear=0.0/s timeouts=0.0/s avg=0.00ms | max=71.24ms (process)
01:14:25.609  qpc=4487611739674 [fg-transition] start=4487611738317 frame=00000000000024AF idx=2/3 queue=000000002EB93CD0 reset=0 enable=1 recording=1 not-rendering=0 metering=0 fullscreen=0 slmode=1 known=0x17f hud=449c36d0 back=2eb396d0 real=0 interp=47fe12d0 bridge-lock=1 arm=8799->8799 result=1 disable-interp=0(known=0) foreground=1 monitors=0000000003DB2751/0000000003DB2751 cpu=0.135ms
01:14:25.609  qpc=4487611741902 [fg-transition] start=4487611741201 frame=00000000000024AF idx=3/3 queue=000000002EB93CD0 reset=0 enable=1 recording=1 not-rendering=0 metering=0 fullscreen=0 slmode=1 known=0x17f hud=449c36d0 back=2eb396d0 real=0 interp=47fe18d0 bridge-lock=1 arm=8799->8799 result=1 disable-interp=0(known=0) foreground=1 monitors=0000000003DB2751/0000000003DB2751 cpu=0.070ms
01:14:25.622  qpc=4487611875635 [fg-transition] start=4487611742370 frame=00000000000024B0 idx=1/3 queue=000000002EB93CD0 reset=0 enable=1 recording=1 not-rendering=0 metering=0 fullscreen=0 slmode=1 known=0x17f hud=449c36d0 back=2eb3aed0 real=47fe0cd0 interp=47fe1ed0 bridge-lock=1 arm=8799->8800 result=1 disable-interp=0(known=0) foreground=1 monitors=0000000003DB2751/0000000003DB2751 cpu=13.326ms
01:14:25.664  qpc=4487612288657 [fg-transition] start=4487612286683 frame=00000000000024B0 idx=2/3 queue=000000002EB93CD0 reset=0 enable=1 recording=1 not-rendering=0 metering=0 fullscreen=0 slmode=1 known=0x17f hud=449c36d0 back=2eb3aed0 real=0 interp=47fe18d0 bridge-lock=1 arm=8800->8800 result=1 disable-interp=0(known=0) foreground=1 monitors=0000000003DB2751/0000000003DB2751 cpu=0.197ms
01:14:25.664  qpc=4487612290842 [fg-transition] start=4487612290172 frame=00000000000024B0 idx=3/3 queue=000000002EB93CD0 reset=0 enable=1 recording=1 not-rendering=0 metering=0 fullscreen=0 slmode=1 known=0x17f hud=449c36d0 back=2eb3aed0 real=0 interp=47fe12d0 bridge-lock=1 arm=8800->8800 result=1 disable-interp=0(known=0) foreground=1 monitors=0000000003DB2751/0000000003DB2751 cpu=0.067ms
01:14:25.676  qpc=4487612411702 [fg-transition] start=4487612291332 frame=00000000000024B1 idx=1/3 queue=000000002EB93CD0 reset=0 enable=1 recording=1 not-rendering=0 metering=0 fullscreen=0 slmode=1 known=0x17f hud=449c36d0 back=2eb3a8d0 real=47fe1ed0 interp=47fe0cd0 bridge-lock=1 arm=8800->8801 result=1 disable-interp=0(known=0) foreground=1 monitors=0000000003DB2751/0000000003DB2751 cpu=12.037ms
01:14:25.720  qpc=4487612852370 [fg-transition] start=4487612850746 frame=00000000000024B1 idx=2/3 queue=000000002EB93CD0 reset=0 enable=1 recording=1 not-rendering=0 metering=0 fullscreen=0 slmode=1 known=0x17f hud=449c36d0 back=2eb3a8d0 real=0 interp=47fe12d0 bridge-lock=1 arm=8801->8801 result=1 disable-interp=0(known=0) foreground=1 monitors=0000000003DB2751/0000000003DB2751 cpu=0.162ms
01:14:25.721  qpc=4487612854905 [fg-transition] start=4487612854154 frame=00000000000024B1 idx=3/3 queue=000000002EB93CD0 reset=0 enable=1 recording=1 not-rendering=0 metering=0 fullscreen=0 slmode=1 known=0x17f hud=449c36d0 back=2eb3a8d0 real=0 interp=47fe18d0 bridge-lock=1 arm=8801->8801 result=1 disable-interp=0(known=0) foreground=1 monitors=0000000003DB2751/0000000003DB2751 cpu=0.075ms
01:14:25.732  qpc=4487612967092 [fg-transition] start=4487612855472 frame=00000000000024B2 idx=1/3 queue=000000002EB93CD0 reset=0 enable=1 recording=1 not-rendering=0 metering=0 fullscreen=0 slmode=1 known=0x17f hud=449c36d0 back=2eb396d0 real=47fe0cd0 interp=47fe1ed0 bridge-lock=1 arm=8801->8802 result=1 disable-interp=0(known=0) foreground=1 monitors=0000000003DB2751/0000000003DB2751 cpu=11.162ms
01:14:25.775  qpc=4487613399253 [fg-transition] start=4487613397726 frame=00000000000024B2 idx=2/3 queue=000000002EB93CD0 reset=0 enable=1 recording=1 not-rendering=0 metering=0 fullscreen=0 slmode=1 known=0x17f hud=449c36d0 back=2eb396d0 real=0 interp=47fe18d0 bridge-lock=1 arm=8802->8802 result=1 disable-interp=0(known=0) foreground=1 monitors=0000000003DB2751/0000000003DB2751 cpu=0.152ms
01:14:25.775  qpc=4487613401823 [fg-transition] start=4487613401002 frame=00000000000024B2 idx=3/3 queue=000000002EB93CD0 reset=0 enable=1 recording=1 not-rendering=0 metering=0 fullscreen=0 slmode=1 known=0x17f hud=449c36d0 back=2eb396d0 real=0 interp=47fe12d0 bridge-lock=1 arm=8802->8802 result=1 disable-interp=0(known=0) foreground=1 monitors=0000000003DB2751/0000000003DB2751 cpu=0.082ms
01:14:25.786  qpc=4487613504970 [fg-transition] start=4487613402416 frame=00000000000024B3 idx=1/3 queue=000000002EB93CD0 reset=0 enable=1 recording=1 not-rendering=0 metering=0 fullscreen=0 slmode=1 known=0x17f hud=449c36d0 back=2eb3aed0 real=47fe1ed0 interp=47fe0cd0 bridge-lock=1 arm=8802->8803 result=1 disable-interp=0(known=0) foreground=1 monitors=0000000003DB2751/0000000003DB2751 cpu=10.255ms
01:14:26.452  qpc=4487620187740 [focus-fg] state: enabled=1 hooked=1 foreground=1 minimized=0 hwnd=000000000DC531F2 scope_calls=8817 original_false=7672 kept=7672 presents=9408 FG_evaluates=26446
01:14:30.037  [fg-relay] rate/15.0s p2 import_opt=1: presents=19.6/s present-gate[point=19.6 ready=0.0 fallback=0.0 inactive=0.0]/s noinfo=0.0/s stale=0.0/s unlearned=0.0/s attempts=19.6/s armed=19.6/s skipped=0.0/s busy=0.0/s arm-reject[state=0.0 request=0.0 refused=0.0 stopping=0.0 res=0.0 size=0.0]/s pool[cap=0.0 family=0.0 create=0.0 alloc=0.0]/s copy-drop[fence=0.0 reset=0.0 begin=0.0 end=0.0 submit=0.0]/s cf[seq=0.0/s idle=0.0/s nrfence=0.0/s] slotbusy=0.0/s copyfence-busy=0.0/s nr-gpuwait=19.6/s flips=0.0/s
01:14:30.037  [fg-relay] rate2: fginput eval=58.9/s index!=1=39.3/s eval-gate[off=0.0 fallback=0.0 notready=0.0 noinput=0.0 noqueue=0.0]/s relay eval=19.6/s consume=0.0/s inplace=19.6/s(ok 19.6/s) unarmed=0.0/s mismatch=0.0/s relbusy=0.0/s relok=19.6/s relfail=0.0/s release-stage[queue=0.0 pool=0.0 fence=0.0 reset=0.0 begin=0.0 end=0.0 submit=0.0]/s watchdog=0.0/s | worker plays=19.6/s ok=19.6/s fail=0.0/s nr_absent=0.0/s copyfail=0.0/s
01:14:30.038  [fg-relay] rate3: arm->arm avg=48.73ms max=1788.62ms n=8880 | arm->work avg=0.01ms max=0.92ms | arm->eval avg=0.00ms max=0.00ms | copywait avg=0.009ms max=0.248ms | copy-land<= avg=48.69ms max=1787.91ms | work avg=8.81ms max=220.31ms | totals armed=8881 unarmed=0 skipped=0 busy=0 mismatch=0 copies_failed=0 writes=8881 conflicts=0
01:14:30.038  [fg-relay] rate4: throttle depth=1 off=0 | sleep calls=19.6/s waits=19.6/s clear=0.0/s timeouts=0.0/s avg=39.49ms | present calls=19.6/s waits=0.0/s clear=0.0/s timeouts=0.0/s avg=0.00ms | max=71.24ms (process)
01:14:36.403  [bridge] 9000 frames delivered so far.
01:14:36.445  [fg-relay] armed by evaluate: hud=449c36d0 back=2eb396d0 depth=449c30d0 mv=449c2ad0 5120x2160 copy=9000 nr=9000 import=1 slot=0 arm=9000 gpu-wait-nr=8999 pending=1.
01:14:36.445  [fg-relay] evaluate: slot=0 nr=9000 import=1 stage=3.
01:14:36.455  [fg-relay] frame=9000 slot=0 nr=9000 ok=1 wrote=1 nr_entries=2 import=1 armed=9000 skipped=0 busy=0 mismatch=0 conflicts=0.
01:14:42.863  qpc=4487784302128 [focus-fg] state: enabled=1 hooked=1 foreground=1 minimized=0 hwnd=000000000DC531F2 scope_calls=9120 original_false=7672 kept=7672 presents=9711 FG_evaluates=27355
01:14:45.084  [fg-relay] rate/15.0s p2 import_opt=1: presents=18.5/s present-gate[point=18.5 ready=0.0 fallback=0.0 inactive=0.0]/s noinfo=0.0/s stale=0.0/s unlearned=0.0/s attempts=18.5/s armed=18.5/s skipped=0.0/s busy=0.0/s arm-reject[state=0.0 request=0.0 refused=0.0 stopping=0.0 res=0.0 size=0.0]/s pool[cap=0.0 family=0.0 create=0.0 alloc=0.0]/s copy-drop[fence=0.0 reset=0.0 begin=0.0 end=0.0 submit=0.0]/s cf[seq=0.0/s idle=0.0/s nrfence=0.0/s] slotbusy=0.0/s copyfence-busy=0.0/s nr-gpuwait=18.5/s flips=0.0/s
01:14:45.084  [fg-relay] rate2: fginput eval=55.4/s index!=1=37.0/s eval-gate[off=0.0 fallback=0.0 notready=0.0 noinput=0.0 noqueue=0.0]/s relay eval=18.5/s consume=0.0/s inplace=18.5/s(ok 18.5/s) unarmed=0.0/s mismatch=0.0/s relbusy=0.0/s relok=18.5/s relfail=0.0/s release-stage[queue=0.0 pool=0.0 fence=0.0 reset=0.0 begin=0.0 end=0.0 submit=0.0]/s watchdog=0.0/s | worker plays=18.5/s ok=18.5/s fail=0.0/s nr_absent=0.0/s copyfail=0.0/s
01:14:45.084  [fg-relay] rate3: arm->arm avg=48.89ms max=1788.62ms n=9158 | arm->work avg=0.01ms max=0.92ms | arm->eval avg=0.00ms max=0.00ms | copywait avg=0.009ms max=0.248ms | copy-land<= avg=48.86ms max=1787.91ms | work avg=8.84ms max=220.31ms | totals armed=9159 unarmed=0 skipped=0 busy=0 mismatch=0 copies_failed=0 writes=9159 conflicts=0
01:14:45.084  [fg-relay] rate4: throttle depth=1 off=0 | sleep calls=18.5/s waits=18.5/s clear=0.0/s timeouts=0.0/s avg=39.94ms | present calls=18.5/s waits=0.0/s clear=0.0/s timeouts=0.0/s avg=0.00ms | max=71.24ms (process)
01:14:58.249  qpc=4487938162299 [focus-fg] state: enabled=1 hooked=1 foreground=1 minimized=0 hwnd=000000000DC531F2 scope_calls=9404 original_false=7672 kept=7672 presents=9995 FG_evaluates=28210
01:15:00.101  [fg-relay] rate/15.0s p2 import_opt=1: presents=18.5/s present-gate[point=18.5 ready=0.0 fallback=0.0 inactive=0.0]/s noinfo=0.0/s stale=0.0/s unlearned=0.0/s attempts=18.5/s armed=18.5/s skipped=0.0/s busy=0.0/s arm-reject[state=0.0 request=0.0 refused=0.0 stopping=0.0 res=0.0 size=0.0]/s pool[cap=0.0 family=0.0 create=0.0 alloc=0.0]/s copy-drop[fence=0.0 reset=0.0 begin=0.0 end=0.0 submit=0.0]/s cf[seq=0.0/s idle=0.0/s nrfence=0.0/s] slotbusy=0.0/s copyfence-busy=0.0/s nr-gpuwait=18.5/s flips=0.0/s
01:15:00.101  [fg-relay] rate2: fginput eval=55.5/s index!=1=37.0/s eval-gate[off=0.0 fallback=0.0 notready=0.0 noinput=0.0 noqueue=0.0]/s relay eval=18.5/s consume=0.0/s inplace=18.5/s(ok 18.5/s) unarmed=0.0/s mismatch=0.0/s relbusy=0.0/s relok=18.5/s relfail=0.0/s release-stage[queue=0.0 pool=0.0 fence=0.0 reset=0.0 begin=0.0 end=0.0 submit=0.0]/s watchdog=0.0/s | worker plays=18.5/s ok=18.5/s fail=0.0/s nr_absent=0.0/s copyfail=0.0/s
01:15:00.101  [fg-relay] rate3: arm->arm avg=49.04ms max=1788.62ms n=9436 | arm->work avg=0.01ms max=0.92ms | arm->eval avg=0.00ms max=0.00ms | copywait avg=0.009ms max=0.248ms | copy-land<= avg=49.01ms max=1787.91ms | work avg=8.87ms max=220.31ms | totals armed=9437 unarmed=0 skipped=0 busy=0 mismatch=0 copies_failed=0 writes=9437 conflicts=0
01:15:00.102  [fg-relay] rate4: throttle depth=1 off=0 | sleep calls=18.5/s waits=18.5/s clear=0.0/s timeouts=0.0/s avg=38.84ms | present calls=18.5/s waits=0.0/s clear=0.0/s timeouts=0.0/s avg=0.00ms | max=71.24ms (process)
01:15:08.812  [bridge] 9600 frames delivered so far.
01:15:13.527  qpc=4488090949608 [focus-fg] state: enabled=1 hooked=1 foreground=1 minimized=0 hwnd=000000000DC531F2 scope_calls=9689 original_false=7672 kept=7672 presents=10280 FG_evaluates=29062
01:15:15.122  [fg-relay] rate/15.0s p2 import_opt=1: presents=18.6/s present-gate[point=18.6 ready=0.0 fallback=0.0 inactive=0.0]/s noinfo=0.0/s stale=0.0/s unlearned=0.0/s attempts=18.6/s armed=18.6/s skipped=0.0/s busy=0.0/s arm-reject[state=0.0 request=0.0 refused=0.0 stopping=0.0 res=0.0 size=0.0]/s pool[cap=0.0 family=0.0 create=0.0 alloc=0.0]/s copy-drop[fence=0.0 reset=0.0 begin=0.0 end=0.0 submit=0.0]/s cf[seq=0.0/s idle=0.0/s nrfence=0.0/s] slotbusy=0.0/s copyfence-busy=0.0/s nr-gpuwait=18.6/s flips=0.0/s
01:15:15.122  [fg-relay] rate2: fginput eval=55.9/s index!=1=37.3/s eval-gate[off=0.0 fallback=0.0 notready=0.0 noinput=0.0 noqueue=0.0]/s relay eval=18.6/s consume=0.0/s inplace=18.6/s(ok 18.6/s) unarmed=0.0/s mismatch=0.0/s relbusy=0.0/s relok=18.6/s relfail=0.0/s release-stage[queue=0.0 pool=0.0 fence=0.0 reset=0.0 begin=0.0 end=0.0 submit=0.0]/s watchdog=0.0/s | worker plays=18.6/s ok=18.6/s fail=0.0/s nr_absent=0.0/s copyfail=0.0/s
01:15:15.122  [fg-relay] rate3: arm->arm avg=49.17ms max=1788.62ms n=9716 | arm->work avg=0.01ms max=0.92ms | arm->eval avg=0.00ms max=0.00ms | copywait avg=0.009ms max=0.248ms | copy-land<= avg=49.14ms max=1787.91ms | work avg=8.89ms max=220.31ms | totals armed=9717 unarmed=0 skipped=0 busy=0 mismatch=0 copies_failed=0 writes=9717 conflicts=0
01:15:15.122  [fg-relay] rate4: throttle depth=1 off=0 | sleep calls=18.6/s waits=18.6/s clear=0.0/s timeouts=0.0/s avg=38.05ms | present calls=18.6/s waits=0.0/s clear=0.0/s timeouts=0.0/s avg=0.00ms | max=71.24ms (process)
01:15:28.713  qpc=4488242803654 [focus-fg] state: enabled=1 hooked=1 foreground=1 minimized=0 hwnd=000000000DC531F2 scope_calls=9974 original_false=7672 kept=7672 presents=10565 FG_evaluates=29917
01:15:30.132  [fg-relay] rate/15.0s p2 import_opt=1: presents=18.8/s present-gate[point=18.8 ready=0.0 fallback=0.0 inactive=0.0]/s noinfo=0.0/s stale=0.0/s unlearned=0.0/s attempts=18.8/s armed=18.8/s skipped=0.0/s busy=0.0/s arm-reject[state=0.0 request=0.0 refused=0.0 stopping=0.0 res=0.0 size=0.0]/s pool[cap=0.0 family=0.0 create=0.0 alloc=0.0]/s copy-drop[fence=0.0 reset=0.0 begin=0.0 end=0.0 submit=0.0]/s cf[seq=0.0/s idle=0.0/s nrfence=0.0/s] slotbusy=0.0/s copyfence-busy=0.0/s nr-gpuwait=18.8/s flips=0.0/s
01:15:30.132  [fg-relay] rate2: fginput eval=56.3/s index!=1=37.6/s eval-gate[off=0.0 fallback=0.0 notready=0.0 noinput=0.0 noqueue=0.0]/s relay eval=18.8/s consume=0.0/s inplace=18.8/s(ok 18.8/s) unarmed=0.0/s mismatch=0.0/s relbusy=0.0/s relok=18.8/s relfail=0.0/s release-stage[queue=0.0 pool=0.0 fence=0.0 reset=0.0 begin=0.0 end=0.0 submit=0.0]/s watchdog=0.0/s | worker plays=18.8/s ok=18.8/s fail=0.0/s nr_absent=0.0/s copyfail=0.0/s
01:15:30.132  [fg-relay] rate3: arm->arm avg=49.29ms max=1788.62ms n=9998 | arm->work avg=0.01ms max=0.92ms | arm->eval avg=0.00ms max=0.00ms | copywait avg=0.009ms max=0.248ms | copy-land<= avg=49.25ms max=1787.91ms | work avg=8.91ms max=220.31ms | totals armed=9999 unarmed=0 skipped=0 busy=0 mismatch=0 copies_failed=0 writes=9999 conflicts=0
01:15:30.133  [fg-relay] rate4: throttle depth=1 off=0 | sleep calls=18.8/s waits=18.8/s clear=0.0/s timeouts=0.0/s avg=37.86ms | present calls=18.8/s waits=0.0/s clear=0.0/s timeouts=0.0/s avg=0.00ms | max=71.24ms (process)
01:15:39.147  [fg-guides] output=5120x2160 depth=5120x2160 rect=0,0+5120x2160 mv=5120x2160 rect=0,0+5120x2160 mv-scale=5120,2160 carrier-scale=5120,2160 jitter=0.25,-0.166667 jittered=0 inverted=1 reset=1 gpu-nearest=0/0.
01:15:40.587  [bridge] 10200 frames delivered so far.
01:15:44.056  qpc=4488396238840 [focus-fg] state: enabled=1 hooked=1 foreground=1 minimized=0 hwnd=000000000DC531F2 scope_calls=10288 original_false=7672 kept=7672 presents=10879 FG_evaluates=30859
01:15:45.149  [fg-relay] rate/15.0s p2 import_opt=1: presents=21.0/s present-gate[point=21.0 ready=0.0 fallback=0.0 inactive=0.0]/s noinfo=0.0/s stale=0.0/s unlearned=0.0/s attempts=21.0/s armed=21.0/s skipped=0.0/s busy=0.0/s arm-reject[state=0.0 request=0.0 refused=0.0 stopping=0.0 res=0.0 size=0.0]/s pool[cap=0.0 family=0.0 create=0.0 alloc=0.0]/s copy-drop[fence=0.0 reset=0.0 begin=0.0 end=0.0 submit=0.0]/s cf[seq=0.0/s idle=0.0/s nrfence=0.0/s] slotbusy=0.0/s copyfence-busy=0.0/s nr-gpuwait=20.1/s flips=0.0/s
01:15:45.149  [fg-relay] rate2: fginput eval=63.1/s index!=1=42.1/s eval-gate[off=0.0 fallback=0.0 notready=0.0 noinput=0.0 noqueue=0.0]/s relay eval=21.0/s consume=0.0/s inplace=21.0/s(ok 21.0/s) unarmed=0.0/s mismatch=0.0/s relbusy=0.0/s relok=21.0/s relfail=0.0/s release-stage[queue=0.0 pool=0.0 fence=0.0 reset=0.0 begin=0.0 end=0.0 submit=0.0]/s watchdog=0.0/s | worker plays=21.0/s ok=21.0/s fail=0.0/s nr_absent=0.1/s copyfail=0.0/s
01:15:45.149  [fg-relay] rate3: arm->arm avg=49.23ms max=1788.62ms n=10314 | arm->work avg=0.01ms max=0.92ms | arm->eval avg=0.00ms max=0.00ms | copywait avg=0.009ms max=0.248ms | copy-land<= avg=49.20ms max=1787.91ms | work avg=8.88ms max=220.31ms | totals armed=10315 unarmed=0 skipped=0 busy=0 mismatch=0 copies_failed=0 writes=10315 conflicts=0
01:15:45.150  [fg-relay] rate4: throttle depth=1 off=0 | sleep calls=21.0/s waits=20.6/s clear=0.5/s timeouts=0.1/s avg=31.44ms | present calls=21.0/s waits=0.0/s clear=0.0/s timeouts=0.0/s avg=0.00ms | max=106.69ms (process)
01:15:50.336  [fg-guides] output=5120x2160 depth=5120x2160 rect=0,0+5120x2160 mv=5120x2160 rect=0,0+5120x2160 mv-scale=5120,2160 carrier-scale=5120,2160 jitter=0.25,-0.166667 jittered=0 inverted=1 reset=1 gpu-nearest=0/0.
01:15:53.513  qpc=4488490769465 [fg-transition] start=4488490767542 frame=0000000000002B77 idx=2/3 queue=000000002EB93CD0 reset=0 enable=1 recording=1 not-rendering=0 metering=0 fullscreen=0 slmode=1 known=0x17f hud=449c36d0 back=2eb3a8d0 real=0 interp=47fe12d0 bridge-lock=1 arm=10535->10535 result=1 disable-interp=0(known=0) foreground=0 monitors=0000000003DB2751/0000000067FB33F1 cpu=0.192ms
01:15:53.513  qpc=4488490774886 [fg-transition] start=4488490773141 frame=0000000000002B77 idx=3/3 queue=000000002EB93CD0 reset=0 enable=1 recording=1 not-rendering=0 metering=0 fullscreen=0 slmode=1 known=0x17f hud=449c36d0 back=2eb3a8d0 real=0 interp=47fe18d0 bridge-lock=1 arm=10535->10535 result=1 disable-interp=0(known=0) foreground=0 monitors=0000000003DB2751/0000000067FB33F1 cpu=0.174ms
01:15:53.513  qpc=4488490786182 [fg-transition] start=4488490776734 frame=0000000000002B78 idx=1/3 queue=000000002EB93CD0 reset=0 enable=1 recording=1 not-rendering=0 metering=0 fullscreen=0 slmode=1 known=0x17f hud=449c36d0 back=2eb396d0 real=47fe0cd0 interp=47fe1ed0 bridge-lock=1 arm=10535->10536 result=1 disable-interp=0(known=0) foreground=0 monitors=0000000003DB2751/0000000067FB33F1 cpu=0.944ms
01:15:53.546  qpc=4488491099025 [fg-transition] start=4488491097268 frame=0000000000002B78 idx=2/3 queue=000000002EB93CD0 reset=0 enable=1 recording=1 not-rendering=0 metering=0 fullscreen=0 slmode=1 known=0x17f hud=449c36d0 back=2eb396d0 real=0 interp=47fe18d0 bridge-lock=1 arm=10536->10536 result=1 disable-interp=0(known=0) foreground=0 monitors=0000000003DB2751/0000000067FB33F1 cpu=0.175ms
01:15:53.547  qpc=4488491102709 [fg-transition] start=4488491101175 frame=0000000000002B78 idx=3/3 queue=000000002EB93CD0 reset=0 enable=1 recording=1 not-rendering=0 metering=0 fullscreen=0 slmode=1 known=0x17f hud=449c36d0 back=2eb396d0 real=0 interp=47fe12d0 bridge-lock=1 arm=10536->10536 result=1 disable-interp=0(known=0) foreground=0 monitors=0000000003DB2751/0000000067FB33F1 cpu=0.153ms
01:15:53.568  qpc=4488491309583 [fg-transition] start=4488491286254 frame=0000000000002B79 idx=1/3 queue=000000002EB93CD0 reset=0 enable=1 recording=1 not-rendering=0 metering=0 fullscreen=0 slmode=1 known=0x17f hud=449c36d0 back=2eb3aed0 real=47fe1ed0 interp=47fe0cd0 bridge-lock=1 arm=10536->10537 result=1 disable-interp=0(known=0) foreground=0 monitors=0000000003DB2751/0000000067FB33F1 cpu=2.333ms
01:15:53.578  qpc=4488491417145 [fg-transition] start=4488491415791 frame=0000000000002B79 idx=2/3 queue=000000002EB93CD0 reset=0 enable=1 recording=1 not-rendering=0 metering=0 fullscreen=0 slmode=1 known=0x17f hud=449c36d0 back=2eb3aed0 real=0 interp=47fe12d0 bridge-lock=1 arm=10537->10537 result=1 disable-interp=0(known=0) foreground=0 monitors=0000000003DB2751/0000000067FB33F1 cpu=0.135ms
01:15:53.578  qpc=4488491420566 [fg-transition] start=4488491419719 frame=0000000000002B79 idx=3/3 queue=000000002EB93CD0 reset=0 enable=1 recording=1 not-rendering=0 metering=0 fullscreen=0 slmode=1 known=0x17f hud=449c36d0 back=2eb3aed0 real=0 interp=47fe18d0 bridge-lock=1 arm=10537->10537 result=1 disable-interp=0(known=0) foreground=0 monitors=0000000003DB2751/0000000067FB33F1 cpu=0.085ms
01:15:53.591  qpc=4488491555279 [fg-transition] start=4488491421109 frame=0000000000002B7A idx=1/3 queue=000000002EB93CD0 reset=0 enable=1 recording=1 not-rendering=0 metering=0 fullscreen=0 slmode=1 known=0x17f hud=449c36d0 back=2eb3a8d0 real=47fe0cd0 interp=47fe1ed0 bridge-lock=1 arm=10537->10538 result=1 disable-interp=0(known=0) foreground=0 monitors=0000000003DB2751/0000000067FB33F1 cpu=13.417ms
01:15:53.619  qpc=4488491838291 [fg-transition] start=4488491836831 frame=0000000000002B7A idx=2/3 queue=000000002EB93CD0 reset=0 enable=1 recording=1 not-rendering=0 metering=0 fullscreen=0 slmode=1 known=0x17f hud=449c36d0 back=2eb3a8d0 real=0 interp=47fe18d0 bridge-lock=1 arm=10538->10538 result=1 disable-interp=0(known=0) foreground=0 monitors=0000000003DB2751/0000000067FB33F1 cpu=0.146ms
01:15:53.619  qpc=4488491840645 [fg-transition] start=4488491839893 frame=0000000000002B7A idx=3/3 queue=000000002EB93CD0 reset=0 enable=1 recording=1 not-rendering=0 metering=0 fullscreen=0 slmode=1 known=0x17f hud=449c36d0 back=2eb3a8d0 real=0 interp=47fe12d0 bridge-lock=1 arm=10538->10538 result=1 disable-interp=0(known=0) foreground=0 monitors=0000000003DB2751/0000000067FB33F1 cpu=0.075ms
01:15:53.623  qpc=4488491873790 [fg-transition] start=4488491841189 frame=0000000000002B7B idx=1/3 queue=000000002EB93CD0 reset=0 enable=1 recording=1 not-rendering=0 metering=0 fullscreen=0 slmode=1 known=0x17f hud=449c36d0 back=2eb396d0 real=47fe1ed0 interp=47fe0cd0 bridge-lock=1 arm=10538->10539 result=1 disable-interp=0(known=0) foreground=0 monitors=0000000003DB2751/0000000067FB33F1 cpu=3.260ms
01:15:54.167  qpc=4488497343817 [focus-fg] state: enabled=1 hooked=1 foreground=0 minimized=0 hwnd=000000000DC531F2 scope_calls=10557 original_false=7693 kept=7693 presents=11148 FG_evaluates=31666
01:15:55.179  qpc=4488507443662 [fg-transition] start=4488507418928 frame=0000000000002BA6 idx=1/3 queue=000000002EB93CD0 reset=0 enable=1 recording=1 not-rendering=0 metering=0 fullscreen=0 slmode=1 known=0x17f hud=449c36d0 back=2eb3aed0 real=47fe0cd0 interp=47fe1ed0 bridge-lock=1 arm=10581->10582 result=1 disable-interp=0(known=0) foreground=1 monitors=0000000003DB2751/0000000003DB2751 cpu=2.473ms
01:15:55.179  qpc=4488507468135 [focus-fg] state: enabled=1 hooked=1 foreground=1 minimized=0 hwnd=000000000DC531F2 scope_calls=10583 original_false=7718 kept=7718 presents=11174 FG_evaluates=31747
01:15:55.196  qpc=4488507610120 [fg-transition] start=4488507606951 frame=0000000000002BA6 idx=2/3 queue=000000002EB93CD0 reset=0 enable=1 recording=1 not-rendering=0 metering=0 fullscreen=0 slmode=1 known=0x17f hud=449c36d0 back=2eb3aed0 real=0 interp=47fe18d0 bridge-lock=1 arm=10582->10582 result=1 disable-interp=0(known=0) foreground=1 monitors=0000000003DB2751/0000000003DB2751 cpu=0.317ms
01:15:55.196  qpc=4488507614400 [fg-transition] start=4488507612992 frame=0000000000002BA6 idx=3/3 queue=000000002EB93CD0 reset=0 enable=1 recording=1 not-rendering=0 metering=0 fullscreen=0 slmode=1 known=0x17f hud=449c36d0 back=2eb3aed0 real=0 interp=47fe12d0 bridge-lock=1 arm=10582->10582 result=1 disable-interp=0(known=0) foreground=1 monitors=0000000003DB2751/0000000003DB2751 cpu=0.141ms
01:15:55.234  qpc=4488507975589 [fg-transition] start=4488507951640 frame=0000000000002BA7 idx=1/3 queue=000000002EB93CD0 reset=0 enable=1 recording=1 not-rendering=0 metering=0 fullscreen=0 slmode=1 known=0x17f hud=449c36d0 back=2eb3a8d0 real=47fe1ed0 interp=47fe0cd0 bridge-lock=1 arm=10582->10583 result=1 disable-interp=0(known=0) foreground=1 monitors=0000000003DB2751/0000000003DB2751 cpu=2.394ms
01:15:55.235  qpc=4488508002163 [fg-transition] start=4488508000472 frame=0000000000002BA7 idx=2/3 queue=000000002EB93CD0 reset=0 enable=1 recording=1 not-rendering=0 metering=0 fullscreen=0 slmode=1 known=0x17f hud=449c36d0 back=2eb3a8d0 real=0 interp=47fe12d0 bridge-lock=1 arm=10583->10583 result=1 disable-interp=0(known=0) foreground=1 monitors=0000000003DB2751/0000000003DB2751 cpu=0.169ms
01:15:55.235  qpc=4488508006077 [fg-transition] start=4488508004948 frame=0000000000002BA7 idx=3/3 queue=000000002EB93CD0 reset=0 enable=1 recording=1 not-rendering=0 metering=0 fullscreen=0 slmode=1 known=0x17f hud=449c36d0 back=2eb3a8d0 real=0 interp=47fe18d0 bridge-lock=1 arm=10583->10583 result=1 disable-interp=0(known=0) foreground=1 monitors=0000000003DB2751/0000000003DB2751 cpu=0.113ms
01:15:55.256  qpc=4488508206283 [fg-transition] start=4488508072491 frame=0000000000002BA8 idx=1/3 queue=000000002EB93CD0 reset=0 enable=1 recording=1 not-rendering=0 metering=0 fullscreen=0 slmode=1 known=0x17f hud=449c36d0 back=2eb396d0 real=47fe0cd0 interp=47fe1ed0 bridge-lock=1 arm=10583->10584 result=1 disable-interp=0(known=0) foreground=1 monitors=0000000003DB2751/0000000003DB2751 cpu=13.379ms
01:15:55.286  qpc=4488508504744 [fg-transition] start=4488508503174 frame=0000000000002BA8 idx=2/3 queue=000000002EB93CD0 reset=0 enable=1 recording=1 not-rendering=0 metering=0 fullscreen=0 slmode=1 known=0x17f hud=449c36d0 back=2eb396d0 real=0 interp=47fe18d0 bridge-lock=1 arm=10584->10584 result=1 disable-interp=0(known=0) foreground=1 monitors=0000000003DB2751/0000000003DB2751 cpu=0.157ms
01:15:55.286  qpc=4488508507529 [fg-transition] start=4488508506750 frame=0000000000002BA8 idx=3/3 queue=000000002EB93CD0 reset=0 enable=1 recording=1 not-rendering=0 metering=0 fullscreen=0 slmode=1 known=0x17f hud=449c36d0 back=2eb396d0 real=0 interp=47fe12d0 bridge-lock=1 arm=10584->10584 result=1 disable-interp=0(known=0) foreground=1 monitors=0000000003DB2751/0000000003DB2751 cpu=0.078ms
01:15:55.287  qpc=4488508534170 [fg-transition] start=4488508508030 frame=0000000000002BA9 idx=1/3 queue=000000002EB93CD0 reset=0 enable=1 recording=1 not-rendering=0 metering=0 fullscreen=0 slmode=1 known=0x17f hud=449c36d0 back=2eb3aed0 real=47fe1ed0 interp=47fe0cd0 bridge-lock=1 arm=10584->10585 result=1 disable-interp=0(known=0) foreground=1 monitors=0000000003DB2751/0000000003DB2751 cpu=2.614ms
01:15:55.322  qpc=4488508856982 [fg-transition] start=4488508855311 frame=0000000000002BA9 idx=2/3 queue=000000002EB93CD0 reset=0 enable=1 recording=1 not-rendering=0 metering=0 fullscreen=0 slmode=1 known=0x17f hud=449c36d0 back=2eb3aed0 real=0 interp=47fe12d0 bridge-lock=1 arm=10585->10585 result=1 disable-interp=0(known=0) foreground=1 monitors=0000000003DB2751/0000000003DB2751 cpu=0.167ms
01:15:55.322  qpc=4488508860449 [fg-transition] start=4488508859164 frame=0000000000002BA9 idx=3/3 queue=000000002EB93CD0 reset=0 enable=1 recording=1 not-rendering=0 metering=0 fullscreen=0 slmode=1 known=0x17f hud=449c36d0 back=2eb3aed0 real=0 interp=47fe18d0 bridge-lock=1 arm=10585->10585 result=1 disable-interp=0(known=0) foreground=1 monitors=0000000003DB2751/0000000003DB2751 cpu=0.128ms
01:15:56.294  qpc=4488518587928 [fg-transition] start=4488518586325 frame=0000000000002BC3 idx=2/3 queue=000000002EB93CD0 reset=0 enable=1 recording=1 not-rendering=0 metering=0 fullscreen=0 slmode=1 known=0x17f hud=449c36d0 back=2eb396d0 real=0 interp=47fe12d0 bridge-lock=1 arm=10611->10611 result=1 disable-interp=0(known=0) foreground=0 monitors=0000000003DB2751/0000000067FB33F1 cpu=0.160ms
01:15:56.295  qpc=4488518590279 [fg-transition] start=4488518589560 frame=0000000000002BC3 idx=3/3 queue=000000002EB93CD0 reset=0 enable=1 recording=1 not-rendering=0 metering=0 fullscreen=0 slmode=1 known=0x17f hud=449c36d0 back=2eb396d0 real=0 interp=47fe18d0 bridge-lock=1 arm=10611->10611 result=1 disable-interp=0(known=0) foreground=0 monitors=0000000003DB2751/0000000067FB33F1 cpu=0.072ms
01:15:56.483  qpc=4488520471321 [fg-transition] start=4488520463383 frame=0000000000002BC4 idx=1/3 queue=000000002EB93CD0 reset=0 enable=1 recording=1 not-rendering=0 metering=0 fullscreen=0 slmode=1 known=0x17f hud=449c36d0 back=2eb3aed0 real=47fe0cd0 interp=47fe1ed0 bridge-lock=1 arm=10611->10612 result=1 disable-interp=0(known=0) foreground=0 monitors=0000000003DB2751/0000000067FB33F1 cpu=0.793ms
01:15:56.483  qpc=4488520488217 [fg-transition] start=4488520473470 frame=0000000000002BC4 idx=2/3 queue=000000002EB93CD0 reset=0 enable=1 recording=1 not-rendering=0 metering=0 fullscreen=0 slmode=1 known=0x17f hud=449c36d0 back=2eb3aed0 real=0 interp=47fe18d0 bridge-lock=1 arm=10612->10612 result=1 disable-interp=0(known=0) foreground=0 monitors=0000000003DB2751/0000000067FB33F1 cpu=1.474ms
01:15:56.483  qpc=4488520489596 [fg-transition] start=4488520488943 frame=0000000000002BC4 idx=3/3 queue=000000002EB93CD0 reset=0 enable=1 recording=1 not-rendering=0 metering=0 fullscreen=0 slmode=1 known=0x17f hud=449c36d0 back=2eb3aed0 real=0 interp=47fe12d0 bridge-lock=1 arm=10612->10612 result=1 disable-interp=0(known=0) foreground=0 monitors=0000000003DB2751/0000000067FB33F1 cpu=0.065ms
01:15:56.507  qpc=4488520714084 [fg-transition] start=4488520579643 frame=0000000000002BC5 idx=1/3 queue=000000002EB93CD0 reset=0 enable=1 recording=1 not-rendering=0 metering=0 fullscreen=0 slmode=1 known=0x17f hud=449c36d0 back=2eb3a8d0 real=47fe1ed0 interp=47fe0cd0 bridge-lock=1 arm=10612->10613 result=1 disable-interp=0(known=0) foreground=0 monitors=0000000003DB2751/0000000067FB33F1 cpu=13.444ms
01:15:56.537  qpc=4488521011600 [fg-transition] start=4488521010147 frame=0000000000002BC5 idx=2/3 queue=000000002EB93CD0 reset=0 enable=1 recording=1 not-rendering=0 metering=0 fullscreen=0 slmode=1 known=0x17f hud=449c36d0 back=2eb3a8d0 real=0 interp=47fe12d0 bridge-lock=1 arm=10613->10613 result=1 disable-interp=0(known=0) foreground=0 monitors=0000000003DB2751/0000000067FB33F1 cpu=0.145ms
01:15:56.537  qpc=4488521013794 [fg-transition] start=4488521013089 frame=0000000000002BC5 idx=3/3 queue=000000002EB93CD0 reset=0 enable=1 recording=1 not-rendering=0 metering=0 fullscreen=0 slmode=1 known=0x17f hud=449c36d0 back=2eb3a8d0 real=0 interp=47fe18d0 bridge-lock=1 arm=10613->10613 result=1 disable-interp=0(known=0) foreground=0 monitors=0000000003DB2751/0000000067FB33F1 cpu=0.070ms
01:15:56.557  qpc=4488521218639 [fg-transition] start=4488521194845 frame=0000000000002BC6 idx=1/3 queue=000000002EB93CD0 reset=0 enable=1 recording=1 not-rendering=0 metering=0 fullscreen=0 slmode=1 known=0x17f hud=449c36d0 back=2eb396d0 real=47fe0cd0 interp=47fe1ed0 bridge-lock=1 arm=10613->10614 result=1 disable-interp=0(known=0) foreground=0 monitors=0000000003DB2751/0000000067FB33F1 cpu=2.379ms
01:15:56.568  qpc=4488521333513 [fg-transition] start=4488521332143 frame=0000000000002BC6 idx=2/3 queue=000000002EB93CD0 reset=0 enable=1 recording=1 not-rendering=0 metering=0 fullscreen=0 slmode=1 known=0x17f hud=449c36d0 back=2eb396d0 real=0 interp=47fe18d0 bridge-lock=1 arm=10614->10614 result=1 disable-interp=0(known=0) foreground=0 monitors=0000000003DB2751/0000000067FB33F1 cpu=0.137ms
01:15:56.569  qpc=4488521335662 [fg-transition] start=4488521334961 frame=0000000000002BC6 idx=3/3 queue=000000002EB93CD0 reset=0 enable=1 recording=1 not-rendering=0 metering=0 fullscreen=0 slmode=1 known=0x17f hud=449c36d0 back=2eb396d0 real=0 interp=47fe12d0 bridge-lock=1 arm=10614->10614 result=1 disable-interp=0(known=0) foreground=0 monitors=0000000003DB2751/0000000067FB33F1 cpu=0.070ms
01:15:56.581  qpc=4488521451955 [fg-transition] start=4488521336091 frame=0000000000002BC7 idx=1/3 queue=000000002EB93CD0 reset=0 enable=1 recording=1 not-rendering=0 metering=0 fullscreen=0 slmode=1 known=0x17f hud=449c36d0 back=2eb3aed0 real=47fe1ed0 interp=47fe0cd0 bridge-lock=1 arm=10614->10615 result=1 disable-interp=0(known=0) foreground=0 monitors=0000000003DB2751/0000000067FB33F1 cpu=11.586ms
01:15:58.054  qpc=4488536159127 [fg-transition] start=4488536157807 frame=0000000000002BF2 idx=2/3 queue=000000002EB93CD0 reset=0 enable=1 recording=1 not-rendering=0 metering=0 fullscreen=0 slmode=1 known=0x17f hud=449c36d0 back=2eb3a8d0 real=0 interp=47fe18d0 bridge-lock=1 arm=10658->10658 result=1 disable-interp=0(known=0) foreground=1 monitors=0000000003DB2751/0000000003DB2751 cpu=0.132ms
01:15:58.054  qpc=4488536161369 [fg-transition] start=4488536160652 frame=0000000000002BF2 idx=3/3 queue=000000002EB93CD0 reset=0 enable=1 recording=1 not-rendering=0 metering=0 fullscreen=0 slmode=1 known=0x17f hud=449c36d0 back=2eb3a8d0 real=0 interp=47fe12d0 bridge-lock=1 arm=10658->10658 result=1 disable-interp=0(known=0) foreground=1 monitors=0000000003DB2751/0000000003DB2751 cpu=0.072ms
01:15:58.088  qpc=4488536521659 [fg-transition] start=4488536501011 frame=0000000000002BF3 idx=1/3 queue=000000002EB93CD0 reset=0 enable=1 recording=1 not-rendering=0 metering=0 fullscreen=0 slmode=1 known=0x17f hud=449c36d0 back=2eb396d0 real=47fe1ed0 interp=47fe0cd0 bridge-lock=1 arm=10658->10659 result=1 disable-interp=0(known=0) foreground=1 monitors=0000000003DB2751/0000000003DB2751 cpu=2.064ms
01:15:58.088  qpc=4488536525626 [fg-transition] start=4488536524397 frame=0000000000002BF3 idx=2/3 queue=000000002EB93CD0 reset=0 enable=1 recording=1 not-rendering=0 metering=0 fullscreen=0 slmode=1 known=0x17f hud=449c36d0 back=2eb396d0 real=0 interp=47fe12d0 bridge-lock=1 arm=10659->10659 result=1 disable-interp=0(known=0) foreground=1 monitors=0000000003DB2751/0000000003DB2751 cpu=0.123ms
01:15:58.089  qpc=4488536527214 [fg-transition] start=4488536526231 frame=0000000000002BF3 idx=3/3 queue=000000002EB93CD0 reset=0 enable=1 recording=1 not-rendering=0 metering=0 fullscreen=0 slmode=1 known=0x17f hud=449c36d0 back=2eb396d0 real=0 interp=47fe18d0 bridge-lock=1 arm=10659->10659 result=1 disable-interp=0(known=0) foreground=1 monitors=0000000003DB2751/0000000003DB2751 cpu=0.098ms
01:15:58.110  qpc=4488536739170 [fg-transition] start=4488536615660 frame=0000000000002BF4 idx=1/3 queue=000000002EB93CD0 reset=0 enable=1 recording=1 not-rendering=0 metering=0 fullscreen=0 slmode=1 known=0x17f hud=449c36d0 back=2eb3aed0 real=47fe0cd0 interp=47fe1ed0 bridge-lock=1 arm=10659->10660 result=1 disable-interp=0(known=0) foreground=1 monitors=0000000003DB2751/0000000003DB2751 cpu=12.350ms
01:15:58.138  qpc=4488537033088 [fg-transition] start=4488537031428 frame=0000000000002BF4 idx=2/3 queue=000000002EB93CD0 reset=0 enable=1 recording=1 not-rendering=0 metering=0 fullscreen=0 slmode=1 known=0x17f hud=449c36d0 back=2eb3aed0 real=0 interp=47fe18d0 bridge-lock=1 arm=10660->10660 result=1 disable-interp=0(known=0) foreground=1 monitors=0000000003DB2751/0000000003DB2751 cpu=0.166ms
01:15:58.138  qpc=4488537035671 [fg-transition] start=4488537034945 frame=0000000000002BF4 idx=3/3 queue=000000002EB93CD0 reset=0 enable=1 recording=1 not-rendering=0 metering=0 fullscreen=0 slmode=1 known=0x17f hud=449c36d0 back=2eb3aed0 real=0 interp=47fe12d0 bridge-lock=1 arm=10660->10660 result=1 disable-interp=0(known=0) foreground=1 monitors=0000000003DB2751/0000000003DB2751 cpu=0.072ms
01:15:58.145  qpc=4488537099704 [fg-transition] start=4488537036159 frame=0000000000002BF5 idx=1/3 queue=000000002EB93CD0 reset=0 enable=1 recording=1 not-rendering=0 metering=0 fullscreen=0 slmode=1 known=0x17f hud=449c36d0 back=2eb3a8d0 real=47fe1ed0 interp=47fe0cd0 bridge-lock=1 arm=10660->10661 result=1 disable-interp=0(known=0) foreground=1 monitors=0000000003DB2751/0000000003DB2751 cpu=6.354ms
01:15:58.176  qpc=4488537410281 [fg-transition] start=4488537408915 frame=0000000000002BF5 idx=2/3 queue=000000002EB93CD0 reset=0 enable=1 recording=1 not-rendering=0 metering=0 fullscreen=0 slmode=1 known=0x17f hud=449c36d0 back=2eb3a8d0 real=0 interp=47fe12d0 bridge-lock=1 arm=10661->10661 result=1 disable-interp=0(known=0) foreground=1 monitors=0000000003DB2751/0000000003DB2751 cpu=0.136ms
01:15:58.176  qpc=4488537412435 [fg-transition] start=4488537411739 frame=0000000000002BF5 idx=3/3 queue=000000002EB93CD0 reset=0 enable=1 recording=1 not-rendering=0 metering=0 fullscreen=0 slmode=1 known=0x17f hud=449c36d0 back=2eb3a8d0 real=0 interp=47fe18d0 bridge-lock=1 arm=10661->10661 result=1 disable-interp=0(known=0) foreground=1 monitors=0000000003DB2751/0000000003DB2751 cpu=0.070ms
01:15:58.177  qpc=4488537428651 [fg-transition] start=4488537412890 frame=0000000000002BF6 idx=1/3 queue=000000002EB93CD0 reset=0 enable=1 recording=1 not-rendering=0 metering=0 fullscreen=0 slmode=1 known=0x17f hud=449c36d0 back=2eb396d0 real=47fe0cd0 interp=47fe1ed0 bridge-lock=1 arm=10661->10662 result=1 disable-interp=0(known=0) foreground=1 monitors=0000000003DB2751/0000000003DB2751 cpu=1.576ms
01:16:00.151  [fg-relay] rate/15.0s p2 import_opt=1: presents=27.0/s present-gate[point=27.0 ready=0.0 fallback=0.0 inactive=0.0]/s noinfo=0.0/s stale=0.0/s unlearned=0.0/s attempts=27.0/s armed=27.0/s skipped=0.0/s busy=0.0/s arm-reject[state=0.0 request=0.0 refused=0.0 stopping=0.0 res=0.0 size=0.0]/s pool[cap=0.0 family=0.0 create=0.0 alloc=0.0]/s copy-drop[fence=0.0 reset=0.0 begin=0.0 end=0.0 submit=0.0]/s cf[seq=0.0/s idle=0.0/s nrfence=0.0/s] slotbusy=0.0/s copyfence-busy=0.0/s nr-gpuwait=25.5/s flips=0.0/s
01:16:00.151  [fg-relay] rate2: fginput eval=81.0/s index!=1=54.0/s eval-gate[off=0.0 fallback=0.0 notready=0.0 noinput=0.0 noqueue=0.0]/s relay eval=27.0/s consume=0.0/s inplace=27.0/s(ok 27.0/s) unarmed=0.0/s mismatch=0.0/s relbusy=0.0/s relok=27.0/s relfail=0.0/s release-stage[queue=0.0 pool=0.0 fence=0.0 reset=0.0 begin=0.0 end=0.0 submit=0.0]/s watchdog=0.0/s | worker plays=27.0/s ok=27.0/s fail=0.0/s nr_absent=0.1/s copyfail=0.0/s
01:16:00.151  [fg-relay] rate3: arm->arm avg=48.77ms max=1788.62ms n=10719 | arm->work avg=0.01ms max=0.92ms | arm->eval avg=0.00ms max=0.00ms | copywait avg=0.009ms max=0.248ms | copy-land<= avg=48.73ms max=1787.91ms | work avg=8.76ms max=231.62ms | totals armed=10720 unarmed=0 skipped=0 busy=0 mismatch=0 copies_failed=0 writes=10720 conflicts=0
01:16:00.152  [fg-relay] rate4: throttle depth=1 off=0 | sleep calls=27.0/s waits=26.1/s clear=0.9/s timeouts=0.1/s avg=22.68ms | present calls=27.0/s waits=0.0/s clear=0.0/s timeouts=0.0/s avg=0.00ms | max=106.69ms (process)
01:16:02.846  [bridge] 10800 frames delivered so far.
01:16:02.876  [fg-relay] armed by evaluate: hud=449c36d0 back=2eb396d0 depth=449c30d0 mv=449c2ad0 5120x2160 copy=10800 nr=10800 import=1 slot=0 arm=10800 gpu-wait-nr=10799 pending=1.
01:16:02.876  [fg-relay] evaluate: slot=0 nr=10800 import=1 stage=3.
01:16:02.878  [fg-relay] frame=10800 slot=0 nr=10800 ok=1 wrote=1 nr_entries=2 import=1 armed=10800 skipped=0 busy=0 mismatch=0 conflicts=0.
01:16:05.693  qpc=4488612576687 [fg-transition] start=4488612574800 frame=0000000000002CD0 idx=2/3 queue=000000002EB93CD0 reset=0 enable=1 recording=1 not-rendering=0 metering=0 fullscreen=0 slmode=1 known=0x17f hud=449c36d0 back=2eb3a8d0 real=0 interp=47fe18d0 bridge-lock=1 arm=10880->10880 result=1 disable-interp=0(known=0) foreground=0 monitors=0000000003DB2751/0000000067FB33F1 cpu=0.188ms
01:16:05.693  qpc=4488612580108 [fg-transition] start=4488612579107 frame=0000000000002CD0 idx=3/3 queue=000000002EB93CD0 reset=0 enable=1 recording=1 not-rendering=0 metering=0 fullscreen=0 slmode=1 known=0x17f hud=449c36d0 back=2eb3a8d0 real=0 interp=47fe12d0 bridge-lock=1 arm=10880->10880 result=1 disable-interp=0(known=0) foreground=0 monitors=0000000003DB2751/0000000067FB33F1 cpu=0.100ms
01:16:05.696  qpc=4488612613365 [fg-transition] start=4488612580699 frame=0000000000002CD1 idx=1/3 queue=000000002EB93CD0 reset=0 enable=1 recording=1 not-rendering=0 metering=0 fullscreen=0 slmode=1 known=0x17f hud=449c36d0 back=2eb396d0 real=47fe1ed0 interp=47fe0cd0 bridge-lock=1 arm=10880->10881 result=1 disable-interp=0(known=0) foreground=0 monitors=0000000003DB2751/0000000067FB33F1 cpu=3.266ms
01:16:05.724  qpc=4488612895857 [fg-transition] start=4488612894330 frame=0000000000002CD1 idx=2/3 queue=000000002EB93CD0 reset=0 enable=1 recording=1 not-rendering=0 metering=0 fullscreen=0 slmode=1 known=0x17f hud=449c36d0 back=2eb396d0 real=0 interp=47fe12d0 bridge-lock=1 arm=10881->10881 result=1 disable-interp=0(known=0) foreground=0 monitors=0000000003DB2751/0000000067FB33F1 cpu=0.152ms
01:16:05.725  qpc=4488612898095 [fg-transition] start=4488612897374 frame=0000000000002CD1 idx=3/3 queue=000000002EB93CD0 reset=0 enable=1 recording=1 not-rendering=0 metering=0 fullscreen=0 slmode=1 known=0x17f hud=449c36d0 back=2eb396d0 real=0 interp=47fe18d0 bridge-lock=1 arm=10881->10881 result=1 disable-interp=0(known=0) foreground=0 monitors=0000000003DB2751/0000000067FB33F1 cpu=0.072ms
01:16:05.834  qpc=4488613983437 [fg-transition] start=4488613960239 frame=0000000000002CD2 idx=1/3 queue=000000002EB93CD0 reset=0 enable=1 recording=1 not-rendering=0 metering=0 fullscreen=0 slmode=1 known=0x17f hud=449c36d0 back=2eb3aed0 real=47fe0cd0 interp=47fe1ed0 bridge-lock=1 arm=10881->10882 result=1 disable-interp=0(known=0) foreground=0 monitors=0000000003DB2751/0000000067FB33F1 cpu=2.319ms
01:16:05.834  qpc=4488613987735 [fg-transition] start=4488613986266 frame=0000000000002CD2 idx=2/3 queue=000000002EB93CD0 reset=0 enable=1 recording=1 not-rendering=0 metering=0 fullscreen=0 slmode=1 known=0x17f hud=449c36d0 back=2eb3aed0 real=0 interp=47fe18d0 bridge-lock=1 arm=10882->10882 result=1 disable-interp=0(known=0) foreground=0 monitors=0000000003DB2751/0000000067FB33F1 cpu=0.147ms
01:16:05.835  qpc=4488613989869 [fg-transition] start=4488613988562 frame=0000000000002CD2 idx=3/3 queue=000000002EB93CD0 reset=0 enable=1 recording=1 not-rendering=0 metering=0 fullscreen=0 slmode=1 known=0x17f hud=449c36d0 back=2eb3aed0 real=0 interp=47fe12d0 bridge-lock=1 arm=10882->10882 result=1 disable-interp=0(known=0) foreground=0 monitors=0000000003DB2751/0000000067FB33F1 cpu=0.131ms
01:16:05.855  qpc=4488614187432 [fg-transition] start=4488614102181 frame=0000000000002CD3 idx=1/3 queue=000000002EB93CD0 reset=0 enable=1 recording=1 not-rendering=0 metering=0 fullscreen=0 slmode=1 known=0x17f hud=449c36d0 back=2eb3a8d0 real=47fe1ed0 interp=47fe0cd0 bridge-lock=1 arm=10882->10883 result=1 disable-interp=0(known=0) foreground=0 monitors=0000000003DB2751/0000000067FB33F1 cpu=8.525ms
01:16:05.882  qpc=4488614459595 [fg-transition] start=4488614457574 frame=0000000000002CD3 idx=2/3 queue=000000002EB93CD0 reset=0 enable=1 recording=1 not-rendering=0 metering=0 fullscreen=0 slmode=1 known=0x17f hud=449c36d0 back=2eb3a8d0 real=0 interp=47fe12d0 bridge-lock=1 arm=10883->10883 result=1 disable-interp=0(known=0) foreground=0 monitors=0000000003DB2751/0000000067FB33F1 cpu=0.202ms
01:16:05.882  qpc=4488614463049 [fg-transition] start=4488614461881 frame=0000000000002CD3 idx=3/3 queue=000000002EB93CD0 reset=0 enable=1 recording=1 not-rendering=0 metering=0 fullscreen=0 slmode=1 known=0x17f hud=449c36d0 back=2eb3a8d0 real=0 interp=47fe18d0 bridge-lock=1 arm=10883->10883 result=1 disable-interp=0(known=0) foreground=0 monitors=0000000003DB2751/0000000067FB33F1 cpu=0.117ms
01:16:05.893  qpc=4488614577821 [fg-transition] start=4488614558529 frame=0000000000002CD4 idx=1/3 queue=000000002EB93CD0 reset=0 enable=1 recording=1 not-rendering=0 metering=0 fullscreen=0 slmode=1 known=0x17f hud=449c36d0 back=2eb396d0 real=47fe0cd0 interp=47fe1ed0 bridge-lock=1 arm=10883->10884 result=1 disable-interp=0(known=0) foreground=0 monitors=0000000003DB2751/0000000067FB33F1 cpu=1.929ms
01:16:06.281  qpc=4488618485433 [focus-fg] state: enabled=1 hooked=1 foreground=0 minimized=0 hwnd=000000000DC531F2 scope_calls=10898 original_false=7782 kept=7782 presents=11489 FG_evaluates=32689
01:16:06.512  qpc=4488620769096 [fg-transition] start=4488620766097 frame=0000000000002CE7 idx=2/3 queue=000000002EB93CD0 reset=0 enable=1 recording=1 not-rendering=0 metering=0 fullscreen=0 slmode=1 known=0x17f hud=449c36d0 back=2eb3aed0 real=0 interp=47fe12d0 bridge-lock=1 arm=10903->10903 result=1 disable-interp=0(known=0) foreground=1 monitors=0000000003DB2751/0000000003DB2751 cpu=0.299ms
01:16:06.512  qpc=4488620771383 [fg-transition] start=4488620770671 frame=0000000000002CE7 idx=3/3 queue=000000002EB93CD0 reset=0 enable=1 recording=1 not-rendering=0 metering=0 fullscreen=0 slmode=1 known=0x17f hud=449c36d0 back=2eb3aed0 real=0 interp=47fe18d0 bridge-lock=1 arm=10903->10903 result=1 disable-interp=0(known=0) foreground=1 monitors=0000000003DB2751/0000000003DB2751 cpu=0.071ms
01:16:06.535  qpc=4488620990008 [fg-transition] start=4488620968243 frame=0000000000002CE8 idx=1/3 queue=000000002EB93CD0 reset=0 enable=1 recording=1 not-rendering=0 metering=0 fullscreen=0 slmode=1 known=0x17f hud=449c36d0 back=2eb3a8d0 real=47fe0cd0 interp=47fe1ed0 bridge-lock=1 arm=10903->10904 result=1 disable-interp=0(known=0) foreground=1 monitors=0000000003DB2751/0000000003DB2751 cpu=2.176ms
01:16:06.549  qpc=4488621136093 [fg-transition] start=4488621134805 frame=0000000000002CE8 idx=2/3 queue=000000002EB93CD0 reset=0 enable=1 recording=1 not-rendering=0 metering=0 fullscreen=0 slmode=1 known=0x17f hud=449c36d0 back=2eb3a8d0 real=0 interp=47fe18d0 bridge-lock=1 arm=10904->10904 result=1 disable-interp=0(known=0) foreground=1 monitors=0000000003DB2751/0000000003DB2751 cpu=0.128ms
01:16:06.549  qpc=4488621138505 [fg-transition] start=4488621137532 frame=0000000000002CE8 idx=3/3 queue=000000002EB93CD0 reset=0 enable=1 recording=1 not-rendering=0 metering=0 fullscreen=0 slmode=1 known=0x17f hud=449c36d0 back=2eb3a8d0 real=0 interp=47fe12d0 bridge-lock=1 arm=10904->10904 result=1 disable-interp=0(known=0) foreground=1 monitors=0000000003DB2751/0000000003DB2751 cpu=0.097ms
01:16:06.561  qpc=4488621261066 [fg-transition] start=4488621139196 frame=0000000000002CE9 idx=1/3 queue=000000002EB93CD0 reset=0 enable=1 recording=1 not-rendering=0 metering=0 fullscreen=0 slmode=1 known=0x17f hud=449c36d0 back=2eb396d0 real=47fe1ed0 interp=47fe0cd0 bridge-lock=1 arm=10904->10905 result=1 disable-interp=0(known=0) foreground=1 monitors=0000000003DB2751/0000000003DB2751 cpu=12.187ms
01:16:06.589  qpc=4488621538558 [fg-transition] start=4488621536538 frame=0000000000002CE9 idx=2/3 queue=000000002EB93CD0 reset=0 enable=1 recording=1 not-rendering=0 metering=0 fullscreen=0 slmode=1 known=0x17f hud=449c36d0 back=2eb396d0 real=0 interp=47fe12d0 bridge-lock=1 arm=10905->10905 result=1 disable-interp=0(known=0) foreground=1 monitors=0000000003DB2751/0000000003DB2751 cpu=0.202ms
01:16:06.589  qpc=4488621541863 [fg-transition] start=4488621540755 frame=0000000000002CE9 idx=3/3 queue=000000002EB93CD0 reset=0 enable=1 recording=1 not-rendering=0 metering=0 fullscreen=0 slmode=1 known=0x17f hud=449c36d0 back=2eb396d0 real=0 interp=47fe18d0 bridge-lock=1 arm=10905->10905 result=1 disable-interp=0(known=0) foreground=1 monitors=0000000003DB2751/0000000003DB2751 cpu=0.111ms
01:16:06.595  qpc=4488621599719 [fg-transition] start=4488621542544 frame=0000000000002CEA idx=1/3 queue=000000002EB93CD0 reset=0 enable=1 recording=1 not-rendering=0 metering=0 fullscreen=0 slmode=1 known=0x17f hud=449c36d0 back=2eb3aed0 real=47fe0cd0 interp=47fe1ed0 bridge-lock=1 arm=10905->10906 result=1 disable-interp=0(known=0) foreground=1 monitors=0000000003DB2751/0000000003DB2751 cpu=5.717ms
01:16:06.623  qpc=4488621875920 [fg-transition] start=4488621874534 frame=0000000000002CEA idx=2/3 queue=000000002EB93CD0 reset=0 enable=1 recording=1 not-rendering=0 metering=0 fullscreen=0 slmode=1 known=0x17f hud=449c36d0 back=2eb3aed0 real=0 interp=47fe18d0 bridge-lock=1 arm=10906->10906 result=1 disable-interp=0(known=0) foreground=1 monitors=0000000003DB2751/0000000003DB2751 cpu=0.138ms
01:16:06.623  qpc=4488621878291 [fg-transition] start=4488621877574 frame=0000000000002CEA idx=3/3 queue=000000002EB93CD0 reset=0 enable=1 recording=1 not-rendering=0 metering=0 fullscreen=0 slmode=1 known=0x17f hud=449c36d0 back=2eb3aed0 real=0 interp=47fe12d0 bridge-lock=1 arm=10906->10906 result=1 disable-interp=0(known=0) foreground=1 monitors=0000000003DB2751/0000000003DB2751 cpu=0.071ms
01:16:06.629  qpc=4488621935968 [fg-transition] start=4488621878801 frame=0000000000002CEB idx=1/3 queue=000000002EB93CD0 reset=0 enable=1 recording=1 not-rendering=0 metering=0 fullscreen=0 slmode=1 known=0x17f hud=449c36d0 back=2eb3a8d0 real=47fe1ed0 interp=47fe0cd0 bridge-lock=1 arm=10906->10907 result=1 disable-interp=0(known=0) foreground=1 monitors=0000000003DB2751/0000000003DB2751 cpu=5.716ms
01:16:07.301  qpc=4488628683241 [focus-fg] state: enabled=1 hooked=1 foreground=1 minimized=0 hwnd=000000000DC531F2 scope_calls=10928 original_false=7788 kept=7788 presents=11519 FG_evaluates=32779
01:16:07.896  qpc=4488634605301 [fg-transition] start=4488634603208 frame=0000000000002D10 idx=2/3 queue=000000002EB93CD0 reset=0 enable=1 recording=1 not-rendering=0 metering=0 fullscreen=0 slmode=1 known=0x17f hud=449c36d0 back=2eb396d0 real=0 interp=47fe18d0 bridge-lock=1 arm=10944->10944 result=1 disable-interp=0(known=0) foreground=0 monitors=0000000003DB2751/0000000067FB33F1 cpu=0.209ms
01:16:07.897  qpc=4488634608796 [fg-transition] start=4488634607522 frame=0000000000002D10 idx=3/3 queue=000000002EB93CD0 reset=0 enable=1 recording=1 not-rendering=0 metering=0 fullscreen=0 slmode=1 known=0x17f hud=449c36d0 back=2eb396d0 real=0 interp=47fe12d0 bridge-lock=1 arm=10944->10944 result=1 disable-interp=0(known=0) foreground=0 monitors=0000000003DB2751/0000000067FB33F1 cpu=0.127ms
01:16:07.902  qpc=4488634664099 [fg-transition] start=4488634609721 frame=0000000000002D11 idx=1/3 queue=000000002EB93CD0 reset=0 enable=1 recording=1 not-rendering=0 metering=0 fullscreen=0 slmode=1 known=0x17f hud=449c36d0 back=2eb3aed0 real=47fe1ed0 interp=47fe0cd0 bridge-lock=1 arm=10944->10945 result=1 disable-interp=0(known=0) foreground=0 monitors=0000000003DB2751/0000000067FB33F1 cpu=5.438ms
01:16:07.930  qpc=4488634935070 [fg-transition] start=4488634933316 frame=0000000000002D11 idx=2/3 queue=000000002EB93CD0 reset=0 enable=1 recording=1 not-rendering=0 metering=0 fullscreen=0 slmode=1 known=0x17f hud=449c36d0 back=2eb3aed0 real=0 interp=47fe12d0 bridge-lock=1 arm=10945->10945 result=1 disable-interp=0(known=0) foreground=0 monitors=0000000003DB2751/0000000067FB33F1 cpu=0.175ms
01:16:07.931  qpc=4488634939029 [fg-transition] start=4488634937693 frame=0000000000002D11 idx=3/3 queue=000000002EB93CD0 reset=0 enable=1 recording=1 not-rendering=0 metering=0 fullscreen=0 slmode=1 known=0x17f hud=449c36d0 back=2eb3aed0 real=0 interp=47fe18d0 bridge-lock=1 arm=10945->10945 result=1 disable-interp=0(known=0) foreground=0 monitors=0000000003DB2751/0000000067FB33F1 cpu=0.133ms
01:16:07.936  qpc=4488635004446 [fg-transition] start=4488634980209 frame=0000000000002D12 idx=1/3 queue=000000002EB93CD0 reset=0 enable=1 recording=1 not-rendering=0 metering=0 fullscreen=0 slmode=1 known=0x17f hud=449c36d0 back=2eb3a8d0 real=47fe0cd0 interp=47fe1ed0 bridge-lock=1 arm=10945->10946 result=1 disable-interp=0(known=0) foreground=0 monitors=0000000003DB2751/0000000067FB33F1 cpu=2.423ms
01:16:07.961  qpc=4488635254993 [fg-transition] start=4488635252568 frame=0000000000002D12 idx=2/3 queue=000000002EB93CD0 reset=0 enable=1 recording=1 not-rendering=0 metering=0 fullscreen=0 slmode=1 known=0x17f hud=449c36d0 back=2eb3a8d0 real=0 interp=47fe18d0 bridge-lock=1 arm=10946->10946 result=1 disable-interp=0(known=0) foreground=0 monitors=0000000003DB2751/0000000067FB33F1 cpu=0.242ms
01:16:07.961  qpc=4488635258019 [fg-transition] start=4488635257064 frame=0000000000002D12 idx=3/3 queue=000000002EB93CD0 reset=0 enable=1 recording=1 not-rendering=0 metering=0 fullscreen=0 slmode=1 known=0x17f hud=449c36d0 back=2eb3a8d0 real=0 interp=47fe12d0 bridge-lock=1 arm=10946->10946 result=1 disable-interp=0(known=0) foreground=0 monitors=0000000003DB2751/0000000067FB33F1 cpu=0.095ms
01:16:07.966  qpc=4488635309911 [fg-transition] start=4488635258603 frame=0000000000002D13 idx=1/3 queue=000000002EB93CD0 reset=0 enable=1 recording=1 not-rendering=0 metering=0 fullscreen=0 slmode=1 known=0x17f hud=449c36d0 back=2eb396d0 real=47fe1ed0 interp=47fe0cd0 bridge-lock=1 arm=10946->10947 result=1 disable-interp=0(known=0) foreground=0 monitors=0000000003DB2751/0000000067FB33F1 cpu=5.131ms
01:16:07.992  qpc=4488635575152 [fg-transition] start=4488635573714 frame=0000000000002D13 idx=2/3 queue=000000002EB93CD0 reset=0 enable=1 recording=1 not-rendering=0 metering=0 fullscreen=0 slmode=1 known=0x17f hud=449c36d0 back=2eb396d0 real=0 interp=47fe12d0 bridge-lock=1 arm=10947->10947 result=1 disable-interp=0(known=0) foreground=0 monitors=0000000003DB2751/0000000067FB33F1 cpu=0.143ms
01:16:07.993  qpc=4488635577420 [fg-transition] start=4488635576690 frame=0000000000002D13 idx=3/3 queue=000000002EB93CD0 reset=0 enable=1 recording=1 not-rendering=0 metering=0 fullscreen=0 slmode=1 known=0x17f hud=449c36d0 back=2eb396d0 real=0 interp=47fe18d0 bridge-lock=1 arm=10947->10947 result=1 disable-interp=0(known=0) foreground=0 monitors=0000000003DB2751/0000000067FB33F1 cpu=0.073ms
01:16:07.993  qpc=4488635598319 [fg-transition] start=4488635577883 frame=0000000000002D14 idx=1/3 queue=000000002EB93CD0 reset=0 enable=1 recording=1 not-rendering=0 metering=0 fullscreen=0 slmode=1 known=0x17f hud=449c36d0 back=2eb3aed0 real=47fe0cd0 interp=47fe1ed0 bridge-lock=1 arm=10947->10948 result=1 disable-interp=0(known=0) foreground=0 monitors=0000000003DB2751/0000000067FB33F1 cpu=2.043ms
01:16:08.315  qpc=4488638821332 [focus-fg] state: enabled=1 hooked=1 foreground=0 minimized=0 hwnd=000000000DC531F2 scope_calls=10958 original_false=7800 kept=7800 presents=11549 FG_evaluates=32869
01:16:11.788  qpc=4488673513420 [fg-transition] start=4488673511966 frame=0000000000002D89 idx=2/3 queue=000000002EB93CD0 reset=0 enable=1 recording=1 not-rendering=0 metering=0 fullscreen=0 slmode=1 known=0x17f hud=449c36d0 back=2eb3aed0 real=0 interp=47fe12d0 bridge-lock=1 arm=11065->11065 result=1 disable-interp=0(known=0) foreground=1 monitors=0000000003DB2751/0000000003DB2751 cpu=0.145ms
01:16:11.788  qpc=4488673516240 [fg-transition] start=4488673515082 frame=0000000000002D89 idx=3/3 queue=000000002EB93CD0 reset=0 enable=1 recording=1 not-rendering=0 metering=0 fullscreen=0 slmode=1 known=0x17f hud=449c36d0 back=2eb3aed0 real=0 interp=47fe18d0 bridge-lock=1 arm=11065->11065 result=1 disable-interp=0(known=0) foreground=1 monitors=0000000003DB2751/0000000003DB2751 cpu=0.116ms
01:16:11.794  qpc=4488673585051 [fg-transition] start=4488673553243 frame=0000000000002D8A idx=1/3 queue=000000002EB93CD0 reset=0 enable=1 recording=1 not-rendering=0 metering=0 fullscreen=0 slmode=1 known=0x17f hud=449c36d0 back=2eb3a8d0 real=47fe0cd0 interp=47fe1ed0 bridge-lock=1 arm=11065->11066 result=1 disable-interp=0(known=0) foreground=1 monitors=0000000003DB2751/0000000003DB2751 cpu=3.180ms
01:16:11.820  qpc=4488673853972 [fg-transition] start=4488673852669 frame=0000000000002D8A idx=2/3 queue=000000002EB93CD0 reset=0 enable=1 recording=1 not-rendering=0 metering=0 fullscreen=0 slmode=1 known=0x17f hud=449c36d0 back=2eb3a8d0 real=0 interp=47fe18d0 bridge-lock=1 arm=11066->11066 result=1 disable-interp=0(known=0) foreground=1 monitors=0000000003DB2751/0000000003DB2751 cpu=0.130ms
01:16:11.821  qpc=4488673856178 [fg-transition] start=4488673855477 frame=0000000000002D8A idx=3/3 queue=000000002EB93CD0 reset=0 enable=1 recording=1 not-rendering=0 metering=0 fullscreen=0 slmode=1 known=0x17f hud=449c36d0 back=2eb3a8d0 real=0 interp=47fe12d0 bridge-lock=1 arm=11066->11066 result=1 disable-interp=0(known=0) foreground=1 monitors=0000000003DB2751/0000000003DB2751 cpu=0.070ms
01:16:11.827  qpc=4488673918618 [fg-transition] start=4488673856705 frame=0000000000002D8B idx=1/3 queue=000000002EB93CD0 reset=0 enable=1 recording=1 not-rendering=0 metering=0 fullscreen=0 slmode=1 known=0x17f hud=449c36d0 back=2eb396d0 real=47fe1ed0 interp=47fe0cd0 bridge-lock=1 arm=11066->11067 result=1 disable-interp=0(known=0) foreground=1 monitors=0000000003DB2751/0000000003DB2751 cpu=6.191ms
01:16:11.855  qpc=4488674194549 [fg-transition] start=4488674191959 frame=0000000000002D8B idx=2/3 queue=000000002EB93CD0 reset=0 enable=1 recording=1 not-rendering=0 metering=0 fullscreen=0 slmode=1 known=0x17f hud=449c36d0 back=2eb396d0 real=0 interp=47fe12d0 bridge-lock=1 arm=11067->11067 result=1 disable-interp=0(known=0) foreground=1 monitors=0000000003DB2751/0000000003DB2751 cpu=0.258ms
01:16:11.855  qpc=4488674198863 [fg-transition] start=4488674197379 frame=0000000000002D8B idx=3/3 queue=000000002EB93CD0 reset=0 enable=1 recording=1 not-rendering=0 metering=0 fullscreen=0 slmode=1 known=0x17f hud=449c36d0 back=2eb396d0 real=0 interp=47fe18d0 bridge-lock=1 arm=11067->11067 result=1 disable-interp=0(known=0) foreground=1 monitors=0000000003DB2751/0000000003DB2751 cpu=0.148ms
01:16:11.859  qpc=4488674234785 [fg-transition] start=4488674199995 frame=0000000000002D8C idx=1/3 queue=000000002EB93CD0 reset=0 enable=1 recording=1 not-rendering=0 metering=0 fullscreen=0 slmode=1 known=0x17f hud=449c36d0 back=2eb3aed0 real=47fe0cd0 interp=47fe1ed0 bridge-lock=1 arm=11067->11068 result=1 disable-interp=0(known=0) foreground=1 monitors=0000000003DB2751/0000000003DB2751 cpu=3.479ms
01:16:11.888  qpc=4488674525103 [fg-transition] start=4488674522840 frame=0000000000002D8C idx=2/3 queue=000000002EB93CD0 reset=0 enable=1 recording=1 not-rendering=0 metering=0 fullscreen=0 slmode=1 known=0x17f hud=449c36d0 back=2eb3aed0 real=0 interp=47fe18d0 bridge-lock=1 arm=11068->11068 result=1 disable-interp=0(known=0) foreground=1 monitors=0000000003DB2751/0000000003DB2751 cpu=0.226ms
01:16:11.888  qpc=4488674528604 [fg-transition] start=4488674527474 frame=0000000000002D8C idx=3/3 queue=000000002EB93CD0 reset=0 enable=1 recording=1 not-rendering=0 metering=0 fullscreen=0 slmode=1 known=0x17f hud=449c36d0 back=2eb3aed0 real=0 interp=47fe12d0 bridge-lock=1 arm=11068->11068 result=1 disable-interp=0(known=0) foreground=1 monitors=0000000003DB2751/0000000003DB2751 cpu=0.113ms
01:16:11.895  qpc=4488674594617 [fg-transition] start=4488674529638 frame=0000000000002D8D idx=1/3 queue=000000002EB93CD0 reset=0 enable=1 recording=1 not-rendering=0 metering=0 fullscreen=0 slmode=1 known=0x17f hud=449c36d0 back=2eb3a8d0 real=47fe1ed0 interp=47fe0cd0 bridge-lock=1 arm=11068->11069 result=1 disable-interp=0(known=0) foreground=1 monitors=0000000003DB2751/0000000003DB2751 cpu=6.498ms
01:16:12.346  qpc=4488679137353 [focus-fg] state: enabled=1 hooked=1 foreground=1 minimized=0 hwnd=000000000DC531F2 scope_calls=11084 original_false=7908 kept=7908 presents=11675 FG_evaluates=33247
01:16:15.155  [fg-relay] rate/15.0s p2 import_opt=1: presents=29.5/s present-gate[point=29.5 ready=0.0 fallback=0.0 inactive=0.0]/s noinfo=0.0/s stale=0.0/s unlearned=0.0/s attempts=29.5/s armed=29.5/s skipped=0.0/s busy=0.0/s arm-reject[state=0.0 request=0.0 refused=0.0 stopping=0.0 res=0.0 size=0.0]/s pool[cap=0.0 family=0.0 create=0.0 alloc=0.0]/s copy-drop[fence=0.0 reset=0.0 begin=0.0 end=0.0 submit=0.0]/s cf[seq=0.0/s idle=0.0/s nrfence=0.0/s] slotbusy=0.0/s copyfence-busy=0.0/s nr-gpuwait=28.9/s flips=0.0/s
01:16:15.156  [fg-relay] rate2: fginput eval=88.6/s index!=1=59.1/s eval-gate[off=0.0 fallback=0.0 notready=0.0 noinput=0.0 noqueue=0.0]/s relay eval=29.5/s consume=0.0/s inplace=29.5/s(ok 29.5/s) unarmed=0.0/s mismatch=0.0/s relbusy=0.0/s relok=29.5/s relfail=0.0/s release-stage[queue=0.0 pool=0.0 fence=0.0 reset=0.0 begin=0.0 end=0.0 submit=0.0]/s watchdog=0.0/s | worker plays=29.5/s ok=29.5/s fail=0.0/s nr_absent=0.0/s copyfail=0.0/s
01:16:15.156  [fg-relay] rate3: arm->arm avg=48.18ms max=1788.62ms n=11162 | arm->work avg=0.01ms max=0.92ms | arm->eval avg=0.00ms max=0.00ms | copywait avg=0.009ms max=0.248ms | copy-land<= avg=48.14ms max=1787.91ms | work avg=8.59ms max=231.62ms | totals armed=11163 unarmed=0 skipped=0 busy=0 mismatch=0 copies_failed=0 writes=11163 conflicts=0
01:16:15.156  [fg-relay] rate4: throttle depth=1 off=0 | sleep calls=29.5/s waits=29.1/s clear=0.4/s timeouts=0.0/s avg=21.09ms | present calls=29.5/s waits=0.0/s clear=0.0/s timeouts=0.0/s avg=0.00ms | max=106.69ms (process)
01:16:23.217  [bridge] 11400 frames delivered so far.
01:16:30.153  [fg-relay] rate/15.0s p2 import_opt=1: presents=29.1/s present-gate[point=29.1 ready=0.0 fallback=0.0 inactive=0.0]/s noinfo=0.0/s stale=0.0/s unlearned=0.0/s attempts=29.1/s armed=29.1/s skipped=0.0/s busy=0.0/s arm-reject[state=0.0 request=0.0 refused=0.0 stopping=0.0 res=0.0 size=0.0]/s pool[cap=0.0 family=0.0 create=0.0 alloc=0.0]/s copy-drop[fence=0.0 reset=0.0 begin=0.0 end=0.0 submit=0.0]/s cf[seq=0.0/s idle=0.0/s nrfence=0.0/s] slotbusy=0.0/s copyfence-busy=0.0/s nr-gpuwait=29.0/s flips=0.0/s
01:16:30.154  [fg-relay] rate2: fginput eval=87.4/s index!=1=58.3/s eval-gate[off=0.0 fallback=0.0 notready=0.0 noinput=0.0 noqueue=0.0]/s relay eval=29.1/s consume=0.0/s inplace=29.1/s(ok 29.1/s) unarmed=0.0/s mismatch=0.0/s relbusy=0.0/s relok=29.1/s relfail=0.0/s release-stage[queue=0.0 pool=0.0 fence=0.0 reset=0.0 begin=0.0 end=0.0 submit=0.0]/s watchdog=0.0/s | worker plays=29.1/s ok=29.1/s fail=0.0/s nr_absent=0.0/s copyfail=0.0/s
01:16:30.154  [fg-relay] rate3: arm->arm avg=47.66ms max=1788.62ms n=11599 | arm->work avg=0.01ms max=0.92ms | arm->eval avg=0.00ms max=0.00ms | copywait avg=0.009ms max=0.248ms | copy-land<= avg=47.62ms max=1787.91ms | work avg=8.44ms max=231.62ms | totals armed=11600 unarmed=0 skipped=0 busy=0 mismatch=0 copies_failed=0 writes=11600 conflicts=0
01:16:30.154  [fg-relay] rate4: throttle depth=1 off=0 | sleep calls=29.1/s waits=29.1/s clear=0.0/s timeouts=0.0/s avg=20.73ms | present calls=29.1/s waits=0.0/s clear=0.0/s timeouts=0.0/s avg=0.00ms | max=106.69ms (process)
01:16:30.545  qpc=4488861128799 [focus-fg] state: enabled=1 hooked=1 foreground=1 minimized=0 hwnd=000000000DC531F2 scope_calls=11613 original_false=7908 kept=7908 presents=12204 FG_evaluates=34835
01:16:43.809  [bridge] 12000 frames delivered so far.
01:16:45.167  [fg-relay] rate/15.0s p2 import_opt=1: presents=29.2/s present-gate[point=29.2 ready=0.0 fallback=0.0 inactive=0.0]/s noinfo=0.0/s stale=0.0/s unlearned=0.0/s attempts=29.2/s armed=29.2/s skipped=0.0/s busy=0.0/s arm-reject[state=0.0 request=0.0 refused=0.0 stopping=0.0 res=0.0 size=0.0]/s pool[cap=0.0 family=0.0 create=0.0 alloc=0.0]/s copy-drop[fence=0.0 reset=0.0 begin=0.0 end=0.0 submit=0.0]/s cf[seq=0.0/s idle=0.0/s nrfence=0.0/s] slotbusy=0.0/s copyfence-busy=0.0/s nr-gpuwait=28.8/s flips=0.0/s
01:16:45.167  [fg-relay] rate2: fginput eval=87.5/s index!=1=58.3/s eval-gate[off=0.0 fallback=0.0 notready=0.0 noinput=0.0 noqueue=0.0]/s relay eval=29.2/s consume=0.0/s inplace=29.2/s(ok 29.2/s) unarmed=0.0/s mismatch=0.0/s relbusy=0.0/s relok=29.2/s relfail=0.0/s release-stage[queue=0.0 pool=0.0 fence=0.0 reset=0.0 begin=0.0 end=0.0 submit=0.0]/s watchdog=0.0/s | worker plays=29.2/s ok=29.2/s fail=0.0/s nr_absent=0.0/s copyfail=0.0/s
01:16:45.167  [fg-relay] rate3: arm->arm avg=47.17ms max=1788.62ms n=12037 | arm->work avg=0.01ms max=0.92ms | arm->eval avg=0.00ms max=0.00ms | copywait avg=0.009ms max=0.248ms | copy-land<= avg=47.13ms max=1787.91ms | work avg=8.31ms max=231.62ms | totals armed=12038 unarmed=0 skipped=0 busy=0 mismatch=0 copies_failed=0 writes=12038 conflicts=0
01:16:45.167  [fg-relay] rate4: throttle depth=1 off=0 | sleep calls=29.2/s waits=29.1/s clear=0.1/s timeouts=0.0/s avg=19.46ms | present calls=29.2/s waits=0.0/s clear=0.0/s timeouts=0.0/s avg=0.00ms | max=106.69ms (process)
01:16:46.690  qpc=4489022569897 [focus-fg] state: enabled=1 hooked=1 foreground=1 minimized=0 hwnd=000000000DC531F2 scope_calls=12085 original_false=7908 kept=7908 presents=12676 FG_evaluates=36250
01:17:00.172  [fg-relay] rate/15.0s p2 import_opt=1: presents=29.7/s present-gate[point=29.7 ready=0.0 fallback=0.0 inactive=0.0]/s noinfo=0.0/s stale=0.0/s unlearned=0.0/s attempts=29.7/s armed=29.7/s skipped=0.0/s busy=0.0/s arm-reject[state=0.0 request=0.0 refused=0.0 stopping=0.0 res=0.0 size=0.0]/s pool[cap=0.0 family=0.0 create=0.0 alloc=0.0]/s copy-drop[fence=0.0 reset=0.0 begin=0.0 end=0.0 submit=0.0]/s cf[seq=0.0/s idle=0.0/s nrfence=0.0/s] slotbusy=0.0/s copyfence-busy=0.0/s nr-gpuwait=29.2/s flips=0.0/s
01:17:00.173  [fg-relay] rate2: fginput eval=89.1/s index!=1=59.4/s eval-gate[off=0.0 fallback=0.0 notready=0.0 noinput=0.0 noqueue=0.0]/s relay eval=29.7/s consume=0.0/s inplace=29.7/s(ok 29.7/s) unarmed=0.0/s mismatch=0.0/s relbusy=0.0/s relok=29.7/s relfail=0.0/s release-stage[queue=0.0 pool=0.0 fence=0.0 reset=0.0 begin=0.0 end=0.0 submit=0.0]/s watchdog=0.0/s | worker plays=29.7/s ok=29.7/s fail=0.0/s nr_absent=0.0/s copyfail=0.0/s
01:17:00.173  [fg-relay] rate3: arm->arm avg=46.69ms max=1788.62ms n=12483 | arm->work avg=0.01ms max=0.92ms | arm->eval avg=0.00ms max=0.00ms | copywait avg=0.009ms max=0.248ms | copy-land<= avg=46.65ms max=1787.91ms | work avg=8.18ms max=231.62ms | totals armed=12484 unarmed=0 skipped=0 busy=0 mismatch=0 copies_failed=0 writes=12484 conflicts=0
01:17:00.173  [fg-relay] rate4: throttle depth=1 off=0 | sleep calls=29.7/s waits=29.6/s clear=0.1/s timeouts=0.0/s avg=19.52ms | present calls=29.7/s waits=0.0/s clear=0.0/s timeouts=0.0/s avg=0.00ms | max=106.69ms (process)
01:17:01.815  qpc=4489173822435 [focus-fg] state: enabled=1 hooked=1 foreground=1 minimized=0 hwnd=000000000DC531F2 scope_calls=12535 original_false=7908 kept=7908 presents=13126 FG_evaluates=37600
01:17:04.049  [bridge] 12600 frames delivered so far.
01:17:04.078  [fg-relay] armed by evaluate: hud=449c36d0 back=2eb396d0 depth=449c30d0 mv=449c2ad0 5120x2160 copy=12600 nr=12600 import=1 slot=0 arm=12600 gpu-wait-nr=12599 pending=1.
01:17:04.079  [fg-relay] evaluate: slot=0 nr=12600 import=1 stage=3.
01:17:04.085  [fg-relay] frame=12600 slot=0 nr=12600 ok=1 wrote=1 nr_entries=2 import=1 armed=12600 skipped=0 busy=0 mismatch=0 conflicts=0.
01:17:15.177  [fg-relay] rate/15.0s p2 import_opt=1: presents=29.7/s present-gate[point=29.7 ready=0.0 fallback=0.0 inactive=0.0]/s noinfo=0.0/s stale=0.0/s unlearned=0.0/s attempts=29.7/s armed=29.7/s skipped=0.0/s busy=0.0/s arm-reject[state=0.0 request=0.0 refused=0.0 stopping=0.0 res=0.0 size=0.0]/s pool[cap=0.0 family=0.0 create=0.0 alloc=0.0]/s copy-drop[fence=0.0 reset=0.0 begin=0.0 end=0.0 submit=0.0]/s cf[seq=0.0/s idle=0.0/s nrfence=0.0/s] slotbusy=0.0/s copyfence-busy=0.0/s nr-gpuwait=29.4/s flips=0.0/s
01:17:15.177  [fg-relay] rate2: fginput eval=89.2/s index!=1=59.5/s eval-gate[off=0.0 fallback=0.0 notready=0.0 noinput=0.0 noqueue=0.0]/s relay eval=29.7/s consume=0.0/s inplace=29.7/s(ok 29.7/s) unarmed=0.0/s mismatch=0.0/s relbusy=0.0/s relok=29.7/s relfail=0.0/s release-stage[queue=0.0 pool=0.0 fence=0.0 reset=0.0 begin=0.0 end=0.0 submit=0.0]/s watchdog=0.0/s | worker plays=29.7/s ok=29.7/s fail=0.0/s nr_absent=0.0/s copyfail=0.0/s
01:17:15.177  [fg-relay] rate3: arm->arm avg=46.24ms max=1788.62ms n=12929 | arm->work avg=0.01ms max=0.92ms | arm->eval avg=0.00ms max=0.00ms | copywait avg=0.009ms max=0.248ms | copy-land<= avg=46.20ms max=1787.91ms | work avg=8.06ms max=231.62ms | totals armed=12930 unarmed=0 skipped=0 busy=0 mismatch=0 copies_failed=0 writes=12930 conflicts=0
01:17:15.178  [fg-relay] rate4: throttle depth=1 off=0 | sleep calls=29.7/s waits=29.7/s clear=0.0/s timeouts=0.0/s avg=19.33ms | present calls=29.7/s waits=0.0/s clear=0.0/s timeouts=0.0/s avg=0.00ms | max=106.69ms (process)
01:17:16.945  qpc=4489325125971 [focus-fg] state: enabled=1 hooked=1 foreground=1 minimized=0 hwnd=000000000DC531F2 scope_calls=12985 original_false=7908 kept=7908 presents=13576 FG_evaluates=38950
01:17:24.008  [bridge] 13200 frames delivered so far.
01:17:24.987  qpc=4489405505984 [fg-transition] start=4489405503467 frame=00000000000035FC idx=2/3 queue=000000002EB93CD0 reset=0 enable=1 recording=1 not-rendering=0 metering=0 fullscreen=0 slmode=1 known=0x17f hud=449c36d0 back=2eb3aed0 real=0 interp=47fe18d0 bridge-lock=1 arm=13228->13228 result=1 disable-interp=0(known=0) foreground=0 monitors=0000000003DB2751/0000000067FB33F1 cpu=0.251ms
01:17:24.987  qpc=4489405510987 [fg-transition] start=4489405508833 frame=00000000000035FC idx=3/3 queue=000000002EB93CD0 reset=0 enable=1 recording=1 not-rendering=0 metering=0 fullscreen=0 slmode=1 known=0x17f hud=449c36d0 back=2eb3aed0 real=0 interp=47fe12d0 bridge-lock=1 arm=13228->13228 result=1 disable-interp=0(known=0) foreground=0 monitors=0000000003DB2751/0000000067FB33F1 cpu=0.215ms
01:17:24.991  qpc=4489405557218 [fg-transition] start=4489405533446 frame=00000000000035FD idx=1/3 queue=000000002EB93CD0 reset=0 enable=1 recording=1 not-rendering=0 metering=0 fullscreen=0 slmode=1 known=0x17f hud=449c36d0 back=2eb3a8d0 real=47fe1ed0 interp=47fe0cd0 bridge-lock=1 arm=13228->13229 result=1 disable-interp=0(known=0) foreground=0 monitors=0000000003DB2751/0000000067FB33F1 cpu=2.377ms
01:17:25.020  qpc=4489405830155 [fg-transition] start=4489405827953 frame=00000000000035FD idx=2/3 queue=000000002EB93CD0 reset=0 enable=1 recording=1 not-rendering=0 metering=0 fullscreen=0 slmode=1 known=0x17f hud=449c36d0 back=2eb3a8d0 real=0 interp=47fe12d0 bridge-lock=1 arm=13229->13229 result=1 disable-interp=0(known=0) foreground=0 monitors=0000000003DB2751/0000000067FB33F1 cpu=0.220ms
01:17:25.020  qpc=4489405834002 [fg-transition] start=4489405832742 frame=00000000000035FD idx=3/3 queue=000000002EB93CD0 reset=0 enable=1 recording=1 not-rendering=0 metering=0 fullscreen=0 slmode=1 known=0x17f hud=449c36d0 back=2eb3a8d0 real=0 interp=47fe18d0 bridge-lock=1 arm=13229->13229 result=1 disable-interp=0(known=0) foreground=0 monitors=0000000003DB2751/0000000067FB33F1 cpu=0.126ms
01:17:25.021  qpc=4489405873154 [focus-fg] state: enabled=1 hooked=1 foreground=0 minimized=0 hwnd=000000000DC531F2 scope_calls=13230 original_false=7909 kept=7909 presents=13821 FG_evaluates=39690
01:17:25.153  qpc=4489407162405 [fg-transition] start=4489407136526 frame=00000000000035FE idx=1/3 queue=000000002EB93CD0 reset=0 enable=1 recording=1 not-rendering=0 metering=0 fullscreen=0 slmode=1 known=0x17f hud=449c36d0 back=2eb396d0 real=47fe0cd0 interp=47fe1ed0 bridge-lock=1 arm=13229->13230 result=1 disable-interp=0(known=0) foreground=0 monitors=0000000003DB2751/0000000000000000 cpu=2.588ms
01:17:25.154  qpc=4489407166100 [fg-transition] start=4489407164961 frame=00000000000035FE idx=2/3 queue=000000002EB93CD0 reset=0 enable=1 recording=1 not-rendering=0 metering=0 fullscreen=0 slmode=1 known=0x17f hud=449c36d0 back=2eb396d0 real=0 interp=47fe18d0 bridge-lock=1 arm=13230->13230 result=1 disable-interp=0(known=0) foreground=0 monitors=0000000003DB2751/0000000000000000 cpu=0.114ms
01:17:25.155  qpc=4489407167525 [fg-transition] start=4489407166721 frame=00000000000035FE idx=3/3 queue=000000002EB93CD0 reset=0 enable=1 recording=1 not-rendering=0 metering=0 fullscreen=0 slmode=1 known=0x17f hud=449c36d0 back=2eb396d0 real=0 interp=47fe12d0 bridge-lock=1 arm=13230->13230 result=1 disable-interp=0(known=0) foreground=0 monitors=0000000003DB2751/0000000000000000 cpu=0.080ms
01:17:25.179  qpc=4489407426933 [fg-transition] start=4489407399188 frame=00000000000035FF idx=1/3 queue=000000002EB93CD0 reset=0 enable=1 recording=1 not-rendering=0 metering=0 fullscreen=0 slmode=1 known=0x17f hud=449c36d0 back=2eb3aed0 real=47fe1ed0 interp=47fe0cd0 bridge-lock=1 arm=13230->13231 result=1 disable-interp=0(known=0) foreground=0 monitors=0000000003DB2751/0000000067FB33F1 cpu=2.774ms
01:17:25.206  qpc=4489407676203 [fg-transition] start=4489407674053 frame=00000000000035FF idx=2/3 queue=000000002EB93CD0 reset=0 enable=1 recording=1 not-rendering=0 metering=0 fullscreen=0 slmode=1 known=0x17f hud=449c36d0 back=2eb3aed0 real=0 interp=47fe12d0 bridge-lock=1 arm=13231->13231 result=1 disable-interp=0(known=0) foreground=0 monitors=0000000003DB2751/0000000067FB33F1 cpu=0.215ms
01:17:25.206  qpc=4489407679175 [fg-transition] start=4489407678233 frame=00000000000035FF idx=3/3 queue=000000002EB93CD0 reset=0 enable=1 recording=1 not-rendering=0 metering=0 fullscreen=0 slmode=1 known=0x17f hud=449c36d0 back=2eb3aed0 real=0 interp=47fe18d0 bridge-lock=1 arm=13231->13231 result=1 disable-interp=0(known=0) foreground=0 monitors=0000000003DB2751/0000000067FB33F1 cpu=0.094ms
01:17:25.218  qpc=4489407827210 [fg-transition] start=4489407794816 frame=0000000000003600 idx=1/3 queue=000000002EB93CD0 reset=0 enable=1 recording=1 not-rendering=0 metering=0 fullscreen=0 slmode=1 known=0x17f hud=449c36d0 back=2eb3a8d0 real=47fe0cd0 interp=47fe1ed0 bridge-lock=1 arm=13231->13232 result=1 disable-interp=0(known=0) foreground=0 monitors=0000000003DB2751/0000000067FB33F1 cpu=3.239ms
01:17:30.189  [fg-relay] rate/15.0s p2 import_opt=1: presents=30.9/s present-gate[point=30.9 ready=0.0 fallback=0.0 inactive=0.0]/s noinfo=0.0/s stale=0.0/s unlearned=0.0/s attempts=30.9/s armed=30.9/s skipped=0.0/s busy=0.0/s arm-reject[state=0.0 request=0.0 refused=0.0 stopping=0.0 res=0.0 size=0.0]/s pool[cap=0.0 family=0.0 create=0.0 alloc=0.0]/s copy-drop[fence=0.0 reset=0.0 begin=0.0 end=0.0 submit=0.0]/s cf[seq=0.0/s idle=0.0/s nrfence=0.0/s] slotbusy=0.0/s copyfence-busy=0.0/s nr-gpuwait=30.4/s flips=0.0/s
01:17:30.189  [fg-relay] rate2: fginput eval=92.7/s index!=1=61.8/s eval-gate[off=0.0 fallback=0.0 notready=0.0 noinput=0.0 noqueue=0.0]/s relay eval=30.9/s consume=0.0/s inplace=30.9/s(ok 30.9/s) unarmed=0.0/s mismatch=0.0/s relbusy=0.0/s relok=30.9/s relfail=0.0/s release-stage[queue=0.0 pool=0.0 fence=0.0 reset=0.0 begin=0.0 end=0.0 submit=0.0]/s watchdog=0.0/s | worker plays=30.9/s ok=30.9/s fail=0.0/s nr_absent=0.0/s copyfail=0.0/s
01:17:30.189  [fg-relay] rate3: arm->arm avg=45.76ms max=1788.62ms n=13393 | arm->work avg=0.01ms max=0.92ms | arm->eval avg=0.00ms max=0.00ms | copywait avg=0.009ms max=0.248ms | copy-land<= avg=45.72ms max=1787.91ms | work avg=7.93ms max=231.62ms | totals armed=13394 unarmed=0 skipped=0 busy=0 mismatch=0 copies_failed=0 writes=13394 conflicts=0
01:17:30.189  [fg-relay] rate4: throttle depth=1 off=0 | sleep calls=30.9/s waits=30.7/s clear=0.2/s timeouts=0.0/s avg=18.10ms | present calls=30.9/s waits=0.0/s clear=0.0/s timeouts=0.0/s avg=0.00ms | max=106.69ms (process)
01:17:42.499  [bridge] 13800 frames delivered so far.
01:17:42.585  qpc=4489581503004 [fg-transition] start=4489581501623 frame=0000000000003839 idx=2/3 queue=000000002EB93CD0 reset=0 enable=1 recording=1 not-rendering=0 metering=0 fullscreen=0 slmode=1 known=0x17f hud=449c36d0 back=2eb3aed0 real=0 interp=47fe12d0 bridge-lock=1 arm=13801->13801 result=1 disable-interp=0(known=0) foreground=1 monitors=0000000003DB2751/0000000003DB2751 cpu=0.138ms
01:17:42.585  qpc=4489581505238 [fg-transition] start=4489581504556 frame=0000000000003839 idx=3/3 queue=000000002EB93CD0 reset=0 enable=1 recording=1 not-rendering=0 metering=0 fullscreen=0 slmode=1 known=0x17f hud=449c36d0 back=2eb3aed0 real=0 interp=47fe18d0 bridge-lock=1 arm=13801->13801 result=1 disable-interp=0(known=0) foreground=1 monitors=0000000003DB2751/0000000003DB2751 cpu=0.068ms
01:17:42.604  qpc=4489581682116 [fg-transition] start=4489581664865 frame=000000000000383A idx=1/3 queue=000000002EB93CD0 reset=0 enable=1 recording=1 not-rendering=0 metering=0 fullscreen=0 slmode=1 known=0x17f hud=449c36d0 back=2eb3a8d0 real=47fe0cd0 interp=47fe1ed0 bridge-lock=1 arm=13801->13802 result=1 disable-interp=0(known=0) foreground=1 monitors=0000000003DB2751/0000000003DB2751 cpu=1.724ms
01:17:42.618  qpc=4489581823239 [fg-transition] start=4489581821669 frame=000000000000383A idx=2/3 queue=000000002EB93CD0 reset=0 enable=1 recording=1 not-rendering=0 metering=0 fullscreen=0 slmode=1 known=0x17f hud=449c36d0 back=2eb3a8d0 real=0 interp=47fe18d0 bridge-lock=1 arm=13802->13802 result=1 disable-interp=0(known=0) foreground=1 monitors=0000000003DB2751/0000000003DB2751 cpu=0.157ms
01:17:42.618  qpc=4489581825946 [fg-transition] start=4489581825119 frame=000000000000383A idx=3/3 queue=000000002EB93CD0 reset=0 enable=1 recording=1 not-rendering=0 metering=0 fullscreen=0 slmode=1 known=0x17f hud=449c36d0 back=2eb3a8d0 real=0 interp=47fe12d0 bridge-lock=1 arm=13802->13802 result=1 disable-interp=0(known=0) foreground=1 monitors=0000000003DB2751/0000000003DB2751 cpu=0.082ms
01:17:42.628  qpc=4489581922001 [fg-transition] start=4489581835343 frame=000000000000383B idx=1/3 queue=000000002EB93CD0 reset=0 enable=1 recording=1 not-rendering=0 metering=0 fullscreen=0 slmode=1 known=0x17f hud=449c36d0 back=2eb396d0 real=47fe1ed0 interp=47fe0cd0 bridge-lock=1 arm=13802->13803 result=1 disable-interp=0(known=0) foreground=1 monitors=0000000003DB2751/0000000003DB2751 cpu=8.665ms
01:17:42.652  qpc=4489582172387 [fg-transition] start=4489582171089 frame=000000000000383B idx=2/3 queue=000000002EB93CD0 reset=0 enable=1 recording=1 not-rendering=0 metering=0 fullscreen=0 slmode=1 known=0x17f hud=449c36d0 back=2eb396d0 real=0 interp=47fe12d0 bridge-lock=1 arm=13803->13803 result=1 disable-interp=0(known=0) foreground=1 monitors=0000000003DB2751/0000000003DB2751 cpu=0.130ms
01:17:42.653  qpc=4489582174541 [fg-transition] start=4489582173859 frame=000000000000383B idx=3/3 queue=000000002EB93CD0 reset=0 enable=1 recording=1 not-rendering=0 metering=0 fullscreen=0 slmode=1 known=0x17f hud=449c36d0 back=2eb396d0 real=0 interp=47fe18d0 bridge-lock=1 arm=13803->13803 result=1 disable-interp=0(known=0) foreground=1 monitors=0000000003DB2751/0000000003DB2751 cpu=0.068ms
01:17:42.659  qpc=4489582242187 [fg-transition] start=4489582174992 frame=000000000000383C idx=1/3 queue=000000002EB93CD0 reset=0 enable=1 recording=1 not-rendering=0 metering=0 fullscreen=0 slmode=1 known=0x17f hud=449c36d0 back=2eb3aed0 real=47fe0cd0 interp=47fe1ed0 bridge-lock=1 arm=13803->13804 result=1 disable-interp=0(known=0) foreground=1 monitors=0000000003DB2751/0000000003DB2751 cpu=6.719ms
01:17:42.684  qpc=4489582494177 [fg-transition] start=4489582492944 frame=000000000000383C idx=2/3 queue=000000002EB93CD0 reset=0 enable=1 recording=1 not-rendering=0 metering=0 fullscreen=0 slmode=1 known=0x17f hud=449c36d0 back=2eb3aed0 real=0 interp=47fe18d0 bridge-lock=1 arm=13804->13804 result=1 disable-interp=0(known=0) foreground=1 monitors=0000000003DB2751/0000000003DB2751 cpu=0.123ms
01:17:42.684  qpc=4489582496367 [fg-transition] start=4489582495707 frame=000000000000383C idx=3/3 queue=000000002EB93CD0 reset=0 enable=1 recording=1 not-rendering=0 metering=0 fullscreen=0 slmode=1 known=0x17f hud=449c36d0 back=2eb3aed0 real=0 interp=47fe12d0 bridge-lock=1 arm=13804->13804 result=1 disable-interp=0(known=0) foreground=1 monitors=0000000003DB2751/0000000003DB2751 cpu=0.066ms
01:17:42.689  qpc=4489582547759 [fg-transition] start=4489582496831 frame=000000000000383D idx=1/3 queue=000000002EB93CD0 reset=0 enable=1 recording=1 not-rendering=0 metering=0 fullscreen=0 slmode=1 known=0x17f hud=449c36d0 back=2eb3a8d0 real=47fe1ed0 interp=47fe0cd0 bridge-lock=1 arm=13804->13805 result=1 disable-interp=0(known=0) foreground=1 monitors=0000000003DB2751/0000000003DB2751 cpu=5.093ms
01:17:43.073  qpc=4489586407265 [focus-fg] state: enabled=1 hooked=1 foreground=1 minimized=0 hwnd=000000000DC531F2 scope_calls=13819 original_false=8481 kept=8481 presents=14410 FG_evaluates=41452
01:17:43.519  qpc=4489590835037 [fg-transition] start=4489590833208 frame=0000000000003857 idx=2/3 queue=000000002EB93CD0 reset=0 enable=1 recording=1 not-rendering=0 metering=0 fullscreen=0 slmode=1 known=0x17f hud=449c36d0 back=2eb3aed0 real=0 interp=47fe12d0 bridge-lock=1 arm=13831->13831 result=1 disable-interp=0(known=0) foreground=0 monitors=0000000003DB2751/0000000067FB33F1 cpu=0.182ms
01:17:43.519  qpc=4489590838384 [fg-transition] start=4489590837346 frame=0000000000003857 idx=3/3 queue=000000002EB93CD0 reset=0 enable=1 recording=1 not-rendering=0 metering=0 fullscreen=0 slmode=1 known=0x17f hud=449c36d0 back=2eb3aed0 real=0 interp=47fe18d0 bridge-lock=1 arm=13831->13831 result=1 disable-interp=0(known=0) foreground=0 monitors=0000000003DB2751/0000000067FB33F1 cpu=0.104ms
01:17:43.527  qpc=4489590910712 [fg-transition] start=4489590894030 frame=0000000000003858 idx=1/3 queue=000000002EB93CD0 reset=0 enable=1 recording=1 not-rendering=0 metering=0 fullscreen=0 slmode=1 known=0x17f hud=449c36d0 back=2eb3a8d0 real=47fe0cd0 interp=47fe1ed0 bridge-lock=1 arm=13831->13832 result=1 disable-interp=0(known=0) foreground=0 monitors=0000000003DB2751/0000000067FB33F1 cpu=1.668ms
01:17:43.549  qpc=4489591134257 [fg-transition] start=4489591133021 frame=0000000000003858 idx=2/3 queue=000000002EB93CD0 reset=0 enable=1 recording=1 not-rendering=0 metering=0 fullscreen=0 slmode=1 known=0x17f hud=449c36d0 back=2eb3a8d0 real=0 interp=47fe18d0 bridge-lock=1 arm=13832->13832 result=1 disable-interp=0(known=0) foreground=0 monitors=0000000003DB2751/0000000067FB33F1 cpu=0.123ms
01:17:43.549  qpc=4489591136579 [fg-transition] start=4489591135821 frame=0000000000003858 idx=3/3 queue=000000002EB93CD0 reset=0 enable=1 recording=1 not-rendering=0 metering=0 fullscreen=0 slmode=1 known=0x17f hud=449c36d0 back=2eb3a8d0 real=0 interp=47fe12d0 bridge-lock=1 arm=13832->13832 result=1 disable-interp=0(known=0) foreground=0 monitors=0000000003DB2751/0000000067FB33F1 cpu=0.076ms
01:17:43.554  qpc=4489591185362 [fg-transition] start=4489591137257 frame=0000000000003859 idx=1/3 queue=000000002EB93CD0 reset=0 enable=1 recording=1 not-rendering=0 metering=0 fullscreen=0 slmode=1 known=0x17f hud=449c36d0 back=2eb396d0 real=47fe1ed0 interp=47fe0cd0 bridge-lock=1 arm=13832->13833 result=1 disable-interp=0(known=0) foreground=0 monitors=0000000003DB2751/0000000067FB33F1 cpu=4.810ms
01:17:43.579  qpc=4489591436131 [fg-transition] start=4489591434919 frame=0000000000003859 idx=2/3 queue=000000002EB93CD0 reset=0 enable=1 recording=1 not-rendering=0 metering=0 fullscreen=0 slmode=1 known=0x17f hud=449c36d0 back=2eb396d0 real=0 interp=47fe12d0 bridge-lock=1 arm=13833->13833 result=1 disable-interp=0(known=0) foreground=0 monitors=0000000003DB2751/0000000067FB33F1 cpu=0.121ms
01:17:43.579  qpc=4489591438249 [fg-transition] start=4489591437566 frame=0000000000003859 idx=3/3 queue=000000002EB93CD0 reset=0 enable=1 recording=1 not-rendering=0 metering=0 fullscreen=0 slmode=1 known=0x17f hud=449c36d0 back=2eb396d0 real=0 interp=47fe18d0 bridge-lock=1 arm=13833->13833 result=1 disable-interp=0(known=0) foreground=0 monitors=0000000003DB2751/0000000067FB33F1 cpu=0.068ms
01:17:43.584  qpc=4489591493578 [fg-transition] start=4489591438710 frame=000000000000385A idx=1/3 queue=000000002EB93CD0 reset=0 enable=1 recording=1 not-rendering=0 metering=0 fullscreen=0 slmode=1 known=0x17f hud=449c36d0 back=2eb3aed0 real=47fe0cd0 interp=47fe1ed0 bridge-lock=1 arm=13833->13834 result=1 disable-interp=0(known=0) foreground=0 monitors=0000000003DB2751/0000000067FB33F1 cpu=5.487ms
01:17:43.610  qpc=4489591745789 [fg-transition] start=4489591744201 frame=000000000000385A idx=2/3 queue=000000002EB93CD0 reset=0 enable=1 recording=1 not-rendering=0 metering=0 fullscreen=0 slmode=1 known=0x17f hud=449c36d0 back=2eb3aed0 real=0 interp=47fe18d0 bridge-lock=1 arm=13834->13834 result=1 disable-interp=0(known=0) foreground=0 monitors=0000000003DB2751/0000000067FB33F1 cpu=0.158ms
01:17:43.610  qpc=4489591748450 [fg-transition] start=4489591747721 frame=000000000000385A idx=3/3 queue=000000002EB93CD0 reset=0 enable=1 recording=1 not-rendering=0 metering=0 fullscreen=0 slmode=1 known=0x17f hud=449c36d0 back=2eb3aed0 real=0 interp=47fe12d0 bridge-lock=1 arm=13834->13834 result=1 disable-interp=0(known=0) foreground=0 monitors=0000000003DB2751/0000000067FB33F1 cpu=0.073ms
01:17:43.614  qpc=4489591795766 [fg-transition] start=4489591748963 frame=000000000000385B idx=1/3 queue=000000002EB93CD0 reset=0 enable=1 recording=1 not-rendering=0 metering=0 fullscreen=0 slmode=1 known=0x17f hud=449c36d0 back=2eb3a8d0 real=47fe1ed0 interp=47fe0cd0 bridge-lock=1 arm=13834->13835 result=1 disable-interp=0(known=0) foreground=0 monitors=0000000003DB2751/0000000067FB33F1 cpu=4.680ms
01:17:44.084  qpc=4489596513350 [focus-fg] state: enabled=1 hooked=1 foreground=0 minimized=0 hwnd=000000000DC531F2 scope_calls=13852 original_false=8501 kept=8501 presents=14443 FG_evaluates=41551
01:17:45.197  [fg-relay] rate/15.0s p2 import_opt=1: presents=32.9/s present-gate[point=32.9 ready=0.0 fallback=0.0 inactive=0.0]/s noinfo=0.0/s stale=0.0/s unlearned=0.0/s attempts=32.9/s armed=32.9/s skipped=0.0/s busy=0.0/s arm-reject[state=0.0 request=0.0 refused=0.0 stopping=0.0 res=0.0 size=0.0]/s pool[cap=0.0 family=0.0 create=0.0 alloc=0.0]/s copy-drop[fence=0.0 reset=0.0 begin=0.0 end=0.0 submit=0.0]/s cf[seq=0.0/s idle=0.0/s nrfence=0.0/s] slotbusy=0.0/s copyfence-busy=0.0/s nr-gpuwait=32.7/s flips=0.0/s
01:17:45.197  [fg-relay] rate2: fginput eval=98.6/s index!=1=65.7/s eval-gate[off=0.0 fallback=0.0 notready=0.0 noinput=0.0 noqueue=0.0]/s relay eval=32.9/s consume=0.0/s inplace=32.9/s(ok 32.9/s) unarmed=0.0/s mismatch=0.0/s relbusy=0.0/s relok=32.9/s relfail=0.0/s release-stage[queue=0.0 pool=0.0 fence=0.0 reset=0.0 begin=0.0 end=0.0 submit=0.0]/s watchdog=0.0/s | worker plays=32.9/s ok=32.9/s fail=0.0/s nr_absent=0.0/s copyfail=0.0/s
01:17:45.197  [fg-relay] rate3: arm->arm avg=45.22ms max=1788.62ms n=13886 | arm->work avg=0.01ms max=0.92ms | arm->eval avg=0.00ms max=0.00ms | copywait avg=0.009ms max=0.248ms | copy-land<= avg=45.17ms max=1787.91ms | work avg=7.80ms max=231.62ms | totals armed=13887 unarmed=0 skipped=0 busy=0 mismatch=0 copies_failed=0 writes=13887 conflicts=0
01:17:45.197  [fg-relay] rate4: throttle depth=1 off=0 | sleep calls=32.9/s waits=32.8/s clear=0.1/s timeouts=0.0/s avg=20.36ms | present calls=32.9/s waits=0.0/s clear=0.0/s timeouts=0.0/s avg=0.00ms | max=106.69ms (process)
01:17:57.343  qpc=4489729082155 [fg-transition] start=4489729080868 frame=0000000000003A22 idx=2/3 queue=000000002EB93CD0 reset=0 enable=1 recording=1 not-rendering=0 metering=0 fullscreen=0 slmode=1 known=0x17f hud=449c36d0 back=2eb3aed0 real=0 interp=47fe18d0 bridge-lock=1 arm=14290->14290 result=1 disable-interp=0(known=0) foreground=1 monitors=0000000003DB2751/0000000003DB2751 cpu=0.129ms
01:17:57.343  qpc=4489729084357 [fg-transition] start=4489729083677 frame=0000000000003A22 idx=3/3 queue=000000002EB93CD0 reset=0 enable=1 recording=1 not-rendering=0 metering=0 fullscreen=0 slmode=1 known=0x17f hud=449c36d0 back=2eb3aed0 real=0 interp=47fe12d0 bridge-lock=1 arm=14290->14290 result=1 disable-interp=0(known=0) foreground=1 monitors=0000000003DB2751/0000000003DB2751 cpu=0.068ms
01:17:57.364  qpc=4489729282045 [fg-transition] start=4489729260558 frame=0000000000003A23 idx=1/3 queue=000000002EB93CD0 reset=0 enable=1 recording=1 not-rendering=0 metering=0 fullscreen=0 slmode=1 known=0x17f hud=449c36d0 back=2eb3a8d0 real=47fe1ed0 interp=47fe0cd0 bridge-lock=1 arm=14290->14291 result=1 disable-interp=0(known=0) foreground=1 monitors=0000000003DB2751/0000000003DB2751 cpu=2.148ms
01:17:57.375  qpc=4489729395377 [fg-transition] start=4489729394315 frame=0000000000003A23 idx=2/3 queue=000000002EB93CD0 reset=0 enable=1 recording=1 not-rendering=0 metering=0 fullscreen=0 slmode=1 known=0x17f hud=449c36d0 back=2eb3a8d0 real=0 interp=47fe12d0 bridge-lock=1 arm=14291->14291 result=1 disable-interp=0(known=0) foreground=1 monitors=0000000003DB2751/0000000003DB2751 cpu=0.106ms
01:17:57.375  qpc=4489729397379 [fg-transition] start=4489729396741 frame=0000000000003A23 idx=3/3 queue=000000002EB93CD0 reset=0 enable=1 recording=1 not-rendering=0 metering=0 fullscreen=0 slmode=1 known=0x17f hud=449c36d0 back=2eb3a8d0 real=0 interp=47fe18d0 bridge-lock=1 arm=14291->14291 result=1 disable-interp=0(known=0) foreground=1 monitors=0000000003DB2751/0000000003DB2751 cpu=0.064ms
01:17:57.386  qpc=4489729507087 [fg-transition] start=4489729397843 frame=0000000000003A24 idx=1/3 queue=000000002EB93CD0 reset=0 enable=1 recording=1 not-rendering=0 metering=0 fullscreen=0 slmode=1 known=0x17f hud=449c36d0 back=2eb396d0 real=47fe0cd0 interp=47fe1ed0 bridge-lock=1 arm=14291->14292 result=1 disable-interp=0(known=0) foreground=1 monitors=0000000003DB2751/0000000003DB2751 cpu=10.924ms
01:17:57.411  qpc=4489729762659 [fg-transition] start=4489729761498 frame=0000000000003A24 idx=2/3 queue=000000002EB93CD0 reset=0 enable=1 recording=1 not-rendering=0 metering=0 fullscreen=0 slmode=1 known=0x17f hud=449c36d0 back=2eb396d0 real=0 interp=47fe18d0 bridge-lock=1 arm=14292->14292 result=1 disable-interp=0(known=0) foreground=1 monitors=0000000003DB2751/0000000003DB2751 cpu=0.116ms
01:17:57.411  qpc=4489729764747 [fg-transition] start=4489729764088 frame=0000000000003A24 idx=3/3 queue=000000002EB93CD0 reset=0 enable=1 recording=1 not-rendering=0 metering=0 fullscreen=0 slmode=1 known=0x17f hud=449c36d0 back=2eb396d0 real=0 interp=47fe12d0 bridge-lock=1 arm=14292->14292 result=1 disable-interp=0(known=0) foreground=1 monitors=0000000003DB2751/0000000003DB2751 cpu=0.066ms
01:17:57.419  qpc=4489729834826 [fg-transition] start=4489729765196 frame=0000000000003A25 idx=1/3 queue=000000002EB93CD0 reset=0 enable=1 recording=1 not-rendering=0 metering=0 fullscreen=0 slmode=1 known=0x17f hud=449c36d0 back=2eb3aed0 real=47fe1ed0 interp=47fe0cd0 bridge-lock=1 arm=14292->14293 result=1 disable-interp=0(known=0) foreground=1 monitors=0000000003DB2751/0000000003DB2751 cpu=6.963ms
01:17:57.444  qpc=4489730090206 [fg-transition] start=4489730088426 frame=0000000000003A25 idx=2/3 queue=000000002EB93CD0 reset=0 enable=1 recording=1 not-rendering=0 metering=0 fullscreen=0 slmode=1 known=0x17f hud=449c36d0 back=2eb3aed0 real=0 interp=47fe12d0 bridge-lock=1 arm=14293->14293 result=1 disable-interp=0(known=0) foreground=1 monitors=0000000003DB2751/0000000003DB2751 cpu=0.178ms
01:17:57.444  qpc=4489730092333 [fg-transition] start=4489730091668 frame=0000000000003A25 idx=3/3 queue=000000002EB93CD0 reset=0 enable=1 recording=1 not-rendering=0 metering=0 fullscreen=0 slmode=1 known=0x17f hud=449c36d0 back=2eb3aed0 real=0 interp=47fe18d0 bridge-lock=1 arm=14293->14293 result=1 disable-interp=0(known=0) foreground=1 monitors=0000000003DB2751/0000000003DB2751 cpu=0.067ms
01:17:57.448  qpc=4489730133735 [fg-transition] start=4489730092823 frame=0000000000003A26 idx=1/3 queue=000000002EB93CD0 reset=0 enable=1 recording=1 not-rendering=0 metering=0 fullscreen=0 slmode=1 known=0x17f hud=449c36d0 back=2eb3a8d0 real=47fe0cd0 interp=47fe1ed0 bridge-lock=1 arm=14293->14294 result=1 disable-interp=0(known=0) foreground=1 monitors=0000000003DB2751/0000000003DB2751 cpu=4.091ms
01:17:58.180  qpc=4489737469698 [focus-fg] state: enabled=1 hooked=1 foreground=1 minimized=0 hwnd=000000000DC531F2 scope_calls=14319 original_false=8940 kept=8940 presents=14910 FG_evaluates=42952
01:18:00.196  [fg-relay] rate/15.0s p2 import_opt=1: presents=32.9/s present-gate[point=32.9 ready=0.0 fallback=0.0 inactive=0.0]/s noinfo=0.0/s stale=0.0/s unlearned=0.0/s attempts=32.9/s armed=32.9/s skipped=0.0/s busy=0.0/s arm-reject[state=0.0 request=0.0 refused=0.0 stopping=0.0 res=0.0 size=0.0]/s pool[cap=0.0 family=0.0 create=0.0 alloc=0.0]/s copy-drop[fence=0.0 reset=0.0 begin=0.0 end=0.0 submit=0.0]/s cf[seq=0.0/s idle=0.0/s nrfence=0.0/s] slotbusy=0.0/s copyfence-busy=0.0/s nr-gpuwait=32.9/s flips=0.0/s
01:18:00.196  [fg-relay] rate2: fginput eval=98.8/s index!=1=65.9/s eval-gate[off=0.0 fallback=0.0 notready=0.0 noinput=0.0 noqueue=0.0]/s relay eval=32.9/s consume=0.0/s inplace=32.9/s(ok 32.9/s) unarmed=0.0/s mismatch=0.0/s relbusy=0.0/s relok=32.9/s relfail=0.0/s release-stage[queue=0.0 pool=0.0 fence=0.0 reset=0.0 begin=0.0 end=0.0 submit=0.0]/s watchdog=0.0/s | worker plays=32.9/s ok=32.9/s fail=0.0/s nr_absent=0.0/s copyfail=0.0/s
01:18:00.196  [fg-relay] rate3: arm->arm avg=44.70ms max=1788.62ms n=14380 | arm->work avg=0.01ms max=0.92ms | arm->eval avg=0.00ms max=0.00ms | copywait avg=0.009ms max=0.248ms | copy-land<= avg=44.66ms max=1787.91ms | work avg=7.68ms max=231.62ms | totals armed=14381 unarmed=0 skipped=0 busy=0 mismatch=0 copies_failed=0 writes=14381 conflicts=0
01:18:00.196  [fg-relay] rate4: throttle depth=1 off=0 | sleep calls=32.9/s waits=32.9/s clear=0.1/s timeouts=0.0/s avg=21.50ms | present calls=32.9/s waits=0.0/s clear=0.0/s timeouts=0.0/s avg=0.00ms | max=106.69ms (process)
01:18:00.751  [bridge] 14400 frames delivered so far.
01:18:00.778  [fg-relay] armed by evaluate: hud=449c36d0 back=2eb396d0 depth=449c30d0 mv=449c2ad0 5120x2160 copy=14400 nr=14400 import=1 slot=0 arm=14400 gpu-wait-nr=14399 pending=1.
01:18:00.778  [fg-relay] evaluate: slot=0 nr=14400 import=1 stage=3.
01:18:00.782  [fg-relay] frame=14400 slot=0 nr=14400 ok=1 wrote=1 nr_entries=2 import=1 armed=14400 skipped=0 busy=0 mismatch=0 conflicts=0.
01:18:05.913  qpc=4489814780609 [fg-transition] start=4489814779273 frame=0000000000003B34 idx=2/3 queue=000000002EB93CD0 reset=0 enable=1 recording=1 not-rendering=0 metering=0 fullscreen=0 slmode=1 known=0x17f hud=449c36d0 back=2eb3a8d0 real=0 interp=47fe18d0 bridge-lock=1 arm=14564->14564 result=1 disable-interp=0(known=0) foreground=0 monitors=0000000003DB2751/0000000000000000 cpu=0.133ms
01:18:05.913  qpc=4489814782986 [fg-transition] start=4489814782286 frame=0000000000003B34 idx=3/3 queue=000000002EB93CD0 reset=0 enable=1 recording=1 not-rendering=0 metering=0 fullscreen=0 slmode=1 known=0x17f hud=449c36d0 back=2eb3a8d0 real=0 interp=47fe12d0 bridge-lock=1 arm=14564->14564 result=1 disable-interp=0(known=0) foreground=0 monitors=0000000003DB2751/0000000067FB33F1 cpu=0.070ms
01:18:05.918  qpc=4489814833866 [fg-transition] start=4489814783478 frame=0000000000003B35 idx=1/3 queue=000000002EB93CD0 reset=0 enable=1 recording=1 not-rendering=0 metering=0 fullscreen=0 slmode=1 known=0x17f hud=449c36d0 back=2eb396d0 real=47fe1ed0 interp=47fe0cd0 bridge-lock=1 arm=14564->14565 result=1 disable-interp=0(known=0) foreground=0 monitors=0000000003DB2751/0000000067FB33F1 cpu=5.039ms
01:18:05.944  qpc=4489815085967 [fg-transition] start=4489815082449 frame=0000000000003B35 idx=2/3 queue=000000002EB93CD0 reset=0 enable=1 recording=1 not-rendering=0 metering=0 fullscreen=0 slmode=1 known=0x17f hud=449c36d0 back=2eb396d0 real=0 interp=47fe12d0 bridge-lock=1 arm=14565->14565 result=1 disable-interp=0(known=0) foreground=0 monitors=0000000003DB2751/0000000067FB33F1 cpu=0.351ms
01:18:05.944  qpc=4489815088884 [fg-transition] start=4489815087822 frame=0000000000003B35 idx=3/3 queue=000000002EB93CD0 reset=0 enable=1 recording=1 not-rendering=0 metering=0 fullscreen=0 slmode=1 known=0x17f hud=449c36d0 back=2eb396d0 real=0 interp=47fe18d0 bridge-lock=1 arm=14565->14565 result=1 disable-interp=0(known=0) foreground=0 monitors=0000000003DB2751/0000000067FB33F1 cpu=0.106ms
01:18:05.948  qpc=4489815132091 [fg-transition] start=4489815103948 frame=0000000000003B36 idx=1/3 queue=000000002EB93CD0 reset=0 enable=1 recording=1 not-rendering=0 metering=0 fullscreen=0 slmode=1 known=0x17f hud=449c36d0 back=2eb3aed0 real=47fe0cd0 interp=47fe1ed0 bridge-lock=1 arm=14565->14566 result=1 disable-interp=0(known=0) foreground=0 monitors=0000000003DB2751/0000000067FB33F1 cpu=2.814ms
01:18:05.973  qpc=4489815381843 [fg-transition] start=4489815380660 frame=0000000000003B36 idx=2/3 queue=000000002EB93CD0 reset=0 enable=1 recording=1 not-rendering=0 metering=0 fullscreen=0 slmode=1 known=0x17f hud=449c36d0 back=2eb3aed0 real=0 interp=47fe18d0 bridge-lock=1 arm=14566->14566 result=1 disable-interp=0(known=0) foreground=0 monitors=0000000003DB2751/0000000067FB33F1 cpu=0.118ms
01:18:05.973  qpc=4489815384028 [fg-transition] start=4489815383340 frame=0000000000003B36 idx=3/3 queue=000000002EB93CD0 reset=0 enable=1 recording=1 not-rendering=0 metering=0 fullscreen=0 slmode=1 known=0x17f hud=449c36d0 back=2eb3aed0 real=0 interp=47fe12d0 bridge-lock=1 arm=14566->14566 result=1 disable-interp=0(known=0) foreground=0 monitors=0000000003DB2751/0000000067FB33F1 cpu=0.069ms
01:18:05.978  qpc=4489815428710 [fg-transition] start=4489815384498 frame=0000000000003B37 idx=1/3 queue=000000002EB93CD0 reset=0 enable=1 recording=1 not-rendering=0 metering=0 fullscreen=0 slmode=1 known=0x17f hud=449c36d0 back=2eb3a8d0 real=47fe1ed0 interp=47fe0cd0 bridge-lock=1 arm=14566->14567 result=1 disable-interp=0(known=0) foreground=0 monitors=0000000003DB2751/0000000067FB33F1 cpu=4.421ms
01:18:06.003  qpc=4489815682217 [fg-transition] start=4489815681188 frame=0000000000003B37 idx=2/3 queue=000000002EB93CD0 reset=0 enable=1 recording=1 not-rendering=0 metering=0 fullscreen=0 slmode=1 known=0x17f hud=449c36d0 back=2eb3a8d0 real=0 interp=47fe12d0 bridge-lock=1 arm=14567->14567 result=1 disable-interp=0(known=0) foreground=0 monitors=0000000003DB2751/0000000067FB33F1 cpu=0.102ms
01:18:06.004  qpc=4489815684217 [fg-transition] start=4489815683554 frame=0000000000003B37 idx=3/3 queue=000000002EB93CD0 reset=0 enable=1 recording=1 not-rendering=0 metering=0 fullscreen=0 slmode=1 known=0x17f hud=449c36d0 back=2eb3a8d0 real=0 interp=47fe18d0 bridge-lock=1 arm=14567->14567 result=1 disable-interp=0(known=0) foreground=0 monitors=0000000003DB2751/0000000067FB33F1 cpu=0.066ms
01:18:06.019  qpc=4489815835109 [fg-transition] start=4489815817811 frame=0000000000003B38 idx=1/3 queue=000000002EB93CD0 reset=0 enable=1 recording=1 not-rendering=0 metering=0 fullscreen=0 slmode=1 known=0x17f hud=449c36d0 back=2eb396d0 real=47fe0cd0 interp=47fe1ed0 bridge-lock=1 arm=14567->14568 result=1 disable-interp=0(known=0) foreground=0 monitors=0000000003DB2751/0000000067FB33F1 cpu=1.730ms
01:18:06.264  qpc=4489818313173 [focus-fg] state: enabled=1 hooked=1 foreground=0 minimized=0 hwnd=000000000DC531F2 scope_calls=14574 original_false=8949 kept=8949 presents=15165 FG_evaluates=43717
01:18:15.210  [fg-relay] rate/15.0s p2 import_opt=1: presents=32.4/s present-gate[point=32.4 ready=0.0 fallback=0.0 inactive=0.0]/s noinfo=0.0/s stale=0.0/s unlearned=0.0/s attempts=32.4/s armed=32.4/s skipped=0.0/s busy=0.0/s arm-reject[state=0.0 request=0.0 refused=0.0 stopping=0.0 res=0.0 size=0.0]/s pool[cap=0.0 family=0.0 create=0.0 alloc=0.0]/s copy-drop[fence=0.0 reset=0.0 begin=0.0 end=0.0 submit=0.0]/s cf[seq=0.0/s idle=0.0/s nrfence=0.0/s] slotbusy=0.0/s copyfence-busy=0.0/s nr-gpuwait=32.2/s flips=0.0/s
01:18:15.211  [fg-relay] rate2: fginput eval=97.0/s index!=1=64.7/s eval-gate[off=0.0 fallback=0.0 notready=0.0 noinput=0.0 noqueue=0.0]/s relay eval=32.4/s consume=0.0/s inplace=32.4/s(ok 32.4/s) unarmed=0.0/s mismatch=0.0/s relbusy=0.0/s relok=32.4/s relfail=0.0/s release-stage[queue=0.0 pool=0.0 fence=0.0 reset=0.0 begin=0.0 end=0.0 submit=0.0]/s watchdog=0.0/s | worker plays=32.4/s ok=32.4/s fail=0.0/s nr_absent=0.0/s copyfail=0.0/s
01:18:15.211  [fg-relay] rate3: arm->arm avg=44.25ms max=1788.62ms n=14866 | arm->work avg=0.01ms max=0.92ms | arm->eval avg=0.00ms max=0.00ms | copywait avg=0.009ms max=0.248ms | copy-land<= avg=44.21ms max=1787.91ms | work avg=7.57ms max=231.62ms | totals armed=14867 unarmed=0 skipped=0 busy=0 mismatch=0 copies_failed=0 writes=14867 conflicts=0
01:18:15.211  [fg-relay] rate4: throttle depth=1 off=0 | sleep calls=32.4/s waits=32.2/s clear=0.1/s timeouts=0.0/s avg=20.29ms | present calls=32.4/s waits=0.0/s clear=0.0/s timeouts=0.0/s avg=0.00ms | max=106.69ms (process)
01:18:19.170  [bridge] 15000 frames delivered so far.
01:18:24.361  qpc=4489999282142 [focus-fg] state: enabled=1 hooked=1 foreground=0 minimized=0 hwnd=000000000DC531F2 scope_calls=15173 original_false=9548 kept=9548 presents=15764 FG_evaluates=45514
01:18:30.204  [fg-relay] rate/15.0s p2 import_opt=1: presents=33.2/s present-gate[point=33.2 ready=0.0 fallback=0.0 inactive=0.0]/s noinfo=0.0/s stale=0.0/s unlearned=0.0/s attempts=33.2/s armed=33.2/s skipped=0.0/s busy=0.0/s arm-reject[state=0.0 request=0.0 refused=0.0 stopping=0.0 res=0.0 size=0.0]/s pool[cap=0.0 family=0.0 create=0.0 alloc=0.0]/s copy-drop[fence=0.0 reset=0.0 begin=0.0 end=0.0 submit=0.0]/s cf[seq=0.0/s idle=0.0/s nrfence=0.0/s] slotbusy=0.0/s copyfence-busy=0.0/s nr-gpuwait=33.2/s flips=0.0/s
01:18:30.204  [fg-relay] rate2: fginput eval=99.6/s index!=1=66.4/s eval-gate[off=0.0 fallback=0.0 notready=0.0 noinput=0.0 noqueue=0.0]/s relay eval=33.2/s consume=0.0/s inplace=33.2/s(ok 33.2/s) unarmed=0.0/s mismatch=0.0/s relbusy=0.0/s relok=33.2/s relfail=0.0/s release-stage[queue=0.0 pool=0.0 fence=0.0 reset=0.0 begin=0.0 end=0.0 submit=0.0]/s watchdog=0.0/s | worker plays=33.2/s ok=33.2/s fail=0.0/s nr_absent=0.0/s copyfail=0.0/s
01:18:30.204  [fg-relay] rate3: arm->arm avg=43.80ms max=1788.62ms n=15364 | arm->work avg=0.01ms max=0.92ms | arm->eval avg=0.00ms max=0.00ms | copywait avg=0.009ms max=0.248ms | copy-land<= avg=43.75ms max=1787.91ms | work avg=7.47ms max=231.62ms | totals armed=15365 unarmed=0 skipped=0 busy=0 mismatch=0 copies_failed=0 writes=15365 conflicts=0
01:18:30.205  [fg-relay] rate4: throttle depth=1 off=0 | sleep calls=33.2/s waits=33.2/s clear=0.0/s timeouts=0.0/s avg=21.82ms | present calls=33.2/s waits=0.0/s clear=0.0/s timeouts=0.0/s avg=0.00ms | max=106.69ms (process)
01:18:37.233  [bridge] 15600 frames delivered so far.
01:18:42.481  qpc=4490180481746 [focus-fg] state: enabled=1 hooked=1 foreground=0 minimized=0 hwnd=000000000DC531F2 scope_calls=15773 original_false=10148 kept=10148 presents=16364 FG_evaluates=47314
01:18:45.218  [fg-relay] rate/15.0s p2 import_opt=1: presents=33.1/s present-gate[point=33.1 ready=0.0 fallback=0.0 inactive=0.0]/s noinfo=0.0/s stale=0.0/s unlearned=0.0/s attempts=33.1/s armed=33.1/s skipped=0.0/s busy=0.0/s arm-reject[state=0.0 request=0.0 refused=0.0 stopping=0.0 res=0.0 size=0.0]/s pool[cap=0.0 family=0.0 create=0.0 alloc=0.0]/s copy-drop[fence=0.0 reset=0.0 begin=0.0 end=0.0 submit=0.0]/s cf[seq=0.0/s idle=0.0/s nrfence=0.0/s] slotbusy=0.0/s copyfence-busy=0.0/s nr-gpuwait=33.1/s flips=0.0/s
01:18:45.218  [fg-relay] rate2: fginput eval=99.4/s index!=1=66.3/s eval-gate[off=0.0 fallback=0.0 notready=0.0 noinput=0.0 noqueue=0.0]/s relay eval=33.1/s consume=0.0/s inplace=33.1/s(ok 33.1/s) unarmed=0.0/s mismatch=0.0/s relbusy=0.0/s relok=33.1/s relfail=0.0/s release-stage[queue=0.0 pool=0.0 fence=0.0 reset=0.0 begin=0.0 end=0.0 submit=0.0]/s watchdog=0.0/s | worker plays=33.1/s ok=33.1/s fail=0.0/s nr_absent=0.0/s copyfail=0.0/s
01:18:45.218  [fg-relay] rate3: arm->arm avg=43.37ms max=1788.62ms n=15861 | arm->work avg=0.01ms max=2.59ms | arm->eval avg=0.00ms max=0.00ms | copywait avg=0.009ms max=0.248ms | copy-land<= avg=43.33ms max=1787.91ms | work avg=7.37ms max=231.62ms | totals armed=15862 unarmed=0 skipped=0 busy=0 mismatch=0 copies_failed=0 writes=15862 conflicts=0
01:18:45.218  [fg-relay] rate4: throttle depth=1 off=0 | sleep calls=33.1/s waits=33.1/s clear=0.0/s timeouts=0.0/s avg=22.04ms | present calls=33.1/s waits=0.0/s clear=0.0/s timeouts=0.0/s avg=0.00ms | max=106.69ms (process)
01:18:55.385  [bridge] 16200 frames delivered so far.
01:18:55.411  [fg-relay] armed by evaluate: hud=449c36d0 back=2eb396d0 depth=449c30d0 mv=449c2ad0 5120x2160 copy=16200 nr=16200 import=1 slot=0 arm=16200 gpu-wait-nr=16199 pending=1.
01:18:55.412  [fg-relay] evaluate: slot=0 nr=16200 import=1 stage=3.
01:18:55.415  [fg-relay] frame=16200 slot=0 nr=16200 ok=1 wrote=1 nr_entries=2 import=1 armed=16200 skipped=0 busy=0 mismatch=0 conflicts=0.
01:18:57.579  qpc=4490331469881 [focus-fg] state: enabled=1 hooked=1 foreground=0 minimized=0 hwnd=000000000DC531F2 scope_calls=16273 original_false=10648 kept=10648 presents=16864 FG_evaluates=48814
01:19:00.209  [fg-relay] rate/15.0s p2 import_opt=1: presents=33.1/s present-gate[point=33.1 ready=0.0 fallback=0.0 inactive=0.0]/s noinfo=0.0/s stale=0.0/s unlearned=0.0/s attempts=33.1/s armed=33.1/s skipped=0.0/s busy=0.0/s arm-reject[state=0.0 request=0.0 refused=0.0 stopping=0.0 res=0.0 size=0.0]/s pool[cap=0.0 family=0.0 create=0.0 alloc=0.0]/s copy-drop[fence=0.0 reset=0.0 begin=0.0 end=0.0 submit=0.0]/s cf[seq=0.0/s idle=0.0/s nrfence=0.0/s] slotbusy=0.0/s copyfence-busy=0.0/s nr-gpuwait=33.1/s flips=0.0/s
01:19:00.209  [fg-relay] rate2: fginput eval=99.2/s index!=1=66.1/s eval-gate[off=0.0 fallback=0.0 notready=0.0 noinput=0.0 noqueue=0.0]/s relay eval=33.1/s consume=0.0/s inplace=33.1/s(ok 33.1/s) unarmed=0.0/s mismatch=0.0/s relbusy=0.0/s relok=33.1/s relfail=0.0/s release-stage[queue=0.0 pool=0.0 fence=0.0 reset=0.0 begin=0.0 end=0.0 submit=0.0]/s watchdog=0.0/s | worker plays=33.1/s ok=33.1/s fail=0.0/s nr_absent=0.0/s copyfail=0.0/s
01:19:00.209  [fg-relay] rate3: arm->arm avg=42.97ms max=1788.62ms n=16357 | arm->work avg=0.01ms max=2.59ms | arm->eval avg=0.00ms max=0.00ms | copywait avg=0.009ms max=0.248ms | copy-land<= avg=42.93ms max=1787.91ms | work avg=7.28ms max=231.62ms | totals armed=16358 unarmed=0 skipped=0 busy=0 mismatch=0 copies_failed=0 writes=16358 conflicts=0
01:19:00.209  [fg-relay] rate4: throttle depth=1 off=0 | sleep calls=33.1/s waits=33.1/s clear=0.0/s timeouts=0.0/s avg=22.11ms | present calls=33.1/s waits=0.0/s clear=0.0/s timeouts=0.0/s avg=0.00ms | max=106.69ms (process)
01:19:13.632  [bridge] 16800 frames delivered so far.
01:19:13.648  qpc=4490492159573 [focus-fg] state: enabled=1 hooked=1 foreground=0 minimized=0 hwnd=000000000DC531F2 scope_calls=16801 original_false=11176 kept=11176 presents=17392 FG_evaluates=50398
01:19:15.231  [fg-relay] rate/15.0s p2 import_opt=1: presents=32.8/s present-gate[point=32.8 ready=0.0 fallback=0.0 inactive=0.0]/s noinfo=0.0/s stale=0.0/s unlearned=0.0/s attempts=32.8/s armed=32.8/s skipped=0.0/s busy=0.0/s arm-reject[state=0.0 request=0.0 refused=0.0 stopping=0.0 res=0.0 size=0.0]/s pool[cap=0.0 family=0.0 create=0.0 alloc=0.0]/s copy-drop[fence=0.0 reset=0.0 begin=0.0 end=0.0 submit=0.0]/s cf[seq=0.0/s idle=0.0/s nrfence=0.0/s] slotbusy=0.0/s copyfence-busy=0.0/s nr-gpuwait=32.8/s flips=0.0/s
01:19:15.231  [fg-relay] rate2: fginput eval=98.5/s index!=1=65.7/s eval-gate[off=0.0 fallback=0.0 notready=0.0 noinput=0.0 noqueue=0.0]/s relay eval=32.8/s consume=0.0/s inplace=32.8/s(ok 32.8/s) unarmed=0.0/s mismatch=0.0/s relbusy=0.0/s relok=32.8/s relfail=0.0/s release-stage[queue=0.0 pool=0.0 fence=0.0 reset=0.0 begin=0.0 end=0.0 submit=0.0]/s watchdog=0.0/s | worker plays=32.8/s ok=32.8/s fail=0.0/s nr_absent=0.0/s copyfail=0.0/s
01:19:15.231  [fg-relay] rate3: arm->arm avg=42.60ms max=1788.62ms n=16850 | arm->work avg=0.01ms max=2.59ms | arm->eval avg=0.00ms max=0.00ms | copywait avg=0.009ms max=0.248ms | copy-land<= avg=42.56ms max=1787.91ms | work avg=7.20ms max=231.62ms | totals armed=16851 unarmed=0 skipped=0 busy=0 mismatch=0 copies_failed=0 writes=16851 conflicts=0
01:19:15.232  [fg-relay] rate4: throttle depth=1 off=0 | sleep calls=32.8/s waits=32.8/s clear=0.0/s timeouts=0.0/s avg=22.43ms | present calls=32.8/s waits=0.0/s clear=0.0/s timeouts=0.0/s avg=0.00ms | max=106.69ms (process)
01:19:28.724  qpc=4490642911666 [focus-fg] state: enabled=1 hooked=1 foreground=0 minimized=0 hwnd=000000000DC531F2 scope_calls=17296 original_false=11671 kept=11671 presents=17887 FG_evaluates=51883
01:19:30.224  [fg-relay] rate/15.0s p2 import_opt=1: presents=32.8/s present-gate[point=32.8 ready=0.0 fallback=0.0 inactive=0.0]/s noinfo=0.0/s stale=0.0/s unlearned=0.0/s attempts=32.8/s armed=32.8/s skipped=0.0/s busy=0.0/s arm-reject[state=0.0 request=0.0 refused=0.0 stopping=0.0 res=0.0 size=0.0]/s pool[cap=0.0 family=0.0 create=0.0 alloc=0.0]/s copy-drop[fence=0.0 reset=0.0 begin=0.0 end=0.0 submit=0.0]/s cf[seq=0.0/s idle=0.0/s nrfence=0.0/s] slotbusy=0.0/s copyfence-busy=0.0/s nr-gpuwait=32.8/s flips=0.0/s
01:19:30.225  [fg-relay] rate2: fginput eval=98.4/s index!=1=65.6/s eval-gate[off=0.0 fallback=0.0 notready=0.0 noinput=0.0 noqueue=0.0]/s relay eval=32.8/s consume=0.0/s inplace=32.8/s(ok 32.8/s) unarmed=0.0/s mismatch=0.0/s relbusy=0.0/s relok=32.8/s relfail=0.0/s release-stage[queue=0.0 pool=0.0 fence=0.0 reset=0.0 begin=0.0 end=0.0 submit=0.0]/s watchdog=0.0/s | worker plays=32.8/s ok=32.8/s fail=0.0/s nr_absent=0.0/s copyfail=0.0/s
01:19:30.225  [fg-relay] rate3: arm->arm avg=42.26ms max=1788.62ms n=17342 | arm->work avg=0.01ms max=2.59ms | arm->eval avg=0.00ms max=0.00ms | copywait avg=0.009ms max=0.248ms | copy-land<= avg=42.22ms max=1787.91ms | work avg=7.12ms max=231.62ms | totals armed=17343 unarmed=0 skipped=0 busy=0 mismatch=0 copies_failed=0 writes=17343 conflicts=0
01:19:30.225  [fg-relay] rate4: throttle depth=1 off=0 | sleep calls=32.8/s waits=32.8/s clear=0.0/s timeouts=0.0/s avg=22.49ms | present calls=32.8/s waits=0.0/s clear=0.0/s timeouts=0.0/s avg=0.00ms | max=106.69ms (process)
01:19:31.944  [bridge] 17400 frames delivered so far.
01:19:43.818  qpc=4490793855795 [focus-fg] state: enabled=1 hooked=1 foreground=0 minimized=0 hwnd=000000000DC531F2 scope_calls=17790 original_false=12165 kept=12165 presents=18381 FG_evaluates=53365
01:19:45.223  [fg-relay] rate/15.0s p2 import_opt=1: presents=32.7/s present-gate[point=32.7 ready=0.0 fallback=0.0 inactive=0.0]/s noinfo=0.0/s stale=0.0/s unlearned=0.0/s attempts=32.7/s armed=32.7/s skipped=0.0/s busy=0.0/s arm-reject[state=0.0 request=0.0 refused=0.0 stopping=0.0 res=0.0 size=0.0]/s pool[cap=0.0 family=0.0 create=0.0 alloc=0.0]/s copy-drop[fence=0.0 reset=0.0 begin=0.0 end=0.0 submit=0.0]/s cf[seq=0.0/s idle=0.0/s nrfence=0.0/s] slotbusy=0.0/s copyfence-busy=0.0/s nr-gpuwait=32.7/s flips=0.0/s
01:19:45.224  [fg-relay] rate2: fginput eval=98.2/s index!=1=65.5/s eval-gate[off=0.0 fallback=0.0 notready=0.0 noinput=0.0 noqueue=0.0]/s relay eval=32.7/s consume=0.0/s inplace=32.7/s(ok 32.7/s) unarmed=0.0/s mismatch=0.0/s relbusy=0.0/s relok=32.7/s relfail=0.0/s release-stage[queue=0.0 pool=0.0 fence=0.0 reset=0.0 begin=0.0 end=0.0 submit=0.0]/s watchdog=0.0/s | worker plays=32.7/s ok=32.7/s fail=0.0/s nr_absent=0.0/s copyfail=0.0/s
01:19:45.224  [fg-relay] rate3: arm->arm avg=41.94ms max=1788.62ms n=17833 | arm->work avg=0.01ms max=2.59ms | arm->eval avg=0.00ms max=0.00ms | copywait avg=0.009ms max=0.248ms | copy-land<= avg=41.89ms max=1787.91ms | work avg=7.04ms max=231.62ms | totals armed=17834 unarmed=0 skipped=0 busy=0 mismatch=0 copies_failed=0 writes=17834 conflicts=0
01:19:45.224  [fg-relay] rate4: throttle depth=1 off=0 | sleep calls=32.7/s waits=32.7/s clear=0.0/s timeouts=0.0/s avg=22.47ms | present calls=32.7/s waits=0.0/s clear=0.0/s timeouts=0.0/s avg=0.00ms | max=106.69ms (process)
01:19:50.232  [bridge] 18000 frames delivered so far.
01:19:50.258  [fg-relay] armed by evaluate: hud=449c36d0 back=2eb396d0 depth=449c30d0 mv=449c2ad0 5120x2160 copy=18000 nr=18000 import=1 slot=0 arm=18000 gpu-wait-nr=17999 pending=1.
01:19:50.258  [fg-relay] evaluate: slot=0 nr=18000 import=1 stage=3.
01:19:50.263  [fg-relay] frame=18000 slot=0 nr=18000 ok=1 wrote=1 nr_entries=2 import=1 armed=18000 skipped=0 busy=0 mismatch=0 conflicts=0.
01:19:58.863  qpc=4490944304595 [focus-fg] state: enabled=1 hooked=1 foreground=0 minimized=0 hwnd=000000000DC531F2 scope_calls=18285 original_false=12660 kept=12660 presents=18876 FG_evaluates=54850
01:20:00.222  [fg-relay] rate/15.0s p2 import_opt=1: presents=32.9/s present-gate[point=32.9 ready=0.0 fallback=0.0 inactive=0.0]/s noinfo=0.0/s stale=0.0/s unlearned=0.0/s attempts=32.9/s armed=32.9/s skipped=0.0/s busy=0.0/s arm-reject[state=0.0 request=0.0 refused=0.0 stopping=0.0 res=0.0 size=0.0]/s pool[cap=0.0 family=0.0 create=0.0 alloc=0.0]/s copy-drop[fence=0.0 reset=0.0 begin=0.0 end=0.0 submit=0.0]/s cf[seq=0.0/s idle=0.0/s nrfence=0.0/s] slotbusy=0.0/s copyfence-busy=0.0/s nr-gpuwait=32.9/s flips=0.0/s
01:20:00.222  [fg-relay] rate2: fginput eval=98.8/s index!=1=65.9/s eval-gate[off=0.0 fallback=0.0 notready=0.0 noinput=0.0 noqueue=0.0]/s relay eval=32.9/s consume=0.0/s inplace=32.9/s(ok 32.9/s) unarmed=0.0/s mismatch=0.0/s relbusy=0.0/s relok=32.9/s relfail=0.0/s release-stage[queue=0.0 pool=0.0 fence=0.0 reset=0.0 begin=0.0 end=0.0 submit=0.0]/s watchdog=0.0/s | worker plays=32.9/s ok=32.9/s fail=0.0/s nr_absent=0.0/s copyfail=0.0/s
01:20:00.222  [fg-relay] rate3: arm->arm avg=41.63ms max=1788.62ms n=18327 | arm->work avg=0.01ms max=2.59ms | arm->eval avg=0.00ms max=0.00ms | copywait avg=0.009ms max=0.248ms | copy-land<= avg=41.58ms max=1787.91ms | work avg=6.97ms max=231.62ms | totals armed=18328 unarmed=0 skipped=0 busy=0 mismatch=0 copies_failed=0 writes=18328 conflicts=0
01:20:00.222  [fg-relay] rate4: throttle depth=1 off=0 | sleep calls=32.9/s waits=32.9/s clear=0.0/s timeouts=0.0/s avg=22.47ms | present calls=32.9/s waits=0.0/s clear=0.0/s timeouts=0.0/s avg=0.00ms | max=106.69ms (process)
01:20:06.458  qpc=4491020213537 [fg-transition] start=4491020212028 frame=0000000000004AB5 idx=2/3 queue=000000002EB93CD0 reset=0 enable=1 recording=1 not-rendering=0 metering=0 fullscreen=0 slmode=1 known=0x17f hud=449c36d0 back=2eb3a8d0 real=0 interp=47fe12d0 bridge-lock=1 arm=18533->18533 result=1 disable-interp=0(known=0) foreground=1 monitors=0000000003DB2751/0000000003DB2751 cpu=0.151ms
01:20:06.458  qpc=4491020216045 [fg-transition] start=4491020215256 frame=0000000000004AB5 idx=3/3 queue=000000002EB93CD0 reset=0 enable=1 recording=1 not-rendering=0 metering=0 fullscreen=0 slmode=1 known=0x17f hud=449c36d0 back=2eb3a8d0 real=0 interp=47fe18d0 bridge-lock=1 arm=18533->18533 result=1 disable-interp=0(known=0) foreground=1 monitors=0000000003DB2751/0000000003DB2751 cpu=0.079ms
01:20:06.467  qpc=4491020314871 [fg-transition] start=4491020298077 frame=0000000000004AB6 idx=1/3 queue=000000002EB93CD0 reset=0 enable=1 recording=1 not-rendering=0 metering=0 fullscreen=0 slmode=1 known=0x17f hud=449c36d0 back=2eb396d0 real=47fe0cd0 interp=47fe1ed0 bridge-lock=1 arm=18533->18534 result=1 disable-interp=0(known=0) foreground=1 monitors=0000000003DB2751/0000000003DB2751 cpu=1.679ms
01:20:06.490  qpc=4491020546715 [fg-transition] start=4491020545625 frame=0000000000004AB6 idx=2/3 queue=000000002EB93CD0 reset=0 enable=1 recording=1 not-rendering=0 metering=0 fullscreen=0 slmode=1 known=0x17f hud=449c36d0 back=2eb396d0 real=0 interp=47fe18d0 bridge-lock=1 arm=18534->18534 result=1 disable-interp=0(known=0) foreground=1 monitors=0000000003DB2751/0000000003DB2751 cpu=0.109ms
01:20:06.490  qpc=4491020548816 [fg-transition] start=4491020548133 frame=0000000000004AB6 idx=3/3 queue=000000002EB93CD0 reset=0 enable=1 recording=1 not-rendering=0 metering=0 fullscreen=0 slmode=1 known=0x17f hud=449c36d0 back=2eb396d0 real=0 interp=47fe12d0 bridge-lock=1 arm=18534->18534 result=1 disable-interp=0(known=0) foreground=1 monitors=0000000003DB2751/0000000003DB2751 cpu=0.068ms
01:20:06.497  qpc=4491020617645 [fg-transition] start=4491020549281 frame=0000000000004AB7 idx=1/3 queue=000000002EB93CD0 reset=0 enable=1 recording=1 not-rendering=0 metering=0 fullscreen=0 slmode=1 known=0x17f hud=449c36d0 back=2eb3aed0 real=47fe1ed0 interp=47fe0cd0 bridge-lock=1 arm=18534->18535 result=1 disable-interp=0(known=0) foreground=1 monitors=0000000003DB2751/0000000003DB2751 cpu=6.836ms
01:20:06.522  qpc=4491020869577 [fg-transition] start=4491020868457 frame=0000000000004AB7 idx=2/3 queue=000000002EB93CD0 reset=0 enable=1 recording=1 not-rendering=0 metering=0 fullscreen=0 slmode=1 known=0x17f hud=449c36d0 back=2eb3aed0 real=0 interp=47fe12d0 bridge-lock=1 arm=18535->18535 result=1 disable-interp=0(known=0) foreground=1 monitors=0000000003DB2751/0000000003DB2751 cpu=0.112ms
01:20:06.522  qpc=4491020871598 [fg-transition] start=4491020870949 frame=0000000000004AB7 idx=3/3 queue=000000002EB93CD0 reset=0 enable=1 recording=1 not-rendering=0 metering=0 fullscreen=0 slmode=1 known=0x17f hud=449c36d0 back=2eb3aed0 real=0 interp=47fe18d0 bridge-lock=1 arm=18535->18535 result=1 disable-interp=0(known=0) foreground=1 monitors=0000000003DB2751/0000000003DB2751 cpu=0.065ms
01:20:06.529  qpc=4491020934021 [fg-transition] start=4491020872045 frame=0000000000004AB8 idx=1/3 queue=000000002EB93CD0 reset=0 enable=1 recording=1 not-rendering=0 metering=0 fullscreen=0 slmode=1 known=0x17f hud=449c36d0 back=2eb3a8d0 real=47fe0cd0 interp=47fe1ed0 bridge-lock=1 arm=18535->18536 result=1 disable-interp=0(known=0) foreground=1 monitors=0000000003DB2751/0000000003DB2751 cpu=6.197ms
01:20:06.555  qpc=4491021198298 [fg-transition] start=4491021195428 frame=0000000000004AB8 idx=2/3 queue=000000002EB93CD0 reset=0 enable=1 recording=1 not-rendering=0 metering=0 fullscreen=0 slmode=1 known=0x17f hud=449c36d0 back=2eb3a8d0 real=0 interp=47fe18d0 bridge-lock=1 arm=18536->18536 result=1 disable-interp=0(known=0) foreground=1 monitors=0000000003DB2751/0000000003DB2751 cpu=0.287ms
01:20:06.555  qpc=4491021200589 [fg-transition] start=4491021199872 frame=0000000000004AB8 idx=3/3 queue=000000002EB93CD0 reset=0 enable=1 recording=1 not-rendering=0 metering=0 fullscreen=0 slmode=1 known=0x17f hud=449c36d0 back=2eb3a8d0 real=0 interp=47fe12d0 bridge-lock=1 arm=18536->18536 result=1 disable-interp=0(known=0) foreground=1 monitors=0000000003DB2751/0000000003DB2751 cpu=0.072ms
01:20:06.561  qpc=4491021260533 [fg-transition] start=4491021201098 frame=0000000000004AB9 idx=1/3 queue=000000002EB93CD0 reset=0 enable=1 recording=1 not-rendering=0 metering=0 fullscreen=0 slmode=1 known=0x17f hud=449c36d0 back=2eb396d0 real=47fe1ed0 interp=47fe0cd0 bridge-lock=1 arm=18536->18537 result=1 disable-interp=0(known=0) foreground=1 monitors=0000000003DB2751/0000000003DB2751 cpu=5.943ms
01:20:06.924  qpc=4491024912984 [focus-fg] state: enabled=1 hooked=1 foreground=1 minimized=0 hwnd=000000000DC531F2 scope_calls=18550 original_false=12909 kept=12909 presents=19141 FG_evaluates=55645
01:20:09.773  [composition-guard] hidden: config=1 nr_at_fg=1 fg_running=0 window_shown=1
01:20:10.212  [feature-lifecycle] Vulkan release handle=000000280A4981D0 feature=11 generation=3 result=1 removed=1
01:20:10.289  [feature-lifecycle] Vulkan release handle=000000280A153DB0 feature=1 generation=2 result=1 removed=1
